# File produced by Open Asset Import Library (http://www.assimp.sf.net)
# (assimp v5.3.0)

mtllib index2.mtl

# 3718 vertex positions
v -0.00942395814 0.0464473292 -0.0137290768
v -0.00948503055 0.0464192443 -0.0137201799
v -0.0095832767 0.046807576 -0.0136783728
v -0.00619542226 0.0485046618 -0.0138239646
v -0.00601862604 0.0479977652 -0.0139200874
v -0.00772601832 0.0472240597 -0.0138982488
v -0.00798692275 0.0477752686 -0.0138005195
v -0.00811639708 0.0484075695 -0.0136872847
v -0.00626777625 0.0489327461 -0.0137349796
v -0.00812358223 0.0489647053 -0.0135605503
v -0.00629602605 0.0492753051 -0.0136549706
v -0.00630239723 0.0498549007 -0.0134935267
v -0.00801452529 0.0494676605 -0.0134182125
v -0.0062882374 0.0501834862 -0.0133815017
v -0.00771158142 0.0504279286 -0.0130399019
v -0.00622545136 0.05098591 -0.0130216377
v -0.00751551567 0.0509236977 -0.0127670113
v -0.00618500588 0.0515877083 -0.0126185352
v -0.00730184 0.0514244102 -0.0124078039
v -0.00708809029 0.0519154891 -0.0119383717
v -0.0061681238 0.0521449111 -0.0120714623
v -0.00690463558 0.0523718856 -0.0113395685
v -0.00617116829 0.052573327 -0.011455074
v -0.0067781196 0.0527629666 -0.0106106224
v -0.00618337467 0.0529393367 -0.0106769577
v -0.00670124218 0.053057611 -0.00981335714
v -0.00619512657 0.0532289632 -0.00971805211
v -0.00620244071 0.0535496175 -0.00690602418
v -0.00620211428 0.0534801893 -0.00809819717
v -0.0066282847 0.0534079857 -0.00805657636
v -0.00620146561 0.0534378104 -0.0085036587
v -0.00654834369 0.0535165854 -0.00613396801
v -0.00620216131 0.0535599887 -0.00613403553
v -0.00685293786 0.0534183271 -0.00743257487
v -0.00689934334 0.0534572974 -0.00613387441
v -0.00662793545 0.0532294177 -0.00920040905
v -0.00666668871 0.0532619543 -0.00898009446
v -0.00665523577 0.0532675125 -0.00896758586
v -0.00683047902 0.0533994734 -0.00770565588
v -0.0071820328 0.0528988652 -0.00970724504
v -0.00712379068 0.0530594885 -0.00920041092
v -0.00668562436 0.0532123335 -0.00920040812
v -0.00732152816 0.0525988527 -0.0104195699
v -0.00801701657 0.0515440181 -0.0118851354
v -0.00784077402 0.0517853647 -0.0116334828
v -0.00754114892 0.0522218868 -0.0110726617
v -0.00960407127 0.0490954034 -0.0132683013
v -0.00925800577 0.0497306809 -0.0130473245
v -0.00871433411 0.0505782254 -0.0126264552
v -0.00858073495 0.0507706665 -0.0125057288
v -0.0082114432 0.051281672 -0.0121236322
v -0.00976629928 0.0474822894 -0.0136004593
v -0.0098511437 0.0478962474 -0.0135408267
v -0.00987114385 0.0480873138 -0.0135085862
v -0.00983272213 0.0485314578 -0.0134188021
v -0.0105026579 0.0511837862 -0.00544495508
v -0.010507267 0.051187668 -0.00548499683
v -0.0105365124 0.0511419848 -0.00547844917
v -0.0104680648 0.0510376506 -0.00525721209
v -0.0103465505 0.0509615727 -0.00521304412
v -0.0103276661 0.0509913638 -0.00521338778
v -0.0105654541 0.0510954894 -0.00547308847
v -0.0105239078 0.0510717891 -0.00532473437
v -0.0105050746 0.0511355996 -0.0053611258
v -0.0104989763 0.0510566719 -0.00528747961
v -0.010461336 0.0511158817 -0.00528971199
v -0.0104034003 0.0510841422 -0.00524289347
v -0.0103087341 0.0510209687 -0.00521518989
v -0.010475561 0.0511610359 -0.00534247607
v -0.0103886276 0.0510880463 -0.00523921195
v -0.0104388632 0.051130224 -0.00528107118
v -0.0105658891 0.0510956869 -0.00547714392
v -0.0105370134 0.051143501 -0.00678143837
v -0.0105081955 0.0511884317 -0.00677514076
v -0.0105034513 0.0511844531 -0.00681660604
v -0.0105055049 0.0511373095 -0.00689906999
v -0.0105659245 0.051097855 -0.00678257458
v -0.0105655566 0.0510976985 -0.00678600557
v -0.0105242673 0.0510746501 -0.00693430239
v -0.0104619255 0.0511178151 -0.00697014993
v -0.0104990145 0.0510594696 -0.00697210338
v -0.0104038641 0.0510860905 -0.00701693818
v -0.0104679465 0.051040452 -0.00700242026
v -0.0103283403 0.0509934239 -0.00704598567
v -0.0103465924 0.0509646237 -0.00704619428
v -0.010476483 0.051161807 -0.00691817747
v -0.0104399435 0.0511311293 -0.00697913487
v -0.0103899641 0.0510891676 -0.00702062389
v -0.0103100333 0.0510220639 -0.0070444108
v -0.0106960023 0.0508853868 -0.00673682056
v -0.0108126346 0.0506833158 -0.0065895929
v -0.0107194912 0.0508546531 -0.00612943945
v -0.0108857723 0.0505498573 -0.00636842893
v -0.0109088887 0.0505062118 -0.00612883875
v -0.0105115194 0.0511912294 -0.00649838289
v -0.0105129322 0.0511924103 -0.00613002293
v -0.0108924443 0.050536681 -0.00592666306
v -0.0108189397 0.0506704859 -0.00568117388
v -0.0106937792 0.0508870631 -0.00552034704
v -0.0105109978 0.0511907972 -0.00576174865
v -0.0103043588 0.0509348363 -0.00521466648
v -0.0102701318 0.050988555 -0.00521634007
v -0.0102713406 0.050989572 -0.00704309391
v -0.0103044081 0.0509378687 -0.00704447599
v -0.0112017952 0.048238121 -0.0119204642
v -0.0112716602 0.0481984764 -0.0110851806
v -0.0110252881 0.0489160866 -0.0110869091
v -0.00972288288 0.0514655076 -0.00920040812
v -0.00969860516 0.0514954254 -0.00920040999
v -0.010139104 0.05083666 -0.00954162423
v -0.0106417518 0.0502752215 -0.00791744515
v -0.0106337853 0.0503741391 -0.00677412888
v -0.0104876067 0.0506364405 -0.00697309757
v -0.010250329 0.0509482734 -0.00792324543
v -0.0109624593 0.0496330187 -0.00612732861
v -0.0107593816 0.0501264855 -0.00612817332
v -0.0109490221 0.0495868362 -0.00789262913
v -0.0107269222 0.0501931943 -0.00647735223
v -0.011055897 0.0492989831 -0.00768267689
v -0.0110572074 0.0492951944 -0.00767871318
v -0.0111276172 0.0490705371 -0.00751551101
v -0.011139987 0.0490263589 -0.0074963849
v -0.011127647 0.0491106436 -0.006126408
v -0.0112079065 0.0487482212 -0.0074506891
v -0.0113153094 0.0480307713 -0.00612453418
v -0.0113221901 0.0480001234 -0.00793053024
v -0.0113219535 0.0471453406 -0.00701605203
v -0.0113347797 0.0474746227 -0.00694420421
v -0.0112672728 0.048433356 -0.00750114769
v -0.0113035664 0.0481748842 -0.0076743057
v -0.0113203488 0.0479674041 -0.00645584427
v -0.0113254301 0.0478876978 -0.00660671806
v -0.0113301612 0.0477813296 -0.00673862267
v -0.0113285286 0.0479363948 -0.00823015161
v -0.0113252252 0.0480030403 -0.00853257906
v -0.0113442875 0.047351677 -0.00946431793
v -0.011307423 0.0481548943 -0.00947838277
v -0.0113191251 0.0471059456 -0.00701644178
v -0.0112370718 0.0464952588 -0.00946181174
v -0.0112819728 0.0467529595 -0.00694828294
v -0.01107122 0.0457755513 -0.00761540327
v -0.0110702384 0.0457646288 -0.00612055976
v -0.0111293225 0.0459769219 -0.00612088619
v -0.0110441167 0.0457045659 -0.00894932542
v -0.0112346169 0.0464545637 -0.00675312569
v -0.0111958198 0.0462581441 -0.00646338332
v -0.011180805 0.0461886376 -0.00612130342
v -0.0112457098 0.0465584546 -0.00981479045
v -0.0112102041 0.0463992171 -0.0100571234
v -0.0110451179 0.0457746945 -0.0103234202
v -0.0111914789 0.0463403203 -0.0103390776
v -0.0109933438 0.0457041971 -0.0112000415
v -0.0111968722 0.0463954806 -0.0106228553
v -0.011203832 0.0465174392 -0.0111469626
v -0.0111330571 0.0465542823 -0.0120495828
v -0.0109665934 0.0457580984 -0.0117789768
v -0.0110430857 0.0465974547 -0.0125481244
v -0.0108917626 0.0458468162 -0.0124294236
v -0.0109709771 0.0470767431 -0.0129988454
v -0.0107067535 0.0459728613 -0.0130903265
v -0.00940129813 0.0510835722 -0.0116944844
v -0.00972219743 0.0506212413 -0.0119746793
v -0.00981163513 0.0506459214 -0.011636409
v -0.0102378549 0.0498447977 -0.0123362606
v -0.0102494424 0.0500450619 -0.0117644854
v -0.010794634 0.04888165 -0.0126307067
v -0.00972011779 0.0509268679 -0.0111464262
v -0.00982890185 0.0507887043 -0.0111681931
v -0.0100078322 0.0505803674 -0.0111193871
v -0.0101985503 0.0503812358 -0.0109287882
v -0.0105479024 0.0501833484 -0.00956417806
v -0.0102390712 0.0506472923 -0.00972234178
v -0.0102773476 0.0505808666 -0.00975986943
v -0.0103495875 0.0504398011 -0.00988519657
v -0.0103822406 0.0503629595 -0.00999081694
v -0.0104040597 0.0502944142 -0.0101286788
v -0.0104070893 0.0502467975 -0.0102968412
v -0.0103955995 0.050234396 -0.0104138497
v -0.0103757596 0.050087776 -0.0110546947
v -0.0103505952 0.0502507128 -0.0106101548
v -0.00982899498 0.0511945114 -0.00979802012
v -0.00988451485 0.0511341058 -0.00975331105
v -0.0100863623 0.0508799478 -0.00967757404
v -0.0101422444 0.0508000106 -0.00967840757
v -0.0101834778 0.0509158075 -0.00883462187
v -0.0101530869 0.0508902855 -0.00920040812
v -0.0113459211 0.0473642014 -0.00963782333
v -0.0113282623 0.0471184738 -0.00959790684
v -0.0113258054 0.0470956191 -0.00959890056
v -0.011287678 0.0467974432 -0.00964955892
v -0.0113292057 0.0473894775 -0.0110426825
v -0.0113369916 0.0476466976 -0.0108759059
v -0.0113347312 0.0478228964 -0.0106316097
v -0.0113332169 0.0478729643 -0.0104856668
v -0.0113333808 0.0478886291 -0.0103482427
v -0.0113403155 0.0478244536 -0.0100643393
v -0.0113484645 0.0476507135 -0.00981881563
v -0.0113473004 0.0474011265 -0.00965210423
v -0.0112218261 0.0465509668 -0.0108694229
v -0.0112588452 0.046786204 -0.0110394191
v -0.0112814121 0.0469406173 -0.0110857738
v -0.0108743003 0.0495391339 -0.00954935048
v -0.0110274758 0.04926024 -0.00887865294
v -0.0109725054 0.0494402386 -0.00864940695
v -0.0109542971 0.0495104194 -0.00847109035
v -0.010951085 0.0495343059 -0.00833855476
v -0.0109817209 0.0494893342 -0.00799294375
v -0.0110534625 0.049306009 -0.00769015215
v -0.0113038691 0.0481875911 -0.0087935729
v -0.0112595055 0.0484414622 -0.00896255951
v -0.0111274971 0.0488872826 -0.00951594207
v -0.0111767473 0.0487742424 -0.00904149655
v -0.0111112315 0.0489928015 -0.00902390014
v -0.0113004064 0.0470805876 -0.0110934898
v -0.0113253109 0.0473766923 -0.0111108059
v -0.011262523 0.0474102348 -0.0119860144
v -0.0111790653 0.0474475287 -0.0124679497
v -0.0110566178 0.047784254 -0.0128753968
v -0.0109228035 0.0489434786 -0.0118769892
v -0.0109982099 0.0483480319 -0.0127545455
v -0.00965215266 0.0513532124 -0.0100168725
v -0.00951971672 0.0514167957 -0.0103297392
v -0.00920742285 0.0518145747 -0.0100984732
v -0.00947564282 0.0513722673 -0.0106366975
v -0.00944504887 0.0513940342 -0.0106732361
v -0.00951476209 0.0512460135 -0.0108949961
v -0.00964386109 0.0510310791 -0.0111009227
v -0.00896013342 0.0516919866 -0.0112218633
v -0.00828058086 0.0527912788 -0.00946058426
v -0.00842711888 0.052489467 -0.010166443
v -0.00904355012 0.0521461628 -0.00943530258
v -0.00865923334 0.0521137677 -0.0107621327
v -0.00870382041 0.0520486683 -0.010844199
v -0.00824714079 0.0528761223 -0.00920040999
v -0.00903669931 0.0522048958 -0.00920040719
v -0.0084232334 0.0516601838 -0.0117058419
v -0.00868811738 0.051492352 -0.0118207373
v -0.00811704155 0.0520924404 -0.0112312725
v -0.00885538664 0.0510498025 -0.0122111244
v -0.00894138496 0.051434651 -0.0117444489
v -0.00916955806 0.051116012 -0.0119852712
v -0.0084315557 0.0521214195 -0.0110686813
v -0.00785733946 0.052499868 -0.0106262788
v -0.00809851941 0.0526546873 -0.0102190189
v -0.00776716648 0.0526627265 -0.0103170732
v -0.007744567 0.0530821569 -0.00920040905
v -0.00757282414 0.0530877262 -0.00920040999
v -0.00767324492 0.052849941 -0.00989456661
v -0.00806067046 0.0529905967 -0.00920040999
v -0.0043901396 0.0307344422 -0.0137041062
v -0.00333948899 0.0302140191 -0.0138934776
v -0.00318901148 0.0297430307 -0.0138546228
v -0.00901633594 0.0508050695 -0.0123802181
v -0.00938772038 0.0501977578 -0.0127391368
v -0.00979493558 0.0493826643 -0.0131155038
v -0.0099500427 0.0490049049 -0.013250431
v -0.0100986138 0.0486063436 -0.0133660529
v -0.0101514226 0.0484304391 -0.0134087084
v -0.0101968469 0.0481482521 -0.0134679899
v -0.0102010043 0.0479645245 -0.0135018053
v -0.0101927118 0.0477896854 -0.0135310255
v -0.0101616569 0.0474915653 -0.0135739548
v -0.0100672534 0.0468903556 -0.0136358375
v -0.0099576069 0.046299465 -0.0136762606
v -0.00994131528 0.0462127216 -0.0136793768
v -0.00993272662 0.0461710356 -0.0136770513
v -0.00903601386 0.0449151658 -0.013775479
v -0.00961578544 0.0449393503 -0.0136900637
v -0.00894967932 0.0446481258 -0.0137775009
v -0.00873797387 0.0440004356 -0.0137793496
v -0.00858212821 0.0416086726 -0.0136933289
v -0.00839835498 0.0429366045 -0.0137869725
v -0.00764548779 0.0407025889 -0.0138072865
v -0.00743235974 0.0383120589 -0.0136955772
v -0.00674023153 0.038254641 -0.0138265081
v -0.00644140923 0.0374890603 -0.0138337528
v -0.00595171005 0.034508884 -0.013697058
v -0.00503584696 0.0340443775 -0.0138625577
v -0.00563020539 0.0337092355 -0.0136975646
v -0.00480880635 0.0316690132 -0.0137019129
v -0.00462200819 0.0312374998 -0.013703716
v -0.00399105111 0.0315268189 -0.0138834305
v -0.00398790743 0.0297655575 -0.0136653567
v -0.0041273227 0.0301515963 -0.0136959786
v -0.00415990828 0.0302312206 -0.013698319
v -0.00317639788 0.0288735293 -0.0136115691
v -0.00392148644 0.0293628983 -0.0135644069
v -0.00315618608 0.0291711818 -0.0137219941
v -0.00315504172 0.0293988027 -0.0137860971
v -0.00317742559 0.0288624503 -0.0136067951
v -0.00321366917 0.0285424516 -0.0134441173
v -0.00390877854 0.0288494192 -0.0133119924
v -0.00323655596 0.0283663217 -0.0133321732
v -0.00392297702 0.0285181608 -0.0130575057
v -0.00393592427 0.0283793621 -0.0129211619
v -0.00328490231 0.0280602314 -0.0130880298
v -0.00338315614 0.0277074538 -0.0126705747
v -0.003988232 0.0280086379 -0.0124364011
v -0.00343219237 0.0276124682 -0.0125006149
v -0.0035784198 0.0274415556 -0.0119999899
v -0.00410233531 0.0276172105 -0.0113071799
v -0.00405809144 0.027690623 -0.0117141772
v -0.00404235581 0.0277395435 -0.0118758045
v -0.00372844376 0.0273615662 -0.0113896476
v -0.00376536534 0.0273499954 -0.0112083545
v -0.00418727705 0.0275786314 -0.0107044764
v -0.00383514375 0.0273266416 -0.0108090807
v -0.00421908591 0.0275665261 -0.0104366336
v -0.00384050631 0.027324656 -0.0107744336
v -0.00394900981 0.0272805411 -0.00989168137
v -0.00434765499 0.0275158882 -0.00867117196
v -0.00402718829 0.0272499528 -0.00887178816
v -0.00409189239 0.0272151101 -0.00608804682
v -0.00440021092 0.0274961181 -0.00608854601
v -0.00407070015 0.0272316914 -0.00786470715
v -0.00404863851 0.0272414908 -0.00845429394
v -0.00740741519 0.0530776531 -0.00920040812
v -0.0113288034 0.0471178479 -0.00264822389
v -0.0113452477 0.0473663546 -0.00260403822
v -0.0113437697 0.0473330393 -0.00278239348
v -0.0104871336 0.0506343804 -0.00528464513
v -0.0106336204 0.0503722541 -0.0054827868
v -0.0106501793 0.0502526276 -0.00433976715
v -0.0110700326 0.0457666442 -0.00468365476
v -0.00999848451 0.0505727939 -0.00113333459
v -0.0101729855 0.0503900424 -0.0012937563
v -0.0103850272 0.0500568002 -0.00120023056
v -0.0102324476 0.0506468527 -0.00254098908
v -0.0100861788 0.0508681685 -0.00258133956
v -0.0101517169 0.0508065522 -0.00271570613
v -0.00970911514 0.0514592677 -0.00300040981
v -0.0100333123 0.0509401113 -0.00257535279
v -0.00982880592 0.0511823371 -0.00246197497
v -0.0103440648 0.0504388213 -0.00238518952
v -0.0105566578 0.0501561314 -0.00269229664
v -0.0103214532 0.0502563082 -0.00156319875
v -0.0103979213 0.0502213202 -0.00186222687
v -0.0104023768 0.0502866395 -0.00214227661
v -0.00982504059 0.0506095663 -0.000616836827
v -0.00940101407 0.0510650836 -0.000565088994
v -0.00971985515 0.0509101972 -0.00111262139
v -0.00971721392 0.0506084375 -0.000286698196
v -0.0102588106 0.0500124395 -0.000489240454
v -0.0102663785 0.0497775041 9.76846422e-05
v -0.0109274508 0.0489148051 -0.000374624826
v -0.0107789803 0.0488882214 0.000371795235
v -0.011204022 0.0482081138 -0.000328531052
v -0.0109959943 0.0483317859 0.000502212264
v -0.011178216 0.0474189855 0.000221745242
v -0.0110537969 0.0477416627 0.000630902417
v -0.0110417176 0.0465714224 0.000304432964
v -0.0109599857 0.0469970666 0.000757907226
v -0.0109947613 0.0471848212 0.000731262611
v -0.0112025766 0.0464960374 -0.00109662767
v -0.0109825153 0.0456811003 -0.00088044838
v -0.0109369429 0.0457953513 -0.000103964812
v -0.0112248361 0.0465532504 -0.00135544455
v -0.0111971116 0.0463835746 -0.00161271519
v -0.011037102 0.0457582287 -0.00164145511
v -0.0111914966 0.0463266633 -0.0019054109
v -0.0110436594 0.0457154661 -0.00262394501
v -0.0112096956 0.0463857763 -0.0021855426
v -0.0112359738 0.0464794673 -0.00278189103
v -0.0110487128 0.045706749 -0.00348457228
v -0.0112808989 0.0467455238 -0.00529792393
v -0.0112328464 0.0464455113 -0.00549744722
v -0.0111943185 0.0462519638 -0.00579347229
v -0.0113190766 0.047102984 -0.00522939349
v -0.0113347201 0.0474672467 -0.00530066248
v -0.0113087464 0.0481335223 -0.0027714225
v -0.0113050286 0.0481708832 -0.00346381869
v -0.0113254068 0.0479857102 -0.00373809109
v -0.0113285948 0.0479299165 -0.0040360908
v -0.0113218464 0.0479959063 -0.00432266947
v -0.0113325091 0.0477122813 -0.00544821005
v -0.0113026062 0.0481768362 -0.00458221184
v -0.0113302972 0.0477750152 -0.0055052354
v -0.0113196364 0.047966633 -0.00579545693
v -0.0111259008 0.04907085 -0.00473503163
v -0.0110580772 0.0492872931 -0.00457750587
v -0.0112646464 0.0484455451 -0.00475590955
v -0.0112078423 0.0487438105 -0.00480086496
v -0.0111372713 0.0490303151 -0.0047528944
v -0.0109544015 0.0495665595 -0.00436241506
v -0.0107269753 0.0501918979 -0.00577958534
v -0.0101432055 0.0508819856 -0.00300040748
v -0.0101799117 0.0509128124 -0.00342949573
v -0.0102624837 0.0509234481 -0.00433563627
v -0.010962477 0.0494670086 -0.00367885758
v -0.0108800773 0.0495144166 -0.00270544807
v -0.0109524513 0.0495302975 -0.00397719769
v -0.0109870965 0.0494711138 -0.00429326436
v -0.0110136392 0.0492948107 -0.00341625372
v -0.011092972 0.049043715 -0.00324807386
v -0.0111310221 0.0488647446 -0.00273670931
v -0.0111765983 0.0487645604 -0.00321013783
v -0.011261344 0.0484233797 -0.00329177128
v -0.0113246366 0.0473525524 -0.00113563857
v -0.011300154 0.0470640846 -0.00115223066
v -0.0112628406 0.0467918366 -0.00119595928
v -0.0113484636 0.0476322547 -0.00243475544
v -0.0113398591 0.0478178896 -0.00216947822
v -0.0112735769 0.0481713861 -0.00116428582
v -0.0113332355 0.047874134 -0.00188876234
v -0.0113330036 0.0478593372 -0.00176596665
v -0.0113345431 0.0478107966 -0.0016226999
v -0.0113371471 0.0476342104 -0.00137504179
v -0.0113274222 0.0473630317 -0.00120020204
v -0.011246982 0.0465532206 -0.00243635196
v -0.0112905484 0.0468021445 -0.00260186032
v -0.0113256341 0.0470840633 -0.00264688581
v -0.0110296104 0.0488894321 -0.00116525474
v -0.0107063865 0.0459497236 0.00084854255
v -0.0108104777 0.0458774902 0.000532884442
v -0.0111317234 0.0465298891 -0.000194018867
v -0.0112617649 0.047383219 -0.000260253175
v -0.00982864574 0.0507719778 -0.00109037815
v -0.0108446619 0.044838693 -0.00480654091
v -0.0107966475 0.0448531508 -0.00480648549
v -0.010826638 0.0447793975 -0.00480731903
v -0.0107616261 0.0447386242 -0.00480251526
v -0.0108089857 0.0447214022 -0.00480188103
v -0.0107900025 0.0448486991 -0.00322892284
v -0.0108379358 0.044834245 -0.00322844135
v -0.0107570561 0.0447402894 -0.00323200738
v -0.010820901 0.0447780825 -0.00322740292
v -0.0108042294 0.0447231308 -0.00323194568
v -0.0108798891 0.0447206162 -0.00479579903
v -0.0110833189 0.0447654277 -0.0045431247
v -0.0110794064 0.0447667725 -0.00459287269
v -0.0110528562 0.0446931049 -0.00460922159
v -0.0110294642 0.0447822995 -0.00470964191
v -0.0110091567 0.0446942598 -0.00469928421
v -0.0109789101 0.0447977968 -0.00476171402
v -0.0109415203 0.0447058715 -0.0047658789
v -0.0109392554 0.0448099114 -0.00478640338
v -0.0108726937 0.0446982346 -0.00479287002
v -0.0109323282 0.0446765497 -0.00476186024
v -0.0109852506 0.0446573086 -0.00470908824
v -0.0110267866 0.0446422063 -0.00463167019
v -0.011043936 0.0446359701 -0.00453713629
v -0.0110439062 0.044635985 -0.0045267255
v -0.0110789938 0.0447624549 -0.00349014648
v -0.0110595133 0.0446983241 -0.0034922238
v -0.0110486969 0.0446920954 -0.00342358463
v -0.0110743474 0.044763606 -0.00343869883
v -0.011004488 0.0446930565 -0.00333379256
v -0.0110230474 0.0447785743 -0.00332288886
v -0.0108740255 0.0447193049 -0.003237864
v -0.0109726135 0.0447936058 -0.00327197486
v -0.0109366691 0.0447044484 -0.00326769706
v -0.0109322798 0.044805713 -0.0032474075
v -0.0109048579 0.0448139794 -0.00323674013
v -0.0108505813 0.0447062813 -0.00323564792
v -0.0109149413 0.0446828753 -0.0032619664
v -0.010983021 0.0446581207 -0.0033254521
v -0.0110253422 0.0446427278 -0.00340631115
v -0.0110409288 0.0446370654 -0.00350507046
v -0.0110428398 0.0446363613 -0.00401700893
v -0.0111345109 0.0449348055 -0.00451280549
v -0.0112246117 0.0452393368 -0.0039272178
v -0.011221014 0.045224715 -0.00417462923
v -0.0111833904 0.0450976044 -0.00439894479
v -0.0111926943 0.0451360568 -0.0036841128
v -0.0111456076 0.0449818261 -0.00354558253
v -0.0111168325 0.0448872 -0.00350500899
v -0.0107967174 0.0448575206 -0.00743147871
v -0.0108447252 0.0448430516 -0.00743137719
v -0.0107606044 0.0447389968 -0.00743573671
v -0.0108260866 0.0447817221 -0.00743046682
v -0.0108078448 0.0447218195 -0.0074362075
v -0.0108380839 0.0448438451 -0.00900946744
v -0.0107901506 0.0448582806 -0.00900903903
v -0.0108196959 0.044783242 -0.00901013333
v -0.0107544484 0.0447412394 -0.009004361
v -0.0108017409 0.0447240397 -0.00900431722
v -0.0109392824 0.0448143519 -0.00745139597
v -0.0110425213 0.0446364805 -0.00771202566
v -0.0110425437 0.0446364731 -0.00770022767
v -0.0110834036 0.0447706617 -0.00769455079
v -0.0110519817 0.0446952321 -0.00762825133
v -0.0110793998 0.0447718687 -0.00764430594
v -0.0110081667 0.0446956791 -0.00753843412
v -0.0110293841 0.0447870269 -0.00752788456
v -0.0109789763 0.0448023118 -0.00747606996
v -0.0109405583 0.0447067358 -0.00747204013
v -0.0108787743 0.0447212532 -0.00744212838
v -0.0110251866 0.0446427837 -0.00760575058
v -0.0109837092 0.0446578711 -0.00752860494
v -0.0109309349 0.0446770601 -0.00747604156
v -0.0108714197 0.0446986966 -0.00744513888
v -0.010905005 0.0448235571 -0.00900110323
v -0.0108723221 0.0447227135 -0.00899893511
v -0.0109324716 0.0448152386 -0.00899038743
v -0.0109349461 0.0447080135 -0.00896913279
v -0.0109727588 0.0448030606 -0.00896580424
v -0.0110030519 0.044696901 -0.00890293624
v -0.0110233389 0.044787813 -0.00891463552
v -0.0110474918 0.0446963757 -0.00881303754
v -0.0110745812 0.0447724834 -0.00879847817
v -0.0108477436 0.0447073057 -0.00900058635
v -0.0109120971 0.0446839072 -0.0089742383
v -0.0109805763 0.0446590111 -0.00891026668
v -0.0110231349 0.0446435325 -0.00882865768
v -0.0110386768 0.0446378775 -0.00872974377
v -0.0110791279 0.0447711907 -0.00874752458
v -0.0110410247 0.0446370319 -0.00822022185
v -0.0111229066 0.0449153334 -0.00872671977
v -0.0111353584 0.0449425243 -0.00772642391
v -0.0111823399 0.0451100618 -0.00859639328
v -0.0112210419 0.0452351496 -0.00836545136
v -0.0112242717 0.0452423021 -0.00810904149
v -0.0111922221 0.0451327153 -0.0078737596
v -0.00494406046 0.0291734971 -0.00971566979
v -0.00487264339 0.0289966296 -0.00996100064
v -0.0048959488 0.0289886054 -0.00936059281
v -0.0052534272 0.0299344845 -0.00687138038
v -0.00534057245 0.0301752146 -0.00663431548
v -0.005288627 0.030093234 -0.00933045708
v -0.0107395807 0.0447466411 -0.0102679348
v -0.0109457374 0.0453696512 -0.00877906568
v -0.010875646 0.0451397933 -0.00895557739
v -0.010993408 0.0455245338 -0.00852057058
v -0.0110116564 0.0455810986 -0.00822108518
v -0.0109957512 0.0455238223 -0.00792158768
v -0.0109501444 0.045368433 -0.00766291888
v -0.0108794998 0.0451316237 -0.00748270284
v -0.0109173767 0.0452517681 -0.00611966848
v -0.0108157201 0.0449201725 -0.00743063167
v -0.0107621597 0.0447384305 -0.00611877814
v -0.0101525979 0.0430271365 -0.0115132323
v -0.0106942663 0.044763118 -0.0115132332
v -0.00680941809 0.0340179279 -0.0115132332
v -0.00771677634 0.0362431109 -0.0115132313
v -0.00785028655 0.0368406959 -0.012382715
v -0.00858379994 0.0384844244 -0.0115132313
v -0.00951102655 0.0413814187 -0.0123559134
v -0.00530341873 0.0303473789 -0.0115132341
v -0.00521590607 0.030101439 -0.0113001745
v -0.00526069896 0.0301217921 -0.0106733646
v -0.00535815628 0.0303274747 -0.0102625294
v -0.00538398884 0.0303181354 -0.0085378373
v -0.00535985874 0.0302461982 -0.00819593947
v -0.00538804615 0.0303165149 -0.00785519183
v -0.00539243361 0.0303150434 -0.00629435712
v -0.00494766282 0.0290056709 -0.00673832325
v -0.00501784775 0.0292366911 -0.00691243634
v -0.00494715804 0.0290039331 -0.00673643965
v -0.00502162706 0.0292487293 -0.00691827107
v -0.00511981407 0.0295501389 -0.00698641129
v -0.00514596561 0.0296272505 -0.00698175281
v -0.00470786355 0.0280430187 -0.00608950574
v -0.00478448998 0.0283957813 -0.0060901246
v -0.00465620169 0.0280618761 -0.00897226948
v -0.00487915613 0.0287614036 -0.0060898345
v -0.00463602459 0.0280688982 -0.00939710252
v -0.00487915613 0.0287613962 -0.00609390438
v -0.00487916404 0.0287614092 -0.0060962867
v -0.0048793843 0.0287621468 -0.00613483693
v -0.00489544077 0.0288218744 -0.00643362338
v -0.00494394824 0.0289929956 -0.00672426214
v -0.00484697614 0.0289439056 -0.0101083107
v -0.00453635585 0.0281031635 -0.0107214972
v -0.00482815411 0.0289181657 -0.0102797858
v -0.0048221848 0.0289577171 -0.0105657671
v -0.00435560476 0.0283559747 -0.0121990312
v -0.00437136414 0.0282694008 -0.0120143583
v -0.00476483582 0.0290086865 -0.0113613242
v -0.0044182362 0.0281594731 -0.0116274571
v -0.00443362072 0.0281436518 -0.0115171699
v -0.00605135644 0.0324209519 -0.0124078672
v -0.00532532204 0.0311168041 -0.013074534
v -0.00507629849 0.0301417708 -0.0124567766
v -0.00464504026 0.0296708737 -0.0130806351
v -0.00447174674 0.0292381346 -0.0129972836
v -0.00437417999 0.0288281981 -0.0127641074
v -0.00435770256 0.0287093073 -0.0126638133
v -0.00434610434 0.0285277199 -0.0124653513
v -0.00809059292 0.0380040444 -0.0130765764
v -0.00662592845 0.0343050361 -0.0130711626
v -0.00627190853 0.0334430113 -0.0130714709
v -0.00588683924 0.0324903652 -0.0130710835
v -0.0106283054 0.0456548594 -0.0130835623
v -0.0100635597 0.0437725335 -0.0130798481
v -0.0102578346 0.0436752327 -0.0123420218
v -0.0093021486 0.0414032787 -0.0130789233
v -0.00939564314 0.0407463349 -0.0115132332
v -0.00530398032 0.0302016027 -0.0103875101
v -0.00530555751 0.0301848687 -0.0101319347
v -0.00530232303 0.0301733352 -0.0100870607
v -0.00525128562 0.0300213043 -0.00979308691
v -0.0052092229 0.0299030729 -0.00967833865
v -0.00516671548 0.0297850054 -0.009609228
v -0.00508408342 0.0295565501 -0.00957045611
v -0.00502968347 0.0294053424 -0.00958509929
v -0.00485978089 0.0291263834 -0.010865096
v -0.00502065336 0.0295826383 -0.0110620381
v -0.00506165205 0.0296830107 -0.0110535193
v -0.00516198808 0.0299123153 -0.0109440889
v -0.00487072533 0.029164467 -0.0109047061
v -0.00493198307 0.029352203 -0.0110287778
v -0.00501490477 0.0295681618 -0.0110614141
v -0.00590262329 0.0317925625 -0.0115132341
v -0.00516386982 0.0297657046 -0.00257921079
v -0.00524966465 0.0300049484 -0.00239789113
v -0.00528846076 0.030082481 -0.00285568438
v -0.00471972488 0.0298070107 0.000901009946
v -0.00510073639 0.0306028537 0.000894246565
v -0.00507597113 0.0301206317 0.000270497781
v -0.0107430099 0.0447453894 -0.00196151156
v -0.0108713871 0.0451008528 -0.00476772431
v -0.0109394165 0.0453280956 -0.00461446121
v -0.0109914374 0.0455040224 -0.00435275957
v -0.011011336 0.0455737263 -0.00404358096
v -0.0109952455 0.04552342 -0.00373772462
v -0.0109442724 0.0453569591 -0.00345631246
v -0.0109061897 0.0452318825 -0.0033429598
v -0.0108695906 0.0451114066 -0.00327476743
v -0.0107153123 0.0447554663 -0.00103050156
v -0.0106945178 0.0447630249 -0.00065758382
v -0.0102575077 0.0436545573 0.000108274493
v -0.010285954 0.0444687232 0.000842724869
v -0.00784996431 0.0368198454 0.000172928296
v -0.00888812449 0.0401749983 0.000857069506
v -0.00951069873 0.04136068 0.000130203654
v -0.00605102442 0.0323999934 0.000213582956
v -0.00598262483 0.032708317 0.000876046426
v -0.00759098725 0.0366818532 0.000865109847
v -0.00560811022 0.0317673832 0.000878310879
v -0.00445152121 0.0291486979 0.000786324439
v -0.0044048354 0.0289653782 0.000690511952
v -0.00435762526 0.0286897887 0.000484682067
v -0.00451807864 0.0293521769 0.000858441228
v -0.00466181617 0.0296843834 0.000897511432
v -0.00434989948 0.0286065713 0.000402089267
v -0.00476455968 0.0289911833 -0.000820992806
v -0.00435625482 0.0283284765 5.28640112e-06
v -0.00440819981 0.0281544589 -0.000479795533
v -0.00444586249 0.0281168744 -0.000750076026
v -0.00482142204 0.0289382096 -0.00163084804
v -0.00450495584 0.0280962959 -0.00118402822
v -0.0048214593 0.0289082751 -0.00178020995
v -0.00463718921 0.0280575156 -0.00280739181
v -0.00488372939 0.0290093925 -0.00227211602
v -0.00489578024 0.0289777461 -0.00282167923
v -0.00484636053 0.028929349 -0.00207000994
v -0.00483420352 0.0289102588 -0.00197089533
v -0.00494622579 0.0289997421 -0.00544827105
v -0.00489588687 0.0288232192 -0.00574186444
v -0.00470534246 0.0280433223 -0.00544986874
v -0.00488479016 0.0287826024 -0.0058805258
v -0.00487934053 0.0287621934 -0.0060410942
v -0.00487914076 0.0287613776 -0.00607717456
v -0.00487914868 0.0287613869 -0.0060877502
v -0.00534018781 0.0301726274 -0.00555081991
v -0.00525214942 0.0299291965 -0.00531251123
v -0.00514507666 0.0296225362 -0.00520239631
v -0.00511976611 0.0295471624 -0.0051978752
v -0.00502416585 0.02925504 -0.00526121166
v -0.00498428661 0.0291267131 -0.00533498684
v -0.00538989902 0.030315917 -0.00434362236
v -0.00539264083 0.0303149614 -0.00589547167
v -0.00538199861 0.0302950833 -0.00429263199
v -0.00535962963 0.0302398652 -0.00396736246
v -0.00538638793 0.0303172003 -0.00363259576
v -0.00530209159 0.0301599484 -0.00210026698
v -0.00536355656 0.0303255115 -0.00195626798
v -0.00530722458 0.0301787667 -0.00201914436
v -0.00530126784 0.0301836319 -0.00176709273
v -0.00530868582 0.0303454585 -0.000657587661
v -0.00525038643 0.0300858952 -0.00147180574
v -0.00772459665 0.0362515934 -0.000657584227
v -0.00521563366 0.0300841462 -0.000885976013
v -0.0060418956 0.0321255811 -0.00065758609
v -0.00688478583 0.0341879688 -0.000657586847
v -0.0104377912 0.0439271666 -0.000657586148
v -0.00999583956 0.0425368845 -0.000657586905
v -0.00928650331 0.0404247418 -0.000657586905
v -0.00852917321 0.0383293033 -0.000657583936
v -0.00501465239 0.0295516513 -0.00112290587
v -0.00493125338 0.0293338113 -0.00115539855
v -0.00515196379 0.0298749171 -0.00122491003
v -0.00510277925 0.0297637098 -0.00116128009
v -0.00504465727 0.029626064 -0.0011249918
v -0.00487088365 0.0291498657 -0.00127680448
v -0.00485681789 0.0291007794 -0.00132868125
v -0.00496653747 0.0292220209 -0.00251652952
v -0.00505570509 0.0294666011 -0.00261232979
v -0.00508390367 0.0295449998 -0.00261383434
v 0.00126992597 0.00538427802 -0.0133162895
v 0.00199857354 0.00497566303 -0.0133108664
v 0.00199892768 0.00497495336 -0.0126932478
v 0.0018534197 0.00503305253 -0.00355041283
v 0.0011743753 0.00537457038 -0.0035504126
v 0.00185314775 0.00503649889 -0.00552991685
v 0.00117415539 0.00537664257 -0.0046692309
v 0.00199896982 0.00497189723 -0.0108538195
v 0.0019988881 0.00497141853 -0.0106004151
v 0.00185232819 0.00504708197 -0.0106004151
v -0.000274345279 0.00615418702 -0.0127585717
v -5.58873435e-05 0.00607312378 -0.0132737746
v 0.000534675724 0.00577957975 -0.0133040417
v 0.00185274193 0.00504177855 -0.0084055867
v -0.000721870048 0.00630375231 -0.00971124787
v -0.000622891297 0.00627430528 -0.0109582711
v -0.000427053485 0.00620872201 -0.0121766701
v 0.00199894421 0.0049739317 -0.0120801069
v -0.00217840937 0.00699510146 -0.0130199464
v -0.000810812926 0.00642443215 -0.013209777
v -0.000657580211 0.00635544723 -0.0132246856
v -0.00367766153 0.00751294335 -0.00606155861
v -0.00355122983 0.00747649884 -0.00928379782
v -0.00122823101 0.00651261955 -0.0060528717
v -0.000774696528 0.0063172481 -0.00845792796
v 0.00117387564 0.00537919905 -0.00605166797
v 0.00117402477 0.00537781278 -0.00536044734
v -0.00324028358 0.00737889344 -0.0112053538
v -0.00310688652 0.00733244373 -0.0116424318
v -0.00254219468 0.00713277282 -0.012715091
v -0.00235399185 0.00703985756 0.000796267937
v -0.00266296836 0.0071552638 0.000438225019
v -0.000229259167 0.0061115725 0.000802326773
v -0.000788270205 0.00631383667 -0.00419523101
v -0.00358837796 0.00748123741 -0.00336547452
v -0.000719560776 0.00628906256 -0.00234041712
v -0.00346155837 0.00743740145 -0.00206970004
v -0.000539916859 0.00622542435 -0.00050400669
v -0.00326268491 0.0073688929 -0.00099308393
v -0.000353118754 0.00615851674 0.000379406905
v -0.003021918 0.00728466455 -0.000243380156
v -0.00217784639 0.00697183935 0.000906241592
v 0.00149982516 0.00522935996 0.00120162626
v -0.000358007412 0.00619076937 0.00114822446
v -0.00065890979 0.00633078441 0.00112128479
v 0.0019992548 0.00495337136 0.000300842075
v 0.00199850067 0.00495208334 0.00120322115
v 0.00172123185 0.00511251669 0.00119084259
v 0.00185357884 0.00503104227 -0.00160041417
v 0.00199911511 0.00495647313 -0.00160041591
v 0.00185351365 0.00503185159 -0.00241513806
v 0.00288753398 0.00442063948 -0.00860041473
v 0.00288776075 0.00441860594 -0.00745041389
v 0.00289961509 0.00430957507 -0.0086004138
v 0.00289961509 0.00430957321 -0.00745041342
v 0.00288827764 0.00441383524 -0.00475041522
v 0.00288849673 0.0044118017 -0.00360041368
v 0.00289961509 0.00430957414 -0.00475041382
v 0.00289961509 0.00430957228 -0.00360041275
v 0.00202518422 0.00495072827 -0.00745041436
v 0.00203765114 0.0048360764 -0.00745041529
v 0.00203765114 0.00483607687 -0.00475041568
v 0.00202570087 0.00494597293 -0.00475041242
v 0.00375619042 0.00378635945 -0.00360041345
v 0.00375082227 0.00385514461 -0.00360041391
v 0.00375619042 0.00378636247 -0.00860041566
v 0.00375014567 0.00386380055 -0.00860041659
v 0.00199858006 0.0049504023 0.00203185366
v 0.00130039931 0.00534950569 0.00237466139
v 0.0019990541 0.00495011918 0.00215353142
v -0.00254717655 0.00710954983 0.00199616607
v -0.0036758245 0.00750395609 0.000943742809
v -0.00340708415 0.00741372304 0.00134267379
v -0.00302494597 0.00727884006 0.00173211214
v -0.000279329397 0.00615642639 0.0023162507
v -0.000657052267 0.00633157464 0.00228798483
v -0.00161091704 0.00674442062 0.00218017353
v -0.0045775203 0.00779522536 -0.0102111856
v -0.00436443277 0.00773336086 -0.0113528566
v -0.00408293027 0.00765203638 -0.0122416522
v -0.00396675197 0.00761697162 -0.0125093795
v -0.00378297386 0.00753868232 0.000758015143
v -0.00397605775 0.00759847974 0.000381011836
v -0.00410507014 0.00763830217 7.68033642e-05
v -0.00437994022 0.00772052165 -0.000820088258
v -0.00454282714 0.00777089549 -0.00166322
v -0.00459261704 0.0077860211 -0.00200957456
v -0.00474325614 0.00782917906 -0.00366636436
v -0.00480372226 0.00785014872 -0.00605429849
v -0.00473097619 0.00783425011 -0.00864886399
v -0.00159445987 0.00676395744 -0.0142896259
v -0.000657556055 0.00635901745 -0.0143860951
v -0.00244961213 0.0070998217 -0.0141303651
v -0.0025475868 0.0071362867 -0.0141021153
v -0.00298496848 0.00729035167 -0.01386825
v -0.0033177787 0.00740828877 -0.0135603873
v -0.00367315277 0.00752625475 -0.01305616
v -0.0034185478 0.00744200125 -0.0134352352
v -0.00372254639 0.0075421948 -0.0129724527
v 0.00199856423 0.00497715594 -0.0141632734
v 0.00199863547 0.00497736409 -0.0142517099
v 0.0012999688 0.00537748635 -0.0144742709
v -5.12664083e-05 0.00607444486 -0.0144308424
v 0.00200220034 0.00672282837 0.00201222114
v 0.00197772426 0.0125889862 0.00206149928
v 0.00198976626 0.0111991512 0.00195781537
v 0.0019441488 0.0150158964 0.00190778985
v 0.00194380933 0.0150156887 0.00202902476
v 0.00186749699 0.0183183327 0.00186355668
v 0.0018294066 0.0195837226 0.00196687458
v 0.00167775643 0.0235747453 0.00179049047
v 0.00163502456 0.0246264823 0.0019006544
v 0.00162078824 0.0250520911 0.00176673871
v 0.00162076147 0.025051903 0.00189460057
v 0.00161104451 0.0254929345 0.00176037999
v 0.00161128677 0.026110027 0.00187992188
v 0.00165001513 0.0268920083 0.00174284109
v 0.00168736919 0.0273210965 0.0018616548
v 0.00168715708 0.0273213144 0.00173671043
v 0.00171049661 0.0275095161 0.00185811205
v 0.00174345763 0.027739523 0.0017279922
v 0.00194074656 0.0286808535 0.00182417256
v 0.00198462442 0.0288399421 0.00169168564
v 0.00210044766 0.0292153601 0.00179973652
v 0.00210091751 0.0292153433 0.0016743422
v 0.00227838638 0.0297040809 0.00177010649
v 0.00237101479 0.0299325269 0.00163081952
v 0.00243823696 0.0300903227 0.00162621273
v 0.00248040934 0.0301867463 0.00162613892
v 0.00275577977 0.0307728928 0.00166439603
v 0.00300606014 0.0312637873 0.00148092816
v 0.00300703477 0.0312648006 0.00158768042
v 0.00305612874 0.0313580632 0.00146311964
v 0.0031938774 0.0316136107 0.00151867978
v 0.00317937694 0.0315873511 0.00141442264
v 0.00327523355 0.0317622945 0.00137370592
v 0.00371761085 0.0325425565 0.00125180476
v 0.00369471521 0.0325032435 0.00115231529
v 0.00393439503 0.032913398 0.000982153811
v 0.00414655171 0.0332699604 0.000918126374
v 0.00412658835 0.0332373157 0.000815524254
v 0.00450257445 0.0338609032 0.00052221684
v 0.00452004792 0.0338903889 0.000365224871
v 0.00480172783 0.0343519039 6.80290614e-05
v 0.00484854076 0.0344281755 -0.000174740824
v 0.00492586894 0.0345541127 -0.00033357949
v 0.00507638836 0.0347986817 -0.000499579241
v 0.00512112491 0.0348711237 -0.000807351957
v 0.00531089911 0.0351778492 -0.00116543018
v 0.0052997414 0.0351600535 -0.00136817584
v 0.00534468424 0.0352326259 -0.00153745199
v 0.00551217515 0.0355022699 -0.00197710795
v 0.00552504184 0.0355235711 -0.00239926367
v 0.0056711752 0.0357583091 -0.00294610718
v 0.00555554265 0.0355727412 -0.00258703576
v 0.00565945311 0.0357403941 -0.00339832716
v 0.00578660099 0.0359446779 -0.00416856539
v 0.00571119785 0.0358241051 -0.00399117079
v 0.00574659323 0.0358816311 -0.00458931923
v 0.00583954761 0.0360314846 -0.00559256878
v 0.00578017766 0.0359377787 -0.00610703696
v 0.00584314438 0.0360380784 -0.00610316359
v 0.00581064075 0.0359888151 -0.00760083226
v 0.00573967025 0.0358756855 -0.00774172693
v 0.00572470669 0.0358522385 -0.00800500996
v 0.005722526 0.0358502343 -0.00881177187
v 0.00564542878 0.0357270911 -0.00894060824
v 0.00558523182 0.0356324613 -0.00983594172
v 0.00554767996 0.0355718844 -0.00966704637
v 0.00551121309 0.0355138183 -0.00988276303
v 0.00554305455 0.035565339 -0.0100700278
v 0.00540255522 0.0353411473 -0.0107052792
v 0.005322407 0.0352122039 -0.0107455347
v 0.00527959364 0.0351448022 -0.0109105436
v 0.00523825455 0.0350779183 -0.0112673976
v 0.0052458616 0.0350894779 -0.011033874
v 0.00517753093 0.0349803641 -0.0114416098
v 0.00500267884 0.034697324 -0.011711874
v 0.00487722829 0.0344954431 -0.0121296085
v 0.0048217359 0.034404818 -0.0120935943
v 0.00471368385 0.0342292227 -0.0122865727
v 0.00455777906 0.0339744017 -0.0126468251
v 0.00437992811 0.0336818881 -0.0127609745
v 0.00422291458 0.0334214568 -0.0130407363
v 0.00396254053 0.0329851434 -0.0131715387
v 0.0038229113 0.0327481851 -0.0133760534
v 0.0036394007 0.0324324444 -0.0134935807
v 0.00350869936 0.0322041698 -0.0134702744
v 0.00339223607 0.0319981202 -0.0136240423
v 0.00280338014 0.0308953598 -0.0138395606
v 0.00300730695 0.0312917158 -0.0137773473
v 0.00297058746 0.0312211737 -0.0136989374
v 0.00300612091 0.0312890299 -0.0136869652
v 0.00264171464 0.0305627696 -0.0137928845
v 0.00243544602 0.030110836 -0.01383813
v 0.00228467793 0.0297471974 -0.013953452
v 0.00210049283 0.0292411167 -0.0138904611
v 0.00209998596 0.0292415842 -0.0139825419
v 0.00204234826 0.0290606711 -0.0138985338
v 0.0019478933 0.0287355985 -0.0140040731
v 0.00178644329 0.0280191079 -0.0139329853
v 0.00172012975 0.0276095234 -0.0140337171
v 0.00174347777 0.027768204 -0.0139388312
v 0.00168695697 0.0273474902 -0.0140378568
v 0.0016867579 0.0273473579 -0.0139461542
v 0.00167600322 0.027247129 -0.014039265
v 0.00164873537 0.0269181374 -0.0139507744
v 0.00162092841 0.0264834259 -0.0140482588
v 0.00161029387 0.0255439077 -0.0139631778
v 0.00160827092 0.0258461256 -0.0140549103
v 0.00162036251 0.0250783917 -0.0140628899
v 0.00162038009 0.0250782277 -0.0139682749
v 0.00166231394 0.0239841808 -0.0140743712
v 0.00167859835 0.0236009993 -0.0139868157
v 0.00171577872 0.0227490645 -0.0140856337
v 0.00188631925 0.0176434759 -0.0140462788
v 0.00188778632 0.0175956525 -0.0141361831
v 0.00194367918 0.0150426058 -0.0141622061
v 0.00194374134 0.0150424466 -0.0140732937
v 0.00196782686 0.0134531735 -0.0141781373
v 0.00198930479 0.0112258205 -0.0141114118
v 0.00200029137 0.0058040549 -0.0142451134
v 0.00200178847 0.00674965605 -0.014149853
v -0.0112875206 0.0486037843 -0.0047946861
v -0.0112568755 0.048754517 -0.0048003681
v -0.0113167176 0.0484368093 -0.00474918541
v -0.0113532776 0.0481754951 -0.00457535731
v -0.0113719972 0.0479983501 -0.00431866059
v -0.0113783265 0.0479331426 -0.00401887204
v -0.0113781774 0.0479506068 -0.00386354281
v -0.0113749169 0.0479996465 -0.00371663156
v -0.0113747856 0.0480012 -0.00371318194
v -0.0113532329 0.0481855981 -0.00345603982
v -0.0113038141 0.0484636538 -0.00327820936
v -0.0112646045 0.0486335382 -0.0032257603
v -0.0112246331 0.0487780236 -0.00320884213
v -0.0114476727 0.047949858 -0.00401919289
v -0.0114474446 0.0479674898 -0.00386591209
v -0.0115423454 0.0485561341 -0.0035477546
v -0.0115845157 0.0483339019 -0.00374715566
v -0.0115693379 0.0484187007 -0.00362335215
v -0.0115418499 0.0485932045 -0.00451861368
v -0.0115743112 0.0484032519 -0.00440152222
v -0.0115403831 0.0486024916 -0.00450400077
v -0.0115743568 0.0484051481 -0.00437920075
v -0.011592309 0.0482804552 -0.00380553515
v -0.0115965251 0.048250895 -0.00396469003
v -0.0115989875 0.0482290164 -0.0040165009
v -0.0114737311 0.0488378741 -0.00346894516
v -0.0115001313 0.0487379432 -0.00348114525
v -0.011500177 0.0487352349 -0.00346512673
v -0.0115272831 0.048621852 -0.00349929743
v -0.0114802001 0.0487141013 -0.00337164314
v -0.0114476476 0.0488349199 -0.00335678807
v -0.0114691621 0.0488382764 -0.00342451292
v -0.0113280332 0.0488062799 -0.00323148817
v -0.0113562131 0.0486192331 -0.00478371652
v -0.0113500934 0.0487751849 -0.00477929879
v -0.0114223175 0.0484766178 -0.00472733006
v -0.0113647003 0.0487784892 -0.00477187801
v -0.0114834299 0.0485080928 -0.00468038209
v -0.0114281885 0.0487933159 -0.00472144224
v -0.0114854192 0.0485094488 -0.00467816042
v -0.0114303054 0.0487938263 -0.00471906457
v -0.0114973085 0.0488125719 -0.00453252159
v -0.0114935422 0.048810564 -0.00458453828
v -0.0114760892 0.0488053933 -0.00464505842
v -0.0115937749 0.0482715964 -0.00416773604
v -0.0115930149 0.0482748374 -0.00422476837
v -0.0115624946 0.0483255051 -0.00447084336
v -0.0115269823 0.0485484749 -0.00460891658
v -0.0114427395 0.0487968437 -0.00470375223
v -0.0115821892 0.0481745303 -0.00426285947
v -0.0115225855 0.0482625365 -0.0045237788
v -0.0115206363 0.0482604653 -0.00452547241
v -0.0115424683 0.0480951034 -0.00429170718
v -0.0115886312 0.0481200293 -0.00401814329
v -0.0115827508 0.0481793359 -0.0037706017
v -0.0115588671 0.0483412556 -0.00355705013
v -0.0115117664 0.0485806651 -0.00341171399
v -0.0114601608 0.0482144766 -0.00456116768
v -0.0115405191 0.0480925217 -0.00429262593
v -0.0115490742 0.0480341204 -0.0040190015
v -0.0115441298 0.0480988026 -0.00374348671
v -0.0115203289 0.0482773595 -0.00350611168
v -0.0114703057 0.0485424809 -0.00334486784
v -0.0114356354 0.0486903749 -0.00330051756
v -0.0114189051 0.0488288291 -0.0033079593
v -0.0114823068 0.0480390638 -0.00372392451
v -0.0114210062 0.048209168 -0.00345812365
v -0.0114590693 0.0482276343 -0.00346984598
v -0.0113695944 0.0484934635 -0.00328273908
v -0.0114077637 0.04850832 -0.00329774967
v -0.0113326237 0.0486525185 -0.00323490798
v -0.011371226 0.0486651659 -0.00325065083
v -0.0113320667 0.0488073342 -0.00323350681
v -0.0113968998 0.0488236994 -0.003281835
v -0.011443886 0.0480183177 -0.00371749024
v -0.0114411404 0.0480163023 -0.00431826059
v -0.0114864102 0.047971271 -0.00401925435
v -0.0113837691 0.048463162 -0.00474321749
v -0.011421659 0.0481970273 -0.00457316171
v -0.0114798285 0.0480365232 -0.0043118801
v -0.0115471212 0.0480313301 -0.00401902245
v -0.0115422169 0.0480961651 -0.0037426108
v -0.0115184244 0.0482752249 -0.00350447418
v -0.0114683313 0.0485411286 -0.00334273209
v -0.0114335641 0.0486894585 -0.00329825166
v -0.0113990987 0.0488242246 -0.00328414328
v -0.0114873098 0.0488236956 -0.00399577012
v -0.0113334386 0.0493639372 -0.00405640993
v -0.0113763465 0.0492530763 -0.00431245659
v -0.0114411414 0.0490411073 -0.00448627397
v -0.0114425961 0.0489473045 -0.00347077288
v -0.0113312034 0.0493482985 -0.00383144896
v -0.0113612181 0.0492336564 -0.00362742343
v -0.0113786692 0.0491714962 -0.00356866745
v -0.0113606025 0.0490740947 -0.00467046676
v -0.0114146871 0.0490585454 -0.00459907856
v -0.0114188455 0.0490235314 -0.00346098957
v -0.0114443665 0.049029056 -0.00451089675
v -0.0113893971 0.0492146127 -0.00438379729
v -0.0113452934 0.0493399799 -0.00419847621
v -0.0113226417 0.0493878908 -0.00398520147
v -0.0113291824 0.0493467972 -0.00377414748
v -0.0113612488 0.0492281616 -0.00359517825
v -0.0112910504 0.0489185527 -0.00478058821
v -0.0112957144 0.0490759127 -0.00471715117
v -0.0110852988 0.049360048 -0.00451120967
v -0.0111020803 0.0493135974 -0.00456482824
v -0.0111703118 0.0493277088 -0.00455570919
v -0.0111832423 0.0490562432 -0.00474670995
v -0.0110397805 0.0494744368 -0.00432317471
v -0.01110359 0.0494994037 -0.00429178728
v -0.0110350363 0.0494851992 -0.00429812958
v -0.0110684521 0.0495631509 -0.00398703944
v -0.010999742 0.0495484881 -0.00398994051
v -0.0110036554 0.0495453067 -0.00405611517
v -0.0110131009 0.0495304018 -0.00415323954
v -0.010999213 0.0495318882 -0.00382718584
v -0.0110778548 0.049503684 -0.00368458335
v -0.0110011799 0.0495217629 -0.00378435059
v -0.0110092955 0.0494881906 -0.00368380616
v -0.0111259967 0.0493373424 -0.00342725916
v -0.0110385343 0.049385041 -0.00349960569
v -0.0111613227 0.0492216833 -0.00332889264
v -0.0110933632 0.0492045693 -0.00332317222
v -0.0111804642 0.0489223376 -0.00321152247
v -0.0112479264 0.048940517 -0.0032194939
v -0.0112480484 0.0490949154 -0.00327415229
v -0.0113161001 0.0490951799 -0.00331832678
v -0.0113756713 0.0490801707 -0.00338877179
v -0.0113491453 0.0492745526 -0.00445052935
v -0.0112958681 0.0494200923 -0.00423356006
v -0.0112681771 0.0494753048 -0.00398363778
v -0.0112758381 0.0494269803 -0.00373615604
v -0.0113143576 0.0492885634 -0.00352619844
v -0.0112867057 0.0493130423 -0.00450502988
v -0.0112260561 0.0494736135 -0.00426295446
v -0.0111942841 0.0495340116 -0.00398383802
v -0.011202856 0.0494798422 -0.00370721193
v -0.0112465816 0.049326092 -0.00347232143
v -0.0111734346 0.0493392907 -0.00343912211
v -0.011126454 0.0495023429 -0.00369015895
v -0.0111172888 0.0495603271 -0.00398546271
v -0.0111515652 0.0494972281 -0.00428317208
v -0.0112167494 0.0493281372 -0.00454113819
v -0.0112509895 0.049071297 -0.00473562488
v -0.0111237662 0.0491060764 -0.00326625234
v -0.0112024061 0.0490883961 -0.00325785531
v -0.0113306055 0.0469170511 -0.00115736108
v -0.0113497684 0.0470582098 -0.00115016743
v -0.0113095697 0.0467729382 -0.00119836384
v -0.0112717347 0.0465324707 -0.00136491423
v -0.0112459492 0.0463729948 -0.00161079655
v -0.0112398807 0.0463152714 -0.00189591921
v -0.011258373 0.0463735797 -0.00218048482
v -0.0112941572 0.0465343595 -0.0024259463
v -0.0113366852 0.0467765853 -0.00259409426
v -0.0113589261 0.0469352864 -0.00263952557
v -0.0113754133 0.0470792092 -0.00264671841
v -0.011399148 0.0463864431 -0.00217022211
v -0.0113810264 0.0463266261 -0.00189949304
v -0.0114592155 0.0463795736 -0.00189783354
v -0.0115178097 0.0467816629 -0.00129349611
v -0.0115669249 0.0468116552 -0.00137689058
v -0.0115399156 0.0466258414 -0.0015007141
v -0.0113372914 0.046522215 -0.00137051998
v -0.0113116987 0.0463635623 -0.00161656179
v -0.0115404194 0.0465419255 -0.00179716339
v -0.0115219429 0.0465038642 -0.00168413145
v -0.0115873497 0.0468282811 -0.00241362164
v -0.0115568181 0.0466379672 -0.00229058112
v -0.0115994345 0.0468567237 -0.00234930357
v -0.0115670729 0.0466532744 -0.00220466452
v -0.011554637 0.0466468781 -0.0015832769
v -0.01158085 0.0468327664 -0.00144578272
v -0.0115726236 0.0470348708 -0.00128390919
v -0.0116070006 0.0470336266 -0.00141286629
v -0.0115528516 0.0470364988 -0.00125246448
v -0.0114669967 0.046905417 -0.00119371491
v -0.0114893522 0.0470426343 -0.00119068706
v -0.0114446376 0.0470473878 -0.00116668805
v -0.0113963271 0.0469082445 -0.00116255542
v -0.0113984095 0.0470525585 -0.00115322566
v -0.0113551775 0.0466337577 -0.0012746529
v -0.0113061229 0.0463082008 -0.00190123764
v -0.0113252224 0.0463699438 -0.00218435796
v -0.0113614425 0.0465346538 -0.00242712023
v -0.0114041362 0.0467811748 -0.00259106839
v -0.0114245983 0.0469284952 -0.00263146427
v -0.011409116 0.0470759235 -0.00264535914
v -0.0114411134 0.0470727123 -0.00263873814
v -0.0114702368 0.0470696948 -0.00262794364
v -0.0116227129 0.0470504835 -0.00237978552
v -0.011595414 0.0470553339 -0.00250253524
v -0.0115743922 0.0470580161 -0.00253873714
v -0.0113751804 0.0467633083 -0.00120364118
v -0.0114467712 0.0467653684 -0.00123280985
v -0.0114855245 0.0465681776 -0.00143768324
v -0.0114638973 0.0464280657 -0.0016508823
v -0.0115443291 0.0465435646 -0.00198978512
v -0.0115313753 0.0465102382 -0.00210868265
v -0.0115058748 0.0465811044 -0.00235445146
v -0.011542283 0.0467997156 -0.00249701692
v -0.0115113799 0.0470652916 -0.0026039232
v -0.011474275 0.0467837602 -0.00255929027
v -0.0114335641 0.0465455987 -0.00240240456
v -0.0114752799 0.0464347862 -0.00214359374
v -0.0115180723 0.0464617983 -0.00189682003
v -0.0113863125 0.0463797785 -0.00162730902
v -0.0114106424 0.0465326719 -0.00139214017
v -0.0116443709 0.0475515909 -0.0017425596
v -0.0116464198 0.0475837961 -0.00192926929
v -0.011624068 0.047107961 -0.00190460589
v -0.0116478819 0.0475088619 -0.00214244239
v -0.0116436835 0.0473383106 -0.00230632373
v -0.0116212778 0.047167588 -0.00142370595
v -0.0116383163 0.0474054068 -0.00154387974
v -0.0116295153 0.0471213497 -0.00237826793
v -0.0116243139 0.0476443022 -0.00167412672
v -0.0116255302 0.0477010086 -0.00189868012
v -0.0116288057 0.0476487949 -0.00212279009
v -0.011630212 0.0475045964 -0.00231509679
v -0.0115342112 0.0473492667 -0.00255823997
v -0.0114437453 0.0473697558 -0.0025958817
v -0.0113969138 0.0473809168 -0.00259736693
v -0.0114456471 0.0476313643 -0.00243053003
v -0.0113984114 0.0476340838 -0.002433897
v -0.0114374831 0.0478115194 -0.00218489603
v -0.0113912253 0.0477978103 -0.00221800245
v -0.0113966838 0.0476921424 -0.00237307278
v -0.0113828089 0.0478638448 -0.00176795258
v -0.0113829924 0.0478788652 -0.00189968734
v -0.0114304246 0.0478776991 -0.00189915905
v -0.011385344 0.0478653535 -0.00203143712
v -0.0113901254 0.0478131697 -0.00218692468
v -0.0113844359 0.0478097051 -0.00161249505
v -0.0114318384 0.0478080548 -0.00161341485
v -0.0113861635 0.0477322787 -0.00148403971
v -0.0114340093 0.0476235859 -0.00136748282
v -0.0113867074 0.0476263948 -0.00136537722
v -0.0114254449 0.0473559722 -0.00120109564
v -0.0113782855 0.0473602153 -0.00119830226
v -0.0113813877 0.047418844 -0.00122352527
v -0.011385764 0.0475506373 -0.00130269176
v -0.0116096875 0.0472792834 -0.00134952937
v -0.0116210617 0.0474953726 -0.00148058601
v -0.0115553821 0.0473189466 -0.00126724073
v -0.0115656368 0.0475662947 -0.00141785457
v -0.0115662757 0.0477369241 -0.00164028723
v -0.0116238631 0.0472937003 -0.00244425889
v -0.0115717435 0.0473335497 -0.00252676615
v -0.0115760686 0.0475749634 -0.00237789098
v -0.01156619 0.0478016064 -0.00189849106
v -0.0115713477 0.0477409475 -0.00215641083
v -0.0114909662 0.047361467 -0.00258158846
v -0.0114934258 0.0476202369 -0.00241962308
v -0.0114820516 0.04761222 -0.00137734157
v -0.011480486 0.0477949195 -0.00161857868
v -0.0115259765 0.0477709286 -0.0016276635
v -0.0114793452 0.047863964 -0.00189877779
v -0.0115252938 0.047838293 -0.00189856358
v -0.0114859985 0.0477985069 -0.00217889622
v -0.0115312906 0.0477746986 -0.00216927868
v -0.0115169734 0.0473348536 -0.00123640709
v -0.0114730615 0.047347337 -0.00121405767
v -0.00986621436 0.0508031212 -0.00107908528
v -0.00975659117 0.0509419665 -0.00110051117
v -0.00994274113 0.0508638807 -0.00107760075
v -0.00988741498 0.0509320982 -0.00108468905
v -0.00998512097 0.0508958213 -0.00109513011
v -0.00995014887 0.0509734936 -0.0011106563
v -0.0100163212 0.0509183817 -0.00111743598
v -0.0100050187 0.0510026999 -0.00116182037
v -0.0100531755 0.0509436317 -0.00115751883
v -0.0100647202 0.0510220416 -0.00126819836
v -0.010087613 0.0509650595 -0.00121670484
v -0.0098746242 0.0510147214 -0.00110821368
v -0.00992591027 0.0510315783 -0.00113120419
v -0.00996604934 0.0510382988 -0.00115937705
v -0.01005622 0.0510295033 -0.00126346666
v -0.0100748045 0.0510231294 -0.00129430892
v -0.0101114139 0.0509766042 -0.00129182916
v -0.00992741063 0.0511500388 -0.00249991193
v -0.0099994652 0.0510665588 -0.00254170899
v -0.0100891488 0.0511243641 -0.00249360874
v -0.00988218375 0.051223021 -0.00244826195
v -0.00986748375 0.0512130335 -0.00245361938
v -0.00995965768 0.0512653552 -0.00241020462
v -0.00998861901 0.0512748733 -0.00238985056
v -0.0101396721 0.0511484146 -0.00243818341
v -0.0100231748 0.0512801111 -0.0023596657
v -0.0101777771 0.0511556827 -0.00236021704
v -0.0100578042 0.0512765795 -0.00232092221
v -0.0101414537 0.0512083434 -0.00220602215
v -0.0101282457 0.0512228161 -0.00219527376
v -0.0102870613 0.0510290451 -0.00226478186
v -0.0102889482 0.0510259233 -0.00233238121
v -0.0102749905 0.0510101803 -0.00242410321
v -0.0102574732 0.0509951152 -0.00246784324
v -0.0102337329 0.0509762317 -0.00250407704
v -0.0101263849 0.050896991 -0.00257386616
v -0.0101529229 0.0509160981 -0.00256399554
v -0.010180695 0.0509363525 -0.00254974863
v -0.0102141537 0.050961256 -0.0025248162
v -0.00998055376 0.0513248891 -0.00231968029
v -0.0100332731 0.0513147451 -0.00225653523
v -0.00991388876 0.0514171943 -0.00209400803
v -0.0097392248 0.0513343923 -0.00230979989
v -0.00991650391 0.0513104014 -0.00237016845
v -0.00977495965 0.0514303967 -0.00217750389
v -0.00955545437 0.0514356159 -0.00191798958
v -0.00963260513 0.0514087901 -0.00212563504
v -0.00967842061 0.0513804667 -0.00221422664
v -0.00962475408 0.0513817742 -0.00144811976
v -0.00951548479 0.051414486 -0.00170377793
v -0.00961404387 0.0514594391 -0.00165531971
v -0.00966027193 0.0514846966 -0.00190728647
v -0.00964319985 0.0511011668 -0.0011830841
v -0.00958957896 0.051188685 -0.00126176421
v -0.00968809985 0.0512478426 -0.00125785067
v -0.00956234057 0.0512391292 -0.00132100412
v -0.00951845292 0.051346533 -0.00149962655
v -0.00968781393 0.0510354377 -0.00114048959
v -0.00978255458 0.0510995276 -0.00114057807
v -0.00985419564 0.0511304922 -0.0011700216
v -0.00991938915 0.0511424653 -0.00122394471
v -0.00995695777 0.0511906259 -0.00136807386
v -0.010086026 0.0512670688 -0.00215746183
v -0.00996083766 0.0513695888 -0.00196788297
v -0.00989038683 0.0513863936 -0.00174047099
v -0.00984772202 0.051438123 -0.00213904446
v -0.0098173134 0.0514649004 -0.00186633307
v -0.00974014308 0.0514900833 -0.00188595941
v -0.00977836456 0.051445093 -0.00165441958
v -0.00969674811 0.0514672436 -0.00165021897
v -0.00978722703 0.0513803512 -0.00148058438
v -0.00970667973 0.0513948686 -0.00145661156
v -0.00984023139 0.051267691 -0.00132146513
v -0.00976586528 0.0512695387 -0.00127911265
v -0.00988986529 0.0513219275 -0.00153031491
v -0.0103103491 0.0508643202 -0.00177973497
v -0.010393098 0.0508712269 -0.00223453925
v -0.0104677211 0.0507360622 -0.00212516985
v -0.0102348002 0.0508318134 -0.00132839812
v -0.0103814863 0.0506809428 -0.00148941041
v -0.0104804747 0.0506092198 -0.00172776612
v -0.0105035836 0.0506314225 -0.00192760245
v -0.01020425 0.0507549867 -0.00119266543
v -0.0100693759 0.0507977307 -0.00110350188
v -0.0100102695 0.0507452451 -0.00108202524
v -0.00995533261 0.0506998822 -0.00108693738
v -0.0101050958 0.0506382696 -0.00112417038
v -0.0100507876 0.0505921841 -0.00112902769
v -0.0102771837 0.0504551455 -0.00129257317
v -0.0102237323 0.0504081324 -0.00129846088
v -0.0104188463 0.0504736789 -0.00235851062
v -0.0104465205 0.0503078774 -0.00212085666
v -0.0104998508 0.050353393 -0.00210625748
v -0.010391105 0.0504539125 -0.00236513698
v -0.0103064748 0.0506816283 -0.00252156472
v -0.0102787949 0.0506619774 -0.002528799
v -0.0103333853 0.050703872 -0.00250839326
v -0.0103806434 0.0507550202 -0.00246176985
v -0.0104075456 0.0508536473 -0.0023012124
v -0.0104926312 0.0507000983 -0.00218182453
v -0.0104079889 0.0508078597 -0.00239004451
v -0.0104368627 0.0502465963 -0.00183514506
v -0.0104899146 0.0502933413 -0.00182399165
v -0.0105298907 0.0503646284 -0.00181164895
v -0.0104539078 0.0504024215 -0.00154057133
v -0.0104735876 0.0504880287 -0.00155373663
v -0.0103550367 0.0505950451 -0.00133953383
v -0.0103598321 0.0506694391 -0.00139335077
v -0.0102289505 0.0508078337 -0.00126625039
v -0.0104449661 0.0504977442 -0.00234725117
v -0.0104875257 0.0505586974 -0.00230902643
v -0.0105398791 0.0504214354 -0.00208011386
v -0.0105534466 0.0505051352 -0.00204398669
v -0.0105437981 0.0504536368 -0.00180015259
v -0.0105249984 0.0505480804 -0.00179161585
v -0.0104633337 0.0505773388 -0.00157858455
v -0.0105338506 0.0505927093 -0.00200236985
v -0.0105057973 0.0506296568 -0.00225169444
v -0.0103582256 0.0502852052 -0.00154746952
v -0.0104112849 0.0503324382 -0.00153935992
v -0.0103249019 0.0505200103 -0.00130517909
v -0.0101599684 0.0506953225 -0.00114410056
v -0.00965069234 0.051341258 -0.00224178261
v -0.00951765198 0.0514029339 -0.00192425621
v -0.00947558321 0.0513501205 -0.00160200452
v -0.00953170564 0.0511957444 -0.00131916255
v -0.00966745149 0.0509808324 -0.00114005501
v -0.00540678902 0.0302218311 -0.00400266703
v -0.00540665304 0.0302217118 -0.00398629159
v -0.00543716224 0.0302987415 -0.00434425706
v -0.005433599 0.0303000361 -0.00363081158
v -0.00541120721 0.0302365217 -0.0038323449
v -0.00556880143 0.0302508734 -0.00423537707
v -0.00555890147 0.0302147102 -0.00403871387
v -0.00560606364 0.0302373264 -0.00409406098
v -0.0054635196 0.0302891601 -0.00363201438
v -0.00548208598 0.0302194599 -0.0038336867
v -0.0054652011 0.030288551 -0.00434271712
v -0.00547859352 0.0302067157 -0.00404158747
v -0.00549352169 0.0302782468 -0.00433126884
v -0.00552874664 0.0302654393 -0.00430102833
v -0.0054987222 0.0302763544 -0.00364779076
v -0.00552749448 0.0302658919 -0.00367401959
v -0.00556224072 0.0302267373 -0.00384096033
v -0.00557798008 0.0302475356 -0.00376548152
v -0.0109629799 0.0450054519 -0.00325755612
v -0.0111169312 0.0449066348 -0.00345033337
v -0.0111596286 0.0450470373 -0.00351946335
v -0.011202923 0.0451888628 -0.00366691104
v -0.0112308729 0.0452795029 -0.00386753306
v -0.0112365587 0.0452961251 -0.00407873839
v -0.0111000231 0.0448384397 -0.00459719868
v -0.0111450609 0.0449876823 -0.00455233967
v -0.0111884959 0.045132678 -0.00444111973
v -0.0112199914 0.0452388823 -0.00428270781
v -0.0108739454 0.0449353084 -0.00480493903
v -0.0110075176 0.045380652 -0.00453810813
v -0.0109948292 0.0453379452 -0.00458901189
v -0.0110588968 0.0453084111 -0.00458665285
v -0.0109252054 0.0451052226 -0.00475941971
v -0.011000772 0.0451139957 -0.00473581161
v -0.0109404698 0.0449139588 -0.00479595643
v -0.011036247 0.0454780236 -0.00437841751
v -0.0111010307 0.0454508625 -0.0043741921
v -0.0110549666 0.0455425382 -0.00418605376
v -0.0111231692 0.0455277041 -0.00410059327
v -0.011058622 0.0455556884 -0.00410155626
v -0.011115551 0.0455054455 -0.0038172591
v -0.0110536367 0.0455418415 -0.00385218835
v -0.011078137 0.0453839116 -0.00354810269
v -0.0110056829 0.0453860462 -0.00350915361
v -0.011020177 0.0451937243 -0.00335028372
v -0.0109518142 0.0452092141 -0.00333699025
v -0.010896679 0.0450277738 -0.00324948248
v -0.0108694527 0.0449380875 -0.0032311047
v -0.0110280979 0.0449764095 -0.00329184928
v -0.0110669183 0.0448611788 -0.00468992162
v -0.0111191077 0.0450342111 -0.00463791704
v -0.0111694299 0.0452023447 -0.00450896006
v -0.0112059172 0.0453255214 -0.00432528555
v -0.0112250997 0.0453919359 -0.00408876082
v -0.0112185059 0.0453726724 -0.00384382904
v -0.0111861266 0.0452675819 -0.00361116091
v -0.0111359609 0.0451031066 -0.00344015425
v -0.0110864704 0.0449402891 -0.00335998693
v -0.0110827209 0.0451561548 -0.00338035985
v -0.0111380666 0.0453377217 -0.00356917619
v -0.0111737903 0.0454537384 -0.00382607291
v -0.0111810714 0.0454749912 -0.00409650803
v -0.0111599136 0.045401644 -0.0043576411
v -0.0111196721 0.0452656485 -0.00456042448
v -0.0110641643 0.0450800471 -0.00470279483
v -0.0110065797 0.0448890626 -0.00476020109
v -0.00513087818 0.0295279585 -0.00261225947
v -0.00505253719 0.02930912 -0.00257325149
v -0.00501199765 0.0291998032 -0.00251014344
v -0.0049645002 0.0290768258 -0.00239265012
v -0.00496257376 0.0290719867 -0.00238669873
v -0.00489090569 0.0289104413 -0.00205320842
v -0.0048685954 0.0288906451 -0.00179090432
v -0.00487072859 0.0289409366 -0.00157024921
v -0.00488239946 0.02900091 -0.00144242181
v -0.00491005089 0.0291085392 -0.00129677239
v -0.00506087858 0.0295330212 -0.00111888209
v -0.0050346218 0.0294691902 -0.00111736532
v -0.00497371331 0.0293076448 -0.00115481822
v -0.00510622468 0.0292556565 -0.00119218742
v -0.00514824176 0.0292527378 -0.00122190372
v -0.0050899433 0.0290678404 -0.0013682635
v -0.00535460701 0.0294438936 -0.00239150762
v -0.00534320297 0.0294487793 -0.00243959692
v -0.00527507486 0.0292619653 -0.00239952118
v -0.00535720773 0.0294420775 -0.00233808556
v -0.00521255657 0.0291013066 -0.0022663041
v -0.00527164573 0.0292135458 -0.00225485791
v -0.00532828085 0.0293624382 -0.00233166153
v -0.00519487448 0.0290976595 -0.00158728845
v -0.00518546673 0.0290334411 -0.0018136485
v -0.00513911527 0.0289531518 -0.00184521312
v -0.00518697081 0.0290324502 -0.00184644712
v -0.00516521372 0.0289929528 -0.0020709571
v -0.00519553246 0.0290416442 -0.00194452447
v -0.00523941731 0.029134335 -0.00216699624
v -0.005165237 0.0291007292 -0.00142923335
v -0.00521633867 0.0292608589 -0.00130213727
v -0.0052566845 0.0292969439 -0.00139325054
v -0.00513910735 0.0289927088 -0.00162077497
v -0.00521556893 0.0291723162 -0.00148229604
v -0.00531116175 0.0294400677 -0.00137130974
v -0.00529858982 0.0294432044 -0.00130055868
v -0.00526244054 0.0294555165 -0.00122442632
v -0.00522891944 0.0294677168 -0.00118309958
v -0.00523453439 0.0294656456 -0.00118896109
v -0.00519660441 0.0294798166 -0.0011554166
v -0.00519274548 0.0294812787 -0.0011527146
v -0.00505823037 0.0293974932 -0.00112264359
v -0.00509330537 0.0295199994 -0.00111743552
v -0.00512714963 0.0295066107 -0.00112255989
v -0.00494891871 0.029068511 -0.00132350996
v -0.00491705025 0.0289277676 -0.00156780262
v -0.00491821812 0.0288751647 -0.00185356662
v -0.00495142117 0.0289252568 -0.00214062328
v -0.00501086749 0.0290641505 -0.00238865893
v -0.00508954888 0.0292708781 -0.00255733985
v -0.00522212218 0.029494781 -0.00258971541
v -0.00517597981 0.0295116603 -0.00260729878
v -0.00513391197 0.0293931141 -0.00259931874
v -0.00513558136 0.0292600915 -0.00254150131
v -0.00526013551 0.0294806864 -0.0025640612
v -0.00517840171 0.0292538963 -0.00251629716
v -0.00505845668 0.0290579367 -0.00237583998
v -0.00506083388 0.0289428551 -0.00158862153
v -0.00506157847 0.0288967732 -0.00184666738
v -0.00509159965 0.0289423056 -0.00210607611
v -0.00514552603 0.0290670246 -0.00233041332
v -0.0052167573 0.0292522013 -0.00248322985
v -0.00530850561 0.029462412 -0.00251026941
v -0.00510445982 0.0293823294 -0.00113405345
v -0.00501362141 0.0292757265 -0.00116083107
v -0.0050608567 0.0292632915 -0.00117134536
v -0.00499756681 0.0290609617 -0.00133072538
v -0.00496636704 0.0289237816 -0.00157031172
v -0.00496753072 0.02887276 -0.00185067381
v -0.00500013866 0.0289220065 -0.00213237014
v -0.00514968252 0.0294978153 -0.00112977286
v -0.00543259783 0.029727662 -0.00151748362
v -0.00547821727 0.0298234802 -0.00169470825
v -0.00549611822 0.0298516899 -0.00186499057
v -0.00545596192 0.0297168195 -0.00222039339
v -0.00541053247 0.0295890141 -0.0023138097
v -0.00547532132 0.0297734719 -0.00214456208
v -0.00527238427 0.029235689 -0.00208719051
v -0.00524677616 0.0292349327 -0.00159913732
v -0.00534940092 0.0295342896 -0.00138246396
v -0.00541475229 0.0296876598 -0.00147388445
v -0.00549701974 0.0298484806 -0.00192378566
v -0.0053959582 0.029659044 -0.0024500885
v -0.0054168161 0.0296149198 -0.00235928083
v -0.00546921603 0.0297622774 -0.00224356703
v -0.00543896062 0.0297602955 -0.00148105656
v -0.0053742365 0.0296125356 -0.00135784235
v -0.00550939655 0.0298977122 -0.00186597509
v -0.0053452868 0.0297055002 -0.00251999684
v -0.00530376984 0.0295905974 -0.00255625253
v -0.0051387921 0.0295500699 -0.00261356519
v -0.00523947133 0.0296214931 -0.00259569637
v -0.00517375767 0.0296473745 -0.0026068883
v -0.00528334454 0.0297429264 -0.00255735894
v -0.00521447137 0.0297600795 -0.00257272832
v -0.00535748899 0.0299487989 -0.00239675562
v -0.00529363053 0.0299797487 -0.00240523298
v -0.00529940007 0.0299959704 -0.00238552084
v -0.0054052826 0.0300877802 -0.00215641037
v -0.00534227258 0.0301209502 -0.00216198363
v -0.00538584171 0.0300877988 -0.00159104809
v -0.00534356618 0.0301594324 -0.00172989815
v -0.00541688316 0.0301387906 -0.00187490322
v -0.00535423215 0.0301729664 -0.00187732838
v -0.00534936041 0.0301440619 -0.00208982383
v -0.00531931221 0.0299491081 -0.00134455098
v -0.00527301757 0.0300187469 -0.00139124354
v -0.0053229616 0.0301216319 -0.00159057614
v -0.00510237226 0.0296322107 -0.00112460903
v -0.00516300835 0.0297737271 -0.00117145258
v -0.00519519486 0.029760113 -0.00117036549
v -0.00520575233 0.0298709553 -0.00123337551
v -0.00522783399 0.0297440663 -0.00117533666
v -0.00525566889 0.0299813617 -0.00134185026
v -0.00526136206 0.02972495 -0.00118756678
v -0.00529161887 0.0297049098 -0.00120612222
v -0.00545826275 0.0298331901 -0.00231360248
v -0.00549794314 0.0299506225 -0.00210886262
v -0.0055022398 0.029861616 -0.00206982717
v -0.00550698861 0.0299934074 -0.00186871854
v -0.0053467839 0.0296571162 -0.00127024623
v -0.0054152878 0.0299003012 -0.00236768252
v -0.00546021713 0.0300317407 -0.00213947752
v -0.00547086867 0.0300798025 -0.00187198678
v -0.00544123631 0.0300311632 -0.00160205143
v -0.00548655121 0.0298604984 -0.00166010542
v -0.00542383082 0.0298314467 -0.00141536619
v -0.00548022939 0.0299496166 -0.00162623986
v -0.00537814293 0.029899437 -0.00136743323
v -0.00543112447 0.0303009357 -0.00853962265
v -0.0054067811 0.0302286949 -0.00819715485
v -0.00540680345 0.0302286968 -0.00819364376
v -0.00543527305 0.0302994307 -0.00785450637
v -0.00559820374 0.0302401818 -0.00809314754
v -0.00555880181 0.0302209724 -0.00815823488
v -0.00556200091 0.030253347 -0.00795817189
v -0.00546087511 0.0302901212 -0.00853834487
v -0.00556071335 0.0302290283 -0.00831522699
v -0.00552273169 0.0302676316 -0.00849713944
v -0.00549493684 0.0302777365 -0.00852276385
v -0.00557223149 0.0302496273 -0.00840623491
v -0.00546218641 0.0302896444 -0.00785581954
v -0.00548952166 0.0302797034 -0.00786668994
v -0.00547846267 0.0302129164 -0.00815585442
v -0.0055233757 0.0302673914 -0.00789548457
v -0.00548046408 0.0302214641 -0.00832091179
v -0.0110997502 0.0448423438 -0.0076406016
v -0.0111448858 0.0449920483 -0.00768567156
v -0.0111885788 0.0451382622 -0.00779783865
v -0.0112204775 0.0452463254 -0.00795946922
v -0.0112367487 0.0453032404 -0.00816391688
v -0.0112307426 0.0452862121 -0.00837495923
v -0.0112027796 0.0451961458 -0.00857354514
v -0.0111597059 0.0450555012 -0.0087193381
v -0.0111170514 0.0449154563 -0.00878786016
v -0.0110282265 0.0449857563 -0.00894657988
v -0.0109631103 0.0450149104 -0.00898097176
v -0.0108811231 0.044985611 -0.00900138449
v -0.0108968103 0.0450372547 -0.00898912083
v -0.0110202478 0.0452026874 -0.00888905954
v -0.0110533154 0.0455427542 -0.00802723411
v -0.0110588344 0.0455628298 -0.00814310461
v -0.011123389 0.045534838 -0.00814392697
v -0.0110529661 0.0455469117 -0.00839955732
v -0.0111153377 0.0455120467 -0.00842704065
v -0.0110128634 0.0454176851 -0.00869844947
v -0.0110779135 0.0453912839 -0.0086934641
v -0.0110028023 0.0453849062 -0.00874352828
v -0.0109634614 0.0452561975 -0.00887423381
v -0.0110368617 0.0454856046 -0.00786555186
v -0.0111016454 0.0454584546 -0.00786969531
v -0.0110059474 0.0453803316 -0.00769457687
v -0.0110589787 0.0453135036 -0.00765291788
v -0.0109937377 0.0453390814 -0.00764635624
v -0.0110005075 0.0451174565 -0.00750249485
v -0.0109253339 0.0451099165 -0.00747950701
v -0.0109400693 0.0449168086 -0.00744206179
v -0.010873544 0.0449381098 -0.00743315043
v -0.011006197 0.0448921062 -0.00747774448
v -0.0110865952 0.0449494086 -0.00887832232
v -0.0111360345 0.0451118089 -0.00879885722
v -0.0111859394 0.0452748984 -0.00862977188
v -0.0112183383 0.0453793406 -0.00839946233
v -0.0112252971 0.0453990661 -0.00815472472
v -0.0112064639 0.0453330353 -0.00791765004
v -0.011169509 0.0452076979 -0.00773024093
v -0.0111188889 0.0450381488 -0.00760019058
v -0.0110665858 0.0448645875 -0.00754794339
v -0.0110639101 0.0450836718 -0.00753542455
v -0.0111197559 0.0452708304 -0.00767899398
v -0.0111605059 0.0454092175 -0.00788590126
v -0.0111812763 0.0454821214 -0.00814764388
v -0.0111735919 0.0454603657 -0.00841786154
v -0.0111378506 0.0453450754 -0.00867215451
v -0.0110827899 0.0451650247 -0.0088588465
v -0.00506113842 0.0295495447 -0.0110653751
v -0.00503896549 0.0294958614 -0.0110670663
v -0.00503473449 0.0294853728 -0.01106665
v -0.00501344027 0.0294311941 -0.0110605899
v -0.00498995325 0.029368598 -0.0110452473
v -0.00500249956 0.029186178 -0.00969267637
v -0.00496682758 0.0290944669 -0.00978354923
v -0.0049620592 0.0290825367 -0.00979812536
v -0.00489081629 0.0289233439 -0.0101310341
v -0.00486884033 0.0289048627 -0.0103903553
v -0.00487603666 0.0289848354 -0.0106799761
v -0.00488278735 0.0290170219 -0.0107411211
v -0.00491021434 0.0291241761 -0.0108856866
v -0.00493176235 0.0291967709 -0.0109522995
v -0.00497394055 0.0293239933 -0.0110286251
v -0.00501226028 0.0292119086 -0.00967278425
v -0.00505429413 0.0293251183 -0.00960839354
v -0.00513105793 0.0295395199 -0.0095719751
v -0.00511192391 0.0294852871 -0.00957153551
v -0.00508870883 0.0294201672 -0.00957947038
v -0.00520178257 0.0294544641 -0.00959306583
v -0.00522224372 0.0295064375 -0.00959437806
v -0.00530851306 0.0294743776 -0.00967349391
v -0.00519566378 0.0290552881 -0.0102387276
v -0.00518719153 0.0290465523 -0.0103360647
v -0.00516802166 0.029005304 -0.0103368657
v -0.00518569676 0.0290476307 -0.0103686322
v -0.00532489829 0.0293721333 -0.00980121456
v -0.00535470201 0.0294562243 -0.0097918408
v -0.00532906828 0.0293765441 -0.00985165965
v -0.00535739493 0.0294545479 -0.0098458631
v -0.00531032449 0.0293689873 -0.00975073315
v -0.00529273134 0.0292856656 -0.00983146857
v -0.00527269207 0.0292284507 -0.00992646161
v -0.00501105888 0.0290764552 -0.00979395211
v -0.00509528583 0.0291640405 -0.0097120516
v -0.00513576437 0.0292718783 -0.00964179914
v -0.00495162606 0.0289383791 -0.0100415023
v -0.0049184314 0.0288892463 -0.0103283813
v -0.00491727842 0.0289427973 -0.0106143318
v -0.00494915992 0.0290843453 -0.0108591197
v -0.00502546504 0.0291714165 -0.0109443925
v -0.00506111374 0.0292796418 -0.0110119702
v -0.00510471174 0.0293987971 -0.0110496804
v -0.00512948493 0.0294616558 -0.0110557955
v -0.00515103014 0.0295138694 -0.0110539338
v -0.00525689824 0.0293124709 -0.0107901581
v -0.00531140063 0.0294557437 -0.0108126365
v -0.00527124526 0.0293738712 -0.0108608417
v -0.00530096749 0.0294584353 -0.0108761713
v -0.00525114546 0.0293713771 -0.0109110279
v -0.00524204923 0.0294792391 -0.010986913
v -0.00518838409 0.0293780118 -0.0109958472
v -0.00523058325 0.0294834971 -0.0109994942
v -0.0051930109 0.0294976793 -0.0110313585
v -0.00519522885 0.0291131139 -0.0105963713
v -0.00521573098 0.0291874073 -0.0107004708
v -0.00519275991 0.0291410517 -0.0107171005
v -0.00523972139 0.0292875357 -0.0108336061
v -0.00516547309 0.0291162208 -0.0107535198
v -0.00521658873 0.0292767733 -0.0108811762
v -0.00525698438 0.0293734763 -0.00966223702
v -0.00527526578 0.0292742271 -0.00978379324
v -0.00523529714 0.02913942 -0.0099527156
v -0.00523937354 0.0291468054 -0.0100166835
v -0.00513933273 0.0290075596 -0.0105615957
v -0.00509018265 0.0290835351 -0.0108143697
v -0.00514848856 0.0292689148 -0.0109613789
v -0.00513932854 0.028967252 -0.0103370231
v -0.00506106857 0.028957814 -0.0105935754
v -0.00506179174 0.0289108772 -0.0103353644
v -0.00509180687 0.0289555471 -0.0100761168
v -0.0051654228 0.0290063079 -0.0101114186
v -0.00521275448 0.0291140135 -0.00991644897
v -0.00514571369 0.0290795173 -0.00985221472
v -0.00521694403 0.0292641912 -0.00970004685
v -0.00517920963 0.0293912515 -0.00960093271
v -0.00508191716 0.0293380208 -0.0110348677
v -0.00499780802 0.0290767718 -0.0108518787
v -0.00496659521 0.0289387982 -0.0106118163
v -0.00496775145 0.0288868491 -0.0103312703
v -0.00500033656 0.0289351549 -0.0100497482
v -0.005058649 0.0290702786 -0.00980675407
v -0.00533884158 0.0295236781 -0.0108079603
v -0.00524700247 0.0292498525 -0.0105840871
v -0.00540278479 0.0296752304 -0.0107354345
v -0.00544344215 0.0297660138 -0.0106365699
v -0.00548931817 0.029857425 -0.0104135768
v -0.0054214648 0.0296549089 -0.0101404507
v -0.00546340272 0.029750675 -0.00998908281
v -0.00549379271 0.0298456866 -0.0101769539
v -0.00549633801 0.0298657343 -0.010320399
v -0.00541076763 0.0296016913 -0.00987070892
v -0.00535445148 0.0301869698 -0.0103091737
v -0.00539791491 0.0301661622 -0.0103107039
v -0.00538611924 0.0301137008 -0.0100269429
v -0.00506252656 0.0295529012 -0.0110655455
v -0.00537460903 0.0296277236 -0.0108254319
v -0.00541703822 0.0296267904 -0.00982657075
v -0.00546930404 0.0297741555 -0.00994249899
v -0.00550938724 0.0299104881 -0.0103196017
v -0.00543914875 0.0297746919 -0.0107030496
v -0.0053650802 0.0296494626 -0.0108722281
v -0.00532099791 0.0296983384 -0.0109515656
v -0.00528847054 0.029723566 -0.0109812608
v -0.00525028259 0.029748043 -0.0110024093
v -0.00515521178 0.02964928 -0.0110565051
v -0.00508062961 0.0295963828 -0.0110655157
v -0.0052104285 0.0298970025 -0.0109441932
v -0.00529967295 0.0299769118 -0.0108440528
v -0.00527206669 0.0300318263 -0.0107983537
v -0.00536669744 0.0301158167 -0.0105963834
v -0.0053231963 0.0301365927 -0.0105957426
v -0.00534329563 0.0301731247 -0.010460943
v -0.00525886472 0.0298943073 -0.0096863769
v -0.00529382145 0.0299919955 -0.00978058856
v -0.00533784553 0.0299726799 -0.00978427008
v -0.0053000371 0.0300095584 -0.0098019531
v -0.00534989219 0.030158516 -0.0101008015
v -0.00533312419 0.0295857117 -0.00965995062
v -0.00540343951 0.0298836846 -0.0107977763
v -0.00543611404 0.0298104584 -0.0107382406
v -0.0054110717 0.0296481084 -0.00977869332
v -0.00537275523 0.0296954811 -0.00969491992
v -0.00543943048 0.0298818592 -0.00984109193
v -0.00546365464 0.0300088711 -0.0105737085
v -0.00548823271 0.0299192779 -0.010543122
v -0.00549205532 0.0300545935 -0.0103156473
v -0.00551309576 0.0299591552 -0.0103184888
v -0.00548209809 0.0300079808 -0.0100596901
v -0.00550497789 0.0299188979 -0.0100957695
v -0.00546855247 0.0298096482 -0.00990566798
v -0.00526208291 0.0296230912 -0.00959887262
v -0.00530534983 0.029742986 -0.0096370969
v -0.00534454593 0.0298516825 -0.00970450975
v -0.00537844375 0.0299465712 -0.00979633443
v -0.00542551093 0.0300844181 -0.010034143
v -0.00543687539 0.0301355682 -0.0103123682
v -0.00540618598 0.0300860722 -0.0105926385
v -0.00534051703 0.0299499072 -0.010835778
v -0.00520745479 0.0297708269 -0.0110135805
v -0.00510697858 0.0296590086 -0.0110581899
v -0.00521470048 0.0297719203 -0.00961238425
v -0.00517393742 0.0296589565 -0.00957776513
v -0.00525727449 0.0297923665 -0.00525063789
v -0.00526977237 0.0298279244 -0.00526618538
v -0.00537861139 0.0297778286 -0.00529596955
v -0.00543970289 0.0302978195 -0.00589416176
v -0.00545998616 0.0302904416 -0.00590431551
v -0.00552736595 0.0301907305 -0.00576806208
v -0.00554327387 0.0302339382 -0.00593147194
v -0.00540339295 0.0301993825 -0.00562393339
v -0.0054671159 0.0300256554 -0.00548488554
v -0.0053624385 0.0300870016 -0.00546149025
v -0.00533980737 0.0300243627 -0.00539769232
v -0.00516738975 0.0295311026 -0.00519778905
v -0.00521776965 0.0296788886 -0.00521484576
v -0.00526338117 0.0294989031 -0.00522215199
v -0.00532880705 0.0296347961 -0.00524633564
v -0.00530374376 0.0294854101 -0.00524567207
v -0.00542832119 0.02974426 -0.00533640292
v -0.00533568021 0.0294747651 -0.00527456449
v -0.00545812631 0.0296079218 -0.00548428809
v -0.00540531194 0.0294519998 -0.00546006812
v -0.00537128653 0.0294629745 -0.0053274883
v -0.00560208643 0.0301508978 -0.00609320728
v -0.00559773343 0.0300021321 -0.00609294605
v -0.00558403553 0.0299642552 -0.00586061133
v -0.00555172609 0.0302432608 -0.00609336607
v -0.00552930217 0.0302652381 -0.00609340519
v -0.00551522709 0.0302703567 -0.00599031104
v -0.00549091445 0.0302791987 -0.00593822636
v -0.0054640742 0.0297051594 -0.00540333148
v -0.00551191112 0.029978944 -0.00551573187
v -0.0055397572 0.0299186129 -0.00556676649
v -0.00556880096 0.0301353019 -0.00578451203
v -0.00559122488 0.0300608519 -0.00581173087
v -0.00558381528 0.0301762354 -0.00593960797
v -0.00560480822 0.0300980899 -0.00595308747
v -0.0055313129 0.0298172385 -0.00561767397
v -0.00560482219 0.0300984867 -0.00623313058
v -0.0055912463 0.0300617218 -0.00637434376
v -0.00557373837 0.0299367104 -0.00639511505
v -0.00553979957 0.0299203061 -0.00661878847
v -0.00550796976 0.0297529493 -0.00662555592
v -0.00546412542 0.029707415 -0.00678146025
v -0.00543927634 0.029554693 -0.00671498198
v -0.00542836171 0.029746769 -0.00684858719
v -0.00533572445 0.0294774845 -0.00690948265
v -0.00537147606 0.0294654649 -0.00685621146
v -0.0052556796 0.0297905114 -0.00693637319
v -0.00516743027 0.029534068 -0.00698644388
v -0.00532868272 0.029637685 -0.00693836203
v -0.00526343519 0.0295017846 -0.00696196174
v -0.00528048864 0.0294960532 -0.00695336564
v -0.00530390022 0.0294881761 -0.00693832384
v -0.00537849171 0.0297805667 -0.00688922498
v -0.00526981708 0.0298306718 -0.00691908598
v -0.00534000853 0.0300271288 -0.00678785285
v -0.0054669939 0.0300277956 -0.00670115184
v -0.00536247203 0.0300890971 -0.00672468916
v -0.0055272365 0.0301919486 -0.00641852338
v -0.00540606817 0.0302081276 -0.00654901098
v -0.00554314349 0.0302346162 -0.0062552453
v -0.00543949567 0.030297894 -0.00629562233
v -0.00546088256 0.0302901193 -0.00628460152
v -0.0054917736 0.0302788839 -0.00624996284
v -0.00551601266 0.0302700736 -0.00619661855
v -0.00540533848 0.0294541027 -0.00672390079
v -0.00551194232 0.0299808588 -0.00667007966
v -0.00556881027 0.0301363263 -0.00640184758
v -0.00558382366 0.0301767401 -0.00624689227
v -0.00523321936 0.028907489 -0.00609102752
v -0.00532665243 0.0292125698 -0.00665468629
v -0.00526940124 0.0290283784 -0.00648085168
v -0.00523537071 0.0289147235 -0.00619566394
v -0.00533143291 0.0292257238 -0.00552034378
v -0.00527157402 0.0290341731 -0.00569163542
v -0.00549900997 0.0297251344 -0.00577161601
v -0.00523642497 0.0289181527 -0.00596570456
v -0.00503065623 0.0287426878 -0.00609073509
v -0.00492730876 0.0287480913 -0.00608981401
v -0.00492730876 0.0287480745 -0.00608772971
v -0.0049273232 0.0287480559 -0.00607715407
v -0.00492759747 0.0287488941 -0.00604106346
v -0.00493267318 0.0287673678 -0.00588938454
v -0.00504607847 0.0287982188 -0.00576107111
v -0.00493317982 0.0287692212 -0.00588044757
v -0.00494317431 0.028805716 -0.00575188128
v -0.0051324605 0.0288200863 -0.00578130409
v -0.00511787413 0.0287683029 -0.00609078398
v -0.00519960234 0.0288718473 -0.00581248896
v -0.0051862509 0.028825447 -0.00609088363
v -0.00530506531 0.0292181075 -0.00541094644
v -0.00524035189 0.0290097557 -0.00557092763
v -0.00517716305 0.0289738886 -0.00551278703
v -0.00524868816 0.0292062014 -0.00533497846
v -0.00516959839 0.0292118154 -0.00528562022
v -0.00506877014 0.0292287599 -0.00526565686
v -0.0050325417 0.0291118976 -0.00533482898
v -0.00499193138 0.0289765764 -0.00545785436
v -0.00497943535 0.028933797 -0.0055108876
v -0.00509345531 0.0289630368 -0.0054750368
v -0.00519965496 0.0288728103 -0.00636942405
v -0.00513250707 0.0288211275 -0.00640043663
v -0.00492734741 0.0287481844 -0.00611145981
v -0.00492730876 0.0287480839 -0.00609388435
v -0.00504611107 0.0287993196 -0.00642059371
v -0.0049450933 0.0288137775 -0.00644839043
v -0.00493242173 0.0287670456 -0.0062872679
v -0.00499567948 0.0289913248 -0.00673852069
v -0.00499516726 0.0289896019 -0.00673663383
v -0.00509350374 0.0289650876 -0.0067072059
v -0.00497908005 0.0289343856 -0.00666944962
v -0.00516965659 0.0292144902 -0.0068974928
v -0.0050688223 0.0292315353 -0.00691752974
v -0.00506568793 0.0292215478 -0.00691265799
v -0.00524875103 0.029208716 -0.00684809871
v -0.0053051319 0.0292203799 -0.00677214889
v -0.00524040964 0.0290115066 -0.00661144871
v -0.00517722405 0.0289758183 -0.00666948361
v -0.00490313768 0.0287546404 -0.00609048782
v -0.00489092758 0.028758036 -0.00609049108
v 0.00130092888 0.00557643082 0.00237203529
v 0.00130314974 0.00857561547 0.00234321714
v 0.000194171851 0.00854799524 0.00232507358
v -0.00102747895 0.00851794519 0.00223900517
v -0.00274686911 0.00975464191 0.00197034189
v -0.00196929229 0.00849469285 0.00212843088
v -0.00208054623 0.0109834997 0.00211570319
v -0.00287269033 0.0109406207 0.00194999622
v -0.000389734574 0.0110727279 0.00228124997
v 0.00129049085 0.0111618023 0.00231818017
v -0.00239442009 0.0523854196 -0.00358529831
v -0.00235485611 0.0524367467 -0.00442770775
v -0.00298593915 0.0529502518 -0.00438494748
v -0.00364665338 0.0532692485 -0.00613340596
v -0.0045551816 0.0535185784 -0.00613386557
v -0.00443180511 0.0534959547 -0.00425779959
v -0.00620254315 0.0535393879 -0.00514556048
v -0.00620137621 0.0534277074 -0.00374536472
v -0.00528167747 0.0535512082 -0.00418059248
v -0.00118026091 0.0508508943 -0.00612916192
v -0.00123385433 0.0509232841 -0.00533697335
v -0.000819560548 0.0501460768 -0.00612794003
v -0.000820160378 0.0501039512 -0.00515410863
v -0.00128602854 0.0509259477 -0.00453757495
v -0.00132948358 0.0508429371 -0.00377049507
v -0.000823085778 0.0499334298 -0.00401700195
v -0.00135482359 0.0506650694 -0.0030625856
v -0.000825200521 0.0496713966 -0.00311714597
v -0.00188033178 0.0511835515 -0.00209956756
v -0.000824220071 0.0495316461 -0.00277631893
v -0.00131545146 0.0499907695 -0.0018511425
v -0.000808951445 0.049110394 -0.00202834606
v -0.000817120192 0.0492688715 -0.00227246294
v -0.000818029395 0.0492914394 -0.00231040013
v -0.000819421897 0.0493291281 -0.00237574149
v -0.00117343315 0.0489039272 -0.000897732854
v -0.000789594895 0.0488674901 -0.00171666138
v -0.00124716468 0.0494742058 -0.00135092961
v -0.00176801765 0.0498072915 -0.000670008536
v -0.00162789982 0.0489262529 -0.000212219515
v -0.00234438921 0.0494519621 0.000242677328
v -0.0021916281 0.048919078 0.000392311631
v -0.00305885519 0.0494940616 0.000757861126
v -0.00281025935 0.0488727652 0.000855886203
v -0.00381683256 0.049449265 0.00111125526
v -0.00348098925 0.048777502 0.00120123965
v -0.00388414646 0.0486968309 0.00135062728
v -0.0045823697 0.0488605537 0.00144280074
v -0.00424369145 0.0486098118 0.00145425578
v -0.00540972734 0.0485983826 0.00156321353
v -0.0051193703 0.0483364686 0.00161340623
v -0.00548217772 0.0490660407 0.00146523246
v -0.00626813201 0.0489077717 0.00148300314
v -0.00622281898 0.0486333892 0.00154239801
v -0.00549153984 0.0500794686 0.00119533751
v -0.00630331645 0.0498182438 0.00124212145
v -0.00630381191 0.0493567288 0.00137433794
v -0.00621685525 0.0510749556 0.000697832264
v -0.00624011923 0.0507821813 0.00085750944
v -0.00540349819 0.0510304756 0.000807694625
v -0.00628045155 0.0502585918 0.00108867907
v -0.00525389053 0.0531488508 -0.00168024085
v -0.00618500309 0.0529690534 -0.00170852942
v -0.00617178669 0.0525765382 -0.000846509531
v -0.00537541183 0.0535954833 -0.006134036
v -0.00524628302 0.0533100106 -0.00224852399
v -0.00439696526 0.0531785376 -0.00179349224
v -0.00438768649 0.0533225462 -0.0023575339
v -0.00364411576 0.0529955365 -0.00192888349
v -0.00363984518 0.0531359054 -0.00247144187
v -0.00298793218 0.0527594127 -0.00259435643
v -0.00299530127 0.0523864888 -0.00153156149
v -0.00365419965 0.0527535118 -0.0013123987
v -0.00441270834 0.05292245 -0.00114278519
v -0.00526546873 0.0528734513 -0.00102072
v -0.00616815453 0.0521555766 -0.000225852986
v -0.00601822929 0.0479718708 0.00167146639
v -0.00463842414 0.0493055098 0.00134259113
v -0.00240740809 0.0515429601 -0.00129317457
v -0.00300072064 0.0520275533 -0.000937301142
v -0.00367046404 0.0523537807 -0.000653075869
v -0.0044361013 0.0524903461 -0.000444292498
v -0.00528414221 0.0524190962 -0.000311275129
v -0.00618018676 0.0516646989 0.000275557017
v -0.00619584834 0.0532367267 -0.00263521937
v -0.00525083626 0.0534776077 -0.0032468494
v -0.00439552963 0.053455364 -0.00334718404
v -0.00365152536 0.0532668568 -0.00343713164
v -0.00298939738 0.0529097803 -0.00351696811
v -0.00241359323 0.0522151031 -0.00272601889
v -0.00241562608 0.051855024 -0.00179713115
v -0.00186314015 0.0509280041 -0.00169846194
v -0.00238300441 0.0500716753 -4.78999573e-05
v -0.00307349791 0.0502467677 0.000464461686
v -0.00381964119 0.0503128506 0.000828342105
v -0.00463696476 0.050257124 0.00106841582
v -0.00180614414 0.0502407514 -0.000980890938
v -0.00239107129 0.0506506115 -0.00040844499
v -0.00304196007 0.0509550758 7.68775426e-05
v -0.00375785585 0.0511297025 0.000435337395
v -0.00455405284 0.0511567406 0.000677088567
v -0.00532644754 0.0517899506 0.00031891308
v -0.00448022597 0.0518865883 0.000182234959
v -0.00370250293 0.0517993458 -5.24816205e-05
v -0.00301377405 0.0515403822 -0.000386504253
v -0.00239692978 0.0511345416 -0.000820287853
v -0.0018367481 0.0506095216 -0.00132044905
v -0.00141050981 0.051276926 -0.00612990558
v -0.00161066372 0.0516004078 -0.00613046996
v -0.00170853629 0.0517207943 -0.00530458195
v -0.00222031376 0.0523397885 -0.00613176823
v -0.00228313892 0.0523983277 -0.00528132403
v -0.0028551782 0.052858565 -0.00613267953
v -0.00294942479 0.0529257357 -0.00525670778
v -0.00331597333 0.0531236269 -0.00613314798
v -0.0017892035 0.0517574213 -0.00447211787
v -0.0018489603 0.0516945235 -0.00366261788
v -0.00188192236 0.0515142977 -0.00287780887
v -0.0036757309 0.0532987975 -0.0043264674
v -0.00186403946 0.0509513393 -0.0105484435
v -0.00188094343 0.0512047708 -0.0101456642
v -0.00131630548 0.0500103794 -0.0103978664
v -0.00123163126 0.0509240553 -0.0068880301
v -0.00294683571 0.0529264472 -0.006972278
v -0.0052832542 0.0535593145 -0.00805358496
v -0.00525370799 0.0531721003 -0.0105608674
v -0.00526526244 0.052903071 -0.0112198358
v -0.00528361741 0.0524548069 -0.0119321961
v -0.00532538909 0.0518276989 -0.012567522
v -0.00540213054 0.0510688946 -0.0130591346
v -0.00549122039 0.050115902 -0.0134473825
v -0.00548311276 0.0490971133 -0.0137163587
v -0.00541071966 0.0486265607 -0.0138134705
v -0.00520323776 0.0483309478 -0.0138671789
v -0.00496624317 0.0484148674 -0.0138384774
v -0.00436311634 0.0486014448 -0.0137299392
v -0.00381754199 0.0494783632 -0.013363529
v -0.00362189207 0.048775278 -0.0135081531
v -0.00388487149 0.0487204455 -0.0135992551
v -0.00234508188 0.0494768135 -0.0124947364
v -0.00229098368 0.048930835 -0.0127225481
v -0.00305951317 0.0495213605 -0.0130101517
v -0.00286052749 0.0488888845 -0.0131371254
v -0.0029432734 0.048879914 -0.0131869568
v -0.00124793185 0.0494935177 -0.0108998762
v -0.0011740668 0.0489168316 -0.0113568567
v -0.00171160605 0.0493614636 -0.0118490979
v -0.00123842596 0.0489214435 -0.0114694843
v -0.0016929477 0.04894026 -0.0121209519
v -0.000789817073 0.048882138 -0.0105347829
v -0.000808472687 0.049125012 -0.0102216601
v -0.000816547894 0.0492804721 -0.00998141617
v -0.000818331318 0.0493252799 -0.0099050384
v -0.00082000473 0.0501187332 -0.00697812205
v -0.00128433027 0.0509324372 -0.0076927566
v -0.000822505972 0.0499583781 -0.00815941021
v -0.00132852397 0.0508545488 -0.00846564397
v -0.000824522693 0.0497022569 -0.00907865725
v -0.00135465653 0.0506805293 -0.0091791926
v -0.000823743641 0.0495459437 -0.00946939737
v -0.00298545905 0.0529560298 -0.00784981716
v -0.00367655954 0.0533048809 -0.00790882576
v -0.00298961415 0.0529208705 -0.00872224942
v -0.00365231908 0.0532776825 -0.00880254805
v -0.00298805279 0.0527765229 -0.00964768976
v -0.0036400035 0.053153038 -0.00977046695
v -0.00438764319 0.0533401258 -0.00988428388
v -0.00525154779 0.0534902401 -0.00899264775
v -0.00439641951 0.0534666106 -0.00889262278
v -0.00443348009 0.0535027534 -0.00797728356
v -0.00524626626 0.0533287488 -0.0099931499
v -0.00307363155 0.0502775833 -0.0127167953
v -0.00381949637 0.0503462479 -0.0130809937
v -0.00304162526 0.0509873331 -0.0123281004
v -0.00375698018 0.0511649065 -0.0126869595
v -0.00301359501 0.0515721329 -0.0118622845
v -0.00370178954 0.0518339872 -0.0121963713
v -0.00300075905 0.0520575345 -0.0113078123
v -0.00367008243 0.0523863658 -0.0115913963
v -0.00299537857 0.0524119809 -0.0107112769
v -0.00365401246 0.0527806282 -0.0109294467
v -0.00364402193 0.0530169047 -0.0103130117
v -0.0045832349 0.0488882288 -0.0136939147
v -0.00463920599 0.0493358485 -0.0135944765
v -0.00463664159 0.0502923988 -0.0133209908
v -0.00455279322 0.0511940271 -0.0129288202
v -0.00447916565 0.0519232862 -0.0124310674
v -0.00443545356 0.0525248945 -0.0117996475
v -0.00441231951 0.0529509187 -0.0110982871
v -0.00439664535 0.0532006696 -0.0104479324
v -0.00176884641 0.0498308688 -0.011581311
v -0.00180699199 0.0502650477 -0.0112695713
v -0.0018376821 0.0506336242 -0.0109285926
v -0.00238354621 0.0500991605 -0.0122039504
v -0.00239142193 0.050679177 -0.0118423812
v -0.00239740824 0.0511627123 -0.0114286058
v -0.00240796991 0.0515698418 -0.0109528434
v -0.00241602282 0.0518786013 -0.0104469592
v -0.00227931421 0.0523977466 -0.00694663823
v -0.00170479703 0.0517199636 -0.00692186551
v -0.00235300185 0.052442342 -0.00780587411
v -0.00178672536 0.0517631397 -0.00775988773
v -0.00239370391 0.0523968786 -0.008653217
v -0.00184765051 0.0517061315 -0.00857489277
v -0.00241349638 0.0522321314 -0.0095162699
v -0.00188166869 0.0515308529 -0.00936449971
v -0.00949319918 0.0464179628 0.00147403835
v -0.00948660728 0.0463936888 0.00147659692
v -0.00778706698 0.0471705161 0.0016487547
v -0.0080158459 0.0494429171 0.00116429024
v -0.00665554404 0.0532579906 -0.00329955271
v -0.00662860461 0.0534015149 -0.00421101693
v -0.0073026293 0.0514031947 0.000147076644
v -0.00708869752 0.0518959351 -0.000324105931
v -0.00690509006 0.0523543805 -0.000924520835
v -0.00677847955 0.0527479164 -0.00165481737
v -0.00751647027 0.0509011969 0.000508056663
v -0.00798833184 0.0477491096 0.00155246363
v -0.00608073827 0.0479436666 0.00167332543
v -0.0081178369 0.0483819135 0.00143702072
v -0.00955266971 0.046629224 0.0014550169
v -0.00980975479 0.0476290435 0.00132937834
v -0.00984704029 0.0478204004 0.00130022096
v -0.0081249997 0.0489395075 0.00130835618
v -0.00985708926 0.0483689904 0.00119840226
v -0.00987644866 0.0481659584 0.00124023599
v -0.00771269202 0.0504044443 0.000782678602
v -0.00904371869 0.0500582568 0.000637422665
v -0.00949929282 0.0492729396 0.000952856324
v -0.0096911462 0.048891183 0.00106849219
v -0.00979055092 0.0486353338 0.0011358771
v -0.00853153691 0.0508174449 0.000201668328
v -0.00806067046 0.051459942 -0.000312294869
v -0.00769610843 0.0519671328 -0.000864706817
v -0.00741226692 0.0524097048 -0.00151826581
v -0.0067015565 0.0530452468 -0.00245307619
v -0.00723767001 0.0527448729 -0.00219432637
v -0.0071260673 0.0530302674 -0.00300041307
v -0.00668389304 0.0531882308 -0.00300040795
v -0.0066063907 0.0532113314 -0.00300041027
v -0.00666913623 0.053264007 -0.00335160596
v -0.00683132512 0.0534001775 -0.00462501543
v -0.00684877532 0.0534148365 -0.00483429153
v -0.00759967836 0.0468724146 0.00170263939
v -0.00738045713 0.0462580509 0.00175352802
v -0.00916058663 0.0452966839 0.00153314415
v -0.00873758364 0.0439749844 0.00154452259
v -0.00555654569 0.0468868129 0.00181270274
v -0.00434301933 0.0382572934 0.0018684176
v -0.00218227506 0.0390757099 0.00193411415
v -0.00480954722 0.0451382361 0.00186835963
v -0.00695252139 0.04507998 0.00178428367
v -0.00839796476 0.0429111123 0.00155587215
v -0.0060822037 0.0427645296 0.00181484141
v -0.00780815957 0.0411383212 0.0015779885
v -0.00672760466 0.038198676 0.00161288783
v -0.00644101622 0.0374633893 0.00162175519
v -0.00133443996 0.047755871 0.000184707853
v -0.000581569038 0.0462866947 0.000176249639
v -0.000176030197 0.0462819189 -0.000329885283
v -0.000886253896 0.0395681709 0.00182457827
v -0.000841648376 0.0395851769 0.00181641674
v -0.00275542215 0.0436739177 0.00179740088
v 0.00356219918 0.0412875637 -0.00611237716
v 0.00237350794 0.0437884629 -0.00611676881
v 0.00351665239 0.0412679464 -0.00464949571
v 0.0021690391 0.043997813 -0.00410370668
v 0.00349008292 0.0412571952 -0.00429729838
v 0.00179098197 0.0441263877 -0.00240508909
v 0.00323115895 0.0411548242 -0.00254193903
v 0.00305934809 0.0410876237 -0.00188026566
v 0.00123382162 0.0441797934 -0.0010095078
v 0.0028235775 0.0409957655 -0.00120780349
v 0.00271405815 0.0409531891 -0.000953665003
v 0.000887200295 0.0441782475 -0.000421794568
v 0.00254248409 0.040886566 -0.000607564521
v 0.00253166538 0.0408823639 -0.000587544753
v 0.000494759122 0.0441578329 9.44417989e-05
v 0.00193627831 0.0406517312 0.000282766443
v 5.65999908e-05 0.0441187136 0.000540765061
v 0.00182888063 0.0406102054 0.000403307204
v 0.0017979712 0.0405982621 0.000436434755
v -0.000425628677 0.0440617017 0.000919216545
v 0.00139516848 0.0404427461 0.000813461374
v 0.00135414291 0.0404269286 0.000846848998
v -0.000949938025 0.0439877659 0.00123195548
v 0.000910744828 0.0402561761 0.00115994993
v -0.000420583528 0.0397458561 0.00172203768
v 0.000321805972 0.0400299951 0.00146662153
v -0.00151433132 0.0438978449 0.00148113456
v 0.000857499545 0.0402357019 0.00119231152
v 0.000861372624 0.0402371883 0.00118999172
v -0.00439064018 0.0471880399 0.001740754
v -0.00324598467 0.0474329591 0.00146768196
v -0.00221930351 0.0476255007 0.000959354686
v 0.000186123361 0.046258416 -0.000911578361
v 0.000779475376 0.0461544096 -0.00231104577
v 0.00119680748 0.0459730178 -0.00404096814
v 0.00143645459 0.0457126088 -0.00612014765
v -0.00260643871 0.046134688 0.00150132261
v -0.00382435438 0.0459737815 0.00178834319
v -0.00102981436 0.046273157 0.000609332055
v -0.00151846721 0.0462424457 0.000972424808
v 0.000837087166 0.040252436 -0.0134244664
v 0.000307948125 0.0400501266 -0.0136926882
v -0.00151472515 0.0439230949 -0.0137153044
v -0.0043910481 0.0472141579 -0.0139865577
v -0.00324637024 0.0474581681 -0.0137142744
v 0.000779277936 0.0461670682 -0.00993085094
v 0.00119669561 0.045979932 -0.00820026267
v -0.00221966929 0.0476490259 -0.0132065583
v -0.00133476441 0.0477768332 -0.0124323182
v -0.000176334215 0.0463011675 -0.01191252
v 0.000185858036 0.0462757275 -0.011330721
v -0.00552994478 0.0468495861 -0.0140619688
v -0.00382475718 0.046000056 -0.0140298773
v -0.00275582541 0.0437002145 -0.0140308626
v -0.00319477986 0.0414291658 -0.0141338622
v -0.00518275611 0.0460334904 -0.0140966754
v -0.0021826853 0.0391024277 -0.0141515117
v -0.000894130906 0.0395916998 -0.0140466727
v -0.000841889472 0.0396115854 -0.0140371611
v -0.000439823663 0.039764747 -0.0139476834
v -0.000425992126 0.0440850817 -0.0131539013
v 0.0013943644 0.04046572 -0.0130348783
v 0.00133660028 0.0404436067 -0.013081505
v 0.00178006594 0.0406134054 -0.0126771294
v 5.62568603e-05 0.0441408344 -0.0127756177
v 0.00182843965 0.0406319313 -0.012625738
v 0.000494440086 0.044178471 -0.0123294061
v 0.00193626608 0.0406732112 -0.0125050405
v 0.00251421565 0.0408942215 -0.0116665009
v 0.000886908791 0.0441971757 -0.0118132159
v 0.00254186126 0.0409047827 -0.0116156451
v 0.00271021063 0.0409690067 -0.011276124
v 0.00123355433 0.0441967696 -0.0112254862
v 0.00280405791 0.0410047658 -0.0110607259
v 0.00282253558 0.0410118029 -0.0110157123
v 0.00179078989 0.0441387221 -0.00982968137
v 0.00322902598 0.0411659926 -0.00969070848
v 0.00348513178 0.0412615351 -0.00800188165
v 0.00216893083 0.0440045036 -0.00813058205
v 0.00348593201 0.0412618257 -0.00799302291
v 0.00351729849 0.0412731469 -0.00759116281
v -0.00260682614 0.0461600125 -0.013743354
v -0.000581892789 0.0463076197 -0.0124186967
v -0.00103015394 0.0462955199 -0.0128517589
v -0.00151882635 0.0462660156 -0.0132147707
v -0.000950318237 0.0440121815 -0.0134664113
v 0.000909811119 0.0402802564 -0.0133805843
v -0.00695126317 0.0451067537 -0.0140230134
v -0.00608086633 0.0427914597 -0.014045449
v -0.00434342586 0.0382837914 -0.0140830753
v -0.0073792492 0.0462847017 -0.0139963711
v -0.00759849744 0.046898894 -0.0139476275
v -0.00302109751 0.0149412267 -0.0140359802
v -0.0029378857 0.0164976679 -0.0140240798
v -0.00243447907 0.0136511773 -0.0141700124
v -0.00256072334 0.0340775512 -0.0141114527
v -0.0017919665 0.0322465971 -0.0141181434
v -0.00103081483 0.0304260496 -0.0141244037
v -0.00316686695 0.0298821479 -0.0138966534
v -0.00196088967 0.0268726647 -0.0139201544
v -0.00220553624 0.0277867354 -0.0139095308
v -0.00045660077 0.0286501814 -0.0141323814
v -0.00232617464 0.0281143729 -0.0139077799
v -0.00260046963 0.0287521649 -0.0139043787
v -0.000197233778 0.0232630745 -0.0142042777
v -0.00127558503 0.0229426213 -0.0140820919
v -0.00191057846 0.0252196342 -0.0139648113
v -0.00151580502 0.0194948278 -0.0141395517
v -0.00262459996 0.019486744 -0.0140025094
v -0.00226178113 0.0222956669 -0.0139842406
v -0.00174918619 0.0136339599 -0.0142579414
v -0.00287309918 0.0109672602 -0.0140693216
v -0.00299785915 0.0128081329 -0.0140542025
v -0.00302519859 0.0136703504 -0.0140466532
v -0.00267510442 0.0109783504 -0.0141214989
v -0.00178941956 0.0110262008 -0.0142718311
v -0.00036584842 0.0136260744 -0.0143823531
v -0.0003752333 0.0111012375 -0.014401895
v 0.00100761116 0.0136576146 -0.0144206844
v 0.00129006279 0.0111896358 -0.0144380582
v 0.00122339081 0.0161105376 -0.0143885231
v 0.00127302087 0.0130665144 -0.0144225108
v 0.00127786456 0.0126231797 -0.0144265052
v 0.00120728672 0.0168306082 -0.0143791754
v 0.00120762177 0.016816359 -0.0143793635
v 0.000991042121 0.0165231247 -0.0143838525
v 0.0011543656 0.0283997804 -0.0142439222
v 0.000974190363 0.0272330344 -0.0142501127
v 0.0007977942 0.0272037517 -0.0142423082
v 0.000911743089 0.0260050111 -0.0142605593
v 0.000870787015 0.0254453644 -0.0142648453
v 0.000957813987 0.0240021367 -0.0142838378
v 0.001455019 0.0295125842 -0.0142292622
v 0.00135543023 0.0291957818 -0.0142356344
v 0.000591669348 0.0289604589 -0.0142211365
v 0.00122204795 0.0286994781 -0.0142417755
v -0.000580694934 0.0324819162 -0.0141910939
v 0.000968546083 0.0317170955 -0.0142075475
v 0.000116071613 0.0307030305 -0.0142056923
v 0.00123010401 0.0309399646 -0.0142133879
v 0.00153414265 0.0297411885 -0.0142225651
v -0.000275369937 0.0347405747 -0.0141846472
v 0.000172325381 0.0337034985 -0.0141925234
v 0.000752293679 0.0322912037 -0.0142032178
v -0.00133557001 0.034253519 -0.0141770709
v -0.00035359498 0.0164395683 -0.014330769
v -0.0017069102 0.0164322481 -0.0142028444
v -0.00289768539 0.0169774052 -0.0140206004
v 0.000916143705 0.0236293226 -0.0142869996
v -0.000169767984 0.0250644814 -0.0141795333
v -0.000163740769 0.0259470493 -0.0141687943
v -0.000190470906 0.0268549547 -0.0141538819
v -0.00028780385 0.0277692601 -0.0141377188
v -0.00187428202 0.0261187088 -0.0139473667
v 0.00130007637 0.00544495648 -0.0144734615
v 0.00129275746 0.0108611146 -0.0144400941
v 0.00130272191 0.00860389415 -0.014454077
v 0.000193707296 0.00857623573 -0.0144358939
v 0.00130109396 0.00585763343 -0.0144708315
v -0.00274326373 0.00972065888 -0.0140859885
v -0.00196974631 0.0085222749 -0.014239178
v -0.00102793879 0.00854589138 -0.0143497838
v 0.00574365212 0.0358773395 -0.00454446301
v 0.00564984791 0.0357261449 -0.003331149
v 0.00572599564 0.0358490385 -0.00423352281
v 0.00529491343 0.0351544842 -0.0013733668
v 0.0054913424 0.0354708545 -0.0022318156
v 0.00554936985 0.0355641581 -0.00256939908
v 0.00555226067 0.0355687998 -0.00258769048
v 0.00475739408 0.0342798978 -2.18694331e-05
v 0.00448537106 0.0338331498 0.000396718679
v 0.00482238736 0.0343861878 -0.000141288503
v 0.00491986051 0.0345450491 -0.000337608973
v 0.00504710805 0.0347519219 -0.000631115225
v 0.00524826767 0.0350789279 -0.00121160678
v 0.00529417302 0.0351532772 -0.00137067842
v 0.00441146968 0.0337109566 0.000491698389
v 0.00398675725 0.0330026783 0.000922925246
v 0.00296814949 0.0311922524 0.00147690368
v 0.00326834409 0.0317501388 0.00136121421
v 0.00352598517 0.0322098061 0.00123475422
v 0.00252240058 0.0302814767 0.00160048588
v -0.00507368753 0.0108522978 -0.0060595395
v -0.00502422871 0.0108581251 -0.00822127983
v -0.00498033827 0.0108612934 -0.00894019194
v -0.00490635866 0.0108658718 -0.00972784683
v -0.00483075017 0.0108701391 -0.0103067989
v -0.00470943144 0.0108766081 -0.0109969461
v -0.00462388527 0.0108810682 -0.0113682998
v -0.00446375785 0.0108892852 -0.0119125945
v -0.00426591374 0.0108990874 -0.0124142598
v -0.00411168952 0.0109064979 -0.0127267903
v -0.00371205155 0.0109256115 -0.0133920386
v -0.00338796922 0.0109417774 -0.0137593383
v -0.00297250063 0.0109625142 -0.0140267732
v -0.00501560606 0.0108460803 -0.00366207981
v -0.00498302141 0.0108461278 -0.00317861699
v -0.00484778313 0.0108493557 -0.00191980368
v -0.00472664926 0.0108538875 -0.00121087022
v -0.00460862415 0.0108589502 -0.000697240292
v -0.00432931352 0.0108720632 0.000147169863
v -0.00392801873 0.0108910082 0.000936583092
v -0.00373782567 0.0108993184 0.00123559311
v -0.00355210877 0.0109075047 0.00147424091
v -0.00333750062 0.0109174289 0.00168199115
v -0.0031674183 0.0109256767 0.00180385832
v -0.00486764451 0.01295703 -0.00122876815
v -0.00452580303 0.0129712168 -1.5380012e-05
v -0.00296268822 0.0120366048 0.00193375628
v -0.00303023076 0.0139108095 0.00191045937
v -0.00329536945 0.0130262952 0.00178430392
v -0.00323767681 0.0283310674 0.00114448636
v -0.00327402516 0.0280948952 0.00096103712
v -0.0030406306 0.0274846554 0.000983240316
v -0.00398637075 0.0272542387 -0.00270922645
v -0.0040270281 0.0272405259 -0.00330439769
v -0.00402482646 0.0272191409 -0.00330371317
v -0.00517068803 0.0120945675 -0.00606171321
v -0.00512451911 0.0129481144 -0.00319072697
v -0.00521501945 0.0129486471 -0.00606320379
v -0.00496550649 0.0176025126 -0.0032147984
v -0.00505622104 0.0176116899 -0.00607132819
v -0.0052097314 0.0155884717 -0.00606780499
v -0.00407574186 0.0262431111 -0.00608634995
v -0.00412196526 0.0255116932 -0.00608507823
v -0.00405413518 0.0252420232 -0.00325146317
v -0.00414549932 0.0252549499 -0.0060846298
v -0.0047823363 0.0200394318 -0.0060755522
v -0.00407053111 0.0272258371 -0.0043108915
v -0.00398759777 0.0262426659 -0.00326875877
v -0.00405177195 0.0272325128 -0.00379541703
v -0.00405383902 0.0272317957 -0.00384422415
v -0.00378860207 0.0273257717 -0.00109341077
v -0.00380674819 0.0273203403 -0.00119615311
v -0.00383226061 0.0272636227 -0.00139971741
v -0.00383599638 0.0273102727 -0.00137582945
v -0.00331385806 0.0278990511 0.000770672108
v -0.00336779072 0.0277221594 0.000548322278
v -0.00329324161 0.0274065919 0.00050070713
v -0.00343718356 0.027582461 0.000305296504
v -0.00350464345 0.0274918303 7.96736058e-05
v -0.00367250573 0.0273643788 -0.00054244377
v -0.00356965745 0.0273301937 -0.000217553985
v -0.00316848024 0.0298556685 0.0017103994
v -0.00333908456 0.0301881116 0.00170701148
v -0.00319053349 0.0297274906 0.00167128339
v -0.00254444848 0.0285882447 0.00172351126
v -0.00303094415 0.0289242119 0.00155280484
v -0.00249513821 0.0276682582 0.00157681305
v -0.00212547346 0.027504338 0.00173195975
v -0.00230758311 0.0270320904 0.00159067754
v -0.00219675014 0.0263932068 0.00161551137
v -0.00217491318 0.0257434063 0.00164163776
v -0.0018734131 0.0257496852 0.00178481673
v -0.00191279966 0.026588304 0.00175657927
v -0.00286869635 0.019883465 0.00170600112
v -0.0023976576 0.0212067626 0.00183620153
v -0.00222890312 0.0250710286 0.00165131444
v -0.00201272126 0.0242351927 0.0018064297
v -0.00330299512 0.0152380122 0.00175642443
v -0.0030092604 0.0152369784 0.00189512037
v -0.00296296598 0.0161426291 0.00188528991
v -0.0036052058 0.0130120702 0.00154045539
v -0.00388803869 0.0129992776 0.00119529036
v -0.00418087607 0.0129863024 0.000713980757
v -0.00373625406 0.0262572449 -0.00134360162
v -0.00379449152 0.0252156742 -0.00131615344
v -0.00469021825 0.0200383775 -0.00322637265
v -0.00483135693 0.0196382627 -0.00607485417
v -0.00317485281 0.0199084319 0.00146437204
v -0.00253407401 0.0250986479 0.00141125207
v -0.00345452479 0.0199314654 0.00112265476
v -0.00281298021 0.0251240823 0.00107193773
v -0.00374532701 0.0199557226 0.000646271277
v -0.00277728587 0.0263338089 0.00103631301
v -0.00306387083 0.0263079163 0.000563759182
v -0.00320326514 0.0285985116 0.00130893907
v -0.00278222538 0.0275707282 0.00133142783
v -0.00260384916 0.0269634668 0.00134892226
v -0.00250036176 0.0263617728 0.00137558836
v -0.0024809055 0.025755005 0.00140186597
v -0.00276055862 0.0257658269 0.0010629755
v -0.00315497932 0.0291712154 0.00154702901
v -0.00418699393 0.0152411237 0.000689927314
v -0.00389432791 0.0152398301 0.00116945757
v -0.00361209945 0.0152388588 0.00151337706
v -0.00340155768 0.0262810383 -0.000152441193
v -0.00310382387 0.02515091 0.000598975748
v -0.0034497974 0.0251829904 -0.000119474273
v -0.00408987934 0.0199847165 -7.66513622e-05
v -0.00443243003 0.0200143382 -0.00128017436
v -0.00470786961 0.0175869204 -0.00126363558
v -0.00513290986 0.0152489729 -0.00320317503
v -0.00487521337 0.0152453547 -0.0012469209
v -0.00453244615 0.0152428579 -3.71022797e-05
v -0.00436534407 0.0175685007 -5.69924559e-05
v -0.00402045948 0.0175507385 0.000667979766
v -0.0037288114 0.0175359156 0.00114594656
v -0.00344790681 0.0175219029 0.00148877362
v -0.00314033008 0.0175067876 0.0017311218
v -0.0027329938 0.0185579658 0.0018613158
v -0.00398774166 0.0262520276 -0.00890395511
v -0.00402496895 0.0272283964 -0.00887240935
v -0.00383249787 0.0272791982 -0.0107765589
v -0.00452611363 0.0129913371 -0.0121111069
v -0.00405428046 0.0252514407 -0.00891776755
v -0.00469035702 0.0200478621 -0.00892474689
v -0.00512466673 0.0129576847 -0.00893569179
v -0.00513305655 0.0152585069 -0.00893126708
v -0.00496564573 0.0176120289 -0.00892783888
v -0.00486789737 0.0129731204 -0.0108976774
v -0.00329576945 0.0130523909 -0.0139109232
v -0.00314072752 0.0175327286 -0.0138733564
v -0.00330339372 0.0152640184 -0.0138907591
v -0.00286909263 0.0199093334 -0.0138565134
v -0.00219714199 0.0264187977 -0.0137886843
v -0.00217530644 0.0257690847 -0.0138125438
v -0.0022292966 0.0250967331 -0.0138198808
v -0.0023079738 0.0270575993 -0.013766082
v -0.00250074803 0.0263865646 -0.0135486638
v -0.00303134019 0.0289495997 -0.0137348445
v -0.0024955282 0.0276937261 -0.0137544479
v -0.00278260955 0.0275953785 -0.0135087324
v -0.00329358107 0.0274284855 -0.0126774646
v -0.00373649434 0.0262730066 -0.0108291637
v -0.00356995827 0.0273497012 -0.0119589502
v -0.00260422658 0.026988171 -0.013524102
v -0.00277764653 0.0263574757 -0.0132093048
v -0.0030409887 0.0275081526 -0.0131602613
v -0.00306421355 0.0263300128 -0.0127366725
v -0.00248128572 0.0257798787 -0.0135728261
v -0.00253445492 0.0251235552 -0.0135799246
v -0.00388841447 0.0130234146 -0.0133218439
v -0.00418122578 0.013008845 -0.0128405038
v -0.0038947023 0.015263889 -0.0133038266
v -0.00418733526 0.0152635891 -0.0128243156
v -0.00372917717 0.0175599046 -0.0132883117
v -0.00402080733 0.0175731499 -0.0128104137
v -0.00345489709 0.0199553892 -0.0132733593
v -0.00374567369 0.0199780688 -0.0127970725
v -0.00310416869 0.0251731239 -0.0127678597
v -0.00360560021 0.0130373575 -0.0136670405
v -0.00361248502 0.0152640585 -0.0136477305
v -0.00344829122 0.0175470375 -0.0136310793
v -0.00317523605 0.0199334901 -0.0136149852
v -0.00281334273 0.0251478665 -0.0132407127
v -0.00276092812 0.0257895775 -0.0132339885
v -0.00340186199 0.0263007544 -0.0120203923
v -0.00345010334 0.0252028126 -0.0120495344
v -0.0037947332 0.0252315234 -0.0108529795
v -0.00409017969 0.0200046636 -0.0120742656
v -0.0044326731 0.0200302862 -0.010870859
v -0.0043656528 0.0175885018 -0.0120855151
v -0.00470811361 0.0176029094 -0.0108789466
v -0.00453275582 0.0152629148 -0.0120973028
v -0.00487545831 0.0152613921 -0.0108875027
v -0.0113533689 0.0481944866 -0.00879359618
v -0.0113039529 0.0484731346 -0.00897239055
v -0.0112247821 0.0487877205 -0.00904284045
v -0.0113784326 0.0479401425 -0.0082298778
v -0.0113782911 0.047958117 -0.00838525873
v -0.0113750398 0.0480076559 -0.00853235461
v -0.0113720875 0.0480043478 -0.00793031044
v -0.011353354 0.0481806435 -0.00767422887
v -0.0113167847 0.0484413765 -0.00750130648
v -0.011287584 0.0486081988 -0.00745638274
v -0.0112569463 0.0487589203 -0.00745122461
v -0.0115744043 0.0484089628 -0.00784885511
v -0.0115737831 0.0484093092 -0.00787295401
v -0.0115928166 0.0482823625 -0.00806220528
v -0.0114936782 0.0488157123 -0.00766759785
v -0.0114973867 0.048817873 -0.00771928718
v -0.0115372809 0.0486226082 -0.00774310995
v -0.0115419356 0.0485985428 -0.00773242023
v -0.0115270494 0.0485535078 -0.00764194829
v -0.0114761535 0.0488103069 -0.0076066996
v -0.0114224153 0.0484812632 -0.00752331642
v -0.0113838352 0.0484677404 -0.00750736799
v -0.0113562774 0.0486236848 -0.00746741053
v -0.0114429127 0.0488016009 -0.00754812639
v -0.0114854816 0.0485142358 -0.00757257408
v -0.0114303585 0.0487984829 -0.00753265619
v -0.0114835156 0.0485128984 -0.00757037941
v -0.0114282714 0.0487979725 -0.00753031159
v -0.0113647878 0.0487830043 -0.00747981481
v -0.0113501661 0.0487796515 -0.00747237215
v -0.0114357648 0.0486997589 -0.00895088911
v -0.01139706 0.0488331504 -0.00897000264
v -0.0114337234 0.04869885 -0.00895312242
v -0.0113322381 0.0488169603 -0.00901827309
v -0.0113713956 0.048674725 -0.00900063291
v -0.0113281142 0.0488158837 -0.00902033504
v -0.0114738662 0.0488466881 -0.00878295861
v -0.0114691956 0.0488472357 -0.00882795267
v -0.011500312 0.0487440638 -0.00878643617
v -0.0114477742 0.0488441177 -0.00889513269
v -0.0114803333 0.0487232432 -0.00887985248
v -0.0114188697 0.0488381609 -0.00894415285
v -0.0113992291 0.0488336571 -0.00896772556
v -0.0115931174 0.0482811332 -0.0080251703
v -0.0115822814 0.0481806956 -0.00798672251
v -0.0115625756 0.048330985 -0.00777925318
v -0.0115425512 0.0481011756 -0.0079575954
v -0.0115226563 0.0482678451 -0.00772610353
v -0.0115406252 0.0480986126 -0.00795668177
v -0.0115207303 0.048265785 -0.00772442808
v -0.0114799412 0.0480425656 -0.00793723017
v -0.011460267 0.0482196882 -0.00768856145
v -0.0115422672 0.0485564023 -0.00870225113
v -0.0115274172 0.0486305766 -0.00875187013
v -0.0115118967 0.048589658 -0.00883932039
v -0.0114704408 0.0485517159 -0.00890602265
v -0.0114684887 0.0485503785 -0.00890812557
v -0.0114079304 0.0485177152 -0.0089529939
v -0.0115841608 0.0483368412 -0.00849909429
v -0.011569472 0.0484270006 -0.00862710364
v -0.0115589891 0.048349753 -0.00869314373
v -0.0115204472 0.0482860468 -0.00874385145
v -0.0115185725 0.0482839495 -0.00874545798
v -0.0114592277 0.0482364669 -0.00877992064
v -0.0115967048 0.0482569486 -0.00828210358
v -0.0115924254 0.0482881367 -0.0084444331
v -0.0115828626 0.0481871292 -0.0084790187
v -0.0115442425 0.0481066927 -0.00850584917
v -0.0115423454 0.0481040999 -0.00850670412
v -0.0114824502 0.0480470546 -0.00852518715
v -0.0115991002 0.0482359938 -0.00823328365
v -0.0115887374 0.0481269993 -0.00823125802
v -0.011549172 0.0480410866 -0.00823009945
v -0.0115472423 0.0480383299 -0.00823006965
v -0.0114865387 0.0479782782 -0.00822962727
v -0.0113327717 0.0486621261 -0.0090163406
v -0.0113697322 0.0485029109 -0.00896795839
v -0.0114211421 0.0482180193 -0.00879158545
v -0.011444007 0.0480263121 -0.00853155367
v -0.0114475582 0.0479749851 -0.0083829537
v -0.0114477789 0.0479568504 -0.00822960958
v -0.0114412298 0.0480223 -0.00793077145
v -0.0114217354 0.0482021831 -0.0076764957
v -0.0114589073 0.0489440523 -0.00828041229
v -0.0113315135 0.0493550524 -0.00842509605
v -0.0113618737 0.0492400788 -0.00862793718
v -0.0113769453 0.0491865128 -0.00867911056
v -0.0113332393 0.049371399 -0.00820096582
v -0.0113760456 0.0492602736 -0.00794243254
v -0.0114411525 0.0490468405 -0.0077664596
v -0.0114398189 0.0489663258 -0.00878000166
v -0.0113607105 0.0490789115 -0.00758227799
v -0.0113162808 0.049104508 -0.00893443637
v -0.0113758184 0.0490892604 -0.00886396039
v -0.0114444532 0.049034413 -0.00774167199
v -0.0113894828 0.0492203906 -0.00786941871
v -0.0113453977 0.0493463799 -0.0080551682
v -0.0113227563 0.0493949875 -0.00826860778
v -0.0113293007 0.0493546054 -0.00847951602
v -0.0113613848 0.0492365621 -0.00865807384
v -0.0114188027 0.0490333289 -0.00879051443
v -0.011248068 0.0489501767 -0.00903275888
v -0.0112482915 0.0491043963 -0.00897859503
v -0.0112025458 0.0490979291 -0.008994909
v -0.0111806132 0.0489320271 -0.00904066022
v -0.0111614652 0.0492309742 -0.00892433524
v -0.0110935066 0.0492138788 -0.00892998837
v -0.0111233806 0.0491172895 -0.00898575969
v -0.0109991729 0.0495404527 -0.00842249859
v -0.0110094193 0.049496308 -0.00857033767
v -0.0110779712 0.0495117903 -0.00856962334
v -0.0110376645 0.049397137 -0.00874955952
v -0.0111261345 0.0493463166 -0.00882636756
v -0.0109998574 0.0495555848 -0.00826441217
v -0.0110685518 0.0495702475 -0.00826736726
v -0.0110126566 0.0495379679 -0.0081056999
v -0.0111036738 0.0495054871 -0.00796239544
v -0.0110351276 0.0494912826 -0.0079560047
v -0.0111703891 0.0493329391 -0.00769787934
v -0.0110848714 0.0493667796 -0.0077442131
v -0.0110391593 0.0494820774 -0.00793460663
v -0.0111767109 0.0490841009 -0.00751640741
v -0.0111050634 0.0493105091 -0.00768003939
v -0.0111037241 0.0493143275 -0.00768401148
v -0.0111021567 0.049318783 -0.00768870628
v -0.0112510566 0.0490759127 -0.00751707284
v -0.0111833159 0.0490607992 -0.00750592444
v -0.0112911155 0.0489230193 -0.00747157773
v -0.0112958793 0.0490806065 -0.0075356164
v -0.0113144973 0.0492971912 -0.00872725714
v -0.0112759657 0.0494349115 -0.00851778407
v -0.0112682926 0.0494824164 -0.00827047415
v -0.0112959696 0.0494263694 -0.00802036654
v -0.0113492431 0.0492801182 -0.00780289387
v -0.0112467613 0.049334906 -0.00878125057
v -0.0112030227 0.0494878516 -0.00854689907
v -0.0111944368 0.049541112 -0.00827047694
v -0.011226193 0.0494797751 -0.00799116399
v -0.0112868296 0.0493184142 -0.00774853909
v -0.01141477 0.0490636192 -0.00765359728
v -0.0112169236 0.0493334047 -0.00771249318
v -0.0111517683 0.0495033339 -0.00797103252
v -0.0111175003 0.04956742 -0.00826894026
v -0.0111266822 0.049510438 -0.00856402703
v -0.0111736758 0.0493482128 -0.00881448016
v -0.011375593 0.0470907502 -0.00959904958
v -0.0113591058 0.0469468683 -0.00960573927
v -0.0113368668 0.046788305 -0.00965061691
v -0.0112943491 0.0465466417 -0.00981792063
v -0.0112585779 0.0463866703 -0.0100628221
v -0.011240093 0.0463293046 -0.0103471857
v -0.0112461774 0.0463879779 -0.0106325103
v -0.0112719834 0.0465482734 -0.0108789485
v -0.0113098193 0.046789296 -0.0110463435
v -0.0113308579 0.0469335429 -0.0110878507
v -0.0113500208 0.0470747352 -0.011095535
v -0.0115425223 0.0468117781 -0.00974785816
v -0.0115875723 0.0468406379 -0.00983139314
v -0.0115570547 0.0466507711 -0.00995374285
v -0.0115672024 0.0468274653 -0.0108678546
v -0.0115780216 0.0468182303 -0.010784884
v -0.0116072381 0.0470492654 -0.0108327623
v -0.011540195 0.0466412716 -0.0107434094
v -0.0115222195 0.0465187058 -0.0105596008
v -0.0115518793 0.0466399342 -0.0106345061
v -0.0115401726 0.046553351 -0.0104384562
v -0.0115183461 0.0464759469 -0.0103468122
v -0.0115316296 0.0465236716 -0.0101351617
v -0.0115476176 0.0465681292 -0.0102078374
v -0.0115683842 0.0466693528 -0.0100351255
v -0.0116021959 0.0468845703 -0.00989080593
v -0.0116229067 0.0470629185 -0.00986590143
v -0.0116153639 0.0470646396 -0.0097978618
v -0.011605097 0.0470661148 -0.00976507924
v -0.0115527846 0.0470724404 -0.00967916381
v -0.0115136001 0.047076758 -0.00964329857
v -0.0114226872 0.0470861532 -0.00960252434
v -0.0114696287 0.0470813848 -0.0096174432
v -0.0114247715 0.0469400957 -0.00961378217
v -0.0115100071 0.0470771454 -0.00964068621
v -0.011474519 0.0467955954 -0.00968549307
v -0.0113554234 0.0466498584 -0.0109695736
v -0.0113375327 0.0465379991 -0.0108733149
v -0.0113119259 0.0463785343 -0.0106267156
v -0.0113063343 0.0463222153 -0.0103418464
v -0.0113254264 0.0463830233 -0.0100589376
v -0.011361626 0.0465469211 -0.00981674995
v -0.0113969287 0.0470692553 -0.0110927653
v -0.011396572 0.0469247289 -0.0110826306
v -0.0114457663 0.047063753 -0.0110786222
v -0.0114673143 0.0469217934 -0.0110514238
v -0.0114853252 0.0470594727 -0.0110578109
v -0.0115424963 0.0470536761 -0.011006834
v -0.0115181152 0.0467977189 -0.0109511809
v -0.011585677 0.0470499322 -0.0109347524
v -0.0116008269 0.0470490493 -0.0108863795
v -0.0114470795 0.0467816144 -0.0110118408
v -0.0115061235 0.0465936624 -0.00988964457
v -0.0114755472 0.0464480557 -0.010099967
v -0.0114594959 0.0463936664 -0.0103455056
v -0.0114641907 0.0464429781 -0.0105926003
v -0.011485829 0.0465837792 -0.0108062644
v -0.0114043187 0.0467929095 -0.00965366419
v -0.0114338165 0.0465579666 -0.00984153897
v -0.0113994125 0.0463995971 -0.0100731524
v -0.0113813058 0.0463406816 -0.0103436597
v -0.0113866068 0.0463947356 -0.0106160175
v -0.0114109498 0.0465483926 -0.0108517082
v -0.01137543 0.0467796363 -0.0110410368
v -0.0116478922 0.0475117788 -0.0100852018
v -0.0116471564 0.0475920066 -0.0102657592
v -0.0116176195 0.0470553227 -0.0103467638
v -0.0116289891 0.0472835563 -0.0107888477
v -0.0116417967 0.0475062393 -0.0106138978
v -0.0116450917 0.0475860126 -0.0104511548
v -0.0116415257 0.0473072194 -0.00991549715
v -0.0114255827 0.0473723337 -0.011045672
v -0.0114730885 0.0473636948 -0.0110327462
v -0.0114820693 0.0476280674 -0.0108703645
v -0.0113913193 0.0478123389 -0.0100332452
v -0.0113903219 0.047826238 -0.0100614075
v -0.0114375688 0.0478246287 -0.0100634238
v -0.0113859978 0.0475659855 -0.0109452214
v -0.0113797002 0.0473969541 -0.0110403812
v -0.0116096586 0.0472954586 -0.0108976383
v -0.0116242459 0.0476598591 -0.0105739133
v -0.0116210226 0.0475113764 -0.0107671749
v -0.0115169166 0.0473511778 -0.0110104643
v -0.011555288 0.047335241 -0.0109797213
v -0.0115655297 0.0475822277 -0.0108298883
v -0.0114341378 0.0476393998 -0.0108802086
v -0.0113869552 0.0476421937 -0.0108823078
v -0.0114319548 0.0478230566 -0.0106349131
v -0.0113846706 0.0478246845 -0.0106358305
v -0.0113867931 0.0477155149 -0.0108050639
v -0.0114305252 0.0478917435 -0.0103494013
v -0.0113854446 0.0478798561 -0.010221418
v -0.0113832122 0.047892902 -0.0103488779
v -0.0113833435 0.0478674248 -0.0105236685
v -0.0113968179 0.0477059744 -0.00987644028
v -0.0114457197 0.0476436503 -0.00981715135
v -0.0113985948 0.0476463363 -0.00981381163
v -0.0114438087 0.0473814867 -0.0096508842
v -0.0113970945 0.0473925397 -0.00964942388
v -0.0114909261 0.0473732799 -0.00966507941
v -0.0115715964 0.0473456606 -0.00971955992
v -0.01156615 0.0477522016 -0.0106079355
v -0.0116237896 0.0473062359 -0.00980159827
v -0.011630143 0.0475178175 -0.00993166305
v -0.0115759168 0.0475876927 -0.00986936223
v -0.011571195 0.0477544963 -0.010091546
v -0.0116287125 0.047662843 -0.0101247113
v -0.0115340911 0.0473612137 -0.00968828145
v -0.0114804832 0.0478099696 -0.010629735
v -0.011525196 0.0478525572 -0.0103498641
v -0.0114793284 0.0478780903 -0.0103497347
v -0.0115311863 0.04778805 -0.0100788474
v -0.0114859734 0.0478116907 -0.0100693554
v -0.0114933876 0.047632616 -0.00982797239
v -0.0115258861 0.0477860831 -0.0106206136
v -0.0115660438 0.0478160493 -0.0103498129
v -0.0116254427 0.04771588 -0.010349283
v -0.0116061857 0.0478211716 -0.00584644964
v -0.0115527958 0.0479007997 -0.0058154352
v -0.0115495063 0.0479503274 -0.00597051904
v -0.011630876 0.047768414 -0.00612405455
v -0.0115790702 0.0479265973 -0.00612432603
v -0.0115487296 0.0479649343 -0.00612439495
v -0.0115043363 0.0479996502 -0.00612446014
v -0.011365151 0.0480348095 -0.00612454303
v -0.0114684356 0.0480167381 -0.00612449599
v -0.0114693716 0.0480013937 -0.00596043654
v -0.0113703618 0.0479668267 -0.00578601332
v -0.0114732524 0.0479493067 -0.00579511002
v -0.0113816271 0.0477627777 -0.00549152214
v -0.0114785051 0.0478636399 -0.00564275123
v -0.0114834765 0.0477476977 -0.00550934067
v -0.0115026673 0.0470890775 -0.00527183386
v -0.0114700533 0.0470915064 -0.00525455968
v -0.0114862211 0.0474426299 -0.0053195362
v -0.0113693187 0.047099065 -0.0052294936
v -0.0113814771 0.0473037176 -0.00525081856
v -0.0113853365 0.0474542342 -0.00529625174
v -0.0113834227 0.0477070473 -0.00544258393
v -0.0115761999 0.0470836386 -0.00534815295
v -0.0115454989 0.0470858999 -0.00530705834
v -0.0116111748 0.0473845415 -0.00544503517
v -0.0115624312 0.0474193506 -0.005369219
v -0.0115611842 0.0477091745 -0.00554733537
v -0.0116316825 0.0477464348 -0.00596820237
v -0.011634917 0.047613889 -0.00572870579
v -0.0116119264 0.0476473048 -0.00560530694
v -0.0116321882 0.0473403372 -0.00554339122
v -0.0116179558 0.0470807143 -0.00549280411
v -0.0115571776 0.0478193611 -0.00567250513
v -0.0115027279 0.0470919013 -0.00697394833
v -0.0115455352 0.0470886044 -0.00693873269
v -0.0115625169 0.0474218577 -0.00687767984
v -0.0116332732 0.0476969071 -0.00640445109
v -0.0116062444 0.0478220135 -0.00640182244
v -0.0116119981 0.0476489626 -0.00664233929
v -0.0115495659 0.0479507931 -0.00627821917
v -0.0116354572 0.0475294068 -0.00659789797
v -0.0116112484 0.0473867543 -0.00680168811
v -0.0116270436 0.0472227484 -0.00674024364
v -0.0115762716 0.0470862202 -0.00689757057
v -0.0116179902 0.0470828116 -0.00675296504
v -0.0113693671 0.0471020341 -0.00701632956
v -0.0114701297 0.0470943898 -0.00699122716
v -0.0113817295 0.0473119467 -0.00699457619
v -0.0114863021 0.0474453159 -0.00692746928
v -0.0113847759 0.0474191643 -0.00696462812
v -0.0114694107 0.0480019413 -0.00628847722
v -0.0114733083 0.0479504056 -0.00645363005
v -0.0113703804 0.0479679443 -0.00646285107
v -0.0114785619 0.0478652567 -0.00660570059
v -0.0113816541 0.0477648973 -0.00675659301
v -0.0114835473 0.0477497503 -0.00673871394
v -0.0113834012 0.047711283 -0.0068037617
v -0.0113853812 0.0474569909 -0.00695080403
v -0.0115528638 0.0479018018 -0.00643312791
v -0.0115572466 0.0478208438 -0.00657577906
v -0.0115612596 0.0477110669 -0.00670056418
v -0.0116178459 0.0470900089 -0.00612300122
v -0.0115931751 0.0468263291 -0.00671051815
v -0.0115617998 0.0465926491 -0.00656505534
v -0.0115384618 0.0464485548 -0.00635504723
v -0.0115301441 0.0464010611 -0.00612167176
v -0.0116044898 0.0469286963 -0.00550391246
v -0.0115428595 0.0464734882 -0.00583343115
v -0.0115689849 0.046639733 -0.00563711999
v -0.0112635633 0.0463365316 -0.0056165983
v -0.0112685952 0.0463619828 -0.00558194751
v -0.0113833845 0.046365045 -0.00559990341
v -0.0112719042 0.0463790298 -0.0055605704
v -0.0113114342 0.0466050468 -0.00536546297
v -0.0114246197 0.0466043279 -0.00539074512
v -0.0113206757 0.0466654226 -0.00533180637
v -0.0113533894 0.0469210297 -0.00524492934
v -0.0114652133 0.0469154194 -0.00527440105
v -0.0115771955 0.0469283201 -0.00538934348
v -0.01153077 0.0469185002 -0.00532105053
v -0.0112295831 0.0461776331 -0.00612129737
v -0.0112313218 0.046186097 -0.00599543424
v -0.0112587223 0.0461750664 -0.00612128759
v -0.0112405317 0.0462270342 -0.005829609
v -0.0113462377 0.0461836271 -0.00612128899
v -0.0113552269 0.0462266393 -0.00585521245
v -0.0113795744 0.0461955257 -0.00612130575
v -0.0114283813 0.0462603606 -0.00586984353
v -0.0114197703 0.0462191552 -0.00612134114
v -0.0114863971 0.0463210344 -0.00589133706
v -0.0114549082 0.046251595 -0.00612139795
v -0.0115433037 0.0466542579 -0.0054898262
v -0.0114928074 0.0466213115 -0.0054309261
v -0.0115093961 0.0464432165 -0.00567059405
v -0.0114544863 0.0463926606 -0.00562855136
v -0.011344716 0.0468468927 -0.00698232092
v -0.0114283953 0.0462612547 -0.00637324108
v -0.0113555565 0.0462276675 -0.00638771662
v -0.0112311924 0.0461858809 -0.00624284009
v -0.0112429298 0.0462389216 -0.00644218503
v -0.0112631768 0.0463361442 -0.00662358943
v -0.0113838091 0.0463673398 -0.00664390624
v -0.0112687219 0.0463642851 -0.00666195154
v -0.0114253247 0.0466092266 -0.00685469666
v -0.011311858 0.0466100425 -0.00688014599
v -0.0114660803 0.046923399 -0.00697158929
v -0.0113205761 0.0466671251 -0.00691202423
v -0.0115313102 0.0469260849 -0.00692504318
v -0.0115777263 0.0469353124 -0.00685662962
v -0.0114864716 0.0463219322 -0.00635191984
v -0.0115095479 0.0464452133 -0.00657344609
v -0.0115436865 0.0466585495 -0.00675564399
v -0.0114931883 0.0466259494 -0.00681461766
v -0.0114545953 0.0463947691 -0.00661540823
v -0.0108048161 0.0501473546 -0.00612820825
v -0.0108008143 0.050155133 -0.00600601966
v -0.0108936969 0.0502227843 -0.00612834236
v -0.0108720791 0.0502659753 -0.00585050182
v -0.0109096533 0.0502464138 -0.0061283824
v -0.0109098582 0.0503363982 -0.00586522743
v -0.0109307049 0.0502952822 -0.00612846809
v -0.0109394267 0.0503461212 -0.00612855935
v -0.0106062498 0.0509729646 -0.00536685111
v -0.0107503776 0.0507298298 -0.00546762347
v -0.0108584771 0.0505355597 -0.00565558439
v -0.0109197982 0.0504192412 -0.00588734867
v -0.0105189625 0.0508988425 -0.00525126886
v -0.010424816 0.0508364812 -0.00522444351
v -0.0105656311 0.050598193 -0.00531563954
v -0.0106822504 0.0506213605 -0.00536724646
v -0.0105908858 0.0505536459 -0.00534375105
v -0.0108037433 0.0503992029 -0.00558364438
v -0.0107830325 0.0501913875 -0.00584171526
v -0.0107294451 0.0502975024 -0.00561116543
v -0.0107140159 0.050327193 -0.00556665333
v -0.0108440863 0.0504632033 -0.00561235612
v -0.0107275713 0.0506747924 -0.00540725933
v -0.0105715087 0.0509392284 -0.00529728644
v -0.0109098367 0.0503373668 -0.00639211107
v -0.0108721498 0.0502671152 -0.00640658988
v -0.0108010583 0.0501550436 -0.00624667155
v -0.0107830046 0.0501924306 -0.00641514035
v -0.0107302601 0.0502976775 -0.00664331159
v -0.0108036119 0.050401628 -0.00667431299
v -0.0107137868 0.0503295735 -0.00669110753
v -0.0106812455 0.0506260358 -0.00689213118
v -0.0105897551 0.0505583435 -0.00691548456
v -0.0105659859 0.0506003462 -0.00694201654
v -0.0105166985 0.0509058088 -0.00700844079
v -0.010422389 0.0508435182 -0.0070351311
v -0.010569253 0.0509457774 -0.00696257828
v -0.0106041338 0.05097894 -0.00689317845
v -0.010919774 0.050420031 -0.00637029298
v -0.0108582694 0.0505374931 -0.00660285167
v -0.0107493754 0.0507337525 -0.00679208804
v -0.0107265161 0.0506791435 -0.00685228081
v -0.0108438693 0.0504654236 -0.00664581824
v -0.00994985737 0.0509904735 -0.0111486986
v -0.00987325888 0.0510311686 -0.0111530619
v -0.00988729857 0.0509492978 -0.0111743771
v -0.00985199213 0.0510215014 -0.0111587513
v -0.00975684728 0.050958667 -0.0111586507
v -0.00992676057 0.0510486551 -0.0111288475
v -0.0100045884 0.0510194376 -0.0110979807
v -0.00996459648 0.0510549098 -0.0111021372
v -0.010064099 0.051038418 -0.0109927207
v -0.0100596035 0.0510447212 -0.0109911188
v -0.0100750504 0.0510391891 -0.0109651517
v -0.0100737475 0.0510397255 -0.0109675061
v -0.0100929448 0.051015947 -0.0109678647
v -0.0100618843 0.0509656221 -0.0110896779
v -0.010094421 0.0510141179 -0.0109678656
v -0.0101116588 0.0509926751 -0.0109674688
v -0.0100024557 0.050924968 -0.0111528337
v -0.0100456094 0.0509549789 -0.011111673
v -0.00986647047 0.0508198924 -0.011179599
v -0.00990437251 0.0508504957 -0.0111858882
v -0.00998135749 0.0509095751 -0.0111661218
v -0.0101780845 0.0511681922 -0.0099000046
v -0.0101398705 0.0511606596 -0.00982170925
v -0.0100577734 0.0512898229 -0.00993850268
v -0.0100237383 0.0512932763 -0.00990027376
v -0.00998922065 0.0512880944 -0.00986990239
v -0.0100896219 0.0511365905 -0.00976642594
v -0.00995989889 0.0512784533 -0.0098491665
v -0.0099996347 0.0510784537 -0.00971788447
v -0.00992722437 0.0511624627 -0.00976021774
v -0.009882899 0.0512363687 -0.00981106423
v -0.00986766722 0.051225245 -0.00980648492
v -0.0102891447 0.0510385446 -0.00992716849
v -0.0102744102 0.0510217845 -0.0098327864
v -0.0102576558 0.0510072857 -0.00979152042
v -0.0102233179 0.0509800762 -0.00974322949
v -0.0101809101 0.0509482585 -0.0097094262
v -0.0101353219 0.0509150997 -0.00968808774
v -0.0101265684 0.0509088114 -0.00968514942
v -0.0102872541 0.0510418825 -0.00999470428
v -0.0101409834 0.0512220562 -0.0100547057
v -0.0101284422 0.051235877 -0.0100648794
v -0.010004973 0.0511343442 -0.010937063
v -0.00991736446 0.0513221398 -0.00988947973
v -0.00973943062 0.0513470843 -0.00995072629
v -0.0100340089 0.0513270348 -0.0100031681
v -0.0100170001 0.0513428636 -0.0101927062
v -0.00991396513 0.0514306761 -0.0101667587
v -0.00981719419 0.0514791682 -0.0103952754
v -0.00991133507 0.0514044315 -0.010426241
v -0.00977844931 0.0514600277 -0.0106065078
v -0.00988176558 0.0513771661 -0.0106327627
v -0.00978744868 0.0513954684 -0.0107809082
v -0.00984034874 0.0512836799 -0.0109389303
v -0.00991440751 0.0512817055 -0.0108154947
v -0.00991962105 0.0511586145 -0.0110361166
v -0.00985454954 0.0511468016 -0.0110898921
v -0.00978285633 0.0511158891 -0.0111192381
v -0.00964345876 0.0511176027 -0.0110766282
v -0.00968827959 0.0512640029 -0.0110023795
v -0.00951869506 0.0513619222 -0.0107609322
v -0.00956259202 0.0512551069 -0.0109391846
v -0.00958982576 0.0512048528 -0.0109982491
v -0.00966018625 0.0514987335 -0.0103545161
v -0.00951571483 0.0514291897 -0.0105570145
v -0.00961419474 0.0514742881 -0.010605623
v -0.00962508004 0.0513968393 -0.0108134542
v -0.00967860222 0.0513935015 -0.0100464933
v -0.00977507513 0.0514435172 -0.0100833587
v -0.00963281281 0.0514220893 -0.0101351449
v -0.00955567323 0.051449623 -0.0103428792
v -0.00998143293 0.0513368584 -0.00994009804
v -0.00984789245 0.0514513887 -0.0101218708
v -0.00974013377 0.0515042096 -0.010375835
v -0.00969696697 0.0514821187 -0.0106107667
v -0.0097070504 0.0514099635 -0.0108049568
v -0.0097661037 0.0512856543 -0.0109811937
v -0.0103105754 0.0508787595 -0.0104791811
v -0.0104871001 0.0506221689 -0.0105039645
v -0.0105018234 0.0506621599 -0.0102752028
v -0.0104629965 0.0507595129 -0.0101218214
v -0.0103884265 0.0508933328 -0.0100211138
v -0.0102499491 0.0508299656 -0.0109188501
v -0.0104075894 0.0506731495 -0.0107266763
v -0.0100696683 0.050814461 -0.011155149
v -0.0104081752 0.0508202575 -0.0098686507
v -0.0102292048 0.0508240052 -0.0109924283
v -0.0103600724 0.050685212 -0.0108648641
v -0.0104635498 0.0505924933 -0.0106793251
v -0.0105252033 0.0505625345 -0.0104662124
v -0.0105340434 0.0506064631 -0.0102556301
v -0.0104928138 0.0507132486 -0.0100765657
v -0.0104077291 0.0508663803 -0.00995771307
v -0.0102789737 0.0506739281 -0.00972940773
v -0.0104467208 0.0503211878 -0.0101361265
v -0.0103912922 0.0504664183 -0.00989235193
v -0.0104190418 0.0504861958 -0.00989904441
v -0.0103066619 0.0506936088 -0.00973670837
v -0.00995559618 0.0507166348 -0.0111713884
v -0.0102044921 0.0507713594 -0.0110658929
v -0.0105059911 0.0506425053 -0.0100063886
v -0.010553658 0.0505186729 -0.010213675
v -0.0105440225 0.0504679829 -0.0104573416
v -0.010473825 0.0505031869 -0.0107038859
v -0.0103552788 0.0506109297 -0.0109184645
v -0.0103251701 0.05053607 -0.0109525276
v -0.010454163 0.0504177138 -0.01071674
v -0.0105301309 0.0503790267 -0.0104455464
v -0.0105401045 0.0504349247 -0.0101772891
v -0.010487739 0.0505714118 -0.00994886179
v -0.0103808567 0.0507672429 -0.00979680382
v -0.0100105265 0.0507620052 -0.0111764632
v -0.0101602515 0.0507119037 -0.0111141996
v -0.0101053501 0.0506548993 -0.0111339511
v -0.0102774361 0.0504712127 -0.0109649189
v -0.0104115242 0.0503476858 -0.0107177114
v -0.0104901381 0.0503076278 -0.0104329474
v -0.0105000595 0.0503667668 -0.010150888
v -0.0104451627 0.0505103096 -0.00991039071
v -0.0103335725 0.050715901 -0.00974996295
v -0.0100510418 0.0506088026 -0.0111289294
v -0.0102239773 0.0504241809 -0.0109588634
v -0.0103584565 0.0503004156 -0.0107094301
v -0.0104370862 0.0502608642 -0.0104216263
v -0.0100975512 0.0466237962 -0.0136454608
v -0.00983609073 0.0504470244 -0.0120797567
v -0.010879376 0.0481442995 -0.0130901812
v -0.0108850366 0.0477100462 -0.0131775597
v -0.0108030206 0.0470583774 -0.013260969
v -0.010684344 0.046449624 -0.0132892868
v -0.0104093337 0.0465369076 -0.0135323713
v -0.0102777528 0.0461169481 -0.0135739613
v -0.0105285831 0.0460384451 -0.0133729102
v -0.0102709495 0.0477852672 -0.0135231251
v -0.010224645 0.0484541655 -0.01339179
v -0.00935452245 0.0503933765 -0.0126093747
v -0.00976275932 0.0496312417 -0.0129936077
v -0.00987071265 0.0493928939 -0.0130941309
v -0.010595981 0.0481499881 -0.0133395791
v -0.0105954856 0.0477561839 -0.0134150404
v -0.0105254315 0.048536852 -0.0132472916
v -0.0107888579 0.0485813953 -0.0129791284
v -0.0101418281 0.0494908392 -0.0129030813
v -0.0103708906 0.0495273136 -0.0126009416
v -0.0100296885 0.0497232787 -0.0127931004
v -0.0102530941 0.0497490875 -0.0124851651
v -0.00961802062 0.0504594333 -0.0123930331
v -0.00395566551 0.0291331094 -0.0134516219
v -0.00417046668 0.0297482964 -0.0135952262
v -0.0101147257 0.0445530266 -0.0133658024
v -0.00924756285 0.0418063998 -0.0133674424
v -0.00830067415 0.0390812531 -0.0133677814
v -0.00611320557 0.033509776 -0.0133652221
v -0.00424834946 0.0291097146 -0.01323028
v -0.00443815673 0.0296447333 -0.0133650433
v -0.00495087774 0.0307133347 -0.0133754406
v -0.00416670414 0.0281384625 -0.0123689035
v -0.00415624026 0.0285839736 -0.0128997061
v -0.00425782427 0.0278794449 -0.0116859516
v -0.00439943327 0.0278052818 -0.010710109
v -0.00456743827 0.0277455952 -0.0080680903
v -0.00459802896 0.0277447887 -0.00608898327
v -0.00469483715 0.0308345519 -0.0136112338
v -0.00585214049 0.0336179584 -0.0136018135
v -0.00803177059 0.0391812064 -0.0135986125
v -0.00897386763 0.0418975316 -0.0135959955
v -0.00983735826 0.0446396992 -0.0135913827
v -0.00391948828 0.0292265527 0.00133687176
v -0.00396743556 0.0291572697 0.00128794648
v -0.00390671659 0.0288343392 0.00113667862
v -0.00545071997 0.0318324044 0.00117270928
v -0.00449786801 0.0297507383 0.00118773675
v -0.00437590107 0.027796993 -0.00127842079
v -0.00452836649 0.0277490541 -0.0031049375
v -0.00446505751 0.0277688168 -0.0021389008
v -0.00416620262 0.0281194337 0.000192499152
v -0.00425854232 0.0278597977 -0.000498452806
v -0.00415626494 0.028564319 0.000721250952
v -0.0042590294 0.0291277878 0.0010652804
v -0.00780339073 0.0377192833 0.00115396664
v -0.00928655826 0.041901283 0.00113965024
v -0.0105315987 0.0460129716 0.00112653675
v -0.0103167286 0.0451914407 0.00112642802
v -0.01002724 0.0442479849 0.00113015296
v -0.0100376252 0.0452721603 0.00135203218
v -0.00972859189 0.0453097336 0.00144987658
v -0.0102779567 0.0460917987 0.0013310049
v -0.00994093157 0.0461876169 0.00143676915
v -0.00975005236 0.044335641 0.00135550986
v -0.00901244394 0.0419914573 0.00136797421
v -0.00866212416 0.0418316908 0.00146554189
v -0.00760723231 0.038765464 0.00147864548
v -0.00753674516 0.0378220193 0.00138613454
v -0.00729400758 0.0379152708 0.00148219499
v -0.0061158645 0.0348930545 0.00149386865
v -0.00519061089 0.0319398157 0.00141069293
v -0.00504352525 0.0322137512 0.00150603405
v -0.00405282993 0.0299467556 0.00150227745
v -0.0041061067 0.0300700348 0.00150734372
v -0.00423534447 0.0298655126 0.001418837
v -0.0041165133 0.0300960708 0.00150829623
v -0.00415509474 0.0301916376 0.00151107321
v -0.00438363943 0.0306942277 0.00151553715
v -0.00461513968 0.03119619 0.00151356542
v -0.00469390256 0.0313752554 0.00151230081
v -0.0039509288 0.0296175387 0.0014606039
v -0.0039341161 0.0283827484 0.000767280697
v -0.00410093926 0.0276078284 -0.000827208394
v -0.00406067772 0.0276717599 -0.000470457511
v -0.0040354263 0.0277478546 -0.000226458607
v -0.00398429856 0.0280045774 0.000285745744
v -0.0041311509 0.0275836196 -0.00107514649
v -0.00430953829 0.0275213029 -0.0027890841
v -0.00418261765 0.0275655892 -0.0014334803
v -0.00416858355 0.0275704786 -0.00132901047
v -0.00439599622 0.0274962895 -0.00530632446
v -0.00392320147 0.0284984149 0.000879451167
v -0.010112145 0.0485399775 0.00112591486
v -0.0101061929 0.0487817973 0.00104683009
v -0.0102744875 0.0481033288 0.00121298491
v -0.010152353 0.0499072112 0.000129466949
v -0.0106347632 0.0489489697 0.000595202262
v -0.0107876901 0.0485626608 0.000726387778
v -0.0108796619 0.0481196232 0.000840510766
v -0.0108354855 0.0472392179 0.000994613394
v -0.00885507464 0.0510296039 -4.82996038e-05
v -0.00894351676 0.051017575 -6.05361893e-05
v -0.00937937386 0.0501898974 0.000475143432
v -0.00966605172 0.0498037823 0.000649199181
v -0.009546699 0.0498824045 0.00063158141
v -0.00996816158 0.0489342324 0.00101328595
v -0.00978579652 0.0493796691 0.000853833044
v -0.00960098393 0.0497756191 0.000682350947
v -0.0102265431 0.0473731086 0.00133091467
v -0.0101993075 0.0478909872 0.00126172055
v -0.0102001019 0.0480491593 0.00123300066
v -0.0100585427 0.0468189903 0.00139474869
v -0.010153342 0.0474064425 0.00133467535
v -0.00914821494 0.0510951392 -0.000254546758
v -0.00921459403 0.0510648154 -0.000273989746
v -0.00993166305 0.0498903282 0.000441704644
v -0.0103896512 0.0488900356 0.000880723121
v -0.0105238399 0.0485167764 0.000995692215
v -0.0105955191 0.0481246822 0.00109058793
v -0.010548139 0.0473105796 0.00122836547
v -0.00945009291 0.0513700321 -0.00157744228
v -0.00825451687 0.0528456978 -0.00300041027
v -0.00901435968 0.052202154 -0.00300041051
v -0.00905110035 0.052118171 -0.00278728292
v -0.00921523012 0.0517863818 -0.00213932106
v -0.00848155469 0.0523795821 -0.00192233711
v -0.00839686301 0.0525321625 -0.00220921915
v -0.00934709422 0.0511419401 -0.000616949692
v -0.00890417304 0.0517514274 -0.00111227145
v -0.00884262007 0.0518364087 -0.00119770598
v -0.0086064972 0.0521776639 -0.00160799036
v -0.00902780425 0.052189365 -0.00300040771
v -0.00855419599 0.0514590964 -0.000388288347
v -0.00827177055 0.0518547408 -0.00077380467
v -0.00858242158 0.0518950112 -0.000953668146
v -0.0076201614 0.0529618897 -0.00270235492
v -0.00758101931 0.0530581698 -0.00300040701
v -0.00775170885 0.0530524552 -0.00300040818
v -0.00818672404 0.0524825789 -0.00174903555
v -0.00771986227 0.0527459458 -0.0021553738
v -0.00796222687 0.0529334843 -0.00275081256
v -0.00796020124 0.0529385917 -0.00276561663
v -0.00806843396 0.0529601797 -0.00300040701
v -0.00817088503 0.0519984812 -0.00093752332
v -0.00790157076 0.0524104498 -0.00151177309
v -0.00786054507 0.0524806306 -0.00163059344
v -0.00475508021 0.0333511159 0.00167178398
v -0.0038334236 0.031174358 0.00169633154
v -0.00370663498 0.0309188422 0.00169935334
v -0.00741473446 0.0530482903 -0.00300040771
v -0.00170829927 0.0164052732 0.00206433213
v -0.00151702401 0.0194679331 0.00199038885
v -0.00243624253 0.0136243152 0.00204099342
v -0.00175062404 0.0136067821 0.0021291771
v -0.00179264206 0.0322197378 0.00192458637
v -0.00103143707 0.0303991195 0.00193722697
v -0.00256140763 0.0340507738 0.00191147695
v -0.000484941993 0.0351952165 0.0019772118
v -0.00133570819 0.0342266113 0.00197661156
v 0.000172627071 0.0336765684 0.00199407851
v -0.000580817054 0.032454934 0.00199684757
v 0.000115980627 0.0306759644 0.0020176894
v 0.00118198944 0.0310656335 0.00202295487
v 0.00069063995 0.0324228406 0.00200797222
v 0.00135789358 0.0291734114 0.00205267896
v 0.00153455744 0.0297141857 0.00203801226
v 0.000591616903 0.0289333127 0.00203923299
v 0.00150123436 0.0298821926 0.00203593308
v 0.00122353248 0.0309339371 0.00202440447
v 0.000797765679 0.0271765105 0.0020665382
v 0.00097851106 0.0272837467 0.00207463047
v 0.00118403591 0.028514063 0.00206306321
v 0.000990878907 0.0164954532 0.00224535936
v 0.00121347059 0.0165015124 0.0022450313
v 0.00102921552 0.022366453 0.00214669155
v 0.00126373931 0.0137352142 0.0022872109
v 0.00100744236 0.0136298295 0.00229219184
v -0.000164217636 0.0259198844 0.00199727621
v -0.000170281128 0.0250372551 0.00201109308
v 0.000870737829 0.0254180152 0.00209521758
v -0.000190926439 0.0268278532 0.00197919761
v -0.000457125308 0.0286231991 0.00195142208
v -0.000288282899 0.0277422313 0.00195983751
v -0.00035439452 0.0164120831 0.00219240552
v -0.000366667839 0.0135984328 0.00225381204
v -0.00127656432 0.022915652 0.00192093931
v -0.000197820365 0.023235783 0.00204211823
v 0.000916073448 0.0236018952 0.00212370907
v 0.000956093776 0.0239808913 0.00211973907
v 0.000910371076 0.026057547 0.00208873721
v 0.00272903196 0.0322264917 0.00179834617
v 0.00232879538 0.0319603235 0.00189122395
v 0.00213536527 0.0310936403 0.00195859186
v 0.00555980066 0.0368955843 -0.00420837384
v 0.00561059779 0.0369812325 -0.00565739814
v 0.00468705688 0.03892776 -0.00610823277
v 0.0056127971 0.0369876213 -0.00610482739
v 0.00544163212 0.0367083363 -0.0029314342
v 0.00527636334 0.0364450701 -0.00191378023
v 0.00507198274 0.0361163393 -0.00108167576
v 0.00479614735 0.0356744565 -0.000309681753
v 0.00452443119 0.0352382101 0.000236041145
v 0.00415424677 0.0346263014 0.000782533723
v 0.00329733314 0.0332106873 0.00153275451
v 0.00294781267 0.0340566747 0.00152614806
v 0.00337554445 0.0333428159 0.00148451689
v 0.00356188649 0.0341294967 0.00125952275
v 0.00373332389 0.0339361914 0.00121832825
v 0.00387784862 0.0341727026 0.00108608382
v 0.00159589411 0.0338788293 0.00187812257
v 0.00354394433 0.0341519862 -0.0134681417
v 0.0033451349 0.0333193354 -0.0137000652
v 0.00328084687 0.0332132019 -0.0137382196
v 0.00293233572 0.0340801589 -0.0137313446
v 0.00158701907 0.033904165 -0.0140785687
v 0.0023202172 0.0319852717 -0.0140849482
v 0.00281736115 0.0324254632 -0.0139578711
v 0.00219615991 0.0312747173 -0.0141349798
v 0.00168255589 0.0301388986 -0.0142097641
v 0.00379093504 0.0340432599 -0.0133694476
v 0.00422604568 0.0347582437 -0.0128955413
v 0.00458057877 0.0353500582 -0.012339063
v 0.00499492325 0.036025811 -0.0113575207
v 0.00484176213 0.0357805789 -0.0117767537
v 0.00509151584 0.0361774005 -0.0110449623
v 0.00529927295 0.0364987068 -0.0101727098
v 0.00537286792 0.0366108194 -0.00975908153
v 0.0054667308 0.0367542654 -0.00907748286
v 0.00557811279 0.0369271375 -0.00768713467
v 0.00555617688 0.0368920639 -0.00807507243
v 0.00232125656 0.0112170856 0.00193321798
v 0.00174853019 0.0276793409 -0.0139395464
v 0.00555548817 0.0344044901 -0.0011907398
v 0.00224971329 0.0155361872 0.00187453919
v 0.00217547989 0.0184728391 0.00183596683
v 0.00204688241 0.0220635217 0.00179188687
v 0.00202121935 0.0226592161 0.00178490602
v 0.00184735807 0.0260737501 0.00174629118
v 0.0017490288 0.0276531409 0.00172895018
v -6.22838488e-05 0.00179892418 -0.00360041577
v -2.91306369e-05 0.00179976819 -0.00160041463
v -6.22838779e-05 0.0017989258 -0.0016004151
v 0.00187804166 0.00471757911 -0.00360041531
v 0.00186033943 0.00494437572 -0.00360041554
v 0.00501184398 0.00305260019 -0.0138039477
v 0.00516060833 0.00295675709 -0.0137728406
v 0.00515986653 0.00293721771 -0.00160041358
v 0.00625418359 0.00225841184 -0.010600416
v 0.00515963929 0.00295216986 -0.0106006516
v 0.00864943955 0.000803824223 0.000370104361
v 0.0069177798 0.00183272548 -0.00160041614
v 0.0086480882 0.000825646101 -0.0124868285
v 0.00691656675 0.00184828136 -0.0106004151
v 0.00634669513 0.00220545242 -0.0134715326
v 0.00748699624 0.00150406046 -0.0130693372
v 0.00834489334 0.000994935748 -0.0126612363
v 0.00622362783 0.00225775386 0.00138373347
v 0.00487326877 0.00311650778 0.0017069889
v 0.00384224183 0.00378630636 0.00187662523
v 0.0034617912 0.0040342221 0.00192401034
v 0.00742122857 0.00152064057 0.000974611787
v 0.00840611942 0.000938557554 0.000510674668
v 0.0102539547 9.15866694e-05 -0.00108959829
v 0.00906202849 0.000608397415 -0.0122126406
v 0.00976733211 0.000266888557 -0.000505790638
v 0.00915769301 0.000541096611 2.83169065e-05
v 0.0106072593 9.39233996e-06 -0.0104454253
v 0.0109337401 -5.63193462e-05 -0.0097003337
v 0.0102609349 8.94093246e-05 -0.00109945599
v 0.0111798514 -8.86063062e-05 -0.0088433018
v 0.0113505414 -0.000102252576 -0.0078227818
v 0.00971047394 0.000308535527 -0.0116656236
v 0.010219112 0.000119160642 -0.0110703921
v 0.0102629606 0.000105141531 -0.0110089956
v 0.0114405444 -0.000107998741 -0.00621971674
v 0.0114435684 -0.000108337619 -0.00605661469
v 0.0107803345 -4.10901885e-05 -0.00255265646
v 0.011398253 -0.000109118169 -0.00478194701
v 0.0113143763 -0.000106697255 -0.00400596717
v 0.0106752291 -2.03034633e-05 -0.00179946038
v 0.0112588881 -0.000103686762 -0.00365942949
v 0.011022293 -8.06489188e-05 -0.00267686904
v 0.00239818799 0.00473014591 -0.0106004132
v 0.00449414132 0.00338256848 -0.0106004151
v 0.00352143659 0.00402159384 -0.0140408324
v 0.00384154706 0.00381311588 -0.0140006188
v 0.00186033931 0.00494437851 -0.00860041287
v 0.00524319336 0.00287807337 -0.00360041577
v 0.00524319336 0.00287807663 -0.0086004138
v -0.00412247982 0.0307768025 -0.0115132323
v -0.0093818726 0.0452403463 -0.0115132341
v -0.0093818726 0.0452403463 -0.000657584053
v -0.00412247982 0.0307768025 -0.000657585973
v -0.00792009663 0.0490154438 -0.00300040748
v -0.00531062996 0.0521233901 -0.00300040934
v -0.00792009663 0.0490154438 -0.00920040812
v -0.00531062996 0.0521233939 -0.00920040999
v 0.00572778331 0.00361278537 0.00148941833
v 0.0106131351 0.00369887729 -0.0024138107
v 0.0103115803 0.00369279692 -0.00169987394
v 0.0107949963 0.00691918191 -0.00606888253
v 0.0105479024 0.0069118184 -0.00324704195
v 0.0106897159 0.00691622542 -0.00410436513
v 0.00887614861 0.00366658298 2.98931973e-05
v 0.00944942608 0.00367676513 -0.000482033152
v 0.00992579013 0.00368546322 -0.00105728628
v 0.00744462106 0.00364184449 0.000875269354
v 0.00820377562 0.00365488138 0.00048189977
v 0.00324526359 0.0112664066 0.00182389282
v 0.00370754208 0.00675868709 0.00184402871
v 0.00540531427 0.011381885 0.0013323311
v 0.00510401884 0.0113657424 0.00142329675
v 0.00556137133 0.00679867668 0.00144285546
v 0.00486708572 0.0113530522 0.00148933416
v 0.00384324859 0.0112983193 0.00172308751
v 0.0067613693 0.0114547387 0.000809746329
v 0.00725459494 0.00683556637 0.000815127394
v 0.00681011193 0.0114573678 0.000786861929
v 0.00800126512 0.00685201073 0.000416450435
v 0.00756279193 0.0114979735 0.00038505235
v 0.00866014045 0.00686667999 -3.8686725e-05
v 0.0082230391 0.0115337772 -7.40053365e-05
v 0.00760674011 0.0115003558 0.000358192774
v 0.00919421017 0.0115870461 -0.00109964272
v 0.00885198265 0.0115681561 -0.000668717781
v 0.00921865366 0.0068793213 -0.000550848956
v 0.00877812877 0.0115640983 -0.000587782008
v 0.00826461148 0.0115360413 -0.000107657404
v 0.00967954565 0.00688999286 -0.00112348842
v 0.0100499606 0.00689886184 -0.00176088244
v 0.00959445816 0.0116094472 -0.00179272005
v 0.0102032218 0.0116457026 -0.00418358296
v 0.0101967836 0.0116452575 -0.00412288262
v 0.0100671416 0.0116369855 -0.00327063957
v 0.0098682791 0.0116251511 -0.00249578501
v 0.0103370268 0.00690608099 -0.00246730773
v 0.00984458346 0.0116237719 -0.00242289505
v 0.00970991794 0.0116160167 -0.002056706
v 0.0102879768 0.0116535109 -0.00607715175
v 0.00572746666 0.0036378752 -0.0136159547
v 0.00370722078 0.00678497739 -0.0139816515
v 0.00820347574 0.00367662846 -0.0126084387
v 0.00744431466 0.00366490264 -0.0130018089
v 0.00992555078 0.00370209245 -0.0110692587
v 0.00944916345 0.00369530939 -0.0116445096
v 0.00887586549 0.00368682784 -0.0121564372
v 0.0106129618 0.00371100544 -0.00971274078
v 0.0103113679 0.00370729296 -0.0104266759
v 0.0105477581 0.00692119123 -0.0088907145
v 0.0106896181 0.00692275492 -0.00803339854
v 0.0102307349 0.0116529455 -0.00766751729
v 0.010196656 0.0116517507 -0.00803161412
v 0.0101729082 0.0116508314 -0.00823265687
v 0.00983929448 0.0116356649 -0.009746667
v 0.00986810215 0.0116370507 -0.00965844188
v 0.010336848 0.00691805035 -0.00967044383
v 0.00959425699 0.0116236852 -0.0103614647
v 0.0100497436 0.00691317255 -0.0103768576
v 0.0093405731 0.0116109913 -0.0108319484
v 0.00967930909 0.00690642698 -0.0110142445
v 0.00924108736 0.0116059659 -0.0109860757
v 0.00921839382 0.00689765206 -0.011586871
v 0.00877786335 0.0115823345 -0.0115662999
v 0.00865986105 0.0068867174 -0.0120990248
v 0.00826458167 0.0115558878 -0.0120461574
v 0.00800097641 0.00687355548 -0.0125541473
v 0.0075624967 0.0115194451 -0.0125389788
v 0.00696140295 0.0114880903 -0.0128673818
v 0.00725428434 0.00685843173 -0.0129528083
v 0.00680981763 0.0114801684 -0.0129406843
v 0.00540493848 0.0114065008 -0.0134859923
v 0.0055610491 0.00682363333 -0.0135805104
v 0.00510370499 0.011390659 -0.0135768978
v 0.00261834869 0.0112595269 -0.0140569573
v 0.00324491318 0.0112926587 -0.0139772631
v 0.00384285138 0.0113242343 -0.0138765406
v 0.0049599302 0.0113830958 -0.0136175165
v 0.00232084095 0.0112436898 -0.0140864709
v 0.00184690394 0.0260999687 -0.0139513789
v 0.00225510076 0.0152811492 -0.0140456604
v 0.00217501679 0.0184991639 -0.0140145291
v 0.00205636723 0.0218495224 -0.0139849875
v 0.00202073529 0.0226854254 -0.0139780818
v 0.00378425978 0.0313353725 0.00123697962
v 0.00401082542 0.0299524143 0.00124450005
v 0.00510176737 0.0303006396 0.000706760387
v 0.00290616765 0.0280876197 0.00157898932
v 0.00368800922 0.0163816102 0.00164702383
v 0.0044636759 0.0329347588 0.000673676201
v 0.00280386209 0.0295779761 0.00157477451
v 0.00539267249 0.0330279954 -0.000107096814
v 0.0057838778 0.0330533832 -0.000588979165
v 0.00612757821 0.0330646187 -0.00113831414
v 0.00642505521 0.0330616422 -0.00176127173
v 0.00667637493 0.0330440849 -0.00246436964
v 0.00703805871 0.0329634957 -0.00413908996
v 0.00719970465 0.0328277387 -0.00611415273
v 0.00734750088 0.032453347 -0.00611349521
v 0.00927955192 0.0201556738 -0.00609200122
v 0.00927655119 0.0195505936 -0.00426582992
v 0.0092000654 0.0192377884 -0.0034002366
v 0.00905389152 0.0189286433 -0.00259728008
v 0.00882541761 0.0186235737 -0.00185804907
v 0.00850812346 0.0183238033 -0.00119344401
v 0.00810045097 0.0180308912 -0.000613830984
v 0.00761465123 0.0177470613 -0.000115154195
v 0.0070656091 0.0174747743 0.000311015174
v 0.00646398915 0.0172167365 0.000675130112
v 0.00513699418 0.0167544913 0.00125095132
v 0.00328937499 0.0231464095 0.00159717386
v 0.00575975562 0.0243426822 0.000692431524
v 0.00629080646 0.0246625617 0.000343536318
v 0.00677279057 0.0249855891 -6.32514057e-05
v 0.00719908858 0.0253095571 -0.000534485909
v 0.00756385364 0.025633404 -0.00107889692
v 0.00786244869 0.0259563494 -0.00170446653
v 0.00809400436 0.0262777414 -0.00241432618
v 0.00825916603 0.0265969001 -0.00321183982
v 0.00836073514 0.0269129202 -0.00410511158
v 0.00850224216 0.0266384054 -0.00610332377
v 0.00302754645 0.0265601426 0.00158193137
v 0.00457860995 0.0237225313 0.00123674073
v 0.00424869219 0.0270900317 0.00123902061
v 0.00770519208 0.0313732512 -0.00611160742
v 0.00738483854 0.0320391729 -0.00410290342
v 0.00724404352 0.0320279747 -0.00321063888
v 0.00579914963 0.0317710973 -7.62773197e-05
v 0.00618478889 0.0318485089 -0.000552490703
v 0.00652192719 0.0319129378 -0.00109685771
v 0.00681119738 0.031964466 -0.00171621738
v 0.00705220643 0.032002911 -0.00241813436
v 0.00804590061 0.0298034102 -0.0061088549
v 0.0078762006 0.0306756645 -0.00611038366
v 0.00798515975 0.029453259 -0.00407131482
v 0.00761585683 0.0312608518 -0.00407872815
v 0.00786243193 0.0292544123 -0.00317242113
v 0.00748375803 0.03118244 -0.00318118185
v 0.00767843379 0.0290461686 -0.00237671076
v 0.00729625858 0.0310914945 -0.00238663913
v 0.00743420376 0.028829189 -0.00167385885
v 0.0070556663 0.0309886206 -0.00168493274
v 0.0071310671 0.0286036134 -0.00105641445
v 0.00676354952 0.0308740493 -0.00106748857
v 0.00677069183 0.0283694845 -0.000517526641
v 0.00642109057 0.030747911 -0.000526326417
v 0.00635579042 0.0281268004 -4.92877953e-05
v 0.00602891715 0.0306101404 -5.41411537e-05
v 0.00488218013 0.0315774977 0.000693245733
v 0.00290577696 0.0281131435 -0.0137910368
v 0.00280347141 0.0296034999 -0.0137920277
v 0.00401044451 0.0299768448 -0.0134629887
v 0.00798505731 0.0294600222 -0.00814519078
v 0.00328897638 0.0231719669 -0.0137919728
v 0.00368760852 0.0164072979 -0.01381821
v 0.00513662212 0.0167788658 -0.01342336
v 0.00706528733 0.0174960271 -0.0124858273
v 0.00761434482 0.0177668985 -0.0120605761
v 0.00810017157 0.0180490762 -0.0115628578
v 0.00850787573 0.0183400605 -0.0109842392
v 0.00882519688 0.0186376348 -0.0103206597
v 0.00905371178 0.0189402476 -0.00958247948
v 0.00919992756 0.0192467272 -0.00878058653
v 0.00927645341 0.0195566509 -0.00791607331
v 0.0076157474 0.0312676057 -0.0081440974
v 0.00703795999 0.0329700634 -0.00808970258
v 0.00555523857 0.0344208516 -0.0110431779
v 0.00488183647 0.0316000991 -0.0129173519
v 0.00446333317 0.0329573043 -0.0129025402
v 0.00539236423 0.0330479443 -0.0121220341
v 0.00578359608 0.0330717303 -0.0116402181
v 0.00612732535 0.0330811515 -0.0110908989
v 0.00642482843 0.0330761038 -0.0104679139
v 0.00667619333 0.0330562145 -0.00976473745
v 0.00378388702 0.0313597843 -0.0134603027
v 0.00836062711 0.0269195605 -0.00810251292
v 0.00825901795 0.0266065039 -0.00899469666
v 0.00809382088 0.0262899902 -0.00979110971
v 0.00786221959 0.0259709544 -0.010499863
v 0.00756359845 0.0256500859 -0.0111243259
v 0.00719880406 0.0253280513 -0.0116676316
v 0.00677248091 0.0250056367 -0.0121377623
v 0.00629047491 0.0246839598 -0.0125434548
v 0.00646364037 0.0172392055 -0.0128490767
v 0.00457823789 0.0237469003 -0.0134334741
v 0.00575941242 0.0243652407 -0.0128912665
v 0.00302715553 0.0265856702 -0.013788647
v 0.00424831221 0.0271144249 -0.0134475185
v 0.00510141579 0.0303232837 -0.0129264016
v 0.00738473004 0.0320458524 -0.00812265184
v 0.00579883996 0.0317911506 -0.0121484511
v 0.00618450483 0.0318669751 -0.0116724847
v 0.00652167248 0.031929601 -0.0111283222
v 0.00681097573 0.0319790728 -0.0105091203
v 0.00705201551 0.0320151821 -0.00980732404
v 0.00724389497 0.0320376121 -0.0090148896
v 0.00635547983 0.0281469133 -0.012162705
v 0.00602860656 0.0306302607 -0.0121665262
v 0.00677040638 0.0283880457 -0.0116952853
v 0.00642080558 0.030766461 -0.0116948001
v 0.00713081053 0.0286203921 -0.0111571886
v 0.00676329294 0.0308908112 -0.0111540537
v 0.00743398024 0.028843917 -0.0105405152
v 0.00705544325 0.0310033206 -0.0105369873
v 0.00767824799 0.0290585626 -0.00983840134
v 0.0072960658 0.0311038699 -0.009835626
v 0.00786228199 0.0292641595 -0.00904340204
v 0.00748360809 0.0311921686 -0.00904138573
v 0.00100142916 0.00364704081 -0.0106004151
v 0.00100142916 0.00364704267 -0.00860041473
v 0.00147021248 0.00383174093 -0.0106004151
v 0.00147021248 0.0038317428 -0.00860041473
v 0.00178943109 0.0042215758 -0.0106004151
v 0.00178943109 0.0042215772 -0.0086004138
v 0.00187804166 0.00471758051 -0.0106004132
v 0.00187804166 0.00471758237 -0.00860041287
v -0.000421246863 0.00347456266 -0.0106004151
v -0.000421246776 0.00347455684 -0.00860041473
v 0.00445230864 0.000946806453 -0.00760041643
v 0.00710310973 -0.000541922287 -0.00711805187
v 0.00452939607 0.00113504892 -0.00711805327
v 0.0070964247 -0.000456228154 -0.00660041533
v 0.00455568871 0.00119925907 -0.00660041627
v 0.00412235875 -0.000905485591 -0.00860041473
v 0.00729269953 -0.00297120889 -0.00860041752
v 0.00724190287 -0.00232028426 -0.00853226613
v 0.00405375566 -2.6434167e-05 -0.00847426895
v 0.00719455816 -0.0017137148 -0.00833246484
v 0.00416986644 0.000257101055 -0.00833246578
v 0.00715391431 -0.00119284994 -0.0080146268
v 0.00712272059 -0.000793169485 -0.00760041503
v 0.00455568871 0.00119925255 -0.00560041517
v 0.0070964247 -0.000456227281 -0.0056004147
v 0.00724190241 -0.00232028309 -0.00366856274
v 0.00729269953 -0.00297121215 -0.00360041577
v 0.00412235875 -0.000905488792 -0.00360041671
v 0.00719455862 -0.00171371957 -0.00386836333
v 0.00405375566 -2.64282353e-05 -0.00372656342
v 0.00416986644 0.000257103791 -0.0038683645
v 0.00452939561 0.00113505241 -0.00508277863
v 0.00710310973 -0.000541918853 -0.00508277677
v 0.00445230864 0.000946809014 -0.00460041501
v 0.00712272059 -0.000793166866 -0.00460041407
v 0.00715391431 -0.00119285157 -0.00418620137
v 0.00405375566 -2.64290356e-05 -0.00360041508
v 0.00405375566 -2.64333667e-05 -0.00860041659
v 6.22792868e-05 -0.00179892255 -0.0106004141
v 0.000953394687 -0.001526771 -0.0106004151
v 0.000471752719 -0.00381729682 -0.0106004169
v 0.00274017826 -0.00465608854 -0.0106004141
v 0.00337583455 -0.00397484004 -0.0106004179
v 0.00158905098 -0.000845522387 -0.0106004141
v 0.00426694984 -0.0037026885 -0.0106004141
v 0.00179892418 6.22846419e-05 -0.0106004169
v 0.00152677309 0.000953401846 -0.0106004141
v 0.000845523493 0.00158905704 -0.010600416
v 0.00750799291 -0.00572983036 -0.010600416
v 0.0061281505 -0.00543932989 -0.0106004169
v 0.00740800053 -0.00652809581 -0.0106004151
v 0.00591828488 -0.00634713657 -0.0106004151
v 0.00700154901 -0.00722237304 -0.010600416
v 0.00528262835 -0.00702838507 -0.0106004151
v 0.00585600687 -0.00454821205 -0.0106004151
v 0.00517475745 -0.00391255692 -0.0106004169
v 0.00110601308 -0.00454043411 -0.0106004151
v 0.00132933864 -0.00547602726 -0.0106004169
v 0.00253031263 -0.00556389568 -0.010600416
v 0.00153098546 -0.00658319285 -0.0106004151
v 0.00280245626 -0.00645501306 -0.0106004141
v 0.0021263978 -0.00753815798 -0.0106004169
v -0.00179892138 -6.2281586e-05 -0.010600416
v -0.00342467311 0.000722216617 -0.0106004151
v -0.00158905552 0.000845525414 -0.0106004141
v -0.00284461933 0.00203915942 -0.0106004151
v -0.000953399285 0.00152677402 -0.0106004141
v -0.00178369589 0.00301138405 -0.0106004151
v -6.22838561e-05 0.00179892569 -0.0106004141
v 2.91334891e-05 -0.00179976481 -0.0106004151
v -0.000426733372 -0.00347388769 -0.0106004169
v -0.000845528091 -0.00158905413 -0.010600416
v -0.00178845169 -0.00300856121 -0.0106004141
v -0.00152677018 -0.000953398645 -0.0106004141
v -0.00284783612 -0.00203465926 -0.0106004151
v -0.00342581375 -0.00071680668 -0.0106004151
v 0.00303179072 -0.00820654165 -0.0106004169
v 0.00348370569 -0.00709066819 -0.010600416
v 0.00411976315 -0.00849429518 -0.0106004151
v 0.00435836753 -0.007301379 -0.0106004151
v 0.0043915133 -0.00730053661 -0.0106004141
v 0.00523720821 -0.0083609065 -0.0106004151
v 0.0061954218 -0.00790948328 -0.010600416
v 6.2279265e-05 -0.00179892231 -0.00160041533
v -0.000845528091 -0.00158905378 -0.00160041347
v -0.00178845169 -0.00300856121 -0.00160041498
v -0.00284783612 -0.00203465903 -0.00160041568
v -0.0015267703 -0.000953398412 -0.00160041521
v -0.00342581398 -0.000716806448 -0.00160041556
v -0.00179892138 -6.22813677e-05 -0.00160041649
v -0.00342467311 0.00072221685 -0.00160041614
v 0.0025303124 -0.00556389568 -0.00160041638
v 0.00153098546 -0.00658319239 -0.00160041556
v 0.00280245626 -0.0064550126 -0.0016004151
v 0.0021263978 -0.00753815798 -0.00160041393
v 0.00348370569 -0.00709066773 -0.00160041696
v 0.00303179095 -0.00820654817 -0.00160041719
v 0.0043915133 -0.00730053615 -0.00160041521
v 0.00411976315 -0.00849429518 -0.00160041626
v 0.00523720821 -0.00836091395 -0.00160041614
v 0.00528262835 -0.0070283846 -0.00160041568
v 0.00619542133 -0.00790948328 -0.00160041708
v 0.00591828488 -0.00634713611 -0.00160041521
v 0.00337583455 -0.00397484004 -0.00160041451
v 0.00047175269 -0.00381729635 -0.00160041463
v 0.00274017826 -0.00465608854 -0.00160041498
v 0.00110601296 -0.00454043457 -0.00160041533
v 0.00132933864 -0.0054760268 -0.00160041708
v 0.00152677321 0.00095339457 -0.00160041498
v 0.00179892429 6.22775478e-05 -0.0016004137
v 0.00158905098 -0.000845522096 -0.00160041545
v -0.000426733401 -0.00347388745 -0.0016004144
v 0.000953394687 -0.00152677076 -0.00160041591
v 0.00426694984 -0.00370268826 -0.00160041498
v 0.00700154901 -0.00722237257 -0.00160041673
v 0.00740800053 -0.00652809534 -0.00160041556
v 0.00612815097 -0.00543933688 -0.00160041358
v 0.00750799291 -0.00572982989 -0.00160041626
v 0.00585600687 -0.0045482195 -0.00160041498
v 0.00517475745 -0.00391256437 -0.00160041661
v 0.00430010306 -0.00370184588 -0.00160041451
v -0.00284461933 0.00203915243 -0.00160041533
v -0.00158905552 0.000845525647 -0.0016004151
v -0.00178369589 0.00301138405 -0.00160041545
v -0.000953399285 0.00152677426 -0.00160041451
v -0.000421246747 0.00347455544 -0.00160041521
v 0.000845523609 0.00158904993 -0.001600413
v 0.00178943109 0.0042215758 -0.00160041591
v 0.00187804166 0.00471758097 -0.00160041451
v 0.00100142916 0.00364704127 -0.0016004151
v 0.00147021248 0.0038317414 -0.00160041521
v 0.00750799291 -0.0057298285 -0.00860041566
v 0.00740800053 -0.00652809395 -0.00860041846
v 0.00700154901 -0.00722237909 -0.00860041566
v 0.00750799291 -0.00572983176 -0.00360041694
v 0.00740800053 -0.0065280972 -0.00360041624
v 0.00700154901 -0.0072223749 -0.00360041764
v 0.00517475745 -0.00391255831 -0.00360041391
v 0.00426694984 -0.00370268989 -0.00360041577
v 0.00337583455 -0.00397484144 -0.00360041508
v 0.00274017826 -0.00465608994 -0.00360041554
v 0.00253031263 -0.00556389755 -0.00360041717
v 0.00280245626 -0.00645501446 -0.00360041577
v 0.00348370569 -0.00709066959 -0.00360041414
v 0.0043915133 -0.00730053848 -0.00360041601
v 0.00528262882 -0.00702838646 -0.00360041647
v 0.00591828488 -0.00634713797 -0.00360041577
v 0.0061281505 -0.00543933082 -0.00360041461
v 0.00585600687 -0.00454821391 -0.00360041577
v 0.0043915133 -0.00730053522 -0.00860041752
v 0.00348370569 -0.0070906668 -0.00860041566
v 0.00280245626 -0.0064550112 -0.00860041752
v 0.0025303124 -0.00556389382 -0.00860041566
v 0.00274017826 -0.00465608714 -0.00860041752
v 0.00337583455 -0.00397483865 -0.00860041752
v 0.0042669503 -0.00370269432 -0.00860041659
v 0.00517475745 -0.00391256297 -0.00860041566
v 0.00585600687 -0.0045482181 -0.00860041752
v 0.00612815097 -0.00543933548 -0.00860041659
v 0.00591828488 -0.00634713471 -0.00860041752
v 0.00528262835 -0.00702838367 -0.00860041473
v 0.00619542133 -0.00790948141 -0.00860041566
v 0.00523720821 -0.00836091209 -0.00860041473
v 0.0061954218 -0.00790948514 -0.00360041391
v 0.00523720821 -0.00836090837 -0.00360041694
v -0.000426733372 -0.00347388908 -0.00360041508
v -0.00178845169 -0.00300856284 -0.00360041577
v -0.00284783635 -0.00203465321 -0.00360041647
v -0.00342581375 -0.000716808194 -0.00360041601
v -0.00342467311 0.00072221522 -0.00360041321
v -0.00284461933 0.00203915802 -0.00360041624
v -0.00178369589 0.00301138242 -0.00360041601
v -0.000421246834 0.00347456126 -0.00360041624
v 0.00132933864 -0.00547602819 -0.00360041391
v 0.00110601308 -0.00454043597 -0.00360041601
v 0.000471752719 -0.00381729822 -0.00360041531
v 0.00411976315 -0.00849428959 -0.00360041717
v 0.00303179072 -0.00820654258 -0.00360041438
v 0.0021263978 -0.00753815938 -0.00360041461
v 0.00153098546 -0.00658319425 -0.00360041601
v -0.00042673343 -0.00347388606 -0.00860041659
v -0.00178845169 -0.00300855958 -0.00860041752
v -0.00284783612 -0.00203465763 -0.0086004138
v -0.00342581398 -0.000716804934 -0.0086004138
v -0.00342467311 0.000722218363 -0.00860041473
v -0.00284461933 0.00203915359 -0.00860041473
v -0.00178369589 0.00301138568 -0.00860041473
v 0.00132933864 -0.0054760254 -0.00860041566
v 0.00110601296 -0.00454043271 -0.00860041473
v 0.000471752806 -0.00381730264 -0.00860041659
v 0.00411976315 -0.00849429332 -0.00860041473
v 0.00303179095 -0.00820654724 -0.00860041566
v 0.0021263978 -0.00753815658 -0.00860041659
v 0.00153098546 -0.00658319099 -0.00860041846
v 0.00100142916 0.00364703941 -0.00360041577
v 0.00147021248 0.00383173977 -0.00360041577
v 0.00178943109 0.0042215744 -0.00360041298
v 0.000845523551 0.00158905564 -0.00360041391
v -0.000953399285 0.00152677251 -0.00360041531
v -0.00158905552 0.0008455239 -0.00360041577
v -0.00179892138 -6.22829684e-05 -0.00360041345
v -0.00152677018 -0.000953400158 -0.00360041577
v -0.000845528091 -0.00158905552 -0.00360041414
v 6.22792941e-05 -0.00179892406 -0.00360041601
v 0.000953394687 -0.00152677251 -0.00360041647
v 0.00158905098 -0.000845523842 -0.00360041601
v 0.00179892429 6.22832595e-05 -0.00360041461
v 0.00152677309 0.000953400275 -0.00360041601
v 6.22792504e-05 -0.0017989208 -0.0086004138
v -0.00084552815 -0.00158905238 -0.00860041566
v -0.0015267703 -0.000953396899 -0.0086004138
v -0.00179892138 -6.22798543e-05 -0.00860041566
v -0.00158905552 0.00084552716 -0.0086004138
v -0.000953399285 0.00152677554 -0.00860041752
v -6.22837688e-05 0.00179891998 -0.0086004138
v 0.000845523609 0.00158905133 -0.00860041566
v 0.00152677321 0.000953396142 -0.0086004138
v 0.00179892429 6.22789303e-05 -0.00860041659
v 0.00158905087 -0.000845520641 -0.0086004138
v 0.000953394687 -0.00152676925 -0.00860041473

# 0 UV coordinates

# 6884 vertex normals
vn -0.171906114 0.0624023378 -0.983135045
vn -0.0838983878 0.157297105 -0.983981252
vn -0.13470003 0.0794001445 -0.987700284
vn -0.140693769 0.107895359 -0.984156609
vn -0.0706002265 0.141600579 -0.987403214
vn -0.0780992433 0.160198569 -0.98399055
vn -0.0791987926 0.189997226 -0.978585184
vn -0.0874991715 0.219898075 -0.971590936
vn -0.0875030234 0.219707742 -0.971633732
vn -0.0947949886 0.266186059 -0.959249258
vn -0.107902065 0.292305738 -0.95021826
vn -0.114802197 0.325006366 -0.938718021
vn -0.147703454 0.40250957 -0.903421223
vn -0.144499525 0.414298773 -0.898597062
vn -0.188694403 0.529784441 -0.826875508
vn -0.186693087 0.555379629 -0.810370028
vn -0.231998503 0.630396128 -0.740795255
vn -0.228700906 0.722903013 -0.652002633
vn -0.268217295 0.679043949 -0.683344066
vn -0.276592463 0.803278267 -0.52748549
vn -0.300802618 0.782407045 -0.545304716
vn -0.301007777 0.861122489 -0.409710586
vn -0.301098734 0.861096621 -0.409698278
vn -0.301909566 0.903328776 -0.304709554
vn -0.259598762 0.923595726 -0.282098562
vn -0.172198981 0.983394384 -0.0572995581
vn -0.175908044 0.979044855 -0.10260459
vn -0.12440531 0.992142439 -0.0133004505
vn -0.198494822 0.978974521 -0.0469986647
vn -0.0987948775 0.993748546 -0.0519971922
vn -0.166500375 0.985402286 -0.0354999639
vn -0.257692873 0.948273897 -0.185394764
vn -0.303615391 0.942347825 -0.140707016
vn -0.318698347 0.913495421 -0.252898633
vn -0.387795836 0.838591099 -0.382595867
vn -0.370477349 0.879746318 -0.297981709
vn -0.357498318 0.886695981 -0.293198526
vn -0.349387854 0.910568416 -0.220892236
vn -0.27320683 0.93432349 -0.228905663
vn -0.276213735 0.93274647 -0.231711447
vn -0.198894024 0.965671062 -0.167094871
vn -0.179707527 0.967240572 -0.179307386
vn -0.216791555 0.965762436 -0.142494336
vn -0.279907942 0.950027049 -0.138203815
vn -0.185008004 0.979242504 -0.0828034729
vn -0.324297756 0.723595142 -0.609295785
vn -0.343897998 0.786295593 -0.513296962
vn -0.340706259 0.795114756 -0.501709163
vn -0.375505745 0.817912698 -0.435906649
vn -0.358207643 0.855718374 -0.3734079
vn -0.159097984 0.300596356 -0.940388203
vn -0.180204511 0.4093104 -0.894422472
vn -0.180195764 0.409190565 -0.894479096
vn -0.245492354 0.552882969 -0.796275258
vn -0.249994695 0.540888667 -0.803083003
vn -0.268592954 0.638783455 -0.720981121
vn -0.268890679 0.634578168 -0.724574864
vn -0.310308993 0.702820539 -0.640118599
vn -0.300797194 0.753893137 -0.584094524
vn -0.124396227 0.0803976879 -0.98897022
vn -0.129703432 0.115303181 -0.984826088
vn -0.126896188 0.149595633 -0.980570674
vn -0.127601177 0.15200153 -0.980109096
vn -0.138201907 0.218003124 -0.966113389
vn -0.132996514 0.207394689 -0.969174743
vn -0.157207713 0.313615561 -0.936446071
vn -0.823197842 0.548098624 0.148099691
vn -0.243799999 0.165499911 0.955600142
vn -0.851243258 0.426021665 0.306415677
vn -0.594515264 0.523513496 0.6103158
vn -0.693811655 0.461907774 0.552509427
vn -0.52739948 0.364199549 0.767599344
vn -0.449409485 0.375407875 0.810617268
vn -0.271912545 0.0829037204 0.958744347
vn -0.1714084 0.168708175 0.970647693
vn -0.84520179 0.429100931 0.318600774
vn -0.252699435 0.0449997932 0.966497898
vn -0.325208783 0.442311913 0.835822761
vn -0.499603629 0.291302055 0.81580615
vn -0.578593791 0.536194205 0.614593506
vn -0.715841413 0.423424482 0.555232227
vn -0.714187086 0.66198808 0.227395982
vn -0.809895813 0.532497346 0.24599883
vn -0.837334514 0.534522057 0.114704803
vn -0.823142767 0.548528552 -0.146807581
vn -0.843184233 0.475491166 -0.250895262
vn -0.837990224 0.533793807 -0.113298625
vn -0.811608613 0.530205727 -0.245302573
vn -0.852362216 0.425881207 -0.303486496
vn -0.665771067 0.507078111 -0.547376275
vn -0.656503201 0.437902272 -0.614202976
vn -0.476403594 0.330102652 -0.81490618
vn -0.480489254 0.431890458 -0.763282955
vn -0.272889256 0.0781970471 -0.958862364
vn -0.244007722 0.161505252 -0.956230402
vn -0.726002097 0.604701877 -0.32750088
vn -0.706655145 0.363976985 -0.606761456
vn -0.587289274 0.613188922 -0.528290331
vn -0.489873767 0.243987083 -0.836955309
vn -0.325499147 0.544398725 -0.773098052
vn -0.262097418 0.029499827 -0.964590609
vn -0.172693148 0.163793638 -0.971261561
vn -0.86872822 0.495216161 -0.00850021839
vn -0.877554953 0.479475409 -0.000899896724
vn -0.878580391 0.477589428 0.00220000814
vn -0.840689361 0.541293204 -0.0155997397
vn -0.853102565 0.521701634 -0.00659995805
vn -0.854583919 0.519290268 -0.00489984639
vn -0.853586972 0.520892143 -0.00779981958
vn -0.844559133 0.535274148 -0.0141992504
vn -0.858280122 0.51268822 -0.0224994216
vn -0.853101373 0.521700919 0.0068000746
vn -0.840904891 0.540903211 0.0174001697
vn -0.878582537 0.477590561 -0.000499933201
vn -0.875387192 0.483292967 0.0111998944
vn -0.853814781 0.520509064 0.00840020832
vn -0.853385866 0.521191418 0.00959990453
vn -0.844041765 0.536026597 0.0164008774
vn 0.0326008499 -0.00920036063 0.999426246
vn 0.0511993505 -0.00150010025 0.998687506
vn 0.0526023731 0.0272011124 0.99824518
vn 0.0521004312 0.0216003004 -0.998408377
vn 0.0503009558 -0.00549998647 -0.998719156
vn 0.0322997086 -0.0131997643 -0.999391198
vn -0.943945646 0.32391572 -0.063603051
vn -0.759298742 0.616199076 -0.209199607
vn -0.883805513 0.466602951 -0.0342001617
vn -0.858488441 0.510693192 -0.0467993133
vn -0.924621105 0.380508721 -0.0170003455
vn -0.927275777 0.374090284 -0.0146995736
vn -0.948525846 0.316508681 -0.0110002626
vn -0.955415785 0.295204908 -0.00590006309
vn -0.962459385 0.27138859 0.00449984241
vn -0.953412473 0.301503956 -0.0100000948
vn -0.971664906 0.236291498 -0.0057997629
vn -0.985151589 0.171208993 0.0128006926
vn -0.99902463 -0.0324007981 -0.0300007444
vn -0.983060718 0.18229273 0.0189992655
vn -0.990736187 0.135704979 0.00510020321
vn -0.996802866 0.0799002349 -9.99907716e-05
vn -0.997696519 0.0677997768 -0.00219998439
vn -0.997236371 0.070102565 0.0246009082
vn -0.999498188 0.0265999567 -0.0171999671
vn -0.998610914 0.0523005761 -0.00640006457
vn -0.999412656 0.0341004357 -0.00340003963
vn -0.998893678 0.0455997214 -0.0114999227
vn -0.999684751 0.0181997232 0.0172997396
vn -0.999931812 0.00650020642 0.00970031135
vn -0.997428536 -0.0716020539 0.00310008065
vn -0.99225527 -0.124194421 -0.00229991158
vn -0.994341731 -0.106004462 -0.00690030307
vn -0.963390946 -0.26809749 -0.00130001991
vn -0.970424473 -0.241306126 -0.00690020388
vn -0.987486362 -0.157697842 -0.00149999827
vn -0.972975373 -0.230894193 -0.00259996206
vn -0.976384759 -0.215496659 -0.0152997887
vn -0.971515238 -0.236903757 -0.00590012223
vn -0.971667111 -0.236292034 -0.00539984554
vn -0.968041122 -0.249910653 -0.0210009236
vn -0.974370599 -0.224893257 0.00499982247
vn -0.967989981 -0.250697434 -0.0120999059
vn -0.967967927 -0.250791728 -0.011899638
vn -0.967205226 -0.251301408 -0.0369002335
vn -0.965676606 -0.257793814 -0.0317992643
vn -0.96782434 -0.247606263 -0.044801157
vn -0.965881348 -0.244395286 -0.0856983811
vn -0.971989214 -0.225597516 -0.065899305
vn -0.945126235 -0.263307303 -0.193405434
vn -0.965979993 -0.216995507 -0.140697122
vn -0.884915531 -0.241404235 -0.398307085
vn -0.933322549 -0.198604777 -0.299107283
vn -0.723992229 0.647193193 -0.238697395
vn -0.751882374 0.61268574 -0.243494228
vn -0.763359189 0.604667783 -0.227287799
vn -0.819116652 0.536010981 -0.204304129
vn -0.740426183 0.622822106 -0.252708912
vn -0.725485384 0.650386989 -0.225095421
vn -0.76528585 0.607288897 -0.213396013
vn -0.767118812 0.604614973 -0.214405209
vn -0.792307913 0.581205964 -0.185601801
vn -0.842395902 0.532397449 -0.0831995308
vn -0.845196366 0.52439779 -0.103199519
vn -0.849283516 0.515790045 -0.112597764
vn -0.85330379 0.508002341 -0.117500484
vn -0.862723172 0.490413219 -0.123303272
vn -0.890620172 0.434709907 -0.133502975
vn -0.881961882 0.452780485 -0.130894288
vn -0.834685683 0.530690968 -0.147197425
vn -0.77811712 0.612613618 -0.138702989
vn -0.795083463 0.594287694 -0.121097431
vn -0.794485867 0.595589519 -0.118597835
vn -0.811593235 0.568695307 -0.133798823
vn -0.84101218 0.539107859 -0.0454006009
vn -0.222309411 0.973641336 -0.0510020517
vn -0.987549126 0.137006834 -0.0773038343
vn -0.895925641 0.431712389 -0.104602955
vn -0.794448912 0.594136655 -0.125907689
vn -0.997467279 -0.0709976852 0.00429985113
vn -0.991313338 -0.109601498 0.0727009699
vn -0.987418413 -0.123302333 0.0990018472
vn -0.989608228 -0.135001138 0.0495004021
vn -0.985613942 -0.168902397 -0.00610010698
vn -0.987741709 0.0628026724 -0.14290604
vn -0.993694007 0.0950994343 -0.0593996346
vn -0.991414011 0.126501799 -0.0331004597
vn -0.994834185 0.101503506 -0.00140003616
vn -0.997403502 0.0701002553 0.016500067
vn -0.997601092 0.0467000492 0.0511000678
vn -0.999810576 0.00740007684 0.0180001911
vn -0.999374032 -0.034699101 0.00689981738
vn -0.975774288 -0.215594336 -0.0371990502
vn -0.981979728 -0.184396222 -0.0413991734
vn -0.982327104 -0.168204665 -0.0821022913
vn -0.929939628 0.362515509 -0.0616025887
vn -0.920591354 0.386196434 -0.0579994135
vn -0.901598275 0.428999245 -0.0554998517
vn -0.871780336 0.486989081 -0.053298749
vn -0.93530184 0.351900756 -0.0371000357
vn -0.942930162 0.332610667 -0.0159004722
vn -0.940067768 0.340588361 -0.0164993946
vn -0.948395729 0.316898614 -0.0109999124
vn -0.993422866 0.114502661 -0.00029999332
vn -0.985404849 0.170200855 -0.0029999949
vn -0.970787048 0.236396864 -0.0410994254
vn -0.971917033 0.230804071 -0.0459007807
vn -0.956759512 0.289287776 -0.0303986818
vn -0.863527596 0.501716077 -0.0510015748
vn -0.860999703 0.499899894 -0.0936999172
vn -0.843919814 0.530812502 -0.0777017623
vn -0.839402795 0.529501855 -0.122600362
vn -0.838291466 0.543594599 -0.0420995131
vn -0.995451152 -0.0860957727 -0.0407980122
vn -0.99531585 0.0672010854 -0.069501102
vn -0.99537164 0.0670981035 -0.0687980428
vn -0.993691742 0.0791993588 -0.0793993399
vn -0.982851148 0.0850958005 -0.163591862
vn -0.962701738 -0.143300235 -0.229500458
vn -0.864490628 -0.10149885 -0.492294729
vn -0.987211823 -0.136101618 -0.0830010101
vn -0.986690342 -0.143598616 -0.0762992799
vn -0.97323364 -0.133304611 -0.187206492
vn -0.973920107 -0.138902858 -0.179403722
vn -0.950298965 -0.125099853 -0.285099775
vn -0.942320943 -0.0565012209 -0.329907358
vn -0.813503444 0.559402466 -0.15900062
vn -0.80689466 0.563396275 -0.177498743
vn -0.831066608 0.52637893 -0.179592744
vn -0.830133677 0.526221395 -0.184307441
vn -0.903044581 0.387519181 -0.185309112
vn -0.988097608 0.152699664 -0.0185999386
vn -0.987846911 0.154407352 -0.0178008284
vn -0.945734382 0.324711829 -0.0122004058
vn -0.97013998 0.235309735 -0.0588024035
vn -0.931730926 0.359111995 -0.0540017597
vn -0.931949675 0.35961923 -0.0463024266
vn -0.939210951 0.335003972 -0.0752008483
vn -0.974186778 0.139098153 -0.177797586
vn -0.967582107 0.12439774 -0.219795942
vn -0.912049651 0.371479541 -0.173690394
vn -0.922308564 0.371403515 -0.106800959
vn -0.869439363 0.484622002 -0.0960042998
vn -0.867890894 0.484194994 -0.110998794
vn -0.885568738 0.445684314 -0.130895332
vn -0.89129293 0.450296462 -0.0531995296
vn -0.91162622 0.40421167 -0.0745021105
vn -0.913123488 0.406510502 -0.0309007484
vn -0.907813787 0.418306381 -0.0299004056
vn -0.758427203 0.633422852 -0.153505445
vn -0.710893154 0.674293637 -0.199898019
vn -0.71359241 0.672292948 -0.196997866
vn -0.722088218 0.65838939 -0.212396488
vn -0.729822278 0.639519691 -0.241607353
vn -0.69748944 0.680389822 -0.224896565
vn -0.637886107 0.747083843 -0.186995849
vn -0.651501775 0.730002165 -0.2065005
vn -0.648998201 0.732398093 -0.205899373
vn -0.656494975 0.722594619 -0.216498286
vn -0.67332989 0.701131225 -0.234610334
vn -0.673998713 0.707898736 -0.211199537
vn -0.690105319 0.68310535 -0.239001781
vn -0.694082618 0.669783354 -0.263893336
vn -0.639018238 0.751721561 -0.163004577
vn -0.639680982 0.74987787 -0.168794915
vn -0.723191321 0.674692035 -0.147598162
vn -0.723794043 0.67189455 -0.157098651
vn -0.724691272 0.670692086 -0.158098027
vn -0.724285066 0.667986333 -0.170896411
vn -0.262203544 0.791610837 -0.55190742
vn -0.118801914 0.681711137 -0.721911609
vn -0.585595608 0.712094784 -0.387297064
vn -0.319600552 0.691901386 -0.647401154
vn -0.346375585 0.710750103 -0.612256825
vn -0.332093537 0.802684546 -0.495390356
vn -0.238508195 0.7653265 -0.59782052
vn -0.178102985 0.849914432 -0.49590829
vn -0.216991588 0.862866759 -0.456482291
vn -0.147896051 0.89217633 -0.426788568
vn -0.0307015646 0.946948469 -0.319916219
vn -0.133702219 0.916715443 -0.376506209
vn -0.199208334 0.932839096 -0.300212443
vn -0.262602597 0.906609058 -0.330303162
vn -0.587999344 0.717099369 -0.374199539
vn -0.490168989 0.774851084 -0.39917469
vn -0.51999414 0.763291597 -0.383395672
vn -0.502194941 0.789292157 -0.353296369
vn -0.470807672 0.818513393 -0.329205304
vn -0.465506017 0.819110751 -0.335204273
vn -0.46667394 0.844953001 -0.261285365
vn -0.451489061 0.850479543 -0.269893408
vn -0.511923552 0.833938479 -0.206109405
vn -0.25080204 -0.158901185 -0.954907835
vn -0.104196072 0.710173428 -0.696273804
vn -0.153499424 0.692297578 -0.705097318
vn -0.134305358 0.653826296 -0.744629741
vn -0.167799816 0.632699549 -0.755999207
vn -0.175197124 0.607590139 -0.77468729
vn -0.19980675 0.586219966 -0.785126567
vn -0.149894893 0.515182614 -0.843871295
vn -0.214497924 0.495695353 -0.841591954
vn -0.138495743 0.391788095 -0.909572124
vn -0.148006648 0.386017472 -0.910540938
vn -0.128303066 0.303907424 -0.944022655
vn -0.0998053551 0.311316848 -0.945050776
vn -0.114797108 0.26649344 -0.956975996
vn -0.0959009677 0.205202222 -0.974009991
vn -0.0805977657 0.217294112 -0.972773135
vn -0.0880013481 0.18220292 -0.979315162
vn -0.0790004656 0.157801062 -0.984305859
vn -0.0783988163 0.160697699 -0.983885229
vn -0.0685027763 0.128505349 -0.989340246
vn -0.0631015524 0.135803476 -0.988724351
vn -0.0644967407 0.0921954811 -0.993650019
vn -0.070900768 0.095401153 -0.992910862
vn -0.078299053 0.0535994805 -0.995488167
vn -0.111903317 0.078302443 -0.990629435
vn -0.0969038829 0.0175008215 -0.995140016
vn -0.0584001094 -0.0676000118 -0.996001959
vn -0.0996004343 0.0068001491 -0.995004475
vn -0.146798462 -0.0272995979 -0.988789737
vn -0.147296891 -0.0400990434 -0.988279283
vn -0.149805382 -0.0462015457 -0.987635612
vn -0.148902759 -0.0452007242 -0.98781836
vn -0.167205811 -0.046301499 -0.984834313
vn -0.164998725 -0.046599526 -0.985192478
vn -0.179307953 -0.0619026385 -0.98184365
vn -0.190495595 -0.062798433 -0.979677498
vn -0.190696403 -0.0651986599 -0.979481637
vn -0.200807467 -0.0778027847 -0.976536393
vn -0.216496408 -0.0801985711 -0.972984016
vn -0.220101923 -0.0879006609 -0.971508563
vn -0.220693946 -0.0867975205 -0.971473455
vn -0.225795925 -0.103298031 -0.968682647
vn -0.214894235 -0.0889975131 -0.972573996
vn -0.233404458 -0.108401969 -0.966318548
vn -0.230387717 -0.0875952318 -0.969148517
vn -0.231810734 -0.159807295 -0.959544539
vn -0.214611068 -0.116305895 -0.969750106
vn -0.210492894 -0.107496269 -0.971667349
vn -0.267185152 -0.319182217 -0.909249723
vn -0.259497911 -0.274897695 -0.925792813
vn -0.250192374 -0.261291921 -0.932271719
vn -0.230909914 -0.211808994 -0.94964087
vn -0.28999719 -0.355896503 -0.888391614
vn -0.318401307 -0.400701582 -0.85910368
vn -0.3453044 -0.420905322 -0.838810921
vn -0.359702021 -0.466802597 -0.80790472
vn -0.412700087 -0.543700099 -0.730800271
vn -0.405685395 -0.62097764 -0.670675993
vn -0.441095203 -0.51599437 -0.73429215
vn -0.465520889 -0.618927777 -0.6326285
vn -0.532898366 -0.643398106 -0.549598515
vn -0.533312976 -0.663516164 -0.52471292
vn -0.560292661 -0.719990671 -0.409494787
vn -0.544808924 -0.812913418 -0.205803514
vn -0.570916176 -0.768721819 -0.288308293
vn -0.56869626 -0.718795359 -0.399897516
vn -0.583503306 -0.77430439 -0.244901493
vn -0.581413865 -0.795819044 -0.169204146
vn -0.591303408 -0.795204639 -0.134200886
vn -0.604603887 -0.782005072 -0.151401073
vn -0.599424839 -0.793232977 -0.107104555
vn -0.618786871 -0.77298367 -0.13999714
vn -0.604983568 -0.788078666 -0.113697022
vn -0.655986547 -0.751584649 -0.0692986771
vn -0.663598895 -0.744498789 -0.07319998
vn -0.673518419 -0.739020288 -0.0149004981
vn -0.687715113 -0.725716114 -0.0196005199
vn -0.660875976 -0.749572814 -0.037198741
vn -0.655821145 -0.753324389 -0.0490016751
vn -0.0783045664 0.746343732 -0.660938561
vn -0.0843960345 0.763164341 -0.640669823
vn -0.00969977956 0.791582167 -0.610986054
vn -0.0373011194 0.836225212 -0.547116339
vn 0.0374983661 0.859962702 -0.508977711
vn 0.0184003487 0.882416844 -0.470108807
vn 0.0359000787 0.910702229 -0.411500841
vn 0.154501542 0.927609503 -0.340103298
vn 0.0567024536 0.930640459 -0.361515552
vn -0.0986958146 0.923860967 -0.369784206
vn 0.0607984997 0.949476779 -0.307892323
vn -0.997757792 -0.066797182 0.00419981452
vn -0.883727789 0.466614723 0.0360011905
vn -0.963391602 -0.268097699 0.00049996376
vn -0.794387221 0.566790938 0.218396589
vn -0.814381659 0.563487351 0.138796955
vn -0.797400594 0.591900468 0.117500164
vn -0.805810213 0.583907425 0.0986013263
vn -0.787310064 0.601707757 0.134501815
vn -0.844003677 0.527102411 0.0991005152
vn -0.809869587 0.562278986 0.1671938
vn -0.830403626 0.536702454 0.149600729
vn -0.877631128 0.46091637 0.131604746
vn -0.864566326 0.48618108 0.127095133
vn -0.850613594 0.51260823 0.117001943
vn -0.724180996 0.646983087 0.238693848
vn -0.757374525 0.603479803 0.24939172
vn -0.757792592 0.609094083 0.233997807
vn -0.827484906 0.524890482 0.199396446
vn -0.826210499 0.532706797 0.183302402
vn -0.909166873 0.368486583 0.193993002
vn -0.904427409 0.392111927 0.168105155
vn -0.966721117 0.1243027 0.223604918
vn -0.972607136 0.136300996 0.188301429
vn -0.949402571 -0.124800384 0.288200796
vn -0.950406969 -0.136401042 0.279502064
vn -0.946065843 -0.0423985124 0.32118845
vn -0.967205822 -0.236901477 0.0916005298
vn -0.966850042 -0.253913164 0.0270013735
vn -0.96928215 -0.239995614 0.0537989922
vn -0.967372119 -0.249492839 0.0440987013
vn -0.968015134 -0.249103919 0.0299004409
vn -0.966913462 -0.254503578 0.0175002161
vn -0.968927979 -0.247107148 0.0108002834
vn -0.969967782 -0.243191943 0.00449982192
vn -0.970115781 -0.242503986 0.00820010528
vn -0.970755041 -0.240013629 0.00530027226
vn -0.987325847 -0.158704177 0.000800002133
vn -0.980363905 -0.197192773 0.00129992876
vn -0.97118181 -0.23829557 0.00459988602
vn -0.971711934 -0.236102939 0.00560004124
vn -0.971666515 -0.2362919 0.00549978297
vn -0.994195342 -0.107399516 0.00639995839
vn -0.992117047 -0.125302166 0.00180001615
vn -0.999009669 -0.0441004299 -0.00590006309
vn -0.999035716 0.0438015684 -0.0030001027
vn -0.99725306 0.0686967745 0.0276987068
vn -0.999398947 0.0343999676 0.00430000015
vn -0.9997949 0.0200998988 -0.00249998504
vn -0.998787105 0.0475993939 -0.0125998342
vn -0.999898314 0.0127999792 0.00629999163
vn -0.996066272 0.0876970515 -0.0126995612
vn -0.998945177 0.044702027 0.0105004814
vn -0.998143673 0.0608026683 0.00350016099
vn -0.955625594 0.294507891 0.00670021493
vn -0.997279942 0.0736985281 0.00119998469
vn -0.990587354 0.136798277 -0.00479992339
vn -0.985115469 0.171202719 -0.0154002234
vn -0.982534885 0.185906619 -0.00800026301
vn -0.953115463 0.30150491 0.0258004591
vn -0.970150054 0.241887569 -0.017299084
vn -0.962463617 0.271389782 -0.00339983962
vn -0.941526592 0.336509526 0.0170005243
vn -0.925449073 0.378420085 0.0185010266
vn -0.924657524 0.380523711 0.0145009495
vn -0.792005479 0.595604181 0.134101018
vn -0.853173494 0.509984195 0.109596662
vn -0.93216902 0.350888342 0.0890970901
vn -0.600987852 0.796683908 0.0640988052
vn -0.841739476 0.537825286 0.04710228
vn -0.909312308 0.412205607 0.0569008254
vn -0.84289217 0.535295069 0.0546995588
vn -0.936738849 0.348014444 0.0375016034
vn -0.941795647 0.335698485 0.0180999581
vn -0.927807987 0.368103176 0.0606005751
vn -0.936758459 0.342884839 0.0700969398
vn -0.932290435 0.357396364 0.0556994788
vn -0.956350505 0.29061538 0.0306016561
vn -0.971238136 0.234009221 0.0440017581
vn -0.971941471 0.231709927 0.0405017585
vn -0.985780299 0.167996645 0.00379994442
vn -0.868309677 -0.101601198 0.485505491
vn -0.979076982 -0.155296385 0.131496921
vn -0.981704116 -0.185400799 0.0434001647
vn -0.998899758 0.0438999981 -0.0164999925
vn -0.997052193 0.0322984643 -0.0695966631
vn -0.99752903 0.068501994 -0.0156004466
vn -0.988500893 0.149900153 0.0199000388
vn -0.991430581 0.126603916 0.0322010107
vn -0.993811369 0.0951010957 0.0574006736
vn -0.989355087 0.0661969855 0.129594147
vn -0.999089658 -0.00899991207 0.0416995734
vn -0.995856047 -0.086196214 0.0289987121
vn -0.979584694 -0.2006969 0.011599795
vn -0.985551834 -0.169308931 0.00470022764
vn -0.989250362 -0.124993734 -0.0758962184
vn -0.980919182 -0.143102795 -0.131602615
vn -0.994629383 -0.0949028134 -0.0413012356
vn -0.843720078 0.528612614 0.0933022872
vn -0.843463004 0.528576851 0.0957958698
vn -0.863366723 0.498480856 0.0781970546
vn -0.864931405 0.499618202 0.0477017984
vn -0.858832359 0.509019256 0.0575022325
vn -0.994645834 0.103304774 0.00280014146
vn -0.987843394 0.154406801 0.0180008113
vn -0.971773386 0.235393584 0.0156995989
vn -0.945318043 0.321306169 0.0560011193
vn -0.932318747 0.357507229 0.0545011461
vn -0.918043971 -0.192309275 0.346716642
vn -0.91837889 -0.192195639 0.345892042
vn -0.948248148 -0.252686232 0.192289487
vn -0.972540259 -0.13840577 0.187107727
vn -0.974615812 -0.134602219 0.178902909
vn -0.982963979 0.0823969766 0.164294004
vn -0.846043468 0.525027037 0.0925048217
vn -0.94092232 0.319807619 0.111302689
vn -0.928128481 0.367211282 0.0611019246
vn -0.994694531 0.0647996441 0.0798995718
vn -0.994784772 0.0752988532 0.0687989667
vn -0.987631798 -0.137304455 0.0757024288
vn -0.986121595 -0.143903181 0.0828018039
vn -0.965634942 -0.245608926 0.0850030556
vn -0.949702442 -0.225200638 0.217600554
vn -0.749037087 0.624930978 0.220010996
vn -0.765607119 0.606705666 0.213902086
vn -0.767804265 0.603603482 0.214801311
vn -0.798500359 0.575200379 0.177600175
vn -0.858398259 0.479499042 0.182299703
vn -0.866103947 0.482202202 0.131700665
vn -0.889758527 0.446479231 0.0947956517
vn -0.890984237 0.447492123 0.0767987072
vn -0.913492382 0.403296649 0.0536996089
vn -0.914116025 0.404407144 0.0291005634
vn -0.910354078 0.412279248 0.0357982442
vn -0.00260005449 0.0123003786 -0.999921083
vn 0.0644008368 -0.0149000753 -0.997813046
vn 0.0185995065 -0.0876975581 -0.995973647
vn 0.0170996971 -0.0232997071 0.99958235
vn 0.100602448 0.0489010811 0.993724346
vn 0.0281990692 -0.0738976821 0.996867239
vn -0.0835970566 -0.118195735 -0.989465296
vn -0.943246365 -0.321581721 -0.0828953311
vn -0.88389641 -0.22789906 -0.40839842
vn -0.869711578 -0.250603318 -0.425205737
vn -0.661060393 -0.236285806 -0.712157428
vn -0.660766125 -0.236487806 -0.712363541
vn -0.486385733 -0.158895239 -0.859174907
vn -0.397397429 -0.169298828 -0.901894331
vn -0.199490368 -0.0295984577 -0.979452848
vn -0.17020762 -0.0388016254 -0.984644115
vn -0.0826986879 -0.15539743 -0.984384477
vn -0.378292471 -0.238695174 -0.894382298
vn -0.376619875 -0.240712643 -0.894547403
vn -0.619207978 -0.294003725 -0.728109479
vn -0.660311878 -0.238204211 -0.712212801
vn -0.783905327 -0.376102567 -0.494003475
vn -0.868077219 -0.257393211 -0.424488932
vn -0.905320525 -0.380208641 -0.189304367
vn -0.948790193 -0.29399699 -0.11559885
vn -0.956744075 -0.290913403 0.00320011284
vn -0.948450923 -0.292084962 0.122993618
vn -0.943306565 -0.318802297 0.0924006104
vn -0.873820424 -0.222005278 0.432610154
vn -0.874786556 -0.24329634 0.418993592
vn -0.0783008188 -0.105701245 0.991310477
vn -0.655392468 -0.233797431 0.718191862
vn -0.658790171 -0.231296673 0.715889394
vn -0.480417609 -0.152205691 0.863731742
vn -0.392104745 -0.164402112 0.905111074
vn -0.328791827 -0.118197195 0.93697685
vn -0.133697063 -0.0552989095 0.989478409
vn -0.11789684 -0.0173996538 0.99287349
vn -0.0854016915 0.0159001984 0.996219873
vn -0.310087323 -0.412483275 0.856564999
vn -0.34531939 -0.0999057442 0.933152556
vn -0.596525788 -0.419018239 0.684529603
vn -0.626520157 -0.205506727 0.75182426
vn -0.818292081 -0.405696183 0.407196075
vn -0.843801737 -0.229300559 0.485201001
vn -0.912726045 -0.394011289 0.108103052
vn -0.933543921 -0.317915022 0.165607765
vn -0.956718862 -0.29100576 0.00220000884
vn -0.957112789 -0.289703906 0.00260000071
vn -0.957294047 -0.289098233 0.00319994614
vn -0.957321763 -0.289006591 0.00320003857
vn -0.957203805 -0.289401203 0.00279997685
vn -0.95677799 -0.290793359 0.00389987603
vn -0.956713498 -0.291004121 0.00400002254
vn -0.957021415 -0.290006518 0.0025000216
vn -0.957294405 -0.289098322 0.00309994793
vn -0.957174003 -0.28949216 0.00349987089
vn -0.957054019 -0.289886117 0.00369978836
vn 0.0119000878 -0.0323003605 0.99940753
vn 0.111595474 0.0486979149 0.99255991
vn 0.0223003905 -0.0886016786 0.995817602
vn 0.00520003727 0.0126002114 -0.999907255
vn 0.0778030232 -0.0161005091 -0.996838868
vn 0.0312001612 -0.0883003399 -0.99560529
vn -0.19399929 -0.0443999581 0.979996502
vn -0.956654608 -0.291216671 -0.00220016064
vn -0.948877811 -0.293793201 0.115397282
vn -0.943683922 -0.320294619 0.0828985572
vn -0.875588 -0.223597005 0.428194165
vn -0.877101898 -0.251000643 0.409500927
vn -0.660884619 -0.235794634 0.712483466
vn -0.66100353 -0.235701382 0.712403893
vn -0.485981286 -0.159093991 0.859367013
vn -0.397188574 -0.168295309 0.902174175
vn -0.188703537 -0.0249005854 0.981718481
vn -0.904886186 -0.38009426 0.191597059
vn -0.841334105 -0.217508912 0.494820088
vn -0.813708484 -0.422604471 0.399104148
vn -0.644499838 -0.227100059 0.730099857
vn -0.642061412 -0.303181916 0.70415771
vn -0.376094401 -0.242496535 0.894286752
vn -0.376192153 -0.241995081 0.894381464
vn -0.0808974206 -0.157695115 0.984168768
vn -0.0815960541 -0.119694337 0.989452243
vn -0.106997959 -0.0559988208 -0.992681146
vn -0.164694875 -0.0390986688 -0.985569477
vn -0.0733017847 -0.119502813 -0.990124345
vn -0.327196956 -0.126198739 -0.93649143
vn -0.390589744 -0.170295447 -0.904676378
vn -0.478487104 -0.160095602 -0.863376856
vn -0.657088518 -0.236395791 -0.71578753
vn -0.654183924 -0.238394082 -0.717782438
vn -0.867610872 -0.249003097 -0.430405498
vn -0.878133655 -0.232508898 -0.418116122
vn -0.0758018792 -0.0140002295 -0.997024775
vn -0.259209245 -0.315511167 -0.912832737
vn -0.388701111 -0.177000403 -0.90420264
vn -0.558016598 -0.371711016 -0.7419222
vn -0.653702855 -0.249601036 -0.714403212
vn -0.790670156 -0.375485808 -0.483581841
vn -0.862293482 -0.270997941 -0.42779687
vn -0.913369954 -0.37228778 -0.164794639
vn -0.942329466 -0.312509805 -0.119803794
vn -0.949333251 -0.300410539 -0.0923032761
vn -0.956737518 -0.290911406 -0.00490022684
vn -0.957014263 -0.290004343 -0.00460010348
vn -0.956688762 -0.291096598 -0.00309999869
vn -0.957018912 -0.290005744 -0.00340010202
vn -0.957082748 -0.289794803 -0.00339997374
vn -0.957291007 -0.289097309 -0.00409999629
vn -0.957291305 -0.289097399 -0.00399999879
vn -0.957106352 -0.289701968 -0.004500065
vn -0.94492501 -0.324708611 -0.0410011262
vn -0.942756951 -0.333384812 -0.00799967628
vn -0.956277668 -0.292193204 -0.0124997441
vn -0.958256364 -0.285787016 -0.00839965232
vn -0.958216786 -0.28570503 -0.01390028
vn -0.957539439 -0.287911892 -0.0150006535
vn -0.958596885 -0.284699112 -0.00620001508
vn -0.959284544 -0.282395512 -0.00509995222
vn -0.960078239 -0.279693693 -0.00459992979
vn -0.958969235 -0.283490926 -0.0032999285
vn -0.958379447 -0.285493881 -0.00150000211
vn -0.95876652 -0.284190118 -0.00169997476
vn -0.958054006 -0.286586255 -0.000999986194
vn -0.958343863 -0.28561312 -0.00150010292
vn -0.957326055 -0.289007902 -0.00110006449
vn -0.957207143 -0.289402187 -0.00100004207
vn -0.956968307 -0.290190399 -0.00109999825
vn -0.956600428 -0.291400135 -0.00130003539
vn -0.944522023 -0.294706881 -0.145003423
vn -0.958288789 -0.285496682 -0.0131998817
vn -0.957522273 -0.286406696 -0.0335008204
vn -0.955976725 -0.290892959 -0.0385991
vn -0.957182527 -0.280794919 -0.0703987554
vn -0.942883253 -0.297894716 -0.149097398
vn -0.919679224 -0.374991536 -0.11649742
vn -0.927582979 -0.358793437 -0.104198143
vn -0.929771066 -0.33918947 -0.143095598
vn -0.925092638 -0.37589702 -0.0538996197
vn -0.935484767 -0.350294322 -0.0464992858
vn -0.932785094 -0.360294282 -0.00999988336
vn -0.923018336 -0.384707719 -0.00610016799
vn -0.935532451 -0.353212237 -0.00450019818
vn -0.939911723 -0.341404289 -0.00300007872
vn -0.953096867 -0.302199006 -0.0167999808
vn -0.955128551 -0.295708895 -0.0169005413
vn -0.951669812 -0.306690305 -0.0162995234
vn -0.94966352 -0.312888026 -0.0154994437
vn -0.94227767 -0.334692091 -0.00969981123
vn -0.947124481 -0.320808321 -0.00610019686
vn -0.944745779 -0.327715904 -0.00760040851
vn -0.9770208 -0.212304547 -0.0189004298
vn -0.967988789 -0.250597149 -0.0140998689
vn -0.992236555 -0.114304215 -0.0490018278
vn -0.942681491 -0.333693475 0.000599948515
vn 0.987662077 0.156594008 -0.00139992766
vn -0.944679856 -0.327993035 -0.000800022157
vn -0.954810917 -0.297103435 -0.00810012966
vn -0.962349057 -0.27138567 -0.0152992252
vn -0.954074621 -0.299092084 -0.0168995876
vn -0.954131663 -0.298909962 -0.0169005971
vn -0.961928546 -0.270208061 -0.0410012566
vn -0.956721604 -0.28360641 -0.0652015135
vn -0.952481151 -0.294094205 -0.0792984739
vn -0.94942528 -0.308608264 -0.0579015873
vn -0.949871659 -0.306390911 -0.0621981882
vn -0.928303301 -0.299901038 -0.21980083
vn -0.927300036 -0.315200031 -0.201900095
vn -0.929473281 -0.324090719 -0.176194996
vn -0.895299733 -0.377999932 -0.235700011
vn -0.865880489 -0.406190842 -0.291993499
vn -0.866333723 -0.403615713 -0.294211537
vn -0.864777684 -0.387490004 -0.319391876
vn -0.865099013 -0.387999535 -0.317899704
vn -0.889249861 -0.419876367 -0.181489825
vn -0.927786052 -0.300695479 -0.220896736
vn -0.928833663 -0.295410693 -0.223608166
vn -0.903691828 -0.358196765 -0.234597936
vn -0.891376495 -0.365990341 -0.267393023
vn -0.895187974 -0.361995101 -0.259996533
vn -0.894037962 -0.364815503 -0.260011107
vn -0.919737577 -0.276511282 -0.278611451
vn -0.914090753 -0.293897033 -0.279397219
vn -0.915148258 -0.29631561 -0.273314476
vn -0.906461 -0.323286086 -0.271688372
vn -0.911930561 -0.33211115 -0.241008162
vn -0.88563019 -0.358812213 -0.294810116
vn -0.92056936 -0.374087602 -0.112296328
vn -0.923677623 -0.234294325 -0.303192735
vn -0.916306257 -0.279101908 -0.28720203
vn -0.954065204 -0.282489717 -0.0997964069
vn -0.944221497 -0.306706995 -0.119902782
vn -0.943666935 -0.313189059 -0.106796309
vn -0.933863461 -0.335186929 -0.124695182
vn -0.931695342 -0.360998213 -0.0402998477
vn -0.928591728 -0.36989671 -0.0298997797
vn -0.933281779 -0.35879302 -0.0158997346
vn -0.941898346 -0.335399419 -0.018300008
vn -0.942140043 -0.334714234 -0.0184008237
vn -0.935175538 -0.353590786 -0.0204995107
vn -0.935475469 -0.352790803 -0.0205995049
vn -0.936408341 -0.350203127 -0.0223002397
vn -0.938361466 -0.344385892 -0.0295988303
vn -0.941175222 -0.332991272 -0.0574985333
vn -0.944627583 -0.325509548 -0.0415012501
vn -0.925996482 -0.366598636 -0.0901997089
vn -0.935409307 -0.342103422 -0.0893009305
vn -0.946640253 -0.291681647 -0.137091398
vn -0.925979137 -0.373591632 -0.0546988174
vn -0.924660563 -0.37608397 -0.0596975051
vn -0.928542972 -0.367217034 -0.0544025712
vn -0.927696466 -0.361898661 -0.0916997045
vn -0.927360773 -0.36288467 -0.0911961943
vn -0.925819218 -0.36830765 -0.0849018097
vn -0.925261617 -0.370884657 -0.0795967504
vn -0.923668802 -0.377587318 -0.0652978495
vn -0.919625103 -0.372710198 -0.12400344
vn -0.896499455 -0.425599754 -0.12309999
vn -0.912001252 -0.387300581 -0.135100245
vn -0.917649806 -0.380479187 -0.114693783
vn -0.920423329 -0.375009537 -0.110402852
vn -0.936234117 -0.350812823 0.0199006852
vn -0.865721583 -0.412010342 0.284207076
vn -0.956619263 -0.291105896 0.0117002018
vn -0.956296384 -0.29239893 0.000399963668
vn -0.957207561 -0.289402336 9.99663025e-05
vn -0.957362592 -0.288888723 0.000299953885
vn -0.958344698 -0.285613358 0.000699998636
vn -0.957991302 -0.286797434 9.99649128e-05
vn -0.9584077 -0.285402328 0.000499970047
vn -0.958434463 -0.285310268 0.00120000925
vn -0.958819807 -0.28400591 0.00230001402
vn -0.959381938 -0.282094717 0.00299991039
vn -0.958636463 -0.284610838 0.00360010331
vn -0.956741452 -0.290812612 0.00860033929
vn -0.959363401 -0.282089263 0.00689970423
vn -0.95863843 -0.284511447 0.00810029265
vn -0.95755899 -0.287987679 0.0119994543
vn -0.958214939 -0.285904497 0.00910010934
vn -0.957378924 -0.28859365 0.011799708
vn -0.958555102 -0.284286708 0.018799087
vn -0.957135737 -0.287910789 0.0316011496
vn -0.958259583 -0.283088088 0.0399982817
vn -0.95171845 -0.290705711 0.0986018926
vn -0.964313984 -0.258103788 0.0590008348
vn -0.949322701 -0.289106965 0.123302929
vn -0.898917615 -0.256605089 0.35510698
vn -0.912253559 -0.331383198 0.240787715
vn -0.908198595 -0.294699609 0.297199547
vn -0.910741746 -0.29371354 0.290313333
vn -0.91895926 -0.281387568 0.276287764
vn -0.935625255 -0.275007486 0.221305981
vn -0.895134389 -0.361613959 0.260710001
vn -0.891404808 -0.375002116 0.254501343
vn -0.893780112 -0.386291444 0.227894902
vn -0.897688448 -0.356695473 0.258696675
vn -0.865325272 -0.386911392 0.318609267
vn -0.865234971 -0.386615694 0.319212884
vn -0.866272628 -0.392787695 0.30869022
vn -0.866138101 -0.408618063 0.28781265
vn -0.864589274 -0.416294932 0.281396478
vn -0.929130435 -0.295609742 0.222107291
vn -0.92741704 -0.309305757 0.210303858
vn -0.929550588 -0.324682802 0.174690694
vn -0.938159645 -0.334885627 0.0877961963
vn -0.949022293 -0.281106681 0.142603338
vn -0.944906592 -0.320902318 0.064600423
vn -0.947818995 -0.307406217 0.0845016688
vn -0.940367579 -0.337788433 0.0400985815
vn -0.961879611 -0.269594312 0.0458989963
vn -0.957113087 -0.282803893 0.0629008338
vn -0.957701981 -0.281200588 0.0611000955
vn -0.969528973 -0.244207323 -0.0194006115
vn -0.970771194 -0.2398929 -0.00739980955
vn -0.972300947 -0.233700261 0.00389997615
vn -0.972781718 -0.231695667 -0.00359996036
vn -0.972737491 -0.231908977 -0.000100031517
vn -0.658709347 -0.144401968 -0.738410532
vn -0.968066871 -0.250691444 0.000499953108
vn -0.968090415 -0.250597566 0.00139995629
vn -0.942511022 -0.334103942 0.00690004136
vn -0.944794834 -0.327598244 0.00649992609
vn -0.942291796 -0.334697098 0.00799989142
vn -0.948128343 -0.317609549 0.0133003611
vn -0.949383259 -0.313794494 0.0142997121
vn -0.969370186 -0.244192526 0.0262991656
vn -0.962644219 -0.270284384 0.0161990318
vn -0.953807592 -0.300002426 0.0158000905
vn -0.952291131 -0.304797202 0.0154998209
vn -0.936520517 -0.350607693 0.00190000003
vn -0.93988204 -0.341493517 0.0019999214
vn -0.934176803 -0.356791168 0.00369986612
vn -0.923730135 -0.383012563 0.00490011508
vn -0.932762861 -0.360385686 0.00869961176
vn -0.935229182 -0.353511065 0.019400565
vn -0.931325674 -0.363610089 0.0205005258
vn -0.938927293 -0.343810052 0.0145003824
vn -0.929370642 -0.368188441 0.0265991185
vn -0.928929329 -0.369111717 0.02910088
vn -0.935376704 -0.350791335 0.0448988453
vn -0.935261548 -0.351085633 0.0449981131
vn -0.920277059 -0.373490751 0.116597064
vn -0.894557655 -0.361682951 0.262587577
vn -0.902591944 -0.334497094 0.270997584
vn -0.924934506 -0.376314104 0.053701967
vn -0.896654189 -0.425678313 0.121693738
vn -0.915768564 -0.377187103 0.138195232
vn -0.914567292 -0.38838616 0.112795942
vn -0.920173883 -0.376089394 0.108796887
vn -0.920387268 -0.374594867 0.112098418
vn -0.949056804 -0.2914868 0.119694524
vn -0.946610034 -0.300903261 0.115701199
vn -0.943866909 -0.306089342 0.124195628
vn -0.94244206 -0.316514194 0.10780479
vn -0.930577159 -0.339091748 0.137996584
vn -0.9298594 -0.336085409 0.149693444
vn -0.927295089 -0.359098196 0.10569942
vn -0.92618531 -0.367294252 0.0852986053
vn -0.927622676 -0.369609088 0.0539012812
vn -0.924875498 -0.375790119 0.0581984259
vn -0.925070226 -0.375387996 0.0576981045
vn -0.867305636 -0.388902664 0.310701996
vn -0.899045885 -0.420574725 0.121792629
vn -0.910806954 -0.364302844 0.194201455
vn -0.923851907 -0.377580404 0.0626967028
vn -0.92539978 -0.370899975 0.0778999478
vn -0.927256525 -0.363522202 0.0897054225
vn -0.927917957 -0.361607045 0.0906017125
vn -0.925911963 -0.367104799 0.0890011191
vn -0.945584536 -0.322994769 0.0392993242
vn -0.943943977 -0.327280611 0.0430974066
vn -0.941210687 -0.332803816 0.0580006205
vn -0.940288782 -0.337296039 0.0456994176
vn -0.938399494 -0.34439984 0.0281999502
vn -0.489111692 -0.872220993 -0.000700120698
vn -0.449291855 -0.89338392 -0.00150007964
vn -0.449491531 -0.893283308 -0.00160007656
vn -0.45869568 -0.888591766 -0.00180008914
vn -0.446600765 -0.893401682 -0.0488002002
vn -0.439314991 -0.898330748 -0.00210017897
vn -0.442523509 -0.896647751 -0.0140008526
vn -0.445117652 -0.895435572 0.00810021535
vn -0.444010526 -0.895721316 -0.0232006572
vn -0.453601658 -0.891203403 -0.00150011212
vn -0.452208757 -0.891217411 -0.0352007933
vn -0.460404187 -0.887708247 -0.0015001198
vn -0.457712591 -0.886324525 -0.0702020451
vn -0.473723531 -0.880343854 -0.0241013058
vn -0.39340359 -0.915808439 -0.0808008537
vn -0.414201885 -0.908704221 -0.0519003496
vn -0.427087367 -0.90337342 -0.0388989598
vn -0.378084004 -0.925760984 -0.00439992454
vn -0.385792822 -0.922582924 0.00219984935
vn -0.426686913 -0.904372394 -0.00699989451
vn -0.449291915 -0.893384039 -0.00140008144
vn -0.44941166 -0.893323302 -0.0017001509
vn -0.436781794 -0.899562597 0.00299976789
vn -0.436524421 -0.899650455 -0.00870059431
vn -0.383713156 -0.923431695 -0.00620032335
vn -0.383997202 -0.923293412 -0.00870004762
vn -0.387511641 -0.921727836 -0.0159005895
vn -0.387784332 -0.921662867 -0.0126995984
vn -0.390194178 -0.920486391 -0.0212997943
vn -0.389290601 -0.92097795 -0.015899729
vn -0.396517396 -0.917240441 -0.0380017795
vn -0.396503985 -0.916109383 -0.0594007149
vn -0.399977773 -0.915149271 0.0501971096
vn -0.378019899 -0.925748825 -0.00950061064
vn -0.384302229 -0.923205495 0.00189990131
vn -0.385700494 -0.922601283 0.00649989955
vn -0.389184684 -0.9210639 0.0132993683
vn -0.38910383 -0.921109259 0.012500016
vn -0.393187463 -0.919170737 0.0229991581
vn -0.399413317 -0.913730621 0.0746023878
vn -0.460097522 -0.887295365 0.0318997279
vn -0.424991161 -0.903881311 0.0487988815
vn -0.398106277 -0.912814558 0.0910013318
vn -0.461396158 -0.887192726 -0.00170009176
vn -0.481390595 -0.805284381 0.346093178
vn -0.463880986 -0.884163857 0.0553976297
vn -0.45580098 -0.889702022 -0.0260001663
vn -0.447493166 -0.894286454 -0.0014000854
vn -0.455010414 -0.89002043 0.0288005546
vn -0.454811752 -0.889923096 0.0344007872
vn -0.391207993 -0.920218885 0.0124001447
vn -0.398404717 -0.91651088 0.0358003154
vn -0.385787308 -0.922569752 0.00579969957
vn -0.438682675 -0.898564637 0.0117994295
vn -0.446813375 -0.894626856 -0.000900133688
vn -0.449292183 -0.893384576 -0.000900090963
vn -0.439179957 -0.89835912 -0.00849972013
vn -0.435615271 -0.900131643 -0.00160016364
vn -0.430209786 -0.90272063 0.00389998127
vn -0.431221545 -0.902245164 -0.0014001776
vn -0.428189069 -0.903677046 0.00469977316
vn -0.426696777 -0.904393315 -0.00170009525
vn 0.994139552 0.108104318 1.28870372e-08
vn 0 -1.1920929e-07 1.00000012
vn 0 1.1920929e-07 -1.00000012
vn -0.996969223 -0.0777976066 -9.27419652e-09
vn -0.500783324 -0.865571201 -0.00170004671
vn -0.466281235 -0.884564459 0.0112994406
vn -0.497406632 -0.86751169 -0.0032001466
vn -0.496322036 -0.868138611 -0.000100107944
vn -0.3583 -0.933600128 -0.00350011187
vn -0.317697018 -0.948191166 -0.00160009821
vn -0.322489411 -0.946569085 -0.00280002132
vn -0.328405261 -0.944515347 -0.00640021637
vn -0.323715597 -0.946145654 0.00410008524
vn -0.339306653 -0.940618515 -0.0104003157
vn -0.33399123 -0.942575395 0.00129985367
vn -0.334409714 -0.942427456 0.000899913895
vn -0.459812373 -0.887923956 0.012800239
vn -0.454991937 -0.890484333 0.00449981401
vn -0.421997726 -0.90659523 0.00179988251
vn -0.420699626 -0.907199204 0.00129989069
vn -0.389013261 -0.921231508 0.00119993126
vn -0.398488134 -0.917072773 0.013599488
vn -0.36248982 -0.931973875 -0.00509996852
vn -0.294000119 -0.955800533 -0.00310011581
vn -0.290701002 -0.956803441 -0.00450013019
vn -0.29620564 -0.955118299 -0.00340017909
vn -0.314186841 -0.949360311 -0.00140005443
vn -0.306400627 -0.951902032 -0.00120011612
vn -0.29478842 -0.955562532 -0.000600090425
vn -0.293910146 -0.955833018 -0.000500131282
vn -0.288008362 -0.957627892 0.00049990043
vn -0.291702658 -0.956508815 -0.000800121401
vn -0.290493011 -0.956877172 -1.14068634e-07
vn -0.288796842 -0.957389653 0.00129987183
vn -0.288099706 -0.957599103 -0.0017001126
vn -0.286888987 -0.957963347 -0.00110007206
vn -0.286889166 -0.957963943 -0.000400099147
vn -0.291308075 -0.956626654 -0.00230017817
vn -0.292606264 -0.956220567 -0.00490021938
vn -0.39680177 -0.917904198 -0.000700112549
vn -0.369299203 -0.928998172 -0.0241000615
vn -0.384294033 -0.923185825 0.00679978589
vn -0.34959811 -0.936895132 -0.00300009619
vn -0.336097062 -0.941791832 -0.00820004102
vn -0.349417627 -0.936947405 0.00610019686
vn -0.334409833 -0.942427814 -0.000400124147
vn -0.32930693 -0.944220006 0.00239993865
vn -0.326187074 -0.945262551 -0.00899975561
vn -0.326607794 -0.945122719 -0.00840031449
vn -0.298199534 -0.954498649 -0.00310010952
vn -0.310911626 -0.950435638 -0.00250020693
vn -0.313014895 -0.949745297 -0.00240022759
vn -0.325990528 -0.945372641 0.00099985837
vn -0.489111274 -0.872220218 -0.00150013866
vn -0.496395975 -0.868093073 -0.00240008417
vn -0.494594276 -0.869090021 -0.00770001533
vn -0.458607167 -0.888613999 -0.0067002112
vn -0.473284662 -0.880771577 0.0155993905
vn -0.445210695 -0.895421624 -0.00280017406
vn -0.425077856 -0.905152977 -0.00269996747
vn -0.42499581 -0.905191183 -0.00280008023
vn -0.410724789 -0.911755204 -0.0028002779
vn 0.999990225 -0.0020999792 -0.00389996241
vn 0.997726202 0.00360008678 0.0673017725
vn 0.997699261 0.00359998969 0.0676999614
vn 0.999230444 0.0115003558 -0.0375011489
vn 0.999898076 0.0139999744 0.00279999641
vn 0.999726892 0.0232006256 0.00280007813
vn 0.998263955 0.0256990679 0.0529980958
vn 0.997421205 0.0351007581 -0.0626013353
vn 0.999094069 0.0386997722 0.0176998992
vn 0.999100685 0.0388000309 0.0171000175
vn 0.999438643 0.0335012972 0.000300015614
vn 0.9997558 0.0220990237 0.00019999381
vn 0.998952627 0.00829961244 -0.0449978709
vn 0.99092418 -0.0259006526 0.131903231
vn 0.994552612 -0.0637033731 -0.0825043842
vn 0.996276438 -0.0861979723 -0.00179996795
vn 0.992539942 -0.121904917 -0.0019000913
vn 0.990977108 -0.133096933 0.0157996193
vn 0.976066411 -0.194693312 -0.0968967006
vn 0.974956214 -0.211390525 0.0690968782
vn 0.957428753 -0.287308633 -0.0280008782
vn 0.955248177 -0.295783997 0.0035997699
vn 0.939726055 -0.341909498 0.00360005954
vn 0.93568337 -0.349393874 0.0491990894
vn 0.919181168 -0.392491996 -0.0324993841
vn 0.914655685 -0.400080651 -0.0577972569
vn 0.900911331 -0.415005237 -0.127001658
vn 0.899956942 -0.428179592 0.0820960253
vn 0.890323758 -0.455312222 -0.00380015629
vn 0.882878125 -0.469588399 -0.00359996711
vn 0.88087821 -0.473288327 -0.0071998788
vn 0.880515039 -0.474008143 -0.00310010999
vn 0.876888216 -0.480693579 -0.00090004527
vn 0.868297756 -0.495598733 -0.0210000053
vn 0.869570673 -0.493783414 -0.00499989046
vn 0.863477588 -0.504386961 0.000599924359
vn 0.857995987 -0.513397694 -0.0162999872
vn 0.8590253 -0.511915147 -0.00430018827
vn 0.85598743 -0.516992509 -0.00210003112
vn 0.855987966 -0.516992807 -0.00180003652
vn 0.852624178 -0.52251488 -0.00320015359
vn 0.853915989 -0.520409763 0.00109995867
vn 0.852090657 -0.523394346 -0.000100061305
vn 0.851334989 -0.524621606 -0.00100010377
vn 0.851785302 -0.523890972 0.00049992901
vn 0.85022676 -0.526416659 -0.000300072221
vn 0.850109398 -0.526605904 -0.00060006947
vn 0.849684894 -0.527290702 -0.00050005404
vn 0.848923802 -0.528514862 -0.00070008263
vn 0.84887898 -0.528586924 -0.000800043286
vn 0.847997963 -0.529998779 -0.000900061103
vn 0.847615361 -0.530609667 -0.00130008685
vn 0.847879946 -0.530187547 -0.00100003975
vn 0.847424388 -0.53091532 -0.000900089275
vn 0.847114563 -0.531409204 -0.0011000823
vn 0.847232938 -0.531220734 -0.00100010238
vn 0.84706974 -0.531481028 -0.000900031242
vn 0.846996486 -0.531597853 -0.000900059706
vn 0.846951425 -0.531669617 -0.000900011859
vn 0.846923172 -0.531714618 -0.000900088111
vn 0.847570777 -0.530681789 -0.000800035836
vn 0.847615719 -0.530609906 -0.000900080078
vn 0.847688794 -0.530493021 -0.00100005011
vn 0.848042786 -0.529926836 -0.0010001139
vn 0.84807092 -0.529881895 -0.00100002903
vn 0.848542333 -0.529126465 -0.00110011804
vn 0.84861517 -0.529009521 -0.001100083
vn 0.84861511 -0.529009461 -0.00120008469
vn 0.848805845 -0.52870369 -0.00110007066
vn 0.84949404 -0.527596354 -0.00150005252
vn 0.850024641 -0.526715338 -0.00540021993
vn 0.846759021 -0.531974316 0.00159985933
vn 0.856102288 -0.516801417 -0.00230006804
vn 0.850298166 -0.52629894 -0.00160005956
vn 0.851854503 -0.52377212 -0.00259992387
vn 0.851943314 -0.523626685 -0.00280020479
vn 0.852275074 -0.523084819 -0.00309997238
vn 0.85251081 -0.522706687 -0.00180008519
vn 0.851404727 -0.524502993 0.00259995204
vn 0.855008066 -0.518604934 -0.00320009235
vn 0.853336036 -0.521322131 0.00640020939
vn 0.859609783 -0.510905921 -0.00680013932
vn 0.857181251 -0.514888823 0.0113996901
vn 0.866778851 -0.49848786 -0.0142997121
vn 0.867031634 -0.498018265 -0.0153006203
vn 0.868114054 -0.496308118 0.00750006316
vn 0.88893342 -0.45801729 0.00420010369
vn 0.880644679 -0.47257039 -0.0337979347
vn 0.876777709 -0.48088783 -0.0027999864
vn 0.886032879 -0.463617295 -0.00220013713
vn 0.896203935 -0.441601992 -0.0425002426
vn 0.899874687 -0.421788186 0.110996842
vn 0.89488703 -0.419393957 0.152597755
vn 0.930010378 -0.351703972 -0.106701255
vn 0.939385116 -0.342794597 -0.0068999324
vn 0.951880574 -0.306393772 -0.00679989858
vn 0.956723094 -0.289007008 0.0340007916
vn 0.961562395 -0.231290966 -0.147994265
vn 0.963737428 -0.199607804 0.177106872
vn 0.984648824 -0.169591203 0.0412978381
vn 0.991538525 -0.125004873 -0.0350013785
vn 0.99103272 -0.133604422 0.00200005062
vn 0.994094551 -0.108499415 0.00199997635
vn 0.995913506 -0.0880012065 -0.0203002896
vn 0.996650815 -0.0723037049 0.038201943
vn 0.985965908 -0.0260990821 -0.164894313
vn 0.996261477 -0.018899262 -0.084296748
vn 0.999466598 0.015399484 0.028799044
vn 0.999764502 0.0216992311 -9.99938711e-05
vn 0.999266386 0.0382987149 -9.99920885e-05
vn 0.999137461 0.0395014919 -0.0128004765
vn 0.999061108 0.043198321 0.00329987705
vn 0.996022403 0.0339007564 0.0824018717
vn 0.999441087 0.0334013738 -0.00140005362
vn 0.999751389 0.0217989422 0.00469977455
vn 0.999755561 0.0220990181 -0.000699966273
vn 0.999884248 0.0151997628 -0.000699987228
vn 0.99828738 0.0112998523 0.0573992804
vn 0.990403473 0.00540003646 -0.138100505
vn 0.998870969 0.00319991284 -0.0473986305
vn 0.999995351 -0.00179999205 0.0024999883
vn 0.999997735 -0.0019999959 0.000799998059
vn -0.0175993573 -0.0340986401 -0.999263644
vn 0.476992548 -0.30769515 -0.823287308
vn -0.105794758 -0.128493518 -0.986051261
vn -0.0178005118 -0.541015506 -0.840824366
vn -0.0985945612 -0.541570067 -0.834854126
vn -0.0559990257 -0.817085743 -0.573790193
vn -0.0854017287 -0.817116499 -0.570111692
vn -0.0653980076 -0.972070515 -0.225393295
vn -0.136598706 -0.967390895 -0.213298112
vn -0.0258001816 -0.993407011 0.111700676
vn 0.216792092 -0.95996511 0.177393422
vn -0.127391741 -0.939939201 0.316679388
vn -0.0771029964 -0.908135474 0.411515951
vn 0.0215010792 -0.829341769 0.558327973
vn -0.149195045 -0.797573626 0.584480524
vn -0.0367008187 -0.558312654 0.828818619
vn -0.206501722 -0.500904322 0.84050709
vn 0.0208006427 -0.299309373 0.953929484
vn 0.261409938 -0.285510957 0.922034979
vn -0.00539986044 -0.11479716 0.993374407
vn -0.228097498 -0.950389624 -0.211497828
vn -0.233392566 -0.965969384 0.111496359
vn -0.979083776 0.202596679 -0.0186996683
vn -0.986293972 0.164899021 -0.00569994655
vn -0.986992359 0.159998775 -0.0156998616
vn -0.994850755 0.0469976701 0.0897955745
vn -0.98941642 0.145102412 -0.000699994329
vn -0.996026814 0.0885023922 0.00990027748
vn -0.96725744 0.250689 0.0395982899
vn -0.976176023 0.214394748 0.0333992094
vn -0.970841587 0.238710269 -0.0220009163
vn -0.980278611 0.0981978476 0.171496287
vn -0.928208947 0.212502047 0.305403024
vn -0.226989686 -0.0510978028 0.972555935
vn -0.212711245 0.0360020213 -0.976451755
vn -0.705801725 0.047700204 -0.706801772
vn -0.460189164 -0.0429988876 -0.886779189
vn -0.620988131 0.00739995344 -0.783785164
vn -0.74130249 0.0473002456 -0.669502318
vn -0.979972422 0.197294489 -0.0269992203
vn -0.977953136 0.193590745 -0.0782962292
vn -0.950413704 0.124901854 -0.284804136
vn -0.990776181 0.135396749 -0.00549985189
vn -0.991832435 0.12690416 -0.0128004048
vn -0.990906537 -0.0347002186 -0.130000874
vn -0.977132738 0.0380013026 -0.209207028
vn -0.982168853 0.0430986583 -0.182994217
vn -0.959116101 0.156802684 -0.235603973
vn -0.858893454 0.099499315 -0.502396226
vn -0.993282974 0.115698025 -0.0016999573
vn -0.995569348 0.0936971307 -0.0078997463
vn -0.994861066 -0.0890965238 -0.0480981357
vn -0.989382446 -0.0557989962 -0.134197637
vn -0.899061739 -0.30938682 -0.309786886
vn -0.868256569 -0.153792247 -0.471676499
vn -0.882417798 -0.14670293 -0.447009116
vn -0.835559785 0.0755964294 -0.544173837
vn -0.769382834 0.0575987957 -0.636185884
vn -0.73089844 0.0434999913 -0.68109858
vn -0.790977776 -0.234593347 -0.565084159
vn -0.772396445 -0.248998791 -0.584297299
vn -0.808119416 -0.442810625 -0.388409436
vn -0.889717102 -0.330606371 -0.314806104
vn -0.904544532 -0.410520226 -0.115205735
vn -0.994476616 -0.0937978029 -0.0470989123
vn -0.994376421 -0.0951977596 0.046398893
vn -0.995782077 -0.0767986327 0.0501990952
vn -0.988636196 -0.0438016243 0.14380528
vn -0.990395546 -0.0162999444 0.137299389
vn -0.97359997 0.0574999824 0.220900029
vn -0.975258946 0.0748968348 0.207991302
vn -0.95797056 0.153895244 0.242092595
vn -0.958015859 0.156702578 0.24010402
vn -0.950645745 0.189209104 0.245911896
vn -0.962965012 0.251690894 0.0966965258
vn -0.609430254 -0.000699940312 -0.792839468
vn -0.675498426 -0.322699219 -0.662998617
vn -0.652823865 -0.328811944 -0.682425022
vn -0.693288505 -0.555090845 -0.459592491
vn -0.794622481 -0.457912922 -0.398611397
vn -0.813486099 -0.563090444 -0.14549762
vn -0.902803957 -0.414501846 -0.114600569
vn -0.902005017 -0.41640234 0.114000596
vn -0.910274506 -0.397188932 0.116796702
vn -0.890224159 -0.316708684 0.32740888
vn -0.902222633 -0.289007306 0.320108056
vn -0.863498569 -0.132999852 0.48649922
vn -0.872467875 -0.116495773 0.474582553
vn -0.840301633 0.0348000079 0.541001081
vn -0.841225743 0.0370010734 0.539416552
vn -0.820365787 0.129094571 0.557076812
vn -0.841203392 0.163200617 0.515502155
vn -0.495794713 -0.675092995 0.546294212
vn -0.444475085 -0.410777152 0.796055496
vn -0.465907067 -0.399106205 0.789712012
vn -0.417614043 -0.17130588 0.89233011
vn -0.41940853 -0.17010358 0.891718268
vn -0.379608482 -0.00700026844 0.92512089
vn -0.585990369 0.0639988631 0.807786822
vn -0.270609915 -0.46951738 0.840430856
vn -0.179694861 -0.252092928 0.950872898
vn -0.19500643 -0.240608096 0.950831532
vn -0.138205826 -0.0179008767 0.990241885
vn -0.448803455 -0.00650015706 0.893606961
vn -0.238909453 -0.964938283 0.108704202
vn -0.234997958 -0.920392156 0.312497199
vn -0.251400828 -0.91380316 0.319000989
vn -0.243507683 -0.880828023 0.406012744
vn -0.229796439 -0.781688094 0.57979095
vn -0.210302502 -0.797409475 -0.565606892
vn -0.246599793 -0.944899261 -0.215299964
vn -0.473686099 -0.857474923 -0.200894251
vn -0.481393993 -0.870689213 0.100798652
vn -0.716825843 -0.677324533 0.165505916
vn -0.491788685 -0.820081234 0.292593211
vn -0.466082335 -0.692473888 0.550679147
vn -0.28248933 -0.76057142 0.584577799
vn -0.200504541 -0.502311587 0.841119111
vn -0.17559886 -0.230098411 -0.957193851
vn -0.271787137 -0.506375968 -0.818361461
vn -0.187501818 -0.509804904 -0.839608371
vn -0.26310578 -0.777417064 -0.571312726
vn -0.458612174 -0.70801878 -0.537014365
vn -0.479603767 -0.854106724 -0.201201692
vn -0.693197489 -0.699997544 -0.171699494
vn -0.692691684 -0.700791657 0.170497864
vn -0.707271934 -0.685372949 0.173293054
vn -0.680003762 -0.55760318 0.47610262
vn -0.702519476 -0.533314884 0.471213043
vn -0.650981426 -0.306691349 0.694380164
vn -0.667105436 -0.291402489 0.685605586
vn -0.624103427 -0.087700583 0.776404381
vn -0.625600219 -0.0859001353 0.7754004
vn -0.590096116 0.0626995042 0.804894805
vn -0.707273185 0.107795849 0.698673606
vn -0.158799797 -0.00489987666 -0.987298787
vn -0.200596601 -0.212796301 -0.956283927
vn -0.422687531 -0.156995296 -0.892573833
vn -0.468016893 -0.427515417 -0.773428142
vn -0.441405982 -0.434105873 -0.785310864
vn -0.481391907 -0.69498831 -0.534091115
vn -0.676010311 -0.573508739 -0.462707192
vn -0.697006583 -0.696006596 -0.172501728
vn -0.810980916 -0.566486776 -0.14629665
vn -0.810057938 -0.567470551 0.147592261
vn -0.822906494 -0.549704432 0.143701091
vn -0.797613025 -0.440807313 0.411706746
vn -0.814554036 -0.421376348 0.398677528
vn -0.766625226 -0.222207427 0.602419913
vn -0.780977607 -0.210594043 0.587983191
vn -0.742263973 -0.026898779 0.669567585
vn -0.743085742 -0.0260995813 0.668687224
vn -0.711227953 0.109204225 0.694427371
vn -0.750697136 0.125599459 0.648597538
vn -0.98232758 0.186405256 -0.0169004537
vn -0.981433332 0.191706538 -0.00610018522
vn -0.989252746 0.146207809 0.00150009769
vn -0.981975734 0.188195363 0.0174995922
vn -0.982737601 0.183607042 0.0227008928
vn -0.979139149 0.20270814 0.0140005862
vn -0.959759414 0.277888268 0.0404983237
vn -0.962364197 0.270190001 0.0291989502
vn -0.971636951 0.236109018 0.0132005317
vn -0.975009024 0.221802086 0.0127001451
vn -0.967217267 0.253304571 0.0181003567
vn -0.96160078 0.273900241 0.0174000487
vn -0.952249467 0.303783894 0.0305984169
vn -0.960887313 0.276096374 0.021599751
vn -0.959169269 0.282490969 0.013899589
vn -0.959723592 0.280506939 0.0157004204
vn -0.684387565 0.286694914 -0.670387805
vn -0.81368041 0.28899312 -0.504387856
vn -0.955375493 0.291992545 0.0446988903
vn -0.94886595 0.314288765 -0.0295989048
vn -0.977051795 0.211611226 0.0243013166
vn -0.964162648 0.253090233 -0.079596892
vn -0.917362511 0.274788827 -0.287988216
vn -0.933427989 0.284008592 -0.219206572
vn -0.904963195 0.387884289 -0.174892858
vn -0.964575648 0.261393428 0.0355991311
vn -0.9277215 0.372008681 -0.0307006706
vn -0.952534914 0.303111136 0.028301077
vn -0.926311851 0.376504868 0.0138002234
vn -0.943633676 0.329411805 0.0323011987
vn -0.929839075 0.365515381 0.0424018279
vn -0.945810795 0.322003692 0.0419005193
vn -0.938777924 0.339792043 0.0568987094
vn -0.417098761 0.163699627 -0.893997431
vn -0.616739631 0.278517991 -0.736247301
vn 0.0649999455 0.744099557 -0.664899468
vn 0.00960021093 0.57511282 -0.818018019
vn -0.0609997101 0.859196067 -0.507997513
vn 0.0527005978 0.83090961 -0.553906202
vn 0.147792548 0.898254871 -0.413879067
vn 0.205991879 0.97676158 -0.0591975562
vn 0.0456010401 0.976722419 -0.209604695
vn -0.124203615 0.982528687 -0.138603941
vn 0.16429837 0.934290946 -0.316396773
vn 0.211691454 0.972360849 0.098496154
vn -0.00220007706 0.981234431 0.1928069
vn 0.0739986524 0.969682336 0.232895896
vn 0.2049997 0.923298776 0.324799687
vn 0.176998377 0.811092615 0.557495058
vn -0.082796298 0.875060976 0.476878881
vn 0.3339113 0.549418569 0.765926123
vn 0.10939642 0.67767787 0.727176368
vn -0.193105549 0.0773021132 0.978128195
vn -0.121605873 -0.0161008984 0.992448032
vn -0.573200583 0.273000211 0.772600949
vn -0.524306238 0.264803112 0.8093099
vn -0.531132102 0.268716186 0.803548753
vn -0.383983672 0.238289773 0.892062128
vn -0.756829321 0.314412147 0.573022306
vn -0.705109775 0.297204077 0.643809021
vn -0.659305274 0.289502263 0.693905652
vn -0.945982933 0.272095114 0.176296875
vn -0.955677748 0.278393567 0.0957978144
vn -0.903574467 0.304691374 0.301191539
vn -0.903329134 0.304509819 0.302109808
vn -0.804395139 0.302698135 0.511197031
vn -0.714743197 0.288217545 -0.637238503
vn -0.790925682 0.29840979 -0.534217358
vn -0.730133951 0.523524463 -0.439120412
vn -0.898421288 0.398909509 -0.183604315
vn -0.874904513 0.473302513 -0.102600485
vn -0.867561162 0.482634097 -0.120008416
vn -0.854789376 0.518593609 -0.0198996942
vn -0.848126173 0.529016376 -0.0287008267
vn -0.846864641 0.526278138 0.0764968768
vn -0.846445799 0.526966333 0.0763951764
vn -0.855487943 0.490393132 0.166297734
vn -0.861285508 0.480791956 0.164397314
vn -0.558311701 0.273605853 -0.783216476
vn -0.566225886 0.277212799 -0.776235521
vn -0.480411649 0.594814539 -0.644515634
vn -0.718697965 0.532098591 -0.447598726
vn -0.671102524 0.684102654 -0.285701007
vn -0.656847477 0.690850139 -0.302121818
vn -0.630532086 0.770339251 -0.0949047506
vn -0.618910134 0.778612792 -0.103501618
vn -0.616307855 0.77620995 0.132901803
vn -0.615382969 0.776978552 0.132696435
vn -0.636289775 0.694388926 0.336094737
vn -0.645812035 0.686512887 0.334106356
vn -0.356999487 0.81059891 0.464199483
vn -0.343992561 0.815582335 0.46529004
vn -0.313612938 0.933638632 0.173107252
vn -0.315214574 0.933043242 0.173408136
vn -0.322099477 0.932198584 -0.165099636
vn -0.3371104 0.928128719 -0.157904789
vn -0.378011316 0.812324584 -0.444113284
vn -0.397211403 0.810323417 -0.430812329
vn -0.465395898 0.599894881 -0.650794268
vn -0.249598384 0.605496287 -0.755695164
vn -0.327693552 0.344893366 -0.879582763
vn 0.340595424 0.182197675 -0.922387719
vn -0.203899845 0.0752000734 -0.976099432
vn -0.0333992057 0.29479292 0.954977512
vn 0.0504995808 0.236197948 0.970391989
vn -0.27759853 0.320398271 0.905695438
vn -0.195808366 0.58902514 0.784033597
vn -0.437592357 0.591089666 0.677588344
vn -0.419920921 0.587629259 0.691634595
vn -0.699812174 0.53000921 0.478908449
vn -0.68781215 0.529709339 0.496308923
vn -0.889274001 0.403588235 0.215193793
vn -0.880718529 0.406908572 0.242405176
vn -0.92948401 0.345794111 0.128397852
vn -0.947280049 0.315993369 0.0529989265
vn -0.0215006396 0.505214989 0.862725854
vn 0.0411986299 0.45998466 0.886970699
vn -0.602216542 0.512014091 0.61251694
vn -0.154799893 0.666999519 0.728799582
vn -0.0976961777 0.842867076 0.529179513
vn -0.0841030255 0.843930423 0.529819191
vn -0.0489983819 0.98036778 0.190993845
vn -0.0504975803 0.98025316 0.191190988
vn -0.0629980564 0.977769971 -0.199993744
vn -0.0794018805 0.977523267 -0.195304528
vn -0.131596431 0.843977213 -0.519985795
vn -0.152700856 0.845604897 -0.511502802
vn -0.232904896 0.606612921 -0.760116041
vn -0.00590004865 0.575604916 -0.817706823
vn -0.114497393 0.200995564 -0.97287792
vn 0.0268000811 0.168700635 -0.985303104
vn -0.0345986784 0.173293501 -0.984262466
vn 0.0296004936 0.00950003974 0.999516785
vn 0.655313671 0.0227003861 0.75501585
vn -0.189094722 0.187594682 0.963873267
vn 0.38258642 0.427684754 0.818971097
vn 0.599296927 0.253898621 0.759196281
vn 0.0672018677 0.686919093 0.723620176
vn 0.676193535 0.591794312 0.438795954
vn 0.290296406 0.773290396 0.563693225
vn 0.361887395 0.875069618 0.32138896
vn 0.55167383 0.805661857 0.215789884
vn 0.614501536 0.767301977 0.183400571
vn 0.33510989 0.937427759 0.094502911
vn 0.610607505 0.763609529 -0.20990254
vn 0.520290196 0.835084379 -0.178696543
vn 0.373802751 0.925106943 -0.066700384
vn 0.223900914 0.700903058 -0.677202761
vn 0.506907701 0.676510453 -0.534208119
vn 0.368792802 0.735785842 -0.567988932
vn 0.294614792 0.85634315 -0.424121261
vn 0.296808958 0.897927225 -0.325009733
vn 0.0935010314 0.554806232 -0.826709092
vn 0.0161000174 0.58510083 -0.81080097
vn 0.090596348 0.380184829 -0.920462966
vn 0.535577178 0.0296986364 0.8439641
vn 0.0588982068 -0.150395557 0.98687011
vn 0.0578002371 -0.265401244 0.962404013
vn 0.17670311 -0.541509688 0.821914554
vn 0.0734993517 -0.546095371 0.834492683
vn 0.245000318 -0.801501215 0.545500576
vn 0.196892738 -0.808570385 0.55447948
vn 0.214902699 -0.95631212 0.198202386
vn 0.260002792 -0.946910322 0.189101949
vn 0.185096711 -0.960283101 -0.208796442
vn 0.216291726 -0.95236367 -0.214991927
vn 0.146996111 -0.817478418 -0.556885481
vn 0.196100131 -0.801800549 -0.564500511
vn 0.0438987315 -0.564483583 -0.824276268
vn 0.152299598 -0.528598547 -0.835097969
vn -0.0734963194 -0.166191578 -0.983350873
vn 0.538208365 -0.161402434 -0.82721293
vn 0.00149994472 -0.0496980585 -0.998763323
vn -0.557009697 -0.818014324 -0.143502623
vn -0.852605343 -0.369902402 0.369102329
vn 0.0837019607 -0.833519757 0.546112776
vn -0.96502769 -0.251807272 0.0729020685
vn -0.972971678 -0.213293821 -0.0884974599
vn -0.97433269 -0.210907072 -0.0787026659
vn -0.946286619 -0.310695648 0.0894987062
vn -0.968728065 -0.218806371 0.117003374
vn -0.965423763 -0.228705674 0.125103071
vn -0.952471852 -0.165895149 0.255492449
vn -0.980979323 -0.095498018 0.168996438
vn -0.873796344 -0.205799207 0.44059819
vn -0.825038016 -0.198609233 0.529024422
vn -0.746017575 -0.204604924 0.633714974
vn -0.685257256 -0.12749216 0.71705538
vn -0.46290648 -0.0949014425 0.88131237
vn -0.397202462 -0.110900804 0.911005795
vn -0.272193342 -0.0659985095 0.959976614
vn 0.242812112 -0.526226401 0.814940691
vn 0.0715010166 -0.833411992 0.548007667
vn 0.12290103 -0.973708212 0.191801503
vn 0.0882017612 -0.975919545 0.199503884
vn 0.120904416 -0.968135417 -0.219308168
vn 0.0650017112 -0.976725936 -0.204405546
vn 0.0774986967 -0.819586277 -0.56769067
vn 0.00590014737 -0.836120844 -0.54851383
vn 0.0120995734 -0.552280426 -0.833570778
vn -0.0758039579 -0.577530086 -0.812842548
vn -0.0875972211 -0.285490841 -0.954369903
vn -0.0350011438 -0.05390165 -0.997932792
vn -0.113104887 -0.0814034045 -0.990242898
vn -0.195207462 -0.0717026293 -0.978137493
vn -0.0615971573 -0.271887362 -0.960355878
vn -0.823512077 -0.25350371 -0.507507563
vn -0.338388681 -0.0859970152 -0.937068701
vn -0.982733428 -0.137504682 -0.123804249
vn -0.968026996 -0.120503344 -0.220006183
vn -0.835021377 -0.226105765 -0.501612961
vn -0.0559015013 -0.0584016964 0.99672693
vn -0.0699005499 -0.0654006377 0.995407939
vn -0.0385997072 -0.27769804 0.95989275
vn -0.374291211 -0.303093016 0.87637949
vn -0.367407978 -0.298906654 0.880719185
vn -0.659309149 -0.289004117 0.694109619
vn -0.626136601 -0.499229282 0.598935068
vn -0.84322077 -0.382609516 0.377609313
vn -0.825523973 -0.506414831 0.249107197
vn -0.818288207 -0.5123927 0.260496229
vn -0.810410559 -0.577607572 0.0980012268
vn -0.964550793 -0.261986643 -0.0316984169
vn -0.957306266 -0.281901866 -0.064000465
vn -0.838779807 -0.493788153 -0.229394555
vn -0.858479857 -0.368391365 -0.356791675
vn -0.8651371 -0.367015749 -0.341814727
vn -0.889908671 -0.178401694 -0.419804186
vn -0.693593323 -0.198098034 -0.692593396
vn -0.686821222 -0.201206148 -0.698421657
vn -0.647580862 -0.493285418 -0.58078295
vn -0.635901272 -0.493100971 -0.593701303
vn -0.602296174 -0.694095671 -0.394297659
vn -0.82894206 -0.508625865 -0.232711911
vn -0.817193747 -0.570895731 -0.0791994706
vn -0.947419047 -0.31970647 -0.013600314
vn -0.55212909 -0.820043266 0.150607839
vn -0.55469203 -0.818588316 0.14909777
vn -0.568490684 -0.712788522 0.410793275
vn -0.580059469 -0.709050596 0.400971949
vn -0.610411406 -0.509809673 0.606211305
vn -0.469916791 -0.547219694 0.692624748
vn -0.340607285 -0.49181065 0.801317155
vn 0 -0.480693877 0.876888692
vn -0.0362992696 -0.27839455 0.959780753
vn 0.0362993032 -0.647987723 0.76078546
vn -0.298702598 -0.649205863 0.699506104
vn -0.265504152 -0.822613001 0.502807736
vn -0.25219813 -0.822994113 0.508996189
vn -0.233694524 -0.955277681 0.181195632
vn -0.230892465 -0.955768883 0.18219395
vn -0.238611192 -0.952044785 -0.191509128
vn -0.248802498 -0.949109674 -0.193102106
vn -0.27908811 -0.813465416 -0.510278463
vn -0.916480184 -0.399791449 0.0151996268
vn -0.962594271 -0.268598408 0.035599757
vn -0.808470786 -0.579979122 0.0999963358
vn -0.811176717 -0.579683423 -0.0771978572
vn -0.566067874 -0.811453998 -0.145291865
vn -0.586925149 -0.705730259 -0.396817178
vn -0.297112644 -0.807534456 -0.509521902
vn -0.343593657 -0.556889713 -0.756186247
vn -0.359193325 -0.559189618 -0.747186244
vn -0.410703063 -0.195301369 -0.890606821
vn -0.474689364 -0.217795044 -0.852780998
vn -0.998900115 -0.0468000099 0.00289999484
vn -0.998692751 -0.0456996746 0.0228998307
vn -0.998685718 -0.0460993499 0.0223996751
vn -0.994349658 -0.104494721 0.0186990406
vn -0.997822225 -0.064501442 0.0138003016
vn -0.99899286 -0.0447996818 -0.0024999876
vn -0.989387274 -0.145198151 0.00549991243
vn -0.989497483 -0.144399658 0.00659996737
vn -0.991223037 -0.131403074 0.0145003228
vn -0.99761951 -0.0683013424 0.00950017758
vn -0.995372474 -0.0956973732 0.0086997496
vn -0.993007362 -0.117500894 0.0114000719
vn -0.989838302 -0.140105441 0.0243009273
vn -0.989032984 -0.144404829 0.0310010202
vn -0.989585817 -0.142697975 0.0188997146
vn -0.983128726 0.176005155 0.0498014838
vn -0.985442042 0.165407062 0.0393016972
vn -0.982801378 0.182500288 -0.028200021
vn -0.98911649 0.140802369 -0.0427006967
vn -0.983367741 0.148695156 -0.10429658
vn -0.9918257 0.0749019682 -0.10330268
vn -0.720897079 0.0531998724 -0.690997243
vn -0.213903278 0.13760224 -0.967114985
vn -0.0550998189 0.15739961 -0.985996842
vn -0.0687980652 0.157795697 -0.985072374
vn -0.152191922 0.527272224 -0.835955739
vn -0.0906994492 0.539796889 -0.836894989
vn -0.177808344 0.796337545 -0.578127086
vn -0.358191013 0.777380645 -0.517086923
vn -0.0904977843 0.721682549 -0.686283231
vn -0.0231997669 0.993290186 0.113299005
vn -0.0256001558 0.994506121 -0.101500511
vn -0.346408218 0.915721893 -0.203604773
vn -0.0466020815 0.947442532 -0.316514075
vn -0.0501004122 0.896007657 -0.441203594
vn -0.523899078 0.8060987 0.275199682
vn -0.0383989736 0.970874012 0.236493796
vn -0.0398008525 0.856018364 0.515411198
vn -0.342113078 0.753128767 0.561921656
vn -0.0737038478 0.744238794 0.663834751
vn -0.0893993825 0.389697254 0.91659385
vn -0.294985712 0.497675896 0.815660715
vn -0.36732167 0.469927698 0.802647531
vn -0.0720001012 0.635300875 0.768901229
vn -0.95928216 -0.0802985579 0.270794988
vn -0.96321249 -0.0769010335 0.257503361
vn -0.846808612 0.0143000837 0.531705439
vn -0.976373374 0.0375989489 0.212794214
vn -0.992278695 0.0217995215 0.122097395
vn -0.859522641 0.231206059 0.455812097
vn -0.839088917 0.0208996627 0.54359287
vn -0.698516905 0.0311006717 0.714917421
vn -0.850814819 0.41570726 0.321405679
vn -0.971560836 -0.0885964185 -0.2195912
vn -0.970174313 -0.0582984351 -0.235293806
vn -0.85092175 0.0267007481 -0.5246135
vn -0.868593276 0.248698145 -0.428596735
vn -0.860809922 0.492305696 0.129001558
vn -0.85459727 0.503798425 0.125899673
vn -0.856435478 0.505420983 -0.105204314
vn -0.860301614 0.49980098 -0.100400142
vn -0.853619993 0.419709891 -0.308507174
vn -0.509611845 0.0996024311 -0.85461998
vn -0.494305432 0.0992012024 -0.863609612
vn -0.51921916 0.44991675 -0.726626813
vn -0.4761208 0.702530682 0.528923273
vn -0.488415301 0.847726583 0.206906617
vn -0.476013601 0.85372442 0.211106151
vn -0.479614615 0.856926203 -0.188805684
vn -0.488095641 0.851992488 -0.189398229
vn -0.482408345 0.711012423 -0.511608839
vn -0.595689178 0.640188456 -0.48509112
vn -0.584687591 0.437490851 -0.683185518
vn -0.682826996 0.374614924 -0.627224803
vn -0.651624322 0.0392015576 -0.757528365
vn -0.865321577 0.0301008131 -0.500312507
vn -0.984914422 0.123701811 0.121001802
vn -0.987732887 0.115303844 0.105303541
vn -0.862789631 0.393595248 0.317296267
vn -0.848126829 0.249407873 0.467414886
vn -0.670040369 0.365621984 0.646039069
vn -0.639771879 0.0593973026 0.766266406
vn -0.4785074 0.0914013088 0.873313606
vn -0.0792969838 0.149594203 0.985562623
vn -0.0717997774 0.149199441 0.986197054
vn -0.281614751 0.125006452 0.951349974
vn -0.310706645 0.494710565 0.811617553
vn -0.285607278 0.495812595 0.820121109
vn -0.298086464 0.764865279 0.571074247
vn -0.269096673 0.76859045 0.580392957
vn -0.276194364 0.934081018 0.226295516
vn -0.26141274 0.937445641 0.229911312
vn -0.265703678 0.940613031 -0.211302817
vn -0.277611852 0.936940134 -0.212308988
vn -0.278395027 0.778886259 -0.561989844
vn -0.307106614 0.769316733 -0.560212016
vn -0.302404523 0.507707834 -0.806712151
vn -0.330104917 0.498607576 -0.801512003
vn -0.308486104 0.133194134 -0.941857696
vn -0.356000394 0.12190026 -0.926501155
vn -0.990514696 -0.0196002778 -0.136002034
vn -0.983850241 0.0710036606 -0.164308384
vn -0.85452503 0.252307475 -0.454013318
vn -0.865811229 0.40910539 -0.2881037
vn -0.65660578 0.610205472 -0.443303883
vn -0.665508807 0.729409814 -0.158302024
vn -0.659505844 0.734906673 -0.158001333
vn -0.656261981 0.731957674 0.183189496
vn -0.666589022 0.723788142 0.178297162
vn -0.651891649 0.600792289 0.462694228
vn -0.590504408 0.630704701 0.503503859
vn -0.5735147 0.427310944 0.698918045
vn -0.503489375 0.440990686 0.742984414
vn -0.472596854 0.0935992748 0.876294255
vn -0.290110081 0.122404151 0.949133039
vn 0.022199221 0.159394309 0.986965537
vn 0.0278993472 0.160896137 0.986577034
vn 0.0123999557 0.395698547 0.918296874
vn 0.199901596 0.536004245 0.820206761
vn 0.344604045 0.491805762 0.799609601
vn 0.0449989662 0.945978284 0.321092755
vn 0.0867025033 0.852724731 0.515115082
vn 0.313096017 0.77169019 0.553593159
vn 0.0122001795 0.746110976 0.665709913
vn 0.0494996235 0.637095094 0.769194365
vn 0.0680026338 0.990538359 0.119204737
vn 0.0850981548 0.989978671 0.112697691
vn 0.0720985234 0.941680729 0.32869342
vn 0.221705064 0.795518339 -0.563912809
vn 0.0702014416 0.893218458 -0.444109052
vn -0.0241011269 0.980345964 -0.195809066
vn 0.610487044 0.744984329 -0.268894255
vn 0.116599113 0.987792611 -0.103299104
vn 0.00539972074 0.542472124 -0.840056598
vn 0.0145998904 0.723094761 -0.690594792
vn 0.279519171 0.788854241 -0.547337413
vn 0.000500009744 -0.0395006537 -0.999219537
vn -0.154798627 0.148698822 -0.976691484
vn -0.0790975094 0.169394806 -0.982369184
vn 0.0424990952 0.536888719 -0.842582047
vn 0.08660236 0.0848022029 0.992627263
vn 0.119600333 0.0061998996 0.992802918
vn -0.196803004 0.257903844 0.945914626
vn -0.2039911 0.279387712 0.938259244
vn -0.37171647 0.340015024 0.863838494
vn -0.461505741 0.460905731 0.758009613
vn -0.493185669 0.456086695 0.740778625
vn -0.663796306 0.5758968 0.477197438
vn -0.495714188 0.683419526 0.535915434
vn 0.096700497 0.258701235 0.961105108
vn -0.304689884 0.304189861 0.902570248
vn -0.129701257 0.378403574 0.916508973
vn -0.457200676 0.460100651 0.761101305
vn -0.464594692 0.456494749 0.758791506
vn -0.60967648 0.634875476 0.474581808
vn -0.712897182 0.50069803 0.490998179
vn -0.718416452 0.625714362 0.303907067
vn -0.748697519 0.584098101 0.313499033
vn -0.734924376 0.595519841 0.324410856
vn -0.115897834 0.522890389 -0.84448427
vn 0.0683009475 0.547807813 -0.833811641
vn -0.0622022487 0.601921916 -0.796128869
vn -0.124397874 0.587390184 -0.799686432
vn -0.272398412 0.662796319 -0.697495937
vn -0.403196156 0.704793453 -0.583694458
vn -0.585608304 0.72911042 -0.354204953
vn -0.562386572 0.700783432 -0.438889503
vn -0.694273591 0.715172946 -0.0806968585
vn -0.701211452 0.707211673 -0.0903014019
vn -0.775007606 0.631906271 -0.00760000059
vn -0.763055801 0.645062685 -0.0404975787
vn -0.763604343 0.606903553 -0.220401213
vn -0.677687764 0.623788893 -0.389393002
vn -0.655238986 0.593835473 -0.466927767
vn -0.368597299 0.68179512 -0.631895363
vn -0.496983945 0.533382893 -0.684477866
vn -0.544774652 0.542374909 -0.639570236
vn -0.144806892 0.287913829 -0.946645021
vn -0.211793959 0.351090133 -0.912074089
vn -0.234100997 0.381101787 -0.894403875
vn -0.326408029 0.412810296 -0.850320935
vn -0.43740195 0.480702251 -0.760003388
vn -0.43840915 0.869818211 -0.22630465
vn 0.0836001039 0.817101181 -0.570400655
vn -0.335904628 0.78481096 -0.520807087
vn -0.48938179 0.79197067 -0.365086347
vn -0.50408566 0.81347692 -0.290091693
vn -0.729592443 0.67309314 -0.120998681
vn -0.00269984966 0.66576308 -0.746158481
vn 0.147591412 0.69066 -0.707958817
vn 0.186087936 0.662857175 -0.725252986
vn 0.219404012 0.953917503 -0.204703644
vn 0.28448835 0.860664904 -0.422282666
vn 0.21950388 0.816814601 -0.533509374
vn 0.519706368 0.790809691 0.323304087
vn 0.419494301 0.907687783 0.0112999557
vn 0.425083578 0.905065179 0.0126996189
vn 0.371996909 0.866792917 -0.332097173
vn 0.336205274 0.507407844 0.793412626
vn 0.390507251 0.604511201 0.69431299
vn 0.357195139 0.703690469 0.614191771
vn 0.487811476 0.69001627 0.534712672
vn 0.425284803 0.8568694 0.291389674
vn 0.128598943 0.308497369 0.942492425
vn 0.143305868 0.213208646 0.966439724
vn -0.144402012 0.485706687 0.862112164
vn -0.217701316 0.489302933 0.84450525
vn -0.448182672 0.588877261 0.672574103
vn -0.387176216 0.604762852 0.695957363
vn -0.633022249 0.592420876 0.498317629
vn -0.650900185 0.652700245 0.38770026
vn -0.713479042 0.633681417 0.298991323
vn -0.707175016 0.706075132 -0.036898613
vn -0.650484502 0.759281933 0.0189996399
vn -0.672996581 0.739096344 0.0284999479
vn -0.548594892 0.828992367 0.108699098
vn -0.322788209 0.944765568 -0.0567978173
vn -0.274992168 0.951273024 0.139496163
vn -0.266108364 0.953530073 0.141304567
vn -0.263289809 0.908364892 0.324887574
vn -0.260887682 0.908557117 0.326284736
vn -0.292993993 0.823683202 0.485490203
vn -0.295700997 0.824002743 0.483301729
vn -0.141907826 0.883648872 -0.446124524
vn -0.00190002297 0.97971195 -0.200402319
vn 0.0121003725 0.979330242 -0.20190613
vn 0.0882986188 0.992884636 0.0798988789
vn 0.0986000597 0.991800725 0.0813001767
vn 0.109499358 0.929194629 0.352998078
vn 0.11170283 0.928623617 0.353809118
vn 0.067399554 0.804294646 0.590396225
vn 0.063899748 0.805896819 0.588597834
vn -0.197207153 0.750027359 -0.631322801
vn -0.246895418 0.802285254 -0.543489814
vn -0.149893358 0.883561015 -0.443680257
vn -0.431904823 0.872309923 -0.229202494
vn -0.335003644 0.94061029 -0.0550004914
vn -0.634565949 0.765159011 0.108894266
vn -0.5608266 0.80843842 0.178608581
vn -0.588176072 0.772768676 0.238490418
vn -0.569980085 0.779072821 0.261090994
vn -0.5856812 0.731276631 0.349588901
vn -0.607281804 0.729678273 0.314290702
vn -0.610695422 0.689394891 0.389597237
vn -0.364289731 0.704580069 0.608982921
vn -0.368815392 0.707429469 0.602925241
vn -0.0359009244 0.630916238 0.775020063
vn -0.041801244 0.635918915 0.770623147
vn 0.247395307 0.499090523 0.83048445
vn 0.264200211 0.391800225 0.881300807
vn -0.771443784 0.605934441 0.194211125
vn -0.774778962 0.604683638 0.184595063
vn -0.782304287 0.598303318 0.173301041
vn -0.768660307 0.616268218 0.171391234
vn -0.77080518 0.612104177 0.176601276
vn -0.772112012 0.60700947 0.18810302
vn -0.769619048 0.614815295 0.172304362
vn -0.786905825 0.593904495 0.167501345
vn -0.791310012 0.58950752 0.16220215
vn -0.805909455 0.571306825 0.155301914
vn -0.806232154 0.570822835 0.155406281
vn -0.770210743 0.627608836 0.113501668
vn -0.783700347 0.593600333 0.182900175
vn -0.805208504 0.570206106 0.162801802
vn -0.806826532 0.569818795 0.156005219
vn -0.805292726 0.571794868 0.156698674
vn -0.692112267 0.448907971 0.565210104
vn -0.239890441 0.123894967 0.962861776
vn -0.29280442 0.131301865 0.947114348
vn -0.132305026 -0.256909907 0.957336366
vn -0.318205178 -0.462207675 0.827713609
vn -0.316891432 -0.463887602 0.82727766
vn -0.63999337 -0.593193889 -0.488395065
vn -0.576305091 -0.637205601 -0.511704564
vn -0.461681783 -0.379284978 -0.801868558
vn -0.473192424 -0.372593969 -0.798287451
vn -0.396692991 0.098198384 -0.912684023
vn -0.603506565 0.25640291 -0.75500828
vn -0.826892018 0.561494648 0.0311997682
vn -0.823944092 0.566661596 -0.00329970918
vn -0.822092712 0.52699542 -0.21549806
vn -0.0242997743 -0.054999616 0.99819082
vn 0.0398006625 -0.0598011203 0.997416675
vn -0.130302817 -0.261305809 0.95642072
vn -0.370407969 -0.0373009183 0.928120017
vn -0.856487036 0.513692319 0.0504993051
vn -0.856544018 0.513626456 0.0502026454
vn -0.913319945 0.363808006 -0.183003977
vn -0.827281892 0.500989139 -0.254194409
vn -0.77570045 0.432500392 -0.45960027
vn -0.664373994 -0.735071301 -0.135194808
vn -0.670776069 -0.729874074 -0.131695405
vn -0.87520951 -0.478505284 -0.0710008442
vn -0.809834957 -0.50562191 0.297512829
vn -0.941991329 -0.172198474 0.288097352
vn -0.844188631 -0.113498546 0.523892999
vn -0.895895123 0.220998779 0.385397971
vn -0.810997546 0.307699054 0.497598588
vn -0.810691118 0.311396539 0.495794654
vn -0.696979523 0.45078674 0.557683706
vn -0.746287465 -0.109298095 -0.656589031
vn -0.850085914 -0.342694312 -0.399893463
vn -0.966939986 -0.0487019941 -0.250310361
vn -0.98677969 -0.161996678 0.00479988242
vn -0.979074419 0.187795117 0.0783979818
vn -0.953004956 0.166800857 0.252901375
vn -0.878341496 0.436770916 0.194287121
vn -0.845685005 0.493691266 0.202696487
vn -0.868231595 0.486017734 0.099803701
vn -0.875813305 0.475407273 0.0833013356
vn -0.965298414 0.251199603 -0.0713998601
vn -0.915159941 0.35688445 -0.187391773
vn -0.885392427 0.142398849 -0.44249624
vn -0.745429814 0.368414849 -0.555522203
vn -0.695199847 0.340600044 -0.632999837
vn -0.488178015 -0.648670912 0.583873689
vn -0.497006178 -0.638608038 0.587507248
vn -0.704020441 -0.404511869 0.583716929
vn -0.537712991 -0.238405883 0.808719695
vn -0.538998961 -0.235899672 0.808598578
vn -0.37429893 -0.036300011 0.926597476
vn -0.698985338 0.37749204 0.607387364
vn -0.414579064 0.282185674 0.865156412
vn -0.605192065 -0.750290275 0.266096443
vn -0.616371334 -0.739065766 0.271787316
vn -0.818589628 -0.493493855 0.293896258
vn -0.695496202 -0.413397849 0.587696791
vn -0.849310935 -0.104201406 0.517506659
vn -0.715586185 0.0320993029 0.69778657
vn -0.716393113 0.0354995802 0.696793318
vn -0.540594578 0.252197415 0.802592158
vn -0.583000362 0.328500152 0.743100524
vn -0.867974639 0.472486228 0.1528956
vn -0.887681305 0.44149071 0.130797312
vn -0.980165541 0.18149364 0.0795972273
vn -0.965571105 0.250092536 -0.0715978295
vn -0.967104197 -0.0470001772 -0.250001103
vn -0.884399891 0.133600056 -0.44719997
vn -0.751118898 -0.0989024192 -0.652716458
vn -0.562393308 0.209497616 -0.799890578
vn -0.499716103 0.177405819 -0.847827435
vn -0.328191608 0.0317993015 -0.944075942
vn -0.257209033 -0.00650011376 -0.966334045
vn -0.381588221 0.0832975507 -0.920571685
vn -0.594829679 -0.271713495 -0.756537914
vn -0.585085273 -0.278692931 -0.761581063
vn -0.697590292 -0.533392549 -0.478393435
vn -0.848769546 -0.345487595 -0.400285721
vn -0.871361971 -0.485578865 -0.0702969953
vn -0.987921596 -0.154903397 0.00400006911
vn -0.938137114 -0.184507355 0.293011606
vn -0.95262748 0.178005129 0.246607155
vn -0.894244313 0.212310508 0.394019604
vn -0.852471948 0.460584879 0.247291952
vn -0.806871355 0.536980987 0.246191338
vn -0.818702519 0.505601525 0.272200912
vn -0.754785597 0.584988892 0.296794415
vn -0.758478642 0.563784122 0.326890886
vn 0.0685971454 -0.265889078 0.961560071
vn 0.435002863 -0.435503006 0.788105249
vn -0.0443991981 -0.329294205 0.943183064
vn -0.152503505 -0.587913692 0.794418335
vn -0.25230521 -0.491010278 0.833817303
vn -0.324707568 -0.76671809 0.553812861
vn -0.347789496 -0.749277592 0.563583016
vn -0.528497756 -0.810296655 0.253198862
vn -0.424401253 -0.880402744 0.211600557
vn -0.608315289 -0.780019641 -0.146703795
vn -0.498787165 -0.845778286 -0.189395264
vn -0.561507702 -0.647908807 -0.514707148
vn -0.458195359 -0.699592888 -0.548294604
vn -0.463217884 -0.379814595 -0.800731122
vn -0.358097315 -0.428996712 -0.829293966
vn -0.259498835 -0.0168998092 -0.965595782
vn -0.209905893 -0.0394009911 -0.976927459
vn 0.26489228 -0.0605983622 0.962372124
vn 0.253810257 -0.0443019085 0.966239095
vn 0.333981842 0.615166724 -0.714161217
vn 0.563697278 0.310998589 -0.765196323
vn 0.40060702 0.699312449 -0.592010438
vn 0.511284292 0.705978394 -0.490084887
vn 0.840575457 0.401088387 -0.36408934
vn 0.56813246 0.730041862 -0.379821658
vn 0.648934424 0.759440422 -0.0462023653
vn 0.872685015 0.48709169 -0.0340993591
vn 0.571717918 0.775924444 0.266608506
vn 0.88464278 0.270313084 0.379918486
vn 0.726905406 0.531803906 0.434503376
vn 0.599914789 0.451611102 0.660416365
vn 0.685301125 0.159400195 0.710601211
vn 0.390983135 0.103495441 0.914560676
vn 0.320383161 0.126893237 0.938750744
vn 0.509791732 0.19679673 0.837486506
vn 0.795111656 0.0556007512 0.603908956
vn -0.0815998092 0.141999796 -0.986497819
vn 0.181310952 0.464428186 -0.866852403
vn 0.299389184 0.185293436 -0.935966313
vn 0.362496555 0.147798717 -0.920191348
vn -0.150196344 0.291593045 -0.944677114
vn 0.36360085 -0.931502342 -0.00990013499
vn 0.465584904 -0.866671979 -0.179194301
vn 0.151395023 -0.961368382 -0.229892582
vn 0.317701012 -0.859502792 -0.400401413
vn 0.339813113 -0.910035312 0.237409085
vn 0.752423823 -0.599619091 0.272608608
vn 0.322997093 -0.941091597 0.100098997
vn -0.26639244 -0.950273156 -0.161295563
vn 0.312708139 -0.895423353 0.316908151
vn 0.217796788 -0.928486407 0.300795466
vn 0.231097206 -0.967788517 0.0998987034
vn 0.320592642 -0.917578936 -0.235094726
vn 0.242802456 -0.938809574 -0.244302616
vn -0.103702828 -0.979126811 -0.174804896
vn -0.005400158 -0.975528657 -0.219806582
vn 0.139295667 -0.959670186 -0.244192556
vn 0.202901512 -0.931106985 0.303102136
vn 0.0744989812 -0.951687038 0.297895819
vn -0.109905429 -0.962347686 0.248612195
vn -0.0949011743 -0.964612126 0.246002972
vn -0.637421727 -0.766526222 0.0783025846
vn -0.47480917 -0.878917098 0.045400776
vn -0.0955982581 -0.993682027 0.0587988161
vn -0.0968034416 -0.993535399 0.0593019985
vn 0.156997025 -0.985581458 0.0630986914
vn 0.210606173 -0.977528811 -0.00910038501
vn -0.360508382 -0.0080002984 0.932721794
vn -0.96422267 -0.250305891 0.0873020291
vn -0.963097394 -0.248499364 0.103399701
vn -0.97057569 -0.232994199 0.0607984588
vn -0.972097933 -0.217199564 0.0885997936
vn -0.978013694 -0.203802884 0.0442005955
vn -0.976881087 -0.210195974 0.0389992259
vn -0.984890342 -0.172698334 0.0128998561
vn -0.977613151 -0.210402861 -0.00180004945
vn -0.960590959 -0.261697561 -0.0936991572
vn -0.96758914 -0.243397281 -0.067299284
vn -0.969686925 -0.232296884 -0.0757990181
vn -0.97812748 -0.202005699 -0.0496014245
vn -0.972447157 -0.229787543 -0.0392978936
vn -0.984654844 -0.171592131 -0.0317985639
vn -0.195492446 -0.0429982282 -0.979762256
vn -0.336788237 0.678376436 -0.652977169
vn -0.267702222 0.51580447 -0.813806832
vn -0.186397195 0.562391698 -0.805587947
vn -0.275806934 0.170204431 -0.946023941
vn -0.20120886 0.225910082 -0.953142107
vn -0.104197264 -0.0921974778 -0.990274131
vn -0.507879019 -0.0845964104 -0.857264638
vn -0.49578616 0.698980629 -0.515385628
vn -0.349318415 0.744739473 -0.56862998
vn -0.383418769 0.863742352 -0.327015936
vn -0.515387654 0.813280642 -0.270093471
vn -0.394792706 0.905083358 -0.157996997
vn -0.395398706 0.914797187 0.0824998543
vn -0.481309146 0.874616742 0.0582012199
vn -0.266799301 0.8638978 0.427199006
vn -0.256202519 0.866108656 0.429204375
vn -0.391308933 0.603413761 0.694815993
vn -0.282998353 0.623396337 0.728895903
vn -0.256501943 0.363202691 0.895706892
vn -0.232498392 0.36429742 0.901793897
vn -0.141996652 0.064298369 0.987776816
vn -0.319585443 -0.0727968067 0.944757104
vn -0.168702766 0.14850232 0.974416077
vn -0.506090522 -0.0600989833 0.860384047
vn -0.955566525 -0.278290302 0.097196579
vn -0.9563362 -0.277210534 0.0926034823
vn -0.879094779 -0.227598712 0.418797523
vn -0.957969606 -0.274691314 -0.0826974139
vn -0.957392156 -0.279697746 -0.0718994513
vn -0.881529748 -0.276609331 -0.382613003
vn -0.915170968 -0.165794715 -0.367388397
vn -0.915182889 -0.165496871 -0.367493182
vn -0.948963583 -0.0447982438 -0.312188059
vn -0.948936641 -0.0445016846 -0.312312096
vn -0.973192275 0.047199659 -0.225098222
vn -0.973182976 0.0473992042 -0.225096077
vn -0.988208771 0.106400967 -0.110100977
vn -0.988177299 0.106697574 -0.110097468
vn -0.99181658 0.12240205 0.0363006257
vn -0.980787218 0.085598886 0.175297752
vn -0.980867743 0.0852971822 0.174994275
vn -0.958700657 0.00309996866 0.284400195
vn -0.958791077 0.00289993943 0.284097373
vn -0.929025888 -0.10830307 0.353809863
vn -0.929105282 -0.108300671 0.353602052
vn -0.883108675 -0.256102622 0.393103898
vn -0.690407813 -0.106701307 0.715508163
vn -0.713321328 -0.141904354 0.686320603
vn -0.776108146 0.0726007 0.62640667
vn -0.776019812 0.0726017877 0.626516044
vn -0.82511276 0.266604096 0.498107791
vn -0.824830472 0.266709805 0.498518467
vn -0.860887587 0.407994121 0.303995699
vn -0.860765338 0.408183545 0.304087847
vn -0.879563808 0.471880645 0.0607975647
vn -0.879541159 0.471922159 0.0608029142
vn -0.873872161 0.444985926 -0.195793748
vn -0.873910964 0.444905698 -0.195802435
vn -0.849883974 0.343893617 -0.399292529
vn -0.849999428 0.343599856 -0.399299741
vn -0.810181737 0.184495926 -0.556387544
vn -0.810400248 0.184100151 -0.556200266
vn -0.752567708 -0.0290986784 -0.657871783
vn -0.75261277 -0.0293004215 -0.657811224
vn -0.713691831 -0.168898001 -0.679792225
vn -0.859874785 -0.306191027 -0.408488095
vn -0.457005054 -0.0251003876 0.889109969
vn -0.533505201 0.23770225 0.811708033
vn -0.533203959 0.237701684 0.811906159
vn -0.59781003 0.483108073 0.639710844
vn -0.59748292 0.483286142 0.639881849
vn -0.644380331 0.6593799 0.387288332
vn -0.644195974 0.65949589 0.387397707
vn -0.668399453 0.739899457 0.0761000291
vn -0.668289542 0.739988506 0.0761989057
vn -0.661105871 0.706706464 -0.252002209
vn -0.661368251 0.706466198 -0.251987845
vn -0.630433321 0.581130803 -0.514627159
vn -0.630691409 0.580792248 -0.514693022
vn -0.578892171 0.380294979 -0.72129029
vn -0.579199433 0.379999697 -0.721199214
vn -0.503406286 0.106101431 -0.857510805
vn -0.503609419 0.105902091 -0.857416153
vn -0.437683463 -0.117895454 -0.891366422
vn -0.674786329 -0.192796037 -0.712385654
vn -0.041698318 0.142194375 -0.988960147
vn 0.00209989911 0.0262986217 0.999652088
vn 0.241086781 0.237286896 0.941048503
vn 0.148894116 0.241690338 0.958862126
vn -0.257608294 0.355111361 0.89862901
vn -0.114898987 0.46259585 0.879092455
vn -0.20960483 0.620814323 0.755417585
vn -0.337709099 0.601816177 0.723719537
vn -0.0358993374 0.857284188 0.513590693
vn -0.567583144 0.716878772 0.404888153
vn -0.00760034751 0.986645222 0.162707567
vn -0.417815447 0.906633615 0.0587022826
vn -0.297695458 0.470992953 -0.830387354
vn -0.171903074 0.733213305 -0.657911718
vn 0.0192998871 0.831495345 -0.555196702
vn -0.173201978 0.826709628 -0.535306096
vn -0.388585776 0.893167436 -0.226391643
vn 0.265983999 0.921444654 -0.283182859
vn -0.17590259 0.971514463 -0.158802256
vn 0.538476586 0.176892415 -0.823864281
vn -0.131393149 0.219388679 -0.966749609
vn -0.0792999342 0.573299706 -0.815499425
vn -0.023501005 -0.0276010651 -0.999342918
vn -0.196692809 -0.239891127 -0.950665295
vn 0.37561202 -0.216106847 -0.901228964
vn 0.105196111 -0.467582643 -0.877667725
vn 0.204905227 -0.633616149 -0.746019125
vn 0.516829133 -0.551431119 -0.654837012
vn 0.450990111 -0.615986466 -0.645885944
vn -0.271889299 -0.910864234 -0.310487926
vn 0.193691388 -0.865961552 -0.461079657
vn 0.311193824 -0.92538178 -0.216395855
vn 0.120004393 -0.989136338 -0.0849032402
vn 0.356793314 -0.933582664 -0.0334994905
vn 0.298989832 -0.929768503 0.214792624
vn 0.183995023 -0.963774025 0.193094686
vn 0.461611837 -0.786120236 0.411010504
vn 0.639488518 -0.643288553 0.420992404
vn 0.252996117 -0.754488647 0.605590701
vn 0.0662004799 0.0509002581 0.996507347
vn 0.434402049 -0.0448003225 0.89960438
vn 0.0846018046 -0.115302593 0.989721239
vn 0.309698671 -0.484398067 0.818196535
vn 0.117297396 -0.519988656 0.846081257
vn 0.323101759 -0.642103672 0.695203841
vn -0.412604362 -0.64180696 0.64640677
vn -0.891210973 -0.37860468 -0.249803141
vn -0.915678322 -0.397690594 -0.0580986775
vn -0.882716119 -0.451508254 -0.130202442
vn -0.907708108 -0.403903633 -0.113701075
vn -0.915333092 -0.348712623 -0.201407343
vn -0.83990407 -0.530302644 0.115500517
vn -0.855267882 -0.515280664 0.0547978915
vn -0.856192946 -0.51659584 0.00789987389
vn -0.825613558 -0.563909292 0.0192002505
vn -0.889130116 -0.456115484 -0.0375013314
vn -0.847083867 -0.528789997 -0.0531990565
vn -0.885108352 -0.457104325 -0.087400876
vn -0.870953679 -0.444376469 0.209688827
vn -0.868120193 -0.488811404 0.0862019509
vn -0.847134113 -0.503920317 0.168606728
vn -0.861095309 -0.478897452 0.170799017
vn -0.867442727 -0.445070714 0.222385272
vn -0.910208464 -0.373803556 0.178301618
vn -0.885678351 -0.401490271 0.233194292
vn -0.814130306 -0.371113896 0.44661662
vn -0.608507812 -0.356404722 0.709009111
vn -0.534975946 -0.340384781 0.773265183
vn -0.527096808 -0.340298057 0.778695345
vn -0.458788007 -0.320891768 0.828578413
vn -0.1196969 -0.0762981549 0.989874482
vn 0.216392487 -0.142395198 0.965866625
vn -0.13030228 -0.0301006455 0.991017401
vn 0.0552011542 -0.0266006794 0.998120964
vn 0.0153997848 -0.865488052 0.500692964
vn 0.267891705 -0.862573564 0.429186702
vn 0.277791977 -0.944972873 0.172794908
vn 0.0232994799 -0.974678338 0.222394943
vn 0.517811358 -0.830618322 -0.204804614
vn -0.15269357 -0.986358523 -0.0614975318
vn 0.487999469 -0.739799261 -0.463199645
vn 0.157796323 -0.844980359 -0.510988235
vn 0.1470972 -0.743385792 -0.652487636
vn 0.117198601 -0.661992133 -0.740291297
vn -0.157199278 -0.659597039 -0.734996796
vn 0.105695464 -0.467479885 -0.87766248
vn -0.296605378 -0.168502972 -0.940017164
vn -0.483825386 -0.343717963 -0.804842353
vn -0.439095438 -0.333896488 -0.834091544
vn -0.441807508 -0.334005594 -0.832614303
vn -0.301881105 -0.670558035 -0.677657664
vn -0.6748119 -0.372106671 0.63731128
vn -0.719002962 -0.397801757 0.569902301
vn -0.64450717 -0.589106679 0.48740539
vn -0.648022354 -0.589520454 0.482216626
vn -0.592428625 -0.731835544 0.336816221
vn -0.599800944 -0.729201257 0.32940045
vn -0.573302329 -0.806303382 0.145600528
vn -0.580428541 -0.801939607 0.141406879
vn -0.587424755 -0.805933952 -0.0735031962
vn -0.588913977 -0.804819107 -0.0738018453
vn -0.628021836 -0.734425485 -0.257309049
vn -0.623972058 -0.737666965 -0.257888556
vn -0.691907942 -0.598906875 -0.403204739
vn -0.685198843 -0.604098976 -0.406899422
vn -0.773016751 -0.400708675 -0.491810769
vn -0.794769406 -0.389685005 -0.465282202
vn -0.19849132 -0.126094624 0.971957624
vn -0.11999575 -0.336888224 0.933866978
vn 0.074299857 -0.273499608 0.958998203
vn 0.302889615 -0.528182089 0.793272913
vn 0.0285004396 -0.574209034 0.818212688
vn 0.335003912 -0.726308644 0.600206971
vn -0.119402148 -0.336406201 0.93411684
vn -0.0110001089 -0.620906293 0.783807814
vn -0.0198000297 -0.621201158 0.783401251
vn 0.0595017895 -0.862926126 0.501815021
vn 0.0442021154 -0.863141477 0.503024042
vn 0.070297353 -0.981463194 0.178293169
vn 0.0585019365 -0.981832683 0.180505872
vn 0.03760067 -0.983617663 -0.176303282
vn 0.0357991122 -0.983775735 -0.175795764
vn -0.0233990252 -0.875263631 -0.483080089
vn -0.0165996943 -0.874084055 -0.485491246
vn -0.115403287 -0.655618668 -0.746221423
vn -0.105301894 -0.652411699 -0.750513673
vn -0.217699721 -0.386799425 -0.896098971
vn -0.0511984602 -0.340989679 -0.938672006
vn 0.367186517 0.0678976253 -0.927666068
vn -0.0395984091 -0.189092308 -0.9811607
vn -0.253894418 -0.134897172 0.957779109
vn -0.403380483 -0.191090882 0.894856811
vn -0.622468293 -0.432378083 0.652366817
vn -0.358094871 -0.292495966 0.886687338
vn -0.226500362 -0.645501196 0.729401171
vn -0.324011147 -0.661822975 0.676023245
vn -0.249097362 -0.854091108 0.456595123
vn -0.259799391 -0.854298294 0.450198948
vn -0.227398515 -0.957893848 0.17529875
vn -0.236898899 -0.956295669 0.171399102
vn -0.250514001 -0.958153784 -0.138507888
vn -0.252494037 -0.957577527 -0.138896853
vn -0.30781123 -0.8602314 -0.406515002
vn -0.302182078 -0.862149 -0.406676054
vn -0.392904729 -0.682308197 -0.61650759
vn -0.472396851 -0.66199559 -0.581896245
vn -0.598407149 -0.365804344 -0.712808669
vn -0.628298819 -0.362799287 -0.688198805
vn -0.925961137 -0.375984281 0.0350984894
vn -0.939291239 -0.342896849 0.0123998458
vn -0.936169803 -0.350788713 0.0230992138
vn -0.940384209 -0.337694407 0.0404992811
vn -0.939408481 -0.340003133 0.043700356
vn -0.940740883 -0.335314631 0.0507021695
vn -0.936588526 -0.349195778 0.0293996017
vn -0.940204203 -0.338301569 0.0396001413
vn -0.940633178 -0.337011963 0.040401388
vn -0.93809706 -0.341499001 0.057899788
vn -0.926959217 -0.365683973 0.0837962776
vn -0.93810755 -0.342202812 0.0534003936
vn -0.934591174 -0.350296766 0.0618993863
vn -0.93239218 -0.356797069 0.0577994846
vn -0.927193582 -0.368097514 0.0693994835
vn -0.930519521 -0.361507654 0.0587011948
vn -0.931620538 -0.359807998 0.0512010902
vn -0.929232359 -0.362412661 0.072002463
vn -0.934981167 -0.351792961 0.0452990495
vn -0.935290098 -0.352196336 0.0344995968
vn -0.935445726 -0.351879656 0.033498019
vn -0.936209559 -0.350403637 0.0270002391
vn -0.953027129 -0.12090341 -0.277707934
vn -0.953686953 -0.286896139 0.0903987363
vn -0.936490059 -0.332396537 0.111798793
vn -0.975138485 -0.220608726 -0.020900853
vn -0.941481471 -0.332193494 -0.0570989288
vn -0.778903067 -0.0854002684 -0.621302485
vn -0.924367785 -0.289389938 -0.248591408
vn -0.912057519 -0.245188549 -0.328684747
vn -0.853144109 -0.237212241 -0.464624107
vn -0.796892941 -0.177698389 -0.577395022
vn -0.685977936 -0.223092765 -0.692577779
vn -0.516019166 -0.144905299 -0.844231546
vn -0.0779988393 -0.0865985975 -0.993185341
vn -0.171300963 0.00510014733 -0.98520571
vn -0.170295209 0.00639993791 -0.985372424
vn -0.244195431 0.210596189 -0.946582437
vn -0.259293973 0.193195656 -0.946278155
vn -0.343089163 0.48818475 -0.802474737
vn -0.399791986 0.646887243 -0.649387002
vn -0.481406897 0.713910341 -0.508507252
vn -0.437393039 0.746588171 -0.50129199
vn -0.617370784 0.759764135 0.203990459
vn -0.472292781 0.873986781 0.114398375
vn -0.47671169 0.861321211 -0.175704211
vn -0.630521238 0.767025948 -0.118803918
vn -0.464106351 0.82931143 -0.311204195
vn -0.505492985 0.686490417 0.522692859
vn -0.413977355 0.762458324 0.497272938
vn -0.454423964 0.840444386 0.295215696
vn -0.0860023052 0.279707402 0.956225753
vn -0.17149812 0.474494725 0.863390684
vn 0.0182999615 0.0652997494 0.997697949
vn -0.414422482 0.024701234 0.909749448
vn -0.209189996 0.12499392 0.969853759
vn -0.342509806 0.439412504 0.830423951
vn -0.459519118 0.434318036 0.774732411
vn -0.327009827 0.582917511 0.743822515
vn -0.368817866 0.674232602 0.639831126
vn -0.331005156 0.0766010955 0.940514803
vn -0.696709692 -0.115401708 0.708009958
vn -0.627987683 -0.0909983143 0.772884905
vn -0.559805512 -0.050100591 0.827108204
vn -0.917698979 -0.350299686 0.187399775
vn -0.919426858 -0.350210309 0.178905204
vn -0.862996876 -0.234099239 0.447698414
vn -0.839267671 0.116095603 -0.531179607
vn -0.953109562 -0.125001237 -0.275602818
vn -0.983866453 -0.0231991895 -0.177393958
vn -0.984814405 -0.0276003871 -0.171402529
vn -0.998646557 0.0294013806 -0.0429020002
vn -0.870597601 -0.270899355 0.410698891
vn -0.929623127 -0.11530292 0.350008726
vn -0.94399631 -0.301298857 0.134499446
vn -0.946306646 -0.304802179 0.107700728
vn -0.326108277 -0.0891021639 -0.941124022
vn -0.482005507 -0.107001133 -0.869610071
vn -0.54490912 0.0670012236 -0.835814059
vn -0.544677377 0.0669973195 -0.835965335
vn -0.625418007 0.328609556 -0.707720399
vn -0.840907454 0.111801066 -0.529504776
vn -0.891717136 0.293405712 -0.344606608
vn -0.895447254 0.288515329 -0.339017898
vn -0.91631335 0.386205673 -0.10590151
vn -0.919130027 0.380412489 -0.102403313
vn -0.907031238 0.385613322 0.169105887
vn -0.961423635 -0.269206643 0.0565013625
vn -0.951256931 -0.295786649 0.0872960165
vn -0.969071686 -0.0208994206 0.245892853
vn -0.929961622 -0.122395009 0.346685737
vn -0.798684537 0.13509734 0.586388707
vn -0.699986637 -0.133397549 0.701586664
vn -0.759417713 -0.135603249 0.636314929
vn -0.306789041 0.51428175 -0.800871372
vn -0.628294647 0.325097322 -0.706793904
vn -0.695194066 0.553695321 -0.458396077
vn -0.700867772 0.549674869 -0.454579085
vn -0.728391767 0.668292522 -0.151098222
vn -0.7332111 0.66361022 -0.148402184
vn -0.718129039 0.667026997 0.198408127
vn -0.719644487 0.665241182 0.198912397
vn -0.66768837 0.557190299 0.493691534
vn -0.960547745 -0.276513755 0.0298014507
vn -0.959598958 -0.275599718 0.056699913
vn -0.993006527 0.0267001651 0.115000777
vn -0.96908778 -0.0244997218 0.245496929
vn -0.866087317 0.300095588 0.399794221
vn -0.801908016 0.127401203 0.583705842
vn -0.636386693 0.304593593 0.708685338
vn -0.512316465 -0.0215007942 0.85852766
vn -0.468518913 -0.00560033228 0.883435845
vn -0.941624284 -0.331508547 -0.0587015599
vn -0.950919986 -0.306406468 -0.0432009473
vn -0.95227325 -0.301591545 -0.0470987186
vn -0.956070364 -0.291990966 -0.025899237
vn -0.962569118 -0.269491374 -0.0288991071
vn -0.951018572 -0.308406055 0.0212003794
vn -0.998939097 0.0240009483 -0.039301537
vn -0.992996991 0.0282999054 0.114699669
vn -0.907721817 0.383809239 0.169504121
vn -0.867486954 0.296295553 0.399594098
vn -0.665117145 0.560414493 0.493512839
vn -0.585322678 0.358113855 0.727428317
vn -0.507373393 0.402478874 0.761960208
vn -0.367602199 0.0506001972 0.928605676
vn -0.199009746 0.131406337 0.971147597
vn -0.010699668 -0.0627979338 -0.997969091
vn -0.117299818 0.266399503 0.956698716
vn 0.0542999282 0.0801997855 0.995298803
vn 0.0100003462 0.0321009941 0.999434769
vn 0.0350005329 0.268603981 0.962614775
vn -0.0580005907 0.518005252 0.853408873
vn -0.171194717 0.431186616 0.885872841
vn -0.164490089 0.652460694 0.739755571
vn 0.0883994624 0.774395287 0.626496375
vn -0.0941978246 0.77758199 0.621685803
vn -0.635886014 0.771783054 0.000100089812
vn 0.0770974457 0.988167405 -0.132595494
vn -0.416702241 0.902004957 0.112900719
vn -0.222913638 0.913355887 0.340720981
vn 0.0616033077 0.965551913 0.252813727
vn -0.445089132 0.745381773 0.496288031
vn -0.355586529 0.905265808 -0.232491121
vn -0.372909307 0.794420004 -0.47941196
vn 0.490808368 0.842614472 -0.221603706
vn -0.273911238 0.816133678 -0.508820891
vn 0.00980025623 0.158404276 -0.987325847
vn 0.343508929 0.186604977 -0.920424044
vn -0.149295568 0.236993119 -0.959971607
vn -0.166192472 0.557074964 -0.813663244
vn -0.181803554 0.554011047 -0.812415898
vn -0.289114594 0.695935369 -0.657333195
vn 0.341897249 -0.914292753 -0.217198402
vn 0.346092463 -0.912880123 -0.21649541
vn 0.349302411 -0.937006593 0.00259990641
vn 0.350285232 -0.911161661 0.216990754
vn 0.334692478 -0.916479528 0.219195008
vn -0.21799171 -0.963963449 0.152494103
vn 0.325219035 -0.920353949 -0.217212841
vn 0.200891376 -0.965958714 -0.162993148
vn -0.488889992 -0.871482253 -0.038799312
vn -0.681394696 -0.727694392 -0.0784994885
vn -0.0411006622 -0.975615799 -0.21560362
vn 0.251894742 -0.94078052 0.226895168
vn 0.155704707 -0.961129129 0.228006795
vn 0.324003786 -0.920310855 0.219202489
vn 0.318402201 -0.922406495 0.218601435
vn 0.188005999 -0.980731487 -0.053101819
vn 0.0957008451 -0.995408833 0.00169989653
vn 0.248003244 -0.945812464 -0.209602892
vn 0.522226393 -0.811041117 -0.263613462
vn -0.108804256 -0.959537566 -0.259710312
vn -0.0972983763 -0.993983567 -0.0502992868
vn -0.0982019454 -0.99391979 -0.0498011149
vn -0.103496857 -0.976970434 0.186594218
vn 0.0966988206 -0.982288182 0.160497949
vn -0.960659802 -0.26158908 0.0932960734
vn -0.968676925 -0.239694312 0.0648984313
vn -0.968663394 -0.23999095 0.0639975592
vn -0.97846061 -0.197092086 0.0613975115
vn -0.972562194 -0.232290998 0.0127994763
vn -0.987766802 -0.13959533 0.0694976524
vn -0.977638841 -0.210008368 -0.0109004593
vn -0.982163846 -0.187893108 -0.00709976163
vn -0.979498684 -0.19529976 -0.0493999682
vn -0.974580288 -0.219595566 -0.0443991274
vn -0.974188507 -0.208297551 -0.0869989991
vn -0.962697268 -0.26379928 -0.0601998642
vn -0.967977822 -0.233094677 -0.0931979045
vn -0.684894323 -0.132498831 -0.716494143
vn -0.360409886 -0.0113002006 -0.932725728
vn -0.129195854 0.0172995664 -0.99146837
vn -0.230602771 0.0323005058 -0.972511828
vn -0.178290382 0.175790653 -0.968147993
vn -0.234792382 0.368788213 -0.899370909
vn -0.393498361 0.902496278 0.175099388
vn -0.39619869 0.915797055 -0.0658996701
vn -0.457621455 0.885141671 -0.0843038559
vn -0.299398601 0.860496163 -0.412198067
vn -0.368013352 0.826330185 -0.426315427
vn -0.339603454 0.72300756 -0.601606131
vn -0.411316723 0.59252423 -0.692628145
vn -0.380581498 0.599071026 -0.704465747
vn -0.162004322 0.419411361 -0.893223882
vn -0.611795068 0.724194229 0.318197519
vn -0.386495382 0.880089581 0.27579686
vn -0.355286568 0.765971005 0.535779893
vn -0.446109295 0.700914621 0.55651176
vn -0.330804914 0.674210012 0.660309911
vn -0.287292957 0.527687073 0.7993806
vn -0.196701318 0.538103521 0.819605649
vn -0.267595321 0.203096345 0.941883624
vn -0.19299826 0.200998098 0.960391402
vn -0.493703634 -0.133601099 0.859306514
vn -0.95827359 -0.275592417 0.0758978873
vn -0.956270278 -0.280491292 0.0828974023
vn -0.87052834 -0.272908956 0.409513354
vn -0.956397831 -0.277099401 -0.0922998264
vn -0.956388891 -0.277196825 -0.0920989737
vn -0.890808523 -0.235802248 -0.388403803
vn -0.928823769 -0.109702781 -0.353909075
vn -0.92877841 -0.10949742 -0.354091793
vn -0.958704472 0.00130004017 -0.284401327
vn -0.958641052 0.00180011126 -0.284612209
vn -0.980765104 0.0839970484 -0.176193744
vn -0.980736613 0.0843031704 -0.176206574
vn -0.99178654 0.122098364 -0.0380994715
vn -0.991778135 0.122197323 -0.0379991494
vn -0.988233328 0.107703634 0.108603694
vn -0.988289058 0.107398808 0.108398832
vn -0.973178327 0.0488988869 0.224795029
vn -0.973258793 0.0486979187 0.224490523
vn -0.948881209 -0.0436991751 0.312593818
vn -0.949005544 -0.0438002981 0.312201858
vn -0.915213108 -0.165302426 0.367505252
vn -0.915296614 -0.165299445 0.367298633
vn -0.866718352 -0.315906763 0.386008203
vn -0.687315404 -0.145603359 0.71161598
vn -0.702521503 -0.20020625 0.682920992
vn -0.752254665 -0.0283983685 0.658260345
vn -0.75211823 -0.0284007713 0.658416033
vn -0.809630036 0.185606852 0.55682075
vn -0.809425831 0.185605869 0.55711782
vn -0.84939611 0.34589842 0.398598284
vn -0.849180043 0.346091866 0.398890734
vn -0.873692811 0.446296364 0.193598494
vn -0.873574257 0.44648689 0.193694383
vn -0.879568517 0.471583188 -0.0629976988
vn -0.879609942 0.471505404 -0.0630006641
vn -0.861220121 0.406309605 -0.30530712
vn -0.861411691 0.405905604 -0.30530411
vn -0.825494885 0.264498442 -0.498596936
vn -0.825665236 0.264188975 -0.498479038
vn -0.776172817 0.0703976154 -0.626578152
vn -0.776320696 0.0702019557 -0.626416743
vn -0.719107985 -0.128001362 -0.683007658
vn -0.873812556 -0.248103559 -0.418206096
vn -0.195105776 -0.0409013331 0.979929149
vn -0.10349568 -0.090996325 0.990458786
vn -0.448571712 -0.0844947919 0.889744043
vn -0.502785861 0.1068969 0.857775986
vn -0.502593279 0.106898479 0.857888699
vn -0.577881336 0.381287664 0.72157681
vn -0.577509403 0.381406158 0.721811891
vn -0.629614651 0.582913518 0.513612032
vn -0.629202664 0.583102524 0.513902307
vn -0.660820603 0.707822144 0.249607906
vn -0.660717487 0.707918763 0.249606714
vn -0.66847384 0.739571214 -0.0785968453
vn -0.668479025 0.739576936 -0.078497462
vn -0.64499259 0.657892585 -0.388795525
vn -0.645236731 0.657637537 -0.388822109
vn -0.598603725 0.481203139 -0.640403986
vn -0.598882616 0.480886132 -0.640381336
vn -0.533902645 0.235101283 -0.812204123
vn -0.534114122 0.234906316 -0.81212157
vn -0.456928819 -0.0282016769 -0.889056206
vn -0.5058918 -0.0630988851 -0.860286176
vn -0.0417005047 0.00599995442 0.999112248
vn 0.00570008112 -0.0118002882 0.999914289
vn 0.0425998867 0.272199184 0.961297691
vn -0.0399023443 0.227513269 0.972957194
vn -0.197502047 0.537805557 0.819608688
vn -0.0888008848 0.586305857 0.805208147
vn -0.225994691 0.711283326 0.665584505
vn -0.126506895 0.83434552 0.536529422
vn -0.0757981166 0.848778903 0.523287117
vn -0.343694955 0.873887241 0.343795091
vn -0.0239996165 0.981684446 0.18899712
vn -0.0917028114 0.980430186 0.174205467
vn -0.603503883 0.776005149 -0.183301106
vn 0.252893418 0.965975046 -0.0541984849
vn -0.521993935 0.755191326 -0.396495342
vn -0.00440007215 0.857414246 -0.514608383
vn -0.167899743 0.779098988 -0.603998959
vn -0.273696005 0.642890811 -0.71538955
vn 0.118400566 0.627203166 -0.769803762
vn -0.33731097 0.354911715 -0.871928453
vn 0.166402966 0.275405079 -0.946816921
vn 0.290688992 0.262990236 -0.919965327
vn -0.00749985129 0.0545990467 -0.99848038
vn 0.0624010265 0.0571010672 -0.996416509
vn 0.158005103 0.0246009137 -0.987131953
vn 0.266693652 -0.00289981626 -0.963777125
vn 0.362320274 -0.00169998407 -0.932052195
vn 0.23099491 -0.148996621 -0.961478889
vn 0.142304793 -0.668222725 0.730224609
vn 0.347911626 -0.666522443 0.659322083
vn 0.47979787 -0.63949734 0.600697398
vn -0.133000568 -0.904904008 0.404301643
vn 0.234404907 -0.901619017 0.363507509
vn 0.380583763 -0.919560909 0.0977957323
vn -0.0616003387 -0.988005519 0.141600668
vn 0.741504133 -0.641803622 -0.195601195
vn -0.195500597 -0.970903099 -0.138300553
vn 0.563228548 -0.703935683 -0.432722092
vn 0.644102633 -0.629002571 -0.4353019
vn 0.279804021 -0.74511075 -0.605408847
vn 0.314410269 -0.63932085 -0.701723039
vn 0.261200577 -0.609401286 -0.748601735
vn 0.422705293 -0.399604976 -0.813410401
vn 0.281511515 -0.423317224 -0.861135364
vn 0.187004104 -0.283306152 -0.94062078
vn 0.199389085 -0.550970018 0.810355723
vn 0.341295123 -0.362394959 0.867287636
vn 0.35450834 -0.359408617 0.863220394
vn -0.0312002804 -0.00290014548 0.999509096
vn 0.108099259 -0.0571997389 0.992493391
vn 0.0705995634 -0.0957995281 0.992893994
vn 0.0199999418 -0.284399331 0.958497345
vn -0.612901926 -0.222100824 0.75830251
vn -0.906402528 -0.420401216 -0.0412001647
vn -0.905876875 -0.419889331 -0.055498641
vn -0.939775467 -0.338391244 0.0480987094
vn -0.937026203 -0.344509721 0.0574015751
vn -0.882995725 -0.267498791 0.38569814
vn -0.906293631 -0.347897619 0.239998296
vn -0.883261025 -0.408882052 0.229489863
vn -0.9309991 -0.362199694 0.0452999137
vn -0.93009603 -0.36649847 0.0244998559
vn 0.00849974435 -0.678579748 0.734477818
vn -0.0176000819 -0.615803063 0.787703693
vn -0.0659982637 -0.561885417 0.824578345
vn -0.0267006829 -0.501712978 0.864622176
vn -0.158395976 -0.339491546 0.927176535
vn 0.14770028 -0.879601836 0.4522008
vn 0.147801086 -0.741205633 0.654804826
vn 0.105599783 -0.678898811 0.726598501
vn 0.575191438 -0.647890449 0.499392509
vn 0.00590007333 -0.985512316 0.16950199
vn 0.409699857 -0.906799793 0.099299863
vn 0.0796037242 -0.979845941 -0.183208704
vn 0.472205997 -0.846610785 -0.245503247
vn 0.434919834 -0.753834426 -0.492522657
vn -0.269097179 -0.797491729 -0.539994538
vn 0.13439326 -0.87065649 -0.47317645
vn 0.0665027574 -0.512621224 -0.856035709
vn 0.0846984461 -0.49179095 -0.866584241
vn -0.0691968352 -0.137693599 -0.988054872
vn -0.0811031908 -0.128104925 -0.988438964
vn -0.0943021253 -0.0775016323 -0.992522478
vn -0.91851145 -0.374204665 -0.127701655
vn -0.118495569 -0.0134993782 -0.99286294
vn -0.119200841 -0.0180000123 -0.992707133
vn -0.91876626 -0.370786399 -0.135595083
vn -0.92049396 -0.353697717 -0.166098967
vn -0.870139778 -0.365716726 -0.330315173
vn -0.826102972 -0.276000947 -0.491301835
vn -0.742195666 -0.342597961 -0.575996757
vn -0.65758884 -0.287195086 -0.696488321
vn -0.487295598 -0.224097893 -0.843992472
vn -0.533780992 -0.332588077 -0.777472436
vn -0.404707074 -0.195903331 -0.893215716
vn -0.905821979 -0.408309937 -0.113002807
vn -0.906255364 -0.399780363 -0.137393296
vn -0.824372709 -0.48988378 -0.283590704
vn -0.8219046 -0.491102785 -0.288601696
vn -0.612728894 -0.228510886 0.756535769
vn -0.794274271 -0.350188732 0.496483922
vn -0.756098032 -0.446598947 0.47839874
vn -0.885083556 -0.406492531 0.226695761
vn -0.848501086 -0.492900729 0.192600206
vn -0.915977836 -0.398490399 0.0467988215
vn -0.920466185 -0.390585721 0.0135994563
vn -0.893573344 -0.439986914 -0.0890974104
vn -0.817790806 -0.556793809 -0.145598456
vn -0.868324041 -0.482313395 -0.11570327
vn -0.797126591 -0.565518975 -0.211607173
vn -0.589998901 -0.734398723 -0.335499525
vn -0.646725535 -0.590123296 -0.483219206
vn -0.643300772 -0.589600742 -0.488400728
vn -0.896600246 -0.442800164 0.00599995023
vn -0.831741273 -0.553127468 0.0475022942
vn -0.796301425 -0.60080111 0.0703000575
vn -0.794026375 -0.598319888 -0.107403658
vn -0.572205544 -0.807207882 -0.144901499
vn -0.599090219 -0.72718817 -0.335094631
vn -0.588911951 -0.805116475 0.0705013424
vn -0.628563225 -0.735257089 0.2535851
vn -0.625505745 -0.736606836 0.257202297
vn -0.693008721 -0.598507643 0.40190506
vn -0.214703545 -0.0679012462 0.974316239
vn -0.213295713 -0.0593989268 0.975180447
vn -0.16989328 -0.181192964 0.968661785
vn -0.549460292 -0.293578893 0.78224355
vn -0.49168551 -0.440087199 0.75137794
vn -0.759711742 -0.443006933 0.476007372
vn -0.686309338 -0.603708327 0.405605555
vn -0.852315664 -0.488109052 0.187903419
vn -0.817869902 -0.564179242 0.113095783
vn -0.898430824 -0.438215107 -0.0281010214
vn -0.587589324 -0.80598551 0.0715986118
vn -0.579589605 -0.801485777 -0.147297472
vn -0.0278003309 -0.247802854 -0.968411684
vn -0.0273994897 -0.24639532 -0.968782127
vn -0.438087851 -0.36458981 -0.821677327
vn -0.446268976 -0.413871169 -0.793445051
vn -0.707293272 -0.434795856 -0.557394803
vn -0.707169056 -0.434380978 -0.557875752
vn -0.852512002 -0.412605822 -0.320904583
vn -0.852402568 -0.412601262 -0.321201086
vn -0.914111853 -0.379104942 -0.143801928
vn -0.909192622 -0.394596845 -0.132898986
vn 0.00929980632 -0.346292734 -0.938080609
vn 0.00669978186 -0.362988144 -0.931769848
vn -0.40370369 -0.455204129 -0.793607473
vn -0.35530144 -0.576502323 -0.735803068
vn -0.41959846 -0.641397595 -0.642297745
vn -0.309102058 -0.709404707 -0.633404374
vn -0.247294933 -0.855682552 -0.454590827
vn -0.259399652 -0.851498842 -0.455699503
vn -0.226594359 -0.958176196 -0.174795777
vn -0.236290067 -0.955259919 -0.177892655
vn -0.250805736 -0.958421946 0.136102989
vn -0.252594769 -0.958080292 0.135197088
vn -0.308288187 -0.861767232 0.402884573
vn -0.303594977 -0.861785889 0.40639323
vn -0.39829272 -0.66988796 0.626588583
vn 0.113601297 -0.653207421 -0.748608708
vn 0.128393427 -0.634167552 -0.762461185
vn 0.00230001821 -0.698705554 -0.715405762
vn 0.0588010475 -0.860815406 -0.505509198
vn 0.0444026478 -0.863651633 -0.502130151
vn 0.0702019781 -0.980527639 -0.183405295
vn 0.0582977831 -0.98166281 -0.181493238
vn 0.0377006568 -0.984217167 0.172902897
vn 0.0358988456 -0.984268427 0.172994316
vn -0.023700418 -0.87551564 0.482608467
vn -0.0163003393 -0.875518441 0.482909977
vn -0.089600116 -0.724901199 0.683000982
vn -0.526006579 -0.697308838 0.486906081
vn -0.427821726 -0.600630701 0.675434291
vn -0.496567637 -0.437371641 0.749751151
vn -0.106197864 -0.35639298 0.928281367
vn -0.172405675 -0.179506034 0.968532026
vn -0.92654109 -0.369316429 -0.0716032237
vn -0.927230656 -0.372412324 -0.0394013487
vn -0.930983901 -0.360293806 -0.0587990358
vn -0.932165682 -0.359286785 -0.0444984064
vn -0.929137111 -0.363814563 -0.0659026876
vn -0.9339329 -0.352012426 -0.0621022359
vn -0.935172319 -0.348289728 -0.0643981472
vn -0.940159976 -0.338585615 -0.0381984189
vn -0.937354505 -0.344683319 -0.0505975932
vn -0.93726629 -0.346087575 -0.0418985374
vn -0.938110352 -0.344603837 -0.0346004292
vn -0.932629049 -0.359511197 -0.0309010074
vn -0.935280681 -0.348592848 -0.0610987879
vn -0.938012838 -0.342304707 -0.0544007905
vn -0.933019042 -0.353907228 -0.065001376
vn -0.935805798 -0.351402193 -0.0280002188
vn -0.931066275 -0.362886876 -0.0377986766
vn -0.932381332 -0.359892815 -0.0337993689
vn -0.93934375 -0.341815948 -0.0282013584
vn -0.937938213 -0.345414102 -0.0310013071
vn -0.933780849 -0.356292725 -0.0332993641
vn -0.429805547 0.884511471 0.18140246
vn -0.0914984047 -0.088298358 -0.991882861
vn -0.933665395 -0.33988741 -0.112895861
vn -0.951066673 -0.306489289 0.0391985923
vn -0.950712323 -0.308104008 0.0349004194
vn -0.961414099 -0.274604082 0.0166002121
vn -0.995028615 -0.0326009504 0.0941027105
vn -0.95989418 -0.279498339 -0.0219999012
vn -0.959180474 -0.278794348 -0.0473990776
vn -0.981403589 -0.141600519 -0.12960051
vn -0.963184834 -0.251496077 -0.0949985459
vn -0.918267369 -0.359487236 -0.165994152
vn -0.920633137 -0.346612513 -0.179706529
vn -0.90000838 -0.295402765 -0.320503056
vn -0.828754783 -0.267985344 -0.491273254
vn -0.706903517 -0.143000662 -0.692703545
vn -0.630681217 -0.093597129 -0.770377159
vn -0.623804629 -0.0915006027 -0.776205897
vn -0.480284482 -0.00849962234 -0.877071798
vn -0.47179386 -0.00599981798 -0.881688654
vn -0.51940912 -0.0323004685 -0.853915155
vn -0.13600564 -0.0230008382 -0.990441144
vn -0.110296711 -0.0451985411 -0.992870569
vn -0.184002161 0.681708157 -0.708108306
vn -0.504021347 0.687929273 -0.522222102
vn -0.367589623 0.784978032 -0.498685867
vn -0.41709882 0.886197567 -0.201699346
vn -0.797928691 0.592121363 -0.112704001
vn -0.408205003 0.863910735 -0.295003563
vn -0.322487384 0.59477675 0.736371338
vn -0.349192023 0.671484649 0.653585136
vn -0.46488753 0.722180605 0.512186408
vn -0.144299969 0.875799835 0.460600048
vn -0.671695113 0.731894732 0.114699267
vn -0.610998392 -0.227299526 0.758298159
vn -0.941598475 -0.332199484 0.0550998747
vn -0.941396713 -0.332398891 0.0572997704
vn -0.889381647 -0.246694997 0.384892106
vn -0.880116582 0.00680018542 -0.474709004
vn -0.942714095 -0.184702739 -0.277804196
vn -0.943743408 -0.187788725 -0.272183716
vn -0.943905175 -0.300501674 -0.136900783
vn -0.944552243 -0.312184274 -0.101794906
vn -0.909501314 0.000599951425 0.415700644
vn -0.965728998 0.215606526 -0.144504324
vn -0.965262532 0.217091605 -0.14539434
vn -0.974156439 0.212490529 0.0765966028
vn -0.972738087 0.219408616 0.0751029775
vn -0.954225183 0.137503609 0.265607059
vn -0.952737033 0.14600566 0.26641041
vn -0.911315918 -0.000700061384 0.411707252
vn -0.65339613 0.00559987687 0.756995618
vn -0.707887352 0.169896901 0.685587764
vn -0.789112568 0.1786028 0.587709486
vn -0.750828087 0.300811201 0.588022113
vn -0.787587881 0.454593003 0.41599372
vn -0.7918365 0.447220594 0.415919274
vn -0.817361891 0.560373962 0.133793831
vn -0.821298182 0.554198802 0.135399759
vn -0.808102667 0.558301926 -0.187800601
vn -0.809410214 0.556707025 -0.186902314
vn -0.800416887 -0.197104111 -0.566111982
vn -0.876546443 0.0094005568 -0.48122558
vn -0.741091013 0.201697648 -0.640392244
vn -0.690806985 0.271802872 -0.670006752
vn -0.609012723 0.325006902 -0.723515093
vn -0.440525025 0.446125478 -0.779044271
vn -0.337386727 0.181193009 -0.923763752
vn -0.0929019302 0.295806289 -0.950719774
vn -0.0536973961 0.093695581 -0.99415189
vn -0.545690179 0.659188271 -0.517390728
vn -0.601393342 0.772891521 -0.202397689
vn -0.599530101 0.774438977 -0.20201008
vn -0.613296926 0.7719962 0.166999266
vn -0.607719779 0.776025355 0.168705583
vn -0.575413823 0.653015733 0.492412001
vn -0.569284916 0.656582594 0.494787067
vn -0.522197485 0.489297658 0.698496759
vn -0.415403247 0.516604066 0.748705983
vn -0.371805221 0.388705403 0.843011975
vn -0.355402589 0.386402786 0.851106465
vn -0.312796116 0.184197634 0.931788564
vn -0.29768765 0.179892451 0.937561214
vn -0.226692051 -0.0341989212 0.973366022
vn -0.218507513 -0.0370013937 0.975133657
vn -0.589101315 -0.170800507 0.789801896
vn -0.653504312 0.0051999446 0.756905079
vn -0.925050199 -0.24028711 0.294184148
vn -0.844582319 -0.197195947 0.497789592
vn -0.891734838 -0.361614227 0.272110611
vn -0.962043643 -0.183808386 0.201709166
vn -0.962469935 -0.185394242 0.198193833
vn -0.985972524 -0.109696969 0.125796497
vn -0.976891458 -0.21199818 0.0271997415
vn -0.996815622 -0.076501213 0.0225003455
vn -0.985307753 -0.0715005621 -0.155101255
vn -0.963628292 -0.260307699 -0.0605018139
vn -0.973857045 -0.111895062 -0.197691321
vn -0.933205843 0.143600956 -0.329402059
vn -0.931924105 0.145903826 -0.33200857
vn -0.762789607 0.455193907 -0.459293783
vn -0.760119379 0.457411796 -0.461511761
vn -0.54249537 0.661894441 -0.517295599
vn -0.448306322 0.439606309 -0.778311014
vn -0.493400842 0.410200834 -0.767001331
vn 0.14920409 0.479213268 -0.864923716
vn -0.0440997854 0.0325997248 0.998495221
vn 0.182391658 0.22828947 0.956356347
vn -0.130507797 0.247114643 0.960157394
vn -0.182495713 0.459589154 0.869179785
vn -0.21809274 0.433285505 0.874471068
vn -0.231304944 0.631213546 0.740315974
vn 0.0692017078 0.78041923 0.621415496
vn -0.2820943 0.614587605 0.736685276
vn -0.286398619 0.837596059 0.465197951
vn -0.383982241 0.791263461 0.475878119
vn -0.354302824 0.899207234 0.256702214
vn -0.436901987 0.889904261 0.131100714
vn -0.186409488 0.980450034 0.0630033314
vn 0.0907984674 -0.0130996611 -0.995783269
vn 0.0760980025 0.0323992744 -0.996573985
vn 0.0528976433 -0.0220988989 -0.998355567
vn 0.0922969207 0.153894991 -0.983767271
vn 0.0474987589 0.103697427 -0.993474185
vn -0.111898854 0.389296144 -0.914290726
vn -0.119604871 0.384515822 -0.915337384
vn -0.210800648 0.671802223 -0.710102141
vn 0.0952018499 0.803815722 -0.587211311
vn -0.441000849 0.747001529 -0.497500926
vn -0.128606305 0.949946642 -0.284713864
vn -0.161398023 0.946188509 -0.280496448
vn -0.4350999 0.893199861 -0.11349988
vn -0.365094215 0.262195766 0.89328599
vn -0.471795052 0.80629158 0.356796354
vn -0.598675251 0.758068681 0.258689433
vn -0.471395433 0.806392252 0.357096672
vn -0.613899469 0.618099451 0.490999699
vn -0.505799651 0.64449954 0.573399723
vn -0.42228964 0.449288934 0.787280858
vn -0.530599535 0.332699627 0.779599488
vn -0.472016037 0.539518356 0.697223783
vn -0.253807604 0.025100641 0.966929078
vn -0.284894198 0.0332992114 0.957980573
vn -0.48261714 -0.0771028548 0.872431099
vn -0.735701144 -0.120500281 0.666501045
vn -0.659714043 -0.0548012666 0.74951601
vn -0.926048994 -0.273285002 0.260285676
vn -0.998111367 -0.0291003417 0.0541006178
vn -0.875582576 0.477490544 0.0731986091
vn -0.698596179 0.712996125 0.059999764
vn -0.725683331 0.683684349 0.0771983191
vn -0.632396579 0.756496012 0.166699216
vn -0.600715995 0.740019739 0.302508175
vn -0.828150213 -0.161509886 0.536732614
vn -0.889239907 0.0320013873 0.456320524
vn -0.891723335 0.0296007246 0.451611876
vn -0.936815381 0.177402884 0.301504999
vn -0.93859756 0.173699528 0.298099279
vn -0.960190713 0.232797772 0.154398561
vn -0.960651934 0.231612533 0.153308332
vn -0.332702011 0.176300973 0.926405728
vn -0.363511235 0.189905763 0.912028253
vn -0.646393061 0.0392994918 0.761991978
vn -0.707192242 0.251197189 0.660892844
vn -0.711711407 0.24860394 0.657010615
vn -0.776220024 0.458711833 0.4325113
vn -0.779682815 0.45528996 0.429890633
vn -0.811395764 0.540697217 0.22199893
vn -0.81238091 0.539587379 0.221094906
vn -0.818420291 0.574614286 0.00260013319
vn -0.96622014 0.246805176 0.0742015839
vn -0.969882548 -0.221096039 -0.102198206
vn -0.991929531 -0.107703224 0.0669019818
vn -0.981886148 -0.138498083 0.12929818
vn -0.981977761 -0.143496782 0.122997217
vn -0.955672622 -0.191794559 0.223393604
vn -0.962468624 -0.205993339 0.176694229
vn -0.926073074 -0.273292094 0.260192424
vn -0.808901548 -0.130400345 0.573301136
vn -0.999108136 -0.0292002447 0.0305002481
vn -0.98673445 -0.152705356 -0.0551019534
vn -0.990193009 -0.130299091 -0.0503996685
vn -0.983417392 -0.114302024 -0.140802518
vn -0.974417806 -0.179903299 -0.134702489
vn -0.960072994 -0.173695117 -0.219293877
vn -0.950447202 -0.240411937 -0.197109848
vn -0.80556798 -0.147394106 -0.573877275
vn -0.214996666 0.115298338 -0.969785094
vn -0.260297984 0.0424997918 -0.964592695
vn -0.435311705 -0.0529013239 -0.898724258
vn -0.517825544 -0.0861041546 -0.851142168
vn -0.873785615 -0.144997567 -0.46419245
vn -0.365199059 0.186299637 -0.912097752
vn -0.364392668 0.256994963 -0.895081997
vn -0.409918249 0.400817961 -0.819336474
vn -0.516992331 0.393294275 -0.760288715
vn -0.473011523 0.53891325 -0.697017014
vn -0.517812669 0.687216997 -0.509512544
vn -0.645719171 0.548116386 -0.531615794
vn -0.698080719 0.712080538 -0.0749978647
vn -0.473693669 0.808589339 -0.348995298
vn -0.483199656 0.802899539 -0.349099696
vn -0.583327174 0.765335739 -0.272012621
vn -0.616107881 0.745309651 -0.25480321
vn -0.634310365 0.755612433 -0.163402587
vn -0.738898754 0.670798898 -0.0636998191
vn -0.921559572 -0.287787378 -0.260588616
vn -0.923493743 -0.269198179 -0.273298204
vn -0.831818938 -0.153803453 -0.533312201
vn -0.889717758 0.0317006931 -0.455409139
vn -0.891369462 0.0267991405 -0.452484578
vn -0.937384009 0.177297041 -0.299794912
vn -0.938673079 0.172095105 -0.298791409
vn -0.960502446 0.232500643 -0.152900368
vn -0.96082288 0.230905548 -0.153303638
vn -0.966385722 0.246396407 -0.0733988881
vn -0.877747953 0.478526235 -0.0239012521
vn -0.820898354 0.566298902 -0.0736997947
vn -0.812687933 0.53949213 -0.220196724
vn -0.8118909 0.540894032 -0.219697505
vn -0.780201733 0.454201132 -0.430100948
vn -0.777000546 0.459000438 -0.430800289
vn -0.71167177 0.245890349 -0.658073962
vn -0.707910955 0.25070399 -0.660310268
vn -0.620525241 -0.026700994 -0.783731937
vn -0.659712911 -0.0575010478 -0.749314785
vn -0.948770761 -0.315890282 -0.00689982576
vn -0.948751628 -0.315283924 -0.021598937
vn -0.950942099 -0.309213698 -0.00980047137
vn -0.947885633 -0.317995191 -0.0197997391
vn -0.952452064 -0.304684699 -0.00149996113
vn -0.947328985 -0.319709808 -0.0188006144
vn -0.947781324 -0.318493783 -0.0164997149
vn -0.9487198 -0.315406621 0.0212004054
vn -0.950221837 -0.311307192 0.0129002612
vn -0.950164557 -0.311588407 0.00999958999
vn -0.949221432 -0.313907117 0.0210004393
vn -0.948790073 -0.31589672 0.00259993528
vn -0.947336495 -0.320212364 0.00420012372
vn -0.943878591 -0.330292553 -0.000400030374
vn -0.94264859 -0.333781809 0.00189985672
vn -0.941642165 -0.336615115 0.000599986815
vn 0.0522987582 -0.998576462 -0.0104998713
vn 0.0521021113 -0.998640597 -0.00160018413
vn -0.137301043 -0.983807623 0.115200773
vn -0.0391011909 -0.97882998 0.200906038
vn 0.0452982932 -0.960063934 0.276089519
vn -0.278900802 -0.949202836 0.145700306
vn -0.635797262 -0.765596867 0.0980994999
vn -0.638295054 -0.763694227 0.0966991708
vn -0.850960851 -0.523175955 0.0463978052
vn -0.867692113 -0.496695548 0.0200997591
vn -0.880560935 -0.437680662 0.181791887
vn -0.9042539 -0.398523808 0.153309107
vn -0.711989164 -0.553191662 0.432493418
vn -0.732200742 -0.366300464 0.574200511
vn -0.561380267 -0.350487769 0.749673665
vn -0.477488995 -0.351692051 0.805181503
vn -0.395095676 -0.319496632 0.861290634
vn -0.153204903 -0.263808578 0.95233053
vn -0.145602986 -0.258705437 0.954919636
vn -0.0793002546 -0.525801837 0.846902728
vn -0.261906832 -0.69111824 0.673617601
vn 0.0221005566 -0.8814224 0.471811831
vn -0.0689981505 -0.869276881 0.489486814
vn -0.306599885 -0.845799863 0.436599821
vn -0.895426929 -0.361610949 0.259707808
vn -0.926196098 -0.318998724 0.200999156
vn -0.769663215 -0.382381856 0.511275589
vn -0.707912266 -0.553609729 0.438607603
vn -0.37688306 -0.633371711 0.675869584
vn -0.385476679 -0.630761981 0.673459232
vn -0.0511976294 -0.61487174 0.786963642
vn -0.0024000241 -0.778607965 0.627506196
vn 0.0488015637 -0.998532116 0.0235006381
vn -0.0201990679 -0.986054659 0.165192276
vn -0.27500236 -0.95010829 0.147201166
vn -0.315097511 -0.845193446 0.431696504
vn -0.66472578 -0.690626919 0.284911036
vn -0.658498049 -0.695998013 0.28629908
vn -0.901977837 -0.422489703 0.0890977681
vn -0.845078409 -0.522586703 0.112897068
vn -0.635415971 -0.765719295 -0.0996026099
vn 0.0520015992 -0.998630822 -0.00570029486
vn 0.0522017851 -0.998634279 0.00219995645
vn 0.0592978522 -0.957465351 -0.282389939
vn -0.638001204 -0.763501465 -0.100100294
vn -0.27460742 -0.94992578 -0.149104178
vn -0.278495282 -0.948684096 -0.149797603
vn -0.0858004168 -0.982604861 -0.164700925
vn 0.0313003808 -0.993712246 -0.10750144
vn -0.0164003931 -0.740717828 -0.671616256
vn 0.0023999291 -0.772277176 -0.635281384
vn -0.0973050371 -0.460623771 -0.882245839
vn -0.152997911 -0.266596287 -0.95158726
vn -0.145394668 -0.261590302 -0.954165161
vn -0.342517078 -0.310715437 -0.886644363
vn -0.426995724 -0.334796607 -0.839991748
vn -0.476692796 -0.353894562 -0.804688036
vn -0.560605884 -0.352503628 -0.74930799
vn -0.772688866 -0.368194669 -0.517092645
vn -0.720812023 -0.39130649 -0.57210964
vn -0.897508025 -0.416303754 -0.14550136
vn -0.867032409 -0.496418625 -0.0427016579
vn -0.807995021 -0.58869642 -0.0240999255
vn -0.889210999 -0.451505661 -0.0738009736
vn -0.866618872 -0.481710553 -0.130102903
vn -0.657704294 -0.696004629 -0.288102001
vn -0.663992941 -0.690592706 -0.28669709
vn -0.305009186 -0.846625566 -0.436113268
vn -0.314515799 -0.843342364 -0.435722023
vn -0.0711982176 -0.868478298 -0.49058786
vn -0.00590016181 -0.878224075 -0.478213251
vn -0.893660605 -0.365683883 -0.260088593
vn -0.928898573 -0.317099541 -0.191299781
vn -0.886690795 -0.421295643 -0.190498099
vn -0.705891848 -0.55619359 -0.438595057
vn -0.711304605 -0.552103579 -0.435002923
vn -0.375880092 -0.633866429 -0.675964355
vn -0.384392321 -0.631287336 -0.673586667
vn -0.0721018538 -0.618815899 -0.782220244
vn -0.0847977027 -0.617383301 -0.782079041
vn 0.0677981228 -0.198894411 -0.977673054
vn 0.266411275 -0.963840842 -0.00600036979
vn 0.266508788 -0.963831961 0.00109992153
vn 0.266508311 -0.963830233 0.00219995412
vn -0.261297464 0.94599098 -0.191898063
vn 0.181596667 -0.962382495 -0.202096432
vn 0.270503193 -0.96251148 -0.0200003535
vn 0.266502231 -0.963808239 -0.0071001756
vn 0.685322344 -0.721723616 -0.0972032696
vn 0.236906067 -0.927923799 -0.287807524
vn 0.286088645 -0.804068089 -0.521179497
vn 0.484088659 -0.734682858 -0.475288987
vn 0.135997593 -0.718987226 -0.681587994
vn 0.219702423 -0.727208018 -0.650307298
vn 0.209599704 -0.692598999 -0.690199077
vn 0.20920299 -0.690909922 -0.692009985
vn 0.170902953 -0.560809672 -0.810114145
vn 0.180006802 -0.556620896 -0.811030746
vn 0.130397096 -0.398891062 -0.907679975
vn 0.131903902 -0.401011795 -0.906526983
vn 0.058800444 -0.203501448 -0.977307439
vn 0.278603584 -0.951512396 0.130401582
vn 0.164301395 -0.636105597 0.753906488
vn 0.234597474 -0.728792369 0.643293083
vn 0.464601159 -0.721501887 0.51340133
vn 0.21199967 -0.849398851 0.483299226
vn 0.277488053 -0.915760696 0.290487409
vn 0.256102473 -0.924509048 0.282302618
vn 0.260889858 -0.942163527 0.21039173
vn 0.192995235 -0.620384872 0.760181308
vn 0.143893436 -0.45927918 0.876560092
vn 0.183211163 -0.458028048 0.86985302
vn 0.0230993908 -0.204594746 0.978574336
vn 0.0682987496 -0.197196513 0.977982163
vn 0.263708085 -0.956429422 0.125303745
vn 0.265593469 -0.963776469 0.024399288
vn 0.266395122 -0.963582397 0.0232994575
vn 0.266508698 -0.963831604 -0.00140016072
vn 0.266390175 -0.963864505 -0.00130006694
vn 0.26641044 -0.963837862 -0.0065003708
vn 0.266493142 -0.963775337 -0.0108998353
vn 0.266493887 -0.954378307 0.134696811
vn 0.146796167 0.731380939 0.665982723
vn 0.0723977238 0.710977674 0.699478149
vn -0.379590571 0.713282287 0.589185536
vn -0.0606987849 0.919281662 0.388892412
vn -0.310107678 0.8791219 0.361909121
vn -0.0330992937 0.103497691 0.994078875
vn -0.166295022 0.00329978415 0.986070633
vn 0.0942946598 0.329181314 0.939546943
vn 0.214992061 0.395685315 0.892867148
vn 0.0349999554 0.410699397 0.911098957
vn -0.333304673 0.439506114 0.834111869
vn -0.0176994316 0.054298386 -0.998368084
vn -0.243204638 0.104602121 -0.964318514
vn 0.224403411 0.398006201 -0.889513612
vn 0.0519008301 0.410206735 -0.910514653
vn -0.33750093 0.436501354 -0.834002316
vn 0.100303203 0.716323078 -0.690522075
vn 0.0338992551 0.719384372 -0.693784773
vn -0.398704439 0.710208118 -0.580206454
vn 0.0468007848 0.943516016 -0.328005433
vn -0.304010749 0.863830686 -0.401714146
vn -0.0166002661 0.00960003678 0.999816239
vn -0.0309985168 0.0115993284 0.999452293
vn -0.0342003517 0.00309991301 0.999410331
vn -0.0704970956 0.0102994582 0.997458994
vn -0.0698003992 0.010499943 0.997505844
vn -0.194805697 -0.00510026654 0.980828762
vn -0.226489455 -0.0175992977 0.973854721
vn -0.205796972 -0.00420005573 0.97858578
vn -0.20449087 -0.00489989854 0.978856385
vn -0.109298281 0.00699977204 0.99398452
vn -0.116695844 0.00249979272 0.993164718
vn -0.11659757 -0.000100116318 0.993179381
vn -0.0707002133 0.0196999423 0.997303188
vn -0.0971952826 -0.00519986684 0.995251834
vn -0.0166994873 0.0134994695 0.999769509
vn -0.0225000177 0.0095998887 0.999700844
vn 0.632417321 0.770821214 0.0767021999
vn 0.26461044 0.964338064 -0.00580011401
vn -0.0958042592 0.992244244 0.0792036504
vn 0.890032887 0.455516905 0.0186007433
vn 0.890676856 0.454188257 0.0201995298
vn 0.886125267 0.460013211 0.0563016683
vn 0.89550221 0.434201092 0.0977003053
vn 0.879645765 0.470024526 0.0728038549
vn 0.880647302 0.451073021 0.144891396
vn 0.877339542 0.460168332 0.136090696
vn 0.86394918 0.447825521 0.230313197
vn 0.860653758 0.471974671 0.191089824
vn 0.859941959 0.455322266 0.230611339
vn 0.858913362 0.442206919 0.258304119
vn 0.858890057 0.448994845 0.246397242
vn 0.858674467 0.451686621 0.242192909
vn 0.85676527 0.464281231 0.224490985
vn 0.788408577 0.508005559 0.346903861
vn 0.855262518 0.38568306 0.346084923
vn 0.806593895 0.428196788 0.407497048
vn 0.775311053 0.383905441 0.501507223
vn 0.685407996 0.418604821 0.595807016
vn 0.676599681 0.37229979 0.635299802
vn 0.557904363 0.368702859 0.743505895
vn 0.547592342 0.339695215 0.764689505
vn 0.389611006 0.293608218 0.872924864
vn 0.398816884 0.314713299 0.861336648
vn 0.287392765 0.266893208 0.919877052
vn 0.190303952 0.282105744 0.940319657
vn 0.194695264 0.305492491 0.932077527
vn 0.0900999531 0.166599825 0.981899619
vn 0.0865992308 0.279297441 0.956291735
vn -0.0199008007 0.208408311 0.97783953
vn -0.0331995189 0.275295943 0.960786283
vn -0.0912984163 0.482391536 0.871185064
vn -0.0665977523 0.407286197 0.91086942
vn -0.184905082 0.893324614 0.409611434
vn -0.0345994756 0.999184966 0.0207998063
vn 0.0656010658 0.997816324 0.0077002449
vn 0.0932975411 0.995473921 0.0180996452
vn -0.0428988896 0.99877429 0.0246994849
vn -0.190596879 0.945084631 0.265495837
vn 0.00270010042 0.962035835 0.272910297
vn 0.0173001327 0.968707502 0.24760206
vn 0.270104975 0.931817293 0.242404625
vn 0.269589007 0.931762099 0.243190229
vn 0.519088507 0.805382192 0.286193758
vn 0.600316286 0.773120999 0.204705656
vn 0.539692819 0.780589759 0.315295935
vn 0.280595213 0.891884863 0.354694098
vn 0.278505236 0.891416848 0.357506871
vn 0.016199654 0.930280209 0.366492331
vn 0.00209989771 0.922755182 0.38538143
vn -0.223603308 0.900813341 0.372205675
vn -0.160795361 0.816376507 0.554684222
vn -0.0127005521 0.18770808 0.982142866
vn -0.0179994479 0.168894723 0.985469878
vn -0.0163004138 0.202605054 0.979124963
vn 0.0734968483 0.215390667 0.97375834
vn 0.0763014778 0.22820434 0.970618904
vn 0.223798826 0.240898639 0.944395185
vn 0.710591197 0.599392533 0.368495524
vn 0.544203997 0.715905368 0.437403381
vn 0.537801445 0.715001881 0.446701318
vn 0.293389916 0.814272106 0.500882924
vn 0.284096628 0.811090469 0.511294186
vn 0.0265000015 0.849700093 0.526600242
vn 0.0138996579 0.841879368 0.539486945
vn -0.196096092 0.828083575 0.525189757
vn -0.144602984 0.708814621 0.690414369
vn -0.0646013841 0.958520591 0.27760607
vn -0.253591746 0.953769088 0.161294892
vn 0.0450014621 0.985232115 0.165205494
vn 0.00240003131 0.991113007 0.133001864
vn 0.258006841 0.957825482 0.126503482
vn 0.258305043 0.95771879 0.126702607
vn 0.482111663 0.868921161 0.112002835
vn 0.514599383 0.846399069 0.137099952
vn 0.697001457 0.707901478 0.114300326
vn 0.696113944 0.675913572 0.242004946
vn 0.714301109 0.652001083 0.254300505
vn 0.714695632 0.599796355 0.359797925
vn 0.803916812 0.511410713 0.303606451
vn 0.738066494 0.323585272 0.592073262
vn 0.612593591 0.366496116 0.700292766
vn 0.568273902 0.308385789 0.762865186
vn 0.436886132 0.334089369 0.835173726
vn 0.390701354 0.287700921 0.874403179
vn 0.249596864 0.302196145 0.919988692
vn 0.21690248 0.270002991 0.938110828
vn 0.0848989561 0.275696516 0.957488418
vn 0.0670999438 0.257299691 0.963999391
vn -0.0159004219 0.257206708 0.966225743
vn -0.0249995943 0.233296126 0.972084403
vn 0.847411811 0.422905892 0.32100457
vn 0.830215454 0.440508187 0.341606438
vn 0.814420819 0.383809805 0.435211241
vn 0.768008292 0.416504502 0.486505359
vn 0.734899402 0.365899682 0.570999622
vn 0.660718203 0.403411061 0.63301754
vn 0.613219917 0.358011603 0.704122961
vn 0.486496568 0.402597129 0.775394738
vn 0.434094369 0.363695204 0.824189425
vn 0.278787136 0.399181515 0.873459876
vn 0.238707885 0.368812144 0.898329854
vn 0.0828012228 0.391105682 0.916613638
vn 0.0601988062 0.371992588 0.92628181
vn -0.0385999493 0.380199432 0.924098969
vn -0.0521993041 0.33099553 0.942187607
vn -0.13879858 0.705492795 0.694992959
vn 0.033600349 0.706207335 0.707207441
vn 0.0486984439 0.717477024 0.694877923
vn 0.280505568 0.681213617 0.676213562
vn 0.30221644 0.692337692 0.655235767
vn 0.519201338 0.614001572 0.594501615
vn 0.54258579 0.62278372 0.563685417
vn 0.692602038 0.532101572 0.487001538
vn 0.711100936 0.539800704 0.450500727
vn 0.790595949 0.471997589 0.390098125
vn 0.803905964 0.481303573 0.349402696
vn 0.850131094 0.526019335 0.02410095
vn 0.77151376 0.636211395 -0.0012999475
vn 0.76281321 0.646511257 0.0118002845
vn 0.632733762 0.774341404 -0.00660026073
vn 0.620819628 0.783924878 0.0067003062
vn 0.498616278 0.866728425 -0.0128003163
vn 0.402714252 0.914532483 0.0381014608
vn 0.767569244 0.63217473 0.105795853
vn 0.786723137 0.612818062 0.0743022636
vn 0.782576382 0.598782003 0.170394942
vn 0.251309097 0.967835128 -0.0118003134
vn 0.450478196 0.892756879 -0.0073995362
vn 0.448404312 0.893808782 -0.0062999553
vn 0.631312251 0.775515258 0.00460018311
vn 0.620903671 0.783704758 0.0169001948
vn 0.769109547 0.638108015 0.035900522
vn 0.762633562 0.645228446 0.0455020815
vn 0.879617393 0.475409478 0.0161003768
vn 0.859371483 0.510083139 0.0359988697
vn 0.858990073 0.509094179 0.0543994382
vn 0.856086254 0.513291776 0.0603990965
vn 0.854515553 0.509009361 0.103501961
vn 0.854920089 0.508511961 0.102602482
vn 0.851899683 0.499899864 0.15610002
vn 0.854315281 0.49760893 0.150102749
vn 0.851055086 0.4838745 0.20388931
vn -0.0518972166 0.98414731 0.169591025
vn -0.195104286 0.977221608 0.0835019574
vn 0.0716024041 0.994533539 0.0760026798
vn 0.0309994128 0.998581171 0.0432993025
vn 0.254995376 0.966382623 0.032899525
vn 0.248694152 0.968177438 0.0279994626
vn 0.452199578 0.891699314 0.0197000895
vn 0.478203118 0.877205849 0.0428003892
vn 0.663095474 0.747595012 0.0374998413
vn 0.66298306 0.731381416 0.159796014
vn 0.803269386 0.58057791 0.132995024
vn 0.799614966 0.559310555 0.218604192
vn 0.808815122 0.541810215 0.228604361
vn 0.807632804 0.512420774 0.291811913
vn 0.852478504 0.456688493 0.254393667
vn 0.841409564 0.440805048 0.312603623
vn 0.842376709 0.40118891 0.359790146
vn 0.791323125 0.448413074 0.415612251
vn 0.767799973 0.420599997 0.48330012
vn 0.693404198 0.471802831 0.544603407
vn 0.659628928 0.446719557 0.604426563
vn 0.523021817 0.513421416 0.680328488
vn 0.482995301 0.489095211 0.726293027
vn 0.297603756 0.545906842 0.783210039
vn 0.263902932 0.522905707 0.810509205
vn 0.0705014318 0.554911196 0.828916967
vn 0.0496991947 0.536891222 0.842186511
vn -0.122199096 0.545895875 0.828894019
vn -0.0772971138 0.583578229 0.808369994
vn 0.853427231 0.456514657 -0.251508027
vn 0.879671454 0.475384653 -0.0136995008
vn 0.498520523 0.866735816 0.0157007501
vn 0.0933032781 0.995535135 -0.0143003864
vn -0.199088603 0.937446475 -0.285583586
vn -0.182109326 0.911446869 -0.368918806
vn -0.212693244 0.882872164 -0.418686688
vn -0.168897226 0.836186409 -0.521791339
vn -0.193798378 0.805093467 -0.560595274
vn -0.13970241 0.709312439 -0.690911949
vn -0.152299181 0.694796443 -0.702896237
vn -0.103798352 0.548191488 -0.829886913
vn -0.0938040093 0.558423996 -0.82423526
vn -0.082896933 0.413184822 -0.906866431
vn -0.0441011749 0.380510271 -0.923724651
vn -0.0506016389 0.324210674 -0.944630682
vn -0.0270989854 0.254990608 -0.96656388
vn -0.0139994817 0.268190205 -0.963264346
vn -0.024101058 0.225510046 -0.973942876
vn -0.0184993446 0.199293077 -0.979765415
vn -0.0181001071 0.20060131 -0.979505897
vn -0.0108002974 0.182605162 -0.983127117
vn -0.0131998723 0.169798493 -0.985390604
vn 0.0443987548 0.208694294 -0.976972759
vn 0.0830046013 0.286916077 -0.954353034
vn 0.265911609 0.264711738 -0.92694062
vn 0.559406638 0.365804434 -0.743808746
vn 0.540613651 0.325808346 -0.775619686
vn 0.464994282 0.312596291 -0.828289866
vn 0.776386678 0.449492395 -0.441792428
vn 0.775306284 0.468103915 -0.424003422
vn 0.766284466 0.372092575 -0.523789406
vn 0.78835392 0.507970452 -0.347079694
vn 0.856069386 0.383886337 -0.346087605
vn 0.832975507 0.476886064 -0.280591726
vn 0.857800841 0.412000477 -0.30730027
vn 0.859417379 0.449509203 -0.243604898
vn 0.858796597 0.455498308 -0.234499052
vn 0.890089393 0.455494642 -0.0162997544
vn 0.889636874 0.456418991 -0.0151005751
vn 0.886725545 0.459213316 -0.0533014908
vn 0.889714539 0.452107459 -0.0633009896
vn 0.880498052 0.463999003 -0.0970997363
vn 0.881701112 0.454000652 -0.128400117
vn 0.876111567 0.460006118 -0.144301862
vn 0.872480571 0.454289943 -0.179995954
vn 0.449907869 0.893015742 0.010300287
vn 0.452878565 0.890757978 -0.0380980931
vn 0.475305855 0.879710913 -0.0139000667
vn 0.482327431 0.865649343 -0.134207547
vn 0.511978865 0.852764845 -0.103295639
vn 0.0421009958 0.991123497 -0.12610288
vn 0.0360017046 0.996747315 -0.0721033067
vn 0.0696002319 0.996903479 -0.0366000086
vn 0.0667971745 0.997757912 -0.00419970369
vn 0.264603674 0.964313507 0.00920024328
vn 0.00710003264 0.987204671 -0.159300625
vn -0.135598287 0.977987766 -0.158597901
vn -0.0939955041 0.992652655 -0.0761962458
vn -0.0802969709 0.991362631 -0.103695974
vn -0.0847038552 0.996145427 -0.0228009205
vn -0.00110001117 0.998310328 -0.0581004806
vn -0.042899549 0.998989642 -0.0133997416
vn 0.402804136 0.914509535 -0.0377002843
vn 0.251602918 0.967711329 0.0152002936
vn 0.25480786 0.966730058 -0.0225005839
vn 0.2492107 0.968041658 -0.0281010941
vn 0.257984787 0.958643675 -0.120192826
vn 0.258202434 0.958609104 -0.120001033
vn 0.367705673 0.308404893 -0.877313554
vn 0.391075522 0.288582087 -0.873945355
vn 0.381319404 0.340517491 -0.859443784
vn 0.441982508 0.278589129 -0.852666318
vn 0.429279476 0.418880135 -0.800161779
vn 0.487988263 0.347991765 -0.800480783
vn 0.481522888 0.531825364 -0.696633101
vn 0.523999035 0.475099295 -0.706898749
vn 0.519018292 0.637122571 -0.569820106
vn 0.543692231 0.605391502 -0.581291676
vn 0.53866595 0.722154498 -0.433972538
vn 0.545181453 0.714375854 -0.43868506
vn 0.540397644 0.782696664 -0.308798581
vn 0.193806201 0.275608927 -0.941530168
vn 0.224302292 0.238002583 -0.945009828
vn 0.208794206 0.303191721 -0.929774225
vn 0.255606204 0.265106589 -0.929722607
vn 0.232500955 0.407301813 -0.883203685
vn 0.283304483 0.360205829 -0.888814151
vn 0.260100633 0.556901574 -0.788801968
vn 0.301291019 0.516584814 -0.801476181
vn 0.278513074 0.701933146 -0.65553081
vn 0.304592967 0.678984523 -0.667984545
vn 0.283490509 0.820872784 -0.495783418
vn 0.294509679 0.812426865 -0.503216505
vn 0.278497279 0.895291328 -0.347696513
vn 0.280910432 0.893633306 -0.350012898
vn 0.191992521 0.26598978 -0.944663227
vn 0.0825018659 0.186304331 -0.979022205
vn 0.0693984181 0.22459504 -0.971978009
vn 0.0802985281 0.21329622 -0.973682225
vn 0.0610021129 0.274209648 -0.959733307
vn 0.0896998197 0.254899651 -0.962798119
vn 0.0543002523 0.394001961 -0.91750437
vn 0.0875977054 0.368790478 -0.925375819
vn 0.0444012582 0.560116112 -0.827223539
vn 0.0749009103 0.53690666 -0.840310276
vn 0.0297005773 0.722614229 -0.690613389
vn 0.0512978099 0.709069908 -0.703269958
vn 0.0105996877 0.854475021 -0.519384623
vn 0.0284999553 0.845698893 -0.532899082
vn -0.00130003504 0.933525324 -0.35850957
vn 0.0190005079 0.92552495 -0.378210068
vn 0.818995118 0.356397986 -0.449697345
vn 0.815504789 0.383102328 -0.433802545
vn 0.83143729 0.439819813 -0.339515209
vn 0.843399107 0.400999665 -0.357599586
vn 0.842382133 0.440790743 -0.309993386
vn 0.556704342 0.379603088 -0.738905847
vn 0.617881954 0.294391513 -0.72907871
vn 0.60801369 0.425909758 -0.670015156
vn 0.660778344 0.337389052 -0.670477986
vn 0.658355355 0.494066626 -0.567861497
vn 0.692908168 0.428605199 -0.579806864
vn 0.692817688 0.555414319 -0.459911734
vn 0.711199582 0.520699799 -0.472299725
vn 0.7116974 0.604597926 -0.357698649
vn 0.715403974 0.597803473 -0.361701995
vn 0.714000523 0.660800576 -0.231400117
vn 0.561905026 0.781307042 -0.271702349
vn 0.518408358 0.828513503 -0.211703345
vn 0.270195454 0.933384299 -0.236195937
vn 0.269502848 0.933810055 -0.235302433
vn -0.000700015691 0.97072196 -0.240205303
vn 0.0209997799 0.963689983 -0.266197115
vn -0.175193951 0.949667275 -0.25969094
vn -0.15119569 0.974072337 -0.1682951
vn 0.771520138 0.636116683 -0.0106002018
vn 0.762707174 0.646706164 0.00700014411
vn 0.763005376 0.64560461 -0.0319001488
vn 0.768794537 0.638095498 -0.0422996283
vn 0.768499255 0.635899484 -0.0709998682
vn 0.785978079 0.60988307 -0.101397112
vn 0.784799874 0.605199993 -0.13349992
vn 0.802808702 0.573806286 -0.162001699
vn 0.798637271 0.555625975 -0.231210738
vn 0.8502056 0.52600354 -0.0217000805
vn 0.859717369 0.509610355 -0.0344006419
vn 0.859228194 0.508316755 -0.0578018464
vn 0.856407762 0.513804734 -0.0507004075
vn 0.854997396 0.508998513 -0.0994996503
vn 0.855217397 0.508510411 -0.100102
vn 0.852781713 0.500889301 -0.147896782
vn 0.854566216 0.496480435 -0.152393922
vn 0.851617038 0.484009773 -0.201203987
vn 0.860813081 0.459007025 -0.219803289
vn 0.860785663 0.458292425 -0.221396267
vn 0.633691728 0.439094365 -0.636891663
vn 0.702233613 0.332316041 -0.629630148
vn 0.683474004 0.42278406 -0.595077336
vn 0.739388227 0.32199496 -0.591290593
vn 0.72626555 0.441879183 -0.526575029
vn 0.770201445 0.344900757 -0.53650099
vn 0.764770389 0.470681876 -0.439982951
vn 0.791491508 0.402995765 -0.459495097
vn 0.790281832 0.495988667 -0.359791696
vn 0.80379355 0.460696429 -0.376396984
vn 0.804714084 0.517109156 -0.291605055
vn 0.807982206 0.50858891 -0.297493428
vn 0.809213281 0.548509121 -0.210503429
vn 0.695004761 0.671504736 -0.257001698
vn 0.697887957 0.700388014 -0.149697334
vn 0.663399518 0.739499569 -0.114199847
vn 0.663300633 0.744900823 -0.0717999861
vn 0.631510377 0.774612904 -0.0342004746
vn 0.630979598 0.775675058 -0.0138994604
vn 0.62089473 0.783893526 -0.000899899052
vn 0.620577097 0.784071207 0.0107996967
vn 0.632734179 0.774341941 -0.00650025997
vn -0.13150607 0.0685030445 0.988945723
vn -0.115402468 0.332207054 0.936120212
vn -0.196892649 0.966064036 0.16719389
vn -0.282292217 0.956273794 0.0764980093
vn 0.0229990371 0.987458825 0.156193599
vn -0.267910093 0.963236451 0.0200008713
vn -0.124197707 0.990781844 0.0540991277
vn -0.271906406 0.7241171 0.63381511
vn -0.281392485 0.79337889 0.539785743
vn -0.297801644 0.800504446 0.520103037
vn -0.304499984 0.865099967 0.398600101
vn -0.284204304 0.863713086 0.416206449
vn -0.315185845 0.910759091 0.266788155
vn -0.193998456 0.625894964 0.755394161
vn -0.224301428 0.576503694 0.785705209
vn -0.239705503 0.696615994 0.676215589
vn -0.076600574 0.13770093 0.987507463
vn -0.0887997672 0.227599308 0.969697535
vn -0.0713020936 0.164904743 0.983728945
vn -0.0926019922 0.196004108 0.976221025
vn -0.079600513 0.170101017 0.982206523
vn -0.0502975509 0.176291347 0.983052313
vn -0.125195831 0.0538980886 0.990667045
vn -0.142796636 0.113897204 0.983176947
vn -0.126996666 0.0914974958 0.987674177
vn -0.129997239 0.152096659 0.979779303
vn -0.119106121 0.126806423 0.984750807
vn -0.131298393 0.212097302 0.968388259
vn -0.103504382 0.274011493 0.956140637
vn -0.101796977 0.293991178 0.950371981
vn -0.0863011554 0.222902909 0.971013129
vn -0.135204464 0.22110723 0.965832055
vn -0.129003897 0.158904687 0.978829682
vn -0.153002277 0.409006059 0.899613619
vn -0.149796218 0.405189693 0.901877403
vn -0.204897404 0.416194707 0.885888994
vn -0.176501334 0.453303367 0.873706818
vn -0.172203407 0.363807142 0.915418327
vn -0.153403521 0.302506834 0.940721691
vn -0.153297365 0.306994647 0.939284027
vn -0.146397546 0.26059553 0.954284132
vn -0.167394653 0.482284546 0.859872699
vn -0.191596135 0.531689227 0.824983537
vn -0.228610665 0.538625121 0.810938001
vn -0.291193277 0.637185276 0.713583589
vn -0.254806817 0.604916215 0.7544204
vn -0.31770736 0.723716736 0.612614334
vn -0.31688869 0.723174155 0.613678157
vn -0.349717557 0.793139875 0.498625189
vn -0.350892961 0.793584168 0.497090191
vn -0.381813914 0.839630723 0.386314243
vn -0.358395725 0.837890029 0.411695242
vn -0.322210222 0.878627956 0.35241136
vn -0.323402405 0.905206859 0.275702208
vn -0.393589526 0.89247632 0.220394284
vn -0.277708471 0.931628406 0.234407276
vn -0.402688295 0.869774759 0.285191834
vn -0.232605472 0.918521643 0.319707662
vn -0.268300772 0.933802783 0.236700818
vn -0.22469826 0.956492722 0.186098695
vn -0.377192318 0.903681636 0.20269601
vn -0.140999362 0.978595734 0.149899453
vn -0.288101256 0.947604239 0.138000727
vn -0.176896602 0.9806813 0.0834985226
vn -0.0967962369 0.99376148 0.0553979725
vn -0.166399777 0.985298812 0.0387000702
vn -0.14089331 0.0896956399 0.985953331
vn -0.108801693 -0.0263005309 0.993715584
vn -0.054198198 0.106196366 0.992867112
vn 0.0481997989 -0.0409999527 0.997995973
vn -0.0740972832 0.132095054 0.988463819
vn -0.0295988116 -0.00200003921 0.999559939
vn -0.121896602 -0.0183996074 0.992372453
vn -0.1167996 -0.0267000273 0.992796659
vn -0.112897113 -0.0292993747 0.993174791
vn -0.112701342 -0.0251004212 0.993312001
vn -0.109497622 -0.0284995027 0.993578553
vn -0.122605756 0.0147005739 0.992346704
vn -0.139794365 0.0320985913 0.989660263
vn -0.0541018024 0.0632019937 0.996533334
vn -0.0368015468 0.0127004152 0.999242008
vn -0.0396001786 0.0148999495 0.999104619
vn -0.0392011888 -0.00150016474 0.999230385
vn -0.0373000391 -0.00250012195 0.999301136
vn -0.10579627 -0.0289990976 0.993965089
vn -0.105795652 -0.0291989204 0.993959248
vn 0.726971507 0.369185477 0.578977406
vn 0.151495472 0.0754976273 0.98557061
vn 0.902616858 0.429108083 0.0339006893
vn 0.899356604 0.434779078 0.0460978337
vn 0.900095284 0.428097785 0.0809996352
vn 0.892724752 0.418511629 0.16700469
vn 0.891635597 0.424916983 0.156306282
vn 0.871722281 0.41021052 0.268006951
vn 0.851744473 0.411521494 0.324317008
vn 0.846192956 0.400596648 0.351397157
vn 0.822573245 0.384587497 0.418886513
vn 0.798278689 0.374390006 0.471787483
vn 0.79951787 0.375608414 0.468710601
vn 0.78436625 0.366184205 0.500678599
vn 0.741797328 0.341098756 0.577398062
vn 0.734496832 0.333698541 0.59089756
vn 0.664779067 0.309790224 0.679778695
vn 0.656598449 0.304599226 0.689998448
vn 0.642468512 0.296885401 0.706465483
vn 0.57638216 0.262191832 0.773976266
vn 0.596901 0.278300405 0.752501428
vn 0.549927711 0.253412724 0.795840263
vn 0.47740832 0.2168037 0.851514935
vn 0.499496847 0.232998446 0.834394872
vn 0.278289318 0.128494963 0.951863587
vn 0.391697109 0.182598561 0.90179342
vn 0.375005782 0.171002552 0.911114156
vn 0.443902194 0.204600945 0.872404397
vn 0.449109554 0.207204342 0.869118571
vn 0.0479989089 0.0522986948 0.997477412
vn 0.0100003835 0.133205011 0.991038144
vn 0.0281999744 0.127799779 0.991399169
vn 0.119795389 0.184192821 0.975562572
vn 0.19300729 0.174606517 0.965536594
vn 0.673226774 0.383315206 0.632325292
vn 0.563087761 0.275893956 0.778983235
vn 0.590387106 0.340492517 0.731784165
vn 0.410902321 0.26700145 0.871705115
vn 0.393107086 0.244404331 0.886416137
vn 0.295993984 0.235195115 0.92578125
vn 0.225696132 0.202196434 0.952983797
vn 0.731411934 0.376306117 0.568709433
vn 0.782169044 0.408483833 0.470481485
vn 0.771882415 0.39409104 0.498888761
vn 0.82742703 0.423313826 0.369012117
vn 0.847120345 0.418010026 0.328107953
vn 0.855690956 0.432595432 0.283997089
vn 0.881520927 0.437710404 0.177004278
vn 0.883217096 0.44970873 0.133002654
vn 0.88057363 0.427087247 0.20539394
vn 0.88049227 0.418496341 0.222698107
vn 0.878909051 0.44750464 0.165101767
vn 0.864813507 0.440306902 0.241303861
vn 0.861569703 0.438484609 0.255791098
vn 0.88879472 0.45289734 0.0701996461
vn 0.892609715 0.448404938 0.046700567
vn 0.891042292 0.453470707 0.0201987475
vn 0.215091676 0.103795871 0.971062481
vn 0.650833845 0.329617143 0.683935702
vn 0.593180418 0.331888974 0.733475924
vn 0.55889374 0.290496677 0.776691496
vn 0.401427686 0.211814523 0.891061544
vn 0.408074796 0.223986104 0.885045469
vn 0.204600438 0.126000166 0.970702231
vn 0.2101904 0.135993689 0.968155921
vn 0.0342997089 0.055099424 0.997891665
vn 0.0557001531 0.0297999661 0.998002887
vn 0.0610024743 0.0373013988 0.997440517
vn 0.0697022602 0.0383011252 0.996832371
vn 0.184598505 0.0909991562 0.978592217
vn 0.225703031 0.115601443 0.967313111
vn 0.228196144 0.102698162 0.968183756
vn 0.37431398 0.174506441 0.910734177
vn 0.411278099 0.205888957 0.887952805
vn 0.477024913 0.218311325 0.851344585
vn 0.564587533 0.263794124 0.782082975
vn 0.57559824 0.265599102 0.773397803
vn 0.656024575 0.308911502 0.688625872
vn 0.664727151 0.310012639 0.679727912
vn 0.73311156 0.348205447 0.584209323
vn 0.739484131 0.34859249 0.575887799
vn 0.792204201 0.379501998 0.477902621
vn 0.796526492 0.379312605 0.470815778
vn 0.849312305 0.412505955 0.329404831
vn 0.852315962 0.410107702 0.32460621
vn 0.885229945 0.433714688 0.168105736
vn 0.886984885 0.43139267 0.164797246
vn 0.896757305 0.439879149 0.0482977629
vn 0.898104131 0.43740207 0.0457002632
vn 0.389797777 0.178199127 -0.903494954
vn 0.065298833 0.152897403 -0.986082494
vn 0.213094518 0.194995105 -0.957375467
vn 0.862284064 0.43789202 -0.254395276
vn 0.891184926 0.453392357 -0.0149996933
vn 0.892687559 0.448393792 -0.0452993177
vn 0.878991127 0.447895527 -0.163598299
vn 0.881089509 0.416595101 -0.223897323
vn 0.881058633 0.426280051 -0.204990357
vn 0.882079482 0.437989861 -0.173495919
vn 0.883946598 0.449923784 -0.12730667
vn 0.889674306 0.452187002 -0.0632981285
vn 0.599792898 0.311596453 -0.736991286
vn 0.653908253 0.376904845 -0.656008244
vn 0.73392731 0.377114147 -0.564921021
vn 0.758718908 0.395109951 -0.517912865
vn 0.786320329 0.398510396 -0.472112209
vn 0.799996674 0.407498389 -0.440398157
vn 0.842498183 0.430599153 -0.323699296
vn 0.836595595 0.400198013 -0.374098003
vn 0.856206119 0.43170318 -0.283802003
vn 0.38469547 0.240397304 -0.891189635
vn 0.470468372 0.289880633 -0.833444059
vn 0.541200697 0.323200524 -0.776301086
vn 0.012200457 0.127704918 -0.991737306
vn 0.0256990194 0.124695383 -0.991862297
vn 0.0474998802 0.05779998 -0.997197628
vn 0.0594975911 0.0336987562 -0.997659683
vn 0.0671973601 0.0367986821 -0.997061014
vn 0.0640004799 0.0329003707 -0.997407556
vn 0.151903883 0.0726019815 -0.985725343
vn 0.184403926 0.0878020003 -0.978920937
vn 0.548511982 0.249605551 -0.798017502
vn 0.595310926 0.274605155 -0.755113959
vn 0.577075958 0.260389268 -0.774067879
vn 0.641003847 0.293501914 -0.709204316
vn 0.665905297 0.307302564 -0.679805338
vn 0.656209528 0.304504573 -0.690410018
vn 0.733708918 0.331504166 -0.593107283
vn 0.742598355 0.340199351 -0.576898694
vn 0.784388483 0.364194751 -0.5020926
vn 0.800611019 0.374405235 -0.467806458
vn 0.799254656 0.373078942 -0.471173286
vn 0.822010636 0.382705033 -0.421705455
vn 0.829896092 0.387598246 -0.401298106
vn 0.854789615 0.40509516 -0.324396044
vn 0.861169457 0.402085841 -0.310988963
vn 0.891606092 0.423902959 -0.159201056
vn 0.892186582 0.420293748 -0.16539748
vn 0.899221301 0.427010149 -0.095202215
vn 0.900019228 0.428009212 -0.0823017135
vn 0.89927727 0.435089052 -0.0446988232
vn 0.902742088 0.429020047 -0.0316014215
vn 0.276705176 0.225104362 -0.934217632
vn 0.391384095 0.25018999 -0.885564029
vn 0.399984181 0.216991544 -0.890464902
vn 0.728012681 0.367706537 -0.578610063
vn 0.651873887 0.327686995 -0.683872581
vn 0.594177306 0.32988748 -0.733571947
vn 0.559712708 0.288306683 -0.776917696
vn 0.410098404 0.213099301 -0.886796594
vn 0.411782831 0.203091651 -0.888363063
vn 0.277189344 0.124895319 -0.952663481
vn 0.225790381 0.112495333 -0.967658937
vn 0.227096826 0.10599865 -0.9680866
vn 0.0496993884 0.0234998316 -0.99848783
vn 0.0505986251 0.063898392 -0.996673048
vn 0.447705001 0.20310241 -0.870809913
vn 0.375384569 0.168293223 -0.911462605
vn 0.374715835 0.171507373 -0.911138594
vn 0.216405645 0.0934025645 -0.97182554
vn 0.211507231 0.125904441 -0.969233215
vn 0.203305542 0.129403666 -0.970526636
vn 0.192407578 0.174707025 -0.965638161
vn 0.120597154 0.178195938 -0.976577044
vn 0.898076594 0.437288642 -0.047298722
vn 0.896978438 0.439889491 -0.0438988954
vn 0.8869012 0.430600643 -0.167300195
vn 0.88615489 0.433777988 -0.162991673
vn 0.851449847 0.408176035 -0.329280555
vn 0.851666272 0.412883759 -0.322787195
vn 0.793951273 0.375924349 -0.477830857
vn 0.796716273 0.38040787 -0.469609588
vn 0.734976649 0.34378919 -0.584481418
vn 0.739602506 0.349801302 -0.575001955
vn 0.657797277 0.303598851 -0.68929714
vn 0.664806187 0.311203033 -0.679106355
vn 0.566094577 0.257797688 -0.782992601
vn 0.575525522 0.266811907 -0.773034275
vn 0.477682441 0.21559222 -0.851668835
vn 0.47791934 0.2144088 -0.851834595
vn 0.498295009 0.229097843 -0.836191773
vn -0.116701283 -0.0301002134 -0.992711008
vn -0.112797342 -0.0327991098 -0.993076682
vn -0.112602241 -0.0289004594 -0.993219912
vn -0.108200811 -0.0322001278 -0.993607581
vn -0.0296014156 -0.00530013442 -0.999547899
vn -0.105994858 -0.0319983326 -0.9938519
vn -0.106003329 -0.0326009095 -0.993831336
vn -0.0325986855 -0.00419971207 -0.999459803
vn -0.0316998437 -0.0021998703 -0.999495208
vn -0.0373987854 -0.0080996193 -0.999267697
vn -0.044898726 0.00629994087 -0.99897176
vn -0.0427994952 0.0242998339 -0.998788297
vn -0.064397037 0.0953957364 -0.99335438
vn -0.0302000251 0.0684001818 -0.997200906
vn -0.0685988441 0.123398066 -0.989983499
vn -0.114096612 -0.0344988592 -0.992870688
vn -0.115199789 -0.0296998303 -0.992898345
vn -0.116104864 -0.0197007097 -0.993041694
vn -0.130198047 -0.00239984621 -0.991485238
vn -0.127904817 0.0330013633 -0.991237342
vn -0.0885031745 -0.120704219 -0.988735497
vn -0.141296506 0.0941978022 -0.985475779
vn -0.186095431 0.017499689 -0.982375979
vn -0.0996003151 -0.0322999842 -0.99450326
vn -0.0995007753 -0.038100183 -0.994307876
vn -0.0958992764 -0.0314996466 -0.994892657
vn -0.0934965611 -0.0387984551 -0.994863451
vn -0.0960991681 -0.036799565 -0.994691491
vn -0.0957985222 -0.0402992666 -0.994584799
vn -0.116795383 -0.0196991041 -0.992960811
vn -0.10929957 -0.0348997451 -0.993396163
vn -0.110399723 -0.0311998054 -0.993397593
vn -0.0994040221 -0.0375014022 -0.99434036
vn -0.0955972448 -0.041098699 -0.994571447
vn -0.117894955 0.0182993393 -0.992857635
vn -0.122797675 0.0222996976 -0.992181301
vn -0.126494631 0.0284989122 -0.991558015
vn -0.193997785 -0.00509982556 -0.98098892
vn -0.204397053 0.00210008654 -0.978886008
vn -0.20410192 0.00890020095 -0.978909373
vn -0.255099922 0.00540011423 -0.966899753
vn -0.127403796 -0.00650007697 -0.991829753
vn -0.167701185 0.00780017348 -0.985807121
vn -0.0894968212 0.00669988152 -0.995964706
vn -0.0920024589 0.00800033379 -0.995726764
vn -0.028099291 0.00779992295 -0.99957484
vn -0.0219010953 0.0045003444 -0.999750137
vn 0.0186992325 0.0114996489 -0.999759138
vn 0.0134995496 0.00919981301 -0.999866724
vn 0.00960020348 0.00810029171 -0.999921262
vn 0.00260002143 0.0133002298 -0.999908328
vn 0.00310003338 0.013000261 -0.999910831
vn -0.0462977216 0.0123995105 -0.998850942
vn -0.0459992215 0.0107999379 -0.998883188
vn -0.0411997363 0.0107000517 -0.999093711
vn -0.0278997999 0.0288999155 -0.999192953
vn -0.0248002969 0.0190003477 -0.999512017
vn -0.00809963327 0.00499989325 -0.99995482
vn -0.00789966248 0.00479991501 -0.999957442
vn -0.00809960812 0.00559984846 -0.99995172
vn -0.00839963648 0.00399994664 -0.999956846
vn -0.00849962234 0.00409993762 -0.999955654
vn -0.00849961583 0.00429992517 -0.99995482
vn -0.00899956003 0.00409991946 -0.999951243
vn -0.0133002894 0.0134004122 -0.999821901
vn -0.0296013989 -0.00540013658 -0.999547362
vn -0.0942003056 0.0264002066 -0.995203316
vn -0.138196826 0.0290994532 -0.98997736
vn -0.122802399 0.0205005221 -0.992219508
vn 0.00220000814 0.0137001723 -0.999903858
vn -0.0403000191 0.0132001266 -0.999100566
vn -0.0807025507 0.0203007627 -0.996531606
vn -0.108497486 0.0208996385 -0.993877113
vn -0.119896874 0.0248994716 -0.992474198
vn -0.114601098 0.0245003533 -0.993109584
vn -0.111704521 0.0200009309 -0.993540347
vn 0.00270003569 0.012900291 -0.999913275
vn -0.0282006115 0.0127003957 -0.999521732
vn -0.0406001695 0.0185001977 -0.999004304
vn -0.0895011723 0.0186003633 -0.995813131
vn -0.0942029804 0.0210007858 -0.995331645
vn -0.142592192 0.0215989407 -0.989546001
vn -0.142697409 0.0190997738 -0.989582181
vn -0.0862989947 0.0126999719 -0.996188521
vn -0.0449014381 0.0109004695 -0.998932064
vn -0.0880973786 0.0090998495 -0.996070445
vn -0.093898952 0.0135999676 -0.995489001
vn -0.0919034481 0.00780041236 -0.995737493
vn -0.095502764 0.00080014189 -0.995428979
vn -0.0322015136 0.00830051024 -0.999447107
vn -0.027201131 0.0133006731 -0.99954164
vn -0.103997298 -0.037398912 -0.993874311
vn -0.0512984954 -0.0149994427 -0.998570859
vn -0.0509023853 -0.0177007113 -0.998546898
vn -0.0569025651 -0.0164006222 -0.99824518
vn -0.0562009662 -0.0201002266 -0.998217225
vn -0.0664022714 -0.0178004913 -0.997634292
vn -0.0666022077 -0.0171004497 -0.997633219
vn 0.00650007557 0.0271004383 -0.999611735
vn -0.0128000444 0.00540013891 -0.999903619
vn -0.0804974735 -0.013099472 -0.996668875
vn -0.0815022066 -0.00960014295 -0.996627033
vn -0.120003365 -0.0170003623 -0.992628038
vn -0.130800277 0.00360012637 -0.991402328
vn -0.130602196 0.0208004713 -0.991216779
vn -0.127101406 0.0125002582 -0.991811037
vn -0.125905663 0.0243012123 -0.991744697
vn -0.121303856 0.0129005313 -0.992531717
vn -0.121003777 0.0155006042 -0.992531121
vn -0.0871980786 0.0149997892 -0.996078134
vn -0.0774037018 0.0102006085 -0.996947825
vn -0.0270990953 0.0114997365 -0.999566734
vn -0.0327996276 0.0120999832 -0.999388814
vn -0.025899807 0.0120000299 -0.999592602
vn -0.0165007468 0.00610039616 -0.999845386
vn -0.282300681 -0.0153999245 -0.959202468
vn -0.203511029 -0.00620021997 -0.97905314
vn -0.187595099 -0.0118995737 -0.982174516
vn -0.116695449 0.00359997828 -0.99316138
vn -0.102800161 -0.000899882987 -0.994701743
vn -0.0704005808 0.0046001575 -0.997508347
vn -0.0713030174 0.00500033097 -0.997442305
vn -0.0293990392 0.000900089857 -0.999567449
vn -0.0284992382 0.00639994908 -0.99957341
vn -0.022000879 0.00600035954 -0.999740064
vn -0.0217005983 0.00860035699 -0.999727666
vn -0.0703016147 -0.00239993655 -0.99752301
vn -0.0916983411 0.00310006295 -0.995782077
vn -0.116497695 -0.00459979149 -0.993180454
vn -0.167300954 -0.000799887115 -0.985905707
vn -0.217697442 -0.0157996994 -0.97588861
vn -0.254096001 -0.0134996744 -0.967084944
vn 0.803661764 -0.595071733 -0.00419987133
vn -0.0779965743 -0.992056489 -0.0986957923
vn 0.340295255 -0.928487182 -0.148698047
vn 0.786197662 -0.617698193 -0.0185000207
vn 0.819010079 -0.573707104 -0.00910018105
vn -0.940693378 0.338497639 -0.0226998013
vn 0.780916989 -0.621813595 -0.0593013726
vn 0.822196543 -0.568797648 -0.0214999802
vn -0.939756215 0.331084609 -0.0850960091
vn 0.794228971 -0.606822193 -0.03110121
vn 0.767048061 -0.640140176 -0.0431027785
vn 0.771013558 -0.635611176 -0.0392007641
vn 0.770800531 -0.636200547 -0.0334000997
vn -0.898815215 0.419007152 -0.128702149
vn 0.856917262 -0.515410483 0.00670007477
vn 0.837793231 -0.545195639 -0.0293998308
vn 0.842230856 -0.53881979 -0.0179007202
vn 0.838170171 -0.544880688 -0.023999216
vn 0.837705135 -0.545703411 -0.0214002002
vn 0.663205087 -0.718605518 -0.209201708
vn 0.838405311 -0.5448035 -0.0163001698
vn 0.256111145 -0.889838815 -0.377616614
vn 0.782502055 -0.619401693 -0.0635002479
vn 0.782381713 -0.61968559 -0.0621986277
vn 0.854329169 -0.519717753 -0.00390019524
vn -0.889679074 0.430189967 -0.152996376
vn 0.863054812 -0.50467366 0.020998843
vn 0.883990824 -0.465095222 0.0473994613
vn 0.884208918 -0.462904751 0.0624005832
vn 0.875622749 -0.482812613 -0.0133004049
vn 0.871818066 -0.489810199 -0.00440014945
vn 0.754301012 -0.539100707 -0.374700576
vn 0.871638954 -0.487821877 0.0477020778
vn 0.864715457 -0.502209067 0.00730007142
vn 0.850401819 -0.524701178 -0.0388001539
vn 0.883505464 -0.468402952 0.00409997022
vn 0.871716797 -0.451208711 -0.191103771
vn 0.844079375 -0.452188969 -0.288193047
vn 0.916029155 -0.400612801 0.02000059
vn -0.995712161 -0.0896010995 -0.0230002943
vn -0.995319545 -0.09270183 -0.0273005515
vn -0.994263053 -0.0877967402 -0.0610977449
vn -0.991470456 -0.090697296 -0.0935972258
vn -0.991281688 -0.0911983177 -0.0950982645
vn -0.987882376 -0.0853984654 -0.129597709
vn -0.98108995 -0.0861991048 -0.173298255
vn -0.980104864 -0.087400429 -0.17820093
vn -0.971050203 -0.0810958296 -0.22468853
vn -0.955935121 -0.0802029222 -0.282410413
vn -0.952238083 -0.0821032599 -0.294111788
vn -0.927405357 -0.0718003809 -0.367102146
vn -0.918390274 -0.072399199 -0.388995945
vn -0.893987715 -0.0686990172 -0.442793965
vn -0.886975586 -0.0692980513 -0.456587493
vn -0.854810715 -0.0613007136 -0.515306532
vn -0.864626408 -0.0592017546 -0.498915285
vn -0.74769491 -0.0520995706 -0.66199559
vn -0.785186827 -0.0584989488 -0.616489708
vn -0.834906757 -0.0636004582 -0.546704471
vn -0.392212749 -0.0286008231 -0.919429958
vn -0.35568735 -0.0210991427 -0.934366941
vn -0.539183617 -0.0432985872 -0.841074526
vn -0.478612602 -0.0266005993 -0.87762326
vn -0.688394248 -0.054399468 -0.72329402
vn -0.995700061 -0.0895000249 0.0238999948
vn -0.995651424 -0.0899046659 0.0244012531
vn -0.993703663 -0.0898003504 0.0670002475
vn -0.991787612 -0.0929988623 0.0877989009
vn -0.990610242 -0.0856009126 0.106601112
vn -0.986661077 -0.0861966312 0.138094544
vn -0.982192993 -0.0832994357 0.168398798
vn -0.979190886 -0.0853992328 0.184098288
vn -0.971338928 -0.0795032158 0.224008992
vn -0.945909917 -0.0812008977 0.314103305
vn -0.95542109 -0.0725016445 0.286206335
vn -0.921588361 -0.0721991435 0.381395221
vn -0.888993084 -0.0634995699 0.453496546
vn -0.892303824 -0.0624003261 0.44710198
vn -0.841156304 -0.064996697 0.536872149
vn -0.869392037 -0.0580995344 0.490695566
vn -0.834214509 -0.0623011552 0.547909558
vn -0.787011802 -0.055800911 0.614409268
vn -0.722258687 -0.0558968894 0.689360619
vn -0.693470299 -0.0496979654 0.718769312
vn -0.442705095 -0.0316004753 0.896110415
vn -0.491308868 -0.0286006238 0.870515883
vn -0.451011926 -0.0352010429 0.891823649
vn -0.580765009 -0.0386977717 0.813151181
vn -0.98358947 -0.0644993335 0.168498203
vn -0.947139084 -0.0643026978 0.314313024
vn -0.419194698 -0.00380006083 0.907888651
vn -0.799710751 -0.286703944 0.527507067
vn -0.992514789 -0.100001514 0.0701010376
vn -0.996682644 -0.0777986571 0.0238995794
vn -0.997677267 -0.0591986626 0.0336992294
vn -0.998163939 -0.0517981425 0.0313988626
vn -0.996620119 0.0757015347 0.0319006555
vn -0.997559488 0.0630974472 0.0298987944
vn -0.995293021 0.0912993699 0.0324997865
vn -0.992096007 0.121199518 0.032499887
vn -0.35538733 -0.934666812 0.00989953615
vn -0.999571741 -0.0165995359 0.0240993202
vn -0.998827994 -0.0370010473 0.0312008746
vn -0.997271955 0.0668981224 0.031199133
vn -0.993583083 -0.100598298 0.0516991131
vn -0.957485914 -0.284995854 0.044699315
vn -0.895623803 -0.443211824 0.0377009548
vn -0.959062636 -0.217891544 0.180892929
vn -0.972219169 -0.163603276 0.167403311
vn -0.865338147 -0.268311918 0.423318714
vn -0.874920666 -0.267606407 0.403609574
vn -0.947814107 -0.142902181 0.285004258
vn -0.409489065 -0.201094776 0.889876366
vn -0.420480072 -0.197890744 0.885458112
vn -0.453494012 -0.217597261 0.864288688
vn -0.425882339 -0.164693281 0.889663219
vn -0.442814976 -0.164305672 0.88142997
vn -0.424200803 -0.105500318 0.899401844
vn -0.516585588 -0.056398537 0.854376256
vn -0.429099351 0.0102998782 0.903198719
vn -0.423294693 0.0616991296 0.903888822
vn -0.413795561 0.0614992417 0.908290386
vn -0.438403934 0.0531003773 0.897208154
vn -0.426677257 0.0315982103 0.903851986
vn -0.443209946 -0.0231006294 0.89612025
vn -0.457617134 -0.0196008421 0.888933361
vn -0.581306756 -0.0278004222 0.813209593
vn -0.617523134 -0.0258010644 0.786129534
vn -0.694028616 -0.0401017442 0.718829691
vn -0.772178888 -0.0393990055 0.634182751
vn -0.787675679 -0.0444987044 0.614481091
vn -0.852586448 -0.0509992577 0.520091832
vn -0.842356563 -0.0445977673 0.537072361
vn -0.993288875 -0.0443995185 0.106798805
vn -0.983463883 -0.138494954 0.116695717
vn -0.696828485 -0.711929202 0.0871034861
vn -0.990782559 -0.0887984559 0.102298208
vn -0.991013527 -0.0331004709 0.129601792
vn -0.989931166 0.0587018393 0.128804073
vn -0.988692999 0.0680995136 0.133599088
vn -0.983632147 0.120903946 0.133604392
vn -0.992084742 0.121398136 0.0320995227
vn -0.992096782 0.121299617 0.0320999138
vn -0.613118052 0.0839023888 0.785523295
vn -0.611401916 0.0835001767 0.786902547
vn -0.766517997 0.101102307 0.634214938
vn -0.764865577 0.100695394 0.636271417
vn -0.84588182 0.109597594 0.521988869
vn -0.825315058 -0.298205554 0.479508758
vn -0.825136602 -0.29771328 0.480121315
vn -0.860401332 -0.174800336 0.478700787
vn -0.842313528 -0.146102414 0.518808424
vn -0.731714189 -0.286205649 0.618611991
vn -0.733525872 -0.28801024 0.615621686
vn -0.760811687 -0.205703244 0.61550945
vn -0.725814164 -0.135002732 0.674513221
vn -0.766328633 -0.103703953 0.634023726
vn -0.429304659 0.0475004129 0.901909888
vn -0.614209712 0.0606008768 0.786812603
vn -0.613690019 0.0609989278 0.787187338
vn -0.768213332 0.0713011697 0.636211097
vn -0.767878294 0.0715979114 0.636582077
vn -0.478608578 -0.220404088 0.849915385
vn -0.576805472 -0.27160272 0.770407379
vn -0.607291758 -0.244596794 0.755889893
vn -0.588201463 -0.223900706 0.777102113
vn -0.608628035 -0.162507594 0.776635885
vn -0.602906704 -0.154501796 0.782708764
vn -0.619610608 -0.0771014243 0.781113446
vn -0.613901138 -0.0708002374 0.786201537
vn -0.889941216 -0.0482022874 0.453521043
vn -0.901695609 -0.063399747 0.427697986
vn -0.904010534 0.00209997362 0.427505076
vn -0.854331315 0.00320005557 0.519719064
vn -0.853562891 0.00359978154 0.520977437
vn -0.773577273 0.00509977574 0.633681476
vn -0.772992074 0.00529987039 0.634393573
vn -0.618695438 0.00759985112 0.785594344
vn -0.618080974 0.00779966731 0.78607589
vn -0.455692559 0.00959973875 0.890085578
vn -0.426875025 0.0171988886 0.904147208
vn -0.876575589 -0.294691861 0.380489409
vn -0.868730366 -0.329911619 0.369412899
vn -0.913600326 -0.169500098 0.369600117
vn -0.896591783 -0.117098995 0.427096128
vn -0.9042629 0.0441981405 0.424682647
vn -0.898796797 0.0525997691 0.435198516
vn -0.893150806 0.113593705 0.435176104
vn -0.954107106 0.119700879 0.274502099
vn -0.955210388 0.110301174 0.274603009
vn -0.984957039 0.112695083 0.130994305
vn -0.988822937 0.0710016415 0.131103069
vn -0.996848345 0.071096316 0.0351981856
vn -0.999630749 0.00200005854 0.0271008369
vn -0.995520771 -0.0666014031 0.0671014041
vn -0.989346862 -0.0659031421 0.129806146
vn -0.991537154 -0.00220009824 0.129804879
vn -0.962124944 -0.00100005849 0.272607088
vn -0.959648073 0.0713035539 0.272013694
vn -0.900285304 0.0683988407 0.429893017
vn -0.896868467 0.106496215 0.42928496
vn -0.847788215 0.101698533 0.520492792
vn -0.846773505 0.10199675 0.52208364
vn -0.76817894 0.0940973535 0.633282721
vn -0.767308354 0.094300963 0.634306967
vn -0.614620864 0.0783025771 0.784926772
vn -0.613669693 0.0783960521 0.78566134
vn -0.440684348 0.059797775 0.895668268
vn -0.424777359 0.0622965805 0.903151989
vn -0.836623669 -0.505214334 0.211705953
vn -0.857875407 -0.465886712 0.216793746
vn -0.964782417 -0.140797481 0.222195968
vn -0.959513247 -0.0764010921 0.27110377
vn -0.961772144 0.0502985157 0.269192219
vn -0.958706081 0.0609003566 0.277801782
vn -0.953268051 0.118795998 0.277790725
vn -0.98379004 0.121598773 0.131798685
vn -0.984938979 0.111904427 0.131805241
vn -0.993101537 0.112400182 0.0334000699
vn -0.993386507 0.110298507 0.0318995863
vn -0.972507834 -0.0633005425 0.224101812
vn -0.961174309 -0.0498987027 0.271392792
vn -0.962521315 -0.000200036782 0.271206051
vn -0.903206706 0.0014999602 0.429203242
vn -0.900998712 0.0689998567 0.428299427
vn -0.851636529 0.0663027912 0.519922376
vn -0.850817442 0.0667013153 0.52121073
vn -0.771495879 0.0620996021 0.633196652
vn -0.770762801 0.062296927 0.634069443
vn -0.617167413 0.0527971275 0.785058618
vn -0.616423011 0.0530018955 0.785629511
vn -0.450411677 0.0422009937 0.891823232
vn -0.415700883 0.0485999994 0.908202112
vn -0.999497592 -0.00349999592 0.0314999297
vn -0.991430402 -0.00290010474 0.130604029
vn -0.988873363 0.0715980604 0.130396515
vn -0.95931232 0.0705008879 0.273403555
vn -0.955568612 0.111196317 0.272991061
vn -0.895996392 0.105699532 0.431298316
vn -0.894979477 0.114397347 0.431190193
vn -0.843978047 0.108997114 0.525186419
vn -0.849779904 0.0452988744 0.525187671
vn -0.814267397 0.0745969564 0.575676978
vn -0.855012119 -0.000800073263 0.518607378
vn -0.771176577 0.00719970604 0.636580706
vn -0.774800718 0.0024999273 0.632200658
vn -0.616401613 0.014299945 0.787302196
vn -0.620687962 0.0106997006 0.78398484
vn -0.456097871 0.0203998014 0.889696002
vn -0.405107141 -0.0696013495 0.911616206
vn -0.994243383 -0.0346015021 -0.101404451
vn -0.928065598 -0.0621976554 -0.367186397
vn -0.992096782 0.121299624 -0.032099884
vn -0.997531831 0.0630020276 -0.0310009848
vn -0.999370575 -0.016699506 -0.0312990882
vn -0.99901104 -0.0373004116 -0.0242002737
vn -0.352507561 -0.935720205 -0.0129003907
vn -0.927575707 -0.371390283 -0.040898975
vn -0.999505103 0.00190001377 -0.0314001627
vn -0.999644995 -0.00360015919 -0.0264011919
vn -0.996517122 0.0755013078 -0.035400603
vn -0.996975839 0.0709982961 -0.0315992311
vn -0.993410051 0.110201135 -0.0315003097
vn -0.993125916 0.112302952 -0.0330008492
vn -0.992121458 0.12120264 -0.0317006744
vn -0.992133558 0.121104106 -0.0317010619
vn -0.998152375 -0.0518975295 -0.0315985046
vn -0.997673929 -0.0591984577 -0.0337991267
vn -0.996695817 -0.0778996795 -0.0229999144
vn -0.972374141 -0.062898308 -0.224794075
vn -0.982629716 -0.0661019906 -0.173405275
vn -0.990071476 -0.054198429 -0.12969628
vn -0.993262351 -0.0681974143 -0.0936964601
vn -0.995785415 -0.0683989972 -0.0610991195
vn -0.446209192 -0.0194002949 -0.894718528
vn -0.392688513 -0.0190993343 -0.919473231
vn -0.457709908 0.0396009684 -0.888219297
vn -0.43001309 0.0299010202 -0.902327538
vn -0.451478511 0.00659979321 -0.89225769
vn -0.464590073 0.00889991596 -0.885481238
vn -0.43741852 -0.0060001472 -0.899238169
vn -0.4382025 0.0564004406 -0.897105217
vn -0.426192701 0.0528992079 -0.903084636
vn -0.442904085 0.0436005145 -0.895508409
vn -0.426818728 0.0189009383 -0.904139757
vn -0.442290545 0.0351993591 -0.896180987
vn -0.4275949 0.0441995859 -0.902889311
vn -0.431604415 0.0578007065 -0.900209367
vn -0.412108719 -0.0145001989 -0.911019385
vn -0.479105324 -0.0521004833 -0.876209915
vn -0.613093078 -0.0785990283 -0.786091208
vn -0.542785525 -0.259492993 -0.798778832
vn -0.434912503 -0.194005519 -0.879325449
vn -0.426705509 -0.168202087 -0.888611615
vn -0.400209963 -0.167304069 -0.901022553
vn -0.427509755 -0.15270339 -0.891020358
vn -0.460507482 -0.238503784 -0.855014026
vn -0.438886225 -0.216893137 -0.87197274
vn -0.415005118 -0.202002421 -0.887111068
vn -0.408302605 -0.2038012 -0.889805734
vn -0.523917794 -0.295610011 -0.79882735
vn -0.561714888 -0.227205947 -0.7955212
vn -0.645095825 -0.286898106 -0.708195567
vn -0.591117799 -0.216006458 -0.77712357
vn -0.735246003 -0.292918295 -0.61123836
vn -0.874014556 -0.270704478 -0.403506786
vn -0.863310933 -0.266603351 -0.42850551
vn -0.96770364 -0.177000672 -0.179500699
vn -0.881652057 -0.424276948 -0.206588835
vn -0.993488848 -0.100798875 -0.0530994236
vn -0.991857111 -0.0998956785 -0.0789966062
vn -0.675195396 -0.732395113 -0.0877995044
vn -0.977684379 -0.166197345 -0.128497973
vn -0.973382711 -0.163997099 -0.160097182
vn -0.995311797 0.0912010968 -0.0322003774
vn -0.997321904 0.0667014718 -0.0300006531
vn -0.989415467 0.0676010773 -0.12840201
vn -0.98768127 -0.0873983353 -0.129797578
vn -0.97195828 -0.0811965019 -0.220690563
vn -0.800700724 -0.560600519 -0.211200282
vn -0.944475174 -0.202594668 -0.258693248
vn -0.609818935 -0.159504876 -0.776324213
vn -0.667082667 -0.177695319 -0.723481297
vn -0.775512159 -0.15140231 -0.612909675
vn -0.838297307 -0.169799402 -0.518098414
vn -0.620904028 0.0113001699 -0.783805251
vn -0.616505921 0.00820017327 -0.78730768
vn -0.614418328 0.0583018325 -0.786823571
vn -0.613927841 0.0579027236 -0.787235737
vn -0.611715436 0.0810021535 -0.786920011
vn -0.418606341 0.0580009967 -0.906313896
vn -0.431183666 0.0614977852 -0.900165975
vn -0.85524565 -0.0547028631 -0.515327573
vn -0.852234721 -0.0563022383 -0.520121276
vn -0.854361296 0.00179998064 -0.519676507
vn -0.853612065 0.00140008202 -0.520907402
vn -0.851813912 0.0649011284 -0.519808531
vn -0.851039827 0.0645030811 -0.521124423
vn -0.848072112 0.100396775 -0.520282924
vn -0.847134709 0.099804163 -0.521921456
vn -0.84628576 0.107398272 -0.521791279
vn -0.539607644 -0.0368004255 -0.841112018
vn -0.617398083 -0.0294998195 -0.786097646
vn -0.618705571 0.00500013866 -0.785607159
vn -0.618092299 0.00490003359 -0.786090314
vn -0.617308795 0.0503008179 -0.785111308
vn -0.616590738 0.0500993468 -0.785688341
vn -0.614815414 0.0758020133 -0.785019875
vn -0.613931358 0.0755039528 -0.785740256
vn -0.613403738 0.0810005963 -0.785604894
vn -0.765183628 0.0987979695 -0.636186421
vn -0.768185318 0.0690987632 -0.636487901
vn -0.768397927 0.0693998858 -0.636198342
vn -0.77124548 0.00060011138 -0.636537611
vn -0.747918487 -0.0485011227 -0.662016392
vn -0.771919727 -0.0437010452 -0.634216249
vn -0.773583651 0.00310001057 -0.633686721
vn -0.772999704 0.00290007493 -0.634399831
vn -0.771630526 0.0601024628 -0.633225083
vn -0.77100575 0.0599005297 -0.634004772
vn -0.76848644 0.0921984687 -0.633188903
vn -0.767603159 0.0919004679 -0.634302676
vn -0.766915321 0.0987020656 -0.634112716
vn -0.844280958 0.107597657 -0.524988234
vn -0.847622931 0.0747020915 -0.525314271
vn -0.765302837 -0.323101193 -0.556702197
vn -0.746986866 -0.249395594 -0.616289258
vn -0.823675752 -0.300991118 -0.480585933
vn -0.864675164 -0.154795513 -0.477886349
vn -0.889905751 -0.162801012 -0.426102817
vn -0.904182255 0.0509990528 -0.424091727
vn -0.959445655 0.0495023914 -0.277513236
vn -0.953394353 0.118699335 -0.277398378
vn -0.954431415 0.118003927 -0.274109066
vn -0.955334544 0.110204034 -0.274209946
vn -0.955888629 0.109398738 -0.272596776
vn -0.959412456 0.0703009516 -0.273103565
vn -0.95983094 0.0696022809 -0.271808803
vn -0.962150931 -0.00120003126 -0.272514462
vn -0.962545514 -0.00200006273 -0.271112889
vn -0.960915446 -0.054100845 -0.271504402
vn -0.958023965 -0.0482011773 -0.282607079
vn -0.990041614 -0.0540022627 -0.130005479
vn -0.991533816 -0.00340010086 -0.129804447
vn -0.991430998 -0.00270006922 -0.130604103
vn -0.988991559 0.0704994202 -0.130098879
vn -0.988841832 0.071103029 -0.130905539
vn -0.985146999 0.111494035 -0.130592987
vn -0.984960675 0.112195551 -0.131394759
vn -0.983979285 0.120497487 -0.131397232
vn -0.983664095 0.121095613 -0.133195147
vn -0.98935461 0.0583973452 -0.133293897
vn -0.96136272 0.0598977208 -0.268689632
vn -0.952833891 -0.136804864 -0.270909697
vn -0.921162307 -0.126094818 -0.368185014
vn -0.894664705 -0.248290196 -0.371385396
vn -0.877845824 -0.312416315 -0.363019019
vn -0.441719949 -0.107904769 -0.890640318
vn -0.454702646 -0.117900595 -0.882805288
vn -0.600986898 -0.16289638 -0.782483101
vn -0.620233595 -0.0748039708 -0.780842423
vn -0.765979528 -0.105897106 -0.634083152
vn -0.774972439 0.00469990866 -0.631977618
vn -0.855009556 -0.00259996741 -0.518605828
vn -0.831182182 0.0435991362 -0.554288149
vn -0.899449408 0.0428024083 -0.434923947
vn -0.893388629 0.112798631 -0.434894502
vn -0.895387828 0.112298541 -0.430894226
vn -0.896227121 0.104903243 -0.431013107
vn -0.897250533 0.104305945 -0.42902422
vn -0.900398076 0.0674999207 -0.429799139
vn -0.901242077 0.0669031814 -0.428120017
vn -0.903246343 0.000600082043 -0.42912209
vn -0.904012561 5.09626794e-08 -0.427506
vn -0.902276218 -0.0529985577 -0.427888781
vn -0.895322204 -0.0472011268 -0.442911059
vn -0.112100929 -0.807006657 -0.579805017
vn -0.0734033361 -0.529323995 -0.845238626
vn -0.187396914 -0.521391332 -0.832486451
vn 0.050798472 -0.230392992 -0.971770942
vn -0.0352006815 -0.222404212 -0.974319041
vn 0.463688016 -0.880177379 -0.101397499
vn -0.0888040662 -0.943343222 -0.319714785
vn -0.0775000677 -0.807900667 -0.58420068
vn -0.0742996559 -0.973695576 -0.215399146
vn -0.0720982775 -0.975276887 0.208894938
vn -0.0814975426 -0.974170744 0.210593566
vn -0.0671007857 -0.822009742 0.565506518
vn -0.0936041251 -0.816836178 0.569225013
vn -0.0623017512 -0.549415588 0.833223403
vn -0.0904046521 -0.541628003 0.83574301
vn -0.0439987183 -0.252592802 0.966571927
vn 0.29350546 -0.205003932 0.93371743
vn -0.0175995901 -0.0305994116 0.999376893
vn -0.983166933 0.181293935 -0.0226992164
vn -0.978587687 0.19039762 0.0781990364
vn -0.977817059 0.206003606 0.03790069
vn -0.962207675 0.145001143 0.23050189
vn -0.946790516 0.148398489 0.285597205
vn -0.423099995 -0.154000118 0.892900109
vn -0.858737588 0.101204388 0.502322078
vn -0.835308671 0.077400744 0.544305682
vn -0.76911211 0.0598008744 0.636310101
vn -0.730105221 0.0457002521 0.681804955
vn -0.740803361 0.0494001471 0.66990304
vn -0.608180165 0.00629970012 0.793774188
vn -0.621667802 0.00579960737 0.783259571
vn -0.672280431 0.0216992833 0.739978552
vn -0.444781274 0.0458979681 0.894462526
vn -0.712187052 0.10699816 -0.693787456
vn -0.586687803 0.0586988777 -0.807683229
vn -0.589700222 0.0625001267 -0.805200398
vn -0.44458276 0.0113996668 -0.895665407
vn -0.962994814 0.251498699 -0.0968994647
vn -0.938355088 0.159609437 -0.306618005
vn -0.942166984 0.222092286 -0.250991195
vn -0.841377437 0.161395743 -0.515786231
vn -0.820698917 0.127299905 -0.556999326
vn -0.750726402 0.123204425 -0.649022877
vn -0.708185017 0.105597869 -0.698085308
vn -0.988831639 0.149004787 -0.00310008205
vn -0.988413155 -0.0520007163 0.142601922
vn -0.99153775 -0.0403015502 0.123404704
vn -0.888986886 -0.326595247 0.320995271
vn -0.899809897 -0.313703507 0.303203344
vn -0.796235025 -0.456320167 0.397217482
vn -0.809132457 -0.441917866 0.387315571
vn -0.6758973 -0.569497883 0.467798144
vn -0.694674194 -0.558779299 0.452983171
vn -0.963935494 0.251409262 0.087303251
vn -0.967412233 0.24740316 0.0539007187
vn -0.957705021 0.154900864 -0.242501289
vn -0.958673477 0.15389578 -0.239293396
vn -0.840003431 0.0342002101 -0.541502237
vn -0.841547668 0.0337019786 -0.539130628
vn -0.741366267 -0.0290986001 -0.670469522
vn -0.743941247 -0.0285015032 -0.66763705
vn -0.623607218 -0.0894009545 -0.776609123
vn -0.625481784 -0.0895972997 -0.775077462
vn -0.970263243 0.235791072 0.0546979606
vn -0.958060026 0.264988959 0.109095491
vn -0.97199595 0.0618997775 -0.226699084
vn -0.976527691 0.0670019314 -0.204705819
vn -0.861313403 -0.13020198 -0.491107732
vn -0.872847915 -0.123806752 -0.472025961
vn -0.766687036 -0.223696172 -0.601789892
vn -0.779607415 -0.212801963 -0.589005649
vn -0.648514986 -0.304106951 -0.697816193
vn -0.666875422 -0.298488945 -0.682774961
vn -0.984377921 0.175896063 0.00779984705
vn -0.981237829 0.191507399 0.0223008841
vn -0.987114966 -0.0405005999 -0.154802352
vn -0.99134779 -0.024298707 -0.128993213
vn -0.887624264 -0.313708574 -0.337209284
vn -0.902181566 -0.296293944 -0.313493669
vn -0.794026315 -0.444914758 -0.414213866
vn -0.814254463 -0.42157644 -0.399077803
vn -0.677063823 -0.55387044 -0.484574258
vn -0.701801896 -0.539501488 -0.465201408
vn -0.989337564 0.145605549 -0.00320010446
vn -0.99440819 -0.0936007798 0.0489003994
vn -0.994905889 -0.0897005498 0.0460002683
vn -0.902876496 -0.414289296 0.114796981
vn -0.904737353 -0.410817027 0.112604611
vn -0.811490357 -0.566193342 0.144598216
vn -0.814959466 -0.561472178 0.143492818
vn -0.693521678 -0.699822009 0.171105281
vn -0.697397828 -0.696497977 0.168899402
vn -0.983282149 0.180896744 -0.0207996033
vn -0.982981563 0.182296619 -0.0226995554
vn -0.980829597 0.0527015813 0.187605694
vn -0.97889334 0.0316997655 0.201898664
vn -0.882041574 -0.137306541 0.450721264
vn -0.870702446 -0.158700526 0.465501338
vn -0.790711224 -0.233503401 0.565908134
vn -0.772937655 -0.247712195 0.584128559
vn -0.676021874 -0.313810289 0.666721582
vn -0.655788362 -0.33309418 0.677487969
vn -0.468805552 -0.422305137 0.775809228
vn -0.380206972 -0.0125001203 -0.924817085
vn -0.41901353 -0.173605517 -0.891228914
vn -0.416900396 -0.173700079 -0.892200947
vn -0.465099722 -0.403799713 -0.787799716
vn -0.442814022 -0.409912944 -0.797425449
vn -0.494892776 -0.678090155 -0.543392181
vn -0.464188218 -0.689982474 -0.555386007
vn -0.490790635 -0.847083926 -0.203896239
vn -0.70659411 -0.686994314 -0.169598669
vn -0.691310585 -0.700110793 -0.178702846
vn -0.820986986 -0.551991284 -0.145897761
vn -0.809185445 -0.5681898 -0.149597391
vn -0.909860015 -0.399682432 -0.111395158
vn -0.900847435 -0.416521966 -0.12240652
vn -0.995903313 -0.0796002746 -0.0429001562
vn -0.993908763 -0.0955008492 -0.0550005026
vn -0.995407581 0.0954007432 -0.00790004991
vn -0.99257338 0.121596754 0.00349992118
vn -0.234499976 -0.919699967 -0.31490013
vn -0.238612935 -0.964352369 -0.114406325
vn -0.233190402 -0.965960383 -0.111995526
vn -0.228106722 -0.950028062 0.213106185
vn -0.247100577 -0.946402311 0.208000392
vn -0.209098473 -0.790694475 0.575395763
vn -0.265787542 -0.784863412 0.559773743
vn -0.192402884 -0.523508072 0.8300125
vn -0.217612103 -0.0188009311 -0.975854337
vn 0.020799635 -0.22349599 -0.974483073
vn -0.176700771 -0.248401016 -0.95240432
vn -0.275096416 -0.484193683 -0.830589414
vn -0.195504785 -0.490511954 -0.849220932
vn -0.28389746 -0.768593132 -0.573295057
vn -0.216901273 -0.776504517 -0.591603637
vn -0.250712544 -0.913145721 -0.321416199
vn -0.829860568 -0.520975292 -0.199790582
vn -0.481181413 -0.87046653 -0.103696108
vn -0.474184871 -0.857572675 0.199293569
vn -0.48031354 -0.854524195 0.197705492
vn -0.459493011 -0.705789328 0.539191782
vn -0.482711196 -0.697116256 0.530112267
vn -0.443224549 -0.435624301 0.783443511
vn -0.267709136 -0.490116924 0.829528451
vn -0.171797141 -0.215896532 0.961184084
vn -0.203008398 -0.221309304 0.95383966
vn -0.150207683 0.0373017974 0.987950683
vn -0.218896598 0.0110997129 0.975685
vn -0.980470061 0.19659403 -0.00539981248
vn -0.957013428 0.289304078 -0.0207002573
vn -0.957037151 0.289211273 -0.0209007766
vn -0.953653991 0.299485564 -0.029198559
vn -0.957831442 0.285509408 -0.0323010311
vn -0.961136818 0.275210589 -0.0218008049
vn -0.971706092 0.235801503 -0.0136000589
vn -0.981510997 0.189302146 -0.0283002965
vn -0.981840611 0.187107757 -0.0313012786
vn -0.979002535 0.20270057 -0.0216000341
vn -0.978816211 0.203903392 0.0185003337
vn -0.98039639 0.19659929 0.0130999768
vn -0.97413063 0.225507125 -0.0147004379
vn -0.95920825 0.281502455 -0.0260001943
vn -0.961811841 0.273703396 0.0021000586
vn -0.713678837 0.290091366 0.63758117
vn -0.661011636 0.28750518 -0.693112135
vn -0.804911613 0.30130443 -0.511207402
vn -0.966378152 0.244494468 0.0795982331
vn -0.962774098 0.268592775 -0.030399153
vn -0.926807702 0.374003142 0.033900328
vn -0.952568114 0.303089857 -0.0273990501
vn -0.927012503 0.374805123 -0.0130001334
vn -0.943601489 0.329600573 -0.0313000157
vn -0.930470347 0.364088476 -0.0407986604
vn -0.94666487 0.319588155 -0.0410984419
vn -0.936843753 0.345316172 -0.05550256
vn -0.955766141 0.278090209 -0.0957965925
vn -0.949691057 0.273997456 -0.15169856
vn -0.955176771 0.292792916 -0.0436989069
vn -0.90360415 0.303601474 -0.30220139
vn -0.904794157 0.304798096 -0.29739809
vn -0.89156878 0.395586193 -0.220492259
vn -0.933922291 0.338608146 -0.114602715
vn -0.947184861 0.316394955 -0.0522991344
vn -0.407708913 0.159803614 -0.899019778
vn -0.565385878 0.27259329 -0.778480589
vn -0.278315157 0.317917466 -0.906349421
vn -0.0428989343 0.260293692 -0.964576185
vn -0.121500224 -0.0193999205 -0.992401958
vn -0.193003669 0.0738015249 -0.978418708
vn 0.050202921 0.487728506 -0.871550798
vn 0.207690045 0.933255434 -0.293085873
vn 0.1860957 0.846980572 -0.497988462
vn -0.0150003005 0.841717064 -0.539710701
vn -0.17969507 0.979173303 -0.0944973007
vn 0.212793067 0.958068967 -0.191893667
vn 0.201998293 0.971491873 0.124099083
vn -0.0268988181 0.978457093 0.204691142
vn 0.164201289 0.934407473 0.316102654
vn -0.0411983952 0.841567278 0.538579226
vn 0.0780954435 0.844350755 0.530069232
vn 0.147501141 0.898107111 0.414303422
vn -0.0182005353 0.589417279 0.807623863
vn 0.0525012352 0.710716724 0.701516628
vn 0.0547028966 0.715237916 0.696736991
vn 0.065200828 0.744609416 0.664308548
vn -0.0545982048 0.42238605 0.904770434
vn -0.088001132 0.305203855 0.948212385
vn 0.124105558 0.14750649 0.981244028
vn -0.557676971 0.275888562 0.782867849
vn -0.391198784 0.256299108 0.883897424
vn -0.705526114 0.295311064 -0.644223869
vn -0.757809281 0.312803954 -0.57260704
vn -0.703281462 0.523586333 -0.480887324
vn -0.879932404 0.413415313 -0.234108612
vn -0.860678971 0.483488292 -0.159596056
vn -0.856223583 0.488213569 -0.168904617
vn -0.846760571 0.526675522 -0.0748964548
vn -0.847138166 0.526123762 -0.07450331
vn -0.84827286 0.528983116 0.0246992782
vn -0.855614603 0.516908884 0.027000526
vn -0.866605461 0.485703111 0.114400797
vn -0.876620173 0.468510807 0.109702595
vn -0.898896515 0.395398498 0.188799366
vn -0.95456934 0.297190487 0.021799339
vn -0.971594989 0.236398816 -0.0108999172
vn -0.531990945 0.266295582 -0.803786337
vn -0.525306642 0.262503415 -0.809410334
vn -0.440923363 0.585431159 -0.680336058
vn -0.688508749 0.534006894 -0.490706235
vn -0.645816922 0.688918114 -0.329108566
vn -0.637478352 0.692376554 -0.337988466
vn -0.615911484 0.776914597 -0.130602375
vn -0.616914809 0.776218712 -0.130003035
vn -0.61900413 0.778905213 0.100700766
vn -0.631275058 0.768769741 0.102396064
vn -0.65569824 0.693898141 0.297599316
vn -0.672179103 0.680078924 0.292690992
vn -0.718215764 0.529011548 0.452010006
vn -0.902865767 0.393185139 0.173893467
vn -0.936209023 0.268802583 0.226402238
vn -0.908601999 0.302200645 0.288300693
vn -0.0720990375 0.588892162 0.804989457
vn -0.248200342 0.608300805 0.753901184
vn -0.327216834 0.347217828 0.878845394
vn -0.656915247 0.266706139 0.705216527
vn -0.203906238 0.0786022991 0.975830019
vn -0.682960629 0.288283318 0.671161354
vn -0.565699339 0.27949962 0.775799215
vn -0.478112608 0.598815799 0.64251703
vn -0.233005792 0.60531503 0.761119068
vn -0.153401062 0.843105853 0.515403688
vn -0.13090238 0.845115423 0.518309593
vn -0.079796575 0.976358235 0.200891525
vn -0.0628995672 0.977693379 0.200398758
vn -0.0505992025 0.980884671 -0.187896967
vn -0.048900608 0.980912268 -0.188202247
vn -0.0842987671 0.843487918 -0.530492246
vn -0.0978974253 0.844777942 -0.526086032
vn -0.155600354 0.666701674 -0.728901684
vn 0.352480382 0.540770054 -0.763757586
vn 0.110700086 0.679900706 -0.724900544
vn -0.813065469 0.29038763 0.50457871
vn -0.790120482 0.300007761 0.53451401
vn -0.727294266 0.528395832 0.437996656
vn -0.465093434 0.597191572 0.653490961
vn -0.398190379 0.806580544 0.436889559
vn -0.377017856 0.814738631 0.440521002
vn -0.337990463 0.926573932 0.164995462
vn -0.322094053 0.932482898 0.16349709
vn -0.315786451 0.933460057 -0.170092613
vn -0.314505845 0.933817387 -0.170503065
vn -0.345582664 0.814059377 -0.46677655
vn -0.357104301 0.813109875 -0.459705472
vn -0.420500427 0.591700792 -0.687800705
vn -0.436693281 0.590491116 -0.678689539
vn -0.224098504 0.509796798 -0.83059454
vn -0.0135000274 0.471801072 -0.88160181
vn 0.0448003449 0.27110225 -0.961507499
vn 0.324611336 0.845029593 0.424914986
vn 0.0267013796 0.171908781 0.984751046
vn -0.0735968053 0.179192126 0.981057584
vn 0.102900647 0.383702368 0.917705953
vn 0.196696356 0.676187396 0.709986866
vn 0.152201682 0.546805978 0.823309243
vn 0.13789472 0.553478777 0.821368754
vn 0.086802423 0.375310391 0.922825933
vn 0.456281602 0.709171474 0.537478507
vn 0.449688047 0.712081075 0.539185822
vn 0.205686852 0.707654774 0.675956905
vn 0.199301839 0.680206239 0.705406606
vn 0.197612226 0.677641928 0.708343923
vn 0.196098566 0.67329514 0.712894917
vn 0.256410897 0.911138833 0.322613895
vn 0.630873263 0.760267794 0.154893532
vn 0.56240958 0.815613985 0.135902449
vn 0.279800594 0.955802143 -0.0903000906
vn 0.413201034 0.894402385 -0.17120035
vn 0.292900115 0.910400391 -0.292200029
vn 0.451310128 0.813718438 -0.366308153
vn 0.209803417 0.841113865 -0.498508066
vn 0.522678435 0.605175138 -0.600475192
vn 0.0792016312 0.687014282 -0.722314835
vn 0.0465007275 0.0663011596 -0.996715665
vn 0.297002286 -0.0765004903 -0.951807499
vn -0.023599837 0.290798157 -0.956493437
vn 0.476312071 0.299707741 -0.826620996
vn 0.400106281 0.36230585 -0.841813266
vn 0.00150003971 -0.04630135 0.99892658
vn 0.330004543 -0.116901733 0.93671298
vn 0.0290991031 -0.268391877 0.9628703
vn 0.0856962055 -0.556875587 0.82616353
vn 0.0821030214 -0.557020664 0.8264305
vn 0.162204534 -0.815122962 0.556115508
vn 0.146101236 -0.816807091 0.558104634
vn 0.222799793 -0.952699244 0.206699714
vn 0.182103723 -0.960019708 0.212604254
vn 0.248198986 -0.947796226 -0.200199351
vn 0.184098423 -0.964191854 -0.190898508
vn 0.22969307 -0.804675817 -0.547483683
vn 0.146804139 -0.829923511 -0.538215399
vn 0.184896588 -0.540789902 -0.820585012
vn 0.0756002888 -0.576202214 -0.813803315
vn 0.114501379 -0.259203047 -0.959011734
vn 0.0796981975 -0.275893658 -0.95787847
vn 0.0487984866 -0.0476984084 -0.99766916
vn 0.046900779 -0.048600696 -0.997716665
vn -0.867319226 -0.360508084 0.343207598
vn -0.977495968 -0.153599367 -0.144599438
vn -0.94893378 -0.29731065 -0.105503812
vn -0.959557652 -0.274187922 -0.0637972206
vn -0.945196509 -0.322998852 -0.0476998687
vn -0.962666273 -0.27069056 0.000599946827
vn -0.936825693 -0.34970963 -0.00780025637
vn -0.963130772 -0.264308453 0.0502015837
vn -0.950893342 -0.302997887 0.0631995201
vn -0.973281503 -0.212496012 0.086998336
vn -0.974078655 -0.20979543 0.0845981315
vn -0.985098004 -0.130099759 0.112499766
vn -0.980436385 -0.142005295 0.136305049
vn -0.939648271 -0.16170837 0.30151549
vn -0.890027225 -0.190905929 0.41401273
vn -0.836000502 -0.170400187 0.521600366
vn -0.64571023 -0.218303576 0.731711686
vn -0.295691907 -0.069198221 0.952773988
vn -0.484102279 -0.131300732 0.865104198
vn -0.571018577 -0.198706582 0.796526074
vn 0.0362985842 -0.648474753 -0.760370553
vn 0.0830966011 -0.831366062 -0.549477696
vn 0.0715958551 -0.834151864 -0.546868563
vn 0.121701367 -0.971711099 -0.202402428
vn 0.088799566 -0.976795375 -0.194899201
vn 0.120397754 -0.971582055 0.203796118
vn 0.065603219 -0.974647999 0.213910416
vn 0.0774007514 -0.829508245 0.553105295
vn 0.00630012527 -0.827716649 0.561111093
vn 0.0120004751 -0.567722678 0.823132634
vn -0.0516989455 -0.0612986386 -0.996779799
vn -0.0697006285 -0.0700005144 -0.995109022
vn -0.270504028 -0.0680009052 -0.960314393
vn -0.396995008 -0.114198461 -0.910688639
vn -0.45468244 -0.100496024 -0.884965956
vn -0.837629378 -0.191106662 -0.511717975
vn -0.873569071 -0.205292702 -0.441284478
vn -0.939911962 -0.16750212 -0.297503859
vn -0.980451941 -0.158492237 -0.116594322
vn -0.636415303 -0.221305281 -0.738917887
vn -0.808423221 -0.132403746 -0.573516488
vn -0.658622324 -0.291009814 -0.693923652
vn -0.374296874 -0.301597446 -0.876892865
vn -0.562279999 -0.198493049 0.802771509
vn -0.687708199 -0.200302482 0.697808385
vn -0.650393248 -0.487295061 0.582693994
vn -0.859225035 -0.371810943 0.35141024
vn -0.838280082 -0.497688293 0.22269468
vn -0.829873443 -0.504883826 0.237492353
vn -0.817061245 -0.57187295 0.0732964575
vn -0.811367989 -0.579077244 0.0796967968
vn -0.80848527 -0.579889536 -0.10039825
vn -0.810467362 -0.576976836 -0.101196006
vn -0.817909181 -0.515005827 -0.256502956
vn -0.826018751 -0.502911448 -0.254505873
vn -0.068200253 -0.0541003309 0.996203899
vn -0.11370033 -0.0747003406 0.990702987
vn -0.0893038362 -0.272011846 0.958141267
vn -0.404287845 -0.291091412 0.867074013
vn -0.361188471 -0.554282486 0.749876022
vn -0.637270331 -0.496277004 0.589572549
vn -0.602386653 -0.697784603 0.387591392
vn -0.588204205 -0.702405214 0.400802851
vn -0.566107273 -0.81251061 0.139101699
vn -0.557425022 -0.817536831 0.144606411
vn -0.551987886 -0.819882035 -0.151996776
vn -0.554708421 -0.817912459 -0.152702436
vn -0.56771934 -0.715224385 -0.407613993
vn -0.580215514 -0.705818892 -0.406410992
vn -0.0383997262 -0.281497896 -0.958793342
vn -0.0363009013 -0.280306846 -0.959223986
vn -0.366576195 -0.305380106 -0.878843069
vn -0.323717803 -0.569131315 -0.755841732
vn -0.623622894 -0.505818546 -0.59602201
vn -0.609514058 -0.505611658 -0.610614181
vn -0.85070467 -0.37670207 -0.366602093
vn -0.842784822 -0.3781932 -0.382993221
vn -0.958705187 -0.240501329 -0.151800871
vn -0.966927052 -0.231706515 -0.106603034
vn 0.017200049 -0.568501532 -0.822502494
vn 0.419992328 -0.387192875 -0.820785224
vn -0.583577156 -0.458882034 -0.66997391
vn -0.29780516 -0.649611294 -0.699512303
vn -0.265388191 -0.819963574 -0.507177651
vn -0.251507998 -0.824426234 -0.507016301
vn -0.23359789 -0.954591453 -0.184898466
vn -0.230891883 -0.955366492 -0.184293658
vn -0.239091814 -0.951967597 0.191293374
vn -0.24890621 -0.950223863 0.187404573
vn -0.280293345 -0.811280906 0.513087809
vn -0.297193617 -0.81078279 0.504289091
vn -0.344511211 -0.559518337 0.753824592
vn -0.0754985958 -0.560089767 0.824984729
vn -0.0623999462 -0.279899925 0.957999289
vn -0.998346686 -0.0509023853 -0.0267012566
vn -0.991578698 -0.104497761 -0.0764983818
vn -0.988674283 -0.148396149 -0.0223994348
vn -0.988108695 -0.150701344 -0.0305002909
vn -0.991398811 -0.129399866 -0.0195999928
vn -0.988475382 -0.151196241 -0.00749983219
vn -0.988488793 -0.151098296 -0.00769993197
vn -0.992932498 -0.103203401 0.0586019158
vn -0.997635245 -0.0656023249 -0.0205007326
vn -0.998697877 -0.0507998988 0.0046999841
vn -0.998523533 -0.053501267 -0.00940022897
vn -0.991009593 -0.133501306 -0.00880010147
vn -0.996906161 -0.0780004859 -0.00970007014
vn -0.998336732 -0.0519019105 -0.0251009334
vn -0.310698181 0.489797294 -0.814595282
vn -0.0492999814 0.896299779 0.440700024
vn -0.157997087 0.47989127 -0.862984061
vn -0.280901462 0.12000075 -0.952205062
vn -0.99237299 -0.0529985763 0.111296982
vn -0.952964544 -0.047798194 -0.299288869
vn -0.969896436 0.242799133 -0.018699903
vn -0.988690197 0.110498928 -0.101398997
vn -0.969062567 0.213291809 -0.124195196
vn -0.99066931 0.0283991378 -0.133295894
vn -0.983220518 0.0743015781 -0.166603476
vn -0.982817829 -0.0434007719 -0.17940326
vn -0.990544677 -0.0698031411 -0.118105352
vn -0.667471051 0.0482979976 -0.743067801
vn -0.635979593 0.0452986434 -0.770375431
vn -0.669705451 0.364703059 -0.646905243
vn -0.288589597 0.1202958 -0.949865878
vn 0.0299991053 0.156195492 -0.987270653
vn -0.076900363 0.161300912 -0.983904839
vn -0.071798943 0.634490848 -0.769588649
vn -0.0392004251 0.800008833 -0.598706365
vn -0.44880721 0.753512204 -0.480407685
vn -0.0733957887 0.723358691 -0.68656069
vn -0.0427993275 0.972884715 0.227296576
vn -0.516671062 0.816454351 0.257785678
vn -0.0255004782 0.994518757 0.101402044
vn -0.021199042 0.97205621 -0.23378934
vn -0.497909546 0.858216524 -0.124702297
vn -0.0389986299 0.933867335 -0.355487436
vn -0.142093614 0.821463168 0.55227536
vn -0.308206171 0.771415412 0.556711316
vn -0.0898005441 0.722604334 0.685404241
vn -0.0899983719 0.53289026 0.841384947
vn -0.152908713 0.536630511 0.829847455
vn -0.312310487 0.1308043 0.940931797
vn -0.677618861 0.0617016368 0.732820392
vn -0.858018637 0.0105002904 -0.513511181
vn -0.834104598 0.0019000764 -0.551603079
vn -0.858815849 0.239204511 -0.453008413
vn -0.84603858 0.242411152 -0.474821657
vn -0.862087071 0.401194066 -0.309595317
vn -0.848913312 0.41220656 -0.330805153
vn -0.854456067 0.012499297 0.519373357
vn -0.847890496 0.0199997146 0.529794097
vn -0.867125392 0.241707042 0.435512841
vn -0.852926791 0.42601335 0.301709533
vn -0.864383638 0.405092299 0.297894448
vn -0.854118466 0.262605667 0.448909819
vn -0.680422246 0.376812279 0.628520608
vn -0.656139016 0.0715041757 0.751244843
vn -0.591723263 0.0842032284 0.801731586
vn -0.47551319 0.855223894 -0.206105649
vn -0.477610916 0.857019603 0.19340454
vn -0.485976875 0.852959454 0.19049108
vn -0.479810327 0.711615384 0.513211191
vn -0.663614571 0.730916023 0.159303591
vn -0.654105842 0.611505508 0.445204109
vn -0.593191445 0.641290784 0.486693114
vn -0.582233429 0.43942517 0.684039414
vn -0.517111838 0.451710314 0.727016747
vn -0.493128002 0.102905758 0.863849163
vn -0.504396975 0.103099287 0.857294917
vn -0.471396387 0.0911994204 -0.877193451
vn -0.471909255 0.0912019089 -0.876917362
vn -0.503590226 0.439691603 -0.743685603
vn -0.573395967 0.426197141 -0.699695051
vn -0.590533733 0.631136179 -0.502928734
vn -0.651613653 0.601312757 -0.462409705
vn -0.665887237 0.724286258 -0.178896502
vn -0.85978663 0.495792359 -0.122298062
vn -0.853084266 0.50519073 -0.130497545
vn -0.98851651 0.145302445 -0.0415006764
vn -0.965914428 0.238003582 0.101801567
vn -0.088002257 0.157903954 0.983525395
vn -0.067803219 0.156507313 0.985346854
vn -0.306986988 0.132394299 0.94246012
vn -0.328402311 0.504203498 0.798705816
vn -0.30059886 0.505298018 0.808897078
vn -0.305196494 0.772191048 0.557293713
vn -0.276880383 0.775745034 0.567059994
vn -0.276589543 0.937064648 0.213092089
vn -0.264410973 0.939839005 0.2163091
vn -0.261104733 0.938817084 -0.224603981
vn -0.276088685 0.934161782 -0.226090655
vn -0.269602209 0.772006571 -0.575604677
vn -0.342694908 0.486792892 -0.803488076
vn -0.285792172 0.498086512 -0.818677604
vn -0.298183262 0.762357354 -0.574367702
vn -0.475993723 0.703090847 -0.528293014
vn -0.487782627 0.848069906 -0.206992552
vn -0.655825436 0.733528614 -0.17840685
vn -0.657437742 0.735842347 0.162209421
vn -0.85523355 0.507719994 0.10390415
vn -0.859079838 0.500788331 0.105797596
vn -0.991367519 0.13009575 0.0162994824
vn -0.982367694 0.152894959 0.107596494
vn -0.991736412 0.0622022748 0.112204142
vn -0.985908091 0.0651005283 0.154101297
vn -0.987626433 -0.0321008824 0.153504133
vn -0.95353806 -0.0286011808 0.299912006
vn 0.0212999377 0.16419965 -0.986197293
vn -0.0201993398 0.166894674 -0.985767961
vn 0.0330988839 0.491283566 -0.870370686
vn 0.265799642 0.530099452 -0.805198967
vn 0.0413016789 0.636426032 -0.770231366
vn 0.0228011198 0.725035787 -0.688333809
vn 0.273603201 0.778909266 -0.564306498
vn 0.075698711 0.83748585 -0.541190684
vn 0.061202202 0.943934143 -0.324411601
vn 0.165792972 0.920861065 -0.352884918
vn -0.0238993671 0.993273854 -0.113296904
vn 0.086402379 0.985827208 -0.14380385
vn 0.0836961493 0.991154492 0.102995396
vn 0.367693752 0.90508461 0.213596493
vn 0.0524983592 0.946370482 0.318790197
vn 0.00119995372 -0.0432984494 0.999061584
vn -0.112395726 0.151394144 0.982062757
vn -0.13680239 0.15360257 0.978617191
vn -0.0118995635 0.360286713 0.932765901
vn -0.0484983958 0.542781949 0.838472426
vn 0.0345000289 0.555200398 0.831000865
vn 0.00569988787 0.724085748 0.689686537
vn 0.227995709 0.791185081 0.567489505
vn 0.146800727 0.816204131 0.558802903
vn 0.0578974597 0.894560814 0.44318074
vn -0.847021639 0.51131314 0.145303786
vn -0.950004458 0.311201483 0.0254001599
vn -0.874841094 0.475022376 0.0949045271
vn -0.782909989 0.619708002 0.054900784
vn -0.614375055 0.785768092 0.0714972019
vn -0.171595514 0.980974495 0.0907977596
vn -0.00440014573 0.98043257 0.196806654
vn -0.185495526 0.938477457 0.291293144
vn -0.187101468 0.810806453 0.55460453
vn 0.133597508 0.861883998 0.489191055
vn -0.220688447 0.740261257 0.635066867
vn -0.471610039 0.139402881 0.870718658
vn -0.249804392 0.16510281 0.954116881
vn -0.489121199 0.0616025738 0.870037854
vn -0.246104687 0.274305165 0.929617882
vn -0.248602897 0.513305902 0.821409702
vn -0.348874986 0.471466213 0.809942126
vn -0.223297089 0.647191584 0.728890657
vn -0.799865544 0.0976957381 0.59217453
vn -0.85103184 0.05410197 0.522319615
vn -0.861644983 0.268413991 0.430722594
vn -0.961338699 0.273311019 0.0336013883
vn -0.978246272 0.186808854 0.090204291
vn -0.970594823 0.205598906 0.125199378
vn -0.982873678 0.096497409 0.156995818
vn -0.96078372 0.00139994326 0.277295321
vn -0.973271668 -0.0402988605 0.226093456
vn -0.981308222 0.0982008204 0.165501416
vn -0.84926945 0.273190141 0.451783806
vn -0.855152071 0.429926217 0.289617747
vn -0.90847826 0.327692151 0.259393841
vn -0.846801341 0.472900778 0.243500456
vn -0.428275228 0.899948061 0.0816953853
vn -0.543894351 0.832291424 0.107099004
vn -0.542998433 0.804497719 0.24069944
vn -0.549579978 0.799170911 0.243491232
vn -0.549780965 0.736074626 0.394886494
vn -0.55960989 0.727312863 0.397307158
vn -0.559098244 0.635998011 0.531898439
vn -0.570383966 0.62548244 0.53238517
vn -0.561120689 0.44091621 0.700525939
vn -0.581691921 0.427694023 0.691890478
vn -0.569793165 0.13579829 0.81049037
vn -0.636213541 0.110102266 0.763616383
vn -0.636523485 0.10750407 -0.763728321
vn -0.96866709 0.211992845 -0.129395589
vn -0.902018368 0.430308819 -0.0346006565
vn -0.774793267 0.612894833 -0.155098587
vn -0.977393568 0.210798651 0.0162999202
vn -0.947985351 0.310295254 -0.0709988698
vn -0.988481164 0.0405992493 -0.145797223
vn -0.955916405 -0.0177002698 -0.293105066
vn -0.959927678 -0.0369010307 -0.277808011
vn -0.246890888 0.0854969695 -0.965264499
vn -0.39508751 0.146595478 -0.906871438
vn -0.274906039 0.251405686 -0.928020477
vn -0.428503007 0.90010643 -0.078700453
vn -0.171709403 0.981253803 -0.0875046775
vn 0.171098635 0.939392626 -0.297097534
vn -0.181298405 0.965291619 -0.18799825
vn -0.188993558 0.859570861 -0.474783778
vn -0.0315991342 0.822777689 -0.567484438
vn -0.221408039 0.740427136 -0.634623051
vn -0.22410053 0.647801757 -0.72810173
vn -0.328491122 0.499886632 -0.801378369
vn -0.249890104 0.486180902 -0.837366939
vn -0.248706475 0.328908712 -0.911023796
vn -0.80128777 0.0680990443 -0.594390988
vn -0.853476703 0.0655982792 -0.516985953
vn -0.862878501 0.26069358 -0.43298924
vn -0.973187506 0.117398523 -0.197797462
vn -0.981824756 0.148803785 -0.11780297
vn -0.84762764 0.510816753 -0.143504649
vn -0.847664535 0.472180337 -0.241889849
vn -0.889200389 0.381200254 -0.253000081
vn -0.858407795 0.398503721 -0.323002934
vn -0.851013124 0.276904345 -0.446206927
vn -0.614611685 0.78581506 -0.0689012185
vn -0.544407308 0.832311332 -0.104301326
vn -0.54369235 0.803488791 -0.242496535
vn -0.550210416 0.800715327 -0.236904427
vn -0.550681651 0.733075619 -0.399186641
vn -0.560623884 0.730631232 -0.389716566
vn -0.560201585 0.630801916 -0.536901534
vn -0.571603715 0.630004227 -0.525703371
vn -0.561805308 0.433804274 -0.704406679
vn -0.582657993 0.432068944 -0.68835032
vn -0.570472598 0.13309373 -0.810461223
vn -0.4720276 0.136508107 -0.870950997
vn -0.997904241 -0.0647002831 0.000999996671
vn -0.995371163 -0.0960972309 0.00129995111
vn -0.992130101 -0.12440379 0.0142004183
vn -0.991270065 -0.13019608 0.0207993593
vn -0.991945565 -0.126293093 0.00969945453
vn -0.999725819 -0.0192005001 0.0134003451
vn -0.999615371 -0.0144002261 0.0237003677
vn -0.999479592 -0.0311993696 0.00819983054
vn -0.99978441 -0.0191997029 -0.00789987948
vn -0.999069393 -0.0305990633 -0.0303990766
vn -0.999704063 -0.0170000698 -0.0174000748
vn -0.998491406 -0.0548995398 -0.000999998068
vn -0.996110439 -0.0881009325 -0.00150002644
vn -0.99191916 -0.126302466 -0.0120002488
vn -0.991206229 -0.13060084 -0.0213001501
vn -0.993005574 -0.117700681 -0.00930006802
vn -0.111901268 -0.808609366 0.577606499
vn -0.159600824 -0.660903573 0.733303726
vn -0.223801047 -0.339201719 0.913704276
vn -0.828199208 -0.138699934 0.542999506
vn 0.0876028016 -0.993831873 0.0680020675
vn -0.494989634 -0.849582314 0.182196081
vn -0.095801577 -0.978916287 0.180402875
vn -0.0320017822 -0.98685503 0.158408701
vn -0.332895786 -0.932588339 0.139498159
vn -0.437880069 -0.887459695 0.143793374
vn -0.50300163 -0.855502784 0.1229003
vn -0.735009134 -0.672708452 0.0850009769
vn -0.672904968 -0.728605509 0.127800867
vn -0.940695941 -0.338198572 -0.0266999286
vn -0.890871882 -0.448285908 0.0733976364
vn -0.792203367 -0.119700588 0.59840256
vn -0.57939887 -0.118399888 0.806398571
vn -0.621990502 -0.145497888 0.769388378
vn -0.458587617 -0.111897096 0.8815763
vn -0.247691289 -0.115196072 0.961966276
vn -0.232699201 -0.104699761 0.966896772
vn -0.810849249 -0.287217528 0.509930968
vn -0.800698698 -0.29499957 0.521399081
vn -0.553987563 -0.349992216 0.755383015
vn -0.538673043 -0.355882287 0.763661861
vn -0.285389692 -0.368186861 0.884868085
vn -0.185793638 -0.499983042 0.845871091
vn -0.781986475 -0.473191947 0.405692995
vn -0.767534852 -0.487922281 0.415718883
vn -0.509495497 -0.609994709 0.606894553
vn -0.488203108 -0.620504081 0.613703907
vn -0.172905713 -0.664922118 0.726624012
vn -0.116102271 -0.785315573 0.608111799
vn -0.0967036635 -0.88943392 0.446716875
vn -0.144598126 -0.876488805 0.459193975
vn -0.448680818 -0.805465639 0.387183398
vn -0.465013415 -0.796523154 0.38641113
vn -0.742325664 -0.618121505 0.258608937
vn -0.753610492 -0.605208516 0.256503552
vn -0.916024148 -0.383710176 0.116903044
vn -0.950308502 -0.276002526 0.144001275
vn -0.907210112 -0.372804195 0.194902167
vn -0.964336038 -0.187707067 0.186606959
vn -0.948987424 -0.220497146 0.225397021
vn -0.971342206 -0.0551024303 0.231210068
vn -0.954894781 -0.104899473 0.277798504
vn -0.228209481 -0.15030615 -0.96194005
vn -0.674912035 -0.731213093 -0.0991018787
vn -0.096099101 -0.982590854 -0.158998638
vn -0.332701296 -0.93220371 -0.142500654
vn 0.0875005722 -0.993806601 -0.068500571
vn -0.517574191 -0.833958507 -0.191390604
vn 0.00369998673 -0.980796576 -0.194999442
vn -0.132898793 -0.879692078 -0.456596047
vn -0.1487014 -0.875008285 -0.460704535
vn -0.111998722 -0.80889076 -0.577193558
vn -0.133000895 -0.664004385 -0.735805035
vn -0.157699168 -0.670996487 -0.724496305
vn -0.458696723 -0.112099104 -0.881493807
vn -0.16000472 -0.116403334 -0.98022902
vn -0.308692515 -0.366591066 -0.877678931
vn -0.272294939 -0.38189286 -0.883183718
vn -0.18599382 -0.500583291 -0.845472038
vn -0.625214815 -0.119702764 -0.771218419
vn -0.78736192 -0.154292479 -0.596871138
vn -0.992173553 -0.0236993562 -0.122596741
vn -0.950779498 -0.137897 -0.277494073
vn -0.92375803 -0.380382746 -0.0444980264
vn -0.912004828 -0.378402025 -0.158300892
vn -0.940690696 -0.328496784 -0.0847992003
vn -0.906173408 -0.304391056 -0.29359144
vn -0.96073997 -0.252310514 -0.115404844
vn -0.943701923 -0.209500417 -0.256000578
vn -0.829012752 -0.118601777 -0.546508491
vn -0.809582055 -0.290493518 -0.510088801
vn -0.800224006 -0.290008664 -0.524915874
vn -0.780057371 -0.478073895 -0.40367806
vn -0.766548216 -0.483567297 -0.42257157
vn -0.752135634 -0.608128846 -0.253912121
vn -0.741410077 -0.616208375 -0.265703708
vn -0.736414313 -0.668613076 -0.103202105
vn -0.893104613 -0.449602365 -0.0149001321
vn -0.579113424 -0.137203097 -0.803618789
vn -0.553108454 -0.352605343 -0.754811764
vn -0.538820326 -0.350313157 -0.766129017
vn -0.508076012 -0.613771021 -0.604271591
vn -0.487781405 -0.615176499 -0.61937654
vn -0.463895619 -0.798292577 -0.384096533
vn -0.448305428 -0.802409768 -0.393904924
vn -0.438103199 -0.886906505 -0.146501184
vn -0.502688468 -0.855280519 -0.12569724
vn 0.219588652 -0.973149776 -0.0689965561
vn 0.510619879 -0.837932765 -0.192707658
vn 0.260897905 -0.928992689 -0.262498051
vn 0.137700588 -0.866503716 -0.479802132
vn 0.467594594 -0.701291919 -0.538093925
vn 0.359706402 -0.726812959 -0.585110545
vn -0.159802899 -0.670912206 -0.724113286
vn 0.566103399 -0.334301978 -0.753504694
vn 0.311112285 -0.485119104 -0.81723243
vn -0.0498995334 -0.369496524 -0.927891552
vn 0.370710671 -0.0874024183 -0.924626768
vn 0.0125003932 -0.18830584 -0.982031047
vn 0.012599742 -0.186996311 0.982279956
vn 0.219596207 -0.973183334 0.0684987009
vn 0.595803618 -0.771404803 0.22350131
vn 0.345597535 -0.918593585 0.191698551
vn 0.111395642 -0.878865778 0.463881791
vn 0.475176603 -0.706865311 0.52397418
vn 0.329591334 -0.73748076 0.589484453
vn 0.387993753 -0.466492653 0.794887245
vn -0.08449696 -0.659576476 0.74687314
vn 0.244408965 -0.739327312 0.627422988
vn 0.553704381 -0.022600282 0.832406759
vn -0.124302305 -0.333506316 0.934517384
vn 0.180200249 -0.457800776 0.870601237
vn 0.0791020542 0.977125525 0.197405279
vn 0.0393985473 0.980664015 0.191693082
vn 0.105695643 0.828065932 0.550577462
vn -0.04429904 0.821982265 0.567787826
vn 0.0377009958 0.671417713 0.740119636
vn 0.0151994387 0.659475625 0.75157243
vn 0.0440994762 0.500193954 0.864789844
vn -0.0579992384 0.515393198 0.854988992
vn 0.00910022203 0.289206982 0.957223535
vn 0.498722732 0.119105339 0.858539283
vn -0.0168997701 0.191297323 0.981386781
vn 0.506376326 0.118294589 -0.85416019
vn -0.1798051 0.203005895 -0.962527394
vn -0.00300014531 0.00970059074 -0.999948561
vn 0.0916999355 0.270299971 -0.958399355
vn 0.00289988518 0.343186557 -0.939262867
vn -0.0857015029 0.555609941 -0.827014625
vn 0.37568301 0.46167928 -0.803563774
vn 0.0518007986 0.658710301 -0.750611603
vn -0.0297003239 0.77860862 -0.626806796
vn -0.300486386 0.789964437 -0.534475744
vn 0.0749964714 0.880658686 -0.467777908
vn 0.037800502 0.980213225 -0.194302499
vn 0.0792973936 0.978867948 -0.188493714
vn -0.645495832 -0.760595202 0.0694994703
vn -0.711219549 -0.684118867 0.161704376
vn -0.819536924 -0.553124964 0.149706692
vn -0.910299778 -0.391899973 0.133299947
vn -0.980966926 0.187193692 0.0515982918
vn -0.907521963 0.403609812 0.116202869
vn -0.851441324 0.476623148 0.218810692
vn -0.873106182 0.405202895 0.271102041
vn -0.903905451 0.386702359 0.182801157
vn -0.926540196 0.311513513 0.210909188
vn -0.946388125 0.299996287 0.119798556
vn -0.957070887 0.263392001 0.120996363
vn -0.973169625 0.22989285 0.00949973054
vn -0.977238774 -0.167406678 0.130305171
vn -0.594191611 0.250596404 0.76428932
vn -0.287993014 0.093297638 0.953077078
vn -0.200804561 0.115302511 0.972822249
vn -0.357213169 -0.142205372 0.923134148
vn -0.422289342 -0.126596913 0.897577405
vn -0.43489787 -0.29119873 0.852095902
vn -0.514012575 -0.437510848 0.737818062
vn -0.638018668 -0.734521627 0.231106699
vn -0.600379944 -0.664277971 0.445285112
vn -0.649489224 -0.600690186 0.466192275
vn -0.572801292 -0.576201439 0.583001375
vn -0.502496839 -0.452197284 0.736895323
vn -0.991190851 -0.0940991566 0.0931991339
vn -0.96148324 -0.042899292 0.271495283
vn -0.962439537 -0.0302012768 0.269811124
vn -0.89929378 0.0781994089 0.430297077
vn -0.901145101 0.0913943946 0.423774242
vn -0.805910707 0.253103346 0.535207212
vn -0.807784021 0.259494841 0.529289603
vn -0.740199745 0.380599827 0.554299951
vn -0.79147166 0.52898109 0.30618915
vn -0.883911967 -0.442706048 0.150702
vn -0.840313077 -0.367405802 0.398606241
vn -0.846032381 -0.354813665 0.397915244
vn -0.755502701 -0.195800796 0.625202239
vn -0.762495995 -0.18189913 0.620896757
vn -0.629782617 0.0464986302 0.775378644
vn -0.634264171 0.053596884 0.771256566
vn -0.520015955 0.25300771 0.815825224
vn -0.692278147 0.376088083 0.615880668
vn -0.980181754 -0.168296888 -0.104498096
vn -0.819080174 -0.553286672 -0.151596412
vn -0.645424068 -0.760628402 -0.0698027015
vn -0.743108332 -0.632007182 -0.21990256
vn -0.642423332 -0.747527182 -0.168806225
vn -0.599692762 -0.664892018 -0.445294797
vn -0.650705814 -0.598505378 -0.467304319
vn -0.572101295 -0.57740134 -0.582501411
vn -0.498392761 -0.448393434 -0.741989315
vn -0.51450634 -0.441805393 -0.734909117
vn -0.43399021 -0.29259336 -0.852081001
vn -0.417818308 -0.128205523 -0.899439514
vn -0.356005877 -0.143402264 -0.923415303
vn -0.572118998 0.289109737 -0.767525554
vn -0.716115415 0.334307313 -0.612713158
vn -0.966137767 0.253709942 -0.0470018126
vn -0.953836679 0.252109736 -0.163206264
vn -0.947396815 0.305199057 -0.0963996574
vn -0.90494287 0.309714735 -0.291813791
vn -0.916885316 0.373794109 -0.139997736
vn -0.825591385 0.425595611 -0.370496094
vn -0.877086401 0.446493149 -0.177097216
vn -0.909300447 0.399500251 -0.11650002
vn -0.791712821 0.530508697 -0.302904874
vn -0.726474583 0.402086079 -0.557280481
vn -0.808256209 0.257718027 -0.529436827
vn -0.804212868 0.255104184 -0.53680861
vn -0.902267635 0.0875969157 -0.422184914
vn -0.897405803 0.0794005767 -0.434002846
vn -0.963097036 -0.0331998691 -0.267099202
vn -0.960321784 -0.0427009426 -0.275606245
vn -0.99001193 -0.0905010849 -0.108101323
vn -0.98204124 0.187307894 -0.0226009302
vn -0.286390066 0.0921969339 -0.953667045
vn -0.1991072 0.115604296 -0.973135293
vn -0.534673691 0.229988828 -0.813160181
vn -0.633882821 0.0519986898 -0.771679282
vn -0.627332211 0.0485025868 -0.777239978
vn -0.762793422 -0.185398355 -0.619494736
vn -0.75282383 -0.194206089 -0.628919959
vn -0.84604156 -0.357017517 -0.395919532
vn -0.838482916 -0.366692513 -0.403091878
vn -0.88368082 -0.442690432 -0.152096778
vn -0.9099828 -0.392192602 -0.13459751
vn -0.416289479 -0.906377256 -0.0719982982
vn -0.0503011197 -0.845618904 -0.531412065
vn -0.109501131 -0.974410236 -0.19630219
vn -0.247999996 -0.939800084 -0.23510015
vn -0.495377272 -0.739566147 -0.455679238
vn -0.167203918 -0.79241854 -0.586613953
vn -0.517000675 -0.439900517 -0.734301031
vn 0.0219005533 -0.61191541 -0.790620148
vn -0.0123005956 -0.0833039284 -0.996448398
vn 0.197301164 -0.337801933 -0.92030561
vn -0.284098476 -0.191898882 -0.93939507
vn -0.124199398 -0.478797585 -0.869095922
vn -0.0497988015 -0.846479774 0.530087173
vn -0.497990787 -0.737986445 0.455391556
vn -0.212106153 -0.956727922 0.199205697
vn -0.0301991049 -0.975371122 0.218493432
vn -0.416390002 -0.906378448 0.0713981837
vn -0.0138002783 -0.0822017863 0.996520281
vn 0.351398677 -0.508498251 0.786097109
vn -0.370994896 0.00939976145 0.928587377
vn -0.122304603 -0.479218215 0.869132757
vn 0.025900688 -0.61201638 0.790421069
vn -0.518405378 -0.43990469 0.73330754
vn -0.167991266 -0.792358994 0.586469471
vn -0.20169425 0.278992206 -0.938873291
vn -0.132001773 0.270903796 -0.953512847
vn 0.106798925 0.160198525 -0.981290281
vn -0.468879312 0.438780814 -0.766566277
vn -0.614696085 0.638796031 -0.462696999
vn -0.642516434 0.584415078 -0.495612651
vn -0.745430231 0.606024683 -0.277611226
vn -0.704114974 0.574812353 -0.41690889
vn -0.707501411 0.571301281 -0.416000843
vn -0.712688446 0.565190911 -0.41549325
vn -0.478831321 0.43272844 -0.763850033
vn -0.469624728 0.446323663 -0.761740148
vn -0.264401674 0.403802693 -0.875805557
vn -0.436988652 0.444288611 -0.782079756
vn -0.563705087 0.498604655 -0.658505917
vn -0.639212728 0.607912302 -0.471009403
vn -0.83549571 0.430097878 -0.341998219
vn -0.734221995 0.603018165 -0.311909288
vn 0.11539875 0.0585994907 -0.991589367
vn 0.221802428 0.0749009475 -0.972210765
vn -0.283398777 0.159199446 -0.945696056
vn -0.0682997182 0.235399172 -0.969496071
vn -0.327491879 0.318992257 -0.889378011
vn -0.60269022 0.710888565 0.36249426
vn -0.544971704 0.725862324 0.41967833
vn -0.407702386 0.702604115 0.583203495
vn -0.37161395 0.678825498 0.633323908
vn -0.276693106 0.660183549 0.698282719
vn -0.0843999684 0.558499753 0.825199902
vn -0.184902534 0.564707756 0.804311216
vn -0.0717008635 0.594207227 0.80110991
vn 0.119297653 0.513289869 0.849883497
vn -0.762638211 0.605830371 0.22661145
vn -0.621285081 0.625485063 0.471988857
vn -0.689483464 0.607185483 0.394890666
vn -0.520020247 0.531020701 0.669026256
vn -0.500479221 0.529078007 0.685271621
vn -0.349607527 0.422509074 0.836218238
vn -0.233900398 0.383800596 0.893301725
vn -0.193203524 0.329105943 0.924317062
vn -0.12230216 0.275404781 0.95351696
vn -0.774767518 0.632173538 0.00959967356
vn -0.763070643 0.644975185 0.0415984802
vn -0.711403251 0.699003339 0.0728004277
vn -0.695004821 0.71410501 0.0838006735
vn -0.737120628 0.621117473 -0.266207427
vn -0.19029665 0.759386599 0.622189224
vn 0.236198902 0.628597081 0.740996659
vn 0.0758994669 0.741994739 0.666095436
vn -0.275704354 0.845113397 0.458007395
vn -0.443399578 0.837599277 0.319099814
vn -0.870199978 0.491300046 -0.0370999426
vn -0.661108196 0.748609364 0.0502007231
vn -0.64941442 0.760417044 0.00520020677
vn -0.629930317 0.769737184 -0.103404902
vn -0.607031167 0.791940749 -0.0659032911
vn -0.575282395 0.798375726 -0.177894503
vn -0.58498466 0.788979411 -0.187895015
vn -0.562621653 0.784330368 -0.261310011
vn -0.619077027 0.723773301 -0.304788649
vn -0.540401757 0.781502604 -0.311800957
vn -0.629899025 0.684499025 -0.366999388
vn -0.62429142 0.688390672 -0.369294882
vn -0.651903927 0.641403973 -0.404502451
vn -0.722599566 0.622099757 -0.301399797
vn -0.404286474 0.578580797 -0.708376288
vn -0.0524991713 0.418093562 -0.906885803
vn 0.214195132 0.322892785 -0.921879053
vn 0.285195678 0.184797332 -0.940485895
vn 0.247991338 0.497482777 -0.831271052
vn 0.328097463 0.772494197 -0.543695688
vn 0.391797364 0.603696108 -0.694295347
vn 0.337214172 0.505921483 -0.793933511
vn 0.420914471 0.907031298 -0.0112002781
vn 0.509501576 0.814902604 -0.276300788
vn 0.438713908 0.834326565 -0.333810508
vn 0.501428306 0.619835138 -0.603634119
vn 0.201490998 0.551075339 0.809764028
vn 0.0304014385 0.891742289 0.451521546
vn 0.168997139 0.774886906 0.609089851
vn 0.283891171 0.860073268 0.423886955
vn 0.245589048 0.924258888 0.292287111
vn 0.386601269 0.884603024 0.260801017
vn 0.425917238 0.904736698 -0.00680016819
vn -0.52298224 0.793073118 0.312289506
vn -0.436184645 0.870469451 0.228092119
vn -0.432230532 0.870761573 0.234416693
vn -0.33241412 0.941540122 0.0548024476
vn -0.322896034 0.944288492 0.0636993349
vn -0.273911297 0.951539338 -0.13980566
vn -0.265889466 0.954462349 -0.135294542
vn -0.263294905 0.908682585 -0.323993653
vn -0.260703027 0.909710646 -0.323203653
vn -0.293286502 0.824762225 -0.483477741
vn -0.296998799 0.823596835 -0.483198017
vn -0.364104122 0.70680815 -0.606506884
vn -0.371396184 0.70499295 -0.604193807
vn -0.435995162 0.610193431 -0.661492646
vn -0.63899976 0.590699852 -0.492699832
vn -0.26880917 0.778826535 0.566719472
vn -0.148106799 0.883540511 0.44432053
vn -0.142902136 0.881313145 0.450406879
vn 0.000299987383 0.979858875 0.199691743
vn 0.0115002105 0.978017986 0.208203956
vn 0.0893958732 0.99275434 -0.0802961886
vn 0.0984991863 0.992291927 -0.0751992688
vn 0.109799966 0.929499805 -0.352099806
vn 0.112403072 0.929525554 -0.351209521
vn 0.0679026619 0.805331707 -0.588923037
vn 0.0636017397 0.80532217 -0.589416027
vn -0.0346001461 0.632602811 -0.773703277
vn -0.0435003527 0.632905364 -0.77300638
vn -0.13960357 0.492012769 -0.859322131
vn -0.218897223 0.494793892 -0.84098947
vn -0.769051492 0.61636126 -0.169289276
vn -0.779279888 0.601484597 -0.175895408
vn -0.758811951 0.62300992 -0.189902946
vn -0.772383988 0.610687435 -0.174596325
vn -0.772429466 0.605823219 -0.19060722
vn -0.772580862 0.605885088 -0.189795241
vn -0.787829638 0.593322396 -0.165206149
vn -0.807431579 0.570122421 -0.151705891
vn -0.808571577 0.567480087 -0.155494466
vn -0.808536887 0.567525983 -0.155507028
vn -0.80349952 0.574799716 -0.15489985
vn -0.791785955 0.589389563 -0.160297096
vn -0.770921528 0.613517225 -0.171104714
vn -0.766902685 0.619002342 -0.169400543
vn -0.769569397 0.615575671 -0.169793203
vn -0.775371075 0.606977463 -0.174293444
vn -0.793007016 0.583805323 -0.174101487
vn -0.806417823 0.570012629 -0.157403424
vn -0.379395187 0.249396965 -0.890988708
vn -0.773407042 0.430503905 0.465304315
vn -0.716113865 0.56061101 -0.415808082
vn -0.813865066 0.532077312 -0.23348996
vn -0.858138621 0.444920123 -0.256211489
vn -0.854424059 0.487913847 -0.17860499
vn -0.879073322 0.42458719 -0.216693401
vn -0.87149024 0.471494794 -0.134898454
vn -0.8775208 0.459610969 -0.13680321
vn -0.874981225 0.476989836 -0.082998164
vn -0.872971535 0.480484366 -0.0839972049
vn -0.858598769 0.510799348 -0.0434998795
vn -0.858285427 0.511291444 -0.0438992046
vn -0.822781265 0.568287134 -0.00899972767
vn -0.826914072 0.562309623 0.00460014585
vn -0.305891871 0.019099379 0.951874793
vn -0.577274501 -0.637071908 0.510777414
vn -0.46309039 -0.378592283 0.801383436
vn -0.473380119 -0.369384646 0.799666524
vn -0.261395425 -0.00969994627 0.965183198
vn -0.371409953 0.0844021589 0.92462486
vn 0.0594027191 -0.129905835 -0.989745438
vn -0.552199483 0.28219986 -0.784499288
vn -0.830275118 0.511884749 0.220493495
vn -0.815714538 0.515309215 0.262804776
vn -0.914264143 0.361585855 0.182692885
vn -0.913474858 0.35939014 0.190794811
vn -0.965263784 0.251190573 0.0718973428
vn -0.965370178 0.250492275 0.0728977844
vn -0.980227113 0.182405084 -0.0767021105
vn -0.979022384 0.187304318 -0.0802018195
vn -0.95433259 0.166705742 -0.247908473
vn -0.951631665 0.178305969 -0.250208318
vn -0.89660728 0.210301772 -0.389703184
vn -0.894513607 0.222203463 -0.387905926
vn -0.81101054 0.307004094 -0.498006493
vn -0.812109947 0.516806424 -0.270903319
vn -0.772418261 0.577413797 -0.264506191
vn -0.670492172 0.338896155 -0.659992337
vn -0.690373242 0.457682401 -0.560278296
vn -0.812382936 0.308893621 -0.494589657
vn -0.715035856 0.0302016046 -0.698435128
vn -0.847538531 -0.104104675 -0.52042371
vn -0.845651329 -0.116207004 -0.520931661
vn -0.940624535 -0.172404483 -0.292407691
vn -0.939126253 -0.185005158 -0.289508164
vn -0.98786068 -0.155193835 -0.0067997491
vn -0.986932397 -0.161105305 -0.00310012139
vn -0.966898859 -0.0474999808 0.250699729
vn -0.96726495 -0.0463983528 0.249490991
vn -0.882623553 0.137203619 0.449612081
vn -0.88622427 0.141203836 0.441212147
vn -0.744392812 0.369796395 0.555994749
vn -0.671485066 0.329992622 0.663485348
vn -0.197093606 0.0701978505 -0.977868438
vn -0.212694928 0.152296498 -0.965177119
vn -0.371613085 -0.0421013758 -0.927432716
vn -0.372812927 -0.0379012115 -0.927132308
vn -0.538720071 -0.238808826 -0.807930231
vn -0.59207654 0.375085205 -0.713271677
vn -0.584796309 0.202898845 -0.785395145
vn -0.716964602 0.0321984962 -0.696365654
vn -0.536586344 -0.240393817 -0.808879554
vn -0.701587617 -0.404292852 -0.586789727
vn -0.696121633 -0.415712893 -0.585318387
vn -0.816828966 -0.493217528 -0.299210697
vn -0.810494542 -0.506096542 -0.294898093
vn -0.875509501 -0.478505254 0.0672006756
vn -0.871795535 -0.48469758 0.0709995851
vn -0.849409997 -0.344004154 0.400204748
vn -0.851018727 -0.342107594 0.3984088
vn -0.745193243 -0.104599141 0.658594072
vn -0.752659142 -0.099394694 0.65086478
vn -0.560628772 0.213610888 0.800041199
vn 0.00219998718 -0.108499259 -0.994094312
vn -0.128596216 -0.262692153 -0.956272066
vn -0.133399382 -0.261298716 -0.955995798
vn -0.317608029 -0.464211673 -0.826821029
vn -0.315594256 -0.46529147 -0.826985121
vn -0.49699071 -0.640287995 -0.585689127
vn -0.485486984 -0.647882581 -0.586984396
vn -0.616596937 -0.73949641 -0.270098805
vn -0.603017151 -0.749921381 -0.272007883
vn -0.671105504 -0.729606092 0.131501004
vn -0.6647349 -0.735538781 0.130806789
vn -0.641300261 -0.592600346 0.487400204
vn -0.699009597 -0.53250742 0.477306545
vn -0.586672068 -0.277586877 0.760763764
vn -0.595215797 -0.268107235 0.757520199
vn -0.379916012 0.0889036506 0.920738935
vn -0.517802119 0.194900736 0.833003521
vn 0.134494394 -0.19339186 -0.971859694
vn 0.358985931 -0.599476516 -0.715372026
vn 0.0411003679 -0.261202276 -0.964408875
vn -0.199801445 -0.570804119 -0.796405911
vn -0.11289721 -0.613884866 -0.781280935
vn -0.519467354 -0.6747576 -0.524267137
vn -0.00650006067 -0.894408405 -0.447204351
vn -0.783189297 -0.578592122 -0.227696985
vn -0.487500995 -0.837101758 -0.24820064
vn -0.542195857 -0.839493632 0.0356996283
vn -0.758784294 -0.641986847 0.10999766
vn -0.545791984 -0.803588331 0.237396449
vn -0.516983926 -0.678579032 0.521783769
vn -0.860330284 -0.38891381 0.329511553
vn -0.499384642 -0.619781017 0.605381429
vn -0.406291157 -0.418091029 0.812482357
vn -0.707610846 -0.23090364 0.667810321
vn -0.354881734 -0.296484888 0.886654377
vn -0.206492558 -0.0500983186 0.977164924
vn -0.575694501 0.132898659 0.806792438
vn -0.128905311 0.0798031762 0.988440752
vn 0.184295937 0.469689578 0.863381147
vn -0.0316004679 0.212203056 0.976714611
vn 0.255797744 0.083799161 0.963091612
vn 0.101199143 0.376696765 0.920792341
vn 0.173694387 0.472084671 0.864272296
vn 0.850978613 0.409389764 -0.328991681
vn 0.52718854 0.426290721 0.735084116
vn 0.297398448 0.582596958 0.756396174
vn 0.575270951 0.774261057 -0.263786644
vn 0.883813024 0.451706678 0.121801861
vn 0.676122308 0.736724317 -0.00980023667
vn 0.575120747 0.755527318 0.313711435
vn 0.748279393 0.512685895 0.42098853
vn 0.515991926 0.700789034 0.492592454
vn 0.400309592 0.69871676 0.592914283
vn 0.798801303 0.0477001555 -0.599700987
vn 0.663626492 0.390215665 -0.638225436
vn 0.594093144 0.617092967 -0.515994012
vn 0.738621831 0.179005384 -0.649919271
vn 0.202203482 0.263904721 -0.943116307
vn 0.429000437 0.15330027 -0.890201032
vn 0.250412196 -0.0519024171 -0.966747224
vn 0.268294215 -0.059798602 -0.961479366
vn -0.235506818 -0.00930015463 -0.971828282
vn -0.817904711 0.572003365 -0.062000297
vn -0.754672587 0.407285303 -0.514381289
vn -0.92088002 0.0883981362 -0.379691839
vn -0.830805659 0.197601438 -0.520303547
vn -0.873588026 -0.0479992889 -0.484293401
vn -0.842203319 -0.00789996795 -0.539102197
vn -0.838190258 -0.138898343 -0.527393997
vn -0.856030643 -0.164305821 -0.49011761
vn -0.600530505 -0.1097055 -0.792040408
vn -0.108095631 0.158893704 -0.981360495
vn -0.106903017 0.130803809 -0.98562789
vn -0.29039675 0.0572994798 -0.955189407
vn -0.239288732 0.0621971935 -0.968954504
vn -0.107197672 0.0479990803 -0.993078589
vn -0.171501383 0.182101592 -0.968207955
vn -0.306289613 0.203793198 -0.929868519
vn -0.149100304 0.22620061 -0.962602079
vn -0.332093358 0.674186647 -0.659686744
vn -0.35799545 0.661091745 -0.659391582
vn -0.133502945 0.563412547 -0.815318048
vn -0.330504239 0.560007334 -0.759709775
vn -0.0689981133 0.446387947 -0.892175674
vn -0.185092524 0.451881886 -0.87266475
vn -0.198204428 0.400909096 -0.894420028
vn -0.405594438 0.411694527 -0.816088855
vn -0.240306094 0.352009088 -0.904623032
vn -0.132502049 0.271004349 -0.953414917
vn -0.65418154 0.157395661 -0.739779115
vn -0.641208708 0.143602058 -0.753810346
vn -0.635813355 0.0187004879 -0.77161634
vn -0.5758183 -0.00920019671 -0.817526102
vn -0.643404603 -0.0901005566 -0.760205567
vn -0.643573761 -0.0891962796 -0.760169148
vn -0.80900526 -0.193601206 -0.555003643
vn -0.587924361 0.473119766 -0.656127155
vn -0.653804541 0.51170367 -0.557403862
vn -0.626766741 0.559170425 -0.542671204
vn -0.625726044 0.595424891 -0.503920972
vn -0.613979816 0.613379896 -0.496783674
vn -0.30889219 0.391290247 -0.866878152
vn -0.400511444 0.449212968 -0.798622906
vn -0.371698439 0.498598069 -0.78309679
vn -0.379197985 0.538897276 -0.752196014
vn -0.360920578 0.566732466 -0.74064219
vn -0.411107421 0.601911008 -0.684612334
vn -0.371300578 0.659501195 -0.653600991
vn -0.611983061 0.674781442 -0.41248855
vn -0.611805022 0.674505591 -0.413203329
vn -0.628975391 0.659474313 -0.411683887
vn -0.646700084 0.633300185 -0.425100029
vn -0.718077421 0.616580665 -0.322789818
vn -0.779390395 0.560293257 -0.280396521
vn -0.805845797 0.540063798 -0.242783651
vn -0.738106132 0.505004346 -0.447403729
vn -0.938420534 0.253905624 -0.234305143
vn -0.651708782 0.310704291 -0.691909313
vn -0.636093497 0.286897182 -0.716292679
vn -0.353007495 0.277506053 -0.893519044
vn -0.280307293 0.180304825 -0.942824662
vn -0.325714141 0.203808963 -0.923240185
vn -0.319091588 0.0423990004 -0.946775198
vn -0.351903796 0.0459006093 -0.934910178
vn -0.337810665 -0.0126002869 -0.941129863
vn -0.29060632 -0.0316005722 -0.956320882
vn -0.431019276 -0.345115364 -0.833737433
vn -0.804221511 -0.210205585 -0.555914938
vn -0.779673398 -0.23509194 -0.580380261
vn -0.837290704 -0.235597357 -0.493394613
vn -0.799580574 -0.252093822 -0.545086861
vn -0.813502789 -0.261600852 -0.519401908
vn -0.796626568 -0.276709199 -0.537418067
vn -0.786132038 -0.308912575 -0.535321951
vn -0.763312697 -0.303104997 -0.570509613
vn -0.82041347 -0.292804778 -0.491108149
vn -0.796176553 -0.324190438 -0.510885119
vn -0.799814522 -0.323505849 -0.505609274
vn -0.798133254 -0.327613622 -0.505621135
vn -0.755334318 -0.450520486 -0.47592172
vn -0.76138413 -0.402791589 -0.507989526
vn -0.758590043 -0.398894757 -0.515193403
vn -0.769911706 -0.360005468 -0.5269081
vn -0.793605268 -0.38540256 -0.470803261
vn -0.779118419 -0.32190758 -0.537912786
vn -0.78828305 -0.463590056 -0.404591441
vn -0.774490952 -0.488594264 -0.401795417
vn -0.78031373 -0.462908149 -0.42050752
vn -0.793215334 -0.553710699 -0.253404975
vn -0.823509276 -0.483405501 -0.296903461
vn -0.824914992 -0.461208403 -0.326806009
vn -0.862712622 -0.487007171 -0.136202067
vn -0.894302726 -0.417301297 -0.161500558
vn -0.904636264 -0.418816805 -0.0789032206
vn -0.884519458 -0.461710215 -0.066701524
vn -0.915137529 -0.400016427 -0.050102111
vn -0.950883567 -0.309194684 -0.014799783
vn -0.93818903 -0.345596015 -0.0190998185
vn -0.782415688 -0.622412503 -0.020700492
vn -0.737618208 -0.675116718 -0.0117003685
vn -0.812303007 -0.578302145 -0.0757003501
vn -0.760347068 -0.64645505 -0.0629956946
vn -0.681078315 -0.679778397 -0.272091448
vn -0.687815487 -0.697615802 -0.200604632
vn -0.733584821 -0.661286354 -0.156696841
vn -0.72056073 -0.678063095 -0.144992188
vn -0.723591328 -0.680291951 -0.116698705
vn -0.633729935 -0.67173177 -0.383618265
vn -0.701946378 -0.629841685 -0.332522094
vn -0.857307017 -0.432903588 -0.278602391
vn -0.868733585 -0.458617747 -0.187007308
vn -0.622790933 -0.587591469 -0.516592622
vn -0.609003305 -0.60160327 -0.516902924
vn -0.569101989 -0.548601925 -0.612502277
vn -0.772399127 -0.429499507 -0.467899561
vn -0.550690651 -0.511291325 -0.659788847
vn -0.580402911 -0.480302393 -0.657603383
vn -0.339906543 -0.177703336 -0.923517883
vn -0.381608576 -0.185004085 -0.905620515
vn -0.385986209 -0.184493303 -0.903867841
vn -0.335703731 -0.194302067 -0.921710312
vn -0.321090966 -0.27979207 -0.904774725
vn -0.344093889 -0.137697473 -0.928783596
vn -0.344493717 -0.136697426 -0.928783178
vn -0.368188798 -0.149995357 -0.9175722
vn -0.351982087 -0.148492351 -0.92415309
vn -0.333808631 -0.153103873 -0.930124283
vn -0.357103616 -0.138701305 -0.923709452
vn -0.345990777 -0.134996325 -0.92847544
vn -0.307607442 -0.10660249 -0.945523083
vn -0.313988268 -0.10799586 -0.943264842
vn -0.305105805 -0.0945016891 -0.947618127
vn -0.298888296 -0.0917962939 -0.949862838
vn -0.321888775 -0.0728973448 -0.943967164
vn -0.275405049 -0.0708011836 -0.958717585
vn -0.268900871 -0.10880024 -0.957003176
vn 0.00389982318 -0.441079974 -0.897459507
vn -0.517222285 -0.445219189 -0.73093164
vn -0.542604089 -0.365902752 -0.756105959
vn -0.515798867 -0.376799136 -0.76939851
vn -0.560483813 -0.28199178 -0.778677642
vn -0.573876202 -0.282788187 -0.768568277
vn -0.592083871 -0.24359329 -0.768179119
vn -0.593765378 -0.243985727 -0.766755402
vn -0.597907245 -0.233802781 -0.766709447
vn -0.583472788 -0.22938922 -0.779063702
vn -0.592612207 -0.204804137 -0.779016197
vn -0.586684525 -0.203694537 -0.783779383
vn -0.592819691 -0.185306072 -0.783726156
vn -0.584905922 -0.184201792 -0.789908111
vn -0.590292096 -0.166697681 -0.789789498
vn -0.584390521 -0.166597232 -0.794187248
vn -0.233111858 -0.448122948 0.863043964
vn -0.804672897 -0.319089323 0.500683129
vn -0.766884267 -0.376992404 0.519389331
vn -0.891948462 -0.429323375 0.141807675
vn -0.918411076 -0.389704764 0.0682007894
vn -0.935839176 -0.35171476 0.0224008951
vn -0.921835542 -0.386714965 0.0259009544
vn -0.938376904 -0.345591545 0.00389986346
vn -0.82666105 -0.454478681 0.331784368
vn -0.820216775 -0.504910409 0.268905461
vn -0.848107159 -0.448603868 0.281902313
vn -0.871509612 -0.454305083 0.184601992
vn -0.78306669 -0.452680856 0.426481843
vn -0.759993017 -0.433996111 0.483795553
vn -0.752202511 -0.445401609 0.485601604
vn -0.759214461 -0.393107623 0.518709898
vn -0.756613135 -0.389206886 0.525409102
vn -0.760223269 -0.423313051 0.492815077
vn -0.788578868 -0.357290506 0.500486612
vn -0.734111667 -0.311605066 0.603309572
vn -0.769820571 -0.364109844 0.524214029
vn -0.809572577 -0.326289028 0.487983525
vn -0.781621993 -0.310608834 0.540915191
vn -0.819500744 -0.303200364 0.486300468
vn -0.773103535 -0.2722013 0.57290262
vn -0.83728236 -0.270994365 0.474890023
vn -0.805283844 -0.210695878 0.554188967
vn -0.825461268 -0.236388981 0.512575984
vn -0.80670011 -0.245400116 0.5376001
vn -0.80761987 -0.252706289 0.532813132
vn -0.294393122 -0.0618986748 0.953677833
vn -0.284808367 -0.0546017252 0.95702827
vn -0.291199416 -0.0858999565 0.952798188
vn -0.289410263 -0.0860031769 0.953333855
vn -0.304808706 -0.0892026722 0.948227167
vn -0.309995383 -0.1025986 0.945186079
vn -0.341996133 -0.116998799 0.932389557
vn -0.326500773 -0.116400406 0.938002408
vn -0.324109674 -0.122703798 0.938028216
vn -0.350308478 -0.135903418 0.926722467
vn -0.348908782 -0.135403544 0.927323461
vn -0.339504331 -0.184602469 0.922311783
vn -0.352989793 -0.174695104 0.919173598
vn -0.358399689 -0.171399981 0.917699337
vn -0.358700186 -0.171300203 0.917600513
vn -0.386894047 -0.174897447 0.90538615
vn -0.388103932 -0.175201908 0.904809296
vn -0.36150533 -0.152502388 0.919813633
vn -0.34589076 -0.137296468 0.92817533
vn -0.41559872 -0.314899176 0.853297412
vn -0.393991977 -0.305993915 0.86668241
vn -0.324404955 -0.216903448 0.9207142
vn -0.777712226 -0.477707624 0.40860644
vn -0.780377865 -0.471186727 0.411088347
vn -0.602414489 -0.605114639 0.520512521
vn -0.689514756 -0.69541502 0.202404276
vn -0.681715846 -0.675415814 0.281206459
vn -0.7118361 -0.620831668 0.328416646
vn -0.626921594 -0.669623196 0.398213685
vn -0.630483925 -0.577185392 0.518986762
vn -0.867792249 -0.467595905 0.168198451
vn -0.721694767 -0.672795236 0.162798762
vn -0.734785557 -0.660587132 0.153996915
vn -0.733600855 -0.673500896 0.0907000303
vn -0.717120111 -0.685019314 0.12840353
vn -0.714461446 -0.685363114 0.14079234
vn -0.905185759 -0.416693509 0.0836986378
vn -0.943722486 -0.312607467 0.108002551
vn -0.709001184 -0.698601305 0.0963000953
vn -0.761906743 -0.644605696 0.0631004944
vn -0.742630184 -0.668927252 0.0322012343
vn -0.805190086 -0.592692792 0.019599691
vn -0.782604575 -0.622503698 0.00439995201
vn -0.590966761 -0.152991503 0.792055547
vn -0.593439281 -0.155310407 0.789752364
vn -0.587117255 -0.177405328 0.789823294
vn -0.586609602 -0.176903009 0.790313065
vn -0.585618317 -0.180105746 0.790324807
vn -0.592675686 -0.183892578 0.784167945
vn -0.586071074 -0.203990042 0.784161448
vn -0.595291018 -0.208496958 0.7759884
vn -0.586819351 -0.230807737 0.776125729
vn -0.60050416 -0.237601757 0.763505399
vn -0.587879658 -0.267690837 0.763373673
vn -0.572962642 -0.256683379 0.77834928
vn -0.531186759 -0.343991548 0.774280727
vn -0.543603599 -0.357702464 0.75930506
vn -0.516090512 -0.440992057 0.734286547
vn -0.554584444 -0.504985988 0.661381483
vn -0.582094312 -0.476195514 0.659093559
vn -0.571279168 -0.542980313 0.615477502
vn -0.329101413 0.300801218 0.895103991
vn -0.757934451 0.609027803 0.233710736
vn -0.734315395 0.547111452 0.40180853
vn -0.761880636 0.549886048 0.342291385
vn -0.812106133 0.413303137 0.411903262
vn -0.837107837 0.441204101 0.32340309
vn -0.811724961 0.199206084 0.549016953
vn -0.920581102 0.264994562 0.286894202
vn -0.791591287 0.0260996446 0.610493362
vn -0.858950496 0.0461972766 0.509970605
vn -0.845266044 -0.0815967992 0.528078854
vn -0.810401082 -0.139600262 0.56900084
vn -0.820986688 -0.15109764 0.550591111
vn -0.189201832 0.601805806 0.775907695
vn -0.517077923 0.640072703 0.568275869
vn -0.236189142 0.539675057 0.808062971
vn -0.114597462 0.311293006 0.943379283
vn -0.243803248 0.413805455 0.877111852
vn -0.465191305 0.487790853 0.738686264
vn -0.227802515 0.474605173 0.850209534
vn -0.208598986 0.504397511 0.837896049
vn -0.227301523 0.140700832 0.963606536
vn -0.133994102 0.176392153 0.975157201
vn -0.0944994241 0.22829853 0.9689942
vn -0.384198129 -0.0101000611 0.923195601
vn -0.0905005932 0.0868004635 0.992106616
vn -0.113104157 0.137404948 0.984036326
vn -0.18569611 0.829082668 0.527389109
vn -0.455991507 0.548989832 0.700487077
vn -0.409816355 0.629825175 0.659826458
vn -0.338813901 0.631725848 0.69722867
vn -0.43580094 0.48310104 0.759401858
vn -0.291789412 0.49328208 0.819470525
vn -0.350892186 0.38859126 0.851981163
vn -0.299114466 0.29631424 0.907043993
vn -0.325993627 0.278294444 0.903482556
vn -0.345894188 0.127397761 0.929584503
vn -0.32529825 0.139299169 0.935295105
vn -0.305808336 0.0113001969 0.952026129
vn -0.302789629 0.0130994404 0.952967525
vn -0.467703968 0.831307113 0.300302655
vn -0.62193507 0.673838019 0.398922652
vn -0.601984441 0.650083184 0.463688165
vn -0.604183495 0.64918232 0.462087542
vn -0.677189231 0.532791495 0.507492006
vn -0.559789538 0.572789252 0.598788917
vn -0.640687406 0.426891565 0.638187528
vn -0.594100237 0.459400147 0.660300374
vn -0.658884466 0.288593113 0.694683731
vn -0.630468309 0.313784152 0.709964395
vn -0.658982992 0.0880976543 0.746980786
vn -0.642793357 0.100698881 0.759392321
vn -0.618692875 -0.0712992772 0.782391071
vn -0.613395751 -0.0673996359 0.786894679
vn -0.721703708 0.657703459 0.215801209
vn -0.634993315 0.749792218 0.185998157
vn -0.651469171 0.729465544 0.208490252
vn -0.644814789 0.737217009 0.201804757
vn -0.635916471 0.749819458 0.182704821
vn -0.730581522 0.637283981 0.245193899
vn -0.714357495 0.659360826 0.234386161
vn -0.718583286 0.653084874 0.238994539
vn -0.686593711 0.688593745 0.233297974
vn -0.686791599 0.684391677 0.244797096
vn -0.67570889 0.705209374 0.214702949
vn -0.679380894 0.696180463 0.231893599
vn -0.656728268 0.720831037 0.221609637
vn -0.651489198 0.729187965 0.209396645
vn -0.716706038 0.667205691 0.20290181
vn -0.710578918 0.673880041 0.202394098
vn -0.723688006 0.667988956 0.173397213
vn -0.679816484 0.714717388 0.164404094
vn -0.723221302 0.674919903 0.1464044
vn -0.723862886 0.671065688 0.16029188
vn -0.73569423 0.654794931 0.17319873
vn -0.722167611 0.685969293 0.0889961049
vn -0.590376198 0.693172097 0.4134835
vn -0.248304129 0.76111263 0.599210143
vn -0.0319008864 0.952326536 0.303408593
vn -0.194903031 0.910014272 0.365905851
vn -0.125996053 0.930370927 0.344289362
vn -0.122095272 0.943163514 0.309088171
vn -0.126995951 0.932070255 0.339289308
vn -0.273302257 0.938207805 0.21230191
vn -0.222298801 0.796495736 0.562297165
vn -0.230202109 0.838607728 0.493704677
vn -0.213203132 0.833512306 0.50970763
vn -0.161800742 0.873104036 0.459902257
vn -0.145397633 0.898085415 0.415093422
vn -0.291396976 0.710892618 0.640093505
vn -0.322095871 0.74189049 0.588092566
vn -0.533095539 0.738293946 0.413196683
vn -0.556192219 0.728789806 0.399394512
vn -0.499118119 0.811229527 0.304611176
vn -0.467994362 0.847189844 0.25149709
vn -0.498607695 0.838312984 0.220503539
vn -0.356409013 0.864421904 0.354609072
vn -0.458090395 0.844482362 0.277494311
vn -0.478896677 0.812794447 0.331697822
vn -0.46338889 0.807180762 0.365691364
vn -0.51068908 0.782283366 0.356692523
vn -0.526304007 0.761505842 0.378303021
vn -0.164105892 -0.0423016399 0.985535443
vn -0.145492509 -0.0203990713 0.989149153
vn -0.157799199 -0.0438999012 0.986495078
vn -0.140805602 -0.034401495 0.989439547
vn -0.145796582 -0.0381992273 0.988577008
vn -0.171200857 -0.051200375 0.983905017
vn -0.188692063 -0.0606975667 0.980158865
vn -0.189502776 -0.0621010326 0.979914486
vn -0.196197942 -0.068199411 0.978189886
vn -0.19640407 -0.0686015487 0.978120387
vn -0.220010117 -0.0820038989 0.972044826
vn -0.223193154 -0.0848975256 0.971070349
vn -0.225094169 -0.0843979418 0.970675051
vn -0.227903947 -0.0878016502 0.969716907
vn -0.229114041 -0.093905881 0.968859494
vn -0.229197487 -0.102299005 0.967989504
vn -0.229092255 -0.101796679 0.968067348
vn -0.228100598 -0.1046004 0.968002677
vn -0.232395709 -0.114298016 0.965882301
vn -0.231505722 -0.149203837 0.961323917
vn -0.216693655 -0.115596734 0.969371676
vn -0.219408035 -0.123104632 0.967835546
vn -0.223809361 -0.136405841 0.965040445
vn -0.242408767 -0.226208299 0.943434238
vn -0.208606347 -0.186105803 0.960129321
vn -0.272805959 -0.310106903 0.910719931
vn -0.271807134 -0.349809319 0.896523535
vn -0.349100709 -0.435001045 0.830001771
vn -0.353084087 -0.456679583 0.816563308
vn -0.414914846 -0.540219486 0.732126176
vn -0.415512592 -0.517215848 0.748222709
vn -0.454509974 -0.597613275 0.660514474
vn -0.55149591 -0.775394261 0.307597607
vn -0.584432483 -0.677337706 0.446824789
vn -0.565288067 -0.713485062 0.413991243
vn -0.529301465 -0.661401987 0.531401515
vn -0.530085564 -0.639182746 0.557184875
vn -0.488017052 -0.621521831 0.6128214
vn -0.450794786 -0.573293567 0.684192061
vn -0.557605922 -0.774308264 0.299203098
vn -0.583609164 -0.785312474 0.206603184
vn -0.572404265 -0.800706089 0.176701233
vn -0.589589119 -0.793785453 0.149297163
vn -0.589914382 -0.794119477 0.146203488
vn -0.595474839 -0.792966664 0.128894493
vn -0.597604573 -0.789206207 0.141501009
vn -0.601582766 -0.790077507 0.117796548
vn -0.600902259 -0.792903185 0.101100303
vn -0.647108972 -0.757610679 0.0853011012
vn -0.644782841 -0.761879861 0.0615982786
vn -0.661214173 -0.748816192 0.0455008894
vn -0.673593283 -0.739092648 0.00379987457
vn -0.661364913 -0.749960363 0.0124992495
vn -0.693087339 -0.720187008 0.0309993513
vn -0.684773505 -0.727971911 0.0337986052
vn -0.673413754 -0.738215208 0.0394007191
vn -0.097399354 0.0223997347 0.994993508
vn -0.119404666 0.0719026998 0.990238786
vn -0.106503613 0.0463014618 0.9932338
vn -0.0948012769 0.0628007352 0.993513525
vn -0.0852989927 0.087698862 0.992488384
vn -0.0561007671 0.110301405 0.992313683
vn -0.0764000043 0.141399905 0.987000167
vn -0.08089827 0.13469702 0.987579048
vn -0.0716041028 0.177810103 0.981456399
vn -0.0810963586 0.163792536 0.983155966
vn -0.104600057 0.229800031 0.967600644
vn -0.13289319 0.212189034 0.968150496
vn -0.104496837 0.251992285 0.962071061
vn -0.122195318 0.313587904 0.9416641
vn -0.140795231 0.302889645 0.942568302
vn -0.123895995 0.3789877 0.917070568
vn -0.17900607 0.366512358 0.913031161
vn -0.138701618 0.447405159 0.88351047
vn -0.153992385 0.443877965 0.882756472
vn -0.122198731 0.673093021 0.729392529
vn -0.19900538 0.604916334 0.771021008
vn -0.164206684 0.572023332 0.803632915
vn -0.193702444 0.526506603 0.827810585
vn -0.183493927 0.496583521 0.848372042
vn 0.00810027588 0.859829307 0.510517597
vn 0.00899983849 0.810485542 0.585689664
vn -0.0295995902 0.833588541 0.551592529
vn -0.0480006151 0.765109777 0.642108381
vn -0.0421014167 0.749625206 0.660522342
vn -0.1049935 0.73145479 0.673758447
vn -0.114795566 0.664774299 0.738171637
vn 0.0562991798 0.947886288 0.313595593
vn 0.0262996089 0.889286816 0.456593394
vn 0.03849959 0.891290605 0.451795369
vn 0.0321011133 0.927632272 0.372113049
vn 0.0767988041 0.936485469 0.342194825
vn 0.059102796 0.947144866 0.315315068
vn -0.148004875 0.0331009775 0.988432705
vn -0.126900375 0.0248999577 0.991603017
vn -0.204608619 -0.00230021379 0.978841305
vn -0.0924961418 -0.0360986181 0.995058596
vn -0.0962004587 -0.0333002843 0.994804919
vn -0.0935016721 -0.0346007422 0.995017886
vn -0.0945982486 -0.0325995199 0.994981766
vn -0.0989023298 -0.0307008475 0.994623601
vn -0.0986024886 -0.0316009186 0.994625211
vn -0.105097741 -0.0309994575 0.993978798
vn -0.00890030712 0.00720013026 0.999934614
vn -0.00880027842 0.00770012522 0.999931753
vn -0.00810024515 0.00860014185 0.999930322
vn -0.00850027893 0.00790014025 0.999932826
vn -0.00860030111 0.00750014372 0.999935031
vn -0.0290002637 0.0366002209 0.998909235
vn -0.00770009262 0.0108000124 0.999912143
vn -0.00720014423 0.0104000904 0.99992013
vn -0.00810023118 0.0088001322 0.999928594
vn -0.00800025556 0.0085001532 0.999931991
vn -0.0503991395 0.00959971827 0.998683095
vn -0.0300013833 0.0144005464 0.999446273
vn -0.0244988576 0.0221988466 0.999453485
vn 0.000999958487 0.0167991836 0.999858499
vn 0.00109998055 0.0152996127 0.99988246
vn 0.012699808 0.016399635 0.999785006
vn 0.0144003145 0.0122001497 0.999822021
vn -0.196094364 0.00509973709 0.980571926
vn -0.144995138 0.0180992801 0.989266992
vn -0.141002074 0.0137000848 0.989914656
vn -0.194706291 0.0427012667 0.979931772
vn -0.215288863 -0.00140004407 0.976549566
vn -0.127300546 0.0108999303 0.991804421
vn -0.123502381 0.0254003741 0.992019236
vn -0.124094129 0.0250986964 0.991953135
vn -0.121396743 0.0213993117 0.992373466
vn -0.12580283 0.025700463 0.991722465
vn -0.117405742 0.0164006874 0.992948711
vn -0.0864024833 0.0162003487 0.996128738
vn -0.131898671 0.0271996129 0.990890205
vn -0.0956948549 -0.0389980264 0.994646668
vn -0.0961971655 -0.0370990299 0.994670868
vn -0.108097136 -0.0269994065 0.993773818
vn -0.107897878 -0.0339994542 0.99358058
vn -0.121302396 -0.0138003929 0.992519796
vn -0.122902103 -0.00190015102 0.992417097
vn -0.0402983055 0.0160992052 0.999058127
vn -0.0283987708 0.0218989346 0.999356866
vn -0.0280993972 0.00729972543 0.999578655
vn -0.0225996152 0.0110996924 0.999683082
vn -0.118801579 0.0246002115 0.992613316
vn -0.0407003649 0.0229000915 0.998909116
vn -0.078399241 0.0161997266 0.996790528
vn -0.0182998125 0.0168997087 0.999689877
vn -0.0412016995 0.0148004927 0.999041319
vn -0.124904796 0.0161005035 0.99203819
vn -0.0858960301 0.0172990821 0.99615407
vn -0.0922957733 0.0123993158 0.995654523
vn -0.0596016049 0.0138002541 0.998126984
vn -0.0532986522 0.0143995183 0.998474896
vn -0.129199028 0.00719982851 0.991592646
vn -0.0919003785 0.0112999296 0.995704234
vn -0.103101812 -0.010300301 0.994617581
vn -0.0850963816 0.00549964746 0.996357739
vn -0.0782982782 -0.0173997395 0.99677825
vn -0.0684026033 -0.00630035903 0.997637987
vn -0.0650981963 -0.0202995613 0.997672498
vn -0.0573995896 -0.0108000431 0.998292983
vn -0.0562987365 -0.0164997503 0.998277783
vn -0.0516005978 -0.0106002428 0.998611689
vn -0.0514005534 -0.0116002448 0.998610914
vn -0.0168992616 0.0141992634 0.999756515
vn -0.0296987258 -0.00190003787 0.999557197
vn -0.0977980644 0.00719973957 0.995180428
vn -0.0896009132 0.0116000017 0.995910287
vn -0.0894989222 0.0243995897 0.99568814
vn -0.0942998677 0.0220998526 0.995298684
vn -0.0942995101 0.0298997276 0.995094895
vn -0.101496607 0.0270989798 0.994466901
vn -0.105504371 0.0274010208 0.994041383
vn -0.117605768 0.0205008909 0.992848814
vn -0.118496962 0.0188993998 0.992774665
vn -0.0790003836 0.0183999706 0.996704876
vn -0.0853962004 0.0134992823 0.996255815
vn -0.039899826 0.0146998176 0.999095738
vn -0.0569989532 0.0135996332 0.998281837
vn 0.20709309 0.0297988914 0.977867484
vn 0.904128551 0.425913513 0.0339011252
vn 0.899193406 0.433796853 0.0571996383
vn 0.902654409 0.430278301 0.00869961269
vn 0.902484238 0.430592567 0.0105998674
vn 0.899845481 0.428621709 0.0810041577
vn 0.891115665 0.426007509 0.156302795
vn 0.890924454 0.430211842 0.145504057
vn 0.87185353 0.409925193 0.268016547
vn 0.874526262 0.415812522 0.249607563
vn 0.841357112 0.399179637 0.364381492
vn 0.846803129 0.399301469 0.351401359
vn 0.82059139 0.388895929 0.418795735
vn 0.786977112 0.370589197 0.493285745
vn 0.800728381 0.373013198 0.468716681
vn 0.783722579 0.367510557 0.50071454
vn 0.728192389 0.348096311 0.590393901
vn 0.709722936 0.333910763 0.620320141
vn 0.613013387 0.286706209 0.736216187
vn 0.658718526 0.299708366 0.690119565
vn 0.643291771 0.294796199 0.706591129
vn 0.254103124 0.112501271 0.960611939
vn 0.331401795 0.144200683 0.932405114
vn 0.375200987 0.171700358 0.9109025
vn 0.400493562 0.16299729 0.901685655
vn 0.447814614 0.212006837 0.868628442
vn 0.177998453 0.0746992379 0.981191576
vn 0.0817026272 0.0380011052 0.995932162
vn 0.0872010961 0.0578006133 0.994512618
vn 0.066299051 0.0349993855 0.997185886
vn 0.0663988739 0.0318993442 0.99728328
vn 0.0670028701 0.02860111 0.997342885
vn 0.0711013973 0.0264004059 0.997119784
vn 0.0752992257 0.0439994372 0.996189952
vn 0.075002566 0.0435013734 0.996234179
vn 0.0751984566 0.0420990214 0.996279657
vn 0.235997379 0.115298614 0.964889467
vn 0.236306533 0.113503024 0.965026736
vn 0.280890405 0.12189573 0.951967597
vn 0.185103148 0.0897014216 0.978616774
vn 0.151594311 0.0753970593 0.985563099
vn 0.0692011416 0.03960054 0.996816576
vn 0.596591413 0.278995931 0.752489328
vn 0.548825502 0.25611183 0.795737147
vn 0.513508797 0.238704041 0.82421428
vn 0.499300152 0.233400002 0.834400356
vn 0.448617041 0.208207831 0.869133174
vn 0.448687613 0.208294153 0.869076073
vn 0.374410421 0.17590481 0.910425484
vn 0.446292758 0.198096707 0.872685969
vn 0.392205894 0.181402639 0.901813626
vn 0.499288589 0.226594955 -0.836281002
vn 0.326195389 0.138598174 -0.935086846
vn 0.0670975819 0.0368987881 -0.997064114
vn 0.073697634 0.0376989096 -0.996568024
vn 0.0832993463 0.0354998447 -0.995892286
vn 0.0827021897 0.0386011489 -0.995826542
vn 0.081903249 0.0346014947 -0.996039569
vn 0.074797228 0.0382987037 -0.99646318
vn 0.0746014193 0.0398008786 -0.996419013
vn 0.236007318 0.1025033 -0.966330051
vn 0.244102821 0.124601565 -0.961711287
vn 0.184990659 0.0739963874 -0.979950607
vn 0.222802535 0.029700458 -0.97441119
vn 0.0602003261 0.0596004501 -0.996405542
vn 0.0690013692 0.0345008075 -0.997019947
vn 0.0390992314 0.0175997745 -0.999080479
vn 0.38879323 0.173797116 -0.904784381
vn 0.389716208 0.0507022254 -0.919538379
vn 0.459691167 0.279094756 -0.843083918
vn 0.50000006 0.226800144 -0.835800171
vn 0.547498524 0.252199441 -0.797897875
vn 0.59448266 0.276492029 -0.755078018
vn 0.640773058 0.294087738 -0.709170163
vn 0.634981453 0.292091608 -0.715179145
vn 0.783477902 0.367389709 -0.501185834
vn 0.724118471 0.342508852 -0.598615229
vn 0.728572726 0.343387276 -0.592677832
vn 0.783066571 0.367184401 -0.501978576
vn 0.79937464 0.377188146 -0.467685163
vn 0.813592553 0.383196563 -0.437295973
vn 0.820005715 0.387202799 -0.421502948
vn 0.847200692 0.400300413 -0.349300265
vn 0.832489252 0.381895185 -0.401394844
vn 0.86470437 0.424302191 -0.268801302
vn 0.858175278 0.40858829 -0.310790986
vn 0.883449078 0.418923378 -0.209811643
vn 0.902837992 0.428818077 -0.03160128
vn 0.902118564 0.430008918 -0.0357006863
vn 0.901967347 0.43028447 -0.0361986421
vn 0.890843689 0.432521284 -0.139006793
vn 0.891087115 0.424993932 -0.159197673
vn 0.899425447 0.427812159 -0.0895024911
vn 0.899091005 0.427195758 -0.0955990106
vn 0.899788499 0.428494602 -0.0822989047
vn 0.152091965 0.0718963295 -0.985748112
vn 0.185092434 0.0858966187 -0.978960037
vn 0.235895887 0.103198335 -0.966283321
vn 0.27619797 0.127599195 -0.952593088
vn 0.372701019 0.169700593 -0.912302554
vn 0.389417052 0.179307982 -0.903439701
vn 0.447127283 0.204612613 -0.870753229
vn 0.294804841 0.0215004701 -0.955315709
vn 0.971421957 0.235605344 -0.0288006254
vn 0.970836103 0.237808883 -0.0304011069
vn 0.969435871 0.233308673 -0.0759027898
vn 0.970115006 0.222803503 -0.0961014777
vn 0.964008689 0.237902194 -0.118701048
vn 0.959292114 0.21909824 -0.178198531
vn 0.959070027 0.221993119 -0.175794497
vn 0.947344124 0.223610476 -0.229210675
vn 0.946649849 0.221488327 -0.234087616
vn 0.930784464 0.210196555 -0.299095035
vn 0.930121839 0.229505435 -0.286706716
vn 0.909251988 0.187190175 -0.371780366
vn 0.911373615 0.199694276 -0.359889567
vn 0.882952869 0.18569015 -0.43117699
vn 0.886475503 0.196494639 -0.418988436
vn 0.859703481 0.157200709 -0.486001998
vn 0.840184569 0.164997056 -0.516590595
vn 0.784101844 0.123100378 -0.608301461
vn 0.769702554 0.127200514 -0.625602126
vn 0.705420375 0.0749022588 -0.704820454
vn 0.672680497 0.0782978311 -0.735778749
vn 0.600904107 -0.00499993982 -0.799305618
vn 0.596663713 0.0445973873 -0.801251411
vn 0.552404225 -0.0107999854 -0.833506584
vn 0.534025848 -0.0196008496 -0.84524101
vn 0.512202084 -0.0337000415 -0.85820365
vn 0.48040542 -0.0383003317 -0.876210034
vn 0.466111839 -0.0624014847 -0.882522523
vn 0.403580606 -0.0774961784 -0.91165632
vn 0.403705537 -0.0645007789 -0.912612617
vn 0.391801238 -0.0862001777 -0.916003048
vn 0.383217454 -0.087103866 -0.919542015
vn 0.327299654 -0.0859998092 -0.940999091
vn 0.32098496 -0.0893957093 -0.942855954
vn 0.287989318 -0.0179992206 -0.957464576
vn 0.288511246 -0.0214007236 -0.957237422
vn 0.297302216 -0.0409001932 -0.953907132
vn 0.278106481 -0.0559011921 -0.958922386
vn 0.312693894 -0.0382991433 -0.9490816
vn 0.313682944 -0.0725959465 -0.946748674
vn 0.324482381 -0.0573967807 -0.944148898
vn 0.325310647 -0.0833026245 -0.94193095
vn 0.324702412 -0.0848005265 -0.942007124
vn 0.287903696 -0.00950000901 -0.957612395
vn 0.302090883 0.0038999964 -0.953271389
vn 0.281906426 -0.00620002812 -0.959421992
vn 0.286189079 0.0144995619 -0.958063602
vn 0.294412643 0.0213010311 -0.955441117
vn 0.319014162 0.0143007496 -0.947642207
vn 0.322207421 0.0167004988 -0.946521878
vn 0.31679818 0.0194000043 -0.948294699
vn 0.316194534 0.0199997686 -0.948483706
vn 0.316315144 0.019901067 -0.948445559
vn 0.287989318 0.022699276 -0.957364678
vn 0.280102551 0.0176002774 -0.959808886
vn 0.307115048 0.0070004575 -0.951646745
vn 0.304906398 0.0109003438 -0.952320099
vn 0.327587396 0.0103997132 -0.94476378
vn 0.325788081 0.0120996721 -0.945365548
vn 0.323887587 0.0157995075 -0.9459638
vn 0.30760029 0.00530011905 -0.951501012
vn 0.307599813 0.00560011063 -0.951499522
vn 0.322296292 0.00970000308 -0.946589291
vn 0.337201506 0.00730014592 -0.941404343
vn 0.3329961 0.00860001333 -0.942889094
vn 0.331003189 0.0204000864 0.943409204
vn 0.971753895 0.235788837 0.00989955943
vn 0.971986651 0.234896809 0.00809991825
vn 0.970121562 0.237305284 0.0505011603
vn 0.971149206 0.233611867 0.0479024611
vn 0.964069903 0.23509267 0.123696178
vn 0.964697659 0.231099457 0.126299754
vn 0.950484037 0.226396203 0.212896481
vn 0.950717568 0.223404124 0.215004042
vn 0.926741481 0.210909426 0.31091398
vn 0.926726282 0.20800589 0.312908947
vn 0.885998607 0.187699676 0.423999429
vn 0.886220634 0.192204446 0.421509892
vn 0.831817508 0.150303125 0.534311354
vn 0.833137453 0.160307154 0.529323816
vn 0.757717967 0.115302667 0.642315269
vn 0.758882344 0.128196955 0.638485193
vn 0.686557889 0.0661958605 0.724055588
vn 0.687394083 0.070099324 0.722893834
vn 0.477217674 -0.0387015417 0.877932608
vn 0.509889007 -0.0405992381 0.859281719
vn 0.541007936 -0.0133002959 0.840912461
vn 0.593096495 0.0194997918 0.804895341
vn 0.592302918 0.00429992564 0.805704057
vn 0.633472919 0.0447980016 0.772467136
vn 0.394399583 -0.0771000385 0.915699184
vn 0.42331782 -0.0754032955 0.902838111
vn 0.450183451 -0.0649977252 0.890567422
vn 0.315401405 0.0170999654 0.948804379
vn 0.322511107 0.0210006144 0.946332812
vn 0.302712917 0.0255009755 0.952740729
vn 0.297989815 0.023999067 0.954267442
vn 0.282087177 0.0287985802 0.95895654
vn 0.286894411 0.0231994335 0.957681417
vn 0.290697277 0.0206996966 0.956591249
vn 0.28439334 0.0157995187 0.958577693
vn 0.285793632 -0.00490000565 0.958278775
vn 0.287914813 -0.00360029959 0.95764935
vn 0.289399207 -0.0394000113 0.956397474
vn 0.325614452 -0.0222011004 0.945242047
vn 0.268307626 -0.0556017011 0.9617275
vn 0.336108476 -0.0388010964 0.941023827
vn 0.308398724 -0.0749998093 0.948296189
vn 0.342391938 -0.0593987182 0.937677979
vn 0.321507126 -0.0857020095 0.943020999
vn 0.385994196 -0.0848988444 0.918586373
vn 0.391099185 -0.0840999484 0.916498244
vn 0.322816223 0.014700627 0.946347654
vn 0.330184162 0.0107993716 0.943854868
vn 0.322107852 0.0123001877 0.946623206
vn 0.305997044 0.00889980141 0.951990962
vn 0.307106286 0.0103000989 0.951619565
vn 0.073302485 0.0123003004 0.997233987
vn 0.0486978181 0.0107996361 -0.998755336
vn 0.830110371 0.386404842 0.402005166
vn 0.0732014924 0.0139001645 0.997220397
vn 0.0830031559 0.0149004487 0.996438026
vn 0.0823985189 0.0152996071 0.996482193
vn 0.081703335 0.0152005041 0.996540904
vn 0.0622020997 0.0161004271 0.997933865
vn 0.0535980947 0.0139993858 0.998464644
vn 0.0656977743 0.0185992531 0.997666299
vn 0.0319002494 0.0128999837 0.999407947
vn 0.0229006112 0.0149002802 0.999626815
vn 0.0308985822 0.011699345 0.9994542
vn 0.0306988135 0.0115994345 0.999461472
vn 0.0497979932 0.0140993148 0.998659909
vn 0.0489001349 0.0141999219 0.998702884
vn 0.0253994241 -0.999677479 -1.19170828e-07
vn -0.542292595 -0.840188682 -0.00140008121
vn -0.525000453 -0.851100981 -0.00140010286
vn -0.554710329 -0.831915617 -0.0146003729
vn -0.524996579 -0.851094663 0.00409987243
vn -0.542363226 -0.840143144 -0.00140000519
vn -0.539488316 -0.841881871 -0.0136998054
vn -0.538394749 -0.842691898 -0.0013000879
vn -0.535398841 -0.844598353 -0.00140009774
vn -0.509604514 -0.86040777 -0.00140011508
vn -0.509678543 -0.86036396 -0.00140004372
vn -0.534789741 -0.844983935 -0.00160007016
vn -0.52358371 -0.851973593 -0.00120006432
vn -0.526414096 -0.850222826 -0.00310018472
vn -0.510990739 -0.85958457 0.00179986516
vn -0.494819134 -0.868833721 0.016800547
vn -0.537521601 -0.843234003 -0.00520031014
vn -0.541406929 -0.840310931 0.027500255
vn -0.542802513 -0.839204013 0.0332000554
vn -0.530797958 -0.847496927 -0.00170009478
vn -0.537599206 -0.843198955 -0.00170009828
vn -0.537903905 -0.843006253 -0.000200101975
vn -0.525720894 -0.850633919 -0.00630035298
vn -0.532019496 -0.846731126 0.00139995036
vn -0.510293543 -0.859989285 -0.00440004747
vn -0.493383259 -0.869570553 -0.0204994101
vn -0.469493181 -0.882887304 0.00929976068
vn -0.350499779 -0.936499596 -0.0109001063
vn -0.413008511 -0.910718918 -0.00390018919
vn -0.460007221 -0.887914062 -0.00150012958
vn -0.199499473 -0.979897559 0.000999880722
vn -0.14780052 -0.989003599 0.00519990083
vn -0.126098365 -0.991987228 0.00779978093
vn -0.421875924 -0.906648338 0.00309971557
vn -0.347493172 -0.937681675 -0.00140008423
vn -0.299800217 -0.954000771 -0.00160011509
vn -0.302513868 -0.953143775 -0.00160018704
vn -0.265502453 -0.964108944 -0.00160012976
vn -0.101800501 -0.994804978 -0.000200119583
vn -0.127798349 -0.991787255 -0.0051000528
vn -0.159904897 -0.987030387 -0.0142005552
vn -0.145506844 -0.989346683 0.00460009929
vn -0.373606831 -0.92621696 -0.0504010394
vn -0.274503887 -0.961513698 -0.0118002836
vn -0.1731029 -0.984716713 -0.0192004424
vn -0.170304984 -0.985228956 -0.017900642
vn -0.158799648 -0.987297833 0.0050998712
vn -0.517183483 -0.85587275 -0.00180004467
vn -0.540119886 -0.840131104 0.049501732
vn -0.541298211 -0.83699733 0.080199644
vn -0.53839469 -0.842691779 -0.00140008668
vn -0.53820765 -0.842812121 -0.000700110453
vn -0.531408846 -0.847114205 -0.00150012609
vn -0.542407215 -0.839411259 -0.0344005637
vn -0.541189194 -0.840383351 -0.0294995178
vn -0.521288216 -0.853380799 -1.01730905e-07
vn -0.521215379 -0.853425264 -1.01736205e-07
vn 0.341702908 -0.93980813 -1.12033845e-07
vn 0.341791242 -0.939776063 -1.12030023e-07
vn 0.341911674 -0.939732194 -0.00020011887
vn 0.341702908 -0.93980813 -0.000100112899
vn 0.342088223 -0.939667761 0.000699863944
vn 0.341582477 -0.93985194 -0.000300096726
vn 0.341702878 -0.939808071 -0.000300114596
vn 0.341702908 -0.93980813 9.98888281e-05
vn 0.341911674 -0.939732194 0.000199894828
vn 0.341614574 -0.939840257 -1.12037675e-07
vn 0.341791242 -0.939776063 -0.000100109479
vn 0.341614574 -0.939840257 9.98922478e-05
vn -0.341702908 0.93980813 1.12033845e-07
vn -0.342208654 0.939623773 0.000800132286
vn -0.341494203 0.939884067 0.000100110352
vn -0.341614574 0.939840257 1.12037675e-07
vn -0.415700644 0.909501553 -0.000299892097
vn -0.342296928 0.939591706 -0.000799880945
vn -0.342208713 0.939623952 -0.00049990078
vn -0.342088282 0.939668 -9.98845717e-05
vn -0.341911674 0.939732194 1.12024793e-07
vn -0.341911674 0.939732194 0.000100115452
vn -0.341791242 0.939776063 1.12030023e-07
vn -0.341494203 0.939884067 1.12042898e-07
vn -0.341702908 0.93980813 0.000100112899
vn -0.342088282 0.939668 1.1201714e-07
vn -0.3395904 0.940573514 1.12125086e-07
vn -0.341582477 0.93985194 1.12039068e-07
vn -0.340185016 0.940358639 0.000200103299
vn -0.342802703 0.939407587 1.11986097e-07
vn -0.939808011 -0.341702938 -4.07341609e-08
vn -0.000199999995 -9.98808027e-05 -1.00000012
vn 9.99999975e-05 -1.1920929e-07 1.00000012
vn 0.642983377 0.765880346 9.13000378e-08
vn 0.64303261 0.765838921 9.12950995e-08
vn 0.643091261 0.765789688 9.12892304e-08
vn 0.642983317 0.765880227 -0.000299900945
vn 0.642983317 0.765880227 0.000300083542
vn 0.64303261 0.765838921 0.000100096375
vn 0.642875493 0.765970886 9.13108309e-08
vn -0.64303261 -0.765838921 -9.12950995e-08
vn -0.642983377 -0.765880346 -9.13000378e-08
vn -0.765880227 0.642983437 7.66495916e-08
vn 0.206910759 0.0714036077 0.975750864
vn 0.91856432 0.0723971501 0.388584942
vn 0.995138407 0.0919035524 0.0354013778
vn 0.982512176 0.0900011137 0.163002059
vn 0.983565688 0.0896968618 0.156694561
vn 0.990234435 0.0896031186 0.106803738
vn 0.66440773 0.0568005815 0.74520874
vn 0.776292801 0.0679993033 0.626694202
vn 0.768091857 0.0643992499 0.637093306
vn 0.821299136 0.0698998645 0.566199481
vn 0.854690552 0.0735991299 0.51389432
vn 0.863213181 0.0711010322 0.499807686
vn 0.928703487 0.0813002735 0.361801386
vn 0.240093648 0.012099565 0.970674455
vn 0.353800297 0.0566999428 0.933600903
vn 0.335909754 0.0404010639 0.941027403
vn 0.443704486 0.0370002761 0.895409167
vn 0.459026814 0.043602448 0.88735199
vn 0.519399524 0.0476998575 0.853199303
vn 0.556411684 0.0545010492 0.829117537
vn 0.575492918 0.0513992794 0.816190124
vn 0.672990263 0.0602990501 0.737189472
vn 0.116605043 0.0164005924 0.993043065
vn 0.0979039818 0.0105003091 0.995140612
vn 0.0979036689 0.0108002871 0.995137393
vn 0.287293255 0.032899119 0.957277656
vn 0.266789615 0.0307986904 0.963262677
vn 0.211006999 0.0222006235 0.977232516
vn 0.22158803 0.0193988401 0.974947512
vn 0.165107623 0.0213008672 0.986045659
vn 0.35778445 0.034698382 0.93315953
vn 0.346612632 0.038101282 0.937234342
vn 0.422494173 0.0461992621 0.905187607
vn 0.4694947 0.0504993275 0.881490171
vn 0.468198091 0.0501996949 0.882196546
vn 0.566465259 0.0592962727 0.821949661
vn 0.571022809 0.0587022565 0.818832815
vn 0.518511593 0.0547011271 0.853319228
vn 0.779188871 0.076598838 0.622091174
vn 0.73479563 0.0743994787 0.674196064
vn 0.673420727 0.0691020489 0.73602277
vn 0.679391384 0.0682990476 0.730590761
vn 0.625696421 0.0644995421 0.777395666
vn 0.776007414 0.0770006701 0.626006007
vn 0.860824168 0.086402379 0.501514137
vn 0.861500323 0.0866999775 0.500300229
vn 0.988997221 0.103499703 0.105699725
vn 0.983203888 0.103100397 0.150600627
vn 0.981490672 0.10069903 0.162898481
vn 0.963454664 0.0992953032 0.248788327
vn 0.960589588 0.09699893 0.260497212
vn 0.946094692 0.0957994387 0.309398293
vn 0.922094405 0.0926993936 0.375697762
vn 0.934222519 0.0890021175 0.34540838
vn 0.911564231 0.0908963978 0.400984317
vn 0.994034052 0.0951032639 0.0534018427
vn 0.992888629 0.106398791 0.0533994064
vn 0.993667901 0.102996677 0.0448985659
vn 0.0867996514 0.0213997979 0.995996058
vn 0.134495705 0.0169993415 0.990768492
vn 0.210994884 0.0202993955 0.977276444
vn 0.203299969 0.0248998832 0.978799999
vn 0.34679997 0.0317998901 0.937399983
vn 0.33600226 0.0377001464 0.941106439
vn 0.469777435 0.0445977561 0.88165772
vn 0.458913565 0.0472012982 0.887226343
vn 0.566785216 0.052698534 0.822178662
vn 0.556387246 0.0552986413 0.829081178
vn 0.673833072 0.0613029264 0.736336231
vn 0.664103985 0.0639003068 0.744904518
vn 0.776492119 0.0693992302 0.626293719
vn 0.76767081 0.0720971897 0.636775851
vn 0.861589074 0.0765989795 0.501793742
vn 0.854213536 0.0795012042 0.51380825
vn 0.922983348 0.0824984834 0.375893295
vn 0.91756475 0.0854966864 0.38828516
vn 0.961484075 0.0870985314 0.260695696
vn 0.962472439 0.0862975121 0.257292658
vn 0.969174922 0.0845977962 0.231394053
vn 0.20510228 0.063000828 -0.976710975
vn 0.0846982375 0.00739996508 -0.996379316
vn 0.0977997556 0.0147000831 -0.995097637
vn 0.459307581 0.0368007198 -0.88751477
vn 0.352087557 0.0361988358 -0.935266972
vn 0.335707903 0.0503013022 -0.94062227
vn 0.253303289 0.0120002721 -0.967312634
vn 0.226490468 0.0356986187 -0.973359168
vn 0.768281519 0.063198559 -0.636984766
vn 0.658678234 0.0554982647 -0.75037533
vn 0.664629698 0.0538025051 -0.745233357
vn 0.569502592 0.0494003296 -0.820503831
vn 0.556594908 0.051399637 -0.829192638
vn 0.516522467 0.044102028 -0.855137289
vn 0.449110627 0.0413010865 -0.892521203
vn 0.958820522 0.0807017758 -0.272305876
vn 0.915691078 0.0766993091 -0.394496202
vn 0.91839385 0.0754995421 -0.388397455
vn 0.856511593 0.0711010247 -0.511206985
vn 0.854868531 0.0715974271 -0.513881087
vn 0.819141686 0.0673034936 -0.569629014
vn 0.768551171 0.063196063 -0.636659563
vn 0.962921977 0.0851019844 -0.256005883
vn 0.982772589 0.0874975845 -0.162795454
vn 0.982696474 0.0875997171 -0.163199425
vn 0.994220138 0.091901876 -0.055501122
vn 0.99429065 0.0924991444 -0.0531994961
vn 0.995600045 0.0919000208 -0.0182999931
vn 0.993679047 0.10639777 -0.0357992351
vn 0.993518829 0.100501925 -0.0531010032
vn 0.990293026 0.10329929 -0.0929993391
vn 0.981365502 0.102396429 -0.162594274
vn 0.988583267 0.0946984217 -0.11719802
vn 0.945908964 0.09470094 -0.310302973
vn 0.973074496 0.097197488 -0.208994538
vn 0.924429715 0.0915029943 -0.370211959
vn 0.92240268 0.0904003158 -0.375501156
vn 0.875946522 0.0863046572 -0.474625289
vn 0.861314654 0.0814014524 -0.501508594
vn 0.836190939 0.081199199 -0.542394161
vn 0.77618897 0.0760990009 -0.625891149
vn 0.777717829 0.0759018287 -0.624014378
vn 0.673594713 0.0665995777 -0.736094296
vn 0.679612875 0.0658013448 -0.730613887
vn 0.56659919 0.0573000237 -0.821998954
vn 0.571589708 0.056599088 -0.818585396
vn 0.476998746 0.0478999838 -0.877597809
vn 0.469789088 0.0459990427 -0.881579638
vn 0.433088779 0.0439989716 -0.90027684
vn 0.35991776 0.0371019468 -0.932246149
vn 0.346895576 0.0310997181 -0.937388122
vn 0.287387997 0.0294988826 -0.957360089
vn 0.125401288 0.0138002606 -0.992010236
vn 0.165199608 0.0179000758 -0.986097813
vn 0.211105898 0.0163005758 -0.977327406
vn 0.224697009 0.021699829 -0.974187136
vn 0.270412117 0.0278013647 -0.962343335
vn 0.0983030125 0.00720034027 -0.995130599
vn 0.0979961976 0.00709984452 -0.995161533
vn 0.0744986758 0.00879996363 -0.997182429
vn 0.959095418 0.112199508 -0.259898782
vn 0.961616755 0.0862015411 -0.260504574
vn 0.922891557 0.0843992755 -0.375696599
vn 0.918014646 0.0809013471 -0.388206273
vn 0.861575544 0.0780978575 -0.501585841
vn 0.854677439 0.0744980946 -0.513786495
vn 0.776535094 0.070403263 -0.626128376
vn 0.768068731 0.0667973533 -0.63687408
vn 0.673916578 0.0618016124 -0.736218095
vn 0.664403737 0.0582004264 -0.745104313
vn 0.566822827 0.0530022345 -0.822133183
vn 0.55672276 0.0493021235 -0.829234123
vn 0.469816744 0.0447017066 -0.881631553
vn 0.459196329 0.0408997834 -0.887392998
vn 0.346707433 0.0350008644 -0.937320173
vn 0.336312205 0.0280011352 -0.941334307
vn 0.2110084 0.021900991 -0.977239013
vn 0.201206043 0.0153005794 -0.979429603
vn 0.132500872 0.0123001998 -0.991106689
vn 0.0498998985 0.0106000984 -0.998698115
vn 0.0303002447 0.00810018554 -0.999508142
vn 0.0743973628 0.01129972 -0.997164845
vn 0.0801021755 0.0109004164 -0.996727228
vn 0.0795967802 0.0115996515 -0.996759832
vn 0.0740984231 0.0119998641 -0.997178853
vn 0.0756973103 0.0114997113 -0.99706471
vn 0.0608982146 0.0120997652 -0.998070836
vn 0.0537001006 0.0105001405 -0.998502016
vn 0.0659007877 0.0151003022 -0.997712076
vn 0.0319014937 0.00940056052 -0.999446988
vn 0.0229993202 0.0113997832 -0.999670565
vn 0.0306998491 0.00820008013 -0.999495208
vn 0.421786308 0.073997505 0.903670788
vn 0.121501617 0.0188001338 0.992413282
vn 0.14660795 0.0167007893 0.989053786
vn 0.790086985 0.374893844 0.484992117
vn 0.613093495 0.219197616 0.758992076
vn 0.476309776 0.230904669 0.848417521
vn 0.273210466 0.0522018932 0.960536957
vn 0.138900369 0.00269988948 0.990302801
vn 0.135701224 0.00899996329 0.990709066
vn 0.273611337 0.0500019602 0.960539877
vn 0.236003757 0.0163001455 0.971615553
vn 0.245302618 0.0628005639 0.967410445
vn 0.199405819 0.0440011732 0.978928745
vn 0.11300128 -0.0191003364 0.993411362
vn 0.693637967 0.3076168 0.651335835
vn 0.642784059 0.277593046 0.713982403
vn 0.721024394 0.318210721 0.615520895
vn 0.727517486 0.319007635 0.607414722
vn 0.751488984 0.339994997 0.565391839
vn 0.821731925 0.387215048 0.418116361
vn 0.926811576 0.289403617 0.239303038
vn 0.860718668 0.381208271 0.33740741
vn 0.791013598 0.355506092 0.497908652
vn 0.788789392 0.356395185 0.500793397
vn 0.86732918 0.382812917 0.318110794
vn 0.822211325 0.41390568 0.390705526
vn 0.86620748 0.399903476 0.299602687
vn 0.905580044 0.414690882 0.0891980901
vn 0.900653481 0.413878649 0.132393226
vn 0.899349034 0.400721878 0.174909592
vn 0.890810788 0.406504959 0.203002527
vn 0.881973624 0.404487938 0.24189283
vn 0.909101784 0.414900869 0.0373001285
vn 0.910503328 0.410901517 0.0463002212
vn 0.928910196 0.366804063 0.0508006103
vn 0.992033124 0.117703937 0.0449015163
vn 0.992348492 0.116705716 0.0403019898
vn 0.984715283 0.116801813 0.129202023
vn 0.987202287 0.119500265 0.105600268
vn 0.981943727 0.114605099 0.150506735
vn 0.968711555 0.114301346 0.220302671
vn 0.96224457 0.110805117 0.248611569
vn 0.944664657 0.109595872 0.309188455
vn 0.936075211 0.109297082 0.334391177
vn 0.932337403 0.107904308 0.345113873
vn 0.910336971 0.103504166 0.400716335
vn 0.879396021 0.100799501 0.465297937
vn 0.860788941 0.0945987403 0.500093639
vn 0.792901218 0.0891000777 0.602800965
vn 0.778429151 0.0852031186 0.621923387
vn 0.734314919 0.0797015429 0.67411375
vn 0.692426205 0.0755027831 0.717527211
vn 0.679107904 0.0719007626 0.730508566
vn 0.625606358 0.066400595 0.777308047
vn 0.592200398 0.0632999539 0.803300738
vn 0.571106911 0.0582006164 0.818809986
vn 0.518612802 0.0537012331 0.853321195
vn 0.500523984 0.0523024052 0.864141464
vn 0.468578607 0.0452978313 0.882259846
vn 0.287512243 0.0289011206 0.957340896
vn 0.357903808 0.0320002362 0.933210075
vn 0.221410409 0.0214008931 0.974945962
vn 0.165193692 0.01979913 0.986062527
vn 0.143697336 0.0217994787 0.989381731
vn 0.116693966 0.0153990872 0.993048728
vn 0.147599131 0.0173997823 0.988894343
vn 0.141502142 0.0156001206 0.989815116
vn 0.139803231 0.0176002923 0.990023017
vn 0.527186096 0.0499985851 0.848277748
vn 0.501309454 0.0501008518 0.8638165
vn 0.618633032 0.063103281 0.783141971
vn 0.592207909 0.0631007552 0.803310871
vn 0.712126851 0.0778028518 0.697726369
vn 0.691589296 0.0777987167 0.718088925
vn 0.80080688 0.0927007347 0.591705143
vn 0.79170984 0.0928010866 0.603807569
vn 0.875133157 0.105603948 0.472217947
vn 0.878036678 0.105504356 0.466819555
vn 0.928027153 0.114403315 0.354510397
vn 0.934997976 0.113799721 0.335899323
vn 0.96161741 0.11950215 0.247004509
vn 0.96793443 0.11810419 0.221707925
vn 0.980520785 0.121402569 0.154403314
vn 0.984249473 0.119593851 0.130193338
vn 0.991080642 0.122097626 0.053398978
vn 0.992042542 0.119005114 0.0411017798
vn 0.130694881 0.0178991817 0.991261244
vn 0.14070496 0.0152004203 0.98993504
vn 0.259111822 0.0242009927 0.965544224
vn 0.259893924 0.022399364 0.965377569
vn 0.258206189 0.0227004327 0.965823233
vn 0.256402791 0.0298002139 0.966110647
vn 0.266895324 0.0291993767 0.963283241
vn 0.121699341 0.018499786 0.992394805
vn 0.132893503 0.0124992728 0.991051674
vn 0.261205077 0.0226003285 0.965018868
vn 0.260302335 0.0248001106 0.965208769
vn 0.401394457 0.0386993587 0.915087461
vn 0.403394282 0.0341994129 0.914387107
vn 0.387197405 0.035999652 0.921293974
vn 0.385492384 0.0413990766 0.921781898
vn 0.422680497 0.0429979153 0.905258358
vn 0.948218763 0.314106256 0.0471009761
vn 0.934133828 0.352612823 0.0553020537
vn 0.923714995 0.352405757 0.150202498
vn 0.908941805 0.376917332 0.178208262
vn 0.614887357 0.218695462 0.757684588
vn 0.615079522 0.217492685 0.757874846
vn 0.743917704 0.255706042 0.617414773
vn 0.728819788 0.261707097 0.632717371
vn 0.809931695 0.285011142 0.512620211
vn 0.797279239 0.291992366 0.528286397
vn 0.858856082 0.308784217 0.408679187
vn 0.849213839 0.316205144 0.422906965
vn 0.892464876 0.326887161 0.310887843
vn 0.885716736 0.33400631 0.322406143
vn 0.911729574 0.33941099 0.231407583
vn 0.979688942 0.190697849 0.0619993284
vn 0.977456331 0.199991077 0.0676970035
vn 0.964420557 0.197804213 0.175403789
vn 0.968594432 0.190998912 0.159199134
vn 0.945262253 0.186892524 0.267489403
vn 0.952737153 0.179206967 0.245309606
vn 0.912760198 0.172292456 0.370383918
vn 0.925499976 0.16399999 0.341400057
vn 0.863577783 0.153795987 0.480187714
vn 0.883685172 0.145197526 0.444992602
vn 0.796582997 0.13179712 0.589987457
vn 0.825321198 0.123403117 0.551014185
vn 0.715718806 0.107802771 0.690018237
vn 0.750892997 0.100099005 0.652794003
vn 0.615608692 0.0826010853 0.783711195
vn 0.607596338 0.11279925 0.786195397
vn 0.427498877 0.0829996839 0.900197744
vn 0.417883098 0.125694826 0.899763763
vn 0.302206755 0.0917019546 0.948821425
vn 0.47010234 0.0728002712 0.879604518
vn 0.424001992 0.143600583 0.894204378
vn 0.605313957 0.197804466 0.771017909
vn 0.619599104 0.137399733 0.772799015
vn 0.753969789 0.161393479 0.63677454
vn 0.732284069 0.172896191 0.658685744
vn 0.824507475 0.189701676 0.533104837
vn 0.805313706 0.203003392 0.557009518
vn 0.87759006 0.21619752 0.427895218
vn 0.862363517 0.230490208 0.450781018
vn 0.914176822 0.239493906 0.326991737
vn 0.902957678 0.253788114 0.346783817
vn 0.936859012 0.258988678 0.234989777
vn 0.92911607 0.27210471 0.250404418
vn 0.949304283 0.274501264 0.153200746
vn 0.944291115 0.285397321 0.163898498
vn 0.956576645 0.285693049 0.0577986278
vn 0.969709456 0.237802342 0.0558005795
vn 0.988496482 0.142599508 0.0503998473
vn 0.987891197 0.145298719 0.0543995388
vn 0.976591051 0.142198682 0.16139856
vn 0.97586149 0.143194348 0.164893523
vn 0.957178056 0.139096797 0.25389424
vn 0.956026196 0.14000383 0.257707119
vn 0.922757983 0.133593887 0.361483604
vn 0.922582507 0.133697435 0.361893207
vn 0.86896646 0.124395147 0.478981555
vn 0.872200906 0.123500079 0.473300546
vn 0.793773949 0.1110963 0.59798044
vn 0.803704739 0.109300591 0.584903538
vn 0.704921305 0.0948027968 0.702921271
vn 0.720912337 0.0926015154 0.686811805
vn 0.612073004 0.0777964815 0.78696543
vn 0.61037761 0.0778970569 0.788271129
vn 0.524488151 0.0558986403 0.849580884
vn 0.429996789 0.0452995598 0.901693344
vn 0.388600558 0.0304999389 0.920901477
vn 0.258198172 0.0195997488 0.965893328
vn 0.259785622 0.0205987487 0.965446711
vn 0.130903289 0.0118001811 0.991325021
vn 0.125595927 0.00519971363 0.992067933
vn 0.258091748 0.0170995723 -0.965969265
vn 0.979766607 0.190493539 -0.0613978915
vn 0.0981007591 0.0117002102 -0.99510783
vn 0.139895186 0.0140996343 -0.990066051
vn 0.121805176 0.0149007533 -0.99244231
vn 0.138900861 -0.000499885122 -0.990306258
vn 0.132702708 0.00840029027 -0.991120398
vn 0.125597402 0.00190007931 -0.992079675
vn 0.125695884 0.0016000662 -0.992067695
vn 0.165203854 0.016400503 -0.986123204
vn 0.140301988 0.0137003129 -0.990014136
vn 0.145595089 0.0123997014 -0.989266753
vn 0.146698982 0.0132000279 -0.989093244
vn 0.142601311 0.018400291 -0.989609241
vn 0.125400767 0.0141002052 -0.992006063
vn 0.360383242 0.0288987719 -0.932356775
vn 0.28760305 0.025500387 -0.957410276
vn 0.270493299 0.0257994793 -0.962376297
vn 0.477007866 0.0475008972 -0.877614617
vn 0.593812585 0.0565012991 -0.802617192
vn 0.571526587 0.0579028018 -0.818538189
vn 0.69342798 0.0709029511 -0.717028975
vn 0.67917645 0.0715976134 -0.73047471
vn 0.777246535 0.0817944556 -0.623857141
vn 0.793411076 0.0865012929 -0.602508545
vn 0.835297465 0.0910997912 -0.54219842
vn 0.874894977 0.0974995047 -0.474397361
vn 0.879686475 0.0991985425 -0.465092897
vn 0.923265696 0.103396215 -0.369986266
vn 0.936274409 0.1081971 -0.334190905
vn 0.944493175 0.108499259 -0.310097754
vn 0.969461501 0.110395655 -0.218991324
vn 0.971818924 0.109402157 -0.208804071
vn 0.986108601 0.117901057 -0.117001019
vn 0.984790921 0.116498955 -0.128898829
vn 0.988835514 0.116504207 -0.0929033309
vn 0.992123306 0.118502811 -0.0406009443
vn 0.992415309 0.117601834 -0.035800539
vn 0.947714329 0.313804775 -0.058000844
vn 0.909012318 0.415005684 -0.038300477
vn 0.910085022 0.411993295 -0.0447992161
vn 0.905420482 0.415209472 -0.0884019583
vn 0.900605917 0.41420278 -0.131700829
vn 0.785442412 0.370320082 -0.495926827
vn 0.829097748 0.389199018 -0.401398897
vn 0.840513408 0.389106303 -0.377006024
vn 0.868690312 0.376595855 -0.321796358
vn 0.929243028 0.285913289 -0.234010831
vn 0.618907988 0.1991027 -0.759809971
vn 0.615091503 0.218797088 -0.757489622
vn 0.625675738 0.256890178 -0.736571431
vn 0.687224805 0.302811056 -0.660323858
vn 0.727996767 0.318898708 -0.606897295
vn 0.733013511 0.325806141 -0.597111046
vn 0.789089084 0.356995136 -0.499893129
vn 0.787498832 0.354299545 -0.504299223
vn 0.838686883 0.372294277 -0.397493839
vn 0.850026071 0.406312555 -0.335210264
vn 0.866429627 0.400313795 -0.298410207
vn 0.282185614 -0.00409967685 -0.959351182
vn 0.277691513 0.0239993818 -0.96037066
vn 0.272415102 0.0775044262 -0.959053338
vn 0.991476238 0.118797176 -0.0534987114
vn 0.991612315 0.122301541 -0.0418005101
vn 0.981100678 0.118200101 -0.153200105
vn 0.983874559 0.121996872 -0.130796611
vn 0.962392807 0.115899175 -0.245698169
vn 0.96755594 0.120094568 -0.22228989
vn 0.928758144 0.111295037 -0.353584081
vn 0.934772491 0.114496686 -0.336290121
vn 0.875575244 0.103397146 -0.471886724
vn 0.878174663 0.104497053 -0.466786593
vn 0.800589979 0.092098929 -0.592092693
vn 0.792455077 0.0894062966 -0.603341937
vn 0.7113235 0.0780026689 -0.698523104
vn 0.692715943 0.0729017705 -0.717516541
vn 0.617501676 0.0635002777 -0.784002244
vn 0.593424439 0.0575024746 -0.8028332
vn 0.385801286 0.037900243 -0.921803236
vn 0.388282508 0.0297987703 -0.921058655
vn 0.401998907 0.0343000181 -0.914997637
vn 0.134805724 0.00770044653 -0.990842223
vn 0.159492999 0.0259989817 -0.986856818
vn 0.250812918 0.0414022505 -0.967149973
vn 0.251499325 0.0430999994 -0.966897488
vn 0.429412276 0.0721021816 -0.900225878
vn 0.417608351 0.125502616 -0.899918079
vn 0.422210097 0.140003473 -0.895621538
vn 0.47489956 0.0599000566 -0.877999306
vn 0.470990062 0.221095473 -0.853982091
vn 0.139599621 0.014800081 -0.990097523
vn 0.132096633 0.0110998359 -0.991174817
vn 0.260605186 0.0209005326 -0.965219319
vn 0.408006817 0.0397007763 -0.912115395
vn 0.401489258 0.0354991667 -0.915175676
vn 0.259010613 0.0213009901 -0.96563971
vn 0.259791881 0.0193995126 -0.965469956
vn 0.258294493 0.0189997107 -0.9658795
vn 0.256495982 0.0263997037 -0.966184914
vn 0.22490342 0.0180003904 -0.974214852
vn 0.934446573 0.352417618 -0.0511025153
vn 0.918763757 0.351186216 -0.180392846
vn 0.899558425 0.400781512 -0.173691943
vn 0.889690578 0.40709573 -0.206697792
vn 0.130293995 0.0154994046 -0.991354406
vn 0.124202773 0.00830030441 -0.99222225
vn 0.261291593 0.0191994999 -0.965069056
vn 0.25919655 0.0162998997 -0.965687215
vn 0.433184832 0.0310990214 -0.900768518
vn 0.419802606 0.0786006004 -0.904205739
vn 0.624510407 0.112901993 -0.772813082
vn 0.601908863 0.210903227 -0.770211518
vn 0.732371211 0.250190288 -0.633275092
vn 0.742453992 0.263583779 -0.615861833
vn 0.801068962 0.28068921 -0.52867949
vn 0.808189332 0.293296218 -0.510693252
vn 0.852978051 0.305792212 -0.42298916
vn 0.856888533 0.316895872 -0.406594604
vn 0.88912791 0.325110286 -0.322110116
vn 0.890485704 0.334094733 -0.308895022
vn 0.912219703 0.338707387 -0.230504975
vn 0.906015456 0.39700684 -0.146702468
vn 0.720107198 0.0937010273 -0.687506974
vn 0.748422205 0.110103369 -0.654019475
vn 0.800815523 0.117802359 -0.58721143
vn 0.823004544 0.134000808 -0.552003086
vn 0.867233336 0.141005501 -0.47751838
vn 0.881606579 0.155301243 -0.445703328
vn 0.915803075 0.161100611 -0.367901266
vn 0.923725784 0.173104897 -0.341709554
vn 0.947704673 0.177400917 -0.265301317
vn 0.951195717 0.187099189 -0.245398894
vn 0.966329932 0.190005928 -0.173505366
vn 0.967267454 0.197693393 -0.159094632
vn 0.977541447 0.199808493 -0.0670028254
vn 0.969804525 0.237601131 -0.0550002344
vn 0.615881801 0.079897739 -0.783776939
vn 0.602004886 0.131401181 -0.787606537
vn 0.73691541 0.156103387 -0.65771389
vn 0.751326442 0.174206227 -0.636522472
vn 0.810355842 0.185289994 -0.555869758
vn 0.821402967 0.204300836 -0.532501996
vn 0.867529094 0.21290721 -0.449515104
vn 0.874233782 0.23120901 -0.42691654
vn 0.907916367 0.23730436 -0.345506221
vn 0.910683513 0.253995478 -0.325794101
vn 0.933567822 0.257691175 -0.249091417
vn 0.93348974 0.271997094 -0.233697444
vn 0.947912157 0.273903579 -0.162602067
vn 0.946372092 0.285091668 -0.15199551
vn 0.957571805 0.285391629 -0.0400987901
vn 0.928669214 0.36648789 -0.057098072
vn 0.988363206 0.142394736 -0.0534979999
vn 0.988144994 0.145291939 -0.0495972298
vn 0.976194382 0.141599223 -0.164299056
vn 0.976518691 0.142802775 -0.161303103
vn 0.956469297 0.138095617 -0.257091731
vn 0.957143068 0.139306322 -0.253911406
vn 0.922920108 0.132402942 -0.361507863
vn 0.923022747 0.132503316 -0.361208916
vn 0.87211591 0.123302326 -0.473508716
vn 0.869773507 0.121396385 -0.478285521
vn 0.803021431 0.110503033 -0.585615695
vn 0.795336485 0.106004938 -0.596827447
vn 0.719802737 0.094600454 -0.687702656
vn 0.706989884 0.0882988274 -0.701690018
vn 0.610097706 0.0746998265 -0.7887972
vn 0.612079918 0.0755976215 -0.787174284
vn 0.524718702 0.0529019982 -0.849630475
vn 0.526081026 0.0498983115 -0.848969519
vn 0.502320707 0.0445019379 -0.863535643
vn 0.501777947 0.0461980738 -0.86376214
vn 0.433278084 0.0403980687 -0.900354564
vn -0.366592765 0.930381715 1.10910129e-07
vn -0.773725569 0.633520961 7.55215765e-08
vn -0.773676574 0.633580863 7.55287175e-08
vn -0.984407783 0.175901413 2.09690807e-08
vn -0.120403044 0.992725253 1.18342058e-07
vn -0.504372418 -0.774057746 0.382679015
vn -0.541202664 -0.830704212 0.130500555
vn -0.0713026375 -0.109404184 0.991436839
vn -0.0887954161 -0.148292482 0.984949291
vn -0.213909313 -0.320614129 0.922740281
vn -0.232703388 -0.357105345 0.904613256
vn -0.332298905 -0.509998441 0.793397427
vn -0.367890269 -0.601784289 0.708881199
vn -0.433091521 -0.664687157 0.608788073
vn -0.545922995 -0.837835431 -9.98777523e-08
vn -0.0713026375 -0.109403946 -0.991436839
vn -0.165594429 -0.320189178 -0.932768822
vn -0.125095457 -0.150494426 -0.980664492
vn -0.232703388 -0.357105136 -0.904613376
vn -0.541202664 -0.830704153 -0.130500764
vn -0.504372418 -0.774057686 -0.382679194
vn -0.38601464 -0.592422485 -0.707126915
vn -0.394697934 -0.675896466 -0.622396827
vn -0.332298905 -0.509998202 -0.793397546
vn 0.000199999995 -9.98808027e-05 -1.00000012
vn -0.000300000014 1.1920929e-07 -1.00000012
vn 9.99999975e-05 1.1920929e-07 -1.00000012
vn 0.992244005 -0.124305531 -1.48183723e-08
vn 0.863001645 -0.505201101 -6.02246573e-08
vn -0.682182848 -0.731181622 -8.71636345e-08
vn -0.234197378 -0.972189188 -1.15893968e-07
vn -0.225200862 -0.974303842 0.00409990037
vn 0.292096585 -0.95638895 -1.14010433e-07
vn 0.73113513 -0.682232797 -8.132848e-08
vn 0.974311948 -0.225202784 -2.68462603e-08
vn 0.956388831 0.292096615 3.48206264e-08
vn 0.682182848 0.731181622 8.71636345e-08
vn 0.225202754 0.974312067 1.16147035e-07
vn -0.292096585 0.95638895 1.14010433e-07
vn -0.73113513 0.682232797 8.132848e-08
vn -0.974311948 0.225202784 2.68462603e-08
vn -0.956388831 -0.292096615 -3.48206264e-08
vn -0.682232738 -0.73113519 -8.71580994e-08
vn -0.0253994241 0.999677479 1.19170828e-07
vn 0.225200862 0.974303842 -0.00409990037
vn 0.234197378 0.972189188 1.15893968e-07
vn -0.225202754 -0.974312067 -1.16147035e-07
vn 0.648672462 -0.761067808 -9.07263384e-08
vn 0.426211149 -0.904623806 -1.07839547e-07
vn -0.323388457 -0.946266413 -1.12803733e-07
vn -0.676783562 -0.736182153 -8.77597444e-08
vn -0.915812731 -0.401605666 -4.7875119e-08
vn -0.999999762 0.000799999922 9.53674084e-11
vn -0.9151631 0.403083831 4.805133e-08
vn -0.675584316 0.737282872 8.78909603e-08
vn -0.321891993 0.946776509 1.12864541e-07
vn -0.97266984 -0.232192829 -2.76795387e-08
vn -0.751795709 -0.659396291 -7.86061563e-08
vn -0.357001483 -0.934103966 -1.11353856e-07
vn 0.118494608 -0.99295485 -1.18369428e-07
vn -0.255689174 -0.966759205 -1.15246664e-07
vn -0.593918622 -0.804525256 -9.590687e-08
vn -0.848570824 -0.529081881 -6.3071468e-08
vn -0.983812273 -0.179202244 -2.13625704e-08
vn 0.996969223 0.0777976066 9.27419652e-09
vn 0.682232738 0.73113519 8.71580994e-08
vn -0.925397158 0.378998905 4.51801832e-08

# Mesh 'right_index_2-0' with 6444 faces
g right_index_2-0
usemtl rubber
f  1//1 2//1 3//1
f  4//2 5//2 6//2
f  1//3 3//3 6//3
f  6//4 3//4 7//4
f  6//5 7//5 4//5
f  4//6 7//6 8//6
f  4//7 8//7 9//7
f  9//8 8//8 10//8
f  9//9 10//9 11//9
f  11//10 10//10 12//10
f  12//11 10//11 13//11
f  12//12 13//12 14//12
f  14//13 13//13 15//13
f  14//14 15//14 16//14
f  16//15 15//15 17//15
f  16//16 17//16 18//16
f  17//17 19//17 18//17
f  18//18 19//18 20//18
f  18//19 20//19 21//19
f  21//20 20//20 22//20
f  21//21 22//21 23//21
f  23//22 22//22 24//22
f  23//23 24//23 25//23
f  25//24 24//24 26//24
f  25//25 26//25 27//25
f  28//26 29//26 30//26
f  30//27 29//27 31//27
f  32//28 33//28 28//28
f  28//29 30//29 32//29
f  32//30 30//30 34//30
f  32//31 34//31 35//31
f  36//32 37//32 38//32
f  38//33 37//33 39//33
f  40//34 41//34 42//34
f  22//35 43//35 24//35
f  24//36 43//36 40//36
f  24//37 40//37 26//37
f  26//38 40//38 42//38
f  26//39 42//39 27//39
f  27//40 42//40 36//40
f  27//41 36//41 31//41
f  31//42 36//42 38//42
f  31//43 38//43 30//43
f  30//44 38//44 39//44
f  30//45 39//45 34//45
f  19//46 44//46 20//46
f  20//47 44//47 45//47
f  20//48 45//48 22//48
f  22//49 45//49 46//49
f  22//50 46//50 43//50
f  10//51 47//51 13//51
f  13//52 47//52 48//52
f  13//53 48//53 15//53
f  15//54 48//54 49//54
f  15//55 49//55 17//55
f  17//56 49//56 50//56
f  17//57 50//57 19//57
f  19//58 50//58 51//58
f  19//59 51//59 44//59
f  3//60 52//60 7//60
f  7//61 52//61 53//61
f  7//62 53//62 8//62
f  8//63 53//63 54//63
f  8//64 54//64 10//64
f  10//65 54//65 55//65
f  10//66 55//66 47//66
f  56//67 57//67 58//67
f  59//68 60//68 61//68
f  62//69 63//69 64//69
f  64//70 63//70 65//70
f  64//71 65//71 66//71
f  66//72 65//72 59//72
f  66//73 59//73 67//73
f  67//74 59//74 61//74
f  67//75 61//75 68//75
f  56//76 58//76 69//76
f  68//77 70//77 67//77
f  67//78 70//78 71//78
f  67//79 71//79 66//79
f  66//80 71//80 69//80
f  66//81 69//81 64//81
f  64//82 69//82 58//82
f  64//83 58//83 62//83
f  62//84 58//84 72//84
f  73//85 74//85 75//85
f  73//86 75//86 76//86
f  77//87 73//87 78//87
f  78//88 73//88 76//88
f  78//89 76//89 79//89
f  79//90 76//90 80//90
f  79//91 80//91 81//91
f  81//92 80//92 82//92
f  81//93 82//93 83//93
f  83//94 82//94 84//94
f  83//95 84//95 85//95
f  75//96 86//96 76//96
f  76//97 86//97 87//97
f  76//98 87//98 80//98
f  80//99 87//99 88//99
f  80//100 88//100 82//100
f  82//101 88//101 89//101
f  82//102 89//102 84//102
f  90//103 91//103 92//103
f  92//104 91//104 93//104
f  92//105 93//105 94//105
f  95//106 74//106 73//106
f  92//107 96//107 90//107
f  90//108 96//108 95//108
f  90//109 95//109 77//109
f  77//110 95//110 73//110
f  97//111 98//111 99//111
f  100//112 96//112 92//112
f  58//113 57//113 100//113
f  94//114 97//114 92//114
f  92//115 97//115 99//115
f  92//116 99//116 100//116
f  100//117 99//117 72//117
f  100//118 72//118 58//118
f  60//119 101//119 61//119
f  61//120 101//120 102//120
f  61//121 102//121 68//121
f  89//122 103//122 84//122
f  84//123 103//123 104//123
f  84//124 104//124 85//124
f  105//125 106//125 107//125
f  108//126 109//126 110//126
f  111//127 112//127 113//127
f  113//128 104//128 114//128
f  115//129 116//129 117//129
f  117//130 116//130 118//130
f  119//131 120//131 115//131
f  120//132 121//132 115//132
f  115//133 121//133 122//133
f  115//134 122//134 123//134
f  123//135 122//135 124//135
f  123//136 124//136 125//136
f  126//137 127//137 128//137
f  124//138 129//138 125//138
f  125//139 129//139 130//139
f  125//140 130//140 131//140
f  131//141 130//141 132//141
f  126//142 128//142 130//142
f  130//143 128//143 133//143
f  130//144 133//144 132//144
f  134//145 135//145 136//145
f  136//146 135//146 137//146
f  126//147 134//147 127//147
f  127//148 134//148 136//148
f  127//149 136//149 138//149
f  138//150 136//150 139//150
f  138//151 139//151 140//151
f  141//152 142//152 143//152
f  139//153 144//153 141//153
f  140//154 139//154 145//154
f  145//155 139//155 141//155
f  145//156 141//156 146//156
f  146//157 141//157 143//157
f  146//158 143//158 147//158
f  139//159 148//159 144//159
f  144//160 148//160 149//160
f  144//161 149//161 150//161
f  150//162 149//162 151//162
f  150//163 151//163 152//163
f  152//164 151//164 153//164
f  153//165 154//165 152//165
f  152//166 154//166 155//166
f  152//167 155//167 156//167
f  156//168 155//168 157//168
f  156//169 157//169 158//169
f  158//170 157//170 159//170
f  158//171 159//171 160//171
f  161//172 162//172 163//172
f  163//173 162//173 164//173
f  163//174 164//174 165//174
f  165//175 164//175 166//175
f  167//176 161//176 168//176
f  168//177 161//177 163//177
f  168//178 163//178 169//178
f  169//179 163//179 165//179
f  169//180 165//180 170//180
f  171//181 172//181 173//181
f  173//182 174//182 171//182
f  171//183 174//183 175//183
f  171//184 175//184 176//184
f  176//185 177//185 171//185
f  171//186 177//186 178//186
f  171//187 178//187 179//187
f  179//188 178//188 180//188
f  109//189 181//189 182//189
f  109//190 182//190 110//190
f  110//191 182//191 183//191
f  110//192 183//192 184//192
f  104//193 103//193 114//193
f  114//194 103//194 185//194
f  114//195 185//195 110//195
f  110//196 185//196 186//196
f  110//197 186//197 108//197
f  187//198 188//198 136//198
f  136//199 188//199 189//199
f  136//200 189//200 139//200
f  139//201 189//201 190//201
f  139//202 190//202 148//202
f  191//203 192//203 106//203
f  106//204 192//204 193//204
f  106//205 193//205 194//205
f  195//206 196//206 137//206
f  137//207 196//207 197//207
f  137//208 197//208 136//208
f  136//209 197//209 198//209
f  136//210 198//210 187//210
f  153//211 199//211 154//211
f  154//212 199//212 200//212
f  154//213 200//213 201//213
f  202//214 203//214 204//214
f  204//215 205//215 202//215
f  202//216 205//216 206//216
f  202//217 206//217 117//217
f  117//218 206//218 207//218
f  117//219 207//219 115//219
f  115//220 207//220 208//220
f  115//221 208//221 119//221
f  135//222 209//222 137//222
f  137//223 209//223 210//223
f  137//224 210//224 211//224
f  211//225 210//225 212//225
f  211//226 212//226 213//226
f  113//227 114//227 111//227
f  111//228 114//228 110//228
f  111//229 110//229 171//229
f  171//230 110//230 184//230
f  171//231 184//231 172//231
f  214//232 191//232 215//232
f  215//233 191//233 106//233
f  215//234 106//234 216//234
f  216//235 106//235 105//235
f  216//236 105//236 217//236
f  201//237 214//237 154//237
f  154//238 214//238 215//238
f  154//239 215//239 155//239
f  155//240 215//240 216//240
f  155//241 216//241 157//241
f  157//242 216//242 217//242
f  157//243 217//243 159//243
f  159//244 217//244 218//244
f  180//245 170//245 179//245
f  179//246 170//246 165//246
f  179//247 165//247 219//247
f  219//248 165//248 166//248
f  219//249 166//249 220//249
f  194//250 195//250 106//250
f  106//251 195//251 137//251
f  106//252 137//252 107//252
f  107//253 137//253 211//253
f  107//254 211//254 202//254
f  202//255 211//255 213//255
f  202//256 213//256 203//256
f  218//257 217//257 220//257
f  220//258 217//258 105//258
f  220//259 105//259 219//259
f  219//260 105//260 107//260
f  219//261 107//261 179//261
f  179//262 107//262 202//262
f  179//263 202//263 171//263
f  171//264 202//264 117//264
f  171//265 117//265 111//265
f  111//266 117//266 118//266
f  111//267 118//267 112//267
f  221//268 181//268 109//268
f  222//269 223//269 224//269
f  224//270 223//270 225//270
f  224//271 225//271 226//271
f  161//272 167//272 227//272
f  161//273 227//273 228//273
f  229//274 230//274 231//274
f  231//275 230//275 232//275
f  231//276 232//276 223//276
f  223//277 232//277 233//277
f  223//278 233//278 225//278
f  225//279 233//279 228//279
f  225//280 228//280 226//280
f  226//281 228//281 227//281
f  234//282 229//282 235//282
f  235//283 229//283 231//283
f  235//284 231//284 109//284
f  109//285 231//285 223//285
f  109//286 223//286 221//286
f  221//287 223//287 222//287
f  236//288 237//288 238//288
f  237//289 236//289 239//289
f  240//290 241//290 161//290
f  239//291 241//291 237//291
f  237//292 241//292 240//292
f  237//293 240//293 238//293
f  238//294 240//294 242//294
f  238//295 242//295 243//295
f  243//296 242//296 244//296
f  243//297 244//297 245//297
f  246//298 247//298 248//298
f  245//299 244//299 248//299
f  248//300 244//300 249//300
f  248//301 249//301 246//301
f  161//302 228//302 240//302
f  240//303 228//303 233//303
f  240//304 233//304 242//304
f  242//305 233//305 232//305
f  242//306 232//306 244//306
f  244//307 232//307 230//307
f  244//308 230//308 249//308
f  249//309 230//309 229//309
f  249//310 229//310 234//310
f  250//311 251//311 252//311
f  236//312 44//312 51//312
f  236//313 51//313 239//313
f  239//314 51//314 50//314
f  239//315 50//315 253//315
f  253//316 50//316 49//316
f  253//317 49//317 254//317
f  254//318 49//318 48//318
f  254//319 48//319 255//319
f  255//320 48//320 47//320
f  255//321 47//321 256//321
f  256//322 47//322 55//322
f  256//323 55//323 257//323
f  257//324 55//324 258//324
f  258//325 55//325 54//325
f  258//326 54//326 259//326
f  259//327 54//327 260//327
f  260//328 54//328 53//328
f  260//329 53//329 261//329
f  261//330 53//330 52//330
f  261//331 52//331 262//331
f  262//332 52//332 263//332
f  263//333 52//333 3//333
f  263//334 3//334 264//334
f  264//335 3//335 2//335
f  264//336 2//336 265//336
f  265//337 2//337 266//337
f  266//338 2//338 267//338
f  266//339 267//339 268//339
f  267//340 269//340 268//340
f  268//341 269//341 270//341
f  268//342 270//342 271//342
f  270//343 272//343 271//343
f  271//344 272//344 273//344
f  271//345 273//345 274//345
f  273//346 275//346 274//346
f  274//347 275//347 276//347
f  274//348 276//348 277//348
f  277//349 276//349 278//349
f  277//350 278//350 279//350
f  279//351 278//351 280//351
f  250//352 281//352 251//352
f  251//353 281//353 280//353
f  251//354 280//354 282//354
f  282//355 280//355 278//355
f  283//356 284//356 252//356
f  252//357 284//357 285//357
f  252//358 285//358 250//358
f  286//359 287//359 288//359
f  288//360 287//360 283//360
f  288//361 283//361 289//361
f  289//362 283//362 252//362
f  286//363 290//363 287//363
f  287//364 290//364 291//364
f  287//365 291//365 292//365
f  292//366 291//366 293//366
f  292//367 293//367 294//367
f  294//368 293//368 295//368
f  293//369 296//369 295//369
f  295//370 296//370 297//370
f  295//371 297//371 298//371
f  298//372 297//372 299//372
f  298//373 299//373 300//373
f  301//374 302//374 300//374
f  300//375 302//375 303//375
f  300//376 303//376 298//376
f  300//377 304//377 301//377
f  301//378 304//378 305//378
f  301//379 305//379 306//379
f  306//380 305//380 307//380
f  306//381 307//381 308//381
f  307//382 309//382 308//382
f  308//383 309//383 310//383
f  308//384 310//384 311//384
f  311//385 310//385 312//385
f  313//386 314//386 315//386
f  315//387 314//387 311//387
f  315//388 311//388 316//388
f  316//389 311//389 312//389
f  44//390 236//390 45//390
f  45//391 236//391 238//391
f  45//392 238//392 46//392
f  46//393 238//393 243//393
f  46//394 243//394 43//394
f  43//395 243//395 245//395
f  43//396 245//396 248//396
f  248//397 247//397 43//397
f  43//398 247//398 317//398
f  43//399 317//399 40//399
f  40//400 317//400 41//400
f  318//401 319//401 320//401
f  321//402 322//402 323//402
f  143//403 142//403 324//403
f  325//404 326//404 327//404
f  328//405 329//405 330//405
f  330//406 329//406 331//406
f  331//407 329//407 332//407
f  331//408 332//408 333//408
f  334//409 328//409 335//409
f  326//410 336//410 327//410
f  327//411 336//411 337//411
f  327//412 337//412 335//412
f  335//413 337//413 338//413
f  335//414 338//414 334//414
f  339//415 340//415 341//415
f  340//415 339//415 342//415
f  342//416 339//416 343//416
f  342//417 343//417 344//417
f  344//418 343//418 345//418
f  344//419 345//419 346//419
f  346//420 345//420 347//420
f  346//421 347//421 348//421
f  348//422 347//422 349//422
f  348//423 349//423 350//423
f  351//424 352//424 349//424
f  349//425 352//425 353//425
f  349//426 353//426 350//426
f  354//427 355//427 356//427
f  354//428 357//428 355//428
f  355//429 357//429 358//429
f  355//430 358//430 359//430
f  359//431 358//431 360//431
f  359//432 360//432 361//432
f  360//433 362//433 361//433
f  361//434 362//434 363//434
f  361//435 363//435 364//435
f  364//436 363//436 324//436
f  365//437 366//437 363//437
f  363//438 366//438 367//438
f  363//439 367//439 324//439
f  324//440 367//440 147//440
f  324//441 147//441 143//441
f  365//442 363//442 368//442
f  368//443 363//443 320//443
f  368//444 320//444 369//444
f  320//445 370//445 371//445
f  371//446 372//446 320//446
f  320//447 372//447 373//447
f  320//448 373//448 369//448
f  369//449 373//449 374//449
f  369//450 374//450 375//450
f  375//451 374//451 376//451
f  375//452 376//452 377//452
f  377//453 376//453 378//453
f  379//454 380//454 115//454
f  378//455 376//455 125//455
f  125//456 376//456 381//456
f  125//457 381//457 123//457
f  123//458 381//458 382//458
f  123//459 382//459 115//459
f  115//460 382//460 383//460
f  115//461 383//461 379//461
f  380//462 384//462 115//462
f  115//463 384//463 385//463
f  115//464 385//464 116//464
f  331//465 386//465 330//465
f  330//466 386//466 387//466
f  330//467 387//467 388//467
f  388//468 387//468 102//468
f  388//469 102//469 101//469
f  389//470 390//470 391//470
f  391//471 390//471 384//471
f  391//472 384//472 392//472
f  392//473 384//473 380//473
f  389//474 393//474 390//474
f  390//475 393//475 394//475
f  390//476 394//476 395//476
f  395//477 394//477 396//477
f  395//478 396//478 370//478
f  370//479 396//479 397//479
f  370//480 397//480 371//480
f  398//481 399//481 354//481
f  354//482 399//482 400//482
f  354//483 400//483 357//483
f  320//484 319//484 370//484
f  370//485 319//485 401//485
f  370//486 401//486 402//486
f  403//487 404//487 405//487
f  405//488 406//488 403//488
f  403//489 406//489 407//489
f  403//490 407//490 398//490
f  398//491 407//491 408//491
f  398//492 408//492 399//492
f  362//493 409//493 363//493
f  363//494 409//494 410//494
f  363//495 410//495 320//495
f  320//496 410//496 411//496
f  320//497 411//497 318//497
f  328//498 330//498 335//498
f  335//499 330//499 388//499
f  335//500 388//500 323//500
f  323//501 388//501 101//501
f  323//502 101//502 321//502
f  402//503 404//503 370//503
f  370//504 404//504 403//504
f  370//505 403//505 395//505
f  395//506 403//506 412//506
f  395//507 412//507 390//507
f  413//508 352//508 414//508
f  414//509 352//509 351//509
f  414//510 351//510 415//510
f  415//511 351//511 349//511
f  415//512 349//512 416//512
f  416//513 349//513 347//513
f  343//514 412//514 345//514
f  345//515 412//515 403//515
f  345//516 403//516 347//516
f  347//517 403//517 398//517
f  347//518 398//518 416//518
f  416//519 398//519 354//519
f  416//520 354//520 415//520
f  415//521 354//521 356//521
f  415//522 356//522 414//522
f  341//523 417//523 339//523
f  339//524 417//524 325//524
f  339//525 325//525 343//525
f  343//526 325//526 327//526
f  343//527 327//527 412//527
f  412//528 327//528 335//528
f  412//529 335//529 390//529
f  390//530 335//530 323//530
f  390//531 323//531 384//531
f  384//532 323//532 322//532
f  384//533 322//533 385//533
f  418//534 419//534 420//534
f  420//535 419//535 421//535
f  420//536 421//536 422//536
f  423//537 424//537 425//537
f  425//538 424//538 426//538
f  425//539 426//539 427//539
f  420//540 422//540 428//540
f  429//541 430//541 431//541
f  431//542 430//542 432//542
f  431//543 432//543 433//543
f  433//544 432//544 434//544
f  433//545 434//545 435//545
f  435//546 434//546 436//546
f  435//547 436//547 428//547
f  428//548 436//548 418//548
f  428//549 418//549 420//549
f  422//550 437//550 428//550
f  428//551 437//551 438//551
f  428//552 438//552 435//552
f  435//553 438//553 439//553
f  435//554 439//554 433//554
f  433//555 439//555 440//555
f  433//556 440//556 431//556
f  431//557 440//557 441//557
f  431//558 441//558 429//558
f  429//559 441//559 442//559
f  443//560 444//560 445//560
f  443//561 445//561 446//561
f  446//562 445//562 447//562
f  446//563 447//563 448//563
f  449//564 427//564 426//564
f  448//565 447//565 450//565
f  450//566 447//566 451//566
f  450//567 451//567 452//567
f  452//568 451//568 449//568
f  452//569 449//569 453//569
f  453//570 449//570 426//570
f  453//571 426//571 424//571
f  427//572 449//572 454//572
f  454//573 449//573 451//573
f  454//574 451//574 455//574
f  455//575 451//575 447//575
f  455//576 447//576 456//576
f  456//577 447//577 445//577
f  456//578 445//578 457//578
f  457//579 445//579 444//579
f  457//580 444//580 458//580
f  429//581 442//581 459//581
f  429//582 459//582 460//582
f  461//583 462//583 459//583
f  459//584 462//584 463//584
f  459//585 463//585 460//585
f  443//586 459//586 444//586
f  444//587 459//587 458//587
f  464//588 461//588 465//588
f  465//589 461//589 459//589
f  465//590 459//590 466//590
f  466//591 459//591 443//591
f  467//592 468//592 469//592
f  469//593 468//593 470//593
f  469//594 470//594 471//594
f  472//595 473//595 474//595
f  474//596 473//596 475//596
f  474//597 475//597 476//597
f  470//598 468//598 477//598
f  478//599 479//599 480//599
f  480//600 479//600 481//600
f  480//601 481//601 482//601
f  482//602 481//602 483//602
f  482//603 483//603 484//603
f  484//604 483//604 485//604
f  485//605 483//605 486//605
f  485//606 486//606 477//606
f  477//607 486//607 487//607
f  477//608 487//608 470//608
f  479//609 488//609 481//609
f  481//610 488//610 489//610
f  481//611 489//611 483//611
f  483//612 489//612 490//612
f  483//613 490//613 486//613
f  486//614 490//614 491//614
f  486//615 491//615 487//615
f  487//616 491//616 471//616
f  487//617 471//617 470//617
f  492//618 472//618 493//618
f  493//619 472//619 474//619
f  493//620 474//620 476//620
f  492//621 493//621 494//621
f  494//622 493//622 495//622
f  494//623 495//623 496//623
f  496//624 495//624 497//624
f  496//625 497//625 498//625
f  498//626 497//626 499//626
f  498//627 499//627 500//627
f  476//628 501//628 493//628
f  493//629 501//629 502//629
f  493//630 502//630 495//630
f  495//631 502//631 503//631
f  495//632 503//632 497//632
f  497//633 503//633 504//633
f  497//634 504//634 499//634
f  499//635 504//635 505//635
f  499//636 505//636 500//636
f  500//637 505//637 506//637
f  506//638 505//638 507//638
f  506//639 507//639 508//639
f  478//640 480//640 507//640
f  507//641 480//641 509//641
f  510//642 508//642 511//642
f  511//643 508//643 507//643
f  511//644 507//644 512//644
f  512//644 507//644 509//644
f  512//645 509//645 513//645
f  514//646 515//646 516//646
f  517//647 518//647 519//647
f  520//648 475//648 473//648
f  521//649 144//649 522//649
f  522//650 144//650 150//650
f  522//651 150//651 473//651
f  521//652 523//652 144//652
f  144//653 523//653 524//653
f  144//654 524//654 141//654
f  141//655 524//655 525//655
f  141//656 525//656 142//656
f  525//657 526//657 142//657
f  142//658 526//658 527//658
f  142//659 527//659 528//659
f  528//660 527//660 529//660
f  528//661 529//661 530//661
f  530//662 529//662 467//662
f  530//663 467//663 469//663
f  531//664 532//664 158//664
f  473//665 150//665 520//665
f  520//666 150//666 152//666
f  520//667 152//667 532//667
f  532//668 152//668 156//668
f  532//669 156//669 158//669
f  533//670 534//670 535//670
f  535//671 534//671 536//671
f  535//672 536//672 537//672
f  538//673 539//673 540//673
f  538//674 540//674 541//674
f  542//675 519//675 543//675
f  543//676 519//676 518//676
f  543//677 518//677 544//677
f  544//678 518//678 545//678
f  546//679 547//679 516//679
f  546//680 516//680 548//680
f  547//681 549//681 516//681
f  516//682 549//682 550//682
f  516//683 550//683 519//683
f  519//684 550//684 551//684
f  519//685 551//685 517//685
f  552//686 553//686 554//686
f  554//687 553//687 555//687
f  554//688 555//688 556//688
f  556//689 555//689 557//689
f  557//690 558//690 559//690
f  557//691 559//691 556//691
f  556//692 559//692 560//692
f  556//693 560//693 516//693
f  516//694 560//694 561//694
f  516//695 561//695 548//695
f  516//696 515//696 556//696
f  556//697 515//697 562//697
f  556//698 562//698 563//698
f  563//699 562//699 564//699
f  563//700 564//700 565//700
f  566//701 567//701 568//701
f  568//702 567//702 569//702
f  568//703 569//703 570//703
f  571//704 572//704 573//704
f  573//705 572//705 574//705
f  573//706 574//706 575//706
f  575//707 576//707 573//707
f  573//708 576//708 577//708
f  573//709 577//709 568//709
f  568//710 577//710 578//710
f  568//711 578//711 566//711
f  579//712 580//712 571//712
f  580//713 581//713 571//713
f  571//714 581//714 582//714
f  571//715 582//715 572//715
f  583//716 584//716 585//716
f  585//717 584//717 586//717
f  585//718 586//718 537//718
f  537//719 586//719 579//719
f  537//720 579//720 535//720
f  535//721 579//721 571//721
f  535//722 571//722 533//722
f  160//723 583//723 158//723
f  158//724 583//724 585//724
f  158//725 585//725 531//725
f  531//726 585//726 537//726
f  531//727 537//727 587//727
f  587//728 537//728 536//728
f  540//729 588//729 541//729
f  541//730 588//730 589//730
f  541//731 589//731 542//731
f  542//732 589//732 590//732
f  542//733 590//733 519//733
f  519//734 590//734 591//734
f  519//735 591//735 592//735
f  592//736 593//736 519//736
f  519//737 593//737 594//737
f  519//738 594//738 516//738
f  516//738 594//738 595//738
f  516//739 595//739 514//739
f  596//740 568//740 565//740
f  565//741 568//741 570//741
f  565//742 570//742 563//742
f  597//743 598//743 539//743
f  539//744 598//744 599//744
f  539//745 599//745 540//745
f  596//746 600//746 568//746
f  568//747 600//747 601//747
f  568//748 601//748 602//748
f  602//749 597//749 568//749
f  568//750 597//750 539//750
f  568//751 539//751 573//751
f  573//752 539//752 538//752
f  573//753 538//753 571//753
f  571//754 538//754 603//754
f  571//755 603//755 533//755
f  604//756 605//756 606//756
f  607//757 608//757 609//757
f  423//758 425//758 610//758
f  530//759 421//759 419//759
f  530//760 419//760 528//760
f  528//761 419//761 611//761
f  528//762 611//762 142//762
f  142//763 611//763 612//763
f  142//764 612//764 324//764
f  612//765 613//765 324//765
f  324//766 613//766 614//766
f  324//767 614//767 364//767
f  364//768 614//768 615//768
f  364//769 615//769 361//769
f  361//770 615//770 616//770
f  361//771 616//771 617//771
f  423//772 610//772 618//772
f  617//773 618//773 361//773
f  361//774 618//774 610//774
f  361//775 610//775 359//775
f  359//776 610//776 619//776
f  359//777 619//777 355//777
f  355//778 619//778 356//778
f  356//779 619//779 620//779
f  356//780 620//780 621//780
f  622//781 413//781 414//781
f  623//782 624//782 625//782
f  625//783 624//783 622//783
f  625//784 622//784 621//784
f  621//785 622//785 414//785
f  621//786 414//786 356//786
f  626//787 627//787 628//787
f  609//788 608//788 626//788
f  626//789 608//789 629//789
f  626//790 629//790 627//790
f  630//791 609//791 631//791
f  631//792 609//792 632//792
f  630//793 633//793 609//793
f  609//794 633//794 634//794
f  609//795 634//795 607//795
f  635//796 636//796 637//796
f  637//797 636//797 638//797
f  638//798 636//798 639//798
f  639//799 636//799 640//799
f  639//800 640//800 641//800
f  641//801 640//801 642//801
f  641//802 642//802 643//802
f  644//803 645//803 646//803
f  646//804 645//804 643//804
f  646//805 643//805 647//805
f  647//806 643//806 642//806
f  648//807 649//807 650//807
f  650//808 649//808 651//808
f  650//809 651//809 552//809
f  651//810 652//810 552//810
f  552//811 652//811 653//811
f  552//812 653//812 553//812
f  553//813 653//813 654//813
f  553//814 654//814 555//814
f  655//815 656//815 606//815
f  606//816 656//816 657//816
f  606//817 657//817 645//817
f  645//818 657//818 658//818
f  645//819 658//819 659//819
f  650//820 643//820 648//820
f  648//821 643//821 645//821
f  648//822 645//822 660//822
f  660//823 645//823 659//823
f  661//824 662//824 663//824
f  663//825 662//825 655//825
f  663//826 655//826 664//826
f  664//827 655//827 606//827
f  664//828 606//828 665//828
f  605//829 666//829 606//829
f  606//830 666//830 667//830
f  606//831 667//831 665//831
f  666//832 668//832 667//832
f  667//833 668//833 669//833
f  667//834 669//834 670//834
f  670//835 669//835 671//835
f  672//836 626//836 623//836
f  623//837 626//837 628//837
f  623//838 628//838 624//838
f  671//839 673//839 670//839
f  670//840 673//840 609//840
f  670//841 609//841 674//841
f  674//842 609//842 626//842
f  674//843 626//843 675//843
f  675//844 626//844 672//844
f  620//845 676//845 621//845
f  621//846 676//846 677//846
f  621//847 677//847 625//847
f  625//848 677//848 678//848
f  625//849 678//849 623//849
f  623//850 678//850 679//850
f  623//851 679//851 672//851
f  680//852 681//852 636//852
f  671//853 682//853 673//853
f  673//854 682//854 683//854
f  673//855 683//855 684//855
f  632//856 609//856 635//856
f  635//857 609//857 673//857
f  635//858 673//858 636//858
f  636//859 673//859 684//859
f  636//860 684//860 680//860
f  681//861 685//861 636//861
f  636//862 685//862 686//862
f  636//863 686//863 640//863
f  644//864 687//864 645//864
f  645//865 687//865 688//865
f  645//866 688//866 606//866
f  606//867 688//867 689//867
f  606//868 689//868 604//868
f  690//869 691//869 692//869
f  693//870 694//870 695//870
f  695//871 694//871 696//871
f  697//872 698//872 699//872
f  700//873 701//873 702//873
f  703//874 704//874 699//874
f  699//875 704//875 705//875
f  699//876 705//876 697//876
f  697//877 705//877 706//877
f  697//878 706//878 707//878
f  707//879 706//879 700//879
f  707//880 700//880 692//880
f  692//881 700//881 702//881
f  692//882 702//882 690//882
f  708//883 709//883 700//883
f  700//884 709//884 710//884
f  700//885 710//885 701//885
f  711//886 712//886 713//886
f  713//887 712//887 714//887
f  713//888 714//888 715//888
f  696//889 716//889 695//889
f  695//890 716//890 715//890
f  695//871 715//871 703//871
f  703//891 715//891 714//891
f  703//892 714//892 704//892
f  704//893 714//893 712//893
f  704//894 712//894 705//894
f  705//895 712//895 717//895
f  705//896 717//896 706//896
f  706//897 717//897 718//897
f  706//898 718//898 700//898
f  700//899 718//899 719//899
f  700//900 719//900 708//900
f  720//901 721//901 722//901
f  711//902 713//902 723//902
f  711//903 723//903 724//903
f  724//903 723//903 725//903
f  724//904 725//904 726//904
f  726//905 727//905 728//905
f  728//906 727//906 729//906
f  728//907 729//907 730//907
f  720//908 722//908 731//908
f  732//909 733//909 722//909
f  722//910 733//910 734//910
f  722//911 734//911 731//911
f  735//912 736//912 722//912
f  722//913 736//913 737//913
f  722//914 737//914 732//914
f  738//915 739//915 727//915
f  727//916 739//916 735//916
f  727//917 735//917 729//917
f  729//918 735//918 722//918
f  729//919 722//919 730//919
f  730//920 722//920 721//920
f  726//921 725//921 727//921
f  727//922 725//922 740//922
f  727//923 740//923 738//923
f  693//924 740//924 694//924
f  694//925 740//925 725//925
f  694//926 725//926 696//926
f  696//927 725//927 723//927
f  696//928 723//928 716//928
f  716//929 723//929 713//929
f  716//930 713//930 715//930
f  741//931 742//931 743//931
f  743//931 742//931 744//931
f  745//931 746//931 747//931
f  747//931 746//931 748//931
f  742//932 749//932 744//932
f  744//932 749//932 750//932
f  751//933 752//933 747//933
f  747//933 752//933 745//933
f  749//931 752//931 750//931
f  750//931 752//931 751//931
f  753//934 754//934 755//934
f  755//934 754//934 756//934
f  737//935 736//935 757//935
f  732//936 737//936 758//936
f  758//937 737//937 757//937
f  758//938 757//938 759//938
f  720//939 731//939 760//939
f  726//940 728//940 761//940
f  728//941 730//941 761//941
f  761//942 730//942 721//942
f  761//943 721//943 762//943
f  762//944 721//944 720//944
f  762//945 720//945 763//945
f  763//946 720//946 760//946
f  732//947 758//947 733//947
f  733//948 758//948 764//948
f  733//949 764//949 734//949
f  734//950 764//950 765//950
f  734//951 765//951 731//951
f  731//952 765//952 766//952
f  731//953 766//953 760//953
f  767//954 768//954 712//954
f  712//955 768//955 769//955
f  712//956 769//956 770//956
f  726//957 761//957 724//957
f  724//958 761//958 771//958
f  724//959 771//959 772//959
f  772//960 773//960 724//960
f  724//961 773//961 774//961
f  724//962 774//962 775//962
f  775//963 776//963 724//963
f  724//964 776//964 777//964
f  724//965 777//965 711//965
f  711//966 777//966 778//966
f  711//967 778//967 712//967
f  712//968 778//968 779//968
f  712//969 779//969 767//969
f  780//970 781//970 709//970
f  780//971 709//971 782//971
f  782//972 709//972 708//972
f  782//973 708//973 783//973
f  783//974 708//974 784//974
f  784//975 708//975 719//975
f  784//976 719//976 785//976
f  718//977 786//977 719//977
f  719//978 786//978 787//978
f  719//979 787//979 785//979
f  770//980 788//980 712//980
f  712//981 788//981 786//981
f  712//982 786//982 717//982
f  717//983 786//983 718//983
f  789//984 691//984 690//984
f  790//985 789//985 791//985
f  791//986 789//986 690//986
f  791//987 690//987 792//987
f  690//988 702//988 792//988
f  792//989 702//989 701//989
f  792//990 701//990 781//990
f  781//991 701//991 710//991
f  781//992 710//992 709//992
f  759//993 757//993 793//993
f  759//994 793//994 794//994
f  793//995 795//995 794//995
f  794//996 795//996 796//996
f  794//997 796//997 797//997
f  797//998 796//998 798//998
f  797//999 798//999 799//999
f  799//1000 798//1000 800//1000
f  799//1001 800//1001 801//1001
f  801//1002 800//1002 802//1002
f  801//1003 802//1003 803//1003
f  803//1004 802//1004 804//1004
f  803//1005 804//1005 805//1005
f  805//1006 804//1006 806//1006
f  805//1007 806//1007 807//1007
f  807//1008 806//1008 808//1008
f  807//1009 808//1009 809//1009
f  809//1010 808//1010 810//1010
f  809//1011 810//1011 811//1011
f  811//1012 810//1012 812//1012
f  811//1013 812//1013 813//1013
f  813//1014 812//1014 814//1014
f  813//1015 814//1015 815//1015
f  815//1016 814//1016 816//1016
f  816//1017 817//1017 815//1017
f  815//1018 817//1018 818//1018
f  815//1019 818//1019 819//1019
f  819//1020 818//1020 820//1020
f  819//1021 820//1021 821//1021
f  821//1022 820//1022 822//1022
f  821//1023 822//1023 823//1023
f  822//1024 824//1024 823//1024
f  823//1025 824//1025 825//1025
f  823//1026 825//1026 826//1026
f  825//1027 827//1027 826//1027
f  826//1028 827//1028 828//1028
f  826//1029 828//1029 829//1029
f  829//1030 828//1030 830//1030
f  829//1031 830//1031 831//1031
f  831//1032 830//1032 832//1032
f  831//1033 832//1033 833//1033
f  832//1034 834//1034 833//1034
f  833//1035 834//1035 835//1035
f  833//1036 835//1036 836//1036
f  836//1037 835//1037 837//1037
f  836//1038 837//1038 838//1038
f  837//1039 839//1039 838//1039
f  838//1040 839//1040 840//1040
f  838//1041 840//1041 841//1041
f  841//1042 840//1042 842//1042
f  841//1043 842//1043 843//1043
f  842//1044 844//1044 843//1044
f  843//1045 844//1045 845//1045
f  843//1046 845//1046 846//1046
f  845//1047 847//1047 846//1047
f  846//1048 847//1048 848//1048
f  846//1049 848//1049 849//1049
f  849//1050 848//1050 850//1050
f  849//1051 850//1051 851//1051
f  851//1052 850//1052 852//1052
f  850//1053 853//1053 852//1053
f  852//1054 853//1054 854//1054
f  852//1055 854//1055 855//1055
f  855//1056 854//1056 856//1056
f  855//1057 856//1057 857//1057
f  856//1058 858//1058 857//1058
f  857//1059 858//1059 859//1059
f  857//1060 859//1060 860//1060
f  860//1061 859//1061 861//1061
f  859//1062 862//1062 861//1062
f  861//1063 862//1063 863//1063
f  861//1064 863//1064 864//1064
f  864//1065 863//1065 865//1065
f  864//1066 865//1066 866//1066
f  866//1067 865//1067 867//1067
f  866//1068 867//1068 868//1068
f  867//1069 869//1069 868//1069
f  868//1070 869//1070 870//1070
f  868//1071 870//1071 871//1071
f  871//1072 870//1072 872//1072
f  871//1073 872//1073 873//1073
f  873//1074 872//1074 874//1074
f  873//1075 874//1075 875//1075
f  875//1076 874//1076 876//1076
f  876//1077 874//1077 877//1077
f  876//1078 877//1078 878//1078
f  879//1079 880//1079 881//1079
f  878//1080 877//1080 880//1080
f  880//1081 877//1081 882//1081
f  880//1082 882//1082 881//1082
f  881//1083 883//1083 879//1083
f  879//1084 883//1084 884//1084
f  879//1085 884//1085 885//1085
f  885//1086 884//1086 886//1086
f  885//1087 886//1087 887//1087
f  887//1088 886//1088 888//1088
f  887//1089 888//1089 889//1089
f  889//1090 888//1090 890//1090
f  889//1091 890//1091 891//1091
f  891//1092 890//1092 892//1092
f  891//1093 892//1093 893//1093
f  893//1094 892//1094 894//1094
f  893//1095 894//1095 895//1095
f  895//1096 894//1096 896//1096
f  895//1097 896//1097 897//1097
f  897//1098 896//1098 898//1098
f  897//1099 898//1099 899//1099
f  899//1100 898//1100 900//1100
f  900//1101 898//1101 901//1101
f  900//1102 901//1102 902//1102
f  902//1103 901//1103 903//1103
f  902//1104 903//1104 904//1104
f  904//1105 903//1105 905//1105
f  904//1106 905//1106 906//1106
f  906//1107 905//1107 907//1107
f  907//1108 905//1108 908//1108
f  907//1109 908//1109 909//1109
f  909//1110 908//1110 910//1110
f  909//1111 910//1111 911//1111
f  910//1112 912//1112 911//1112
f  911//1113 912//1113 789//1113
f  911//1114 789//1114 790//1114
f  913//1115 914//1115 382//1115
f  913//1116 382//1116 915//1116
f  382//1117 381//1117 915//1117
f  915//1118 381//1118 376//1118
f  915//1119 376//1119 916//1119
f  916//1120 376//1120 374//1120
f  916//1121 374//1121 917//1121
f  917//1122 374//1122 373//1122
f  917//1123 373//1123 918//1123
f  918//1124 373//1124 919//1124
f  919//1125 373//1125 372//1125
f  919//1126 372//1126 920//1126
f  920//1127 372//1127 921//1127
f  921//1128 372//1128 371//1128
f  921//1129 371//1129 922//1129
f  922//1130 371//1130 397//1130
f  922//1131 397//1131 923//1131
f  923//1132 397//1132 924//1132
f  924//1133 397//1133 396//1133
f  924//1134 396//1134 925//1134
f  917//1135 918//1135 926//1135
f  926//1136 918//1136 927//1136
f  928//1137 929//1137 930//1137
f  931//1138 932//1138 933//1138
f  933//1139 932//1139 934//1139
f  930//1140 929//1140 935//1140
f  935//1141 929//1141 936//1141
f  935//1142 936//1142 937//1142
f  938//1143 939//1143 940//1143
f  940//1144 939//1144 928//1144
f  940//1145 928//1145 941//1145
f  941//1146 928//1146 930//1146
f  942//1147 943//1147 944//1147
f  924//1148 925//1148 945//1148
f  914//1149 946//1149 947//1149
f  947//1150 946//1150 948//1150
f  947//1151 948//1151 949//1151
f  950//1152 951//1152 949//1152
f  952//1153 953//1153 951//1153
f  933//1154 954//1154 931//1154
f  931//1155 954//1155 955//1155
f  931//1156 955//1156 956//1156
f  957//1157 934//1157 958//1157
f  958//1158 934//1158 932//1158
f  958//1159 932//1159 959//1159
f  959//1160 932//1160 931//1160
f  959//1161 931//1161 960//1161
f  960//1162 931//1162 956//1162
f  960//1163 956//1163 961//1163
f  936//1164 957//1164 937//1164
f  937//1165 957//1165 958//1165
f  937//1166 958//1166 962//1166
f  962//1167 958//1167 959//1167
f  962//1168 959//1168 963//1168
f  963//1169 959//1169 960//1169
f  963//1170 960//1170 952//1170
f  952//1171 960//1171 961//1171
f  952//1172 961//1172 953//1172
f  951//1173 950//1173 952//1173
f  952//1174 950//1174 964//1174
f  952//1175 964//1175 963//1175
f  963//1176 964//1176 965//1176
f  963//1177 965//1177 962//1177
f  962//1178 965//1178 966//1178
f  962//1179 966//1179 937//1179
f  937//1180 966//1180 967//1180
f  937//1181 967//1181 935//1181
f  935//1182 967//1182 968//1182
f  935//1183 968//1183 930//1183
f  930//1184 968//1184 969//1184
f  930//1185 969//1185 941//1185
f  941//1186 969//1186 942//1186
f  941//1187 942//1187 940//1187
f  940//1188 942//1188 944//1188
f  940//1189 944//1189 938//1189
f  949//1190 948//1190 950//1190
f  950//1191 948//1191 970//1191
f  950//1192 970//1192 964//1192
f  964//1193 970//1193 971//1193
f  964//1194 971//1194 965//1194
f  965//1195 971//1195 972//1195
f  965//1196 972//1196 966//1196
f  966//1197 972//1197 973//1197
f  966//1198 973//1198 967//1198
f  967//1199 973//1199 974//1199
f  967//1200 974//1200 968//1200
f  968//1201 974//1201 975//1201
f  968//1202 975//1202 969//1202
f  969//1203 975//1203 976//1203
f  969//1204 976//1204 942//1204
f  942//1205 976//1205 977//1205
f  942//1206 977//1206 943//1206
f  978//1207 979//1207 980//1207
f  980//1208 979//1208 981//1208
f  980//1209 981//1209 982//1209
f  982//1210 981//1210 983//1210
f  982//1211 983//1211 984//1211
f  984//1212 983//1212 985//1212
f  984//1213 985//1213 986//1213
f  979//1214 923//1214 981//1214
f  981//1215 923//1215 924//1215
f  981//1216 924//1216 983//1216
f  983//1217 924//1217 945//1217
f  983//1218 945//1218 985//1218
f  918//1219 919//1219 927//1219
f  927//1220 919//1220 920//1220
f  927//1221 920//1221 987//1221
f  987//1222 920//1222 921//1222
f  987//1223 921//1223 922//1223
f  916//1224 917//1224 988//1224
f  988//1225 917//1225 926//1225
f  988//1226 926//1226 989//1226
f  989//1227 926//1227 927//1227
f  989//1228 927//1228 978//1228
f  978//1229 927//1229 987//1229
f  978//1230 987//1230 979//1230
f  979//1231 987//1231 922//1231
f  979//1232 922//1232 923//1232
f  913//1233 915//1233 990//1233
f  990//1234 915//1234 916//1234
f  990//1235 916//1235 991//1235
f  991//1236 916//1236 988//1236
f  991//1237 988//1237 992//1237
f  992//1238 988//1238 989//1238
f  992//1239 989//1239 993//1239
f  993//1240 989//1240 978//1240
f  993//1241 978//1241 994//1241
f  994//1242 978//1242 980//1242
f  994//1243 980//1243 995//1243
f  995//1244 980//1244 982//1244
f  995//1245 982//1245 996//1245
f  996//1246 982//1246 984//1246
f  996//1247 984//1247 997//1247
f  997//1248 984//1248 986//1248
f  997//1249 986//1249 998//1249
f  914//1250 913//1250 946//1250
f  946//1251 913//1251 990//1251
f  946//1252 990//1252 948//1252
f  948//1253 990//1253 991//1253
f  948//1254 991//1254 970//1254
f  970//1255 991//1255 992//1255
f  970//1256 992//1256 971//1256
f  971//1257 992//1257 993//1257
f  971//1258 993//1258 972//1258
f  972//1259 993//1259 994//1259
f  972//1260 994//1260 973//1260
f  973//1261 994//1261 995//1261
f  973//1262 995//1262 974//1262
f  974//1263 995//1263 996//1263
f  974//1264 996//1264 975//1264
f  975//1265 996//1265 997//1265
f  975//1266 997//1266 976//1266
f  976//1267 997//1267 998//1267
f  976//1268 998//1268 977//1268
f  936//1269 929//1269 999//1269
f  999//1270 929//1270 928//1270
f  957//1271 936//1271 934//1271
f  934//1272 936//1272 999//1272
f  934//1273 999//1273 933//1273
f  933//1274 999//1274 954//1274
f  1000//1275 1001//1275 999//1275
f  999//1276 1001//1276 1002//1276
f  999//1277 1002//1277 954//1277
f  928//1278 939//1278 999//1278
f  999//1279 939//1279 938//1279
f  999//1280 938//1280 1003//1280
f  1004//1281 1000//1281 1005//1281
f  1005//1282 1000//1282 999//1282
f  1005//1283 999//1283 1006//1283
f  1006//1284 999//1284 1003//1284
f  951//1285 953//1285 1007//1285
f  961//1286 956//1286 1008//1286
f  1006//1287 1003//1287 1009//1287
f  1001//1288 1010//1288 1002//1288
f  1002//1289 1010//1289 955//1289
f  1002//1290 955//1290 954//1290
f  956//1291 955//1291 1008//1291
f  1008//1292 955//1292 1010//1292
f  1008//1293 1010//1293 1011//1293
f  1011//1294 1010//1294 1001//1294
f  1011//1295 1001//1295 1012//1295
f  1012//1296 1001//1296 1000//1296
f  1012//1297 1000//1297 1013//1297
f  1013//1298 1000//1298 1004//1298
f  1013//1299 1004//1299 1014//1299
f  1014//1300 1004//1300 1005//1300
f  1014//1301 1005//1301 1015//1301
f  947//1302 949//1302 1016//1302
f  1016//1303 949//1303 1017//1303
f  1018//1304 1019//1304 1020//1304
f  1020//1305 1019//1305 1021//1305
f  1018//1306 1020//1306 1022//1306
f  1022//1307 1020//1307 1023//1307
f  1022//1308 1023//1308 1024//1308
f  1025//1309 1026//1309 1027//1309
f  1025//1310 1027//1310 1023//1310
f  1023//1311 1027//1311 1028//1311
f  1023//1312 1028//1312 1024//1312
f  1026//1313 1025//1313 1029//1313
f  1029//1314 1025//1314 1030//1314
f  1029//1315 1030//1315 1031//1315
f  1031//1316 1030//1316 1032//1316
f  1032//1317 1030//1317 1033//1317
f  1032//1318 1033//1318 1034//1318
f  1034//1319 1033//1319 1035//1319
f  1034//1320 1035//1320 1036//1320
f  925//1321 1037//1321 945//1321
f  945//1322 1037//1322 1038//1322
f  945//1323 1038//1323 1039//1323
f  1040//1324 986//1324 1039//1324
f  1039//1325 986//1325 985//1325
f  1039//1326 985//1326 945//1326
f  1041//1327 977//1327 1040//1327
f  1040//1328 977//1328 998//1328
f  1040//1329 998//1329 986//1329
f  1003//1330 938//1330 1009//1330
f  1009//1331 938//1331 944//1331
f  1009//1332 944//1332 1041//1332
f  1041//1333 944//1333 943//1333
f  1041//1334 943//1334 977//1334
f  953//1335 961//1335 1007//1335
f  1007//1336 961//1336 1008//1336
f  1007//1337 1008//1337 1042//1337
f  1042//1338 1008//1338 1011//1338
f  1042//1339 1011//1339 1043//1339
f  1043//1340 1011//1340 1012//1340
f  1043//1341 1012//1341 1044//1341
f  1044//1342 1012//1342 1013//1342
f  1044//1343 1013//1343 1045//1343
f  1045//1344 1013//1344 1014//1344
f  1045//1345 1014//1345 1046//1345
f  1046//1346 1014//1346 1015//1346
f  949//1347 951//1347 1017//1347
f  1017//1348 951//1348 1007//1348
f  1017//1349 1007//1349 1047//1349
f  1047//1350 1007//1350 1042//1350
f  1047//1351 1042//1351 1048//1351
f  1048//1352 1042//1352 1043//1352
f  1048//1353 1043//1353 1049//1353
f  1049//1354 1043//1354 1044//1354
f  1049//1355 1044//1355 1050//1355
f  1050//1356 1044//1356 1045//1356
f  1050//1357 1045//1357 1051//1357
f  1051//1358 1045//1358 1046//1358
f  1051//1359 1052//1359 1050//1359
f  1050//1360 1052//1360 1053//1360
f  1050//1361 1053//1361 1049//1361
f  1049//1362 1053//1362 1054//1362
f  1049//1363 1054//1363 1048//1363
f  1048//1364 1054//1364 1055//1364
f  1048//1365 1055//1365 1047//1365
f  1047//1366 1055//1366 1056//1366
f  1047//1367 1056//1367 1017//1367
f  1017//1368 1056//1368 1057//1368
f  1017//1369 1057//1369 1016//1369
f  1016//1370 1057//1370 914//1370
f  1016//1371 914//1371 947//1371
f  1037//1372 1058//1372 1038//1372
f  1038//1373 1058//1373 1059//1373
f  1038//1374 1059//1374 1039//1374
f  1039//1375 1059//1375 1052//1375
f  1039//1376 1052//1376 1040//1376
f  1040//1377 1052//1377 1051//1377
f  1040//1378 1051//1378 1041//1378
f  1041//1379 1051//1379 1046//1379
f  1041//1380 1046//1380 1009//1380
f  1009//1381 1046//1381 1015//1381
f  1009//1382 1015//1382 1006//1382
f  1006//1383 1015//1383 1005//1383
f  1058//1384 1036//1384 1059//1384
f  1059//1385 1036//1385 1035//1385
f  1059//1386 1035//1386 1052//1386
f  1052//1387 1035//1387 1033//1387
f  1052//1388 1033//1388 1053//1388
f  1053//1389 1033//1389 1030//1389
f  1053//1390 1030//1390 1054//1390
f  1054//1391 1030//1391 1025//1391
f  1054//1392 1025//1392 1055//1392
f  1055//1393 1025//1393 1023//1393
f  1055//1394 1023//1394 1056//1394
f  1056//1395 1023//1395 1020//1395
f  1056//1396 1020//1396 1057//1396
f  1057//1397 1020//1397 1021//1397
f  1057//1398 1021//1398 914//1398
f  1021//1399 382//1399 914//1399
f  382//1400 1021//1400 383//1400
f  1037//1401 925//1401 396//1401
f  1037//1402 396//1402 1058//1402
f  396//1403 394//1403 1058//1403
f  1058//1404 394//1404 393//1404
f  1058//1405 393//1405 1036//1405
f  1036//1406 393//1406 1034//1406
f  1034//1407 393//1407 1032//1407
f  1032//1408 393//1408 389//1408
f  1032//1409 389//1409 1031//1409
f  1031//1410 389//1410 1029//1410
f  1029//1411 389//1411 391//1411
f  1029//1412 391//1412 1026//1412
f  392//1413 1028//1413 391//1413
f  391//1414 1028//1414 1027//1414
f  391//1415 1027//1415 1026//1415
f  1019//1416 1018//1416 380//1416
f  380//1417 1018//1417 1022//1417
f  380//1418 1022//1418 392//1418
f  392//1419 1022//1419 1024//1419
f  392//1420 1024//1420 1028//1420
f  1019//1421 380//1421 1021//1421
f  1021//1422 380//1422 379//1422
f  1021//1423 379//1423 383//1423
f  1060//1424 400//1424 1061//1424
f  1061//1425 400//1425 399//1425
f  1060//1426 1062//1426 400//1426
f  400//1427 1062//1427 1063//1427
f  400//1428 1063//1428 357//1428
f  357//1429 1063//1429 1064//1429
f  357//1430 1064//1430 358//1430
f  358//1431 1064//1431 1065//1431
f  358//1432 1065//1432 360//1432
f  360//1433 1065//1433 1066//1433
f  360//1434 1066//1434 362//1434
f  362//1435 1066//1435 1067//1435
f  362//1436 1067//1436 409//1436
f  409//1437 1067//1437 1068//1437
f  409//1438 1068//1438 410//1438
f  410//1439 1068//1439 411//1439
f  411//1440 1068//1440 1069//1440
f  411//1441 1069//1441 1070//1441
f  1071//1442 1072//1442 1073//1442
f  1074//1443 1075//1443 1076//1443
f  1063//1444 1077//1444 1078//1444
f  1079//1445 1080//1445 1076//1445
f  1081//1446 1082//1446 1083//1446
f  1083//1447 1082//1447 1084//1447
f  1079//1448 1076//1448 1085//1448
f  1085//1449 1076//1449 1075//1449
f  1085//1450 1075//1450 1086//1450
f  1087//1451 1088//1451 1086//1451
f  1086//1452 1075//1452 1087//1452
f  1087//1453 1075//1453 1074//1453
f  1087//1454 1074//1454 1089//1454
f  1089//1455 1074//1455 1090//1455
f  1089//1456 1090//1456 1091//1456
f  1091//1457 1090//1457 1092//1457
f  1092//1458 1090//1458 1093//1458
f  1092//1459 1093//1459 1094//1459
f  1095//1460 1063//1460 1062//1460
f  1063//1461 1078//1461 1064//1461
f  1064//1462 1078//1462 1096//1462
f  1064//1463 1096//1463 1065//1463
f  1065//1464 1096//1464 1097//1464
f  1065//1465 1097//1465 1066//1465
f  1066//1466 1097//1466 1098//1466
f  1066//1467 1098//1467 1067//1467
f  1067//1468 1098//1468 1099//1468
f  1067//1469 1099//1469 1068//1469
f  1100//1470 1069//1470 1068//1470
f  1070//1471 1069//1471 1101//1471
f  1101//1472 1069//1472 1100//1472
f  1101//1473 1100//1473 1102//1473
f  1068//1474 1099//1474 1100//1474
f  1100//1475 1099//1475 1103//1475
f  1100//1476 1103//1476 1102//1476
f  1083//1477 1104//1477 1081//1477
f  1081//1478 1104//1478 1105//1478
f  1081//1479 1105//1479 1106//1479
f  1061//1480 1094//1480 1060//1480
f  1060//1481 1094//1481 1093//1481
f  1060//1482 1093//1482 1107//1482
f  1107//1483 1093//1483 1090//1483
f  1107//1484 1090//1484 1108//1484
f  1108//1485 1090//1485 1074//1485
f  1108//1486 1074//1486 1109//1486
f  1109//1487 1074//1487 1076//1487
f  1109//1488 1076//1488 1110//1488
f  1110//1489 1076//1489 1080//1489
f  1110//1490 1080//1490 1073//1490
f  1111//1491 1084//1491 1112//1491
f  1112//1492 1084//1492 1082//1492
f  1112//1493 1082//1493 1113//1493
f  1113//1494 1082//1494 1081//1494
f  1113//1495 1081//1495 1114//1495
f  1114//1496 1081//1496 1106//1496
f  1114//1497 1106//1497 1115//1497
f  1115//1498 1116//1498 1114//1498
f  1114//1499 1116//1499 1117//1499
f  1114//1500 1117//1500 1113//1500
f  1113//1501 1117//1501 1118//1501
f  1113//1502 1118//1502 1112//1502
f  1112//1503 1118//1503 1119//1503
f  1112//1504 1119//1504 1111//1504
f  1073//1505 1072//1505 1110//1505
f  1110//1506 1072//1506 1120//1506
f  1110//1507 1120//1507 1109//1507
f  1109//1508 1120//1508 1121//1508
f  1109//1509 1121//1509 1108//1509
f  1108//1510 1121//1510 1095//1510
f  1108//1511 1095//1511 1107//1511
f  1107//1512 1095//1512 1062//1512
f  1107//1513 1062//1513 1060//1513
f  1063//1514 1095//1514 1077//1514
f  1077//1515 1095//1515 1121//1515
f  1077//1516 1121//1516 1078//1516
f  1078//1517 1121//1517 1120//1517
f  1078//1518 1120//1518 1096//1518
f  1096//1519 1120//1519 1072//1519
f  1096//1520 1072//1520 1097//1520
f  1097//1521 1072//1521 1071//1521
f  1097//1522 1071//1522 1098//1522
f  1079//1523 1111//1523 1080//1523
f  1080//1524 1111//1524 1119//1524
f  1080//1525 1119//1525 1073//1525
f  1073//1526 1119//1526 1118//1526
f  1073//1527 1118//1527 1071//1527
f  1071//1528 1118//1528 1117//1528
f  1071//1529 1117//1529 1098//1529
f  1098//1530 1117//1530 1116//1530
f  1098//1531 1116//1531 1099//1531
f  1099//1532 1116//1532 1115//1532
f  1099//1533 1115//1533 1103//1533
f  1122//1534 1123//1534 1124//1534
f  1124//1535 1123//1535 1125//1535
f  1124//1536 1125//1536 1126//1536
f  1088//1537 1127//1537 1124//1537
f  1124//1538 1127//1538 1128//1538
f  1124//1539 1128//1539 1122//1539
f  1079//1540 1085//1540 1124//1540
f  1124//1541 1085//1541 1086//1541
f  1124//1542 1086//1542 1088//1542
f  1126//1543 1129//1543 1124//1543
f  1124//1544 1129//1544 1104//1544
f  1124//1545 1104//1545 1083//1545
f  1083//1546 1084//1546 1124//1546
f  1124//1547 1084//1547 1111//1547
f  1124//1548 1111//1548 1079//1548
f  1122//1549 1130//1549 1131//1549
f  1122//1550 1131//1550 1123//1550
f  1123//1551 1131//1551 1132//1551
f  1123//1552 1132//1552 1125//1552
f  1125//1553 1132//1553 1133//1553
f  1125//1554 1133//1554 1126//1554
f  1134//1555 1115//1555 1106//1555
f  1135//1556 1101//1556 1102//1556
f  1136//1557 1070//1557 1101//1557
f  1101//1558 1135//1558 1136//1558
f  1136//1559 1135//1559 1137//1559
f  1136//1560 1137//1560 1138//1560
f  1139//1561 1140//1561 1137//1561
f  1137//1562 1140//1562 1141//1562
f  1137//1563 1141//1563 1138//1563
f  1142//1564 1143//1564 1144//1564
f  1144//1565 1143//1565 1145//1565
f  1144//1566 1145//1566 1139//1566
f  1139//1567 1145//1567 1146//1567
f  1139//1568 1146//1568 1140//1568
f  1142//1569 1144//1569 1147//1569
f  1147//1570 1144//1570 1148//1570
f  1147//1571 1148//1571 1149//1571
f  1149//1572 1148//1572 1150//1572
f  1149//1573 1150//1573 1151//1573
f  1152//1574 1153//1574 1154//1574
f  1152//1575 1154//1575 1150//1575
f  1150//1576 1154//1576 1155//1576
f  1150//1577 1155//1577 1151//1577
f  1127//1578 1088//1578 1156//1578
f  1156//1579 1088//1579 1087//1579
f  1156//1580 1087//1580 1089//1580
f  1128//1581 1127//1581 1157//1581
f  1157//1582 1127//1582 1156//1582
f  1157//1583 1156//1583 1158//1583
f  1158//1584 1156//1584 1089//1584
f  1158//1585 1089//1585 1091//1585
f  1159//1586 1160//1586 1130//1586
f  1104//1587 1129//1587 1105//1587
f  1105//1588 1129//1588 1161//1588
f  1105//1589 1161//1589 1162//1589
f  1162//1590 1161//1590 1163//1590
f  1130//1591 1160//1591 1131//1591
f  1131//1592 1160//1592 1164//1592
f  1131//1593 1164//1593 1132//1593
f  1132//1594 1164//1594 1165//1594
f  1132//1595 1165//1595 1133//1595
f  1103//1596 1115//1596 1166//1596
f  1166//1597 1115//1597 1134//1597
f  1166//1598 1134//1598 1167//1598
f  1168//1599 1169//1599 1170//1599
f  1170//1600 1169//1600 1171//1600
f  1170//1601 1171//1601 1172//1601
f  1172//1602 1171//1602 1173//1602
f  1172//1603 1173//1603 1174//1603
f  1174//1604 1173//1604 1167//1604
f  1174//1605 1167//1605 1163//1605
f  1163//1606 1167//1606 1134//1606
f  1163//1607 1134//1607 1162//1607
f  1162//1608 1134//1608 1106//1608
f  1162//1609 1106//1609 1105//1609
f  1122//1610 1128//1610 1130//1610
f  1130//1611 1128//1611 1157//1611
f  1130//1612 1157//1612 1159//1612
f  1159//1613 1157//1613 1158//1613
f  1159//1614 1158//1614 1175//1614
f  1175//1615 1158//1615 1091//1615
f  1175//1616 1091//1616 1092//1616
f  1061//1617 1153//1617 1094//1617
f  1094//1618 1153//1618 1152//1618
f  1094//1619 1152//1619 1176//1619
f  1176//1620 1152//1620 1150//1620
f  1176//1621 1150//1621 1168//1621
f  1168//1622 1150//1622 1148//1622
f  1168//1623 1148//1623 1169//1623
f  1169//1624 1148//1624 1144//1624
f  1169//1625 1144//1625 1171//1625
f  1171//1626 1144//1626 1139//1626
f  1171//1627 1139//1627 1173//1627
f  1173//1628 1139//1628 1137//1628
f  1173//1629 1137//1629 1167//1629
f  1167//1630 1137//1630 1135//1630
f  1167//1631 1135//1631 1166//1631
f  1166//1632 1135//1632 1102//1632
f  1166//1633 1102//1633 1103//1633
f  1129//1634 1126//1634 1161//1634
f  1161//1635 1126//1635 1133//1635
f  1161//1636 1133//1636 1163//1636
f  1163//1637 1133//1637 1165//1637
f  1163//1638 1165//1638 1174//1638
f  1174//1639 1165//1639 1164//1639
f  1174//1640 1164//1640 1172//1640
f  1172//1641 1164//1641 1160//1641
f  1172//1642 1160//1642 1170//1642
f  1170//1643 1160//1643 1159//1643
f  1170//1644 1159//1644 1168//1644
f  1168//1645 1159//1645 1175//1645
f  1168//1646 1175//1646 1176//1646
f  1176//1647 1175//1647 1092//1647
f  1176//1648 1092//1648 1094//1648
f  1061//1649 399//1649 1153//1649
f  1153//1650 399//1650 408//1650
f  1153//1651 408//1651 1154//1651
f  1154//1652 408//1652 407//1652
f  1154//1653 407//1653 1155//1653
f  405//1654 1147//1654 406//1654
f  406//1655 1147//1655 1149//1655
f  406//1656 1149//1656 407//1656
f  407//1657 1149//1657 1151//1657
f  407//1658 1151//1658 1155//1658
f  404//1659 1143//1659 405//1659
f  405//1660 1143//1660 1142//1660
f  405//1661 1142//1661 1147//1661
f  401//1662 1140//1662 402//1662
f  402//1663 1140//1663 1146//1663
f  402//1664 1146//1664 404//1664
f  404//1665 1146//1665 1145//1665
f  404//1666 1145//1666 1143//1666
f  1136//1667 1138//1667 401//1667
f  401//1668 1138//1668 1141//1668
f  401//1669 1141//1669 1140//1669
f  411//1670 1070//1670 318//1670
f  318//1671 1070//1671 1136//1671
f  318//1672 1136//1672 319//1672
f  319//1673 1136//1673 401//1673
f  1177//1674 1178//1674 1179//1674
f  1179//1675 1178//1675 1180//1675
f  1179//1676 1180//1676 1181//1676
f  1181//1677 1180//1677 1182//1677
f  1181//1678 1182//1678 1183//1678
f  1183//1679 1182//1679 1184//1679
f  1183//1680 1184//1680 1185//1680
f  1185//1681 1184//1681 1186//1681
f  1185//1682 1186//1682 1187//1682
f  1178//1683 1188//1683 1180//1683
f  1180//1684 1188//1684 1189//1684
f  1180//1685 1189//1685 1182//1685
f  1182//1686 1189//1686 1190//1686
f  1182//1687 1190//1687 1184//1687
f  1184//1688 1190//1688 1191//1688
f  1184//1689 1191//1689 1186//1689
f  1186//1690 1191//1690 1192//1690
f  1186//1691 1192//1691 1187//1691
f  1187//1692 1192//1692 1193//1692
f  1194//1693 1195//1693 1196//1693
f  1197//1694 1198//1694 1194//1694
f  1197//1695 1194//1695 1199//1695
f  1199//1696 1194//1696 1196//1696
f  1199//1697 1196//1697 1200//1697
f  1200//1698 1201//1698 1202//1698
f  1202//1699 1201//1699 1203//1699
f  1202//1700 1203//1700 1204//1700
f  1204//1701 1203//1701 1205//1701
f  1204//1702 1205//1702 1206//1702
f  1207//1703 1205//1703 1208//1703
f  1208//1704 1205//1704 1203//1704
f  1208//1705 1203//1705 1209//1705
f  1209//1706 1203//1706 1201//1706
f  1209//1707 1201//1707 1210//1707
f  1200//1708 1196//1708 1201//1708
f  1201//1709 1196//1709 1211//1709
f  1201//1710 1211//1710 1210//1710
f  1212//1711 1213//1711 1195//1711
f  1195//1712 1213//1712 1214//1712
f  1195//1713 1214//1713 1196//1713
f  1196//1714 1214//1714 1215//1714
f  1196//1715 1215//1715 1211//1715
f  1216//1716 1217//1716 1218//1716
f  1219//1717 1220//1717 1221//1717
f  1200//1718 1202//1718 1216//1718
f  1216//1719 1202//1719 1204//1719
f  1216//1720 1204//1720 1217//1720
f  1217//1721 1204//1721 1206//1721
f  1199//1722 1220//1722 1197//1722
f  1197//1723 1220//1723 1219//1723
f  1197//1724 1219//1724 1198//1724
f  1222//1725 1223//1725 1221//1725
f  1221//1726 1223//1726 1224//1726
f  1221//1727 1224//1727 1219//1727
f  1225//1728 1226//1728 1227//1728
f  1227//1729 1226//1729 1222//1729
f  1227//1730 1222//1730 1228//1730
f  1228//1731 1222//1731 1221//1731
f  1229//1732 1230//1732 1231//1732
f  1231//1733 1230//1733 1232//1733
f  1231//1734 1232//1734 1225//1734
f  1225//1735 1232//1735 1233//1735
f  1225//1736 1233//1736 1226//1736
f  1188//1737 1178//1737 1234//1737
f  1234//1738 1235//1738 1188//1738
f  1188//1739 1235//1739 1236//1739
f  1188//1740 1236//1740 1189//1740
f  1189//1741 1236//1741 1237//1741
f  1189//1742 1237//1742 1190//1742
f  1190//1743 1237//1743 1191//1743
f  1191//1744 1237//1744 1238//1744
f  1191//1745 1238//1745 1192//1745
f  1206//1746 1239//1746 1217//1746
f  1217//1747 1239//1747 1240//1747
f  1217//1748 1240//1748 1218//1748
f  1218//1749 1240//1749 1241//1749
f  1242//1750 1243//1750 1244//1750
f  1244//1751 1243//1751 1245//1751
f  1244//1752 1245//1752 1246//1752
f  1246//1753 1245//1753 1247//1753
f  1246//1754 1247//1754 1248//1754
f  1248//1755 1247//1755 1249//1755
f  1248//1756 1249//1756 1250//1756
f  1220//1757 1242//1757 1221//1757
f  1221//1758 1242//1758 1244//1758
f  1221//1759 1244//1759 1228//1759
f  1228//1760 1244//1760 1246//1760
f  1228//1761 1246//1761 1227//1761
f  1227//1762 1246//1762 1248//1762
f  1227//1763 1248//1763 1225//1763
f  1225//1764 1248//1764 1250//1764
f  1225//1765 1250//1765 1231//1765
f  1199//1766 1200//1766 1220//1766
f  1220//1767 1200//1767 1216//1767
f  1220//1768 1216//1768 1242//1768
f  1242//1769 1216//1769 1218//1769
f  1242//1770 1218//1770 1243//1770
f  1243//1771 1218//1771 1241//1771
f  1243//1772 1241//1772 1245//1772
f  1245//1773 1241//1773 1251//1773
f  1245//1774 1251//1774 1247//1774
f  1247//1775 1251//1775 1238//1775
f  1247//1776 1238//1776 1249//1776
f  1249//1777 1238//1777 1237//1777
f  1249//1778 1237//1778 1250//1778
f  1250//1779 1237//1779 1236//1779
f  1250//1780 1236//1780 1231//1780
f  1231//1781 1236//1781 1235//1781
f  1231//1782 1235//1782 1229//1782
f  1229//1783 1235//1783 1234//1783
f  1241//1784 1240//1784 1252//1784
f  1252//1785 1240//1785 1239//1785
f  1252//1786 1239//1786 1206//1786
f  1192//1787 1238//1787 1252//1787
f  1252//1788 1238//1788 1251//1788
f  1252//1789 1251//1789 1241//1789
f  1193//1790 1192//1790 1252//1790
f  1252//1791 1206//1791 1205//1791
f  1205//1792 1207//1792 1252//1792
f  1252//1793 1207//1793 1253//1793
f  1252//1794 1253//1794 1254//1794
f  1255//1795 1193//1795 1256//1795
f  1256//1796 1193//1796 1252//1796
f  1256//1797 1252//1797 1257//1797
f  1257//1798 1252//1798 1254//1798
f  1257//1799 1254//1799 1258//1799
f  1259//1800 1185//1800 1187//1800
f  1260//1801 1261//1801 1181//1801
f  1181//1802 1261//1802 1179//1802
f  1262//1803 1263//1803 1264//1803
f  1264//1804 1263//1804 1265//1804
f  1264//1805 1265//1805 1266//1805
f  1267//1806 1268//1806 1269//1806
f  1268//1807 1267//1807 1270//1807
f  1270//1808 1267//1808 1271//1808
f  1270//1809 1271//1809 1272//1809
f  1273//1810 1214//1810 1213//1810
f  1274//1811 1211//1811 1215//1811
f  1253//1812 1207//1812 1275//1812
f  1275//1813 1207//1813 1208//1813
f  1275//1814 1208//1814 1209//1814
f  1177//1815 1179//1815 1262//1815
f  1262//1816 1179//1816 1261//1816
f  1262//1817 1261//1817 1263//1817
f  1263//1818 1261//1818 1260//1818
f  1254//1819 1253//1819 1276//1819
f  1276//1820 1253//1820 1275//1820
f  1276//1821 1275//1821 1277//1821
f  1277//1822 1275//1822 1209//1822
f  1277//1823 1209//1823 1210//1823
f  1268//1824 1278//1824 1269//1824
f  1269//1825 1278//1825 1279//1825
f  1269//1826 1279//1826 1280//1826
f  1280//1827 1279//1827 1281//1827
f  1280//1828 1281//1828 1282//1828
f  1282//1829 1281//1829 1283//1829
f  1282//1830 1283//1830 1284//1830
f  1284//1831 1283//1831 1259//1831
f  1284//1832 1259//1832 1285//1832
f  1285//1833 1259//1833 1187//1833
f  1273//1834 1286//1834 1287//1834
f  1287//1835 1286//1835 1288//1835
f  1287//1836 1288//1836 1289//1836
f  1289//1837 1288//1837 1290//1837
f  1289//1838 1290//1838 1291//1838
f  1291//1839 1290//1839 1292//1839
f  1291//1840 1292//1840 1257//1840
f  1257//1841 1292//1841 1256//1841
f  1258//1842 1254//1842 1293//1842
f  1293//1843 1254//1843 1276//1843
f  1293//1844 1276//1844 1294//1844
f  1294//1845 1276//1845 1277//1845
f  1294//1846 1277//1846 1274//1846
f  1274//1847 1277//1847 1210//1847
f  1274//1848 1210//1848 1211//1848
f  1295//1849 1266//1849 1296//1849
f  1296//1850 1266//1850 1265//1850
f  1296//1851 1265//1851 1297//1851
f  1297//1852 1265//1852 1263//1852
f  1297//1853 1263//1853 1298//1853
f  1298//1854 1263//1854 1260//1854
f  1298//1855 1260//1855 1183//1855
f  1183//1856 1260//1856 1181//1856
f  1278//1857 1295//1857 1279//1857
f  1279//1858 1295//1858 1296//1858
f  1279//1859 1296//1859 1281//1859
f  1281//1860 1296//1860 1297//1860
f  1281//1861 1297//1861 1283//1861
f  1283//1862 1297//1862 1298//1862
f  1283//1863 1298//1863 1259//1863
f  1259//1864 1298//1864 1183//1864
f  1259//1865 1183//1865 1185//1865
f  1257//1866 1258//1866 1291//1866
f  1291//1867 1258//1867 1293//1867
f  1291//1868 1293//1868 1289//1868
f  1289//1869 1293//1869 1294//1869
f  1289//1870 1294//1870 1287//1870
f  1287//1871 1294//1871 1274//1871
f  1287//1872 1274//1872 1273//1872
f  1273//1873 1274//1873 1215//1873
f  1273//1874 1215//1874 1214//1874
f  1212//1875 1272//1875 1213//1875
f  1213//1876 1272//1876 1271//1876
f  1213//1877 1271//1877 1273//1877
f  1273//1878 1271//1878 1267//1878
f  1273//1879 1267//1879 1286//1879
f  1286//1880 1267//1880 1269//1880
f  1286//1881 1269//1881 1288//1881
f  1288//1882 1269//1882 1280//1882
f  1288//1883 1280//1883 1290//1883
f  1290//1884 1280//1884 1282//1884
f  1290//1885 1282//1885 1292//1885
f  1292//1886 1282//1886 1284//1886
f  1292//1887 1284//1887 1256//1887
f  1256//1888 1284//1888 1285//1888
f  1256//1889 1285//1889 1255//1889
f  1255//1890 1285//1890 1187//1890
f  1255//1891 1187//1891 1193//1891
f  417//1892 1177//1892 325//1892
f  325//1893 1177//1893 1262//1893
f  1262//1894 1264//1894 325//1894
f  325//1895 1264//1895 1266//1895
f  325//1896 1266//1896 326//1896
f  326//1897 1266//1897 1295//1897
f  326//1898 1295//1898 336//1898
f  336//1899 1295//1899 1278//1899
f  336//1900 1278//1900 337//1900
f  337//1901 1278//1901 1268//1901
f  337//1902 1268//1902 338//1902
f  338//1903 1268//1903 1270//1903
f  338//1904 1270//1904 334//1904
f  334//1905 1270//1905 1272//1905
f  334//1906 1272//1906 328//1906
f  328//1907 1272//1907 1212//1907
f  328//1908 1212//1908 329//1908
f  1178//1909 1177//1909 341//1909
f  341//1910 1177//1910 417//1910
f  333//1911 1198//1911 1299//1911
f  1299//1912 1198//1912 1219//1912
f  1299//1913 1219//1913 1224//1913
f  1224//1914 1223//1914 1299//1914
f  1299//1915 1223//1915 1222//1915
f  1299//1916 1222//1916 1300//1916
f  1300//1917 1222//1917 1226//1917
f  1300//1918 1226//1918 1301//1918
f  1226//1919 1233//1919 1301//1919
f  1301//1920 1233//1920 1232//1920
f  1301//1921 1232//1921 1302//1921
f  1302//1922 1232//1922 1230//1922
f  1302//1923 1230//1923 1303//1923
f  1178//1924 341//1924 1234//1924
f  1234//1925 341//1925 1303//1925
f  1234//1926 1303//1926 1229//1926
f  1229//1927 1303//1927 1230//1927
f  332//1928 329//1928 1212//1928
f  1198//1929 333//1929 1194//1929
f  1194//1930 333//1930 332//1930
f  1194//1931 332//1931 1195//1931
f  1195//1932 332//1932 1212//1932
f  1304//1933 664//1933 1305//1933
f  664//1934 1304//1934 663//1934
f  663//1935 1304//1935 1306//1935
f  663//1936 1306//1936 661//1936
f  665//1937 1307//1937 664//1937
f  664//1938 1307//1938 1308//1938
f  664//1939 1308//1939 1305//1939
f  1309//1940 1310//1940 1311//1940
f  1307//1941 1312//1941 1308//1941
f  1308//1942 1312//1942 1313//1942
f  1308//1943 1313//1943 1305//1943
f  1306//1944 1304//1944 1314//1944
f  1314//1944 1304//1944 1315//1944
f  1314//1945 1315//1945 1316//1945
f  1310//1946 1309//1946 1315//1946
f  1315//1947 1309//1947 1317//1947
f  1315//1948 1317//1948 1316//1948
f  1312//1949 1318//1949 1313//1949
f  1313//1950 1318//1950 1319//1950
f  1313//1951 1319//1951 1320//1951
f  1320//1952 1319//1952 1321//1952
f  1321//1953 1311//1953 1320//1953
f  1320//1954 1311//1954 1310//1954
f  1320//1955 1310//1955 1313//1955
f  1313//1956 1310//1956 1315//1956
f  1313//1957 1315//1957 1305//1957
f  1305//1958 1315//1958 1304//1958
f  452//1959 453//1959 1322//1959
f  466//1960 1323//1960 1324//1960
f  466//1961 1324//1961 465//1961
f  465//1962 1324//1962 1325//1962
f  465//1963 1325//1963 464//1963
f  464//1964 1325//1964 1326//1964
f  464//1965 1326//1965 461//1965
f  461//1966 1326//1966 1327//1966
f  461//1967 1327//1967 462//1967
f  1328//1968 460//1968 1329//1968
f  1329//1969 460//1969 463//1969
f  1329//1970 463//1970 1330//1970
f  1330//1971 463//1971 462//1971
f  1330//1972 462//1972 1331//1972
f  1331//1973 462//1973 1327//1973
f  1332//1974 418//1974 436//1974
f  1333//1975 1334//1975 1335//1975
f  1335//1976 1334//1976 1336//1976
f  1335//1977 1336//1977 1337//1977
f  1337//1978 1336//1978 1332//1978
f  1337//1979 1332//1979 1338//1979
f  1338//1980 1332//1980 436//1980
f  1338//1981 436//1981 434//1981
f  1333//1982 1335//1982 1339//1982
f  1339//1983 1335//1983 1340//1983
f  1339//1984 1340//1984 1341//1984
f  1341//1985 1340//1985 1342//1985
f  1341//1986 1342//1986 1343//1986
f  1343//1987 1342//1987 1344//1987
f  1343//1988 1344//1988 1345//1988
f  1345//1989 1344//1989 1346//1989
f  1345//1990 1346//1990 1347//1990
f  1347//1991 1346//1991 1348//1991
f  1347//1992 1348//1992 1349//1992
f  1349//1993 1348//1993 1322//1993
f  1349//1994 1322//1994 1350//1994
f  453//1995 424//1995 1322//1995
f  1322//1996 424//1996 1351//1996
f  1322//1997 1351//1997 1350//1997
f  1352//1998 450//1998 452//1998
f  466//1999 443//1999 1323//1999
f  1323//2000 443//2000 446//2000
f  1323//2001 446//2001 448//2001
f  429//2002 460//2002 430//2002
f  430//2003 460//2003 1328//2003
f  430//2004 1328//2004 1353//2004
f  1353//2005 1328//2005 1329//2005
f  1353//2006 1329//2006 1354//2006
f  1354//2007 1329//2007 1330//2007
f  1354//2008 1330//2008 1355//2008
f  1355//2009 1330//2009 1331//2009
f  1355//2010 1331//2010 1356//2010
f  1356//2011 1331//2011 1327//2011
f  1356//2012 1327//2012 1357//2012
f  1357//2013 1327//2013 1326//2013
f  1357//2013 1326//2013 1358//2013
f  1358//2014 1326//2014 1325//2014
f  1358//2015 1325//2015 1359//2015
f  1359//2016 1325//2016 1324//2016
f  1359//2017 1324//2017 1360//2017
f  1360//2018 1324//2018 1323//2018
f  1360//2019 1323//2019 1361//2019
f  1361//2020 1323//2020 448//2020
f  1361//2021 448//2021 450//2021
f  450//2022 1352//2022 1361//2022
f  1361//2023 1352//2023 1362//2023
f  1361//2024 1362//2024 1360//2024
f  1360//2025 1362//2025 1363//2025
f  1360//2026 1363//2026 1359//2026
f  1359//2027 1363//2027 1364//2027
f  1359//2028 1364//2028 1358//2028
f  1358//2029 1364//2029 1365//2029
f  1358//2030 1365//2030 1357//2030
f  1357//2031 1365//2031 1366//2031
f  1357//2032 1366//2032 1356//2032
f  1356//2033 1366//2033 1367//2033
f  1356//2034 1367//2034 1355//2034
f  1355//2035 1367//2035 1368//2035
f  1355//2036 1368//2036 1354//2036
f  1354//2037 1368//2037 1369//2037
f  1354//2038 1369//2038 1353//2038
f  1353//2039 1369//2039 432//2039
f  1353//2040 432//2040 430//2040
f  452//2041 1322//2041 1352//2041
f  1352//2042 1322//2042 1348//2042
f  1352//2043 1348//2043 1362//2043
f  1362//2044 1348//2044 1346//2044
f  1362//2045 1346//2045 1363//2045
f  1363//2046 1346//2046 1344//2046
f  1363//2047 1344//2047 1364//2047
f  1364//2048 1344//2048 1342//2048
f  1364//2049 1342//2049 1365//2049
f  1365//2050 1342//2050 1340//2050
f  1365//2051 1340//2051 1366//2051
f  1366//2052 1340//2052 1335//2052
f  1366//2053 1335//2053 1367//2053
f  1367//2054 1335//2054 1337//2054
f  1367//2055 1337//2055 1368//2055
f  1368//2056 1337//2056 1338//2056
f  1368//2057 1338//2057 1369//2057
f  1369//2058 1338//2058 434//2058
f  1369//2059 434//2059 432//2059
f  418//2060 611//2060 419//2060
f  424//2061 423//2061 1351//2061
f  1351//2062 423//2062 618//2062
f  1351//2063 618//2063 1350//2063
f  1350//2064 618//2064 1349//2064
f  618//2065 617//2065 1349//2065
f  1349//2066 617//2066 616//2066
f  1349//2067 616//2067 1347//2067
f  1347//2068 616//2068 615//2068
f  1347//2069 615//2069 1345//2069
f  1345//2070 615//2070 614//2070
f  1345//2071 614//2071 1343//2071
f  611//2072 1334//2072 612//2072
f  612//2073 1334//2073 1333//2073
f  612//2074 1333//2074 613//2074
f  613//2075 1333//2075 1339//2075
f  613//2076 1339//2076 614//2076
f  614//2077 1339//2077 1341//2077
f  614//2078 1341//2078 1343//2078
f  418//2079 1332//2079 611//2079
f  611//2080 1332//2080 1336//2080
f  611//2081 1336//2081 1334//2081
f  1370//2082 689//2082 688//2082
f  1370//2083 688//2083 1371//2083
f  1371//2084 688//2084 687//2084
f  1371//2085 687//2085 1372//2085
f  1372//2086 687//2086 1373//2086
f  1373//2087 687//2087 644//2087
f  1373//2088 644//2088 1374//2088
f  1374//2089 644//2089 646//2089
f  1374//2090 646//2090 1375//2090
f  1375//2091 646//2091 647//2091
f  1375//2092 647//2092 1376//2092
f  1376//2093 647//2093 642//2093
f  1376//2094 642//2094 1377//2094
f  1377//2095 642//2095 640//2095
f  1377//2096 640//2096 1378//2096
f  1378//2097 640//2097 686//2097
f  1378//2098 686//2098 1379//2098
f  1380//2099 1381//2099 680//2099
f  680//2100 1381//2100 1382//2100
f  680//2101 1382//2101 681//2101
f  681//2102 1382//2102 1379//2102
f  681//2103 1379//2103 685//2103
f  685//2104 1379//2104 686//2104
f  1383//2105 1384//2105 1385//2105
f  1386//2106 1387//2106 1388//2106
f  1386//2107 1388//2107 1389//2107
f  1390//2108 1391//2108 1388//2108
f  1388//2109 1391//2109 1392//2109
f  1388//2110 1392//2110 1389//2110
f  1393//2111 1394//2111 1395//2111
f  1395//2112 1394//2112 1396//2112
f  1395//2113 1396//2113 1397//2113
f  1397//2114 1396//2114 1398//2114
f  1397//2115 1398//2115 1390//2115
f  1390//2116 1398//2116 1399//2116
f  1390//2117 1399//2117 1391//2117
f  1400//2118 1401//2118 1402//2118
f  1395//2119 1403//2119 1393//2119
f  1393//2120 1403//2120 1400//2120
f  1393//2121 1400//2121 1404//2121
f  1404//2122 1400//2122 1402//2122
f  1405//2123 1402//2123 1406//2123
f  1406//2124 1402//2124 1401//2124
f  1406//2125 1401//2125 1407//2125
f  1384//2126 1408//2126 1409//2126
f  1408//2127 1384//2127 1410//2127
f  1410//2128 1384//2128 1383//2128
f  1410//2129 1383//2129 1411//2129
f  1412//2130 1413//2130 1414//2130
f  1382//2131 1381//2131 1412//2131
f  1412//2132 1381//2132 1380//2132
f  1412//2133 1380//2133 1413//2133
f  1415//2134 1416//2134 1378//2134
f  1378//2135 1416//2135 1377//2135
f  1377//2136 1416//2136 1417//2136
f  1377//2137 1417//2137 1376//2137
f  1376//2138 1417//2138 1418//2138
f  1376//2139 1418//2139 1375//2139
f  1375//2140 1418//2140 1374//2140
f  1374//2141 1418//2141 1419//2141
f  1374//2142 1419//2142 1373//2142
f  1373//2143 1419//2143 1372//2143
f  1372//2144 1419//2144 1420//2144
f  1372//2145 1420//2145 1371//2145
f  1421//2146 1422//2146 1423//2146
f  1421//2147 1423//2147 1424//2147
f  1425//2148 1421//2148 1426//2148
f  1426//2149 1421//2149 1424//2149
f  1426//2150 1424//2150 1427//2150
f  1409//2151 1407//2151 1384//2151
f  1384//2152 1407//2152 1401//2152
f  1384//2153 1401//2153 1385//2153
f  1385//2154 1401//2154 1400//2154
f  1385//2155 1400//2155 1428//2155
f  1428//2156 1400//2156 1403//2156
f  1428//2157 1403//2157 1429//2157
f  1429//2158 1403//2158 1395//2158
f  1429//2159 1395//2159 1430//2159
f  1430//2160 1395//2160 1397//2160
f  1430//2161 1397//2161 1431//2161
f  1431//2162 1397//2162 1390//2162
f  1431//2163 1390//2163 1432//2163
f  1432//2164 1390//2164 1388//2164
f  1432//2165 1388//2165 1433//2165
f  1433//2166 1388//2166 1387//2166
f  1414//2167 1434//2167 1412//2167
f  1412//2168 1434//2168 1435//2168
f  1412//2169 1435//2169 1382//2169
f  1382//2170 1435//2170 1415//2170
f  1382//2171 1415//2171 1379//2171
f  1379//2172 1415//2172 1378//2172
f  1434//2173 1436//2173 1435//2173
f  1435//2174 1436//2174 1437//2174
f  1435//2175 1437//2175 1415//2175
f  1415//2176 1437//2176 1438//2176
f  1415//2177 1438//2177 1416//2177
f  1416//2178 1438//2178 1439//2178
f  1416//2179 1439//2179 1417//2179
f  1417//2180 1439//2180 1440//2180
f  1417//2181 1440//2181 1418//2181
f  1418//2182 1440//2182 1427//2182
f  1418//2183 1427//2183 1419//2183
f  1419//2184 1427//2184 1424//2184
f  1419//2185 1424//2185 1420//2185
f  1420//2186 1424//2186 1423//2186
f  1420//2187 1423//2187 1371//2187
f  1371//2188 1423//2188 1422//2188
f  1371//2189 1422//2189 1370//2189
f  1414//2190 1441//2190 1434//2190
f  1434//2191 1441//2191 1411//2191
f  1434//2192 1411//2192 1436//2192
f  1436//2193 1411//2193 1383//2193
f  1436//2194 1383//2194 1437//2194
f  1437//2195 1383//2195 1385//2195
f  1437//2196 1385//2196 1438//2196
f  1438//2197 1385//2197 1428//2197
f  1438//2198 1428//2198 1439//2198
f  1439//2199 1428//2199 1429//2199
f  1439//2200 1429//2200 1440//2200
f  1440//2201 1429//2201 1430//2201
f  1440//2202 1430//2202 1427//2202
f  1427//2203 1430//2203 1431//2203
f  1427//2204 1431//2204 1426//2204
f  1426//2205 1431//2205 1432//2205
f  1426//2206 1432//2206 1425//2206
f  1425//2207 1432//2207 1433//2207
f  1442//2208 1443//2208 1444//2208
f  1445//2209 1446//2209 1389//2209
f  1447//2210 1445//2210 1448//2210
f  1391//2211 1399//2211 1448//2211
f  1448//2212 1399//2212 1398//2212
f  1448//2213 1398//2213 1396//2213
f  1445//2214 1389//2214 1448//2214
f  1448//2215 1389//2215 1392//2215
f  1448//2216 1392//2216 1391//2216
f  1394//2217 1393//2217 1404//2217
f  1404//2218 1402//2218 1405//2218
f  1449//2219 1396//2219 1394//2219
f  1394//2220 1404//2220 1449//2220
f  1449//2221 1404//2221 1405//2221
f  1449//2222 1405//2222 1450//2222
f  1450//2223 1451//2223 1449//2223
f  1449//2224 1451//2224 1442//2224
f  1449//2225 1442//2225 1396//2225
f  1396//2226 1442//2226 1444//2226
f  1396//2227 1444//2227 1448//2227
f  1448//2228 1444//2228 1452//2228
f  1448//2229 1452//2229 1447//2229
f  1453//2230 1454//2230 1455//2230
f  1443//2231 1442//2231 1456//2231
f  1451//2232 1450//2232 1457//2232
f  1447//2233 1452//2233 1458//2233
f  1386//2234 1389//2234 1446//2234
f  1453//2235 1459//2235 1460//2235
f  1386//2236 1454//2236 1387//2236
f  1387//2237 1454//2237 1453//2237
f  1387//2238 1453//2238 1433//2238
f  1433//2239 1453//2239 1460//2239
f  1433//2240 1460//2240 1425//2240
f  1425//2241 1460//2241 1421//2241
f  1370//2242 1422//2242 1461//2242
f  1461//2243 1422//2243 1462//2243
f  1461//2244 1462//2244 1463//2244
f  1463//2245 1462//2245 1464//2245
f  1463//2246 1464//2246 1465//2246
f  1466//2247 1467//2247 1465//2247
f  1467//2248 1466//2248 1468//2248
f  1468//2249 1466//2249 1469//2249
f  1468//2250 1469//2250 1470//2250
f  1471//2251 1472//2251 1473//2251
f  1473//2252 1472//2252 1474//2252
f  1473//2253 1474//2253 1469//2253
f  1469//2254 1474//2254 1475//2254
f  1469//2255 1475//2255 1470//2255
f  1476//2256 1477//2256 1471//2256
f  1471//2257 1477//2257 1478//2257
f  1471//2258 1478//2258 1472//2258
f  1479//2259 1480//2259 1481//2259
f  1481//2260 1480//2260 1482//2260
f  1380//2261 1479//2261 1413//2261
f  1413//2262 1479//2262 1481//2262
f  1413//2263 1481//2263 1483//2263
f  1483//2264 1481//2264 1482//2264
f  1483//2265 1482//2265 1476//2265
f  1476//2266 1482//2266 1484//2266
f  1476//2267 1484//2267 1477//2267
f  1485//2268 1441//2268 1414//2268
f  1409//2269 1408//2269 1486//2269
f  1486//2270 1408//2270 1410//2270
f  1486//2271 1410//2271 1411//2271
f  1450//2272 1405//2272 1457//2272
f  1457//2273 1405//2273 1406//2273
f  1457//2274 1406//2274 1407//2274
f  1459//2275 1453//2275 1487//2275
f  1487//2276 1453//2276 1455//2276
f  1487//2277 1455//2277 1488//2277
f  1488//2278 1455//2278 1489//2278
f  1488//2279 1489//2279 1490//2279
f  1407//2280 1491//2280 1457//2280
f  1457//2281 1491//2281 1456//2281
f  1457//2282 1456//2282 1451//2282
f  1451//2283 1456//2283 1442//2283
f  1422//2284 1421//2284 1462//2284
f  1462//2285 1421//2285 1460//2285
f  1462//2286 1460//2286 1464//2286
f  1464//2287 1460//2287 1459//2287
f  1464//2288 1459//2288 1492//2288
f  1492//2289 1459//2289 1487//2289
f  1492//2290 1487//2290 1493//2290
f  1493//2291 1487//2291 1488//2291
f  1493//2292 1488//2292 1494//2292
f  1494//2293 1488//2293 1490//2293
f  1494//2294 1490//2294 1495//2294
f  1444//2295 1443//2295 1496//2295
f  1496//2296 1443//2296 1456//2296
f  1496//2297 1456//2297 1497//2297
f  1497//2298 1456//2298 1491//2298
f  1497//2299 1491//2299 1486//2299
f  1486//2300 1491//2300 1407//2300
f  1486//2301 1407//2301 1409//2301
f  1465//2302 1464//2302 1466//2302
f  1466//2303 1464//2303 1492//2303
f  1466//2304 1492//2304 1469//2304
f  1469//2305 1492//2305 1493//2305
f  1469//2306 1493//2306 1473//2306
f  1473//2307 1493//2307 1494//2307
f  1473//2308 1494//2308 1471//2308
f  1471//2309 1494//2309 1495//2309
f  1471//2310 1495//2310 1476//2310
f  1452//2311 1444//2311 1458//2311
f  1458//2312 1444//2312 1496//2312
f  1458//2313 1496//2313 1498//2313
f  1498//2314 1496//2314 1497//2314
f  1498//2315 1497//2315 1499//2315
f  1499//2316 1497//2316 1486//2316
f  1499//2317 1486//2317 1485//2317
f  1485//2318 1486//2318 1411//2318
f  1485//2319 1411//2319 1441//2319
f  1386//2320 1446//2320 1454//2320
f  1454//2321 1446//2321 1445//2321
f  1454//2322 1445//2322 1455//2322
f  1455//2323 1445//2323 1447//2323
f  1455//2324 1447//2324 1489//2324
f  1489//2325 1447//2325 1458//2325
f  1489//2326 1458//2326 1490//2326
f  1490//2327 1458//2327 1498//2327
f  1490//2328 1498//2328 1495//2328
f  1495//2329 1498//2329 1499//2329
f  1495//2330 1499//2330 1476//2330
f  1476//2331 1499//2331 1485//2331
f  1476//2332 1485//2332 1483//2332
f  1483//2333 1485//2333 1414//2333
f  1483//2334 1414//2334 1413//2334
f  1461//2335 689//2335 1370//2335
f  1480//2336 1479//2336 683//2336
f  1380//2337 680//2337 1479//2337
f  1479//2338 680//2338 684//2338
f  1479//2339 684//2339 683//2339
f  1480//2340 683//2340 1482//2340
f  1482//2341 683//2341 682//2341
f  1482//2342 682//2342 1484//2342
f  1484//2343 682//2343 671//2343
f  1484//2344 671//2344 1477//2344
f  669//2345 668//2345 1475//2345
f  1475//2346 1474//2346 669//2346
f  669//2347 1474//2347 1472//2347
f  669//2348 1472//2348 671//2348
f  671//2349 1472//2349 1478//2349
f  671//2350 1478//2350 1477//2350
f  668//2351 666//2351 1475//2351
f  1475//2352 666//2352 605//2352
f  1475//2353 605//2353 1470//2353
f  1470//2354 605//2354 1468//2354
f  689//2355 1461//2355 604//2355
f  1461//2356 1463//2356 604//2356
f  604//2357 1463//2357 1465//2357
f  604//2358 1465//2358 605//2358
f  605//2359 1465//2359 1467//2359
f  605//2360 1467//2360 1468//2360
f  1500//2361 542//2361 1501//2361
f  1501//2362 542//2362 543//2362
f  1501//2363 543//2363 1502//2363
f  1502//2364 543//2364 544//2364
f  1502//2365 544//2365 1503//2365
f  1504//2366 1505//2366 1506//2366
f  1507//2367 1500//2367 1501//2367
f  1508//2368 1509//2368 1510//2368
f  1505//2369 1504//2369 1508//2369
f  1508//2370 1504//2370 1511//2370
f  1508//2371 1511//2371 1509//2371
f  1512//2372 1513//2372 1514//2372
f  1514//2373 1513//2373 1515//2373
f  1502//2374 1503//2374 1512//2374
f  1512//2375 1514//2375 1502//2375
f  1502//2376 1514//2376 1516//2376
f  1502//2377 1516//2377 1501//2377
f  1507//2378 1501//2378 1510//2378
f  1510//2379 1501//2379 1516//2379
f  1510//2380 1516//2380 1508//2380
f  1508//2381 1516//2381 1514//2381
f  1508//2382 1514//2382 1505//2382
f  1505//2383 1514//2383 1515//2383
f  1505//2384 1515//2384 1506//2384
f  1517//2385 1518//2385 509//2385
f  509//2386 1518//2386 1519//2386
f  509//2387 1519//2387 513//2387
f  1519//2388 1520//2388 513//2388
f  513//2389 1520//2389 1521//2389
f  513//2390 1521//2390 512//2390
f  512//2391 1521//2391 1522//2391
f  512//2392 1522//2392 511//2392
f  511//2393 1522//2393 1523//2393
f  511//2394 1523//2394 510//2394
f  1523//2395 1524//2395 510//2395
f  510//2396 1524//2396 1525//2396
f  510//2397 1525//2397 508//2397
f  1526//2398 496//2398 498//2398
f  1527//2399 492//2399 494//2399
f  472//2400 492//2400 1528//2400
f  1528//2401 492//2401 1527//2401
f  1528//2402 1527//2402 1529//2402
f  1529//2403 1527//2403 1530//2403
f  1531//2404 1532//2404 1533//2404
f  1533//2405 1532//2405 1534//2405
f  1533//2406 1534//2406 1535//2406
f  1535//2407 1534//2407 1536//2407
f  1535//2408 1536//2408 1537//2408
f  1537//2409 1536//2409 1538//2409
f  1537//2410 1538//2410 1530//2410
f  1530//2411 1538//2411 1539//2411
f  1530//2412 1539//2412 1529//2412
f  1531//2413 1533//2413 1540//2413
f  1540//2414 1533//2414 1541//2414
f  1540//2415 1541//2415 1542//2415
f  1542//2416 1541//2416 1543//2416
f  1542//2417 1543//2417 1544//2417
f  1544//2418 1543//2418 1545//2418
f  1544//2419 1545//2419 1546//2419
f  1546//2420 1545//2420 1547//2420
f  1546//2421 1547//2421 1548//2421
f  1549//2422 485//2422 477//2422
f  509//2423 480//2423 1517//2423
f  1517//2424 480//2424 482//2424
f  1517//2425 482//2425 484//2425
f  506//2426 508//2426 500//2426
f  500//2427 508//2427 1525//2427
f  500//2428 1525//2428 1550//2428
f  1550//2429 1525//2429 1524//2429
f  1550//2430 1524//2430 1551//2430
f  1551//2431 1524//2431 1523//2431
f  1551//2432 1523//2432 1552//2432
f  1552//2433 1523//2433 1522//2433
f  1552//2434 1522//2434 1553//2434
f  1553//2435 1522//2435 1521//2435
f  1553//2436 1521//2436 1554//2436
f  1554//2437 1521//2437 1520//2437
f  1554//2438 1520//2438 1555//2438
f  1555//2439 1520//2439 1519//2439
f  1555//2440 1519//2440 1556//2440
f  1556//2441 1519//2441 1518//2441
f  1556//2442 1518//2442 1557//2442
f  1557//2443 1518//2443 1517//2443
f  1557//2444 1517//2444 1558//2444
f  1558//2445 1517//2445 484//2445
f  1558//2446 484//2446 485//2446
f  485//2447 1549//2447 1558//2447
f  1558//2448 1549//2448 1559//2448
f  1558//2449 1559//2449 1557//2449
f  1557//2450 1559//2450 1560//2450
f  1557//2451 1560//2451 1556//2451
f  1556//2452 1560//2452 1561//2452
f  1556//2453 1561//2453 1555//2453
f  1555//2454 1561//2454 1562//2454
f  1555//2455 1562//2455 1554//2455
f  1554//2456 1562//2456 1563//2456
f  1554//2457 1563//2457 1553//2457
f  1553//2458 1563//2458 1564//2458
f  1553//2459 1564//2459 1552//2459
f  1552//2460 1564//2460 1565//2460
f  1552//2461 1565//2461 1551//2461
f  1551//2462 1565//2462 1526//2462
f  1551//2463 1526//2463 1550//2463
f  1550//2464 1526//2464 498//2464
f  1550//2465 498//2465 500//2465
f  468//2466 1548//2466 477//2466
f  477//2467 1548//2467 1547//2467
f  477//2468 1547//2468 1549//2468
f  1549//2469 1547//2469 1545//2469
f  1549//2470 1545//2470 1559//2470
f  1559//2471 1545//2471 1543//2471
f  1559//2472 1543//2472 1560//2472
f  1560//2473 1543//2473 1541//2473
f  1560//2474 1541//2474 1561//2474
f  1561//2475 1541//2475 1533//2475
f  1561//2476 1533//2476 1562//2476
f  1562//2477 1533//2477 1535//2477
f  1562//2478 1535//2478 1563//2478
f  1563//2479 1535//2479 1537//2479
f  1563//2480 1537//2480 1564//2480
f  1564//2481 1537//2481 1530//2481
f  1564//2482 1530//2482 1565//2482
f  1565//2483 1530//2483 1527//2483
f  1565//2484 1527//2484 1526//2484
f  1526//2485 1527//2485 494//2485
f  1526//2486 494//2486 496//2486
f  1548//2487 468//2487 529//2487
f  529//2488 468//2488 467//2488
f  1548//2489 529//2489 1546//2489
f  1546//2490 529//2490 527//2490
f  1546//2491 527//2491 1544//2491
f  1544//2492 527//2492 526//2492
f  1544//2493 526//2493 1542//2493
f  1542//2494 526//2494 1540//2494
f  1540//2495 526//2495 525//2495
f  1540//2496 525//2496 1531//2496
f  1531//2497 525//2497 524//2497
f  1531//2498 524//2498 1532//2498
f  1532//2499 524//2499 523//2499
f  1532//2500 523//2500 1534//2500
f  1534//2501 523//2501 1536//2501
f  1536//2502 523//2502 521//2502
f  1536//2503 521//2503 1538//2503
f  1538//2504 521//2504 1539//2504
f  1539//2505 521//2505 522//2505
f  1539//2506 522//2506 1529//2506
f  1529//2507 522//2507 1528//2507
f  1528//2508 522//2508 473//2508
f  1528//2509 473//2509 472//2509
f  1566//2510 602//2510 1567//2510
f  1567//2511 602//2511 1568//2511
f  1568//2512 602//2512 1569//2512
f  1569//2513 602//2513 601//2513
f  1569//2514 601//2514 1570//2514
f  1571//2515 1572//2515 514//2515
f  514//2516 1572//2516 1573//2516
f  514//2517 1573//2517 515//2517
f  515//2518 1573//2518 1574//2518
f  515//2519 1574//2519 562//2519
f  562//2520 1574//2520 1575//2520
f  562//2521 1575//2521 564//2521
f  564//2522 1575//2522 1576//2522
f  564//2523 1576//2523 565//2523
f  565//2524 1576//2524 1577//2524
f  565//2525 1577//2525 596//2525
f  596//2526 1577//2526 1578//2526
f  596//2527 1578//2527 600//2527
f  600//2528 1578//2528 1579//2528
f  600//2529 1579//2529 601//2529
f  601//2530 1579//2530 1580//2530
f  601//2531 1580//2531 1570//2531
f  1571//2532 514//2532 1581//2532
f  1581//2533 514//2533 595//2533
f  1581//2534 595//2534 1582//2534
f  594//2535 1583//2535 1584//2535
f  594//2536 1584//2536 595//2536
f  595//2537 1584//2537 1585//2537
f  595//2538 1585//2538 1582//2538
f  1586//2539 1587//2539 1588//2539
f  1589//2540 1590//2540 1591//2540
f  1591//2541 1590//2541 1592//2541
f  1593//2542 1594//2542 1595//2542
f  1595//2543 1594//2543 1596//2543
f  1588//2544 1594//2544 1597//2544
f  1597//2545 1594//2545 1593//2545
f  1597//2546 1593//2546 1598//2546
f  1598//2547 1593//2547 1595//2547
f  1598//2548 1595//2548 1599//2548
f  1600//2549 1571//2549 1601//2549
f  1601//2550 1571//2550 1581//2550
f  1601//2551 1581//2551 1602//2551
f  1602//2552 1581//2552 1582//2552
f  1602//2553 1582//2553 1585//2553
f  1574//2554 1573//2554 1600//2554
f  1600//2555 1573//2555 1572//2555
f  1600//2556 1572//2556 1571//2556
f  1600//2557 1603//2557 1574//2557
f  1574//2558 1603//2558 1604//2558
f  1574//2559 1604//2559 1575//2559
f  1575//2560 1604//2560 1605//2560
f  1575//2561 1605//2561 1576//2561
f  1606//2562 1578//2562 1605//2562
f  1605//2563 1578//2563 1577//2563
f  1605//2564 1577//2564 1576//2564
f  1607//2565 1608//2565 1579//2565
f  1579//2566 1608//2566 1580//2566
f  1569//2567 1609//2567 1568//2567
f  1568//2568 1609//2568 1610//2568
f  1568//2569 1610//2569 1567//2569
f  1609//2570 1611//2570 1610//2570
f  1610//2571 1611//2571 1567//2571
f  1567//2572 1611//2572 1566//2572
f  1612//2573 1613//2573 1614//2573
f  1614//2574 1613//2574 1615//2574
f  1614//2575 1615//2575 1616//2575
f  1616//2576 1615//2576 1617//2576
f  1616//2577 1617//2577 1618//2577
f  1618//2578 1617//2578 1619//2578
f  1618//2579 1619//2579 1609//2579
f  1609//2580 1619//2580 1620//2580
f  1609//2581 1620//2581 1611//2581
f  1621//2582 1622//2582 1623//2582
f  1623//2583 1622//2583 1624//2583
f  1623//2584 1624//2584 1625//2584
f  1625//2585 1624//2585 1626//2585
f  1586//2586 1588//2586 1627//2586
f  1627//2587 1588//2587 1597//2587
f  1627//2588 1597//2588 1628//2588
f  1628//2589 1597//2589 1598//2589
f  1628//2590 1598//2590 1629//2590
f  1629//2591 1598//2591 1599//2591
f  1629//2592 1599//2592 1630//2592
f  1592//2593 1621//2593 1591//2593
f  1591//2594 1621//2594 1623//2594
f  1591//2595 1623//2595 1631//2595
f  1631//2596 1623//2596 1625//2596
f  1631//2597 1625//2597 1632//2597
f  1632//2598 1625//2598 1626//2598
f  1632//2599 1626//2599 1633//2599
f  1630//2600 1589//2600 1629//2600
f  1629//2601 1589//2601 1591//2601
f  1629//2602 1591//2602 1634//2602
f  1634//2603 1591//2603 1631//2603
f  1634//2604 1631//2604 1635//2604
f  1635//2605 1631//2605 1632//2605
f  1636//2606 1637//2606 1638//2606
f  1638//2607 1637//2607 1639//2607
f  1639//2608 1637//2608 1640//2608
f  1639//2609 1640//2609 1641//2609
f  1583//2610 1587//2610 1584//2610
f  1584//2611 1587//2611 1586//2611
f  1584//2612 1586//2612 1642//2612
f  1642//2613 1586//2613 1627//2613
f  1642//2614 1627//2614 1641//2614
f  1641//2615 1627//2615 1628//2615
f  1641//2616 1628//2616 1639//2616
f  1639//2617 1628//2617 1629//2617
f  1639//2618 1629//2618 1638//2618
f  1638//2619 1629//2619 1634//2619
f  1638//2620 1634//2620 1636//2620
f  1636//2621 1634//2621 1635//2621
f  1569//2622 1570//2622 1609//2622
f  1609//2623 1570//2623 1643//2623
f  1609//2624 1643//2624 1618//2624
f  1618//2625 1643//2625 1633//2625
f  1618//2626 1633//2626 1616//2626
f  1616//2627 1633//2627 1626//2627
f  1616//2628 1626//2628 1614//2628
f  1614//2629 1626//2629 1624//2629
f  1614//2630 1624//2630 1612//2630
f  1612//2631 1624//2631 1622//2631
f  1570//2632 1580//2632 1643//2632
f  1643//2633 1580//2633 1608//2633
f  1643//2634 1608//2634 1633//2634
f  1633//2635 1608//2635 1607//2635
f  1633//2636 1607//2636 1632//2636
f  1632//2637 1607//2637 1644//2637
f  1632//2638 1644//2638 1635//2638
f  1635//2639 1644//2639 1645//2639
f  1635//2640 1645//2640 1636//2640
f  1636//2641 1645//2641 1646//2641
f  1636//2642 1646//2642 1637//2642
f  1637//2643 1646//2643 1647//2643
f  1637//2644 1647//2644 1640//2644
f  1640//2645 1647//2645 1648//2645
f  1640//2646 1648//2646 1641//2646
f  1579//2647 1578//2647 1607//2647
f  1607//2648 1578//2648 1606//2648
f  1607//2649 1606//2649 1644//2649
f  1644//2650 1606//2650 1605//2650
f  1644//2651 1605//2651 1645//2651
f  1645//2652 1605//2652 1604//2652
f  1645//2653 1604//2653 1646//2653
f  1646//2654 1604//2654 1603//2654
f  1646//2655 1603//2655 1647//2655
f  1647//2656 1603//2656 1600//2656
f  1647//2657 1600//2657 1648//2657
f  1648//2658 1600//2658 1601//2658
f  1648//2659 1601//2659 1641//2659
f  1641//2660 1601//2660 1602//2660
f  1641//2661 1602//2661 1642//2661
f  1642//2662 1602//2662 1585//2662
f  1642//2663 1585//2663 1584//2663
f  1649//2664 1613//2664 1650//2664
f  1651//2665 1649//2665 1652//2665
f  1652//2666 1649//2666 1650//2666
f  1652//2667 1650//2667 1653//2667
f  1613//2668 1612//2668 1650//2668
f  1650//2669 1612//2669 1622//2669
f  1650//2670 1622//2670 1621//2670
f  1599//2671 1595//2671 1596//2671
f  1590//2672 1589//2672 1654//2672
f  1654//2673 1589//2673 1630//2673
f  1654//2674 1630//2674 1599//2674
f  1654//2675 1655//2675 1656//2675
f  1621//2676 1592//2676 1650//2676
f  1650//2677 1592//2677 1590//2677
f  1650//2678 1590//2678 1653//2678
f  1653//2679 1590//2679 1654//2679
f  1653//2680 1654//2680 1657//2680
f  1657//2681 1654//2681 1656//2681
f  1599//2682 1596//2682 1654//2682
f  1654//2683 1596//2683 1658//2683
f  1654//2684 1658//2684 1655//2684
f  1659//2685 1660//2685 1661//2685
f  1662//2686 1566//2686 1611//2686
f  1649//2687 1651//2687 1663//2687
f  1664//2688 1665//2688 1658//2688
f  1658//2689 1665//2689 1655//2689
f  1655//2690 1665//2690 1656//2690
f  1656//2691 1665//2691 1666//2691
f  1656//2692 1666//2692 1657//2692
f  1657//2693 1666//2693 1653//2693
f  1653//2694 1666//2694 1667//2694
f  1653//2695 1667//2695 1652//2695
f  1615//2696 1613//2696 1649//2696
f  1649//2697 1663//2697 1615//2697
f  1615//2698 1663//2698 1668//2698
f  1615//2699 1668//2699 1617//2699
f  1617//2700 1669//2700 1619//2700
f  1619//2701 1669//2701 1670//2701
f  1619//2702 1670//2702 1620//2702
f  1620//2703 1670//2703 1671//2703
f  1620//2704 1671//2704 1611//2704
f  1611//2705 1671//2705 1672//2705
f  1611//2706 1672//2706 1673//2706
f  1611//2707 1673//2707 1662//2707
f  1674//2708 1675//2708 1676//2708
f  1676//2709 1675//2709 1677//2709
f  1676//2710 1677//2710 1678//2710
f  1660//2711 1659//2711 1677//2711
f  1677//2712 1659//2712 1679//2712
f  1677//2713 1679//2713 1678//2713
f  1680//2714 1681//2714 1682//2714
f  1682//2715 1681//2715 1683//2715
f  1682//2716 1683//2716 1661//2716
f  1661//2717 1683//2717 1684//2717
f  1661//2718 1684//2718 1659//2718
f  1685//2719 1588//2719 1587//2719
f  1658//2720 1596//2720 1664//2720
f  1664//2721 1596//2721 1594//2721
f  1664//2722 1594//2722 1588//2722
f  1686//2723 1668//2723 1687//2723
f  1687//2724 1668//2724 1663//2724
f  1687//2725 1663//2725 1667//2725
f  1667//2726 1663//2726 1651//2726
f  1667//2727 1651//2727 1652//2727
f  1688//2728 1689//2728 1690//2728
f  1691//2729 1692//2729 1693//2729
f  1693//2730 1692//2730 1694//2730
f  1693//2731 1694//2731 1695//2731
f  1695//2732 1694//2732 1696//2732
f  1695//2733 1696//2733 1690//2733
f  1690//2734 1696//2734 1697//2734
f  1690//2735 1697//2735 1688//2735
f  1698//2736 1699//2736 1689//2736
f  1689//2737 1699//2737 1700//2737
f  1689//2738 1700//2738 1690//2738
f  1690//2739 1700//2739 1701//2739
f  1690//2740 1701//2740 1695//2740
f  1695//2741 1701//2741 1702//2741
f  1695//2742 1702//2742 1693//2742
f  1693//2743 1702//2743 1703//2743
f  1693//2744 1703//2744 1691//2744
f  1691//2745 1703//2745 1704//2745
f  1617//2746 1668//2746 1669//2746
f  1669//2747 1668//2747 1686//2747
f  1669//2748 1686//2748 1670//2748
f  1670//2749 1686//2749 1705//2749
f  1670//2750 1705//2750 1671//2750
f  1671//2751 1705//2751 1706//2751
f  1671//2752 1706//2752 1672//2752
f  1672//2753 1706//2753 1707//2753
f  1672//2754 1707//2754 1673//2754
f  1675//2755 1704//2755 1677//2755
f  1677//2756 1704//2756 1703//2756
f  1677//2757 1703//2757 1660//2757
f  1660//2758 1703//2758 1702//2758
f  1660//2759 1702//2759 1661//2759
f  1661//2760 1702//2760 1701//2760
f  1661//2761 1701//2761 1682//2761
f  1682//2762 1701//2762 1700//2762
f  1682//2763 1700//2763 1680//2763
f  1680//2764 1700//2764 1699//2764
f  1680//2765 1699//2765 1708//2765
f  1708//2766 1699//2766 1698//2766
f  1708//2767 1698//2767 1709//2767
f  1583//2768 1709//2768 1587//2768
f  1587//2769 1709//2769 1698//2769
f  1587//2770 1698//2770 1685//2770
f  1685//2771 1698//2771 1689//2771
f  1685//2772 1689//2772 1588//2772
f  1588//2773 1689//2773 1688//2773
f  1588//2774 1688//2774 1664//2774
f  1664//2775 1688//2775 1697//2775
f  1664//2776 1697//2776 1665//2776
f  1665//2777 1697//2777 1696//2777
f  1665//2778 1696//2778 1666//2778
f  1666//2779 1696//2779 1694//2779
f  1666//2780 1694//2780 1667//2780
f  1667//2781 1694//2781 1692//2781
f  1667//2782 1692//2782 1687//2782
f  1687//2783 1692//2783 1691//2783
f  1687//2784 1691//2784 1686//2784
f  1686//2785 1691//2785 1704//2785
f  1686//2786 1704//2786 1705//2786
f  1705//2787 1704//2787 1675//2787
f  1705//2788 1675//2788 1706//2788
f  1706//2789 1675//2789 1674//2789
f  1706//2790 1674//2790 1707//2790
f  1583//2791 594//2791 1709//2791
f  1709//2792 594//2792 593//2792
f  1709//2793 593//2793 1708//2793
f  1708//2794 593//2794 1680//2794
f  1680//2795 593//2795 592//2795
f  1680//2796 592//2796 1681//2796
f  1681//2797 592//2797 1683//2797
f  1683//2798 592//2798 591//2798
f  1683//2799 591//2799 1684//2799
f  591//2800 590//2800 1684//2800
f  1684//2801 590//2801 589//2801
f  1684//2802 589//2802 1659//2802
f  1659//2803 589//2803 588//2803
f  1566//2804 1662//2804 602//2804
f  602//2805 1662//2805 1673//2805
f  602//2806 1673//2806 597//2806
f  597//2807 1673//2807 1707//2807
f  597//2808 1707//2808 598//2808
f  598//2809 1707//2809 1674//2809
f  598//2810 1674//2810 599//2810
f  599//2811 1674//2811 1676//2811
f  599//2812 1676//2812 540//2812
f  540//2813 1676//2813 1678//2813
f  540//2814 1678//2814 588//2814
f  588//2815 1678//2815 1679//2815
f  588//2816 1679//2816 1659//2816
f  1710//2817 1711//2817 1712//2817
f  1713//2818 1714//2818 1715//2818
f  1715//2819 1714//2819 1716//2819
f  1713//2820 1715//2820 1717//2820
f  1717//2821 1715//2821 1718//2821
f  1717//2822 1718//2822 1719//2822
f  1712//2823 1711//2823 1718//2823
f  1718//2824 1711//2824 1720//2824
f  1718//2825 1720//2825 1719//2825
f  1721//2826 1722//2826 1723//2826
f  1723//2827 1722//2827 1724//2827
f  1723//2828 1724//2828 1725//2828
f  1725//2829 1724//2829 1726//2829
f  1725//2830 1726//2830 1727//2830
f  1728//2831 1729//2831 1730//2831
f  1731//2832 1732//2832 1733//2832
f  1716//2833 1734//2833 1731//2833
f  1735//2834 1734//2834 1736//2834
f  1736//2835 1734//2835 1716//2835
f  1736//2836 1716//2836 1737//2836
f  1737//2837 1716//2837 1714//2837
f  1727//2838 1726//2838 1738//2838
f  1738//2839 1726//2839 1739//2839
f  1738//2840 1739//2840 1740//2840
f  1740//2841 1739//2841 1741//2841
f  1740//2842 1741//2842 1742//2842
f  1742//2843 1741//2843 1743//2843
f  1742//2844 1743//2844 1744//2844
f  1722//2845 1710//2845 1724//2845
f  1724//2846 1710//2846 1712//2846
f  1724//2847 1712//2847 1726//2847
f  1726//2848 1712//2848 1718//2848
f  1726//2849 1718//2849 1739//2849
f  1739//2850 1718//2850 1715//2850
f  1739//2851 1715//2851 1741//2851
f  1741//2852 1715//2852 1716//2852
f  1741//2853 1716//2853 1743//2853
f  1743//2854 1716//2854 1731//2854
f  1743//2855 1731//2855 1744//2855
f  1744//2856 1731//2856 1733//2856
f  1744//2857 1733//2857 1742//2857
f  1742//2858 1733//2858 1745//2858
f  1742//2859 1745//2859 1740//2859
f  1740//2860 1745//2860 1728//2860
f  1740//2861 1728//2861 1738//2861
f  1738//2862 1728//2862 1730//2862
f  1738//2863 1730//2863 1727//2863
f  1731//2864 1746//2864 1732//2864
f  1732//2865 1746//2865 1747//2865
f  1732//2866 1747//2866 1748//2866
f  1748//2867 1747//2867 1749//2867
f  1748//2868 1749//2868 1750//2868
f  1750//2869 1749//2869 1751//2869
f  1750//2870 1751//2870 1752//2870
f  1753//2871 1754//2871 1755//2871
f  1756//2872 1757//2872 1758//2872
f  1758//2873 1757//2873 1759//2873
f  1758//2874 1759//2874 1760//2874
f  1760//2875 1761//2875 1758//2875
f  1758//2876 1761//2876 1762//2876
f  1758//2877 1762//2877 1756//2877
f  1756//2878 1762//2878 1763//2878
f  1763//2879 1762//2879 1764//2879
f  1764//2880 1762//2880 1765//2880
f  1764//2881 1765//2881 1766//2881
f  1766//2882 1765//2882 1767//2882
f  1766//2883 1767//2883 1768//2883
f  1769//2884 1734//2884 1735//2884
f  1770//2885 1768//2885 1771//2885
f  1771//2886 1768//2886 1767//2886
f  1771//2887 1767//2887 1772//2887
f  1772//2888 1767//2888 1769//2888
f  1772//2889 1769//2889 1773//2889
f  1773//2890 1769//2890 1735//2890
f  1774//2891 1752//2891 1755//2891
f  1755//2892 1752//2892 1751//2892
f  1755//2893 1751//2893 1753//2893
f  1753//2894 1751//2894 1749//2894
f  1753//2895 1749//2895 1775//2895
f  1775//2896 1749//2896 1747//2896
f  1775//2897 1747//2897 1776//2897
f  1776//2898 1747//2898 1746//2898
f  1776//2899 1746//2899 1777//2899
f  1777//2900 1746//2900 1731//2900
f  1777//2901 1731//2901 1734//2901
f  1734//2902 1769//2902 1777//2902
f  1777//2903 1769//2903 1767//2903
f  1777//2904 1767//2904 1776//2904
f  1776//2905 1767//2905 1765//2905
f  1776//2906 1765//2906 1775//2906
f  1775//2907 1765//2907 1762//2907
f  1775//2908 1762//2908 1753//2908
f  1753//2909 1762//2909 1761//2909
f  1753//2910 1761//2910 1754//2910
f  1778//2911 1732//2911 1748//2911
f  1779//2912 1780//2912 1774//2912
f  1774//2913 1780//2913 1781//2913
f  1774//2914 1781//2914 1752//2914
f  1752//2915 1781//2915 1778//2915
f  1752//2916 1778//2916 1750//2916
f  1750//2917 1778//2917 1748//2917
f  1782//2918 1729//2918 1783//2918
f  1783//2919 1729//2919 1784//2919
f  1783//2920 1784//2920 1785//2920
f  1785//2921 1784//2921 1732//2921
f  1785//2922 1732//2922 1778//2922
f  1729//2923 1728//2923 1784//2923
f  1784//2924 1728//2924 1745//2924
f  1784//2925 1745//2925 1732//2925
f  1732//2926 1745//2926 1733//2926
f  1786//2927 1787//2927 1788//2927
f  1786//2928 1788//2928 1789//2928
f  1790//2929 1791//2929 1792//2929
f  1792//2930 1791//2930 1793//2930
f  1792//2931 1793//2931 1794//2931
f  1786//2932 1795//2932 1796//2932
f  1796//2933 1795//2933 1797//2933
f  1796//2934 1797//2934 1798//2934
f  1798//2935 1797//2935 1785//2935
f  1798//2936 1785//2936 1778//2936
f  1782//2937 1783//2937 1799//2937
f  1799//2938 1783//2938 1800//2938
f  1799//2939 1800//2939 1801//2939
f  1802//2940 1727//2940 1730//2940
f  1727//2941 1802//2941 1725//2941
f  1725//2942 1802//2942 1803//2942
f  1725//2943 1803//2943 1723//2943
f  1721//2944 1723//2944 1804//2944
f  1804//2945 1723//2945 1803//2945
f  1804//2946 1803//2946 1805//2946
f  1805//2947 1803//2947 1806//2947
f  1794//2948 1807//2948 1792//2948
f  1792//2949 1807//2949 1808//2949
f  1792//2950 1808//2950 1801//2950
f  1729//2951 1782//2951 1730//2951
f  1730//2952 1782//2952 1799//2952
f  1730//2953 1799//2953 1802//2953
f  1802//2954 1799//2954 1801//2954
f  1802//2955 1801//2955 1803//2955
f  1803//2956 1801//2956 1808//2956
f  1803//2957 1808//2957 1806//2957
f  1806//2958 1808//2958 1807//2958
f  1789//2959 1790//2959 1786//2959
f  1786//2960 1790//2960 1792//2960
f  1786//2961 1792//2961 1795//2961
f  1795//2962 1792//2962 1801//2962
f  1795//2963 1801//2963 1797//2963
f  1797//2964 1801//2964 1800//2964
f  1797//2965 1800//2965 1785//2965
f  1785//2966 1800//2966 1783//2966
f  1798//2967 1809//2967 1810//2967
f  1811//2968 1812//2968 1786//2968
f  1786//2969 1812//2969 1787//2969
f  1813//2970 1814//2970 1815//2970
f  1798//2971 1810//2971 1796//2971
f  1796//2972 1810//2972 1813//2972
f  1796//2973 1813//2973 1786//2973
f  1786//2974 1813//2974 1815//2974
f  1786//2975 1815//2975 1811//2975
f  1816//2976 1817//2976 1818//2976
f  1818//2977 1817//2977 1819//2977
f  1820//2978 1821//2978 1822//2978
f  1757//2979 1821//2979 1759//2979
f  1759//2980 1821//2980 1820//2980
f  1759//2981 1820//2981 1760//2981
f  1760//2982 1820//2982 1761//2982
f  1761//2983 1820//2983 1823//2983
f  1761//2984 1823//2984 1754//2984
f  1754//2985 1823//2985 1824//2985
f  1754//2986 1824//2986 1755//2986
f  1825//2987 1780//2987 1779//2987
f  1798//2988 1778//2988 1809//2988
f  1809//2989 1778//2989 1781//2989
f  1809//2990 1781//2990 1780//2990
f  1780//2991 1825//2991 1809//2991
f  1809//2992 1825//2992 1826//2992
f  1809//2993 1826//2993 1810//2993
f  1810//2994 1826//2994 1818//2994
f  1810//2995 1818//2995 1813//2995
f  1813//2996 1818//2996 1819//2996
f  1813//2997 1819//2997 1814//2997
f  1774//2998 1755//2998 1779//2998
f  1779//2999 1755//2999 1824//2999
f  1779//3000 1824//3000 1825//3000
f  1825//3001 1824//3001 1823//3001
f  1825//3002 1823//3002 1826//3002
f  1826//3003 1823//3003 1820//3003
f  1826//3004 1820//3004 1818//3004
f  1818//3005 1820//3005 1822//3005
f  1818//3006 1822//3006 1816//3006
f  549//3007 1757//3007 550//3007
f  1811//3008 557//3008 1812//3008
f  1812//3009 557//3009 555//3009
f  1812//3010 555//3010 1787//3010
f  1787//3011 555//3011 1827//3011
f  560//3012 559//3012 1811//3012
f  1811//3013 559//3013 558//3013
f  1811//3014 558//3014 557//3014
f  1811//3015 1815//3015 560//3015
f  560//3016 1815//3016 1814//3016
f  560//3017 1814//3017 561//3017
f  561//3018 1814//3018 1819//3018
f  561//3019 1819//3019 548//3019
f  1819//3020 1817//3020 548//3020
f  548//3021 1817//3021 1816//3021
f  548//3022 1816//3022 546//3022
f  546//3023 1816//3023 1822//3023
f  546//3024 1822//3024 547//3024
f  547//3025 1822//3025 549//3025
f  549//3026 1822//3026 1821//3026
f  549//3027 1821//3027 1757//3027
f  652//3028 651//3028 1791//3028
f  1805//3029 1806//3029 648//3029
f  648//3030 1806//3030 1807//3030
f  648//3031 1807//3031 649//3031
f  649//3032 1807//3032 1794//3032
f  649//3033 1794//3033 651//3033
f  651//3034 1794//3034 1793//3034
f  651//3035 1793//3035 1791//3035
f  648//3036 660//3036 1805//3036
f  1805//3037 660//3037 659//3037
f  1805//3038 659//3038 1804//3038
f  1804//3039 659//3039 658//3039
f  1804//3040 658//3040 1721//3040
f  1791//3041 1790//3041 652//3041
f  652//3042 1790//3042 1789//3042
f  652//3043 1789//3043 653//3043
f  653//3044 1789//3044 1788//3044
f  653//3045 1788//3045 654//3045
f  654//3046 1788//3046 1787//3046
f  654//3047 1787//3047 555//3047
f  555//3048 1827//3048 1828//3048
f  1720//3049 656//3049 1719//3049
f  1719//3050 656//3050 655//3050
f  1719//3051 655//3051 1717//3051
f  1717//3052 655//3052 662//3052
f  1717//3053 662//3053 1713//3053
f  1721//3054 658//3054 1722//3054
f  1722//3055 658//3055 657//3055
f  1722//3056 657//3056 1710//3056
f  1710//3057 657//3057 656//3057
f  1710//3058 656//3058 1711//3058
f  1711//3059 656//3059 1720//3059
f  550//3060 1757//3060 551//3060
f  551//3061 1757//3061 1756//3061
f  551//3062 1756//3062 517//3062
f  1756//3063 1763//3063 517//3063
f  517//3064 1763//3064 1764//3064
f  517//3065 1764//3065 518//3065
f  518//3066 1764//3066 1766//3066
f  1766//3067 1768//3067 518//3067
f  518//3068 1768//3068 1770//3068
f  518//3069 1770//3069 545//3069
f  1829//3070 1830//3070 1831//3070
f  764//3071 758//3071 1829//3071
f  1829//3072 1831//3072 764//3072
f  764//3073 1831//3073 1832//3073
f  764//3074 1832//3074 765//3074
f  1833//3075 760//3075 766//3075
f  766//3076 1834//3076 1833//3076
f  1833//3077 1834//3077 1835//3077
f  1833//3078 1835//3078 1836//3078
f  766//3079 765//3079 1834//3079
f  1834//3080 765//3080 1832//3080
f  1834//3081 1832//3081 1835//3081
f  1835//3082 1832//3082 1831//3082
f  1835//3083 1831//3083 1837//3083
f  1837//3084 1831//3084 1830//3084
f  1837//3085 1830//3085 1838//3085
f  1839//3086 1840//3086 1841//3086
f  1842//3087 1843//3087 1844//3087
f  1845//3088 1846//3088 1847//3088
f  1848//3089 1849//3089 1850//3089
f  1850//3090 1849//3090 1851//3090
f  1849//3091 1852//3091 1851//3091
f  1851//3092 1852//3092 1853//3092
f  1851//3093 1853//3093 1854//3093
f  1854//3094 1853//3094 1855//3094
f  1854//3095 1855//3095 1856//3095
f  1856//3096 1855//3096 1857//3096
f  1856//3097 1857//3097 1858//3097
f  1858//3098 1857//3098 1859//3098
f  1860//3099 1861//3099 1859//3099
f  1861//3100 1862//3100 1859//3100
f  1859//3101 1862//3101 1863//3101
f  1859//3102 1863//3102 1858//3102
f  1864//3103 1865//3103 1860//3103
f  1860//3104 1866//3104 1864//3104
f  1864//3105 1866//3105 1867//3105
f  1864//3106 1867//3106 1868//3106
f  1868//3107 1867//3107 1869//3107
f  1868//3108 1869//3108 1870//3108
f  1870//3109 1869//3109 1871//3109
f  1870//3110 1871//3110 1872//3110
f  1872//3111 1871//3111 1873//3111
f  1872//3112 1873//3112 1874//3112
f  1874//3113 1873//3113 1875//3113
f  1875//3114 1873//3114 1876//3114
f  1875//3115 1876//3115 1877//3115
f  1877//3116 1876//3116 1878//3116
f  1877//3117 1878//3117 1879//3117
f  1880//3118 1881//3118 1882//3118
f  1883//3119 1884//3119 1885//3119
f  1886//3120 1887//3120 1888//3120
f  1888//3121 1887//3121 1889//3121
f  1890//3122 1891//3122 1892//3122
f  1845//3123 1847//3123 33//3123
f  1844//3124 1843//3124 1847//3124
f  1847//3125 1843//3125 1893//3125
f  1847//3126 1893//3126 33//3126
f  1891//3127 1890//3127 1894//3127
f  1894//3128 1890//3128 1895//3128
f  1894//3129 1895//3129 1896//3129
f  1896//3130 1895//3130 1897//3130
f  1896//3131 1897//3131 1898//3131
f  1899//3132 1898//3132 1900//3132
f  1900//3133 1898//3133 1897//3133
f  1900//3134 1897//3134 1901//3134
f  1901//3135 1897//3135 1895//3135
f  1901//3136 1895//3136 1902//3136
f  1902//3137 1895//3137 1890//3137
f  1902//3138 1890//3138 1903//3138
f  1903//3139 1890//3139 1892//3139
f  1903//3140 1892//3140 1904//3140
f  1905//3141 1879//3141 1882//3141
f  1882//3142 1879//3142 1878//3142
f  1882//3143 1878//3143 1880//3143
f  1880//3144 1878//3144 1876//3144
f  1880//3145 1876//3145 1906//3145
f  1906//3146 1876//3146 1873//3146
f  1907//3147 1900//3147 1908//3147
f  1908//3148 1900//3148 1901//3148
f  1908//3149 1901//3149 1909//3149
f  1909//3150 1901//3150 1902//3150
f  1909//3151 1902//3151 1910//3151
f  1910//3152 1902//3152 1903//3152
f  1910//3153 1903//3153 1911//3153
f  1911//3154 1903//3154 1904//3154
f  1911//3155 1904//3155 1912//3155
f  1913//3156 1891//3156 1914//3156
f  1914//3157 1891//3157 1894//3157
f  1914//3158 1894//3158 1915//3158
f  1915//3159 1894//3159 1896//3159
f  1915//3160 1896//3160 1916//3160
f  1916//3161 1896//3161 1898//3161
f  1916//3162 1898//3162 1917//3162
f  1917//3163 1898//3163 1899//3163
f  1917//3164 1899//3164 1918//3164
f  1918//3165 1899//3165 1900//3165
f  1918//3166 1900//3166 1919//3166
f  1919//3167 1900//3167 1907//3167
f  1919//3168 1907//3168 1920//3168
f  1867//3169 1921//3169 1869//3169
f  1869//3170 1921//3170 1922//3170
f  1869//3171 1922//3171 1871//3171
f  1871//3172 1922//3172 1923//3172
f  1871//3173 1923//3173 1873//3173
f  1873//3174 1923//3174 1924//3174
f  1873//3175 1924//3175 1906//3175
f  1906//3176 1924//3176 1883//3176
f  1906//3177 1883//3177 1880//3177
f  1880//3178 1883//3178 1885//3178
f  1880//3179 1885//3179 1881//3179
f  1860//3180 1859//3180 1866//3180
f  1866//3181 1859//3181 1925//3181
f  1866//3182 1925//3182 1867//3182
f  1867//3183 1925//3183 1926//3183
f  1867//3184 1926//3184 1921//3184
f  1921//3185 1926//3185 1927//3185
f  1921//3186 1927//3186 1922//3186
f  1922//3187 1927//3187 1928//3187
f  1922//3188 1928//3188 1923//3188
f  1923//3189 1928//3189 1929//3189
f  1923//3190 1929//3190 1924//3190
f  1924//3191 1929//3191 1888//3191
f  1924//3192 1888//3192 1883//3192
f  1883//3193 1888//3193 1889//3193
f  1883//3194 1889//3194 1884//3194
f  1912//3195 1930//3195 1911//3195
f  1911//3196 1930//3196 1931//3196
f  1911//3197 1931//3197 1910//3197
f  1910//3198 1931//3198 1932//3198
f  1910//3199 1932//3199 1909//3199
f  1909//3200 1932//3200 1933//3200
f  1909//3201 1933//3201 1908//3201
f  1908//3202 1933//3202 1934//3202
f  1908//3203 1934//3203 1907//3203
f  1907//3204 1934//3204 1935//3204
f  1907//3205 1935//3205 1920//3205
f  1936//3206 1937//3206 1938//3206
f  1938//3207 1937//3207 1939//3207
f  1938//3208 1939//3208 1940//3208
f  1940//3209 1939//3209 1941//3209
f  1940//3210 1941//3210 1942//3210
f  1942//3211 1941//3211 1943//3211
f  1942//3212 1943//3212 1842//3212
f  1944//3213 1840//3213 1945//3213
f  1945//3214 1840//3214 1839//3214
f  1945//3215 1839//3215 1946//3215
f  1844//3216 1947//3216 1842//3216
f  1842//3217 1947//3217 1841//3217
f  1842//3218 1841//3218 1942//3218
f  1942//3219 1841//3219 1840//3219
f  1942//3220 1840//3220 1940//3220
f  1940//3221 1840//3221 1944//3221
f  1940//3222 1944//3222 1938//3222
f  1848//3223 1936//3223 1849//3223
f  1849//3224 1936//3224 1938//3224
f  1849//3225 1938//3225 1852//3225
f  1852//3226 1938//3226 1944//3226
f  1852//3227 1944//3227 1853//3227
f  1853//3228 1944//3228 1945//3228
f  1853//3229 1945//3229 1855//3229
f  1855//3230 1945//3230 1946//3230
f  1855//3231 1946//3231 1857//3231
f  1846//3232 1913//3232 1847//3232
f  1847//3233 1913//3233 1914//3233
f  1847//3234 1914//3234 1844//3234
f  1844//3235 1914//3235 1915//3235
f  1844//3236 1915//3236 1947//3236
f  1947//3237 1915//3237 1916//3237
f  1947//3238 1916//3238 1841//3238
f  1841//3239 1916//3239 1917//3239
f  1841//3240 1917//3240 1839//3240
f  1839//3241 1917//3241 1918//3241
f  1839//3242 1918//3242 1946//3242
f  1946//3243 1918//3243 1919//3243
f  1946//3244 1919//3244 1857//3244
f  1857//3245 1919//3245 1920//3245
f  1857//3246 1920//3246 1859//3246
f  1859//3247 1920//3247 1935//3247
f  1859//3248 1935//3248 1925//3248
f  1925//3249 1935//3249 1934//3249
f  1925//3250 1934//3250 1926//3250
f  1926//3251 1934//3251 1933//3251
f  1926//3252 1933//3252 1927//3252
f  1927//3253 1933//3253 1932//3253
f  1927//3254 1932//3254 1928//3254
f  1928//3255 1932//3255 1931//3255
f  1928//3256 1931//3256 1929//3256
f  1929//3257 1931//3257 1930//3257
f  1929//3258 1930//3258 1888//3258
f  1888//3259 1930//3259 1912//3259
f  1888//3260 1912//3260 1886//3260
f  1948//3261 1949//3261 1950//3261
f  1936//3262 1848//3262 1951//3262
f  1943//3263 1941//3263 1952//3263
f  1953//3264 1893//3264 1843//3264
f  27//3265 1954//3265 25//3265
f  25//3266 1954//3266 1955//3266
f  25//3267 1955//3267 23//3267
f  23//3268 1955//3268 1956//3268
f  23//3269 1956//3269 21//3269
f  21//3270 1956//3270 1957//3270
f  21//3271 1957//3271 18//3271
f  18//3272 1957//3272 1958//3272
f  18//3273 1958//3273 16//3273
f  16//3274 1958//3274 14//3274
f  14//3275 1958//3275 1959//3275
f  14//3276 1959//3276 12//3276
f  12//3277 1959//3277 1960//3277
f  12//3278 1960//3278 11//3278
f  11//3279 1960//3279 9//3279
f  9//3280 1960//3280 1961//3280
f  9//3281 1961//3281 4//3281
f  5//3282 4//3282 1962//3282
f  1962//3283 4//3283 1961//3283
f  1962//3284 1961//3284 1963//3284
f  1963//3285 1961//3285 1964//3285
f  1965//3286 1966//3286 1967//3286
f  1968//3287 1969//3287 1970//3287
f  1970//3288 1969//3288 1971//3288
f  1970//3289 1971//3289 1972//3289
f  1973//3290 1974//3290 1975//3290
f  1975//3291 1974//3291 1976//3291
f  1975//3292 1976//3292 1977//3292
f  1978//3293 1974//3293 1979//3293
f  1979//3294 1974//3294 1973//3294
f  1979//3295 1973//3295 1980//3295
f  1980//3296 1973//3296 1950//3296
f  1980//3297 1950//3297 1981//3297
f  1981//3298 1950//3298 1949//3298
f  1848//3299 1850//3299 1951//3299
f  1951//3300 1850//3300 1982//3300
f  1951//3301 1982//3301 1983//3301
f  1983//3302 1982//3302 1984//3302
f  1983//3303 1984//3303 1985//3303
f  1985//3304 1984//3304 1986//3304
f  1985//3305 1986//3305 1987//3305
f  1987//3306 1986//3306 1988//3306
f  1952//3307 1989//3307 1990//3307
f  1990//3308 1989//3308 1991//3308
f  1990//3309 1991//3309 1992//3309
f  1992//3310 1991//3310 1993//3310
f  1992//3311 1993//3311 1994//3311
f  1995//3312 1996//3312 1997//3312
f  1997//3313 1996//3313 1953//3313
f  1997//3314 1953//3314 1998//3314
f  1998//3315 1953//3315 1843//3315
f  1998//3316 1843//3316 1842//3316
f  1995//3317 1999//3317 1996//3317
f  1996//3318 1999//3318 31//3318
f  1996//3319 31//3319 1953//3319
f  1953//3320 31//3320 29//3320
f  1953//3321 29//3321 1893//3321
f  1893//3322 29//3322 28//3322
f  1893//3323 28//3323 33//3323
f  1943//3324 1952//3324 1842//3324
f  1842//3307 1952//3307 1990//3307
f  1842//3325 1990//3325 1998//3325
f  1998//3326 1990//3326 1992//3326
f  1998//3327 1992//3327 1997//3327
f  1997//3328 1992//3328 1994//3328
f  1997//3329 1994//3329 1995//3329
f  1972//3330 1966//3330 1970//3330
f  1970//3331 1966//3331 1965//3331
f  1970//3332 1965//3332 2000//3332
f  2000//3333 1965//3333 2001//3333
f  2000//3334 2001//3334 2002//3334
f  2002//3335 2001//3335 2003//3335
f  2002//3336 2003//3336 2004//3336
f  2004//3337 2003//3337 2005//3337
f  2004//3338 2005//3338 2006//3338
f  2006//3339 2005//3339 2007//3339
f  2006//3340 2007//3340 2008//3340
f  2008//3341 2007//3341 2009//3341
f  2008//3342 2009//3342 2010//3342
f  1967//3343 2011//3343 1965//3343
f  1965//3344 2011//3344 2012//3344
f  1965//3345 2012//3345 2001//3345
f  2001//3346 2012//3346 2013//3346
f  2001//3347 2013//3347 2003//3347
f  2003//3348 2013//3348 2014//3348
f  2003//3349 2014//3349 2005//3349
f  2005//3350 2014//3350 2015//3350
f  2005//3351 2015//3351 2007//3351
f  2007//3352 2015//3352 2016//3352
f  2007//3353 2016//3353 2009//3353
f  2009//3354 2016//3354 2017//3354
f  2009//3355 2017//3355 2010//3355
f  2010//3356 2017//3356 2018//3356
f  1967//3357 1964//3357 2011//3357
f  2011//3358 1964//3358 1961//3358
f  2011//3359 1961//3359 2012//3359
f  2012//3360 1961//3360 1960//3360
f  2012//3361 1960//3361 2013//3361
f  2013//3362 1960//3362 1959//3362
f  2013//3363 1959//3363 2014//3363
f  2014//3364 1959//3364 1958//3364
f  2014//3365 1958//3365 2015//3365
f  2015//3366 1958//3366 1957//3366
f  2015//3367 1957//3367 2016//3367
f  2016//3368 1957//3368 1956//3368
f  2016//3369 1956//3369 2017//3369
f  2017//3370 1956//3370 1955//3370
f  2017//3371 1955//3371 2018//3371
f  2018//3372 1955//3372 1954//3372
f  1975//3373 2019//3373 1973//3373
f  1973//3374 2019//3374 2020//3374
f  1973//3375 2020//3375 1950//3375
f  1950//3376 2020//3376 2021//3376
f  1950//3377 2021//3377 1948//3377
f  1968//3378 1970//3378 2022//3378
f  2022//3379 1970//3379 2000//3379
f  2022//3380 2000//3380 2023//3380
f  2023//3381 2000//3381 2002//3381
f  2023//3382 2002//3382 2024//3382
f  2024//3383 2002//3383 2004//3383
f  2024//3384 2004//3384 2025//3384
f  2025//3385 2004//3385 2006//3385
f  2025//3386 2006//3386 2026//3386
f  2026//3387 2006//3387 2008//3387
f  2026//3388 2008//3388 1993//3388
f  1993//3389 2008//3389 2010//3389
f  1993//3390 2010//3390 1994//3390
f  1994//3391 2010//3391 2018//3391
f  1994//3392 2018//3392 1995//3392
f  1995//3393 2018//3393 1954//3393
f  1995//3394 1954//3394 1999//3394
f  1999//3395 1954//3395 27//3395
f  1999//3396 27//3396 31//3396
f  1939//3397 1937//3397 2027//3397
f  2027//3398 1937//3398 2028//3398
f  2027//3399 2028//3399 2029//3399
f  2029//3400 2028//3400 2030//3400
f  2029//3401 2030//3401 2031//3401
f  2031//3402 2030//3402 2032//3402
f  2031//3403 2032//3403 2033//3403
f  2033//3404 2032//3404 2034//3404
f  2033//3405 2034//3405 1949//3405
f  1937//3406 1936//3406 2028//3406
f  2028//3407 1936//3407 1951//3407
f  2028//3408 1951//3408 2030//3408
f  2030//3409 1951//3409 1983//3409
f  2030//3410 1983//3410 2032//3410
f  2032//3411 1983//3411 1985//3411
f  2032//3412 1985//3412 2034//3412
f  2034//3413 1985//3413 1987//3413
f  2034//3414 1987//3414 1949//3414
f  1949//3415 1987//3415 1988//3415
f  1949//3416 1988//3416 1981//3416
f  1977//3417 1969//3417 1975//3417
f  1975//3418 1969//3418 1968//3418
f  1975//3419 1968//3419 2019//3419
f  2019//3420 1968//3420 2022//3420
f  2019//3421 2022//3421 2020//3421
f  2020//3422 2022//3422 2023//3422
f  2020//3423 2023//3423 2021//3423
f  2021//3424 2023//3424 2024//3424
f  2021//3425 2024//3425 1948//3425
f  1948//3426 2024//3426 2025//3426
f  1948//3427 2025//3427 1949//3427
f  1949//3428 2025//3428 2026//3428
f  1949//3429 2026//3429 2033//3429
f  2033//3430 2026//3430 1993//3430
f  2033//3431 1993//3431 2031//3431
f  2031//3432 1993//3432 1991//3432
f  2031//3433 1991//3433 2029//3433
f  2029//3434 1991//3434 1989//3434
f  2029//3435 1989//3435 2027//3435
f  2027//3436 1989//3436 1952//3436
f  2027//3437 1952//3437 1939//3437
f  1939//3438 1952//3438 1941//3438
f  2035//3439 2036//3439 2037//3439
f  1884//3440 1889//3440 2038//3440
f  1913//3441 1846//3441 2039//3441
f  2039//3442 1846//3442 1845//3442
f  2039//3443 1845//3443 2040//3443
f  2040//3444 1845//3444 33//3444
f  2040//3445 33//3445 32//3445
f  2041//3446 1904//3446 2042//3446
f  2042//3447 1904//3447 1892//3447
f  2042//3448 1892//3448 2043//3448
f  2043//3449 1892//3449 1891//3449
f  2043//3450 1891//3450 2044//3450
f  2044//3451 1891//3451 1913//3451
f  2045//3452 1886//3452 2041//3452
f  2041//3453 1886//3453 1912//3453
f  2041//3454 1912//3454 1904//3454
f  2046//3455 2037//3455 2047//3455
f  1885//3456 2048//3456 1881//3456
f  1881//3457 2048//3457 2046//3457
f  1881//3458 2046//3458 1882//3458
f  1882//3459 2046//3459 2047//3459
f  1882//3460 2047//3460 1905//3460
f  2035//3461 2037//3461 2049//3461
f  2049//3462 2037//3462 2046//3462
f  2049//3463 2046//3463 2050//3463
f  2050//3464 2046//3464 2048//3464
f  2050//3465 2048//3465 2051//3465
f  2052//3466 2053//3466 2054//3466
f  1884//3467 2038//3467 1885//3467
f  1885//3468 2038//3468 2052//3468
f  1885//3469 2052//3469 2048//3469
f  2048//3470 2052//3470 2054//3470
f  2048//3471 2054//3471 2051//3471
f  1889//3472 1887//3472 2038//3472
f  2038//3473 1887//3473 2055//3473
f  2038//3474 2055//3474 2056//3474
f  2056//3475 2057//3475 2038//3475
f  2038//3476 2057//3476 2058//3476
f  2038//3477 2058//3477 2052//3477
f  2052//3478 2058//3478 2059//3478
f  2052//3479 2059//3479 2053//3479
f  1887//3480 1886//3480 2055//3480
f  2055//3481 1886//3481 2045//3481
f  2055//3482 2045//3482 2056//3482
f  2056//3483 2045//3483 2041//3483
f  2056//3484 2041//3484 2060//3484
f  2060//3485 2041//3485 2042//3485
f  2060//3486 2042//3486 2061//3486
f  2061//3487 2042//3487 2043//3487
f  2061//3488 2043//3488 2062//3488
f  2062//3489 2043//3489 2044//3489
f  2062//3490 2044//3490 2063//3490
f  2064//3491 2065//3491 2063//3491
f  2066//3492 2065//3492 2067//3492
f  2067//3493 2065//3493 2064//3493
f  2067//3494 2064//3494 2068//3494
f  2063//3495 2044//3495 2064//3495
f  2064//3496 2044//3496 1913//3496
f  2064//3497 1913//3497 2068//3497
f  2068//3498 1913//3498 2039//3498
f  2068//3499 2039//3499 2069//3499
f  2069//3500 2039//3500 2040//3500
f  2069//3501 2040//3501 2070//3501
f  2070//3502 2040//3502 2071//3502
f  2071//3503 2040//3503 32//3503
f  2071//3504 32//3504 35//3504
f  2036//3505 2072//3505 2037//3505
f  2073//3506 2074//3506 2075//3506
f  2076//3507 1905//3507 2072//3507
f  2072//3508 1905//3508 2047//3508
f  2072//3509 2047//3509 2037//3509
f  2077//3510 2078//3510 2079//3510
f  2073//3511 2075//3511 2080//3511
f  2080//3512 2075//3512 2081//3512
f  2080//3513 2081//3513 2082//3513
f  2082//3514 2081//3514 2083//3514
f  2082//3515 2083//3515 2084//3515
f  2036//3516 2074//3516 2072//3516
f  2072//3517 2074//3517 2073//3517
f  2072//3518 2073//3518 2076//3518
f  2076//3519 2073//3519 2080//3519
f  2076//3520 2080//3520 2079//3520
f  2079//3521 2080//3521 2082//3521
f  2079//3522 2082//3522 2077//3522
f  2077//3523 2082//3523 2084//3523
f  2077//3524 2084//3524 2085//3524
f  2086//3525 2087//3525 2088//3525
f  2089//3526 2090//3526 2091//3526
f  2092//3527 2093//3527 2094//3527
f  2094//3528 2093//3528 2095//3528
f  2094//3529 2095//3529 2096//3529
f  2096//3530 2095//3530 2097//3530
f  2096//3531 2097//3531 2098//3531
f  2098//3532 2097//3532 2099//3532
f  2099//3533 2097//3533 2100//3533
f  2099//3534 2100//3534 2101//3534
f  2101//3535 2100//3535 2102//3535
f  2102//3536 2100//3536 2103//3536
f  2102//3537 2103//3537 2104//3537
f  2104//3538 2103//3538 2105//3538
f  2105//3539 2103//3539 2106//3539
f  2105//3540 2106//3540 2107//3540
f  2107//3541 2106//3541 2108//3541
f  2107//3542 2108//3542 2109//3542
f  2109//3543 2108//3543 2110//3543
f  2110//3544 2108//3544 2111//3544
f  2110//3545 2111//3545 2112//3545
f  2112//3546 2111//3546 2113//3546
f  2113//3547 2111//3547 2114//3547
f  2113//3548 2114//3548 2115//3548
f  2116//3549 2117//3549 2118//3549
f  2118//3550 2117//3550 2119//3550
f  2118//3551 2119//3551 2114//3551
f  2114//3552 2119//3552 2120//3552
f  2114//3553 2120//3553 2115//3553
f  2121//3554 2076//3554 2079//3554
f  1905//3555 2076//3555 1879//3555
f  1879//3556 2076//3556 2121//3556
f  1879//3557 2121//3557 1877//3557
f  1877//3558 2121//3558 2122//3558
f  1868//3559 1870//3559 2086//3559
f  2086//3560 1870//3560 1872//3560
f  2086//3561 1872//3561 2123//3561
f  2123//3562 1872//3562 1874//3562
f  2123//3563 1874//3563 2122//3563
f  2122//3564 1874//3564 1875//3564
f  2122//3565 1875//3565 1877//3565
f  2086//3566 2088//3566 1868//3566
f  1868//3567 2088//3567 2124//3567
f  1868//3568 2124//3568 1864//3568
f  1864//3569 2124//3569 1865//3569
f  1865//3570 2124//3570 2125//3570
f  1865//3571 2125//3571 1860//3571
f  1858//3572 2126//3572 1856//3572
f  1856//3573 2126//3573 1854//3573
f  1858//3574 1863//3574 2126//3574
f  2126//3575 1863//3575 1862//3575
f  2126//3576 1862//3576 2125//3576
f  2125//3577 1862//3577 1861//3577
f  2125//3578 1861//3578 1860//3578
f  1854//3579 2126//3579 1851//3579
f  1851//3580 2126//3580 2127//3580
f  1851//3581 2127//3581 1850//3581
f  2128//3582 2129//3582 2091//3582
f  2087//3583 2086//3583 2130//3583
f  2130//3584 2086//3584 2123//3584
f  2130//3585 2123//3585 2131//3585
f  2131//3586 2123//3586 2122//3586
f  2131//3587 2122//3587 2128//3587
f  2128//3588 2122//3588 2121//3588
f  2128//3589 2121//3589 2129//3589
f  2129//3590 2121//3590 2079//3590
f  2129//3591 2079//3591 2091//3591
f  2091//3592 2079//3592 2078//3592
f  2091//3593 2078//3593 2089//3593
f  2090//3594 2116//3594 2091//3594
f  2091//3595 2116//3595 2118//3595
f  2091//3596 2118//3596 2128//3596
f  2128//3597 2118//3597 2114//3597
f  2128//3598 2114//3598 2131//3598
f  2131//3599 2114//3599 2111//3599
f  2131//3600 2111//3600 2130//3600
f  2130//3601 2111//3601 2108//3601
f  2130//3602 2108//3602 2087//3602
f  2087//3603 2108//3603 2106//3603
f  2087//3604 2106//3604 2088//3604
f  2088//3605 2106//3605 2103//3605
f  2088//3606 2103//3606 2124//3606
f  2124//3607 2103//3607 2100//3607
f  2124//3608 2100//3608 2125//3608
f  2125//3609 2100//3609 2097//3609
f  2125//3610 2097//3610 2126//3610
f  2126//3611 2097//3611 2095//3611
f  2126//3612 2095//3612 2127//3612
f  2127//3613 2095//3613 2093//3613
f  2132//3614 2133//3614 2134//3614
f  1962//3615 1963//3615 2135//3615
f  1964//3616 1967//3616 2136//3616
f  1979//3617 1980//3617 2137//3617
f  1850//3618 2127//3618 1982//3618
f  1982//3619 2127//3619 2138//3619
f  2137//3620 1980//3620 2138//3620
f  2138//3621 1980//3621 1981//3621
f  2138//3622 1981//3622 1988//3622
f  1988//3623 1986//3623 2138//3623
f  2138//3624 1986//3624 1984//3624
f  2138//3625 1984//3625 1982//3625
f  2139//3626 1969//3626 2140//3626
f  2140//3627 1969//3627 1977//3627
f  2140//3628 1977//3628 2141//3628
f  2141//3629 1977//3629 1976//3629
f  2141//3630 1976//3630 2142//3630
f  2142//3631 1976//3631 1974//3631
f  2142//3632 1974//3632 2137//3632
f  2137//3633 1974//3633 1978//3633
f  2137//3634 1978//3634 1979//3634
f  1966//3635 1972//3635 2139//3635
f  2139//3636 1972//3636 1971//3636
f  2139//3637 1971//3637 1969//3637
f  5//3638 1962//3638 2143//3638
f  2143//3639 1962//3639 2135//3639
f  2143//3640 2135//3640 2144//3640
f  2145//3641 2146//3641 2147//3641
f  2148//3642 2146//3642 2149//3642
f  2149//3643 2146//3643 2145//3643
f  2149//3644 2145//3644 2150//3644
f  2150//3645 2145//3645 2151//3645
f  2152//3646 2153//3646 2154//3646
f  2153//3647 2152//3647 2155//3647
f  2155//3648 2152//3648 2156//3648
f  2155//3649 2156//3649 2157//3649
f  2157//3650 2156//3650 2158//3650
f  2157//3651 2158//3651 2159//3651
f  2159//3652 2158//3652 2160//3652
f  2160//3653 2158//3653 2161//3653
f  2160//3654 2161//3654 2162//3654
f  2162//3655 2161//3655 2163//3655
f  2163//3656 2161//3656 2164//3656
f  2163//3657 2164//3657 2165//3657
f  2165//3658 2164//3658 2166//3658
f  2166//3659 2164//3659 2167//3659
f  2166//3660 2167//3660 2168//3660
f  2168//3661 2167//3661 2169//3661
f  2169//3662 2167//3662 2170//3662
f  2169//3663 2170//3663 2171//3663
f  2171//3664 2170//3664 2172//3664
f  2172//3665 2170//3665 2093//3665
f  2172//3666 2093//3666 2092//3666
f  1967//3667 1966//3667 2136//3667
f  2136//3668 1966//3668 2139//3668
f  2136//3669 2139//3669 2173//3669
f  2141//3670 2174//3670 2140//3670
f  2140//3671 2174//3671 2175//3671
f  2140//3672 2175//3672 2139//3672
f  2139//3673 2175//3673 2176//3673
f  2139//3674 2176//3674 2173//3674
f  2173//3675 2176//3675 2177//3675
f  2133//3676 2151//3676 2134//3676
f  2134//3677 2151//3677 2145//3677
f  2134//3678 2145//3678 2144//3678
f  2144//3679 2145//3679 2147//3679
f  2144//3680 2147//3680 2143//3680
f  2178//3681 2132//3681 2177//3681
f  2177//3682 2132//3682 2134//3682
f  2177//3683 2134//3683 2173//3683
f  2173//3684 2134//3684 2144//3684
f  2173//3685 2144//3685 2136//3685
f  2136//3686 2144//3686 2135//3686
f  2136//3687 2135//3687 1964//3687
f  1964//3688 2135//3688 1963//3688
f  2127//3689 2093//3689 2138//3689
f  2138//3690 2093//3690 2170//3690
f  2138//3691 2170//3691 2137//3691
f  2137//3692 2170//3692 2167//3692
f  2137//3693 2167//3693 2142//3693
f  2142//3694 2167//3694 2164//3694
f  2142//3695 2164//3695 2141//3695
f  2141//3696 2164//3696 2161//3696
f  2141//3697 2161//3697 2174//3697
f  2174//3698 2161//3698 2158//3698
f  2174//3699 2158//3699 2175//3699
f  2175//3700 2158//3700 2156//3700
f  2175//3701 2156//3701 2176//3701
f  2176//3702 2156//3702 2152//3702
f  2176//3703 2152//3703 2177//3703
f  2177//3704 2152//3704 2154//3704
f  2177//3705 2154//3705 2178//3705
f  270//3706 2179//3706 272//3706
f  272//3707 2179//3707 2180//3707
f  272//3708 2180//3708 273//3708
f  273//3709 2180//3709 275//3709
f  2146//3710 2148//3710 2181//3710
f  276//3711 275//3711 2181//3711
f  2181//3712 275//3712 2180//3712
f  2181//3713 2180//3713 2146//3713
f  2146//3714 2180//3714 2179//3714
f  2146//3715 2179//3715 2147//3715
f  2147//3716 2179//3716 2182//3716
f  2147//3717 2182//3717 2143//3717
f  2143//3718 2182//3718 5//3718
f  5//3719 2182//3719 2183//3719
f  5//3720 2183//3720 6//3720
f  270//3721 269//3721 2179//3721
f  2179//3722 269//3722 267//3722
f  2179//3723 267//3723 2182//3723
f  2182//3724 267//3724 2//3724
f  2182//3725 2//3725 2183//3725
f  2183//3726 2//3726 1//3726
f  2183//3727 1//3727 6//3727
f  2184//3728 2185//3728 2186//3728
f  276//3729 2187//3729 278//3729
f  278//3730 2187//3730 2188//3730
f  278//3731 2188//3731 282//3731
f  282//3732 2188//3732 251//3732
f  251//3733 2188//3733 2189//3733
f  251//3734 2189//3734 2190//3734
f  2191//3735 2192//3735 2193//3735
f  2193//3736 2192//3736 2194//3736
f  2193//3737 2194//3737 2189//3737
f  2189//3738 2194//3738 2195//3738
f  2189//3739 2195//3739 2190//3739
f  2196//3740 2197//3740 2198//3740
f  2199//3741 2200//3741 2201//3741
f  2186//3742 2185//3742 2202//3742
f  2203//3743 2204//3743 2186//3743
f  2186//3744 2204//3744 2205//3744
f  2186//3745 2205//3745 2184//3745
f  2203//3746 2186//3746 2206//3746
f  2206//3747 2186//3747 2202//3747
f  2206//3748 2202//3748 2207//3748
f  2207//3749 2202//3749 2208//3749
f  2207//3750 2208//3750 2209//3750
f  2209//3751 2208//3751 2210//3751
f  2209//3752 2210//3752 2211//3752
f  2212//3753 2213//3753 2210//3753
f  2210//3754 2213//3754 2214//3754
f  2210//3755 2214//3755 2211//3755
f  2215//3756 2216//3756 2217//3756
f  2217//3757 2216//3757 2212//3757
f  2218//3758 2219//3758 2220//3758
f  2220//3759 2219//3759 2221//3759
f  2222//3760 2221//3760 2223//3760
f  2224//3761 2225//3761 2226//3761
f  2226//3762 2225//3762 2227//3762
f  2228//3763 2229//3763 2230//3763
f  2230//3764 2229//3764 2231//3764
f  2230//3765 2231//3765 2232//3765
f  2233//3766 2234//3766 2228//3766
f  2228//3767 2234//3767 2235//3767
f  2228//3768 2235//3768 2229//3768
f  2228//3769 2236//3769 2233//3769
f  2233//3770 2236//3770 2181//3770
f  2233//3771 2181//3771 2148//3771
f  2237//3772 2238//3772 2199//3772
f  2199//3773 2238//3773 2239//3773
f  2199//3774 2239//3774 2200//3774
f  2215//3775 2217//3775 2240//3775
f  2240//3776 2217//3776 2237//3776
f  2240//3777 2237//3777 2196//3777
f  2196//3778 2237//3778 2199//3778
f  2196//3779 2199//3779 2197//3779
f  2197//3780 2199//3780 2201//3780
f  2197//3781 2201//3781 2198//3781
f  2212//3782 2210//3782 2217//3782
f  2217//3783 2210//3783 2208//3783
f  2217//3784 2208//3784 2237//3784
f  2237//3785 2208//3785 2202//3785
f  2237//3786 2202//3786 2238//3786
f  2238//3787 2202//3787 2185//3787
f  2238//3788 2185//3788 2239//3788
f  2222//3789 2241//3789 2242//3789
f  2221//3790 2222//3790 2220//3790
f  2220//3791 2222//3791 2242//3791
f  2220//3792 2242//3792 2243//3792
f  2243//3793 2244//3793 2220//3793
f  2220//3794 2244//3794 2226//3794
f  2220//3795 2226//3795 2218//3795
f  2218//3796 2226//3796 2227//3796
f  276//3797 2181//3797 2187//3797
f  2187//3798 2181//3798 2236//3798
f  2187//3799 2236//3799 2188//3799
f  2188//3800 2236//3800 2228//3800
f  2188//3801 2228//3801 2189//3801
f  2189//3802 2228//3802 2230//3802
f  2189//3803 2230//3803 2193//3803
f  2232//3804 2224//3804 2230//3804
f  2230//3805 2224//3805 2226//3805
f  2230//3806 2226//3806 2193//3806
f  2193//3807 2226//3807 2244//3807
f  2193//3808 2244//3808 2191//3808
f  2191//3809 2244//3809 2243//3809
f  2191//3810 2243//3810 2245//3810
f  2245//3811 2243//3811 2242//3811
f  2245//3812 2242//3812 2198//3812
f  2198//3813 2242//3813 2241//3813
f  2198//3814 2241//3814 2196//3814
f  2196//3815 2241//3815 2222//3815
f  2196//3816 2222//3816 2240//3816
f  2240//3817 2222//3817 2223//3817
f  2240//3818 2223//3818 2215//3818
f  2246//3819 791//3819 792//3819
f  2247//3820 2248//3820 2249//3820
f  2249//3820 2248//3820 2250//3820
f  783//3821 2251//3821 782//3821
f  782//3822 2251//3822 2252//3822
f  782//3823 2252//3823 780//3823
f  780//3824 2252//3824 2253//3824
f  780//3825 2253//3825 781//3825
f  781//3826 2253//3826 2249//3826
f  781//3827 2249//3827 792//3827
f  792//3828 2249//3828 2250//3828
f  792//3829 2250//3829 2246//3829
f  2209//3830 2211//3830 2247//3830
f  2247//3831 2249//3831 2209//3831
f  2209//3832 2249//3832 2253//3832
f  2209//3833 2253//3833 2207//3833
f  2207//3834 2253//3834 2252//3834
f  2207//3835 2252//3835 2206//3835
f  2206//3836 2252//3836 2251//3836
f  2206//3837 2251//3837 2203//3837
f  850//3838 848//3838 2254//3838
f  2254//3839 848//3839 847//3839
f  2255//3840 845//3840 844//3840
f  845//3841 2255//3841 847//3841
f  847//3842 2255//3842 2256//3842
f  847//3843 2256//3843 2254//3843
f  839//3844 2257//3844 840//3844
f  840//3845 2257//3845 2258//3845
f  840//3846 2258//3846 842//3846
f  842//3847 2258//3847 2259//3847
f  842//3848 2259//3848 844//3848
f  844//3849 2259//3849 2260//3849
f  844//3850 2260//3850 2255//3850
f  834//3851 832//3851 2261//3851
f  2261//3852 832//3852 2262//3852
f  2261//3853 2263//3853 834//3853
f  834//3854 2263//3854 2264//3854
f  834//3855 2264//3855 835//3855
f  835//3856 2264//3856 2265//3856
f  835//3857 2265//3857 837//3857
f  837//3858 2265//3858 2266//3858
f  837//3859 2266//3859 839//3859
f  839//3860 2266//3860 2267//3860
f  839//3861 2267//3861 2257//3861
f  2262//3862 832//3862 2268//3862
f  2268//3863 832//3863 830//3863
f  2268//3864 830//3864 2269//3864
f  822//3865 2270//3865 824//3865
f  824//3866 2270//3866 2271//3866
f  824//3867 2271//3867 825//3867
f  825//3868 2271//3868 2272//3868
f  825//3869 2272//3869 827//3869
f  827//3870 2272//3870 2269//3870
f  827//3871 2269//3871 828//3871
f  828//3872 2269//3872 830//3872
f  822//3873 820//3873 2270//3873
f  2270//3874 820//3874 818//3874
f  2270//3875 818//3875 2273//3875
f  2273//3876 818//3876 817//3876
f  2274//3877 2275//3877 778//3877
f  778//3878 2275//3878 779//3878
f  2275//3879 2276//3879 779//3879
f  779//3880 2276//3880 2277//3880
f  779//3881 2277//3881 767//3881
f  2277//3882 2278//3882 767//3882
f  767//3883 2278//3883 2279//3883
f  767//3884 2279//3884 768//3884
f  2279//3885 2280//3885 768//3885
f  768//3886 2280//3886 2281//3886
f  768//3887 2281//3887 769//3887
f  769//3888 2281//3888 2282//3888
f  769//3889 2282//3889 770//3889
f  770//3890 2282//3890 2283//3890
f  770//3891 2283//3891 788//3891
f  788//3892 2283//3892 2284//3892
f  788//3893 2284//3893 786//3893
f  2285//3894 785//3894 2284//3894
f  2284//3895 785//3895 787//3895
f  2284//3896 787//3896 786//3896
f  2203//3897 2251//3897 2286//3897
f  2286//3898 2251//3898 783//3898
f  2286//3899 783//3899 2285//3899
f  2285//3900 783//3900 784//3900
f  2285//3901 784//3901 785//3901
f  2274//3902 778//3902 2287//3902
f  2287//3903 778//3903 777//3903
f  2287//3904 777//3904 2288//3904
f  2288//3905 777//3905 776//3905
f  2288//3906 776//3906 2289//3906
f  2289//3907 776//3907 775//3907
f  2289//3908 775//3908 2290//3908
f  2290//3909 775//3909 774//3909
f  2290//3910 774//3910 2291//3910
f  2291//3911 774//3911 2292//3911
f  774//3912 773//3912 2292//3912
f  2292//3913 773//3913 772//3913
f  2292//3914 772//3914 2293//3914
f  2293//3915 772//3915 771//3915
f  2293//3916 771//3916 2294//3916
f  771//3917 761//3917 2294//3917
f  2294//3918 761//3918 762//3918
f  2294//3919 762//3919 2295//3919
f  2295//3920 762//3920 763//3920
f  2295//3921 763//3921 2296//3921
f  1833//3922 1836//3922 2297//3922
f  760//3923 1833//3923 763//3923
f  763//3924 1833//3924 2297//3924
f  763//3925 2297//3925 2296//3925
f  2289//3926 2290//3926 2298//3926
f  2291//3927 2292//3927 2299//3927
f  2300//3928 2301//3928 2302//3928
f  2303//3929 2304//3929 2305//3929
f  2306//3930 2307//3930 2308//3930
f  2274//3931 2287//3931 2309//3931
f  2309//3932 2287//3932 2310//3932
f  2309//3933 2310//3933 2311//3933
f  2312//3934 2313//3934 2314//3934
f  2315//3935 2316//3935 2317//3935
f  2317//3936 2316//3936 2318//3936
f  2317//3937 2318//3937 2319//3937
f  2320//3938 313//3938 2308//3938
f  2308//3939 313//3939 2315//3939
f  2308//3940 2315//3940 2321//3940
f  2321//3941 2315//3941 2317//3941
f  2307//3942 2322//3942 2308//3942
f  2308//3943 2322//3943 2323//3943
f  2308//3944 2323//3944 2320//3944
f  2324//3945 2325//3945 2326//3945
f  2326//3946 2325//3946 2327//3946
f  2328//3947 2329//3947 2330//3947
f  2330//3948 2329//3948 2331//3948
f  2332//3949 2333//3949 2334//3949
f  2335//3950 2336//3950 2337//3950
f  2335//3951 2337//3951 2338//3951
f  2337//3952 2339//3952 2338//3952
f  2338//3953 2339//3953 2340//3953
f  2338//3954 2340//3954 2341//3954
f  2341//3955 2340//3955 2342//3955
f  2341//3956 2342//3956 2343//3956
f  2344//3957 2345//3957 2346//3957
f  2347//3958 2348//3958 2349//3958
f  2349//3959 2348//3959 2350//3959
f  2349//3960 2350//3960 2345//3960
f  2351//3961 2352//3961 2353//3961
f  1836//3962 2300//3962 2297//3962
f  2297//3963 2300//3963 2302//3963
f  2297//3964 2302//3964 2296//3964
f  2296//3965 2302//3965 2354//3965
f  2296//3966 2354//3966 2295//3966
f  2295//3967 2354//3967 2355//3967
f  2295//3968 2355//3968 2294//3968
f  2294//3969 2355//3969 2356//3969
f  2294//3970 2356//3970 2293//3970
f  2289//3971 2298//3971 2288//3971
f  2327//3972 2306//3972 2326//3972
f  2326//3973 2306//3973 2308//3973
f  2326//3974 2308//3974 2357//3974
f  2357//3975 2308//3975 2321//3975
f  2357//3976 2321//3976 2358//3976
f  2358//3977 2321//3977 2317//3977
f  2358//3978 2317//3978 2359//3978
f  2359//3979 2317//3979 2319//3979
f  2359//3980 2319//3980 2360//3980
f  2347//3981 2349//3981 2361//3981
f  2361//3982 2349//3982 2362//3982
f  2361//3983 2362//3983 2363//3983
f  2363//3984 2362//3984 2364//3984
f  2363//3985 2364//3985 2365//3985
f  2304//3986 2328//3986 2305//3986
f  2305//3987 2328//3987 2330//3987
f  2305//3988 2330//3988 2366//3988
f  2366//3989 2330//3989 2367//3989
f  2368//3990 2303//3990 2369//3990
f  2369//3991 2303//3991 2305//3991
f  2369//3992 2305//3992 2370//3992
f  2370//3993 2305//3993 2366//3993
f  2370//3994 2366//3994 2371//3994
f  2345//3995 2344//3995 2349//3995
f  2349//3996 2344//3996 2372//3996
f  2349//3997 2372//3997 2362//3997
f  2362//3998 2372//3998 2373//3998
f  2362//3999 2373//3999 2364//3999
f  2337//4000 2374//4000 2339//4000
f  2339//4001 2374//4001 2368//4001
f  2339//4002 2368//4002 2340//4002
f  2340//4003 2368//4003 2369//4003
f  2340//4004 2369//4004 2342//4004
f  2342//4005 2369//4005 2370//4005
f  2342//4006 2370//4006 2343//4006
f  2343//4007 2370//4007 2371//4007
f  2292//4008 2293//4008 2299//4008
f  2299//4009 2293//4009 2356//4009
f  2299//4010 2356//4010 2375//4010
f  2375//4011 2356//4011 2355//4011
f  2375//4012 2355//4012 2376//4012
f  2376//4013 2355//4013 2354//4013
f  2376//4014 2354//4014 2377//4014
f  2377//4015 2354//4015 2302//4015
f  2377//4016 2302//4016 2351//4016
f  2351//4017 2302//4017 2301//4017
f  2351//4018 2301//4018 2352//4018
f  2331//4019 2332//4019 2330//4019
f  2330//4020 2332//4020 2334//4020
f  2330//4021 2334//4021 2367//4021
f  2367//4022 2334//4022 2378//4022
f  2367//4023 2378//4023 2379//4023
f  2379//4024 2378//4024 2380//4024
f  2379//4025 2380//4025 2381//4025
f  2381//4026 2380//4026 2382//4026
f  2381//4027 2382//4027 2383//4027
f  2383//4028 2382//4028 2312//4028
f  2383//4029 2312//4029 2384//4029
f  2384//4030 2312//4030 2314//4030
f  2384//4031 2314//4031 2311//4031
f  2287//4032 2288//4032 2310//4032
f  2310//4033 2288//4033 2298//4033
f  2310//4034 2298//4034 2385//4034
f  2385//4035 2298//4035 2386//4035
f  2385//4036 2386//4036 2387//4036
f  2387//4037 2386//4037 2388//4037
f  2387//4038 2388//4038 2365//4038
f  2365//4039 2388//4039 2389//4039
f  2365//4040 2389//4040 2363//4040
f  2363//4041 2389//4041 2390//4041
f  2363//4042 2390//4042 2361//4042
f  2361//4043 2390//4043 2391//4043
f  2361//4044 2391//4044 2347//4044
f  2347//4045 2391//4045 2392//4045
f  2347//4046 2392//4046 2348//4046
f  2333//4047 2324//4047 2334//4047
f  2334//4048 2324//4048 2326//4048
f  2334//4049 2326//4049 2378//4049
f  2378//4050 2326//4050 2357//4050
f  2378//4051 2357//4051 2380//4051
f  2380//4052 2357//4052 2358//4052
f  2380//4053 2358//4053 2382//4053
f  2382//4054 2358//4054 2359//4054
f  2382//4055 2359//4055 2312//4055
f  2312//4056 2359//4056 2360//4056
f  2312//4057 2360//4057 2313//4057
f  2290//4058 2291//4058 2298//4058
f  2298//4059 2291//4059 2299//4059
f  2298//4060 2299//4060 2386//4060
f  2386//4061 2299//4061 2375//4061
f  2386//4062 2375//4062 2388//4062
f  2388//4063 2375//4063 2376//4063
f  2388//4064 2376//4064 2389//4064
f  2389//4065 2376//4065 2377//4065
f  2389//4066 2377//4066 2390//4066
f  2390//4067 2377//4067 2351//4067
f  2390//4068 2351//4068 2391//4068
f  2391//4069 2351//4069 2353//4069
f  2391//4070 2353//4070 2392//4070
f  2311//4071 2310//4071 2384//4071
f  2384//4072 2310//4072 2385//4072
f  2384//4073 2385//4073 2383//4073
f  2383//4074 2385//4074 2387//4074
f  2383//4075 2387//4075 2381//4075
f  2381//4076 2387//4076 2365//4076
f  2381//4077 2365//4077 2379//4077
f  2379//4078 2365//4078 2364//4078
f  2379//4079 2364//4079 2367//4079
f  2367//4080 2364//4080 2373//4080
f  2367//4081 2373//4081 2366//4081
f  2366//4082 2373//4082 2372//4082
f  2366//4083 2372//4083 2371//4083
f  2371//4084 2372//4084 2344//4084
f  2371//4085 2344//4085 2343//4085
f  2343//4086 2344//4086 2346//4086
f  2343//4087 2346//4087 2341//4087
f  2393//4088 2394//4088 2395//4088
f  2282//4089 2281//4089 2396//4089
f  2318//4090 2397//4090 2398//4090
f  2316//4091 2315//4091 2393//4091
f  2393//4092 2315//4092 313//4092
f  2393//4093 313//4093 2394//4093
f  2394//4094 313//4094 315//4094
f  2394//4095 315//4095 316//4095
f  2399//4096 2311//4096 2314//4096
f  2399//4097 2314//4097 2400//4097
f  2400//4098 2314//4098 2313//4098
f  2400//4099 2313//4099 2401//4099
f  2401//4100 2313//4100 2360//4100
f  2401//4101 2360//4101 2398//4101
f  2398//4102 2360//4102 2319//4102
f  2398//4103 2319//4103 2318//4103
f  2311//4104 2399//4104 2309//4104
f  2309//4105 2399//4105 2275//4105
f  2309//4106 2275//4106 2274//4106
f  2280//4107 2279//4107 2402//4107
f  2402//4108 2279//4108 2278//4108
f  2278//4109 2277//4109 2399//4109
f  2399//4110 2277//4110 2276//4110
f  2399//4111 2276//4111 2275//4111
f  2403//4112 2204//4112 2286//4112
f  2286//4113 2204//4113 2203//4113
f  2404//4114 2185//4114 2405//4114
f  2405//4115 2185//4115 2184//4115
f  2405//4116 2184//4116 2403//4116
f  2403//4117 2184//4117 2205//4117
f  2403//4118 2205//4118 2204//4118
f  2406//4119 2200//4119 2404//4119
f  2404//4120 2200//4120 2239//4120
f  2404//4121 2239//4121 2185//4121
f  2407//4122 2245//4122 2408//4122
f  2408//4123 2245//4123 2198//4123
f  2408//4124 2198//4124 2409//4124
f  2409//4125 2198//4125 2201//4125
f  2191//4126 2245//4126 2410//4126
f  2410//4127 2245//4127 2407//4127
f  2410//4128 2407//4128 2411//4128
f  286//4129 288//4129 2412//4129
f  2412//4130 288//4130 2195//4130
f  2412//4131 2195//4131 2413//4131
f  2413//4132 2195//4132 2194//4132
f  2413//4133 2194//4133 2192//4133
f  288//4134 289//4134 2195//4134
f  2195//4135 289//4135 252//4135
f  2195//4136 252//4136 2190//4136
f  2190//4137 252//4137 251//4137
f  286//4138 2412//4138 290//4138
f  290//4139 2412//4139 2413//4139
f  290//4140 2413//4140 291//4140
f  291//4141 2413//4141 2414//4141
f  291//4142 2414//4142 293//4142
f  299//4143 297//4143 2415//4143
f  2415//4144 297//4144 296//4144
f  307//4145 305//4145 2395//4145
f  2395//4146 305//4146 304//4146
f  316//4147 312//4147 2394//4147
f  2394//4148 312//4148 310//4148
f  2394//4149 310//4149 2395//4149
f  2395//4150 310//4150 309//4150
f  2395//4151 309//4151 307//4151
f  2318//4152 2316//4152 2397//4152
f  2397//4153 2316//4153 2393//4153
f  2397//4154 2393//4154 2416//4154
f  2416//4155 2393//4155 2395//4155
f  2416//4156 2395//4156 2417//4156
f  2417//4157 2395//4157 304//4157
f  2417//4158 304//4158 300//4158
f  2413//4159 2418//4159 2414//4159
f  2414//4160 2418//4160 2419//4160
f  2414//4161 2419//4161 2420//4161
f  2420//4162 2419//4162 2421//4162
f  2411//4163 2407//4163 2422//4163
f  2422//4164 2407//4164 2408//4164
f  2422//4165 2408//4165 2423//4165
f  2423//4166 2408//4166 2409//4166
f  2423//4167 2409//4167 2406//4167
f  2406//4168 2409//4168 2201//4168
f  2406//4169 2201//4169 2200//4169
f  2284//4170 2283//4170 2424//4170
f  2424//4171 2283//4171 2425//4171
f  2424//4172 2425//4172 2426//4172
f  2426//4173 2425//4173 2427//4173
f  2426//4174 2427//4174 2428//4174
f  2428//4175 2427//4175 2429//4175
f  2428//4176 2429//4176 2430//4176
f  2430//4177 2429//4177 2431//4177
f  2430//4178 2431//4178 2432//4178
f  2286//4179 2285//4179 2403//4179
f  2403//4180 2285//4180 2433//4180
f  2403//4181 2433//4181 2405//4181
f  2405//4182 2433//4182 2434//4182
f  2405//4183 2434//4183 2404//4183
f  2404//4184 2434//4184 2435//4184
f  2404//4185 2435//4185 2406//4185
f  2406//4186 2435//4186 2436//4186
f  2406//4187 2436//4187 2423//4187
f  2423//4188 2436//4188 2437//4188
f  2423//4189 2437//4189 2422//4189
f  2422//4190 2437//4190 2438//4190
f  2422//4191 2438//4191 2411//4191
f  2285//4192 2284//4192 2433//4192
f  2433//4193 2284//4193 2424//4193
f  2433//4194 2424//4194 2434//4194
f  2434//4195 2424//4195 2426//4195
f  2434//4196 2426//4196 2435//4196
f  2435//4197 2426//4197 2428//4197
f  2435//4198 2428//4198 2436//4198
f  2436//4199 2428//4199 2430//4199
f  2436//4200 2430//4200 2437//4200
f  2437//4201 2430//4201 2432//4201
f  2437//4202 2432//4202 2438//4202
f  293//4203 2414//4203 296//4203
f  296//4204 2414//4204 2420//4204
f  296//4205 2420//4205 2415//4205
f  2415//4206 2420//4206 2421//4206
f  2415//4207 2421//4207 2439//4207
f  2439//4208 2421//4208 2440//4208
f  2439//4209 2440//4209 2441//4209
f  2441//4210 2440//4210 2442//4210
f  2441//4211 2442//4211 2443//4211
f  2443//4212 2442//4212 2444//4212
f  2443//4213 2444//4213 2445//4213
f  2445//4214 2444//4214 2446//4214
f  2445//4215 2446//4215 2447//4215
f  2447//4216 2446//4216 2396//4216
f  2447//4217 2396//4217 2402//4217
f  2402//4218 2396//4218 2281//4218
f  2402//4219 2281//4219 2280//4219
f  2278//4220 2399//4220 2402//4220
f  2402//4221 2399//4221 2400//4221
f  2402//4222 2400//4222 2447//4222
f  2447//4223 2400//4223 2401//4223
f  2447//4224 2401//4224 2445//4224
f  2445//4225 2401//4225 2398//4225
f  2445//4226 2398//4226 2443//4226
f  2443//4227 2398//4227 2397//4227
f  2443//4228 2397//4228 2441//4228
f  2441//4229 2397//4229 2416//4229
f  2441//4230 2416//4230 2439//4230
f  2439//4231 2416//4231 2417//4231
f  2439//4232 2417//4232 2415//4232
f  2415//4233 2417//4233 300//4233
f  2415//4234 300//4234 299//4234
f  2192//4235 2191//4235 2413//4235
f  2413//4236 2191//4236 2410//4236
f  2413//4237 2410//4237 2418//4237
f  2418//4238 2410//4238 2411//4238
f  2418//4239 2411//4239 2419//4239
f  2419//4240 2411//4240 2438//4240
f  2419//4241 2438//4241 2421//4241
f  2421//4242 2438//4242 2432//4242
f  2421//4243 2432//4243 2440//4243
f  2440//4244 2432//4244 2431//4244
f  2440//4245 2431//4245 2442//4245
f  2442//4246 2431//4246 2429//4246
f  2442//4247 2429//4247 2444//4247
f  2444//4248 2429//4248 2427//4248
f  2444//4249 2427//4249 2446//4249
f  2446//4250 2427//4250 2425//4250
f  2446//4251 2425//4251 2396//4251
f  2396//4252 2425//4252 2283//4252
f  2396//4253 2283//4253 2282//4253
f  135//4254 2448//4254 209//4254
f  209//4255 2448//4255 2449//4255
f  209//4256 2449//4256 210//4256
f  210//4257 2449//4257 2450//4257
f  210//4258 2450//4258 212//4258
f  2451//4259 2452//4259 135//4259
f  135//4260 2452//4260 2453//4260
f  135//4261 2453//4261 2448//4261
f  135//4262 134//4262 2451//4262
f  2451//4263 134//4263 126//4263
f  2451//4264 126//4264 2454//4264
f  2454//4265 126//4265 130//4265
f  2454//4266 130//4266 2455//4266
f  2455//4267 130//4267 129//4267
f  2455//4268 129//4268 2456//4268
f  2456//4269 129//4269 2457//4269
f  2457//4270 129//4270 124//4270
f  2457//4271 124//4271 2458//4271
f  2459//4272 2460//4272 2461//4272
f  2462//4273 2463//4273 2464//4273
f  2464//4274 2465//4274 2462//4274
f  2462//4275 2465//4275 2466//4275
f  2462//4276 2466//4276 2467//4276
f  2468//4277 2469//4277 2470//4277
f  2467//4278 2466//4278 2471//4278
f  2471//4279 2466//4279 2472//4279
f  2471//4280 2472//4280 2473//4280
f  2473//4281 2472//4281 2474//4281
f  2473//4282 2474//4282 2475//4282
f  2475//4283 2474//4283 2468//4283
f  2475//4284 2468//4284 2476//4284
f  2476//4285 2468//4285 2470//4285
f  2476//4286 2470//4286 2477//4286
f  2478//4287 2479//4287 2480//4287
f  2480//4288 2479//4288 2481//4288
f  2480//4289 2481//4289 2482//4289
f  2482//4290 2481//4290 2483//4290
f  2484//4291 2485//4291 2486//4291
f  2486//4292 2485//4292 2487//4292
f  2486//4293 2487//4293 2488//4293
f  2488//4294 2487//4294 2489//4294
f  2488//4295 2489//4295 2478//4295
f  2478//4296 2489//4296 2490//4296
f  2478//4297 2490//4297 2479//4297
f  2461//4298 2491//4298 2459//4298
f  2459//4299 2491//4299 2492//4299
f  2459//4300 2492//4300 2493//4300
f  2493//4301 2492//4301 2494//4301
f  2493//4302 2494//4302 2495//4302
f  2495//4303 2494//4303 2496//4303
f  2495//4304 2496//4304 2497//4304
f  2497//4305 2496//4305 2498//4305
f  2497//4306 2498//4306 2499//4306
f  2500//4307 2484//4307 2501//4307
f  2501//4308 2484//4308 2486//4308
f  2501//4309 2486//4309 2502//4309
f  2502//4310 2486//4310 2488//4310
f  2502//4311 2488//4311 2503//4311
f  2503//4312 2488//4312 2478//4312
f  2503//4313 2478//4313 2504//4313
f  2504//4314 2478//4314 2480//4314
f  2504//4315 2480//4315 2505//4315
f  2505//4316 2480//4316 2482//4316
f  2506//4317 2500//4317 2507//4317
f  2507//4318 2500//4318 2501//4318
f  2507//4319 2501//4319 2508//4319
f  2508//4320 2501//4320 2502//4320
f  2508//4321 2502//4321 2509//4321
f  2509//4322 2502//4322 2503//4322
f  2509//4323 2503//4323 2510//4323
f  2510//4324 2503//4324 2504//4324
f  2510//4325 2504//4325 2511//4325
f  2511//4326 2504//4326 2505//4326
f  2512//4327 2506//4327 2513//4327
f  2513//4328 2506//4328 2507//4328
f  2513//4329 2507//4329 2514//4329
f  2514//4330 2507//4330 2508//4330
f  2514//4331 2508//4331 2515//4331
f  2515//4332 2508//4332 2509//4332
f  2515//4333 2509//4333 2516//4333
f  2516//4334 2509//4334 2510//4334
f  2516//4335 2510//4335 2517//4335
f  2517//4336 2510//4336 2511//4336
f  2461//4337 2518//4337 2491//4337
f  2491//4338 2518//4338 2519//4338
f  2491//4339 2519//4339 2492//4339
f  2492//4340 2519//4340 2520//4340
f  2492//4341 2520//4341 2494//4341
f  2494//4342 2520//4342 2521//4342
f  2494//4343 2521//4343 2496//4343
f  2496//4344 2521//4344 2522//4344
f  2496//4345 2522//4345 2498//4345
f  2464//4346 2460//4346 2465//4346
f  2465//4347 2460//4347 2459//4347
f  2465//4348 2459//4348 2466//4348
f  2466//4349 2459//4349 2493//4349
f  2466//4350 2493//4350 2472//4350
f  2472//4351 2493//4351 2495//4351
f  2472//4352 2495//4352 2474//4352
f  2474//4353 2495//4353 2497//4353
f  2474//4354 2497//4354 2468//4354
f  2468//4355 2497//4355 2499//4355
f  2468//4356 2499//4356 2469//4356
f  2483//4357 2523//4357 2482//4357
f  2482//4358 2523//4358 2524//4358
f  2482//4359 2524//4359 2505//4359
f  2505//4360 2524//4360 2525//4360
f  2505//4361 2525//4361 2511//4361
f  2511//4362 2525//4362 2526//4362
f  2511//4363 2526//4363 2517//4363
f  2517//4364 2526//4364 2522//4364
f  2517//4365 2522//4365 2516//4365
f  2516//4366 2522//4366 2521//4366
f  2516//4367 2521//4367 2515//4367
f  2515//4368 2521//4368 2520//4368
f  2515//4369 2520//4369 2514//4369
f  2514//4370 2520//4370 2519//4370
f  2514//4371 2519//4371 2513//4371
f  2513//4372 2519//4372 2518//4372
f  2513//4373 2518//4373 2512//4373
f  2512//4374 2518//4374 2461//4374
f  2453//4375 2452//4375 2527//4375
f  2527//4376 2452//4376 2528//4376
f  2528//4377 2452//4377 2451//4377
f  2528//4378 2451//4378 2529//4378
f  2529//4379 2451//4379 2454//4379
f  2529//4380 2454//4380 2530//4380
f  2530//4381 2454//4381 2455//4381
f  2530//4382 2455//4382 2456//4382
f  2483//4383 2450//4383 2523//4383
f  2523//4384 2450//4384 2449//4384
f  2523//4385 2449//4385 2524//4385
f  2524//4386 2449//4386 2448//4386
f  2524//4387 2448//4387 2525//4387
f  2525//4388 2448//4388 2453//4388
f  2525//4389 2453//4389 2526//4389
f  2526//4390 2453//4390 2527//4390
f  2526//4391 2527//4391 2522//4391
f  2522//4392 2527//4392 2528//4392
f  2522//4393 2528//4393 2498//4393
f  2498//4394 2528//4394 2529//4394
f  2498//4395 2529//4395 2499//4395
f  2499//4396 2529//4396 2530//4396
f  2499//4397 2530//4397 2469//4397
f  2469//4398 2530//4398 2456//4398
f  2469//4399 2456//4399 2470//4399
f  2470//4400 2456//4400 2457//4400
f  2470//4401 2457//4401 2477//4401
f  2477//4402 2457//4402 2458//4402
f  2512//4403 2461//4403 2531//4403
f  2532//4404 2533//4404 2531//4404
f  2531//4405 2533//4405 2534//4405
f  2535//4406 2532//4406 2536//4406
f  2536//4407 2532//4407 2531//4407
f  2536//4408 2531//4408 2537//4408
f  2537//4409 2531//4409 2463//4409
f  2461//4410 2460//4410 2531//4410
f  2531//4411 2460//4411 2464//4411
f  2531//4412 2464//4412 2463//4412
f  2506//4413 2512//4413 2500//4413
f  2500//4414 2512//4414 2531//4414
f  2500//4415 2531//4415 2484//4415
f  2484//4416 2531//4416 2534//4416
f  2484//4417 2534//4417 2538//4417
f  2471//4418 2473//4418 2539//4418
f  2479//4419 2490//4419 2540//4419
f  2489//4420 2487//4420 2541//4420
f  2463//4421 2462//4421 2542//4421
f  2537//4422 2543//4422 2536//4422
f  2536//4423 2543//4423 2544//4423
f  2536//4424 2544//4424 2535//4424
f  2535//4425 2544//4425 2545//4425
f  2535//4426 2545//4426 2532//4426
f  2545//4427 2546//4427 2532//4427
f  2532//4428 2546//4428 2547//4428
f  2532//4429 2547//4429 2533//4429
f  2485//4430 2484//4430 2548//4430
f  2548//4431 2484//4431 2538//4431
f  2548//4432 2538//4432 2534//4432
f  2487//4433 2485//4433 2541//4433
f  2541//4434 2485//4434 2548//4434
f  2541//4435 2548//4435 2547//4435
f  2547//4436 2548//4436 2534//4436
f  2547//4437 2534//4437 2533//4437
f  2483//4438 2481//4438 2549//4438
f  2549//4439 2481//4439 2550//4439
f  2550//4440 2551//4440 2549//4440
f  2549//4441 2551//4441 2552//4441
f  2549//4442 2552//4442 2483//4442
f  2483//4443 2552//4443 2450//4443
f  2553//4444 2554//4444 2555//4444
f  2556//4445 2557//4445 2558//4445
f  2558//4446 2557//4446 2559//4446
f  2558//4447 2559//4447 2560//4447
f  2556//4448 2558//4448 2561//4448
f  2561//4449 2558//4449 2562//4449
f  2561//4450 2562//4450 2563//4450
f  2563//4451 2562//4451 2564//4451
f  2563//4452 2564//4452 2565//4452
f  2566//4453 2567//4453 2564//4453
f  2564//4454 2567//4454 2568//4454
f  2564//4455 2568//4455 2565//4455
f  2569//4456 2570//4456 2566//4456
f  2570//4457 2571//4457 2566//4457
f  2566//4458 2571//4458 2572//4458
f  2566//4459 2572//4459 2567//4459
f  2569//4460 2573//4460 2574//4460
f  2574//4461 2573//4461 2575//4461
f  2574//4462 2575//4462 2458//4462
f  2475//4463 2476//4463 2576//4463
f  2576//4464 2476//4464 2477//4464
f  2490//4465 2489//4465 2540//4465
f  2540//4466 2489//4466 2541//4466
f  2540//4467 2541//4467 2577//4467
f  2577//4468 2541//4468 2547//4468
f  2577//4469 2547//4469 2578//4469
f  2578//4470 2547//4470 2546//4470
f  2578//4471 2546//4471 2579//4471
f  2579//4472 2546//4472 2545//4472
f  2579//4473 2545//4473 2580//4473
f  2580//4474 2545//4474 2544//4474
f  2580//4475 2544//4475 2581//4475
f  2581//4476 2544//4476 2543//4476
f  2581//4477 2543//4477 2542//4477
f  2542//4478 2543//4478 2537//4478
f  2542//4479 2537//4479 2463//4479
f  2481//4480 2479//4480 2550//4480
f  2550//4481 2479//4481 2540//4481
f  2550//4482 2540//4482 2582//4482
f  2582//4483 2540//4483 2577//4483
f  2582//4484 2577//4484 2583//4484
f  2583//4485 2577//4485 2578//4485
f  2583//4486 2578//4486 2584//4486
f  2584//4487 2578//4487 2579//4487
f  2584//4488 2579//4488 2585//4488
f  2585//4489 2579//4489 2580//4489
f  2585//4490 2580//4490 2586//4490
f  2586//4491 2580//4491 2581//4491
f  2586//4492 2581//4492 2587//4492
f  2587//4493 2581//4493 2542//4493
f  2587//4494 2542//4494 2467//4494
f  2467//4495 2542//4495 2462//4495
f  2569//4496 2566//4496 2573//4496
f  2573//4497 2566//4497 2576//4497
f  2573//4498 2576//4498 2575//4498
f  2575//4499 2576//4499 2477//4499
f  2575//4500 2477//4500 2458//4500
f  2473//4501 2475//4501 2539//4501
f  2539//4502 2475//4502 2576//4502
f  2539//4503 2576//4503 2588//4503
f  2588//4504 2576//4504 2566//4504
f  2588//4505 2566//4505 2589//4505
f  2589//4506 2566//4506 2564//4506
f  2589//4507 2564//4507 2590//4507
f  2590//4508 2564//4508 2562//4508
f  2590//4509 2562//4509 2591//4509
f  2591//4510 2562//4510 2558//4510
f  2591//4511 2558//4511 2592//4511
f  2592//4512 2558//4512 2560//4512
f  2592//4513 2560//4513 2553//4513
f  2553//4514 2560//4514 2559//4514
f  2553//4515 2559//4515 2554//4515
f  2467//4516 2471//4516 2587//4516
f  2587//4517 2471//4517 2539//4517
f  2587//4518 2539//4518 2586//4518
f  2586//4519 2539//4519 2588//4519
f  2586//4520 2588//4520 2585//4520
f  2585//4521 2588//4521 2589//4521
f  2585//4522 2589//4522 2584//4522
f  2584//4523 2589//4523 2590//4523
f  2584//4524 2590//4524 2583//4524
f  2583//4525 2590//4525 2591//4525
f  2583//4526 2591//4526 2582//4526
f  2582//4527 2591//4527 2592//4527
f  2582//4528 2592//4528 2550//4528
f  2550//4529 2592//4529 2553//4529
f  2550//4530 2553//4530 2551//4530
f  2551//4531 2553//4531 2555//4531
f  2551//4532 2555//4532 2552//4532
f  2565//4533 2568//4533 207//4533
f  2458//4534 124//4534 2574//4534
f  2574//4535 124//4535 122//4535
f  2574//4536 122//4536 2569//4536
f  119//4537 2570//4537 120//4537
f  120//4538 2570//4538 2569//4538
f  120//4539 2569//4539 121//4539
f  121//4540 2569//4540 122//4540
f  207//4541 2568//4541 208//4541
f  2568//4542 2567//4542 208//4542
f  208//4543 2567//4543 2572//4543
f  208//4544 2572//4544 119//4544
f  119//4545 2572//4545 2571//4545
f  119//4546 2571//4546 2570//4546
f  2565//4547 207//4547 2563//4547
f  2563//4548 207//4548 206//4548
f  2563//4549 206//4549 2561//4549
f  2561//4550 206//4550 2556//4550
f  2556//4551 206//4551 205//4551
f  2556//4552 205//4552 2557//4552
f  2557//4553 205//4553 204//4553
f  2557//4554 204//4554 2559//4554
f  2559//4555 204//4555 203//4555
f  2559//4556 203//4556 2554//4556
f  213//4557 212//4557 2450//4557
f  2450//4558 2552//4558 213//4558
f  213//4559 2552//4559 2555//4559
f  213//4560 2555//4560 203//4560
f  203//4561 2555//4561 2554//4561
f  189//4562 2593//4562 2594//4562
f  189//4563 2594//4563 190//4563
f  2594//4564 2595//4564 190//4564
f  190//4565 2595//4565 2596//4565
f  190//4566 2596//4566 148//4566
f  148//4567 2596//4567 2597//4567
f  148//4568 2597//4568 149//4568
f  149//4569 2597//4569 2598//4569
f  149//4570 2598//4570 151//4570
f  151//4571 2598//4571 2599//4571
f  151//4572 2599//4572 153//4572
f  153//4573 2599//4573 2600//4573
f  153//4574 2600//4574 199//4574
f  199//4575 2600//4575 2601//4575
f  199//4576 2601//4576 200//4576
f  200//4577 2601//4577 2602//4577
f  200//4578 2602//4578 201//4578
f  201//4579 2602//4579 2603//4579
f  201//4580 2603//4580 214//4580
f  2604//4581 2605//4581 2606//4581
f  2607//4582 2608//4582 2609//4582
f  2610//4583 2611//4583 2612//4583
f  2612//4584 2611//4584 2613//4584
f  2611//4585 2614//4585 2613//4585
f  2613//4586 2614//4586 2615//4586
f  2613//4587 2615//4587 2616//4587
f  2616//4588 2615//4588 2606//4588
f  2616//4589 2606//4589 2617//4589
f  2617//4590 2606//4590 2605//4590
f  2617//4591 2605//4591 2618//4591
f  2619//4592 2618//4592 2620//4592
f  2620//4593 2618//4593 2605//4593
f  2620//4594 2605//4594 2621//4594
f  2621//4595 2605//4595 2604//4595
f  2621//4596 2604//4596 2622//4596
f  2622//4597 2604//4597 2623//4597
f  2624//4598 2625//4598 2626//4598
f  2626//4599 2625//4599 2627//4599
f  2626//4600 2627//4600 2628//4600
f  2629//4601 2600//4601 2630//4601
f  2630//4602 2600//4602 2599//4602
f  2630//4603 2599//4603 2631//4603
f  2631//4604 2599//4604 2598//4604
f  2631//4605 2598//4605 2632//4605
f  2632//4606 2598//4606 2597//4606
f  2632//4607 2597//4607 2633//4607
f  2633//4608 2597//4608 2596//4608
f  2633//4609 2596//4609 2634//4609
f  2634//4610 2596//4610 2595//4610
f  2603//4611 2602//4611 2635//4611
f  2635//4612 2602//4612 2636//4612
f  2635//4613 2636//4613 2637//4613
f  2637//4614 2636//4614 2638//4614
f  2637//4615 2638//4615 2639//4615
f  2640//4616 2641//4616 2642//4616
f  2642//4617 2641//4617 2607//4617
f  2642//4618 2607//4618 2643//4618
f  2643//4619 2607//4619 2609//4619
f  2640//4620 2639//4620 2641//4620
f  2641//4621 2639//4621 2638//4621
f  2641//4622 2638//4622 2644//4622
f  2644//4623 2638//4623 2636//4623
f  2627//4624 2623//4624 2628//4624
f  2628//4625 2623//4625 2604//4625
f  2628//4626 2604//4626 2645//4626
f  2645//4627 2604//4627 2606//4627
f  2645//4628 2606//4628 2646//4628
f  2646//4629 2606//4629 2615//4629
f  2646//4630 2615//4630 2647//4630
f  2647//4631 2615//4631 2614//4631
f  2647//4632 2614//4632 2648//4632
f  2648//4633 2614//4633 2611//4633
f  2648//4634 2611//4634 2649//4634
f  2649//4635 2611//4635 2610//4635
f  2593//4636 2624//4636 2594//4636
f  2594//4637 2624//4637 2626//4637
f  2594//4638 2626//4638 2650//4638
f  2650//4639 2626//4639 2628//4639
f  2650//4640 2628//4640 2651//4640
f  2651//4641 2628//4641 2645//4641
f  2651//4642 2645//4642 2652//4642
f  2652//4643 2645//4643 2646//4643
f  2652//4644 2646//4644 2653//4644
f  2653//4645 2646//4645 2647//4645
f  2653//4646 2647//4646 2654//4646
f  2654//4647 2647//4647 2648//4647
f  2654//4648 2648//4648 2655//4648
f  2655//4649 2648//4649 2649//4649
f  2602//4650 2601//4650 2636//4650
f  2636//4651 2601//4651 2656//4651
f  2636//4652 2656//4652 2644//4652
f  2644//4653 2656//4653 2655//4653
f  2644//4654 2655//4654 2641//4654
f  2641//4655 2655//4655 2649//4655
f  2641//4656 2649//4656 2607//4656
f  2607//4657 2649//4657 2610//4657
f  2607//4658 2610//4658 2608//4658
f  2608//4659 2610//4659 2612//4659
f  2601//4660 2600//4660 2656//4660
f  2656//4661 2600//4661 2629//4661
f  2656//4662 2629//4662 2655//4662
f  2655//4663 2629//4663 2630//4663
f  2655//4664 2630//4664 2654//4664
f  2654//4665 2630//4665 2631//4665
f  2654//4666 2631//4666 2653//4666
f  2653//4667 2631//4667 2632//4667
f  2653//4668 2632//4668 2652//4668
f  2652//4669 2632//4669 2633//4669
f  2652//4670 2633//4670 2651//4670
f  2651//4671 2633//4671 2634//4671
f  2651//4672 2634//4672 2650//4672
f  2650//4673 2634//4673 2595//4673
f  2650//4674 2595//4674 2594//4674
f  2657//4675 2658//4675 2659//4675
f  2617//4676 2618//4676 2619//4676
f  2613//4677 2616//4677 2659//4677
f  2659//4678 2616//4678 2617//4678
f  2609//4679 2608//4679 2659//4679
f  2659//4680 2608//4680 2612//4680
f  2659//4681 2612//4681 2613//4681
f  2660//4682 2609//4682 2661//4682
f  2661//4683 2609//4683 2659//4683
f  2661//4684 2659//4684 2662//4684
f  2662//4685 2659//4685 2658//4685
f  2617//4686 2619//4686 2659//4686
f  2659//4687 2619//4687 2663//4687
f  2659//4688 2663//4688 2657//4688
f  2664//4689 2665//4689 2666//4689
f  2667//4690 2668//4690 2669//4690
f  2670//4691 2671//4691 2664//4691
f  2665//4692 2664//4692 2637//4692
f  2663//4693 2619//4693 2620//4693
f  2672//4694 2642//4694 2643//4694
f  2658//4695 2673//4695 2662//4695
f  2662//4696 2673//4696 2674//4696
f  2662//4697 2674//4697 2661//4697
f  2661//4698 2674//4698 2672//4698
f  2661//4699 2672//4699 2660//4699
f  2660//4700 2672//4700 2643//4700
f  2660//4701 2643//4701 2609//4701
f  2639//4702 2640//4702 2675//4702
f  2675//4703 2640//4703 2676//4703
f  2675//4704 2676//4704 2677//4704
f  2637//4705 2664//4705 2635//4705
f  2635//4706 2664//4706 2671//4706
f  2635//4707 2671//4707 2603//4707
f  2678//4708 2679//4708 2670//4708
f  2680//4709 2681//4709 2678//4709
f  2678//4710 2681//4710 2682//4710
f  2678//4711 2682//4711 2679//4711
f  2669//4712 2668//4712 2683//4712
f  2668//4713 2684//4713 2683//4713
f  2683//4714 2684//4714 2685//4714
f  2683//4715 2685//4715 2680//4715
f  2680//4716 2685//4716 2686//4716
f  2680//4717 2686//4717 2681//4717
f  2667//4718 2669//4718 2687//4718
f  2687//4719 2669//4719 2688//4719
f  2687//4720 2688//4720 2689//4720
f  2689//4721 2688//4721 2690//4721
f  2689//4722 2690//4722 2691//4722
f  2692//4723 2625//4723 2624//4723
f  2693//4724 2622//4724 2623//4724
f  2640//4725 2642//4725 2676//4725
f  2676//4726 2642//4726 2672//4726
f  2676//4727 2672//4727 2677//4727
f  2677//4728 2672//4728 2674//4728
f  2677//4729 2674//4729 2694//4729
f  2694//4730 2674//4730 2673//4730
f  2621//4731 2622//4731 2695//4731
f  2695//4732 2622//4732 2693//4732
f  2695//4733 2693//4733 2696//4733
f  2697//4734 2698//4734 2699//4734
f  2699//4735 2696//4735 2697//4735
f  2697//4736 2696//4736 2693//4736
f  2697//4737 2693//4737 2700//4737
f  2700//4738 2693//4738 2623//4738
f  2700//4739 2623//4739 2627//4739
f  2701//4740 2702//4740 2703//4740
f  2703//4741 2702//4741 2704//4741
f  2703//4742 2704//4742 2705//4742
f  2705//4743 2704//4743 2706//4743
f  2702//4744 2698//4744 2704//4744
f  2704//4745 2698//4745 2697//4745
f  2704//4746 2697//4746 2706//4746
f  2706//4747 2697//4747 2700//4747
f  2706//4748 2700//4748 2692//4748
f  2692//4749 2700//4749 2627//4749
f  2692//4750 2627//4750 2625//4750
f  2637//4751 2639//4751 2665//4751
f  2665//4752 2639//4752 2675//4752
f  2665//4753 2675//4753 2666//4753
f  2666//4754 2675//4754 2677//4754
f  2666//4755 2677//4755 2707//4755
f  2707//4756 2677//4756 2694//4756
f  2707//4757 2694//4757 2708//4757
f  2708//4758 2694//4758 2673//4758
f  2708//4759 2673//4759 2709//4759
f  2709//4760 2673//4760 2658//4760
f  2709//4761 2658//4761 2657//4761
f  2593//4762 2691//4762 2624//4762
f  2624//4763 2691//4763 2690//4763
f  2624//4764 2690//4764 2692//4764
f  2692//4765 2690//4765 2688//4765
f  2692//4766 2688//4766 2706//4766
f  2706//4767 2688//4767 2669//4767
f  2706//4768 2669//4768 2705//4768
f  2705//4769 2669//4769 2683//4769
f  2705//4770 2683//4770 2703//4770
f  2703//4771 2683//4771 2680//4771
f  2703//4772 2680//4772 2701//4772
f  2701//4773 2680//4773 2678//4773
f  2670//4774 2664//4774 2678//4774
f  2678//4775 2664//4775 2666//4775
f  2678//4776 2666//4776 2701//4776
f  2701//4777 2666//4777 2707//4777
f  2701//4778 2707//4778 2702//4778
f  2702//4779 2707//4779 2708//4779
f  2702//4780 2708//4780 2698//4780
f  2698//4781 2708//4781 2709//4781
f  2698//4782 2709//4782 2699//4782
f  2699//4783 2709//4783 2657//4783
f  2699//4784 2657//4784 2696//4784
f  2696//4785 2657//4785 2663//4785
f  2696//4786 2663//4786 2695//4786
f  2695//4787 2663//4787 2620//4787
f  2695//4788 2620//4788 2621//4788
f  191//4789 214//4789 2603//4789
f  2603//4790 2671//4790 191//4790
f  191//4791 2671//4791 2670//4791
f  191//4792 2670//4792 192//4792
f  2670//4793 2679//4793 192//4793
f  192//4794 2679//4794 2682//4794
f  192//4795 2682//4795 193//4795
f  193//4796 2682//4796 2681//4796
f  193//4797 2681//4797 194//4797
f  194//4798 2681//4798 2686//4798
f  194//4799 2686//4799 195//4799
f  2686//4800 2685//4800 195//4800
f  195//4801 2685//4801 2684//4801
f  195//4802 2684//4802 196//4802
f  196//4803 2684//4803 2668//4803
f  189//4804 188//4804 2593//4804
f  2593//4805 188//4805 187//4805
f  2593//4806 187//4806 2691//4806
f  2691//4807 187//4807 198//4807
f  2691//4808 198//4808 2689//4808
f  2689//4809 198//4809 197//4809
f  2689//4810 197//4810 2687//4810
f  2687//4811 197//4811 196//4811
f  2687//4812 196//4812 2667//4812
f  2667//4813 196//4813 2668//4813
f  2710//4814 2711//4814 2712//4814
f  2713//4815 2710//4815 2714//4815
f  2714//4816 2710//4816 2712//4816
f  2714//4817 2712//4817 2715//4817
f  2715//4818 2712//4818 2716//4818
f  2717//4819 2718//4819 2719//4819
f  2717//4820 2719//4820 2720//4820
f  2720//4821 2719//4821 2721//4821
f  2720//4822 2721//4822 2722//4822
f  2722//4823 2721//4823 2723//4823
f  2722//4824 2723//4824 2724//4824
f  2725//4825 2726//4825 2727//4825
f  2727//4826 2726//4826 2728//4826
f  2728//4827 2729//4827 2727//4827
f  2727//4828 2729//4828 2730//4828
f  2727//4829 2730//4829 2724//4829
f  2724//4830 2730//4830 2731//4830
f  2724//4831 2731//4831 2722//4831
f  2732//4832 2733//4832 2734//4832
f  2734//4833 2733//4833 2735//4833
f  2734//4834 2735//4834 2736//4834
f  2713//4835 2737//4835 2710//4835
f  2710//4836 2737//4836 2738//4836
f  2710//4837 2738//4837 2739//4837
f  2739//4838 2738//4838 2740//4838
f  2741//4839 2732//4839 2740//4839
f  2740//4840 2732//4840 2734//4840
f  2740//4841 2734//4841 2739//4841
f  2739//4842 2734//4842 2736//4842
f  2739//4843 2736//4843 2710//4843
f  2710//4844 2736//4844 2742//4844
f  2710//4845 2742//4845 2711//4845
f  2718//4846 2716//4846 2719//4846
f  2719//4847 2716//4847 2712//4847
f  2719//4848 2712//4848 2721//4848
f  2721//4849 2712//4849 2711//4849
f  2721//4850 2711//4850 2723//4850
f  2723//4851 2711//4851 2742//4851
f  2723//4852 2742//4852 2724//4852
f  2724//4853 2742//4853 2736//4853
f  2724//4854 2736//4854 2727//4854
f  2727//4855 2736//4855 2735//4855
f  2727//4856 2735//4856 2725//4856
f  2725//4857 2735//4857 2733//4857
f  2743//4858 2744//4858 2745//4858
f  2746//4859 2747//4859 2748//4859
f  2715//4860 2749//4860 2747//4860
f  2715//4861 2747//4861 2714//4861
f  2714//4862 2747//4862 2746//4862
f  2714//4863 2746//4863 2713//4863
f  2750//4864 2751//4864 2752//4864
f  2752//4865 2751//4865 2753//4865
f  2752//4866 2753//4866 2754//4866
f  2755//4867 2756//4867 2757//4867
f  2757//4868 2756//4868 2758//4868
f  2757//4869 2758//4869 2759//4869
f  2716//4870 2718//4870 2760//4870
f  2760//4871 2718//4871 2717//4871
f  2760//4872 2717//4872 2761//4872
f  2761//4873 2717//4873 2762//4873
f  2761//4874 2762//4874 2763//4874
f  2763//4875 2762//4875 2764//4875
f  2763//4876 2764//4876 2765//4876
f  2765//4877 2764//4877 2766//4877
f  2765//4878 2766//4878 2758//4878
f  2758//4879 2766//4879 2767//4879
f  2758//4880 2767//4880 2759//4880
f  2744//4881 2753//4881 2745//4881
f  2745//4882 2753//4882 2751//4882
f  2745//4883 2751//4883 2748//4883
f  2748//4884 2751//4884 2750//4884
f  2748//4885 2750//4885 2746//4885
f  2749//4886 2768//4886 2747//4886
f  2747//4887 2768//4887 2769//4887
f  2747//4888 2769//4888 2748//4888
f  2748//4889 2769//4889 2770//4889
f  2748//4890 2770//4890 2745//4890
f  2715//4891 2716//4891 2749//4891
f  2749//4892 2716//4892 2760//4892
f  2749//4893 2760//4893 2768//4893
f  2768//4894 2760//4894 2761//4894
f  2768//4895 2761//4895 2769//4895
f  2769//4896 2761//4896 2763//4896
f  2769//4897 2763//4897 2770//4897
f  2770//4898 2763//4898 2765//4898
f  2770//4899 2765//4899 2745//4899
f  2745//4900 2765//4900 2758//4900
f  2745//4901 2758//4901 2743//4901
f  2743//4902 2758//4902 2756//4902
f  2752//4903 2754//4903 2771//4903
f  2771//4904 2754//4904 2772//4904
f  2772//4905 2773//4905 2771//4905
f  2771//4906 2773//4906 2774//4906
f  2771//4907 2774//4907 2775//4907
f  2713//4908 2746//4908 2771//4908
f  2771//4909 2746//4909 2750//4909
f  2771//4910 2750//4910 2752//4910
f  2737//4911 2713//4911 2771//4911
f  2738//4912 2737//4912 2740//4912
f  2740//4913 2737//4913 2771//4913
f  2740//4914 2771//4914 2741//4914
f  2741//4915 2771//4915 2776//4915
f  2775//4916 2777//4916 2771//4916
f  2771//4917 2777//4917 2778//4917
f  2771//4918 2778//4918 2776//4918
f  2779//4919 2780//4919 2781//4919
f  2782//4920 2783//4920 2784//4920
f  2785//4921 2786//4921 2787//4921
f  2732//4922 2788//4922 2789//4922
f  2790//4923 2791//4923 2792//4923
f  2792//4924 2791//4924 2793//4924
f  2792//4925 2793//4925 2794//4925
f  2794//4926 2793//4926 2795//4926
f  2794//4927 2795//4927 2796//4927
f  2796//4928 2795//4928 2797//4928
f  2796//4929 2797//4929 2798//4929
f  2798//4930 2797//4930 2799//4930
f  2798//4931 2799//4931 2800//4931
f  2800//4932 2799//4932 2777//4932
f  2800//4933 2777//4933 2775//4933
f  2732//4934 2789//4934 2733//4934
f  2733//4935 2789//4935 2787//4935
f  2733//4936 2787//4936 2725//4936
f  2725//4937 2787//4937 2726//4937
f  2726//4938 2787//4938 2786//4938
f  2726//4939 2786//4939 2728//4939
f  2788//4940 2801//4940 2789//4940
f  2789//4941 2801//4941 2802//4941
f  2789//4942 2802//4942 2787//4942
f  2787//4943 2802//4943 2784//4943
f  2787//4944 2784//4944 2785//4944
f  2785//4945 2784//4945 2783//4945
f  2801//4946 2803//4946 2802//4946
f  2802//4947 2803//4947 2804//4947
f  2802//4948 2804//4948 2784//4948
f  2784//4949 2804//4949 2781//4949
f  2784//4950 2781//4950 2782//4950
f  2782//4951 2781//4951 2780//4951
f  2793//4952 2779//4952 2795//4952
f  2795//4953 2779//4953 2781//4953
f  2795//4954 2781//4954 2797//4954
f  2797//4955 2781//4955 2804//4955
f  2797//4956 2804//4956 2799//4956
f  2799//4957 2804//4957 2803//4957
f  2799//4958 2803//4958 2777//4958
f  2777//4959 2803//4959 2801//4959
f  2777//4960 2801//4960 2778//4960
f  2778//4961 2801//4961 2788//4961
f  2778//4962 2788//4962 2776//4962
f  2776//4963 2788//4963 2732//4963
f  2776//4964 2732//4964 2741//4964
f  2756//4965 2755//4965 2805//4965
f  2806//4966 2798//4966 2800//4966
f  2792//4967 2794//4967 2807//4967
f  2807//4968 2794//4968 2796//4968
f  2808//4969 2790//4969 2792//4969
f  2808//4970 2792//4970 2809//4970
f  2809//4971 2792//4971 2807//4971
f  2809//4972 2807//4972 2810//4972
f  2810//4973 2807//4973 2811//4973
f  2810//4974 2811//4974 2812//4974
f  2812//4975 2811//4975 2813//4975
f  2812//4976 2813//4976 2814//4976
f  2743//4977 2756//4977 2815//4977
f  2815//4978 2756//4978 2805//4978
f  2815//4979 2805//4979 2813//4979
f  2813//4980 2805//4980 2816//4980
f  2813//4981 2816//4981 2814//4981
f  2817//4982 2744//4982 2743//4982
f  2744//4983 2818//4983 2753//4983
f  2753//4984 2818//4984 2772//4984
f  2753//4985 2772//4985 2754//4985
f  2775//4986 2774//4986 2819//4986
f  2819//4987 2774//4987 2773//4987
f  2819//4988 2773//4988 2820//4988
f  2820//4989 2773//4989 2772//4989
f  2820//4990 2772//4990 2821//4990
f  2821//4991 2772//4991 2818//4991
f  2744//4992 2817//4992 2818//4992
f  2818//4993 2817//4993 2822//4993
f  2818//4994 2822//4994 2821//4994
f  2821//4995 2822//4995 2823//4995
f  2821//4996 2823//4996 2820//4996
f  2820//4997 2823//4997 2806//4997
f  2820//4998 2806//4998 2819//4998
f  2819//4999 2806//4999 2800//4999
f  2819//5000 2800//5000 2775//5000
f  2743//5001 2815//5001 2817//5001
f  2817//5002 2815//5002 2813//5002
f  2817//5003 2813//5003 2822//5003
f  2822//5004 2813//5004 2811//5004
f  2822//5005 2811//5005 2823//5005
f  2823//5006 2811//5006 2807//5006
f  2823//5007 2807//5007 2806//5007
f  2806//5008 2807//5008 2796//5008
f  2806//5009 2796//5009 2798//5009
f  147//5010 2790//5010 2808//5010
f  147//5011 2808//5011 146//5011
f  2808//5012 2809//5012 146//5012
f  146//5013 2809//5013 2810//5013
f  146//5014 2810//5014 145//5014
f  145//5015 2810//5015 2812//5015
f  2812//5016 2814//5016 145//5016
f  145//5017 2814//5017 2816//5017
f  145//5018 2816//5018 140//5018
f  2816//5019 2805//5019 140//5019
f  140//5020 2805//5020 2755//5020
f  140//5021 2755//5021 138//5021
f  2728//5022 365//5022 368//5022
f  2791//5023 2790//5023 147//5023
f  2791//5024 147//5024 2793//5024
f  2793//5025 147//5025 367//5025
f  2793//5026 367//5026 2779//5026
f  2779//5027 367//5027 366//5027
f  2779//5028 366//5028 2780//5028
f  365//5029 2783//5029 366//5029
f  366//5030 2783//5030 2782//5030
f  366//5031 2782//5031 2780//5031
f  2728//5032 2786//5032 365//5032
f  365//5033 2786//5033 2785//5033
f  365//5034 2785//5034 2783//5034
f  2717//5035 2720//5035 125//5035
f  125//5036 2720//5036 378//5036
f  378//5037 2720//5037 377//5037
f  377//5038 2720//5038 2722//5038
f  377//5039 2722//5039 375//5039
f  2722//5040 2731//5040 375//5040
f  375//5041 2731//5041 2730//5041
f  375//5042 2730//5042 369//5042
f  2730//5043 2729//5043 369//5043
f  369//5044 2729//5044 2728//5044
f  369//5045 2728//5045 368//5045
f  2757//5046 128//5046 2755//5046
f  2755//5047 128//5047 127//5047
f  2755//5048 127//5048 138//5048
f  2757//5049 2759//5049 128//5049
f  128//5050 2759//5050 2767//5050
f  128//5051 2767//5051 133//5051
f  2767//5052 2766//5052 133//5052
f  133//5053 2766//5053 2764//5053
f  133//5054 2764//5054 132//5054
f  132//5055 2764//5055 2762//5055
f  132//5056 2762//5056 131//5056
f  131//5057 2762//5057 2717//5057
f  131//5058 2717//5058 125//5058
f  2824//5059 2825//5059 2826//5059
f  2826//5060 2825//5060 2827//5060
f  2826//5061 2827//5061 2828//5061
f  2829//5062 2830//5062 2828//5062
f  97//5063 94//5063 2831//5063
f  62//5064 72//5064 2832//5064
f  2832//5065 72//5065 99//5065
f  2832//5066 99//5066 2833//5066
f  2833//5067 99//5067 98//5067
f  2833//5068 98//5068 2834//5068
f  2834//5069 98//5069 97//5069
f  2834//5070 97//5070 2835//5070
f  2835//5071 97//5071 2831//5071
f  2835//5072 2831//5072 2830//5072
f  2836//5073 59//5073 65//5073
f  60//5074 59//5074 2837//5074
f  2837//5075 59//5075 2836//5075
f  2837//5076 2836//5076 2838//5076
f  2838//5077 2836//5077 2839//5077
f  2838//5078 2839//5078 2840//5078
f  2840//5079 2839//5079 2841//5079
f  2825//5080 2842//5080 2827//5080
f  2827//5081 2842//5081 2843//5081
f  2827//5082 2843//5082 2841//5082
f  2841//5083 2843//5083 2844//5083
f  2841//5084 2844//5084 2840//5084
f  2830//5085 2829//5085 2835//5085
f  2835//5086 2829//5086 2845//5086
f  2835//5087 2845//5087 2834//5087
f  2834//5088 2845//5088 2846//5088
f  2834//5089 2846//5089 2833//5089
f  2833//5090 2846//5090 2847//5090
f  2833//5091 2847//5091 2832//5091
f  2832//5092 2847//5092 63//5092
f  2832//5093 63//5093 62//5093
f  2828//5094 2827//5094 2829//5094
f  2829//5095 2827//5095 2841//5095
f  2829//5096 2841//5096 2845//5096
f  2845//5097 2841//5097 2839//5097
f  2845//5098 2839//5098 2846//5098
f  2846//5099 2839//5099 2836//5099
f  2846//5100 2836//5100 2847//5100
f  2847//5101 2836//5101 65//5101
f  2847//5102 65//5102 63//5102
f  2848//5103 2830//5103 2831//5103
f  2849//5104 2826//5104 2828//5104
f  2850//5105 2824//5105 2826//5105
f  2850//5106 2826//5106 2851//5106
f  2851//5107 2826//5107 2849//5107
f  2851//5108 2849//5108 2852//5108
f  2852//5109 2849//5109 2853//5109
f  2852//5110 2853//5110 2854//5110
f  2854//5111 2853//5111 2855//5111
f  2854//5112 2855//5112 2856//5112
f  2856//5113 2855//5113 2857//5113
f  2857//5114 2855//5114 2858//5114
f  2857//5115 2858//5115 2859//5115
f  2860//5116 81//5116 83//5116
f  2861//5117 79//5117 81//5117
f  94//5118 93//5118 2862//5118
f  2862//5119 93//5119 91//5119
f  2862//5120 91//5120 2863//5120
f  2863//5121 91//5121 90//5121
f  2863//5122 90//5122 2864//5122
f  2864//5123 90//5123 77//5123
f  2864//5124 77//5124 2861//5124
f  2861//5125 77//5125 78//5125
f  2861//5126 78//5126 79//5126
f  81//5127 2860//5127 2861//5127
f  2861//5128 2860//5128 2865//5128
f  2861//5129 2865//5129 2864//5129
f  2864//5130 2865//5130 2866//5130
f  2864//5131 2866//5131 2863//5131
f  2863//5132 2866//5132 2848//5132
f  2863//5133 2848//5133 2862//5133
f  2862//5134 2848//5134 2831//5134
f  2862//5135 2831//5135 94//5135
f  85//5136 2859//5136 83//5136
f  83//5137 2859//5137 2858//5137
f  83//5138 2858//5138 2860//5138
f  2860//5139 2858//5139 2855//5139
f  2860//5140 2855//5140 2865//5140
f  2865//5141 2855//5141 2853//5141
f  2865//5142 2853//5142 2866//5142
f  2866//5143 2853//5143 2849//5143
f  2866//5144 2849//5144 2848//5144
f  2848//5145 2849//5145 2828//5145
f  2848//5146 2828//5146 2830//5146
f  116//5147 2824//5147 2850//5147
f  2852//5148 112//5148 118//5148
f  116//5149 2850//5149 118//5149
f  118//5150 2850//5150 2851//5150
f  118//5151 2851//5151 2852//5151
f  2852//5152 2854//5152 112//5152
f  112//5153 2854//5153 2856//5153
f  112//5154 2856//5154 113//5154
f  85//5155 104//5155 2859//5155
f  2859//5156 104//5156 113//5156
f  2859//5157 113//5157 2857//5157
f  2857//5158 113//5158 2856//5158
f  322//5159 2843//5159 385//5159
f  385//5160 2843//5160 2842//5160
f  385//5161 2842//5161 116//5161
f  116//5162 2842//5162 2825//5162
f  116//5163 2825//5163 2824//5163
f  60//5164 2837//5164 101//5164
f  101//5165 2837//5165 2838//5165
f  101//5166 2838//5166 321//5166
f  321//5167 2838//5167 2840//5167
f  321//5168 2840//5168 322//5168
f  322//5169 2840//5169 2844//5169
f  322//5170 2844//5170 2843//5170
f  2867//5171 2868//5171 2869//5171
f  2869//5172 2868//5172 2870//5172
f  2869//5173 2870//5173 2871//5173
f  2872//5174 2873//5174 2874//5174
f  2874//5175 2873//5175 2875//5175
f  2874//5176 2875//5176 2876//5176
f  2877//5177 2878//5177 2879//5177
f  2879//5178 2878//5178 2880//5178
f  2879//5179 2880//5179 2881//5179
f  2881//5180 2880//5180 2882//5180
f  2883//5181 2873//5181 2867//5181
f  2867//5182 2873//5182 2872//5182
f  2867//5183 2872//5183 2868//5183
f  2883//5184 2884//5184 2873//5184
f  2873//5185 2884//5185 2880//5185
f  2873//5186 2880//5186 2875//5186
f  2875//5187 2880//5187 2878//5187
f  2875//5188 2878//5188 2876//5188
f  2871//5189 2885//5189 2869//5189
f  2869//5190 2885//5190 2886//5190
f  2869//5191 2886//5191 2867//5191
f  2867//5192 2886//5192 2887//5192
f  2867//5193 2887//5193 2883//5193
f  2888//5194 2889//5194 2890//5194
f  2890//5195 2889//5195 2891//5195
f  2891//5196 2889//5196 2892//5196
f  2892//5197 2889//5197 2893//5197
f  2892//5198 2893//5198 2894//5198
f  2893//5199 2895//5199 2894//5199
f  2894//5200 2895//5200 2896//5200
f  2894//5201 2896//5201 2897//5201
f  2897//5202 2896//5202 2898//5202
f  2899//5203 2900//5203 2888//5203
f  2888//5204 2900//5204 2901//5204
f  2888//5205 2901//5205 2889//5205
f  2889//5206 2901//5206 2902//5206
f  2889//5207 2902//5207 2893//5207
f  2893//5208 2902//5208 2903//5208
f  2893//5209 2903//5209 2895//5209
f  2895//5210 2903//5210 2904//5210
f  2895//5211 2904//5211 2905//5211
f  2906//5212 2899//5212 2907//5212
f  2907//5213 2899//5213 2888//5213
f  2907//5214 2888//5214 2908//5214
f  2908//5215 2888//5215 2890//5215
f  2878//5216 2877//5216 2909//5216
f  2892//5217 2894//5217 2910//5217
f  2897//5218 2898//5218 2911//5218
f  2897//5219 2911//5219 2894//5219
f  2892//5220 2910//5220 2891//5220
f  2891//5221 2912//5221 2890//5221
f  2890//5222 2912//5222 2913//5222
f  2890//5223 2913//5223 2908//5223
f  2912//5224 2914//5224 2913//5224
f  2913//5225 2914//5225 2915//5225
f  2913//5226 2915//5226 2916//5226
f  2916//5227 2915//5227 2917//5227
f  2916//5228 2917//5228 2918//5228
f  2917//5229 2919//5229 2918//5229
f  2918//5230 2919//5230 2920//5230
f  2918//5231 2920//5231 2921//5231
f  2921//5232 2920//5232 2922//5232
f  2921//5233 2922//5233 2909//5233
f  2909//5234 2922//5234 2876//5234
f  2909//5235 2876//5235 2878//5235
f  2923//5236 2872//5236 2874//5236
f  2924//5237 2870//5237 2868//5237
f  2871//5238 2870//5238 2925//5238
f  2925//5239 2870//5239 2924//5239
f  2925//5240 2924//5240 2926//5240
f  2927//5241 2928//5241 2926//5241
f  2926//5242 2928//5242 2929//5242
f  2926//5243 2929//5243 2925//5243
f  2930//5244 2931//5244 2932//5244
f  2932//5245 2931//5245 2927//5245
f  2932//5246 2927//5246 2933//5246
f  2933//5247 2927//5247 2926//5247
f  2894//5248 2911//5248 2910//5248
f  2910//5249 2911//5249 2934//5249
f  2910//5250 2934//5250 2935//5250
f  2935//5251 2934//5251 2936//5251
f  2935//5252 2936//5252 2930//5252
f  2930//5253 2936//5253 2937//5253
f  2930//5254 2937//5254 2931//5254
f  2891//5255 2938//5255 2912//5255
f  2912//5256 2938//5256 2939//5256
f  2912//5257 2939//5257 2914//5257
f  2914//5258 2939//5258 2940//5258
f  2914//5259 2940//5259 2915//5259
f  2915//5260 2940//5260 2941//5260
f  2915//5261 2941//5261 2917//5261
f  2917//5262 2941//5262 2942//5262
f  2917//5263 2942//5263 2919//5263
f  2919//5264 2942//5264 2943//5264
f  2919//5265 2943//5265 2920//5265
f  2920//5266 2943//5266 2923//5266
f  2920//5267 2923//5267 2922//5267
f  2922//5268 2923//5268 2874//5268
f  2922//5269 2874//5269 2876//5269
f  2891//5270 2910//5270 2938//5270
f  2938//5271 2910//5271 2935//5271
f  2938//5272 2935//5272 2939//5272
f  2939//5273 2935//5273 2930//5273
f  2939//5274 2930//5274 2940//5274
f  2940//5275 2930//5275 2932//5275
f  2940//5276 2932//5276 2941//5276
f  2941//5277 2932//5277 2933//5277
f  2941//5278 2933//5278 2942//5278
f  2942//5279 2933//5279 2926//5279
f  2942//5280 2926//5280 2943//5280
f  2943//5281 2926//5281 2924//5281
f  2943//5282 2924//5282 2923//5282
f  2923//5283 2924//5283 2868//5283
f  2923//5284 2868//5284 2872//5284
f  2909//5285 2877//5285 2944//5285
f  2944//5286 2908//5286 2913//5286
f  2921//5287 2909//5287 2918//5287
f  2918//5288 2909//5288 2944//5288
f  2918//5289 2944//5289 2916//5289
f  2916//5290 2944//5290 2913//5290
f  2907//5291 2908//5291 2944//5291
f  2945//5292 2946//5292 2944//5292
f  2944//5293 2946//5293 2947//5293
f  2947//5294 2948//5294 2944//5294
f  2944//5295 2948//5295 2906//5295
f  2944//5296 2906//5296 2907//5296
f  2877//5297 2879//5297 2944//5297
f  2944//5298 2879//5298 2881//5298
f  2944//5299 2881//5299 2882//5299
f  2882//5300 2949//5300 2944//5300
f  2944//5301 2949//5301 2950//5301
f  2944//5302 2950//5302 2945//5302
f  2883//5303 2887//5303 2951//5303
f  2901//5304 2900//5304 2952//5304
f  2882//5305 2880//5305 2953//5305
f  2954//5306 2950//5306 2949//5306
f  2954//5307 2955//5307 2950//5307
f  2950//5308 2955//5308 2956//5308
f  2950//5309 2956//5309 2945//5309
f  2945//5310 2956//5310 2957//5310
f  2945//5311 2957//5311 2946//5311
f  2946//5312 2957//5312 2958//5312
f  2946//5313 2958//5313 2947//5313
f  2947//5314 2958//5314 2959//5314
f  2947//5315 2959//5315 2948//5315
f  2948//5316 2959//5316 2899//5316
f  2948//5317 2899//5317 2906//5317
f  2960//5318 2905//5318 2904//5318
f  2961//5319 2962//5319 2963//5319
f  2963//5320 2962//5320 2960//5320
f  2963//5321 2960//5321 2964//5321
f  2964//5322 2960//5322 2904//5322
f  2964//5323 2904//5323 2903//5323
f  2886//5324 2885//5324 2965//5324
f  2966//5325 2884//5325 2883//5325
f  2900//5326 2899//5326 2952//5326
f  2952//5327 2899//5327 2959//5327
f  2952//5328 2959//5328 2967//5328
f  2967//5329 2959//5329 2958//5329
f  2967//5330 2958//5330 2968//5330
f  2968//5331 2958//5331 2957//5331
f  2968//5332 2957//5332 2969//5332
f  2969//5333 2957//5333 2956//5333
f  2969//5334 2956//5334 2970//5334
f  2970//5335 2956//5335 2955//5335
f  2970//5336 2955//5336 2971//5336
f  2971//5337 2955//5337 2954//5337
f  2971//5338 2954//5338 2953//5338
f  2953//5339 2954//5339 2949//5339
f  2953//5340 2949//5340 2882//5340
f  2880//5341 2884//5341 2953//5341
f  2953//5342 2884//5342 2966//5342
f  2953//5343 2966//5343 2971//5343
f  2971//5344 2966//5344 2972//5344
f  2971//5345 2972//5345 2970//5345
f  2970//5346 2972//5346 2973//5346
f  2970//5347 2973//5347 2969//5347
f  2969//5348 2973//5348 2974//5348
f  2969//5349 2974//5349 2968//5349
f  2968//5350 2974//5350 2975//5350
f  2968//5351 2975//5351 2967//5351
f  2967//5352 2975//5352 2976//5352
f  2967//5353 2976//5353 2952//5353
f  2952//5354 2976//5354 2977//5354
f  2952//5355 2977//5355 2901//5355
f  2901//5356 2977//5356 2902//5356
f  2887//5357 2886//5357 2951//5357
f  2951//5358 2886//5358 2978//5358
f  2951//5359 2978//5359 2979//5359
f  2979//5360 2978//5360 2980//5360
f  2979//5361 2980//5361 2981//5361
f  2883//5362 2951//5362 2966//5362
f  2966//5363 2951//5363 2979//5363
f  2966//5364 2979//5364 2972//5364
f  2972//5365 2979//5365 2981//5365
f  2972//5366 2981//5366 2973//5366
f  2973//5367 2981//5367 2982//5367
f  2973//5368 2982//5368 2974//5368
f  2974//5369 2982//5369 2983//5369
f  2974//5370 2983//5370 2975//5370
f  2975//5371 2983//5371 2984//5371
f  2975//5372 2984//5372 2976//5372
f  2976//5373 2984//5373 2985//5373
f  2976//5374 2985//5374 2977//5374
f  2977//5375 2985//5375 2986//5375
f  2977//5376 2986//5376 2902//5376
f  2886//5377 2965//5377 2978//5377
f  2978//5378 2965//5378 2987//5378
f  2978//5379 2987//5379 2980//5379
f  2980//5380 2987//5380 2988//5380
f  2980//5381 2988//5381 2981//5381
f  2981//5382 2988//5382 2989//5382
f  2981//5383 2989//5383 2982//5383
f  2982//5384 2989//5384 2990//5384
f  2982//5385 2990//5385 2983//5385
f  2983//5386 2990//5386 2961//5386
f  2983//5387 2961//5387 2984//5387
f  2984//5388 2961//5388 2963//5388
f  2984//5389 2963//5389 2985//5389
f  2985//5390 2963//5390 2964//5390
f  2985//5391 2964//5391 2986//5391
f  2986//5392 2964//5392 2903//5392
f  2986//5393 2903//5393 2902//5393
f  2965//5394 2885//5394 168//5394
f  2965//5395 168//5395 2987//5395
f  168//5396 169//5396 2987//5396
f  2987//5397 169//5397 170//5397
f  2987//5398 170//5398 2988//5398
f  2988//5399 170//5399 180//5399
f  2988//5400 180//5400 2989//5400
f  2989//5401 180//5401 178//5401
f  2989//5402 178//5402 2990//5402
f  2990//5403 178//5403 177//5403
f  2990//5404 177//5404 2961//5404
f  2961//5405 177//5405 176//5405
f  2961//5406 176//5406 2962//5406
f  176//5407 175//5407 2962//5407
f  2962//5408 175//5408 174//5408
f  2962//5409 174//5409 2960//5409
f  174//5410 173//5410 2960//5410
f  2960//5411 173//5411 172//5411
f  2960//5412 172//5412 2905//5412
f  2905//5413 172//5413 184//5413
f  2905//5414 184//5414 183//5414
f  182//5415 181//5415 2898//5415
f  2905//5416 183//5416 2895//5416
f  2895//5417 183//5417 182//5417
f  2895//5418 182//5418 2896//5418
f  2896//5419 182//5419 2898//5419
f  2927//5420 224//5420 226//5420
f  221//5421 2911//5421 181//5421
f  181//5422 2911//5422 2898//5422
f  2927//5423 2931//5423 224//5423
f  224//5424 2931//5424 2937//5424
f  224//5425 2937//5425 222//5425
f  222//5426 2937//5426 2936//5426
f  222//5427 2936//5427 221//5427
f  221//5428 2936//5428 2934//5428
f  221//5429 2934//5429 2911//5429
f  2925//5430 2929//5430 226//5430
f  226//5431 2929//5431 2928//5431
f  226//5432 2928//5432 2927//5432
f  226//5433 227//5433 2925//5433
f  2925//5434 227//5434 167//5434
f  2925//5435 167//5435 2871//5435
f  2885//5436 2871//5436 168//5436
f  168//5437 2871//5437 167//5437
f  264//5438 265//5438 2991//5438
f  164//5439 162//5439 2992//5439
f  166//5440 2993//5440 220//5440
f  220//5441 2993//5441 2994//5441
f  220//5442 2994//5442 218//5442
f  218//5443 2994//5443 2995//5443
f  218//5444 2995//5444 159//5444
f  159//5445 2995//5445 2996//5445
f  159//5446 2996//5446 160//5446
f  2997//5447 2998//5447 2999//5447
f  260//5448 261//5448 3000//5448
f  3000//5449 261//5449 262//5449
f  3000//5450 262//5450 2991//5450
f  2991//5451 262//5451 263//5451
f  2991//5452 263//5452 264//5452
f  260//5453 3000//5453 259//5453
f  259//5454 3000//5454 3001//5454
f  259//5455 3001//5455 258//5455
f  241//5456 239//5456 253//5456
f  241//5457 253//5457 3002//5457
f  3002//5458 253//5458 254//5458
f  3002//5459 254//5459 3003//5459
f  3003//5460 254//5460 255//5460
f  3003//5461 255//5461 3004//5461
f  3004//5462 255//5462 256//5462
f  3004//5463 256//5463 3001//5463
f  3001//5464 256//5464 257//5464
f  3001//5465 257//5465 258//5465
f  2993//5466 3005//5466 2994//5466
f  2994//5467 3005//5467 3006//5467
f  2994//5468 3006//5468 2995//5468
f  2995//5469 3006//5469 2997//5469
f  2995//5470 2997//5470 2996//5470
f  2996//5471 2997//5471 2999//5471
f  2996//5472 2999//5472 160//5472
f  3007//5473 3008//5473 3009//5473
f  3009//5474 3008//5474 3010//5474
f  3009//5475 3010//5475 3011//5475
f  3011//5476 3010//5476 3012//5476
f  3011//5477 3012//5477 3013//5477
f  3001//5478 3007//5478 3004//5478
f  3004//5479 3007//5479 3009//5479
f  3004//5480 3009//5480 3003//5480
f  3003//5481 3009//5481 3011//5481
f  3003//5482 3011//5482 3002//5482
f  3002//5483 3011//5483 3013//5483
f  3002//5484 3013//5484 241//5484
f  161//5485 241//5485 162//5485
f  162//5486 241//5486 3013//5486
f  162//5487 3013//5487 2992//5487
f  2992//5488 3013//5488 3012//5488
f  2992//5489 3012//5489 164//5489
f  164//5490 3012//5490 3010//5490
f  164//5491 3010//5491 166//5491
f  166//5492 3010//5492 3008//5492
f  166//5493 3008//5493 2993//5493
f  2993//5494 3008//5494 3007//5494
f  2993//5495 3007//5495 3005//5495
f  3005//5496 3007//5496 3001//5496
f  3005//5497 3001//5497 3006//5497
f  3006//5498 3001//5498 3000//5498
f  3006//5499 3000//5499 2997//5499
f  2997//5500 3000//5500 2991//5500
f  2997//5501 2991//5501 2998//5501
f  2998//5502 2991//5502 265//5502
f  287//5503 3014//5503 3015//5503
f  583//5504 160//5504 2999//5504
f  583//5505 2999//5505 584//5505
f  2999//5506 3016//5506 584//5506
f  584//5507 3016//5507 3017//5507
f  584//5508 3017//5508 586//5508
f  586//5509 3017//5509 3018//5509
f  3019//5510 580//5510 3018//5510
f  3018//5511 580//5511 579//5511
f  3018//5512 579//5512 586//5512
f  572//5513 582//5513 3019//5513
f  3019//5514 582//5514 581//5514
f  3019//5515 581//5515 580//5515
f  576//5516 575//5516 3020//5516
f  3020//5517 575//5517 574//5517
f  3020//5518 574//5518 3021//5518
f  3021//5519 574//5519 572//5519
f  3021//5520 572//5520 3022//5520
f  3022//5521 572//5521 3019//5521
f  3023//5522 578//5522 3024//5522
f  3024//5523 578//5523 577//5523
f  3024//5524 577//5524 576//5524
f  569//5525 567//5525 3023//5525
f  3023//5526 567//5526 566//5526
f  3023//5527 566//5527 578//5527
f  570//5528 3025//5528 563//5528
f  563//5529 3025//5529 3026//5529
f  563//5530 3026//5530 556//5530
f  556//5531 3026//5531 3027//5531
f  556//5532 3027//5532 554//5532
f  554//5533 3027//5533 3028//5533
f  554//5534 3028//5534 552//5534
f  314//5535 3028//5535 311//5535
f  311//5536 3028//5536 3027//5536
f  311//5537 3027//5537 308//5537
f  308//5538 3027//5538 3026//5538
f  303//5539 302//5539 3025//5539
f  3025//5540 302//5540 301//5540
f  3025//5541 301//5541 3026//5541
f  3026//5542 301//5542 306//5542
f  3026//5543 306//5543 308//5543
f  298//5544 303//5544 3023//5544
f  3023//5545 303//5545 3025//5545
f  3023//5546 3025//5546 569//5546
f  569//5547 3025//5547 570//5547
f  298//5548 3023//5548 295//5548
f  295//5549 3023//5549 3024//5549
f  295//5550 3024//5550 294//5550
f  576//5551 3020//5551 3024//5551
f  3024//5552 3020//5552 292//5552
f  3024//5553 292//5553 294//5553
f  3029//5554 250//5554 3015//5554
f  3015//5555 250//5555 285//5555
f  285//5556 284//5556 3015//5556
f  3015//5557 284//5557 283//5557
f  3015//5558 283//5558 287//5558
f  277//5559 279//5559 3030//5559
f  3030//5560 279//5560 280//5560
f  3030//5561 280//5561 3029//5561
f  3029//5562 280//5562 281//5562
f  3029//5563 281//5563 250//5563
f  277//5564 3030//5564 274//5564
f  274//5565 3030//5565 3031//5565
f  274//5566 3031//5566 271//5566
f  3031//5567 3032//5567 271//5567
f  271//5568 3032//5568 3033//5568
f  271//5569 3033//5569 268//5569
f  268//5570 3033//5570 266//5570
f  266//5571 3033//5571 2998//5571
f  266//5572 2998//5572 265//5572
f  287//5573 292//5573 3014//5573
f  3014//5574 292//5574 3020//5574
f  3014//5575 3020//5575 3015//5575
f  3015//5576 3020//5576 3021//5576
f  3015//5577 3021//5577 3029//5577
f  3029//5578 3021//5578 3022//5578
f  3029//5579 3022//5579 3030//5579
f  3030//5580 3022//5580 3019//5580
f  3030//5581 3019//5581 3031//5581
f  3031//5582 3019//5582 3018//5582
f  3031//5583 3018//5583 3032//5583
f  3032//5584 3018//5584 3017//5584
f  3032//5585 3017//5585 3033//5585
f  3033//5586 3017//5586 3016//5586
f  3033//5587 3016//5587 2998//5587
f  2998//5588 3016//5588 2999//5588
f  3034//5589 3035//5589 3036//5589
f  627//5590 629//5590 3037//5590
f  607//5591 634//5591 3038//5591
f  639//5592 641//5592 3039//5592
f  643//5593 3040//5593 3041//5593
f  3040//5594 643//5594 3028//5594
f  3028//5595 643//5595 650//5595
f  3028//5596 650//5596 552//5596
f  635//5597 637//5597 3042//5597
f  3042//5598 637//5598 638//5598
f  3042//5599 638//5599 3043//5599
f  3043//5600 638//5600 639//5600
f  632//5601 3044//5601 631//5601
f  631//5602 3044//5602 3045//5602
f  631//5603 3045//5603 630//5603
f  3038//5604 634//5604 3045//5604
f  3045//5605 634//5605 633//5605
f  3045//5606 633//5606 630//5606
f  3037//5607 629//5607 3038//5607
f  3038//5608 629//5608 608//5608
f  3038//5609 608//5609 607//5609
f  627//5610 3037//5610 628//5610
f  628//5611 3037//5611 3046//5611
f  628//5612 3046//5612 624//5612
f  624//5613 3046//5613 3047//5613
f  624//5614 3047//5614 622//5614
f  3048//5615 413//5615 3049//5615
f  3049//5616 413//5616 622//5616
f  3049//5617 622//5617 3050//5617
f  3050//5618 622//5618 3047//5618
f  3051//5619 3052//5619 3053//5619
f  3053//5620 3052//5620 3054//5620
f  3051//5621 3055//5621 3052//5621
f  3052//5622 3055//5622 3056//5622
f  3052//5623 3056//5623 3057//5623
f  3057//5624 3056//5624 3058//5624
f  3058//5625 3056//5625 3059//5625
f  3058//5626 3059//5626 3060//5626
f  3060//5627 3059//5627 3061//5627
f  3061//5628 3059//5628 3062//5628
f  3061//5629 3062//5629 3063//5629
f  3064//5630 3065//5630 3066//5630
f  3066//5631 3065//5631 3067//5631
f  3066//5632 3067//5632 3068//5632
f  3068//5633 3069//5633 3066//5633
f  3066//5634 3069//5634 3070//5634
f  3066//5635 3070//5635 3062//5635
f  3062//5636 3070//5636 3071//5636
f  3062//5637 3071//5637 3063//5637
f  3035//5638 3034//5638 3066//5638
f  3066//5639 3034//5639 3072//5639
f  3066//5640 3072//5640 3064//5640
f  632//5641 635//5641 3044//5641
f  3044//5642 635//5642 3042//5642
f  3044//5643 3042//5643 3073//5643
f  3074//5644 3075//5644 3043//5644
f  3043//5645 3075//5645 3076//5645
f  3043//5646 3076//5646 3042//5646
f  3042//5647 3076//5647 3077//5647
f  3042//5648 3077//5648 3073//5648
f  639//5649 3039//5649 3043//5649
f  3043//5650 3039//5650 3078//5650
f  3043//5651 3078//5651 3074//5651
f  3079//5652 3080//5652 3039//5652
f  3039//5653 3080//5653 3081//5653
f  3039//5654 3081//5654 3078//5654
f  641//5655 643//5655 3039//5655
f  3039//5656 643//5656 3041//5656
f  3039//5657 3041//5657 3079//5657
f  3079//5658 3041//5658 3040//5658
f  3079//5659 3040//5659 3082//5659
f  3082//5660 3040//5660 3028//5660
f  3082//5661 3028//5661 314//5661
f  3053//5662 3048//5662 3051//5662
f  3051//5663 3048//5663 3049//5663
f  3051//5664 3049//5664 3055//5664
f  3055//5665 3049//5665 3050//5665
f  3055//5666 3050//5666 3056//5666
f  3056//5667 3050//5667 3047//5667
f  3056//5668 3047//5668 3059//5668
f  3059//5669 3047//5669 3046//5669
f  3059//5670 3046//5670 3062//5670
f  3062//5671 3046//5671 3037//5671
f  3062//5672 3037//5672 3066//5672
f  3066//5673 3037//5673 3038//5673
f  3066//5674 3038//5674 3035//5674
f  3035//5675 3038//5675 3045//5675
f  3035//5676 3045//5676 3036//5676
f  3036//5677 3045//5677 3044//5677
f  3036//5678 3044//5678 3083//5678
f  3083//5679 3044//5679 3073//5679
f  3084//5680 3085//5680 3086//5680
f  342//5681 344//5681 3087//5681
f  3087//5682 344//5682 346//5682
f  3087//5683 346//5683 3088//5683
f  3088//5684 346//5684 348//5684
f  3088//5685 348//5685 3089//5685
f  3089//5686 348//5686 350//5686
f  3089//5687 350//5687 3090//5687
f  3090//5688 350//5688 353//5688
f  3090//5689 353//5689 3091//5689
f  3091//5690 353//5690 352//5690
f  3091//5691 352//5691 3048//5691
f  3048//5692 352//5692 413//5692
f  3092//5693 3093//5693 3094//5693
f  3094//5694 3093//5694 3095//5694
f  3094//5695 3095//5695 3096//5695
f  3084//5696 3097//5696 3085//5696
f  3085//5697 3097//5697 3098//5697
f  3085//5698 3098//5698 3095//5698
f  3095//5699 3098//5699 3099//5699
f  3095//5700 3099//5700 3096//5700
f  3100//5701 3101//5701 3086//5701
f  3086//5702 3101//5702 3102//5702
f  3086//5703 3102//5703 3084//5703
f  3054//5704 3103//5704 3100//5704
f  3100//5705 3103//5705 3104//5705
f  3100//5706 3104//5706 3101//5706
f  3092//5707 3105//5707 3093//5707
f  3093//5708 3105//5708 3106//5708
f  3093//5709 3106//5709 3095//5709
f  3095//5710 3106//5710 3107//5710
f  3095//5711 3107//5711 3085//5711
f  3107//5712 3108//5712 3085//5712
f  3085//5713 3108//5713 3109//5713
f  3085//5714 3109//5714 3086//5714
f  3086//5715 3109//5715 3110//5715
f  3086//5716 3110//5716 3100//5716
f  3100//5717 3110//5717 3111//5717
f  3100//5718 3111//5718 3054//5718
f  3054//5719 3111//5719 3053//5719
f  3105//5720 340//5720 3106//5720
f  3106//5721 340//5721 342//5721
f  3106//5722 342//5722 3107//5722
f  3107//5723 342//5723 3087//5723
f  3107//5724 3087//5724 3108//5724
f  3108//5725 3087//5725 3088//5725
f  3108//5726 3088//5726 3109//5726
f  3109//5727 3088//5727 3089//5727
f  3109//5728 3089//5728 3110//5728
f  3110//5729 3089//5729 3090//5729
f  3110//5730 3090//5730 3111//5730
f  3111//5731 3090//5731 3091//5731
f  3111//5732 3091//5732 3053//5732
f  3053//5733 3091//5733 3048//5733
f  1302//5734 3112//5734 1301//5734
f  3113//5735 3114//5735 3115//5735
f  3116//5736 3117//5736 3115//5736
f  3115//5737 3117//5737 3118//5737
f  3115//5738 3118//5738 3113//5738
f  341//5739 340//5739 1303//5739
f  1303//5740 340//5740 3119//5740
f  1303//5741 3119//5741 1302//5741
f  1302//5742 3119//5742 3120//5742
f  1302//5743 3120//5743 3112//5743
f  3112//5744 3120//5744 3121//5744
f  3112//5745 3121//5745 3116//5745
f  3116//5746 3121//5746 3122//5746
f  3116//5747 3122//5747 3117//5747
f  1301//5748 3112//5748 1300//5748
f  1300//5749 3112//5749 3116//5749
f  1300//5750 3116//5750 1299//5750
f  3114//5751 3123//5751 3115//5751
f  3115//5752 3123//5752 331//5752
f  3115//5753 331//5753 3116//5753
f  3116//5754 331//5754 333//5754
f  3116//5755 333//5755 1299//5755
f  3119//5756 340//5756 3105//5756
f  3124//5757 3125//5757 3126//5757
f  3127//5758 3128//5758 3129//5758
f  3130//5759 3131//5759 3132//5759
f  3132//5760 3131//5760 3127//5760
f  3132//5761 3127//5761 3133//5761
f  3133//5762 3127//5762 3129//5762
f  3133//5763 3129//5763 3134//5763
f  3125//5764 3135//5764 3126//5764
f  3126//5765 3135//5765 3136//5765
f  3126//5766 3136//5766 3130//5766
f  3130//5767 3136//5767 3137//5767
f  3130//5768 3137//5768 3131//5768
f  3105//5769 3092//5769 3124//5769
f  3124//5770 3126//5770 3105//5770
f  3105//5771 3126//5771 3120//5771
f  3105//5772 3120//5772 3119//5772
f  3134//5773 3113//5773 3133//5773
f  3133//5774 3113//5774 3118//5774
f  3133//5775 3118//5775 3132//5775
f  3132//5776 3118//5776 3117//5776
f  3132//5777 3117//5777 3130//5777
f  3130//5778 3117//5778 3122//5778
f  3130//5779 3122//5779 3126//5779
f  3126//5780 3122//5780 3121//5780
f  3126//5781 3121//5781 3120//5781
f  2083//5782 2081//5782 3057//5782
f  3054//5783 3052//5783 2074//5783
f  3057//5784 2081//5784 3052//5784
f  3052//5785 2081//5785 2075//5785
f  3052//5786 2075//5786 2074//5786
f  2083//5787 3057//5787 2084//5787
f  2084//5788 3057//5788 3058//5788
f  2084//5789 3058//5789 2085//5789
f  2085//5790 3058//5790 3060//5790
f  2085//5791 3060//5791 3138//5791
f  3060//5792 3061//5792 3138//5792
f  3138//5793 3061//5793 3063//5793
f  3138//5794 3063//5794 3139//5794
f  3063//5795 3071//5795 3139//5795
f  3139//5796 3071//5796 3070//5796
f  3139//5797 3070//5797 3140//5797
f  3140//5798 3070//5798 3069//5798
f  3140//5799 3069//5799 2336//5799
f  2336//5800 3069//5800 3068//5800
f  2336//5801 3068//5801 2337//5801
f  2337//5802 3068//5802 3067//5802
f  3067//5803 3065//5803 2337//5803
f  2337//5804 3065//5804 3064//5804
f  2337//5805 3064//5805 2374//5805
f  3064//5806 3072//5806 2374//5806
f  2374//5807 3072//5807 3034//5807
f  2374//5808 3034//5808 2368//5808
f  2368//5809 3034//5809 3036//5809
f  2368//5810 3036//5810 2303//5810
f  2303//5811 3036//5811 3083//5811
f  2303//5812 3083//5812 2304//5812
f  2304//5813 3083//5813 3073//5813
f  2333//5814 2332//5814 3076//5814
f  3076//5815 2332//5815 2331//5815
f  3076//5816 2331//5816 3077//5816
f  3077//5817 2331//5817 2329//5817
f  3077//5818 2329//5818 3073//5818
f  3073//5819 2329//5819 2328//5819
f  3073//5820 2328//5820 2304//5820
f  3076//5821 3075//5821 2333//5821
f  2333//5822 3075//5822 3074//5822
f  2333//5823 3074//5823 2324//5823
f  2324//5824 3074//5824 3078//5824
f  2324//5825 3078//5825 2325//5825
f  2325//5826 3078//5826 3081//5826
f  2325//5827 3081//5827 2327//5827
f  2327//5828 3081//5828 3080//5828
f  2327//5829 3080//5829 2306//5829
f  2306//5830 3080//5830 3079//5830
f  2306//5831 3079//5831 2307//5831
f  2307//5832 3079//5832 2322//5832
f  314//5833 313//5833 3082//5833
f  3082//5834 313//5834 2320//5834
f  3082//5835 2320//5835 3079//5835
f  3079//5836 2320//5836 2323//5836
f  3079//5837 2323//5837 2322//5837
f  2074//5838 2036//5838 3054//5838
f  3054//5839 2036//5839 2035//5839
f  3054//5840 2035//5840 3103//5840
f  3103//5841 2035//5841 2049//5841
f  3103//5842 2049//5842 3104//5842
f  3104//5843 2049//5843 2050//5843
f  3104//5844 2050//5844 3101//5844
f  3101//5845 2050//5845 2051//5845
f  3101//5846 2051//5846 3102//5846
f  3102//5847 2051//5847 2054//5847
f  3102//5848 2054//5848 3084//5848
f  2054//5849 2053//5849 3084//5849
f  3084//5850 2053//5850 2059//5850
f  3084//5851 2059//5851 3097//5851
f  3097//5852 2059//5852 2058//5852
f  3097//5853 2058//5853 3098//5853
f  3098//5854 2058//5854 2057//5854
f  3098//5855 2057//5855 3099//5855
f  3099//5856 2057//5856 2056//5856
f  2061//5857 3092//5857 2060//5857
f  2060//5858 3092//5858 3094//5858
f  2060//5859 3094//5859 2056//5859
f  2056//5860 3094//5860 3096//5860
f  2056//5861 3096//5861 3099//5861
f  3137//5862 3136//5862 2063//5862
f  2063//5863 3136//5863 3135//5863
f  2063//5864 3135//5864 2062//5864
f  2062//5865 3135//5865 3125//5865
f  2062//5866 3125//5866 2061//5866
f  2061//5867 3125//5867 3124//5867
f  2061//5868 3124//5868 3092//5868
f  3141//5869 3128//5869 3127//5869
f  3137//5870 2063//5870 3131//5870
f  3131//5871 2063//5871 2065//5871
f  3131//5872 2065//5872 3127//5872
f  3127//5873 2065//5873 2066//5873
f  3127//5874 2066//5874 3141//5874
f  2353//5875 3142//5875 3143//5875
f  3144//5876 3145//5876 3142//5876
f  2300//5877 1836//5877 1835//5877
f  3140//5878 2336//5878 3146//5878
f  3146//5879 2336//5879 3147//5879
f  3140//5880 3146//5880 3139//5880
f  3139//5881 3146//5881 3148//5881
f  3139//5882 3148//5882 3138//5882
f  3138//5883 3148//5883 2077//5883
f  3138//5884 2077//5884 2085//5884
f  3149//5885 3150//5885 3151//5885
f  3151//5886 3150//5886 3152//5886
f  3153//5887 3154//5887 3152//5887
f  3152//5888 3154//5888 3155//5888
f  3152//5889 3155//5889 3151//5889
f  3156//5890 3157//5890 3158//5890
f  3158//5891 3157//5891 3159//5891
f  3158//5892 3159//5892 3153//5892
f  3153//5893 3159//5893 3160//5893
f  3153//5894 3160//5894 3154//5894
f  3161//5895 3162//5895 3158//5895
f  3158//5896 3162//5896 3163//5896
f  3158//5897 3163//5897 3156//5897
f  3164//5898 3165//5898 3166//5898
f  3165//5899 3164//5899 3167//5899
f  3167//5900 3164//5900 3168//5900
f  3167//5901 3168//5901 1838//5901
f  2300//5902 1835//5902 2301//5902
f  2353//5903 2352//5903 3142//5903
f  3142//5904 2352//5904 2301//5904
f  3142//5905 2301//5905 3144//5905
f  3144//5906 2301//5906 1835//5906
f  3144//5907 1835//5907 3145//5907
f  2350//5908 2348//5908 3143//5908
f  3143//5909 2348//5909 2392//5909
f  3143//5910 2392//5910 2353//5910
f  2345//5911 2350//5911 3169//5911
f  3169//5912 2350//5912 3170//5912
f  3169//5913 3170//5913 3171//5913
f  3172//5914 2346//5914 2345//5914
f  2336//5915 2335//5915 3147//5915
f  3147//5916 2335//5916 2338//5916
f  3147//5917 2338//5917 3173//5917
f  3173//5918 2338//5918 2341//5918
f  3173//5919 2341//5919 3174//5919
f  3174//5920 2341//5920 2346//5920
f  3164//5921 3175//5921 3168//5921
f  3168//5922 3175//5922 3176//5922
f  3168//5923 3176//5923 1838//5923
f  1838//5924 3176//5924 1837//5924
f  3177//5925 3175//5925 3178//5925
f  3178//5926 3175//5926 3164//5926
f  3178//5927 3164//5927 3179//5927
f  3179//5928 3164//5928 3166//5928
f  3179//5929 3166//5929 3180//5929
f  2345//5930 3169//5930 3172//5930
f  3172//5931 3169//5931 3171//5931
f  3172//5932 3171//5932 3161//5932
f  3161//5933 3171//5933 3181//5933
f  3161//5934 3181//5934 3162//5934
f  2346//5935 3172//5935 3174//5935
f  3174//5936 3172//5936 3161//5936
f  3174//5937 3161//5937 3173//5937
f  3173//5938 3161//5938 3158//5938
f  3173//5939 3158//5939 3147//5939
f  3147//5940 3158//5940 3153//5940
f  3147//5941 3153//5941 3146//5941
f  3146//5942 3153//5942 3152//5942
f  3146//5943 3152//5943 3148//5943
f  3148//5944 3152//5944 3150//5944
f  3148//5945 3150//5945 2077//5945
f  2077//5946 3150//5946 3149//5946
f  2077//5947 3149//5947 2078//5947
f  1835//5948 1837//5948 3145//5948
f  3145//5949 1837//5949 3176//5949
f  3145//5950 3176//5950 3142//5950
f  3142//5951 3176//5951 3175//5951
f  3142//5952 3175//5952 3143//5952
f  3143//5953 3175//5953 3177//5953
f  3143//5954 3177//5954 2350//5954
f  2350//5955 3177//5955 3178//5955
f  2350//5956 3178//5956 3170//5956
f  3170//5957 3178//5957 3179//5957
f  3170//5958 3179//5958 3171//5958
f  3171//5959 3179//5959 3180//5959
f  3171//5960 3180//5960 3181//5960
f  3182//5961 3183//5961 3184//5961
f  2094//5962 3185//5962 2092//5962
f  2092//5963 3185//5963 3186//5963
f  2092//5964 3186//5964 3187//5964
f  3187//5965 3186//5965 3188//5965
f  2094//5966 2096//5966 3185//5966
f  3185//5967 2096//5967 2098//5967
f  3185//5968 2098//5968 3189//5968
f  3189//5969 2098//5969 2099//5969
f  3189//5970 2099//5970 3190//5970
f  3190//5971 2099//5971 3191//5971
f  2099//5972 2101//5972 3191//5972
f  3191//5973 2101//5973 2102//5973
f  3191//5974 2102//5974 3192//5974
f  3192//5975 2102//5975 2104//5975
f  2104//5976 2105//5976 3192//5976
f  3192//5977 2105//5977 2107//5977
f  3192//5978 2107//5978 3193//5978
f  3193//5979 2107//5979 3194//5979
f  3194//5980 2107//5980 2109//5980
f  3194//5981 2109//5981 2110//5981
f  3182//5982 3195//5982 3196//5982
f  3196//5983 3195//5983 3197//5983
f  3196//5984 3197//5984 3198//5984
f  3198//5985 3197//5985 3199//5985
f  3198//5986 3199//5986 3200//5986
f  3182//5987 3201//5987 3183//5987
f  3183//5988 3201//5988 3155//5988
f  3183//5989 3155//5989 3184//5989
f  3184//5990 3155//5990 3154//5990
f  3154//5991 3160//5991 3184//5991
f  3184//5992 3160//5992 3159//5992
f  3184//5993 3159//5993 3157//5993
f  2078//5994 3149//5994 3201//5994
f  3201//5995 3149//5995 3151//5995
f  3201//5996 3151//5996 3155//5996
f  3182//5997 3196//5997 3201//5997
f  3201//5998 3196//5998 2117//5998
f  3201//5999 2117//5999 2116//5999
f  2116//6000 2090//6000 3201//6000
f  3201//6001 2090//6001 2089//6001
f  3201//6002 2089//6002 2078//6002
f  2110//6003 2112//6003 3194//6003
f  3194//6004 2112//6004 2113//6004
f  3194//6005 2113//6005 3200//6005
f  3200//6006 2113//6006 2115//6006
f  3200//6007 2115//6007 3198//6007
f  3198//6008 2115//6008 2120//6008
f  3198//6009 2120//6009 3196//6009
f  3196//6010 2120//6010 2119//6010
f  3196//6011 2119//6011 2117//6011
f  3202//6012 2178//6012 2154//6012
f  3203//6013 3204//6013 3205//6013
f  2148//6014 2149//6014 2233//6014
f  2233//6015 2149//6015 3206//6015
f  2231//6016 2229//6016 3207//6016
f  3207//6017 2229//6017 2235//6017
f  3207//6018 2235//6018 3206//6018
f  3206//6019 2235//6019 2234//6019
f  3206//6020 2234//6020 2233//6020
f  3205//6021 3204//6021 3206//6021
f  3206//6022 3204//6022 3208//6022
f  3206//6023 3208//6023 3207//6023
f  3207//6024 3208//6024 3209//6024
f  3207//6025 3209//6025 2231//6025
f  2231//6026 3209//6026 3210//6026
f  2231//6027 3210//6027 2232//6027
f  3203//6028 3205//6028 3211//6028
f  3211//6029 3205//6029 3202//6029
f  3211//6030 3202//6030 3212//6030
f  3212//6031 3202//6031 2154//6031
f  3212//6032 2154//6032 2153//6032
f  2153//6033 2155//6033 3212//6033
f  3212//6034 2155//6034 2157//6034
f  3212//6035 2157//6035 3213//6035
f  3214//6036 3215//6036 2160//6036
f  2160//6037 3215//6037 3213//6037
f  2160//6038 3213//6038 2159//6038
f  2159//3651 3213//3651 2157//3651
f  2160//6039 2162//6039 3214//6039
f  3214//6040 2162//6040 2163//6040
f  3214//6041 2163//6041 3216//6041
f  3216//6042 2163//6042 2165//6042
f  3216//6043 2165//6043 3217//6043
f  3217//6044 2165//6044 2166//6044
f  3217//6045 2166//6045 3218//6045
f  3218//6046 2166//6046 2168//6046
f  3218//6047 2168//6047 3219//6047
f  2172//6048 2092//6048 3220//6048
f  3220//6049 2092//6049 3187//6049
f  3220//6050 3187//6050 3188//6050
f  3219//6051 2168//6051 3221//6051
f  3221//6052 2168//6052 2169//6052
f  3221//6053 2169//6053 3220//6053
f  3220//6054 2169//6054 2171//6054
f  3220//6055 2171//6055 2172//6055
f  2149//6056 2150//6056 3206//6056
f  3206//6057 2150//6057 2151//6057
f  3206//6058 2151//6058 3205//6058
f  3205//6059 2151//6059 2133//6059
f  3205//6060 2133//6060 3202//6060
f  3202//6061 2133//6061 2132//6061
f  3202//6062 2132//6062 2178//6062
f  2221//6063 902//6063 904//6063
f  851//6064 852//6064 3188//6064
f  3188//6065 852//6065 3220//6065
f  3220//6066 852//6066 3221//6066
f  3221//6067 852//6067 855//6067
f  3221//6068 855//6068 3219//6068
f  3219//6069 855//6069 3218//6069
f  3218//6070 855//6070 857//6070
f  3218//6071 857//6071 3217//6071
f  3217//6072 857//6072 860//6072
f  3217//6073 860//6073 3216//6073
f  3216//6074 860//6074 861//6074
f  3216//6075 861//6075 3214//6075
f  3214//6076 861//6076 864//6076
f  3214//6077 864//6077 3215//6077
f  864//6078 866//6078 3215//6078
f  3215//6079 866//6079 868//6079
f  3215//6080 868//6080 3213//6080
f  3213//6081 868//6081 871//6081
f  3213//6082 871//6082 3212//6082
f  3212//6083 871//6083 873//6083
f  3212//6084 873//6084 3211//6084
f  3211//6085 873//6085 3203//6085
f  873//6086 875//6086 3203//6086
f  3203//6087 875//6087 876//6087
f  3203//6088 876//6088 3204//6088
f  3204//6089 876//6089 878//6089
f  3204//6090 878//6090 3208//6090
f  3208//6091 878//6091 880//6091
f  3208//6092 880//6092 3209//6092
f  3209//6093 880//6093 879//6093
f  879//6094 885//6094 3209//6094
f  3209//6095 885//6095 887//6095
f  3209//6096 887//6096 3210//6096
f  3210//6097 887//6097 2232//6097
f  893//6098 895//6098 2219//6098
f  893//6099 2219//6099 891//6099
f  2219//6100 2218//6100 891//6100
f  891//6101 2218//6101 2227//6101
f  891//6102 2227//6102 889//6102
f  889//6103 2227//6103 2225//6103
f  889//6104 2225//6104 887//6104
f  887//6105 2225//6105 2224//6105
f  887//6106 2224//6106 2232//6106
f  895//6107 897//6107 2219//6107
f  2219//6108 897//6108 899//6108
f  2219//6109 899//6109 2221//6109
f  2221//6110 899//6110 900//6110
f  2221//6111 900//6111 902//6111
f  907//6112 909//6112 2212//6112
f  907//6113 2212//6113 906//6113
f  2212//6114 2216//6114 906//6114
f  906//6115 2216//6115 2215//6115
f  906//6116 2215//6116 904//6116
f  904//6117 2215//6117 2223//6117
f  904//6118 2223//6118 2221//6118
f  790//6119 791//6119 911//6119
f  911//6120 791//6120 2246//6120
f  2211//6121 2214//6121 909//6121
f  909//6122 2214//6122 2213//6122
f  909//6123 2213//6123 2212//6123
f  2246//6124 2250//6124 911//6124
f  911//6125 2250//6125 2248//6125
f  911//6126 2248//6126 909//6126
f  909//6127 2248//6127 2247//6127
f  909//6128 2247//6128 2211//6128
f  3165//6129 3167//6129 794//6129
f  851//6130 3188//6130 849//6130
f  849//6131 3188//6131 3186//6131
f  849//6132 3186//6132 846//6132
f  3186//6133 3185//6133 846//6133
f  846//6134 3185//6134 3189//6134
f  846//6135 3189//6135 843//6135
f  843//6136 3189//6136 3190//6136
f  843//6137 3190//6137 841//6137
f  841//6138 3190//6138 3191//6138
f  841//6139 3191//6139 838//6139
f  838//6140 3191//6140 3192//6140
f  838//6141 3192//6141 836//6141
f  836//6142 3192//6142 3193//6142
f  836//6143 3193//6143 833//6143
f  833//6144 3193//6144 3194//6144
f  833//6145 3194//6145 831//6145
f  831//6146 3194//6146 3200//6146
f  831//6147 3200//6147 829//6147
f  3182//6148 823//6148 3195//6148
f  3195//6149 823//6149 826//6149
f  3195//6150 826//6150 3197//6150
f  3197//6151 826//6151 829//6151
f  3197//6152 829//6152 3199//6152
f  3199//6153 829//6153 3200//6153
f  3184//6154 819//6154 3182//6154
f  3182//6155 819//6155 821//6155
f  3182//6156 821//6156 823//6156
f  794//6157 797//6157 3165//6157
f  3165//6158 797//6158 799//6158
f  3165//6159 799//6159 3166//6159
f  3166//6160 799//6160 801//6160
f  3166//6161 801//6161 3180//6161
f  3180//6162 801//6162 803//6162
f  3180//6163 803//6163 3181//6163
f  3181//6164 803//6164 805//6164
f  3181//6165 805//6165 3162//6165
f  3162//6166 805//6166 807//6166
f  3162//6167 807//6167 3163//6167
f  3163//6168 807//6168 809//6168
f  3163//6169 809//6169 3156//6169
f  3156//6170 809//6170 811//6170
f  3156//6171 811//6171 3157//6171
f  3157//6172 811//6172 813//6172
f  3157//6173 813//6173 3184//6173
f  3184//6174 813//6174 815//6174
f  3184//6175 815//6175 819//6175
f  3167//6176 1838//6176 794//6176
f  794//6177 1838//6177 1830//6177
f  794//6178 1830//6178 759//6178
f  759//6179 1830//6179 1829//6179
f  759//6180 1829//6180 758//6180
f  3222//6181 795//6181 793//6181
f  892//6182 3223//6182 894//6182
f  3224//6183 2257//6183 2267//6183
f  795//6184 3222//6184 796//6184
f  796//6185 3222//6185 3225//6185
f  796//6186 3225//6186 798//6186
f  3225//6187 3226//6187 798//6187
f  798//6187 3226//6187 3227//6187
f  798//6188 3227//6188 800//6188
f  800//6189 3227//6189 3228//6189
f  800//6190 3228//6190 802//6190
f  802//6191 3228//6191 3229//6191
f  802//6192 3229//6192 804//6192
f  804//6193 3229//6193 806//6193
f  806//6194 3229//6194 808//6194
f  808//6195 3229//6195 3230//6195
f  808//6196 3230//6196 810//6196
f  3231//6197 3232//6197 3233//6197
f  756//932 741//932 755//932
f  755//932 741//932 743//932
f  746//933 754//933 748//933
f  748//933 754//933 753//933
f  3234//933 3235//933 748//933
f  746//6198 756//6198 754//6198
f  742//6198 741//6198 756//6198
f  749//6199 742//6199 752//6199
f  752//6200 742//6200 756//6200
f  752//6201 756//6201 745//6201
f  745//6202 756//6202 746//6202
f  3236//6203 3237//6203 691//6203
f  735//6204 739//6204 3238//6204
f  3239//6205 3240//6205 3237//6205
f  3241//6206 3242//6206 3243//6206
f  3243//6207 3242//6207 3244//6207
f  3237//6208 3245//6208 3239//6208
f  3239//6209 3245//6209 3246//6209
f  3239//6210 3246//6210 3244//6210
f  3244//6211 3246//6211 3247//6211
f  3244//6212 3247//6212 3243//6212
f  736//6213 3248//6213 3249//6213
f  3249//6214 3250//6214 736//6214
f  736//6215 3250//6215 3251//6215
f  736//6216 3251//6216 757//6216
f  736//6217 735//6217 3248//6217
f  3248//6218 735//6218 3238//6218
f  3248//6219 3238//6219 3252//6219
f  3252//6220 3238//6220 3242//6220
f  3252//6221 3242//6221 3253//6221
f  3253//6222 3242//6222 3241//6222
f  3254//6223 3243//6223 3255//6223
f  3254//6224 3256//6224 3243//6224
f  3243//6225 3256//6225 3257//6225
f  3243//6226 3257//6226 3241//6226
f  3258//6227 3259//6227 3260//6227
f  3260//6228 3259//6228 3261//6228
f  3260//6229 3261//6229 3262//6229
f  3255//6230 3263//6230 3254//6230
f  3254//6231 3263//6231 3264//6231
f  3254//6232 3264//6232 3260//6232
f  3260//6233 3264//6233 3265//6233
f  3260//6234 3265//6234 3258//6234
f  3266//6235 3267//6235 3268//6235
f  3268//6236 3267//6236 3269//6236
f  3268//6237 3269//6237 3270//6237
f  3262//6238 3266//6238 3260//6238
f  3260//6239 3266//6239 3268//6239
f  3260//6240 3268//6240 3271//6240
f  3270//6241 3272//6241 3268//6241
f  3268//6242 3272//6242 3273//6242
f  3268//6243 3273//6243 3271//6243
f  3274//6244 698//6244 697//6244
f  3274//6245 697//6245 3275//6245
f  3275//6246 697//6246 3240//6246
f  3240//6247 697//6247 707//6247
f  3240//6247 707//6247 3237//6247
f  3237//6247 707//6247 692//6247
f  3237//6248 692//6248 691//6248
f  789//6249 3276//6249 691//6249
f  691//6250 3276//6250 3277//6250
f  691//6251 3277//6251 3236//6251
f  3235//934 693//934 695//934
f  3235//934 695//934 3278//934
f  3278//934 695//934 703//934
f  3278//934 703//934 699//934
f  747//6252 748//6252 751//6252
f  751//6252 748//6252 3235//6252
f  751//6253 3235//6253 750//6253
f  750//6252 3235//6252 3278//6252
f  750//6252 3278//6252 744//6252
f  744//6252 3278//6252 743//6252
f  3279//6252 753//6252 3280//6252
f  3280//6252 753//6252 755//6252
f  603//932 538//932 3281//932
f  532//932 531//932 3282//932
f  3282//932 531//932 587//932
f  587//932 536//932 3282//932
f  3282//932 536//932 534//932
f  3282//932 534//932 3281//932
f  3281//932 534//932 533//932
f  3281//932 533//932 603//932
f  530//6254 469//6254 3282//6254
f  476//6255 475//6255 469//6255
f  620//6254 619//6254 3283//6254
f  3283//6254 619//6254 610//6254
f  3283//6254 610//6254 425//6254
f  530//6254 3282//6254 421//6254
f  469//6254 475//6254 3282//6254
f  3282//6254 475//6254 520//6254
f  3282//6254 520//6254 532//6254
f  438//6255 437//6255 422//6255
f  488//6256 479//6256 489//6256
f  489//6254 479//6254 490//6254
f  441//6257 440//6257 439//6257
f  439//6254 438//6254 441//6254
f  441//6255 438//6255 422//6255
f  441//6258 422//6258 442//6258
f  442//6255 422//6255 421//6255
f  442//6254 421//6254 459//6254
f  459//6255 421//6255 458//6255
f  454//6255 455//6255 456//6255
f  503//6259 502//6259 504//6259
f  504//6260 502//6260 501//6260
f  504//6261 501//6261 505//6261
f  505//6262 501//6262 476//6262
f  505//6255 476//6255 507//6255
f  507//6254 476//6254 469//6254
f  507//6255 469//6255 478//6255
f  478//6254 469//6254 471//6254
f  478//6254 471//6254 479//6254
f  479//6255 471//6255 491//6255
f  479//6263 491//6263 490//6263
f  456//6254 457//6254 454//6254
f  454//6264 457//6264 458//6264
f  454//6265 458//6265 427//6265
f  427//6254 458//6254 421//6254
f  427//6255 421//6255 425//6255
f  425//6254 421//6254 3282//6254
f  425//6254 3282//6254 3283//6254
f  3284//933 670//933 674//933
f  678//933 677//933 3283//933
f  3283//933 677//933 676//933
f  3283//933 676//933 620//933
f  674//933 675//933 3284//933
f  3284//933 675//933 672//933
f  3284//933 672//933 3283//933
f  3283//933 672//933 679//933
f  3283//933 679//933 678//933
f  667//6266 670//6266 3284//6266
f  1714//6267 1713//6267 662//6267
f  1772//6268 1773//6268 1735//6268
f  667//6266 3284//6266 665//6266
f  3281//6269 662//6269 661//6269
f  542//6270 544//6270 545//6270
f  1770//6271 1771//6271 545//6271
f  545//6272 1771//6272 1772//6272
f  1772//6273 1735//6273 545//6273
f  545//6274 1735//6274 1736//6274
f  545//6275 1736//6275 1737//6275
f  3284//6266 3281//6266 665//6266
f  665//6276 3281//6276 661//6276
f  665//6266 661//6266 1307//6266
f  1307//6277 661//6277 1306//6277
f  1737//6278 1714//6278 545//6278
f  545//6279 1714//6279 662//6279
f  545//6280 662//6280 542//6280
f  542//6266 662//6266 3281//6266
f  542//6276 3281//6276 541//6276
f  541//6266 3281//6266 538//6266
f  1309//6266 1311//6266 1321//6266
f  1507//6269 1506//6269 1500//6269
f  1500//6266 1506//6266 1515//6266
f  1317//6266 1309//6266 1316//6266
f  1316//6266 1309//6266 1307//6266
f  1316//6274 1307//6274 1314//6274
f  1314//6281 1307//6281 1306//6281
f  1312//6269 1307//6269 1318//6269
f  1318//6276 1307//6276 1309//6276
f  1318//6266 1309//6266 1319//6266
f  1319//6266 1309//6266 1321//6266
f  1511//6276 1504//6276 1509//6276
f  1509//6276 1504//6276 1506//6276
f  1509//6266 1506//6266 1510//6266
f  1510//6266 1506//6266 1507//6266
f  544//6282 542//6282 1503//6282
f  1503//6283 542//6283 1500//6283
f  1503//6266 1500//6266 1512//6266
f  1512//6276 1500//6276 1515//6276
f  1512//6276 1515//6276 1513//6276
f  3282//6284 3281//6284 3283//6284
f  3283//6284 3281//6284 3284//6284
f  3128//933 3141//933 3285//933
f  3285//933 3141//933 2066//933
f  3285//933 2066//933 3286//933
f  3286//933 2066//933 2067//933
f  3286//933 2067//933 2068//933
f  3285//933 386//933 331//933
f  331//933 3123//933 3285//933
f  3285//6285 3123//6285 3114//6285
f  3285//933 3114//933 3113//933
f  3113//933 3134//933 3285//933
f  3285//933 3134//933 3129//933
f  3285//933 3129//933 3128//933
f  41//932 3287//932 42//932
f  42//932 3287//932 3288//932
f  42//932 3288//932 36//932
f  235//932 109//932 3287//932
f  3287//6286 109//6286 108//6286
f  3287//932 108//932 186//932
f  41//932 317//932 3287//932
f  3287//932 317//932 247//932
f  3287//932 247//932 246//932
f  246//932 249//932 3287//932
f  3287//932 249//932 234//932
f  3287//932 234//932 235//932
f  387//6287 386//6287 3285//6287
f  3287//6287 186//6287 185//6287
f  387//6287 3285//6287 102//6287
f  103//6288 95//6288 96//6288
f  3287//6287 185//6287 3285//6287
f  3285//6287 185//6287 103//6287
f  3285//6287 103//6287 102//6287
f  102//6287 103//6287 96//6287
f  102//6289 96//6289 100//6289
f  89//6290 88//6290 87//6290
f  87//6291 86//6291 89//6291
f  89//6287 86//6287 75//6287
f  89//6289 75//6289 103//6289
f  103//6292 75//6292 74//6292
f  103//6287 74//6287 95//6287
f  71//6289 70//6289 69//6289
f  69//6287 70//6287 68//6287
f  69//6287 68//6287 56//6287
f  56//6288 68//6288 102//6288
f  56//6293 102//6293 57//6293
f  57//6288 102//6288 100//6288
f  3286//6294 2068//6294 2069//6294
f  34//6294 39//6294 3288//6294
f  3288//6295 39//6295 37//6295
f  3288//6295 37//6295 36//6295
f  2069//6295 2070//6295 3286//6295
f  3286//6295 2070//6295 2071//6295
f  3286//6295 2071//6295 3288//6295
f  3288//6294 2071//6294 35//6294
f  3288//6295 35//6295 34//6295
f  3285//6296 3286//6296 3287//6296
f  3287//6296 3286//6296 3288//6296

# Mesh 'right_index_2-1' with 521 faces
g right_index_2-1
usemtl white
f  3250//6297 3249//6297 3289//6297
f  3273//6298 3290//6298 3291//6298
f  3269//6299 3267//6299 3292//6299
f  3293//6300 3272//6300 3294//6300
f  3294//6301 3272//6301 3270//6301
f  3294//6302 3270//6302 3269//6302
f  3295//6303 3256//6303 3296//6303
f  3296//6304 3256//6304 3254//6304
f  3296//6305 3254//6305 3297//6305
f  3297//6306 3254//6306 3260//6306
f  3297//6307 3260//6307 3291//6307
f  3291//6308 3260//6308 3271//6308
f  3291//6309 3271//6309 3273//6309
f  3249//6310 3248//6310 3289//6310
f  3289//6311 3248//6311 3252//6311
f  3289//6312 3252//6312 3298//6312
f  3298//6313 3252//6313 3253//6313
f  3298//6314 3253//6314 3299//6314
f  3299//6315 3253//6315 3241//6315
f  3299//6316 3241//6316 3295//6316
f  3295//6317 3241//6317 3257//6317
f  3295//6318 3257//6318 3256//6318
f  3300//6319 3222//6319 3301//6319
f  3301//6320 3222//6320 793//6320
f  3301//6321 793//6321 757//6321
f  3302//6322 3303//6322 3304//6322
f  3304//6323 3303//6323 3305//6323
f  3304//6324 3305//6324 3301//6324
f  3301//6325 3305//6325 3306//6325
f  3301//6326 3306//6326 3300//6326
f  3302//6327 3304//6327 3307//6327
f  3307//6328 3304//6328 3308//6328
f  3307//6329 3308//6329 3309//6329
f  3309//6330 3308//6330 3310//6330
f  3309//6331 3310//6331 3311//6331
f  3312//6332 3313//6332 3310//6332
f  3310//6333 3313//6333 3314//6333
f  3310//6334 3314//6334 3311//6334
f  3315//6335 3316//6335 3317//6335
f  3317//6336 3316//6336 3318//6336
f  3317//6337 3318//6337 3312//6337
f  3312//6338 3318//6338 3319//6338
f  3312//6339 3319//6339 3313//6339
f  3317//6340 3320//6340 3315//6340
f  3315//6341 3320//6341 3321//6341
f  3315//6342 3321//6342 3322//6342
f  3323//6343 3324//6343 3294//6343
f  3294//6344 3324//6344 3325//6344
f  3294//6345 3325//6345 3293//6345
f  3293//6346 3325//6346 3326//6346
f  3293//6347 3326//6347 3327//6347
f  3327//6348 3326//6348 3328//6348
f  3327//6349 3328//6349 3321//6349
f  3321//6350 3328//6350 3329//6350
f  3321//6351 3329//6351 3322//6351
f  3269//6352 3292//6352 3294//6352
f  3294//6353 3292//6353 3330//6353
f  3294//6354 3330//6354 3323//6354
f  757//6355 3251//6355 3301//6355
f  3301//6356 3251//6356 3250//6356
f  3301//6357 3250//6357 3304//6357
f  3304//6358 3250//6358 3289//6358
f  3304//6359 3289//6359 3308//6359
f  3308//6360 3289//6360 3298//6360
f  3308//6361 3298//6361 3310//6361
f  3310//6362 3298//6362 3299//6362
f  3310//6363 3299//6363 3312//6363
f  3312//6364 3299//6364 3295//6364
f  3312//6365 3295//6365 3317//6365
f  3317//6366 3295//6366 3296//6366
f  3317//6367 3296//6367 3320//6367
f  3320//6368 3296//6368 3297//6368
f  3320//6369 3297//6369 3321//6369
f  3321//6370 3297//6370 3291//6370
f  3321//6371 3291//6371 3327//6371
f  3327//6372 3291//6372 3290//6372
f  3327//6373 3290//6373 3293//6373
f  3293//6374 3290//6374 3273//6374
f  3293//6375 3273//6375 3272//6375
f  3331//6376 3236//6376 3277//6376
f  789//6377 912//6377 3276//6377
f  3276//6378 912//6378 3332//6378
f  3333//6379 3246//6379 3334//6379
f  3334//6380 3246//6380 3245//6380
f  3334//6381 3245//6381 3331//6381
f  3331//6382 3245//6382 3237//6382
f  3331//6383 3237//6383 3236//6383
f  3335//6384 3263//6384 3336//6384
f  3336//6385 3263//6385 3255//6385
f  3336//6386 3255//6386 3337//6386
f  3337//6387 3255//6387 3243//6387
f  3337//6388 3243//6388 3333//6388
f  3333//6389 3243//6389 3247//6389
f  3333//6390 3247//6390 3246//6390
f  3261//6391 3259//6391 3338//6391
f  3338//6392 3259//6392 3258//6392
f  3338//6393 3258//6393 3339//6393
f  3339//6394 3258//6394 3265//6394
f  3339//6395 3265//6395 3335//6395
f  3335//6396 3265//6396 3264//6396
f  3335//6397 3264//6397 3263//6397
f  3338//6398 3340//6398 3261//6398
f  3261//6399 3340//6399 3341//6399
f  3261//6400 3341//6400 3262//6400
f  3262//6401 3341//6401 3266//6401
f  3266//6402 3341//6402 3292//6402
f  3266//6403 3292//6403 3267//6403
f  3330//6404 3292//6404 3342//6404
f  3342//6405 3292//6405 3341//6405
f  3342//6406 3341//6406 3343//6406
f  3343//6407 3341//6407 3340//6407
f  3343//6408 3340//6408 3344//6408
f  3345//6409 3346//6409 3347//6409
f  3347//6410 3346//6410 3344//6410
f  3345//6411 3347//6411 3348//6411
f  3348//6412 3347//6412 3349//6412
f  3348//6413 3349//6413 3350//6413
f  3350//6414 3349//6414 3351//6414
f  3350//6415 3351//6415 3352//6415
f  3352//6416 3351//6416 3353//6416
f  3352//6417 3353//6417 3354//6417
f  3354//6418 3353//6418 3355//6418
f  3354//6419 3355//6419 3356//6419
f  3356//6420 3355//6420 3357//6420
f  3356//6421 3357//6421 3358//6421
f  3358//6422 3357//6422 3359//6422
f  3359//6423 3357//6423 3360//6423
f  3359//6424 3360//6424 3361//6424
f  3361//6425 3360//6425 3362//6425
f  3362//6426 3360//6426 3363//6426
f  3362//6427 3363//6427 3364//6427
f  3365//6428 3366//6428 3332//6428
f  3332//6429 3366//6429 3367//6429
f  3332//6430 3367//6430 3363//6430
f  3363//6431 3367//6431 3368//6431
f  3363//6432 3368//6432 3364//6432
f  3365//6433 3332//6433 3369//6433
f  3369//6434 3332//6434 912//6434
f  3369//6435 912//6435 910//6435
f  3344//6436 3340//6436 3347//6436
f  3347//6437 3340//6437 3338//6437
f  3347//6438 3338//6438 3349//6438
f  3349//6439 3338//6439 3339//6439
f  3349//6440 3339//6440 3351//6440
f  3351//6441 3339//6441 3335//6441
f  3351//6442 3335//6442 3353//6442
f  3353//6443 3335//6443 3336//6443
f  3353//6444 3336//6444 3355//6444
f  3355//6445 3336//6445 3337//6445
f  3355//6446 3337//6446 3357//6446
f  3357//6447 3337//6447 3333//6447
f  3357//6448 3333//6448 3360//6448
f  3360//6449 3333//6449 3334//6449
f  3360//6450 3334//6450 3363//6450
f  3363//6451 3334//6451 3331//6451
f  3363//6452 3331//6452 3332//6452
f  3332//6453 3331//6453 3277//6453
f  3332//6454 3277//6454 3276//6454
f  894//6455 3223//6455 3370//6455
f  894//6456 3370//6456 896//6456
f  3369//6457 910//6457 3371//6457
f  3371//6458 910//6458 908//6458
f  3371//6459 908//6459 3372//6459
f  3372//6460 908//6460 905//6460
f  3372//6461 905//6461 3373//6461
f  3373//6462 905//6462 903//6462
f  3373//6463 903//6463 3374//6463
f  3374//6464 903//6464 901//6464
f  3374//6465 901//6465 3370//6465
f  3370//6466 901//6466 898//6466
f  3370//6467 898//6467 896//6467
f  3375//6468 3376//6468 3377//6468
f  810//6469 3230//6469 3378//6469
f  3226//6470 3225//6470 3379//6470
f  2265//6471 3224//6471 2266//6471
f  2262//6472 2268//6472 3380//6472
f  3380//6473 2268//6473 2269//6473
f  2271//6474 2270//6474 3375//6474
f  812//6475 3381//6475 814//6475
f  814//6476 3381//6476 816//6476
f  3375//6477 2270//6477 3376//6477
f  3376//6478 2270//6478 2273//6478
f  3376//6479 2273//6479 3381//6479
f  3381//6480 2273//6480 817//6480
f  3381//6481 817//6481 816//6481
f  2263//6482 2261//6482 3382//6482
f  3382//6483 2261//6483 2262//6483
f  2263//6484 3382//6484 2264//6484
f  2264//6485 3382//6485 3383//6485
f  2264//6486 3383//6486 2265//6486
f  2266//6487 3224//6487 2267//6487
f  2259//6488 2258//6488 3224//6488
f  3224//6489 2258//6489 2257//6489
f  2265//6490 3383//6490 3224//6490
f  3224//6491 3383//6491 3384//6491
f  3224//6492 3384//6492 2259//6492
f  2259//6493 3384//6493 3385//6493
f  2259//6494 3385//6494 3386//6494
f  2254//6495 2256//6495 3387//6495
f  3387//6496 2256//6496 2255//6496
f  3387//6497 2255//6497 3386//6497
f  3386//6498 2255//6498 2260//6498
f  3386//6499 2260//6499 2259//6499
f  850//6500 2254//6500 3388//6500
f  3388//6501 2254//6501 3387//6501
f  3388//6502 3387//6502 3389//6502
f  3323//6503 3330//6503 3390//6503
f  3390//6504 3391//6504 3323//6504
f  3323//6505 3391//6505 3392//6505
f  3323//6506 3392//6506 3324//6506
f  3324//6507 3392//6507 3325//6507
f  3325//6508 3392//6508 3393//6508
f  3325//6509 3393//6509 3326//6509
f  3326//6510 3393//6510 3328//6510
f  3328//6511 3393//6511 3394//6511
f  3328//6512 3394//6512 3329//6512
f  3329//6513 3394//6513 3322//6513
f  3322//6514 3394//6514 3395//6514
f  3322//6515 3395//6515 3315//6515
f  3315//6516 3395//6516 3396//6516
f  3315//6517 3396//6517 3316//6517
f  3316//6518 3396//6518 3318//6518
f  3318//6519 3396//6519 3397//6519
f  3318//6520 3397//6520 3319//6520
f  3319//6521 3397//6521 3313//6521
f  3313//6522 3397//6522 3398//6522
f  3313//6523 3398//6523 3314//6523
f  3314//6524 3398//6524 3311//6524
f  3311//6525 3398//6525 3399//6525
f  3311//6526 3399//6526 3309//6526
f  3303//6527 3302//6527 3400//6527
f  3400//6528 3302//6528 3307//6528
f  3379//6529 3306//6529 3305//6529
f  3306//6530 3379//6530 3300//6530
f  3300//6531 3379//6531 3225//6531
f  3300//6532 3225//6532 3222//6532
f  3226//6533 3379//6533 3227//6533
f  3227//6534 3379//6534 3401//6534
f  3227//6535 3401//6535 3228//6535
f  3402//6536 3399//6536 3403//6536
f  3403//6537 3399//6537 3398//6537
f  3403//6538 3398//6538 3404//6538
f  3404//6539 3398//6539 3397//6539
f  3404//6540 3397//6540 3405//6540
f  3405//6541 3397//6541 3396//6541
f  3405//6542 3396//6542 3406//6542
f  3406//6543 3396//6543 3395//6543
f  3406//6544 3395//6544 3407//6544
f  3407//6545 3395//6545 3394//6545
f  3407//6546 3394//6546 3408//6546
f  3408//6547 3394//6547 3393//6547
f  3408//6548 3393//6548 3409//6548
f  3409//6549 3393//6549 3392//6549
f  3409//6550 3392//6550 3410//6550
f  3410//6551 3392//6551 3391//6551
f  3410//6552 3391//6552 3411//6552
f  3411//6553 3391//6553 3390//6553
f  3229//6554 3228//6554 3412//6554
f  3412//6555 3228//6555 3401//6555
f  3412//6556 3401//6556 3413//6556
f  3413//6557 3401//6557 3379//6557
f  3413//6558 3379//6558 3400//6558
f  3400//6559 3379//6559 3305//6559
f  3400//6560 3305//6560 3303//6560
f  3230//6561 3229//6561 3378//6561
f  3378//6562 3229//6562 3412//6562
f  3378//6563 3412//6563 3414//6563
f  3414//6564 3412//6564 3413//6564
f  3414//6565 3413//6565 3402//6565
f  3402//6566 3413//6566 3400//6566
f  3402//6567 3400//6567 3399//6567
f  3399//6568 3400//6568 3307//6568
f  3399//6569 3307//6569 3309//6569
f  3415//6570 3389//6570 3416//6570
f  3416//6571 3389//6571 3387//6571
f  3416//6572 3387//6572 3417//6572
f  3417//6573 3387//6573 3386//6573
f  2262//6574 3380//6574 3382//6574
f  3382//6575 3380//6575 3418//6575
f  3382//6576 3418//6576 3383//6576
f  3383//6577 3418//6577 3419//6577
f  3383//6578 3419//6578 3384//6578
f  3384//6579 3419//6579 3420//6579
f  3384//6580 3420//6580 3385//6580
f  3385//6581 3420//6581 3421//6581
f  3385//6582 3421//6582 3386//6582
f  3386//6583 3421//6583 3422//6583
f  3386//6584 3422//6584 3417//6584
f  3423//6585 3424//6585 3425//6585
f  3425//6586 3424//6586 3426//6586
f  3425//6587 3426//6587 3427//6587
f  3427//6588 3426//6588 3428//6588
f  3427//6589 3428//6589 3429//6589
f  3429//6590 3428//6590 3430//6590
f  3429//6591 3430//6591 3431//6591
f  3431//6592 3430//6592 3432//6592
f  3431//6593 3432//6593 3433//6593
f  3433//6594 3432//6594 3434//6594
f  3433//6595 3434//6595 3435//6595
f  3435//6596 3434//6596 3436//6596
f  3435//6597 3436//6597 3437//6597
f  3437//6598 3436//6598 3438//6598
f  3437//6599 3438//6599 3377//6599
f  3377//6600 3438//6600 3439//6600
f  3377//6601 3439//6601 3375//6601
f  3375//6602 3439//6602 2272//6602
f  3375//6603 2272//6603 2271//6603
f  2269//6604 2272//6604 3380//6604
f  3380//6605 2272//6605 3439//6605
f  3380//6606 3439//6606 3418//6606
f  3418//6607 3439//6607 3438//6607
f  3418//6608 3438//6608 3419//6608
f  3419//6609 3438//6609 3436//6609
f  3419//6610 3436//6610 3420//6610
f  3420//6611 3436//6611 3434//6611
f  3420//6612 3434//6612 3421//6612
f  3421//6613 3434//6613 3432//6613
f  3421//6614 3432//6614 3422//6614
f  3422//6615 3432//6615 3430//6615
f  3422//6616 3430//6616 3417//6616
f  3417//6617 3430//6617 3428//6617
f  3417//6618 3428//6618 3416//6618
f  3416//6619 3428//6619 3426//6619
f  3416//6620 3426//6620 3415//6620
f  3415//6621 3426//6621 3424//6621
f  3411//6622 3423//6622 3410//6622
f  3410//6623 3423//6623 3425//6623
f  3410//6624 3425//6624 3409//6624
f  3409//6625 3425//6625 3427//6625
f  3409//6626 3427//6626 3408//6626
f  3408//6627 3427//6627 3429//6627
f  3408//6628 3429//6628 3407//6628
f  3407//6629 3429//6629 3431//6629
f  3407//6630 3431//6630 3406//6630
f  3406//6631 3431//6631 3433//6631
f  3406//6632 3433//6632 3405//6632
f  3405//6633 3433//6633 3435//6633
f  3405//6634 3435//6634 3404//6634
f  3404//6635 3435//6635 3437//6635
f  3404//6636 3437//6636 3403//6636
f  3403//6637 3437//6637 3377//6637
f  3403//6638 3377//6638 3402//6638
f  3402//6639 3377//6639 3376//6639
f  3402//6640 3376//6640 3414//6640
f  3414//6641 3376//6641 3381//6641
f  3414//6642 3381//6642 3378//6642
f  3378//6643 3381//6643 812//6643
f  3378//6644 812//6644 810//6644
f  3440//6645 3441//6645 3442//6645
f  3424//6646 3423//6646 3443//6646
f  3365//6647 3369//6647 3371//6647
f  3373//6648 3374//6648 3444//6648
f  3440//6649 3223//6649 892//6649
f  886//6650 3441//6650 888//6650
f  888//6651 3441//6651 3440//6651
f  888//6652 3440//6652 890//6652
f  890//6653 3440//6653 892//6653
f  3445//6654 3367//6654 3366//6654
f  3373//6655 3444//6655 3372//6655
f  3372//6656 3444//6656 3445//6656
f  3372//6657 3445//6657 3371//6657
f  3371//6658 3445//6658 3366//6658
f  3371//6659 3366//6659 3365//6659
f  3361//6660 3362//6660 3446//6660
f  3446//6661 3362//6661 3364//6661
f  3446//6662 3364//6662 3368//6662
f  3359//6663 3447//6663 3358//6663
f  3358//6664 3447//6664 3448//6664
f  3358//6665 3448//6665 3356//6665
f  3356//6666 3448//6666 3449//6666
f  3356//6667 3449//6667 3354//6667
f  3354//6668 3449//6668 3352//6668
f  3352//6669 3449//6669 3450//6669
f  3352//6670 3450//6670 3350//6670
f  3350//6671 3450//6671 3348//6671
f  3348//6672 3450//6672 3451//6672
f  3348//6673 3451//6673 3345//6673
f  3345//6674 3451//6674 3452//6674
f  3345//6675 3452//6675 3346//6675
f  3346//6676 3452//6676 3453//6676
f  3346//6677 3453//6677 3344//6677
f  3344//6678 3453//6678 3343//6678
f  3343//6679 3453//6679 3454//6679
f  3343//6680 3454//6680 3342//6680
f  3342//6681 3454//6681 3390//6681
f  3342//6682 3390//6682 3330//6682
f  3389//6683 3415//6683 3455//6683
f  850//6684 3388//6684 853//6684
f  853//6685 3388//6685 3456//6685
f  853//6686 3456//6686 854//6686
f  854//6687 3456//6687 856//6687
f  867//6688 865//6688 3457//6688
f  3457//6689 865//6689 863//6689
f  863//6690 862//6690 3457//6690
f  3457//6691 862//6691 859//6691
f  3457//6692 859//6692 858//6692
f  3458//6693 3459//6693 3460//6693
f  3460//6694 3459//6694 872//6694
f  872//6695 870//6695 3460//6695
f  3460//6696 870//6696 869//6696
f  3460//6697 869//6697 3461//6697
f  3461//6698 869//6698 867//6698
f  3461//6699 867//6699 3462//6699
f  3462//6700 867//6700 3457//6700
f  3462//6701 3457//6701 3463//6701
f  3463//6702 3457//6702 858//6702
f  3463//6703 858//6703 3464//6703
f  883//6704 881//6704 3465//6704
f  3465//6705 881//6705 882//6705
f  3465//6706 882//6706 877//6706
f  3411//6707 3390//6707 3466//6707
f  3466//6708 3390//6708 3454//6708
f  3466//6709 3454//6709 3467//6709
f  3467//6710 3454//6710 3453//6710
f  3467//6711 3453//6711 3468//6711
f  3468//6712 3453//6712 3452//6712
f  3468//6713 3452//6713 3469//6713
f  3469//6714 3452//6714 3451//6714
f  3469//6715 3451//6715 3470//6715
f  3470//6716 3451//6716 3450//6716
f  3470//6717 3450//6717 3471//6717
f  3471//6718 3450//6718 3449//6718
f  3471//6719 3449//6719 3472//6719
f  3472//6720 3449//6720 3448//6720
f  3472//6721 3448//6721 3473//6721
f  3473//6722 3448//6722 3447//6722
f  3361//6723 3446//6723 3474//6723
f  3474//6724 3446//6724 3475//6724
f  3474//6725 3475//6725 3476//6725
f  886//6726 884//6726 3441//6726
f  3441//6727 884//6727 883//6727
f  3441//6728 883//6728 3442//6728
f  3442//6729 883//6729 3465//6729
f  3442//6730 3465//6730 3458//6730
f  3458//6731 3465//6731 877//6731
f  3458//6732 877//6732 3459//6732
f  3459//6733 877//6733 874//6733
f  3459//6734 874//6734 872//6734
f  3374//6735 3370//6735 3444//6735
f  3444//6736 3370//6736 3477//6736
f  3444//6737 3477//6737 3478//6737
f  3479//6738 3476//6738 3478//6738
f  3478//6739 3476//6739 3475//6739
f  3478//6740 3475//6740 3444//6740
f  3444//6741 3475//6741 3446//6741
f  3444//6742 3446//6742 3445//6742
f  3445//6743 3446//6743 3368//6743
f  3445//6744 3368//6744 3367//6744
f  3388//6745 3480//6745 3456//6745
f  3456//6746 3480//6746 3464//6746
f  3456//6747 3464//6747 856//6747
f  856//6748 3464//6748 858//6748
f  3370//6749 3223//6749 3477//6749
f  3477//6750 3223//6750 3440//6750
f  3477//6751 3440//6751 3478//6751
f  3478//6752 3440//6752 3442//6752
f  3478//6753 3442//6753 3479//6753
f  3479//6754 3442//6754 3458//6754
f  3479//6755 3458//6755 3481//6755
f  3481//6756 3458//6756 3460//6756
f  3481//6757 3460//6757 3482//6757
f  3482//6758 3460//6758 3461//6758
f  3482//6759 3461//6759 3483//6759
f  3483//6760 3461//6760 3462//6760
f  3483//6761 3462//6761 3484//6761
f  3484//6762 3462//6762 3463//6762
f  3484//6763 3463//6763 3485//6763
f  3485//6764 3463//6764 3464//6764
f  3485//6765 3464//6765 3486//6765
f  3486//6766 3464//6766 3480//6766
f  3487//6767 3488//6767 3489//6767
f  3489//6768 3488//6768 3490//6768
f  3489//6769 3490//6769 3491//6769
f  3491//6770 3490//6770 3492//6770
f  3491//6771 3492//6771 3493//6771
f  3493//6772 3492//6772 3494//6772
f  3493//6773 3494//6773 3495//6773
f  3495//6774 3494//6774 3496//6774
f  3495//6775 3496//6775 3497//6775
f  3497//6776 3496//6776 3498//6776
f  3497//6777 3498//6777 3443//6777
f  3443//6778 3498//6778 3455//6778
f  3443//6779 3455//6779 3424//6779
f  3424//6780 3455//6780 3415//6780
f  3487//6781 3479//6781 3488//6781
f  3488//6782 3479//6782 3481//6782
f  3488//6783 3481//6783 3490//6783
f  3490//6784 3481//6784 3482//6784
f  3490//6785 3482//6785 3492//6785
f  3492//6786 3482//6786 3483//6786
f  3492//6787 3483//6787 3494//6787
f  3494//6788 3483//6788 3484//6788
f  3494//6789 3484//6789 3496//6789
f  3496//6790 3484//6790 3485//6790
f  3496//6791 3485//6791 3498//6791
f  3498//6792 3485//6792 3486//6792
f  3498//6793 3486//6793 3455//6793
f  3455//6794 3486//6794 3480//6794
f  3455//6795 3480//6795 3389//6795
f  3389//6796 3480//6796 3388//6796
f  3423//6797 3411//6797 3443//6797
f  3443//6798 3411//6798 3466//6798
f  3443//6799 3466//6799 3497//6799
f  3497//6800 3466//6800 3467//6800
f  3497//6801 3467//6801 3495//6801
f  3495//6802 3467//6802 3468//6802
f  3495//6803 3468//6803 3493//6803
f  3493//6804 3468//6804 3469//6804
f  3493//6805 3469//6805 3491//6805
f  3491//6806 3469//6806 3470//6806
f  3491//6807 3470//6807 3489//6807
f  3489//6808 3470//6808 3471//6808
f  3489//6809 3471//6809 3487//6809
f  3487//6810 3471//6810 3472//6810
f  3487//6811 3472//6811 3479//6811
f  3479//6812 3472//6812 3473//6812
f  3479//6813 3473//6813 3476//6813
f  3476//6814 3473//6814 3447//6814
f  3476//6815 3447//6815 3474//6815
f  3474//6816 3447//6816 3359//6816
f  3474//6817 3359//6817 3361//6817

# Mesh 'right_index_2-2' with 481 faces
g right_index_2-2
usemtl white metal
f  3499//6818 3500//6818 3501//6818
f  3501//6818 3500//6818 3502//6818
f  3501//6819 3502//6819 3503//6819
f  3503//6820 3502//6820 3504//6820
f  3503//6821 3504//6821 3505//6821
f  3505//6821 3504//6821 3506//6821
f  3499//6822 3507//6822 3500//6822
f  3500//6822 3507//6822 3508//6822
f  3509//6823 3510//6823 3511//6823
f  3511//6824 3510//6824 3512//6824
f  3511//6824 3512//6824 3513//6824
f  3514//6825 3515//6825 3516//6825
f  3514//6826 3516//6826 3517//6826
f  3517//6827 3516//6827 3518//6827
f  3517//6828 3518//6828 3519//6828
f  3519//6829 3518//6829 3520//6829
f  3519//6830 3520//6830 3509//6830
f  3509//6831 3520//6831 3521//6831
f  3509//6823 3521//6823 3510//6823
f  3513//6832 3512//6832 3522//6832
f  3522//6832 3512//6832 3523//6832
f  3524//6833 3525//6833 3526//6833
f  3524//6834 3526//6834 3527//6834
f  3527//6835 3526//6835 3528//6835
f  3527//6836 3528//6836 3529//6836
f  3522//6837 3523//6837 3530//6837
f  3530//6837 3523//6837 3531//6837
f  3530//6838 3531//6838 3532//6838
f  3532//6838 3531//6838 3533//6838
f  3532//6839 3533//6839 3529//6839
f  3529//6840 3533//6840 3534//6840
f  3529//6841 3534//6841 3527//6841
f  3535//934 3528//934 3526//934
f  3517//934 3536//934 3514//934
f  3537//933 3538//933 3539//933
f  3540//933 3538//933 3541//933
f  3541//933 3538//933 3542//933
f  3541//933 3542//933 3543//933
f  3543//933 3542//933 3544//933
f  3543//933 3544//933 3275//933
f  3275//933 3544//933 3545//933
f  3275//933 3545//933 3274//933
f  3274//933 3545//933 3546//933
f  3244//933 3547//933 3548//933
f  3548//933 3547//933 3549//933
f  3548//933 3549//933 3550//933
f  3550//933 3549//933 3551//933
f  3550//933 3551//933 3552//933
f  3548//933 3553//933 3244//933
f  3244//933 3553//933 3554//933
f  3244//933 3554//933 3239//933
f  3239//933 3554//933 3543//933
f  3239//6842 3543//6842 3240//6842
f  3240//6843 3543//6843 3275//6843
f  3539//933 3538//933 3555//933
f  3555//933 3538//933 3540//933
f  3555//933 3540//933 3556//933
f  3556//933 3540//933 3557//933
f  3556//933 3557//933 3558//933
f  3558//933 3557//933 3559//933
f  3558//933 3559//933 3560//933
f  3561//933 3562//933 3563//933
f  3563//933 3562//933 3564//933
f  3563//933 3564//933 3565//933
f  3565//933 3564//933 3566//933
f  3565//933 3566//933 3567//933
f  3567//933 3566//933 3507//933
f  3567//933 3507//933 3546//933
f  3546//933 3507//933 3499//933
f  3537//933 3539//933 3568//933
f  3568//933 3539//933 3569//933
f  3568//933 3569//933 3570//933
f  3570//933 3569//933 3571//933
f  3570//933 3571//933 3572//933
f  3572//933 3571//933 3573//933
f  3572//933 3573//933 3561//933
f  3561//933 3573//933 3574//933
f  3561//933 3574//933 3562//933
f  3560//933 3559//933 3575//933
f  3575//933 3559//933 3576//933
f  3575//933 3576//933 3577//933
f  3499//933 3501//933 3546//933
f  3546//933 3501//933 3503//933
f  3546//933 3503//933 3274//933
f  3274//933 3503//933 3505//933
f  3274//933 3505//933 698//933
f  698//933 3505//933 699//933
f  3576//933 3578//933 3577//933
f  3577//6844 3578//6844 3579//6844
f  3577//933 3579//933 3580//933
f  3580//933 3579//933 3552//933
f  3580//933 3552//933 3581//933
f  3581//933 3552//933 3551//933
f  3582//932 3583//932 3584//932
f  3584//932 3583//932 3585//932
f  3585//932 3583//932 3586//932
f  3585//932 3586//932 3587//932
f  3587//932 3586//932 3588//932
f  3587//932 3588//932 3589//932
f  3590//932 3591//932 3592//932
f  3592//932 3591//932 3593//932
f  3592//932 3593//932 3594//932
f  3594//932 3593//932 3595//932
f  3594//932 3595//932 3596//932
f  3595//932 3597//932 3596//932
f  3596//932 3597//932 3598//932
f  3596//932 3598//932 3599//932
f  3599//932 3598//932 3600//932
f  3599//932 3600//932 3601//932
f  3602//932 3603//932 3604//932
f  3604//932 3603//932 3605//932
f  3604//932 3605//932 3590//932
f  3590//932 3605//932 3606//932
f  3590//932 3606//932 3591//932
f  3238//932 3607//932 3242//932
f  3242//932 3607//932 3608//932
f  3242//932 3608//932 3609//932
f  3584//932 3610//932 3582//932
f  3582//932 3610//932 3603//932
f  3582//932 3603//932 3611//932
f  3611//932 3603//932 3602//932
f  3611//932 3602//932 3609//932
f  3609//932 3602//932 3612//932
f  3600//932 3613//932 3601//932
f  3601//932 3613//932 3614//932
f  3601//932 3614//932 3615//932
f  3615//932 3614//932 3616//932
f  3615//932 3616//932 3617//932
f  3617//932 3616//932 3242//932
f  3617//932 3242//932 3618//932
f  3618//932 3242//932 3609//932
f  3618//932 3609//932 3619//932
f  3619//932 3609//932 3612//932
f  3589//932 3588//932 3620//932
f  3620//932 3588//932 3621//932
f  3620//932 3621//932 3622//932
f  3622//932 3621//932 3623//932
f  3622//932 3623//932 3624//932
f  3625//932 3607//932 3626//932
f  3626//932 3607//932 3238//932
f  3626//932 3238//932 3627//932
f  3627//932 3238//932 739//932
f  3627//932 739//932 738//932
f  3623//932 3233//932 3624//932
f  3624//932 3233//932 3232//932
f  3624//932 3232//932 3628//932
f  3628//932 3232//932 3625//932
f  3628//932 3625//932 3629//932
f  3629//932 3625//932 3626//932
f  3547//6845 3630//6845 3631//6845
f  3547//6845 3631//6845 3549//6845
f  3549//6846 3631//6846 3632//6846
f  3549//6846 3632//6846 3551//6846
f  3633//6845 3616//6845 3614//6845
f  3633//6845 3614//6845 3634//6845
f  3634//6846 3614//6846 3613//6846
f  3634//6846 3613//6846 3635//6846
f  3617//6847 3618//6847 3636//6847
f  3636//6848 3618//6848 3619//6848
f  3636//6849 3619//6849 3637//6849
f  3637//6197 3619//6197 3612//6197
f  3637//6850 3612//6850 3638//6850
f  3638//6850 3612//6850 3602//6850
f  3638//6851 3602//6851 3639//6851
f  3639//6851 3602//6851 3604//6851
f  3639//6852 3604//6852 3640//6852
f  3640//6852 3604//6852 3590//6852
f  3640//6853 3590//6853 3641//6853
f  3641//6853 3590//6853 3592//6853
f  3641//6854 3592//6854 3642//6854
f  3642//6854 3592//6854 3594//6854
f  3642//6855 3594//6855 3643//6855
f  3643//6855 3594//6855 3596//6855
f  3643//6856 3596//6856 3644//6856
f  3644//6856 3596//6856 3599//6856
f  3644//6857 3599//6857 3645//6857
f  3645//6857 3599//6857 3601//6857
f  3645//6858 3601//6858 3646//6858
f  3646//6858 3601//6858 3615//6858
f  3646//6859 3615//6859 3647//6859
f  3647//6859 3615//6859 3617//6859
f  3647//6860 3617//6860 3636//6860
f  3552//6856 3579//6856 3648//6856
f  3648//6861 3579//6861 3578//6861
f  3648//6862 3578//6862 3649//6862
f  3649//6863 3578//6863 3576//6863
f  3649//6854 3576//6854 3650//6854
f  3650//6854 3576//6854 3559//6854
f  3650//6853 3559//6853 3651//6853
f  3651//6853 3559//6853 3557//6853
f  3651//6852 3557//6852 3652//6852
f  3652//6852 3557//6852 3540//6852
f  3652//6851 3540//6851 3653//6851
f  3653//6851 3540//6851 3541//6851
f  3653//6850 3541//6850 3654//6850
f  3654//6850 3541//6850 3543//6850
f  3654//6864 3543//6864 3655//6864
f  3655//6864 3543//6864 3554//6864
f  3655//6847 3554//6847 3656//6847
f  3656//6847 3554//6847 3553//6847
f  3656//6859 3553//6859 3657//6859
f  3657//6859 3553//6859 3548//6859
f  3657//6858 3548//6858 3658//6858
f  3658//6858 3548//6858 3550//6858
f  3658//6857 3550//6857 3659//6857
f  3659//6857 3550//6857 3552//6857
f  3659//6856 3552//6856 3648//6856
f  3551//6865 3632//6865 3660//6865
f  3551//6865 3660//6865 3581//6865
f  3581//6866 3660//6866 3661//6866
f  3581//6866 3661//6866 3580//6866
f  3635//6865 3613//6865 3600//6865
f  3635//6865 3600//6865 3662//6865
f  3662//6866 3600//6866 3598//6866
f  3662//6866 3598//6866 3663//6866
f  3664//6867 3610//6867 3584//6867
f  3664//6867 3584//6867 3665//6867
f  3665//6868 3584//6868 3585//6868
f  3665//6868 3585//6868 3666//6868
f  3666//6869 3585//6869 3587//6869
f  3666//6869 3587//6869 3667//6869
f  3667//6870 3587//6870 3589//6870
f  3667//6870 3589//6870 3668//6870
f  3668//6871 3589//6871 3620//6871
f  3668//6871 3620//6871 3669//6871
f  3669//6872 3620//6872 3622//6872
f  3669//6872 3622//6872 3670//6872
f  3670//6873 3622//6873 3624//6873
f  3670//6873 3624//6873 3671//6873
f  3672//6874 3606//6874 3673//6874
f  3673//6874 3606//6874 3605//6874
f  3673//6875 3605//6875 3674//6875
f  3674//6875 3605//6875 3603//6875
f  3674//6876 3603//6876 3664//6876
f  3664//6876 3603//6876 3610//6876
f  3663//6877 3598//6877 3597//6877
f  3663//6877 3597//6877 3675//6877
f  3675//6878 3597//6878 3595//6878
f  3675//6878 3595//6878 3676//6878
f  3676//6879 3595//6879 3593//6879
f  3676//6879 3593//6879 3677//6879
f  3677//6880 3593//6880 3591//6880
f  3677//6880 3591//6880 3678//6880
f  3678//6881 3591//6881 3606//6881
f  3678//6881 3606//6881 3672//6881
f  3569//6867 3679//6867 3680//6867
f  3569//6867 3680//6867 3571//6867
f  3571//6868 3680//6868 3681//6868
f  3571//6868 3681//6868 3573//6868
f  3573//6869 3681//6869 3682//6869
f  3573//6869 3682//6869 3574//6869
f  3574//6870 3682//6870 3683//6870
f  3574//6870 3683//6870 3562//6870
f  3562//6871 3683//6871 3684//6871
f  3562//6871 3684//6871 3564//6871
f  3564//6872 3684//6872 3685//6872
f  3564//6872 3685//6872 3566//6872
f  3566//6873 3685//6873 3508//6873
f  3566//6873 3508//6873 3507//6873
f  3556//6874 3686//6874 3555//6874
f  3555//6874 3686//6874 3687//6874
f  3555//6875 3687//6875 3539//6875
f  3539//6875 3687//6875 3688//6875
f  3539//6876 3688//6876 3569//6876
f  3569//6876 3688//6876 3679//6876
f  3580//6877 3661//6877 3689//6877
f  3580//6877 3689//6877 3577//6877
f  3577//6878 3689//6878 3690//6878
f  3577//6878 3690//6878 3575//6878
f  3575//6879 3690//6879 3691//6879
f  3575//6879 3691//6879 3560//6879
f  3560//6880 3691//6880 3692//6880
f  3560//6880 3692//6880 3558//6880
f  3558//6881 3692//6881 3686//6881
f  3558//6881 3686//6881 3556//6881
f  3693//6818 3628//6818 3694//6818
f  3694//6818 3628//6818 3629//6818
f  3694//6820 3629//6820 3695//6820
f  3695//6820 3629//6820 3626//6820
f  3695//6821 3626//6821 3234//6821
f  3234//6821 3626//6821 3627//6821
f  3510//6882 3521//6882 3244//6882
f  3244//6882 3521//6882 3520//6882
f  3524//6882 3527//6882 3242//6882
f  3242//6882 3527//6882 3534//6882
f  3242//6882 3534//6882 3533//6882
f  3533//6882 3531//6882 3242//6882
f  3242//6882 3531//6882 3523//6882
f  3242//6882 3523//6882 3244//6882
f  3244//6882 3523//6882 3512//6882
f  3244//6882 3512//6882 3510//6882
f  3520//6882 3518//6882 3244//6882
f  3244//6882 3518//6882 3516//6882
f  3244//6882 3516//6882 3547//6882
f  3547//6882 3516//6882 3515//6882
f  3547//6882 3515//6882 3630//6882
f  3524//6882 3242//6882 3525//6882
f  3525//6882 3242//6882 3616//6882
f  3525//6882 3616//6882 3633//6882
f  3607//6847 3625//6847 3696//6847
f  3696//6848 3625//6848 3232//6848
f  3696//6849 3232//6849 3231//6849
f  3231//6850 3233//6850 3697//6850
f  3697//6850 3233//6850 3623//6850
f  3697//6851 3623//6851 3698//6851
f  3698//6851 3623//6851 3621//6851
f  3698//6852 3621//6852 3699//6852
f  3699//6852 3621//6852 3588//6852
f  3699//6853 3588//6853 3700//6853
f  3700//6853 3588//6853 3586//6853
f  3700//6883 3586//6883 3701//6883
f  3701//6883 3586//6883 3583//6883
f  3701//6855 3583//6855 3702//6855
f  3702//6855 3583//6855 3582//6855
f  3702//6856 3582//6856 3703//6856
f  3703//6856 3582//6856 3611//6856
f  3703//6857 3611//6857 3704//6857
f  3704//6857 3611//6857 3609//6857
f  3704//6858 3609//6858 3705//6858
f  3705//6858 3609//6858 3608//6858
f  3705//6859 3608//6859 3706//6859
f  3706//6859 3608//6859 3607//6859
f  3706//6847 3607//6847 3696//6847
f  3538//6856 3537//6856 3707//6856
f  3707//6861 3537//6861 3568//6861
f  3707//6862 3568//6862 3708//6862
f  3708//6863 3568//6863 3570//6863
f  3708//6883 3570//6883 3709//6883
f  3709//6883 3570//6883 3572//6883
f  3709//6853 3572//6853 3710//6853
f  3710//6853 3572//6853 3561//6853
f  3710//6852 3561//6852 3711//6852
f  3711//6852 3561//6852 3563//6852
f  3711//6851 3563//6851 3712//6851
f  3712//6851 3563//6851 3565//6851
f  3712//6850 3565//6850 3713//6850
f  3713//6850 3565//6850 3567//6850
f  3713//6864 3567//6864 3714//6864
f  3714//6864 3567//6864 3546//6864
f  3714//6847 3546//6847 3715//6847
f  3715//6847 3546//6847 3545//6847
f  3715//6859 3545//6859 3716//6859
f  3716//6859 3545//6859 3544//6859
f  3716//6858 3544//6858 3717//6858
f  3717//6858 3544//6858 3542//6858
f  3717//6857 3542//6857 3718//6857
f  3718//6857 3542//6857 3538//6857
f  3718//6856 3538//6856 3707//6856
f  3671//6822 3624//6822 3693//6822
f  3693//6822 3624//6822 3628//6822
f  3514//932 3714//932 3715//932
f  3280//932 755//932 3536//932
f  3536//932 755//932 743//932
f  3536//932 743//932 3514//932
f  3651//932 3692//932 3650//932
f  3650//932 3692//932 3691//932
f  3650//932 3691//932 3649//932
f  3649//932 3691//932 3690//932
f  3649//932 3690//932 3648//932
f  3690//932 3689//932 3648//932
f  3648//932 3689//932 3661//932
f  3648//932 3661//932 3659//932
f  3659//932 3661//932 3660//932
f  3659//932 3660//932 3658//932
f  3710//932 3682//932 3709//932
f  3709//932 3682//932 3681//932
f  3709//932 3681//932 3708//932
f  3708//932 3681//932 3680//932
f  3708//932 3680//932 3707//932
f  3515//932 3514//932 3654//932
f  3278//932 3506//932 743//932
f  743//932 3506//932 3504//932
f  743//932 3504//932 3514//932
f  3514//932 3504//932 3502//932
f  3514//932 3502//932 3714//932
f  3714//932 3502//932 3500//932
f  3714//932 3500//932 3713//932
f  3713//932 3500//932 3508//932
f  3713//932 3508//932 3712//932
f  3712//932 3508//932 3685//932
f  3712//932 3685//932 3711//932
f  3711//932 3685//932 3684//932
f  3711//932 3684//932 3710//932
f  3710//932 3684//932 3683//932
f  3710//932 3683//932 3682//932
f  3653//932 3717//932 3652//932
f  3652//932 3717//932 3718//932
f  3652//932 3718//932 3707//932
f  3653//932 3654//932 3717//932
f  3717//932 3654//932 3514//932
f  3717//932 3514//932 3716//932
f  3716//932 3514//932 3715//932
f  3654//932 3655//932 3515//932
f  3515//932 3655//932 3656//932
f  3515//932 3656//932 3630//932
f  3630//932 3656//932 3657//932
f  3630//932 3657//932 3631//932
f  3631//932 3657//932 3658//932
f  3631//932 3658//932 3632//932
f  3632//932 3658//932 3660//932
f  3680//932 3679//932 3707//932
f  3707//932 3679//932 3688//932
f  3707//932 3688//932 3652//932
f  3652//932 3688//932 3687//932
f  3652//932 3687//932 3651//932
f  3651//932 3687//932 3686//932
f  3651//932 3686//932 3692//932
f  748//933 753//933 3535//933
f  3535//933 753//933 3279//933
f  3703//933 3704//933 3638//933
f  3525//933 3633//933 3646//933
f  3646//933 3633//933 3634//933
f  3646//933 3634//933 3645//933
f  3645//933 3634//933 3635//933
f  3645//933 3635//933 3644//933
f  3637//933 3526//933 3636//933
f  3636//933 3526//933 3525//933
f  3636//933 3525//933 3647//933
f  3647//933 3525//933 3646//933
f  3635//933 3662//933 3644//933
f  3644//933 3662//933 3663//933
f  3644//933 3663//933 3643//933
f  3643//933 3663//933 3675//933
f  3643//933 3675//933 3642//933
f  3642//933 3675//933 3676//933
f  3642//933 3676//933 3641//933
f  3234//933 748//933 3695//933
f  3695//933 748//933 3696//933
f  3695//933 3696//933 3694//933
f  3699//933 3668//933 3698//933
f  3698//933 3668//933 3669//933
f  3698//933 3669//933 3697//933
f  3697//933 3669//933 3670//933
f  3697//933 3670//933 3231//933
f  3231//933 3670//933 3671//933
f  3231//933 3671//933 3696//933
f  3696//933 3671//933 3693//933
f  3696//933 3693//933 3694//933
f  3637//933 3638//933 3526//933
f  3526//933 3638//933 3704//933
f  3526//933 3704//933 3535//933
f  3535//933 3704//933 3705//933
f  3535//933 3705//933 748//933
f  748//933 3705//933 3706//933
f  748//933 3706//933 3696//933
f  3676//933 3677//933 3641//933
f  3641//933 3677//933 3678//933
f  3641//933 3678//933 3640//933
f  3640//933 3678//933 3672//933
f  3640//933 3672//933 3639//933
f  3639//933 3672//933 3673//933
f  3639//933 3673//933 3674//933
f  3638//933 3639//933 3703//933
f  3703//933 3639//933 3674//933
f  3703//933 3674//933 3702//933
f  3702//933 3674//933 3664//933
f  3702//933 3664//933 3701//933
f  3701//933 3664//933 3665//933
f  3701//933 3665//933 3700//933
f  3700//933 3665//933 3666//933
f  3700//933 3666//933 3699//933
f  3699//933 3666//933 3667//933
f  3699//933 3667//933 3668//933
f  3235//934 3234//934 3627//934
f  3505//934 3506//934 699//934
f  699//934 3506//934 3278//934
f  738//934 740//934 3627//934
f  3627//934 740//934 693//934
f  3627//934 693//934 3235//934
f  3536//6884 3517//6884 3280//6884
f  3280//6884 3517//6884 3519//6884
f  3280//6884 3519//6884 3509//6884
f  3528//6884 3535//6884 3529//6884
f  3529//6884 3535//6884 3279//6884
f  3529//6884 3279//6884 3532//6884
f  3532//6884 3279//6884 3530//6884
f  3509//6884 3511//6884 3280//6884
f  3280//6884 3511//6884 3513//6884
f  3280//6884 3513//6884 3279//6884
f  3279//6884 3513//6884 3522//6884
f  3279//6884 3522//6884 3530//6884

