# File produced by Open Asset Import Library (http://www.assimp.sf.net)
# (assimp v5.3.0)

mtllib middle2.mtl

# 3627 vertex positions
v -0.00641699182 0.0337027386 -0.00565013196
v -0.00644032424 0.0336936116 -0.00569496956
v -0.00639621401 0.0335828662 -0.00552295055
v -0.00648251595 0.033603929 -0.00610048836
v -0.00647992175 0.033596959 -0.00600044755
v -0.00649216725 0.0336371474 -0.00610048836
v -0.0064790966 0.0336495638 -0.00582062174
v -0.00649695517 0.0336714648 -0.00610048836
v -0.00646406366 0.0336843319 -0.00576353725
v -0.00642784918 0.0335117131 -0.00558312889
v -0.00622518128 0.033630468 -0.00540606771
v -0.00627312623 0.0337590091 -0.00555657502
v -0.00633309549 0.033646144 -0.00548282545
v -0.0063236854 0.0337392315 -0.00556550641
v -0.00636816537 0.0337218344 -0.00559231732
v -0.00613880064 0.0333941616 -0.0052567767
v -0.00629023975 0.0335304886 -0.00537403021
v -0.006441148 0.0334922336 -0.00571873132
v -0.00619084854 0.03325551 -0.0052429596
v -0.00624210667 0.0333986245 -0.00529296976
v -0.00631172722 0.0333521627 -0.00534539949
v -0.00635277573 0.033305537 -0.0054240888
v -0.00636816537 0.0332913958 -0.00553024281
v -0.00628551096 0.0330565199 -0.0054685357
v -0.00625514798 0.0330667794 -0.0053403317
v -0.00621565059 0.0330803208 -0.00528250961
v -0.00617667241 0.0330937207 -0.00524771353
v -0.00613876153 0.0331067815 -0.00522574177
v -0.00607544184 0.0331286378 -0.00520774303
v -0.00604826165 0.0331380367 -0.00520610763
v -0.00631172722 0.0333521627 -0.00685557676
v -0.00635277573 0.033305537 -0.0067768856
v -0.00642784918 0.0335117131 -0.00661784736
v -0.00646406366 0.0336843319 -0.00643743714
v -0.00644032424 0.0336936116 -0.0065060067
v -0.00639621401 0.0335828662 -0.0066780257
v -0.00641699182 0.0337027386 -0.00655084243
v -0.00636816537 0.0337218344 -0.00660865894
v -0.00633309549 0.033646144 -0.00671814894
v -0.0063236854 0.0337392315 -0.00663546799
v -0.00627312623 0.0337590091 -0.00664439937
v -0.00624797773 0.033691816 -0.00673211878
v -0.0064790966 0.0336495638 -0.00638035452
v -0.00647992175 0.033596959 -0.00620052917
v -0.006441148 0.0334922336 -0.00648224493
v -0.00636816537 0.0332913958 -0.00667073159
v -0.00607544184 0.0331286378 -0.00699323416
v -0.00613876153 0.0331067815 -0.00697523355
v -0.00619084854 0.03325551 -0.0069580148
v -0.00617667241 0.0330937207 -0.00695326179
v -0.00628551096 0.0330565199 -0.00673243962
v -0.00625514798 0.0330667794 -0.00686064363
v -0.00621565059 0.0330803208 -0.00691846758
v -0.00624210667 0.0333986245 -0.00690800464
v -0.00629023975 0.0335304886 -0.00682694418
v -0.00617237948 0.0334868096 -0.00689961901
v -0.00610178337 0.0332907103 -0.00697683869
v -0.00604826165 0.0331380367 -0.00699486956
v -0.00617828593 0.0336477868 -0.00540617015
v -0.00622657314 0.033777222 -0.00555767212
v -0.00609174185 0.0334110484 -0.00525693875
v -0.00600101473 0.0331543684 -0.00520631997
v -0.00600101473 0.0331543684 -0.00699465536
v -0.00612538261 0.0335038751 -0.00689947931
v -0.0062265587 0.0337772295 -0.00664322963
v -0.0118473498 0.0483953394 -0.00899116695
v -0.0117996261 0.0484102704 -0.00899078511
v -0.0118219368 0.0483140834 -0.00898600742
v -0.0117724678 0.0483234078 -0.00898477063
v -0.0118191466 0.0483051576 -0.0089847222
v -0.0118748415 0.0483867563 -0.00898962282
v -0.0119037488 0.0482902676 -0.00897102058
v -0.0119286682 0.0483699702 -0.00897607952
v -0.0119714104 0.0482737944 -0.00893131085
v -0.0120308474 0.0482633971 -0.00886158645
v -0.0120069636 0.0483456776 -0.00892524049
v -0.011977098 0.0483549237 -0.00895001553
v -0.0120708058 0.0482668206 -0.00872590207
v -0.0120877801 0.0483211055 -0.00872932747
v -0.012065704 0.0482632667 -0.00876982883
v -0.0120863775 0.0483214557 -0.00875601545
v -0.0120566711 0.048330389 -0.00885760412
v -0.0120443301 0.0482170694 -0.0087914411
v -0.0120540746 0.0482132621 -0.00871581025
v -0.0120104756 0.0482303165 -0.00887129083
v -0.0119582284 0.0482507423 -0.00893225893
v -0.0118928375 0.0482763313 -0.00897108763
v -0.00634396309 0.033341594 -0.00999044441
v -0.00634804508 0.033353474 -0.00996678136
v -0.00638064835 0.0334494077 -0.0101290252
v -0.00628856709 0.0331891626 -0.00988002308
v -0.00626592897 0.0331292823 -0.00983528793
v -0.00629629241 0.0332111381 -0.00986125972
v -0.00609381823 0.0331089087 -0.00960022677
v -0.00613513449 0.0332201533 -0.00961050205
v -0.00620481698 0.0331844278 -0.00966322608
v -0.00603843061 0.0331296176 -0.00958314911
v -0.00601183204 0.033139497 -0.00958054978
v -0.0060932273 0.0333587229 -0.009623616
v -0.00622779923 0.0337305181 -0.0100250235
v -0.00624011643 0.0337719209 -0.0101780156
v -0.0063042026 0.0336850919 -0.0100340238
v -0.0062495647 0.0337682255 -0.0101791183
v -0.00626312988 0.0337629169 -0.010187014
v -0.00627876911 0.0337568074 -0.010204901
v -0.00629174896 0.0337517262 -0.0102318106
v -0.00631638244 0.0337359607 -0.0103128515
v -0.00625517918 0.033545617 -0.0098006418
v -0.00617757812 0.0335879475 -0.00978607871
v -0.00621589599 0.0336953364 -0.00994444266
v -0.00605765916 0.0331224501 -0.00958721992
v -0.0062374454 0.03305218 -0.00985459518
v -0.00621178839 0.0330636017 -0.00972283259
v -0.00625076611 0.0331523754 -0.00974289235
v -0.00617588405 0.0330777057 -0.00966472086
v -0.00613690075 0.0330926366 -0.00962659344
v -0.00637508556 0.0334344208 -0.0101568764
v -0.00638781954 0.033484105 -0.0103232376
v -0.00637635076 0.0334582627 -0.010387064
v -0.00636725873 0.033452224 -0.0105198696
v -0.00633597746 0.0333822593 -0.0106147304
v -0.00619142409 0.0330521576 -0.0108214226
v -0.0062243375 0.0331322439 -0.010809957
v -0.0062234099 0.0331370942 -0.01083575
v -0.00626567286 0.0332285464 -0.0107694399
v -0.0062582274 0.0332183316 -0.0108042937
v -0.00632155128 0.0333587825 -0.0106889121
v -0.0060364143 0.0333678089 -0.0110230781
v -0.0059419414 0.0331476331 -0.0110740224
v -0.00597036025 0.0331360176 -0.0110743819
v -0.00607585721 0.0332362466 -0.0110466573
v -0.00612742081 0.0333535634 -0.0110018905
v -0.00604747841 0.0333925635 -0.0110111888
v -0.00612482987 0.0335608721 -0.0108875837
v -0.00622095959 0.0335560814 -0.0108369002
v -0.00614346238 0.0336002037 -0.0108441506
v -0.00625985721 0.0337642021 -0.0104310457
v -0.00624466315 0.0337701477 -0.0104403812
v -0.00628759945 0.0336905308 -0.010594775
v -0.00630295277 0.0337473489 -0.0102915298
v -0.00629547378 0.0337502696 -0.010366152
v -0.00627736934 0.0337573513 -0.0104099642
v -0.00619318848 0.033702068 -0.0106828511
v -0.00621112902 0.0337368883 -0.0105971107
v -0.00623269705 0.0337748192 -0.0104419775
v -0.00634838315 0.0334180892 -0.00989864022
v -0.00638760114 0.0335318334 -0.0100905541
v -0.0063966657 0.0335730277 -0.0103201969
v -0.00637256121 0.0335353427 -0.0105526932
v -0.00631814823 0.0334247462 -0.0107526379
v -0.00624240143 0.0332584791 -0.0108891986
v -0.00620073313 0.0331622884 -0.0109264441
v -0.00615229178 0.0330647863 -0.0109534245
v -0.00631588371 0.0334860347 -0.00983976293
v -0.00636094762 0.0336152017 -0.0100568915
v -0.00637181895 0.0336621292 -0.0103165265
v -0.00634480501 0.0336196348 -0.0105792684
v -0.00628295075 0.0334944911 -0.0108051496
v -0.00619643787 0.0333062112 -0.0109593431
v -0.00614880258 0.0331972353 -0.0110013308
v -0.00610129023 0.0330839381 -0.0110173961
v -0.0062867403 0.0332493931 -0.00977370795
v -0.00624563824 0.0332945436 -0.00969823729
v -0.00617917441 0.0333389789 -0.00964830816
v -0.00616453215 0.0335521288 -0.00974935852
v -0.00621976797 0.033448875 -0.009712575
v -0.00602441793 0.0331141837 -0.0110635934
v -0.00603224337 0.0331110507 -0.0110607082
v -0.00606911583 0.033096455 -0.0110419514
v -0.00589582464 0.0331665464 -0.0110700894
v -0.00601648865 0.033445131 -0.0109899528
v -0.0060787322 0.033580061 -0.0108848428
v -0.00618599728 0.0337931961 -0.0104434667
v -0.00618296443 0.0337881185 -0.0104743354
v -0.00620920956 0.0337840132 -0.0104422122
v -0.0061238776 0.0336741954 -0.0107657323
v -0.00621673977 0.0337810665 -0.0101768151
v -0.00611790316 0.0335702747 -0.00974811334
v -0.00615215162 0.0336646996 -0.00985910464
v -0.00619363831 0.03379016 -0.0101745604
v -0.00607999973 0.0334673114 -0.00966868643
v -0.00598898763 0.0332215652 -0.00958217308
v -0.00596498279 0.0331568867 -0.00957902428
v -0.00578927668 0.0326934196 -0.00981312897
v -0.00572202541 0.0325442106 -0.010119075
v -0.00577075779 0.032591112 -0.00940827746
v -0.0117523335 0.0495010354 -0.0129997237
v -0.0117252199 0.049518656 -0.0130705107
v -0.0112213362 0.047817532 -0.0130624035
v -0.00882214122 0.041005969 -0.0130698355
v -0.00877247378 0.0408801213 -0.0130699063
v -0.00879143737 0.0404128246 -0.0123835681
v -0.00617334712 0.0336920843 -0.00937570352
v -0.00622470723 0.0337779522 -0.00747661619
v -0.00621571066 0.0337814651 -0.00885266252
v -0.005834335 0.0326450169 -0.00678182207
v -0.0058807279 0.0327932164 -0.00689518452
v -0.00592421414 0.0329271071 -0.0069569163
v -0.00565599091 0.0320047364 -0.00610048883
v -0.00575355487 0.032369379 -0.00610048883
v -0.00577429496 0.0324427336 -0.00647871569
v -0.00556626171 0.0316554904 -0.00747492351
v -0.00557621289 0.0316524804 -0.00610048883
v -0.005502549 0.0316747017 -0.00944684912
v -0.005466267 0.031686645 -0.010028908
v -0.00526817143 0.0317927897 -0.0117845712
v -0.00532112177 0.0317347609 -0.0113998633
v -0.00563938217 0.0326092541 -0.0113860127
v -0.0052558789 0.031823799 -0.0118910763
v -0.00544459885 0.0330875777 -0.0130714001
v -0.00532092014 0.0327428952 -0.012966047
v -0.00596103491 0.0337374955 -0.0124693457
v -0.00523333577 0.0323415473 -0.0127050448
v -0.00522155873 0.0320374928 -0.0123411715
v -0.0069551901 0.0360087827 -0.0124166328
v -0.00635987613 0.0350299776 -0.013077002
v -0.00574292801 0.033712659 -0.0130963726
v -0.00696427794 0.0364933498 -0.0130733214
v -0.00654382212 0.0354735628 -0.0130758341
v -0.0100245019 0.044226177 -0.0130679449
v -0.0119215986 0.0493838079 -0.0123389307
v -0.011991282 0.0492565259 -0.0115033137
v -0.0117067434 0.0483491197 -0.0115978988
v -0.0120261954 0.0492760353 -0.0109954374
v -0.0117294388 0.0483402461 -0.0112043126
v -0.012061229 0.049338419 -0.0105295824
v -0.0117663508 0.0483258031 -0.00968365092
v -0.011770105 0.0483243242 -0.00930447038
v -0.0120578827 0.0492601432 -0.00941567216
v -0.0120666688 0.0493250974 -0.0101353172
v -0.0118859774 0.0486861914 -0.00893005542
v -0.0119595183 0.0489205867 -0.00875978917
v -0.0120746009 0.04929078 -0.00843264535
v -0.0120088067 0.0490764529 -0.0085032396
v -0.012079238 0.0493037924 -0.00828333199
v -0.0120272376 0.0491323546 -0.00820144452
v -0.0120796673 0.0493050069 -0.00826917402
v -0.0120878322 0.04932696 -0.00784549117
v -0.0120111797 0.0490766503 -0.00789983571
v -0.0120873749 0.0493189655 -0.0061004865
v -0.0119639905 0.0489211716 -0.00764365448
v -0.0118919872 0.0486873761 -0.00747366063
v -0.0119343568 0.0488208756 -0.00610048696
v -0.0118063241 0.0484120399 -0.00741289556
v -0.0117786797 0.0483209826 -0.00610048696
v -0.0117778881 0.0483212918 -0.0074193608
v -0.0116217528 0.0483745672 -0.0123265162
v -0.0112562478 0.0472265184 -0.0123302788
v -0.011000772 0.0461617596 -0.0115978988
v -0.0104902824 0.0449391715 -0.0123489127
v -0.0100550475 0.0434487313 -0.0115978988
v -0.00903015584 0.0407645479 -0.0115978997
v -0.00793620106 0.0381079204 -0.0115978997
v -0.00610028021 0.0336977802 -0.0113225989
v -0.0058759409 0.03311757 -0.0110686049
v -0.00569544733 0.032532353 -0.0104733706
v -0.00571784191 0.0326581672 -0.0107875392
v -0.0057745548 0.0328454785 -0.0109739136
v -0.00581838377 0.0329687931 -0.0110357422
v -0.006128476 0.0338155888 -0.0115979007
v -0.00682657305 0.0354579948 -0.0115978997
v -0.00587071432 0.0329042263 -0.00964214467
v -0.0118473498 0.0483953394 -0.00320980442
v -0.0118191466 0.0483051576 -0.00321625103
v -0.0117996261 0.0484102704 -0.00321018626
v -0.0117724678 0.0483234078 -0.00321623427
v -0.012065704 0.0482632667 -0.0034311444
v -0.0120708058 0.0482668206 -0.00347507116
v -0.0120540746 0.0482132621 -0.00348516298
v -0.0120308474 0.0482633971 -0.00333938678
v -0.0120863775 0.0483214557 -0.00344495592
v -0.0120877801 0.0483211055 -0.0034716439
v -0.0118748415 0.0483867563 -0.00321135041
v -0.0119286682 0.0483699702 -0.00322489184
v -0.0119037488 0.0482902676 -0.00322995079
v -0.011977098 0.0483549237 -0.0032509577
v -0.0119714104 0.0482737944 -0.00326966238
v -0.0120069636 0.0483456776 -0.00327573088
v -0.0120566711 0.048330389 -0.00334336725
v -0.0120443301 0.0482170694 -0.00340953213
v -0.0120104756 0.0482303165 -0.00332968053
v -0.0119582284 0.0482507423 -0.0032687143
v -0.0118928375 0.0482763313 -0.00322988373
v -0.0063147461 0.0334875658 -0.00236238819
v -0.00634799199 0.0334197059 -0.00230388436
v -0.00638735807 0.03353386 -0.00211129989
v -0.00597036025 0.0331360176 -0.00112659379
v -0.0059419414 0.0331476331 -0.00112695328
v -0.00603120215 0.0333560854 -0.00117273338
v -0.0062371036 0.0330527127 -0.00237465929
v -0.00626592804 0.0331296846 -0.00236781966
v -0.00625002431 0.0331530422 -0.00246018078
v -0.00618826691 0.0330527611 -0.00135093823
v -0.00622323109 0.0331375375 -0.00136309944
v -0.00619142409 0.0330521576 -0.00137955218
v -0.00625820272 0.0332191251 -0.00139469176
v -0.00626567286 0.0332285464 -0.00143153674
v -0.00632181205 0.0333601721 -0.00151056703
v -0.00633597746 0.0333822593 -0.0015862463
v -0.00636772718 0.0334540047 -0.00168033037
v -0.00637635076 0.0334582627 -0.00181391183
v -0.00638837228 0.0334860235 -0.00187779684
v -0.00638115406 0.0334511809 -0.00207283255
v -0.00637508556 0.0334344208 -0.00204409938
v -0.00634840224 0.03335483 -0.00223576557
v -0.00634396309 0.033341594 -0.00221053045
v -0.0062374454 0.03305218 -0.00234638061
v -0.00628856709 0.0331891626 -0.00232095364
v -0.00605765916 0.0331224501 -0.00261375587
v -0.00609184103 0.0331096537 -0.00260165613
v -0.00613321178 0.0332210436 -0.00259136315
v -0.00613690075 0.0330926366 -0.00257438142
v -0.00620340696 0.0331852473 -0.00253933761
v -0.00617588405 0.0330777057 -0.00253625493
v -0.00621178839 0.0330636017 -0.00247814227
v -0.00607727747 0.0333157182 -0.00259311218
v -0.00601183204 0.033139497 -0.00262042601
v -0.00603843061 0.0331296176 -0.00261782575
v -0.00617730571 0.0333400071 -0.00255351048
v -0.0062179463 0.0334500372 -0.00248916727
v -0.00615415536 0.0335237868 -0.00247694086
v -0.00626312988 0.0337629169 -0.00201396178
v -0.0062495647 0.0337682255 -0.00202185754
v -0.0063024899 0.0336865522 -0.00216735061
v -0.00627876911 0.0337568074 -0.0019960748
v -0.00617757812 0.0335879475 -0.00241489615
v -0.00625340408 0.033546906 -0.00240099896
v -0.00621084776 0.0336808451 -0.00228392798
v -0.00622779969 0.0337305255 -0.00217593741
v -0.00624011643 0.0337719135 -0.00202300493
v -0.00625985721 0.0337642021 -0.00176993094
v -0.00628588721 0.0336920209 -0.00160597905
v -0.00624466315 0.0337701477 -0.0017605935
v -0.00622330094 0.0337592103 -0.00167997263
v -0.00623269705 0.0337748192 -0.00175899721
v -0.00627736934 0.0337573513 -0.00179101236
v -0.00629547378 0.0337502696 -0.00183482363
v -0.00631470047 0.0337374844 -0.00188821077
v -0.00630295277 0.0337473489 -0.00190944492
v -0.00629174896 0.0337517262 -0.00196916517
v -0.00621917052 0.033557415 -0.00136359863
v -0.00617019413 0.0336556435 -0.00143338263
v -0.00621114438 0.0337369181 -0.00160395436
v -0.00604748586 0.0333925784 -0.00118979334
v -0.00611892622 0.0335483067 -0.00130099698
v -0.00614346238 0.0336002037 -0.00135682418
v -0.00612551626 0.0333546698 -0.00119844161
v -0.00607388327 0.0332372114 -0.00115363568
v -0.00602238206 0.0331149958 -0.00113668933
v -0.00619982835 0.0331630185 -0.00127251155
v -0.0062416438 0.0332595482 -0.00130988553
v -0.00631767558 0.0334263928 -0.00144692033
v -0.0063722888 0.0335373878 -0.00164755899
v -0.00639647711 0.0335751921 -0.00188086089
v -0.00629641628 0.0332118869 -0.00234173704
v -0.0062861233 0.0332504064 -0.00242925528
v -0.00624432927 0.0332956314 -0.00250424352
v -0.00635992689 0.0336170532 -0.00214476231
v -0.00637083733 0.0336640887 -0.00188453775
v -0.00634376938 0.0336215086 -0.00162120257
v -0.00628176145 0.0334960744 -0.00139481656
v -0.00619504089 0.0333073661 -0.0012402822
v -0.00614728173 0.0331981331 -0.00119820319
v -0.00615229178 0.0330647863 -0.00124755211
v -0.00611166563 0.033079952 -0.00119357824
v -0.00606911583 0.033096455 -0.00115902431
v -0.00603224337 0.0331110507 -0.00114026747
v -0.00620920956 0.0337840132 -0.00175876438
v -0.00611163862 0.0336491391 -0.00139795698
v -0.00618089037 0.0337847546 -0.00171110861
v -0.00618592277 0.0337931998 -0.00175750896
v -0.00600091461 0.0334105827 -0.00119258359
v -0.00589582464 0.0331665464 -0.00113088719
v -0.00621673977 0.0337810665 -0.00202416163
v -0.0061936155 0.0337901376 -0.00202640984
v -0.00616131723 0.0336905122 -0.00230059307
v -0.00596498279 0.0331568867 -0.00262195151
v -0.00598841067 0.0332199745 -0.00261882599
v -0.00608278438 0.0334745497 -0.00252775196
v -0.0101889186 0.0446955971 0.000866654213
v -0.0104902908 0.0449391976 0.000147950632
v -0.00879143737 0.0404128432 0.000182604606
v -0.0113788992 0.0483115055 0.000858995423
v -0.0116217686 0.0483746082 0.000125554594
v -0.0112562561 0.0472265482 0.000129317006
v -0.0119877011 0.0492765382 -0.000574850244
v -0.0120134419 0.0492550805 -0.00106825202
v -0.0117067285 0.0483491197 -0.000602920423
v -0.00617335457 0.0336920843 -0.00282526296
v -0.00577075779 0.032591112 -0.00279268716
v -0.00572410738 0.0325485282 -0.00209832098
v -0.00579308346 0.0327030309 -0.00239941198
v -0.00587339327 0.0329109281 -0.00256218668
v -0.00544896163 0.0316924639 -0.00194559176
v -0.00537743885 0.0317144021 -0.00122436986
v -0.00571390055 0.032643009 -0.00143712107
v -0.00569563778 0.0325293764 -0.00174626068
v -0.00551512092 0.0316701829 -0.00300696446
v -0.00587048149 0.0331039093 -0.00113364949
v -0.00578040862 0.0328618586 -0.00121695257
v -0.00563938264 0.0326092616 -0.000814950967
v -0.00610028766 0.0336977877 -0.000878364604
v -0.00535842031 0.0317202322 -0.00107205205
v -0.00574900117 0.0327666216 -0.00128809444
v -0.0061284611 0.0338155963 -0.000602922169
v -0.00843553059 0.0393035226 -0.000602921529
v -0.00763192493 0.0373852067 -0.000602921704
v -0.0069551901 0.0360087864 0.000215669774
v -0.00682992442 0.0354661718 -0.000602921937
v -0.00596103491 0.033737503 0.000268380507
v -0.00921513326 0.0412318036 -0.000602921296
v -0.00995500293 0.0431757197 -0.000602921064
v -0.0106527694 0.0451351441 -0.000602920831
v -0.0117663508 0.0483258031 -0.00251702312
v -0.0120647438 0.0493401214 -0.0017842137
v -0.0120575996 0.0492509082 -0.00304312189
v -0.0117778881 0.0483212918 -0.00478165178
v -0.0118063241 0.0484120399 -0.00478807604
v -0.0118919872 0.0486873761 -0.00472731097
v -0.0119639905 0.0489211716 -0.00455731805
v -0.0120876636 0.0493266806 -0.00434243958
v -0.0120111797 0.0490766503 -0.00430113543
v -0.0120272376 0.0491323546 -0.00399952661
v -0.0120088067 0.0490764529 -0.00369773176
v -0.0119595183 0.0489205867 -0.0034411822
v -0.0118859699 0.0486861914 -0.0032709178
v -0.0119058322 0.0493926331 0.000222464441
v -0.0117663555 0.0494917035 0.000761851144
v -0.0117258215 0.049520839 0.000869245676
v -0.0064570969 0.0352615491 0.00087473134
v -0.00820733514 0.0394789614 0.000869624491
v -0.00890653767 0.0412209556 0.000868723146
v -0.00560745643 0.0334376656 0.000894968747
v -0.00527220173 0.0325541459 0.000662335427
v -0.00539562991 0.0329657458 0.000844980939
v -0.00522084814 0.032207191 0.000369078683
v -0.00524964184 0.0324443467 0.000587443996
v -0.00531298807 0.0317390971 -0.000745051599
v -0.00528873689 0.031760063 -0.00057407748
v -0.00526180305 0.031807676 -0.000362439954
v -0.0052338955 0.0319208466 -7.07590079e-05
v -0.00521937385 0.0320852771 0.000212707702
v -0.00583421113 0.0326447338 -0.00541957235
v -0.00577424048 0.0324425995 -0.0057226955
v -0.00592398085 0.0329264998 -0.00524439989
v -0.00621571066 0.0337814651 -0.00334823621
v -0.00622470723 0.0337779522 -0.00472432096
v -0.00822113641 0.0565825514 -0.00936514232
v -0.00779061345 0.0566385947 -0.00977847911
v -0.00786686596 0.056341283 -0.0105756037
v -0.00906022731 0.0513276942 -0.0137751242
v -0.00887791533 0.0507359803 -0.0138690118
v -0.0105085727 0.0499738194 -0.0136995837
v -0.00705438759 0.051581338 -0.013896714
v -0.00712078996 0.0517439283 -0.0138664683
v -0.00729606394 0.0524085872 -0.0137332454
v -0.00919565931 0.0519620143 -0.0136608761
v -0.0073121395 0.0525146164 -0.0137099056
v -0.00920719001 0.052519694 -0.0135334115
v -0.00735719316 0.0532710701 -0.0135170277
v -0.00909939315 0.0530231521 -0.0133906798
v -0.00731359376 0.0541986749 -0.0131783802
v -0.00879980996 0.0539866611 -0.0130115384
v -0.00729091885 0.0545112789 -0.0130237537
v -0.00726794871 0.0548525713 -0.0128203928
v -0.00839072838 0.054991208 -0.01237664
v -0.00725177117 0.0551591516 -0.0125989821
v -0.00724003464 0.0559109077 -0.0118094319
v -0.00724213012 0.0554501899 -0.0123423468
v -0.00724510057 0.0553386062 -0.0124469716
v -0.0077453251 0.0568509549 -0.00893297512
v -0.00812709145 0.0569628961 -0.00735918107
v -0.00771899894 0.0569936894 -0.00802254397
v -0.00812139269 0.0570168197 -0.00610048557
v -0.0076999194 0.057097055 -0.00610048557
v -0.00820456445 0.056631837 -0.00920040812
v -0.0078693144 0.056756787 -0.00920040812
v -0.00796113629 0.0568301864 -0.00869235862
v -0.00799296983 0.0559472889 -0.0113048349
v -0.0085358927 0.055923 -0.0108462349
v -0.00833380315 0.056304425 -0.0101152584
v -0.00922979601 0.0549106672 -0.0120426072
v -0.00909545831 0.0550951958 -0.0118745109
v -0.00817496888 0.055490274 -0.0119014978
v -0.00881372765 0.0554919168 -0.0114486516
v -0.00862597674 0.0557753742 -0.0110735269
v -0.00944938138 0.0546079203 -0.0122860437
v -0.00724525703 0.0561387055 -0.0114589846
v -0.00725262798 0.0563422516 -0.0110730892
v -0.00726828817 0.0566767529 -0.0102070244
v -0.00727992412 0.0569288284 -0.00914218742
v -0.00728473114 0.0570932068 -0.00781159336
v -0.00728497701 0.0571544245 -0.00610048557
v -0.00977672264 0.054136645 -0.0126004675
v -0.0107207457 0.0524913371 -0.0132894032
v -0.0104308175 0.0530679673 -0.0131055908
v -0.0103592798 0.0531976484 -0.0130568054
v -0.0102940658 0.0533119366 -0.0130112814
v -0.0102214124 0.0534357354 -0.0129590658
v -0.0108263819 0.0522364825 -0.013356722
v -0.0106109465 0.0503870361 -0.0136553599
v -0.0108660394 0.0513397753 -0.0135349901
v -0.0109114703 0.0518456101 -0.0134455236
v -0.0108978087 0.0519729257 -0.0134189073
v -0.0119205201 0.054147698 -0.00643087272
v -0.0118334061 0.0543149337 -0.00610048976
v -0.0118861785 0.0542113818 -0.00652628671
v -0.0118433014 0.05428911 -0.00660800841
v -0.0119316718 0.0541267246 -0.00638959091
v -0.0119607588 0.0540712625 -0.0062116636
v -0.0119658597 0.0540613756 -0.00610048603
v -0.0116913952 0.0545630753 -0.0061004879
v -0.0116894245 0.0545614958 -0.00650551077
v -0.0118293893 0.0543139391 -0.00662879366
v -0.0116863744 0.0545590557 -0.00674379338
v -0.0116894245 0.0545614958 -0.00569544034
v -0.0118293893 0.0543139391 -0.00557217607
v -0.011686367 0.0545590557 -0.00545717636
v -0.0119205201 0.054147698 -0.00577009702
v -0.0119316718 0.0541267246 -0.00581138069
v -0.0118861785 0.0542113818 -0.00567468302
v -0.0118433014 0.05428911 -0.00559296133
v -0.0118882898 0.0537194125 -0.00610048603
v -0.0118587762 0.0537034199 -0.00610048603
v -0.0118333036 0.0537566058 -0.00578861171
v -0.0119280377 0.0537517183 -0.00610048417
v -0.0114841536 0.0543974116 -0.00519598881
v -0.011544615 0.0544457473 -0.00520492019
v -0.0116258478 0.0543216318 -0.00524225878
v -0.0115993777 0.0544895269 -0.005238852
v -0.0116816955 0.0543680452 -0.00527981902
v -0.0116436761 0.0545249358 -0.00529433275
v -0.0117229512 0.0544161834 -0.00534447515
v -0.0116742803 0.0545493849 -0.00536900992
v -0.0117396573 0.0544593856 -0.00543376105
v -0.0118541475 0.0542589948 -0.00555452937
v -0.0118999742 0.0541751832 -0.00564246299
v -0.0118514355 0.0541890077 -0.00548150996
v -0.0119025847 0.0540938303 -0.00558124157
v -0.0118196337 0.0541223548 -0.0054285829
v -0.0118742995 0.0540193245 -0.00553684542
v -0.011768599 0.0540662818 -0.00539775426
v -0.0118250092 0.0539591387 -0.00551095279
v -0.011936604 0.0541064665 -0.0057451115
v -0.0119632669 0.0540554263 -0.00585915009
v -0.0119433179 0.0540157482 -0.00569763267
v -0.0119728697 0.053957697 -0.00582691515
v -0.011917714 0.0539347455 -0.00566318864
v -0.0119491257 0.0538718402 -0.00580352219
v -0.0118697258 0.0538711846 -0.00564307766
v -0.0119020278 0.0538057461 -0.00578985224
v -0.0119794495 0.0540239699 -0.00598090235
v -0.0119907707 0.0539219081 -0.00596493203
v -0.0119681172 0.0538330376 -0.00595333893
v -0.0119215306 0.0537654012 -0.00594656076
v -0.011800223 0.0543548577 -0.00548418472
v -0.0117910346 0.0542977639 -0.00540170306
v -0.0117548844 0.0542400181 -0.00534194754
v -0.0117016593 0.0541885868 -0.00530718686
v -0.0116364807 0.0541342609 -0.00530113326
v -0.0117577836 0.0539076924 -0.00550786266
v -0.0119973077 0.0539211184 -0.00610048603
v -0.0119639272 0.0537993051 -0.00610048417
v -0.0119794495 0.0540239699 -0.00622006785
v -0.0119632669 0.0540554263 -0.00634181965
v -0.011936604 0.0541064665 -0.00645585824
v -0.0118999742 0.0541751832 -0.00655850675
v -0.0118541475 0.0542589948 -0.00664644036
v -0.011800223 0.0543548577 -0.00671678502
v -0.0117396573 0.0544593856 -0.00676721055
v -0.0116742803 0.0545493849 -0.00683196168
v -0.0118522625 0.0537171625 -0.0062566651
v -0.0116258478 0.0543216318 -0.00695871096
v -0.011544615 0.0544457473 -0.00699604955
v -0.0114841536 0.0543974116 -0.00700498279
v -0.0119907707 0.0539219081 -0.00623603817
v -0.0119728772 0.053957697 -0.00637405459
v -0.0119433179 0.0540157482 -0.00650333706
v -0.0119025847 0.0540938303 -0.00661973003
v -0.0118514355 0.0541890077 -0.00671946164
v -0.0117910346 0.0542977639 -0.00679926667
v -0.0117229512 0.0544161834 -0.00685649645
v -0.0116436761 0.0545249358 -0.00690663699
v -0.0119681172 0.0538330376 -0.00624763127
v -0.0119491257 0.0538718402 -0.00639744755
v -0.011917714 0.0539347455 -0.0065377811
v -0.0118742995 0.0540193245 -0.00666412618
v -0.0118196337 0.0541223548 -0.0067723887
v -0.0117548844 0.0542400181 -0.00685902219
v -0.0116816955 0.0543680452 -0.00692115072
v -0.0115993777 0.0544895269 -0.00696211774
v -0.0119215306 0.0537654012 -0.00625440944
v -0.0119020343 0.0538057461 -0.0064111175
v -0.0118697258 0.0538711846 -0.00655789208
v -0.0118250092 0.0539591387 -0.00669001695
v -0.011768599 0.0540662818 -0.00680321734
v -0.0117016593 0.0541885868 -0.00689378288
v -0.0115557043 0.0542763881 -0.00697081257
v -0.0116318613 0.0541425906 -0.00690505747
v -0.0116990441 0.0540196113 -0.00681327935
v -0.011755609 0.0539119169 -0.00669851992
v -0.011800414 0.053823486 -0.00656453241
v -0.0118327551 0.053757716 -0.00641565118
v -0.0117129255 0.0538856462 -0.00669223722
v -0.0115924906 0.0541105308 -0.00689854752
v -0.0114447689 0.0543659329 -0.0070023248
v -0.0117878905 0.0537356995 -0.0064119352
v -0.0118131693 0.0536829233 -0.00610048603
v -0.0117878905 0.0537356995 -0.00578903453
v -0.0117129181 0.0538856462 -0.00550873252
v -0.0115924831 0.0541105308 -0.00530242221
v -0.0114447763 0.0543659329 -0.00519859092
v -0.0122415926 0.0517726801 -0.0118965432
v -0.0123107899 0.0517341383 -0.0110609019
v -0.012071684 0.0524545647 -0.0110614216
v -0.0123144723 0.0503495187 -0.00963396579
v -0.0122693451 0.0501050204 -0.00979353487
v -0.0122589357 0.0500364266 -0.00944039039
v -0.0110960593 0.0545059144 -0.00965428445
v -0.01114628 0.0544362329 -0.00964873843
v -0.0112048993 0.0543836169 -0.00951281656
v -0.0120695289 0.0517073423 -0.0127749313
v -0.0120802345 0.051179152 -0.0128835058
v -0.0122101996 0.0509836674 -0.0124455988
v -0.0120011894 0.0531311296 -0.00786532741
v -0.0121363811 0.0527456924 -0.00756896194
v -0.0121771162 0.0526041985 -0.00749026565
v -0.0121728769 0.0526641048 -0.00610047905
v -0.0122165335 0.052449435 -0.00744162081
v -0.0122502362 0.0522988588 -0.00742551079
v -0.0123514617 0.0515827499 -0.0061004865
v -0.0123115806 0.0519546904 -0.00749616278
v -0.0123463394 0.051673267 -0.00770353107
v -0.0123662436 0.0509910807 -0.00693450263
v -0.0123661682 0.0512916781 -0.00675386144
v -0.0123630771 0.0513833538 -0.00665818295
v -0.0123546105 0.0515383631 -0.0063788644
v -0.0123603595 0.051519312 -0.00797781628
v -0.0123639554 0.051489152 -0.00828442443
v -0.012374294 0.0508913398 -0.00944138225
v -0.0123574445 0.0515863784 -0.00858116616
v -0.012345558 0.0516936071 -0.00945387222
v -0.0123478444 0.0506563559 -0.00699410914
v -0.0123297032 0.0504747294 -0.00697670458
v -0.0123072276 0.0503010675 -0.00692535704
v -0.0121482238 0.0495306924 -0.00610049022
v -0.0122572156 0.0500038303 -0.0067294254
v -0.0122166136 0.049808275 -0.00643658033
v -0.0122014713 0.0497419313 -0.0061004865
v -0.01223181 0.0499437936 -0.0100337043
v -0.0122132674 0.0498864949 -0.0103182336
v -0.0122188823 0.0499406345 -0.0106040994
v -0.0122257359 0.0500560254 -0.0111256717
v -0.012155178 0.0500919782 -0.01202829
v -0.0120660365 0.0501349121 -0.0125269946
v -0.0119575355 0.0504222587 -0.0129983537
v -0.012045851 0.0518469959 -0.012743352
v -0.0121619459 0.0518064722 -0.0123475017
v -0.0119258827 0.0522365682 -0.0126513001
v -0.0117862532 0.0525283366 -0.012579958
v -0.0116148014 0.0528483093 -0.012492354
v -0.0113077806 0.0535875559 -0.0117386719
v -0.0110554546 0.0537619069 -0.0121517479
v -0.0108759953 0.0541930534 -0.011609205
v -0.010463167 0.0546420887 -0.0116657205
v -0.0107803736 0.0544837974 -0.0111175505
v -0.0108879078 0.0543448143 -0.0111395624
v -0.0110719549 0.0541280918 -0.0110799475
v -0.0112435529 0.0539450459 -0.0109162666
v -0.011606765 0.0537268892 -0.00953671243
v -0.0112981778 0.0541985594 -0.0097040562
v -0.0114077684 0.0539891273 -0.00986220036
v -0.0114605082 0.0538440086 -0.0101018641
v -0.0114499228 0.053786654 -0.0103862071
v -0.0114342561 0.053630352 -0.0110281538
v -0.011375255 0.0538237058 -0.0106721967
v -0.0117011955 0.0538206212 -0.0078894766
v -0.0108916471 0.054752592 -0.00976872817
v -0.010769356 0.0550424084 -0.00920040812
v -0.0113252569 0.0542704016 -0.00920040812
v -0.0113519887 0.0542917736 -0.00887901988
v -0.0123539735 0.050641831 -0.00957670435
v -0.0123693813 0.0511679165 -0.0108726854
v -0.0123690423 0.0513416901 -0.0106660835
v -0.0123580098 0.0509174578 -0.0110184671
v -0.01236754 0.051423803 -0.0104386583
v -0.0123700863 0.0514236726 -0.0102108242
v -0.0123766512 0.0513390042 -0.00997603685
v -0.0123814913 0.0511744246 -0.00977586024
v -0.012376125 0.0509262122 -0.00962821115
v -0.0122453542 0.0500959903 -0.0108482456
v -0.0122860502 0.0503346585 -0.0110117542
v -0.0119262571 0.05308282 -0.00952195562
v -0.0121236257 0.0526491478 -0.00895006675
v -0.0120429927 0.0529115722 -0.00874744263
v -0.012003188 0.0530571043 -0.00846714247
v -0.0120066982 0.0530852005 -0.00815700646
v -0.012056157 0.0529795103 -0.00782522466
v -0.0120995808 0.0528600588 -0.00766672473
v -0.0122189485 0.0523224063 -0.00901630986
v -0.0121729961 0.0524274558 -0.00949010067
v -0.0122687807 0.0521274433 -0.00898730475
v -0.0123324748 0.0517977215 -0.00882323738
v -0.0123283649 0.050624527 -0.0110714044
v -0.0123554766 0.0509138033 -0.0110880686
v -0.0122928917 0.0509465002 -0.0119633768
v -0.0119697433 0.0524815209 -0.0118519105
v -0.0099795172 0.0553207062 -0.0111306384
v -0.0101137524 0.0551335141 -0.0113009755
v -0.0105115268 0.05495001 -0.0106482217
v -0.0102788601 0.0553703643 -0.0100797471
v -0.0101176631 0.0557033755 -0.00942402799
v -0.010276448 0.0555969737 -0.00920040812
v -0.00932748616 0.0564386062 -0.00920040999
v -0.0105651151 0.0549755804 -0.0103762615
v -0.0106804054 0.0549369343 -0.0100549087
v -0.0108602671 0.0547852144 -0.00979927368
v -0.0104444791 0.0546688139 -0.0116488142
v -0.0106561175 0.0546646304 -0.0110171475
v -0.010624731 0.0547165982 -0.0109702693
v -0.0105698584 0.054822538 -0.0108396579
v -0.0105440179 0.0548953712 -0.0107058641
v -0.00980667211 0.0555666201 -0.0108695216
v -0.00946409348 0.0561286323 -0.00999503303
v -0.00948891044 0.0560805276 -0.0100926254
v -0.00967363175 0.0557659119 -0.0106155723
v -0.00991692208 0.0546120927 -0.0121820774
v -0.00977193564 0.0548744276 -0.0119763268
v -0.00970719848 0.054914102 -0.0119521394
v -0.0102176145 0.0546751246 -0.0119694453
v -0.00904116686 0.0558815151 -0.0109030139
v -0.00908310059 0.0558136068 -0.0110008707
v -0.0092258323 0.0556095243 -0.0112653878
v -0.00929524191 0.0554947928 -0.011399637
v -0.00955488905 0.0551277436 -0.0117689464
v -0.00953783747 0.0556376763 -0.0110995071
v -0.00918877963 0.0561971888 -0.0102456594
v -0.00895817392 0.0560239591 -0.0106787067
v -0.00878562871 0.0563532673 -0.0100349747
v -0.00879673194 0.0563302562 -0.0100869555
v -0.00885909796 0.056206204 -0.01034729
v -0.00865396298 0.0566564091 -0.00920040812
v -0.00879428443 0.0566537231 -0.00920040812
v -0.00911883172 0.0565663949 -0.00920040812
v -0.010059176 0.0549244545 -0.0117713893
v -0.0105869127 0.0534841418 -0.0128485812
v -0.0108040525 0.0530243553 -0.0130541371
v -0.0110031404 0.0525315776 -0.0132331448
v -0.0111900698 0.0519823544 -0.0133839352
v -0.0112008713 0.0519343093 -0.0133947413
v -0.0112352716 0.051487539 -0.013483501
v -0.0111767817 0.0509312898 -0.0135646267
v -0.0110892076 0.0504177585 -0.0136162266
v -0.0109618139 0.0497639179 -0.01366085
v -0.0106989937 0.0487099327 -0.0136681497
v -0.0102958353 0.0492615104 -0.013746392
v -0.00994609483 0.0481873676 -0.0137572912
v -0.0100505147 0.0466448143 -0.0136754774
v -0.00974042341 0.0475612618 -0.0137644699
v -0.00956085604 0.0470322929 -0.0137707749
v -0.00939541869 0.0464989059 -0.0137737999
v -0.00938718952 0.0446563885 -0.013682263
v -0.0080396533 0.0427203625 -0.0138117457
v -0.00836355332 0.0418242253 -0.0136893094
v -0.0081036929 0.0411478095 -0.013690888
v -0.00738872634 0.0410702154 -0.0138287582
v -0.00650382694 0.0371978655 -0.0136996256
v -0.00599563122 0.0377333052 -0.0138627533
v -0.00487313513 0.0350930877 -0.0138890771
v -0.00595007231 0.0358463116 -0.0137043707
v -0.00415417878 0.0336544812 -0.0138948886
v -0.00528644957 0.0343339033 -0.0137100453
v -0.00422612904 0.0338219218 -0.0139011098
v -0.00551730208 0.0348336063 -0.0137090832
v -0.00572492229 0.0353030041 -0.0137065379
v -0.00404778076 0.0332320444 -0.0138441771
v -0.00487930467 0.0334362537 -0.0136841489
v -0.00511839706 0.0339593329 -0.0137050096
v -0.00403083814 0.0330001488 -0.0137939956
v -0.00403631153 0.0326947309 -0.0137032513
v -0.00480542053 0.0329720937 -0.0135756629
v -0.0040758783 0.0322287716 -0.0134993726
v -0.00478140265 0.0324030221 -0.0132898502
v -0.00409031054 0.0321016237 -0.0134264464
v -0.00441063009 0.0310722683 -0.0121209389
v -0.00486957934 0.031558875 -0.0123499539
v -0.00426909607 0.0312845185 -0.0126161482
v -0.00481006596 0.0319346674 -0.0128798932
v -0.0041652848 0.0316258706 -0.0130512882
v -0.00410706457 0.0319696888 -0.0133405048
v -0.00498701632 0.0312058218 -0.0111490777
v -0.00492099347 0.0312958956 -0.0117302006
v -0.00491066184 0.0313467719 -0.0118882768
v -0.00458109984 0.030978838 -0.0114555592
v -0.00469668675 0.0309317727 -0.0108190533
v -0.00515575567 0.0311445128 -0.00963980053
v -0.00476440694 0.0309046339 -0.0103146257
v -0.00489790039 0.030851623 -0.00863424316
v -0.00525109936 0.0311123356 -0.00746831298
v -0.0049531078 0.0308294613 -0.00610048883
v -0.00526398234 0.0311081465 -0.00610048883
v -0.0103759142 0.0538685396 -0.0126511864
v -0.0100899562 0.0543461181 -0.0123637114
v -0.00848447811 0.0566472448 -0.00920040812
v -0.0117008155 0.0538211055 -0.00430913316
v -0.0120007722 0.0531320311 -0.00433326745
v -0.01223181 0.0499437936 -0.00216726842
v -0.0122693451 0.0501050204 -0.00240743603
v -0.0122595131 0.0500394106 -0.00275599095
v -0.0110719549 0.0541280918 -0.00112102204
v -0.0112435529 0.0539450459 -0.00128470385
v -0.0114330286 0.0536305048 -0.00116695487
v -0.0110959494 0.0545060337 -0.00254660682
v -0.0108916471 0.054752592 -0.00243224227
v -0.0107693849 0.0550423339 -0.00300040888
v -0.01114628 0.0544362329 -0.00255223201
v -0.0114605082 0.0538440086 -0.00209910632
v -0.0116060842 0.0537271984 -0.0026599823
v -0.0114499228 0.0537866391 -0.00181476248
v -0.011375255 0.0538237058 -0.00152877381
v -0.0112043014 0.0543835349 -0.00268401601
v -0.0112981778 0.0541985594 -0.00249691517
v -0.0114077684 0.0539891273 -0.00233876915
v -0.0113059878 0.0535877049 -0.000455580826
v -0.0108743655 0.0541927367 -0.000585550559
v -0.0108879078 0.0543448143 -0.00106140797
v -0.0107803736 0.0544837974 -0.00108342071
v -0.010463167 0.0546420887 -0.000535249768
v -0.0108466642 0.0540787876 -0.00020522633
v -0.0111787962 0.0535697043 3.60271661e-05
v -0.0113961576 0.0532216541 0.00017094225
v -0.0119678508 0.0524829514 -0.000341370964
v -0.0118502788 0.0524018146 0.000410400156
v -0.0121592646 0.0518093184 0.000156065129
v -0.0120452782 0.0518489443 0.00054245413
v -0.0122079886 0.0509870425 0.000254904473
v -0.0120863039 0.0512912609 0.000661773258
v -0.0120641664 0.0501390882 0.000336659577
v -0.0119885262 0.0505658239 0.000780122005
v -0.0120141078 0.0506952628 0.000762657844
v -0.0122260917 0.0500591472 -0.00106830033
v -0.0122453542 0.0500959903 -0.00135272625
v -0.0122188749 0.0499406345 -0.00159687258
v -0.0122132599 0.0498864949 -0.00188273832
v -0.0123072276 0.0503010675 -0.00527561363
v -0.0122572156 0.0500038303 -0.00547154527
v -0.0122166062 0.049808275 -0.00576438848
v -0.012374429 0.0508937351 -0.00275506894
v -0.0123662436 0.0509910807 -0.0052664699
v -0.0123478444 0.0506563559 -0.00520686153
v -0.0123297032 0.0504747294 -0.00522426609
v -0.0123546105 0.0515383631 -0.00582210813
v -0.0123630771 0.0513833538 -0.00554278772
v -0.0123463804 0.0516730249 -0.00449700188
v -0.0123661682 0.0512916781 -0.00544710923
v -0.0123603567 0.0515195802 -0.00422358792
v -0.0123639638 0.0514892116 -0.00391709153
v -0.0123574911 0.0515860803 -0.0036205994
v -0.0123452693 0.0516955629 -0.00274259667
v -0.0123325055 0.0517973192 -0.00337821129
v -0.0123115797 0.0519546308 -0.00470474269
v -0.0122502362 0.0522988588 -0.00477545988
v -0.0122160418 0.0524512753 -0.00475876685
v -0.0121771013 0.0526042022 -0.00471070688
v -0.0121368822 0.0527439564 -0.0046329801
v -0.0120995734 0.0528600588 -0.004534245
v -0.0113252494 0.0542703867 -0.00300040888
v -0.0113519887 0.0542917736 -0.00332196103
v -0.0120032532 0.0530569702 -0.00373374741
v -0.0119255763 0.0530835912 -0.00267463224
v -0.012006741 0.0530851111 -0.00404384965
v -0.0120563926 0.0529788509 -0.00437653484
v -0.0120432144 0.0529109575 -0.00345290895
v -0.012124165 0.0526474267 -0.00325014326
v -0.0121724056 0.0524287634 -0.00270639965
v -0.0122189485 0.0523224063 -0.00318466011
v -0.0122686662 0.0521277413 -0.00321373972
v -0.0123553909 0.0509163253 -0.00110608398
v -0.0123283649 0.050624527 -0.00112956634
v -0.0122860502 0.0503346585 -0.00118921755
v -0.0123700863 0.0514236726 -0.00199014577
v -0.01236754 0.051423803 -0.00176231249
v -0.0123101017 0.0517362952 -0.00113341818
v -0.0123690423 0.0513416901 -0.00153488724
v -0.0123693813 0.0511679165 -0.00132828637
v -0.0123580098 0.0509174578 -0.00118250272
v -0.0123144723 0.0503495187 -0.00256700511
v -0.0123539735 0.050641831 -0.00262426841
v -0.012376125 0.0509261973 -0.00257276068
v -0.0123814913 0.0511744246 -0.00242511067
v -0.0123766512 0.0513390042 -0.00222493405
v -0.0120705795 0.0524558499 -0.0011331219
v -0.0122400383 0.0517751649 -0.000296214945
v -0.0122919623 0.0509493761 -0.000228927005
v -0.0121546611 0.0500955358 -0.00016370471
v -0.00422612904 0.0338219181 0.00170013274
v -0.00480012922 0.0349405259 0.00168959401
v -0.00543550635 0.0346549861 0.00150869379
v -0.00536747137 0.0362384617 0.0016769747
v -0.00641899882 0.0369930379 0.00149938092
v -0.00568364793 0.0369970873 0.00166945346
v -0.00779700419 0.0403672196 0.00149163825
v -0.00738872634 0.0410702117 0.00162778469
v -0.00842948351 0.0419981852 0.00148791505
v -0.00805290882 0.0427552871 0.00161050144
v -0.00917394273 0.0440409854 0.00148283399
v -0.00939541869 0.0464989021 0.00157282804
v -0.0103872865 0.0477058552 0.00146991701
v -0.00974042341 0.0475612581 0.00156349817
v -0.0105687566 0.0482911281 0.00146809162
v -0.00994532183 0.0481874943 0.0015562562
v -0.0108427564 0.0492062047 0.00146897836
v -0.0103483191 0.0494278148 0.00154016877
v -0.0109618139 0.0497639328 0.00145987747
v -0.0105085727 0.0499738194 0.00149861129
v -0.0109677836 0.049794361 0.00145853078
v -0.00418752851 0.0337380283 0.00169820304
v -0.00504878536 0.0338088349 0.00150001945
v -0.00411617663 0.0335481837 0.00168651296
v -0.00405323366 0.0332710519 0.0016501057
v -0.00489572156 0.0334874205 0.00148804439
v -0.00403065048 0.033000052 0.00159311062
v -0.00481460569 0.0330888703 0.00141353474
v -0.00403360603 0.0327439569 0.00151904812
v -0.00479275128 0.0328025855 0.00130712183
v -0.00405289372 0.0324651636 0.0014128529
v -0.00478185434 0.0325331017 0.0011702769
v -0.00407634769 0.0322292335 0.00129793142
v -0.00478302827 0.0323197544 0.00103036617
v -0.00408691401 0.0321376175 0.00124591333
v -0.00479665492 0.0320747048 0.000823817449
v -0.00481198682 0.0319216698 0.000663957675
v -0.00416093366 0.0316493846 0.000872229401
v -0.00482568471 0.031806685 0.00052585185
v -0.00426888373 0.0312898271 0.000421579083
v -0.004850714 0.03164877 0.000301634078
v -0.00440246286 0.0310773086 -5.36451262e-05
v -0.0049040732 0.0313895009 -0.000203493051
v -0.00491013238 0.0313545763 -0.000292870216
v -0.00495538535 0.0312261228 -0.000825367053
v -0.00459777517 0.0309727769 -0.000823480252
v -0.00508360378 0.0311745238 -0.00174934161
v -0.00469686789 0.0309323724 -0.00138191984
v -0.00520791393 0.0311254784 -0.00343591115
v -0.00490008527 0.0308508035 -0.00361123262
v -0.00478465343 0.0308973212 -0.00206484017
v -0.00522237085 0.0311209299 -0.00376553973
v -0.01086412 0.0513293743 0.00133559457
v -0.0111742234 0.050908111 0.00136629643
v -0.0105855251 0.0503140651 0.00146322104
v -0.0111136511 0.0505509712 0.00140331092
v -0.0110041387 0.0499775559 0.00144817447
v -0.010826367 0.0522364825 0.00115572638
v -0.0111587197 0.0520982705 0.00115547306
v -0.0108904811 0.0520123728 0.00120926998
v -0.0111795701 0.0520246997 0.00117315887
v -0.0109119667 0.0518343672 0.00124686933
v -0.0112353135 0.0516314432 0.00125616952
v -0.0112313209 0.0514008962 0.00129737123
v -0.00970178563 0.0542468876 0.000332096592
v -0.010147959 0.0542526171 0.000222926945
v -0.0101767639 0.0535089783 0.00072591746
v -0.0106312782 0.0533966273 0.00068926427
v -0.0104760649 0.0529852062 0.000934110896
v -0.0108403964 0.0529375076 0.00088806625
v -0.0107215904 0.0524915308 0.00108833972
v -0.0110028973 0.0525326841 0.0010317954
v -0.0110878143 0.0523070656 0.00109980057
v -0.00946850795 0.0552509315 -0.000547615811
v -0.00991692208 0.0546120927 -1.88928061e-05
v -0.0100903334 0.0543445498 0.000163916484
v -0.00926768407 0.0548579991 -0.00011301411
v -0.0090954788 0.0550951213 -0.000326456444
v -0.009323854 0.0554550774 -0.000757498667
v -0.00883268006 0.0554653816 -0.000721074583
v -0.00914402213 0.0557182096 -0.00107115135
v -0.00862617791 0.0557753704 -0.00112743117
v -0.00908243563 0.0558134988 -0.00119992532
v -0.00891941413 0.0560899675 -0.0016360787
v -0.00855273288 0.0558939949 -0.00130764395
v -0.00890529342 0.056116201 -0.00168320176
v -0.00820457935 0.0566318072 -0.00300040864
v -0.00848404504 0.0566471778 -0.00300040864
v -0.0082221441 0.0565780513 -0.00282021984
v -0.00835179258 0.0562645048 -0.001996696
v -0.00878768787 0.0563534275 -0.00216619484
v -0.00875979383 0.0564117469 -0.00230370834
v -0.00865232944 0.0566562712 -0.00300040864
v 0.000484875345 0.00353453099 -0.00860041566
v 0.000484875345 0.00353453122 -0.0106004151
v -0.000205294593 0.00349397794 -0.00860041566
v 0.000805480464 0.00524325063 -0.00520858075
v 0.000805358344 0.00524388906 -0.00345041486
v 0.000805398799 0.00524368882 -0.00477544684
v 0.000804778247 0.00524703925 -0.00345041486
v 0.00170667877 0.00477140769 -0.00745041436
v 0.00170667877 0.00477140723 -0.00475041475
v 0.00173701474 0.00460794242 -0.00745041436
v 0.00173701474 0.00460794196 -0.00475041475
v 0.00251919217 0.00423536496 -0.00745041436
v 0.00265682675 0.00403575972 -0.00745041436
v 0.00263409084 0.00415829802 -0.00745041436
v 0.00263409084 0.00415829755 -0.00475041475
v 0.00263409084 0.00415829755 -0.00360041391
v 0.00265682675 0.00403575925 -0.00475041475
v 0.00265682675 0.00403575925 -0.00360041391
v 0.00263409084 0.00415829802 -0.00860041473
v 0.00265682675 0.00403575972 -0.00860041473
v 0.000350947957 0.0054698945 -0.00663877791
v 0.000351380295 0.00546988659 -0.00610049209
v -0.00415587798 0.00772228511 -0.00610049162
v 0.000351380295 0.00546988659 -0.00717706373
v 0.0013885994 0.00495154969 -0.00697326986
v 0.000353058917 0.00546884071 -0.00663878908
v 0.00138856389 0.00495189941 -0.0078654876
v 0.00080553774 0.00524293119 -0.00610049209
v 0.000805512769 0.00524309464 -0.00565453526
v 0.0013885909 0.00495160883 -0.00551339146
v 0.00138857332 0.00495177973 -0.00345041486
v -0.00413171947 0.0077098147 -0.00755192619
v -0.00405592844 0.00768303871 -0.00903309975
v -0.00387650379 0.00761498976 -0.0105034653
v 0.00138849299 0.00495259883 -0.00875041354
v -0.003487407 0.00746176485 -0.0119242221
v 0.00138832571 0.00495418347 -0.00967423245
v -0.00315146055 0.00732177822 -0.0125701465
v -0.00293739233 0.00723386463 -0.0128603484
v 0.00138811243 0.00495631108 -0.0103314891
v -0.00264030392 0.00710344268 -0.0130631579
v 0.00138800615 0.00495735276 -0.0105535202
v 0.00885850657 0.000303039502 -8.76737322e-05
v 0.00824589469 0.000613160315 0.000332000811
v 0.00986689702 -9.52191185e-05 -0.0110618286
v 0.00799459405 0.000750599254 -0.0126775103
v 0.00824927632 0.000611368567 -0.0125308493
v 0.00655651931 0.00160080788 -0.0106004151
v 0.00155593629 0.00486793136 -0.00102448324
v 0.00155593629 0.00486793136 -0.00160041323
v 0.00523781776 0.00242757541 -0.00160041358
v 0.00155593629 0.0048679309 0.00115683652
v 0.00605713716 0.00190838613 0.00127209292
v 0.00536503037 0.00234656432 0.00146552874
v 0.00461187586 0.00283612404 0.00163758697
v 0.00318149058 0.00378995202 0.00187024078
v 0.00155593629 0.0048679309 0.00199755072
v 0.00155593629 0.0048679309 -0.000297377235
v 0.00655651931 0.00160080683 -0.00160041358
v 0.00815935526 0.000659896585 0.00038333534
v 0.00713273697 0.0012511696 0.00088763918
v 0.0072794864 0.0011637985 0.000825361582
v 0.00713418936 0.00125028577 -0.0130879302
v 0.00523781776 0.00242757658 -0.0106004151
v 0.00606491277 0.0019035585 -0.0134705985
v 0.00937856268 7.67496313e-05 -0.0116485609
v 0.0087498473 0.000355089811 -0.012195956
v 0.00989413261 -0.000103511498 -0.0110229496
v 0.00989678316 -0.000104304338 -0.00118177675
v 0.00945680309 4.6397814e-05 -0.000634501746
v 0.0110531859 -0.000292351353 -0.00610044599
v 0.0104666306 -0.000239446061 -0.00856169872
v 0.0109857609 -0.000290253316 -0.00762801617
v 0.0108304732 -0.000282640074 -0.00869675912
v 0.0102699157 -0.000201176968 -0.0103866868
v 0.0106106251 -0.00026114643 -0.00954663474
v 0.0110325366 -0.000291798991 -0.00522298319
v 0.010924587 -0.000287749135 -0.00405606208
v 0.0108901039 -0.000286071852 -0.00383078819
v 0.0106601985 -0.000267468509 -0.00281413202
v 0.010326202 -0.000212964354 -0.00193032366
v 0.00995406881 -0.000121223551 -0.00126641721
v 0.00155593629 0.00486793229 -0.0106004141
v 0.00155593629 0.00486793229 -0.0119036054
v 0.00155593629 0.00486793276 -0.0133578191
v 0.00345989573 0.00360259018 -0.0140348664
v 0.0031188929 0.00383212976 -0.0140787056
v 0.00155593629 0.00486793276 -0.014198442
v 0.00473497109 0.00275540585 -0.0138128614
v 0.00536615262 0.00234582415 -0.0136661353
v 0.000484875345 0.00353453052 -0.00360041391
v -0.000205294593 0.00349397724 -0.00160041335
v 0.000484875345 0.00353453029 -0.00160041335
v -0.00149320439 0.00100515992 -0.00360041414
v -0.00149320439 0.00100515969 -0.0016004137
v -0.00179573521 0.000123892692 -0.00360041438
v -0.00179573521 0.000123892445 -0.00160041382
v -0.00161709567 -0.000790576974 -0.00360041438
v -0.00161709567 -0.000790577207 -0.00160041393
v -0.0010051569 -0.00149320462 -0.00360041461
v -0.0010051569 -0.00149320485 -0.00160041405
v -0.000123889957 -0.00179572799 -0.00360041461
v -0.000123889957 -0.00179572823 -0.00160041405
v 0.00332688494 0.00369191868 -0.00360041391
v 0.00332688494 0.00369191915 -0.00860041566
v 0.00118596281 0.0265849028 0.00177778921
v 0.000877174607 0.0314165168 0.00173344021
v 0.000819130102 0.0309462994 0.00174302724
v 0.00215927023 0.0350443646 0.00145802984
v 0.00214487058 0.0350164957 0.00146279449
v 0.00288768276 0.035030067 0.00124839472
v 0.00118596281 0.0265849046 -0.013978675
v 0.000814331637 0.0308974832 -0.013944827
v 0.000819115608 0.0309462789 -0.0139439143
v 0.0042079147 0.0385930762 -0.011359117
v 0.00396031374 0.0380374677 -0.012035476
v 0.00392415188 0.0381248929 -0.0120297689
v 0.00288768276 0.0350300707 -0.0134492796
v 0.0021262716 0.0349810347 -0.0136708245
v 0.00213985657 0.0350072384 -0.0136659602
v 0.00463144481 0.0392869078 -0.00956250913
v 0.00576826883 0.0367476083 -0.00975089427
v 0.00461829733 0.0392654575 -0.00964874867
v 0.00358859194 0.0375656486 -0.0125839906
v 0.00138838717 0.00495360978 -0.00276458496
v -0.00264245295 0.00710453931 0.000862065761
v -0.00299377507 0.00725621451 0.000592190772
v 0.00138800615 0.00495735183 -0.00164746179
v 0.00138819241 0.00495551433 -0.00206486182
v -0.00324241561 0.00736052776 0.000217949957
v -0.00361782522 0.00751337828 -0.000610118848
v -0.00398049923 0.00765560055 -0.00241369591
v -0.00411999831 0.00770843169 -0.00425432855
v 0.00155593629 0.0048679309 0.00210259459
v 0.00153233344 0.00684860488 0.00197974243
v 0.0014365433 0.0118218334 0.00204100902
v 0.00142703368 0.0122086238 0.00193409517
v 0.00130264647 0.0165050048 0.0019991484
v 0.00130257942 0.016505003 0.00189581828
v 0.00115951779 0.0204483457 0.0019628366
v 0.00113902532 0.0209575444 0.0018537062
v 0.000815146894 0.027923869 0.00188740983
v 0.000793061859 0.0283694044 0.00177823275
v 0.000783241296 0.0285894163 0.00187986053
v 0.000783256197 0.0285894182 0.0017757871
v 0.000762773852 0.0300122518 0.00186315656
v 0.000766942394 0.0301561486 0.00175607123
v 0.000776845554 0.0303881634 0.00185795792
v 0.000818950997 0.0309463181 0.00184821081
v 0.000906025933 0.0315993428 0.00183435273
v 0.00118429807 0.0327754728 0.00179690821
v 0.00112315896 0.0325687155 0.00170017348
v 0.00122421072 0.0329014845 0.00179096265
v 0.00122423831 0.0329016186 0.00168562261
v 0.00161847158 0.0339262895 0.00171706977
v 0.00333091663 0.0371315628 0.000819744426
v 0.00316688744 0.0368519984 0.000975619827
v 0.00315655582 0.0368342921 0.000867107708
v 0.00214054203 0.0350081623 0.00157235353
v 0.00154955813 0.0337666348 0.00162856246
v 0.00174966315 0.0342163444 0.00157954881
v 0.00214003609 0.0350071825 0.00146438519
v 0.00271701394 0.0360689797 0.00119316555
v 0.00273326901 0.036097791 0.00129164546
v 0.00221645529 0.0351533704 0.00154446042
v 0.00444815634 0.0389873683 -0.0105294827
v 0.00442518014 0.0389498062 -0.0108846342
v 0.00462010736 0.0392682664 -0.0100205587
v 0.00354061159 0.0374855213 0.000578520703
v 0.00352964317 0.037467096 0.00046032283
v 0.00387465628 0.0380430892 7.3907795e-05
v 0.00384629029 0.0379960053 -2.79863598e-05
v 0.0038840028 0.0380585976 5.71831079e-05
v 0.00389914773 0.0380837172 -0.000126430881
v 0.00416305196 0.0385196656 -0.000530889374
v 0.0041536456 0.0385041758 -0.000695550931
v 0.0044021965 0.0389122479 -0.00123510335
v 0.00437952625 0.0388751142 -0.00140080054
v 0.0046163965 0.0392622575 -0.0021629876
v 0.00456288457 0.0391749442 -0.00222705887
v 0.00461764541 0.0392643027 -0.00255126157
v 0.00476681907 0.0395072997 -0.0031896946
v 0.00471560517 0.0394239351 -0.00329982908
v 0.00485745165 0.0396546684 -0.00430377061
v 0.00479233917 0.0395488143 -0.00421426306
v 0.00481242919 0.0395814776 -0.00459061423
v 0.00490720849 0.0397355035 -0.0061004879
v 0.00484505761 0.0396345258 -0.00610050652
v 0.00483438373 0.0396172367 -0.00698440615
v 0.00488181831 0.0396942608 -0.00744370464
v 0.00479173521 0.0395479277 -0.00798634905
v 0.00486696279 0.0396701358 -0.00776591431
v 0.00475929584 0.0394951701 -0.00843760651
v 0.00476904865 0.0395108983 -0.00899084192
v 0.00432131207 0.0387795344 -0.0110083139
v 0.00416494114 0.0385226421 -0.0116684092
v 0.0038687156 0.0380330719 -0.0122886458
v 0.00354372035 0.0374905095 -0.0127766738
v 0.00333091337 0.0371313132 -0.0130205555
v 0.0031952404 0.0368999057 -0.0130328862
v 0.00319114537 0.0368932448 -0.0131560182
v 0.00272198324 0.0360773355 -0.0135034481
v 0.00275143725 0.0361299291 -0.0133728739
v 0.00218058913 0.0350844301 -0.0137588456
v 0.00215926324 0.035044346 -0.0136588728
v 0.00214049895 0.0350075886 -0.0137733333
v 0.00175021111 0.0342179425 -0.0137838833
v 0.00165829866 0.0340161584 -0.0139120156
v 0.00154955825 0.033766631 -0.0138294473
v 0.00151693355 0.0336889438 -0.0138360243
v 0.00123517425 0.0329349488 -0.0139905103
v 0.00122420944 0.032901559 -0.0138865113
v 0.00122417591 0.0329013281 -0.0139921401
v 0.00112977182 0.0325919874 -0.0139001412
v 0.000952131639 0.031852819 -0.0140293976
v 0.000877732004 0.0314202867 -0.0139342407
v 0.00081886712 0.0309464391 -0.0140491063
v 0.000783493742 0.0285894759 -0.014081927
v 0.000773510605 0.0288476143 -0.0140791489
v 0.000783256197 0.02858942 -0.0139766736
v 0.000763501856 0.0291915797 -0.0140752895
v 0.000758521724 0.0295913201 -0.0139646791
v 0.000801562215 0.0307573806 -0.0140525708
v 0.000833540456 0.0275669042 -0.0140926493
v 0.000848068565 0.0272880774 -0.0139907049
v 0.000960822334 0.0250081401 -0.0141194239
v 0.000987866428 0.0244320855 -0.0141252605
v 0.00116208894 0.0203834195 -0.0140601397
v 0.00128298602 0.0170949176 -0.0141964983
v 0.00155593629 0.00486793276 -0.0143035771
v 0.00153235579 0.00684860721 -0.0141806314
v 0.00151530514 0.00796045363 -0.014276186
v 0.00142703368 0.0122086257 -0.0141350655
v 0.00130263157 0.0165050067 -0.0140967034
v -0.0111542409 0.0545698889 -0.00126261462
v -0.0111725498 0.0545464642 -0.00126233709
v -0.011137262 0.0545286611 -0.00116437685
v -0.0109259216 0.0543754064 -0.00104993407
v -0.0108178733 0.0545148887 -0.00107157056
v -0.0108685074 0.0545526668 -0.00106497307
v -0.010946746 0.0545046069 -0.00105326076
v -0.0111363335 0.0545932949 -0.00126473617
v -0.0108979857 0.0545692407 -0.00106777821
v -0.0109591857 0.0545950457 -0.00108701189
v -0.0110258432 0.054554265 -0.00109210436
v -0.0110575408 0.0546126179 -0.00115636003
v -0.0110928109 0.0545856096 -0.00116765138
v -0.0110769533 0.054489322 -0.00108805869
v -0.0110019865 0.0544347391 -0.00104846444
v -0.0112605458 0.0547168143 -0.00225675874
v -0.0111077195 0.0548488088 -0.0023070036
v -0.011232405 0.0547235273 -0.00235475996
v -0.0110630346 0.0548466258 -0.002351776
v -0.011183612 0.0547082834 -0.00243349583
v -0.011013465 0.0548317954 -0.00238853716
v -0.0111254416 0.0546776727 -0.00248549529
v -0.0113424724 0.0545821786 -0.00237606303
v -0.0113485949 0.0545958206 -0.00223526382
v -0.011341284 0.0546059236 -0.00223490433
v -0.0111913756 0.0547910929 -0.00216543511
v -0.0111766625 0.0548143275 -0.0022028035
v -0.0113186613 0.0545617603 -0.00243853242
v -0.0112877199 0.0545376241 -0.00248418958
v -0.0112614715 0.0545180365 -0.00250958488
v -0.010930704 0.0547827333 -0.00242371135
v -0.0110598644 0.054633759 -0.00251286314
v -0.0111362943 0.0545347109 -0.0025389588
v -0.0112082874 0.0544797145 -0.0025390184
v -0.011186813 0.0544645935 -0.00254463614
v -0.0107997553 0.0546813346 -0.00112093997
v -0.0105898669 0.0550016798 -0.00174976536
v -0.0106581338 0.0550432988 -0.00173271843
v -0.0106476508 0.0549757369 -0.00148197473
v -0.0108995941 0.0548149943 -0.00239358866
v -0.0111624273 0.0548219942 -0.00213868939
v -0.0109918676 0.0549720414 -0.00213047513
v -0.0109202918 0.0549814403 -0.0021822697
v -0.0107811494 0.0549230091 -0.00224500359
v -0.0108479578 0.0549638644 -0.00222126418
v -0.0107306233 0.0550392345 -0.00199495838
v -0.0107148578 0.0549707264 -0.0021310302
v -0.0107218781 0.0549662337 -0.00214454555
v -0.0105998833 0.0550072826 -0.00180466496
v -0.0106095904 0.0550094657 -0.00184787274
v -0.0106628761 0.054998409 -0.00201577158
v -0.0106977345 0.0548497103 -0.00127057929
v -0.0106059676 0.0548551865 -0.00134920527
v -0.0105810715 0.0549255908 -0.00147876912
v -0.0107335458 0.0546341948 -0.00112753001
v -0.0106620388 0.0547473505 -0.00121700962
v -0.0106302779 0.0548047349 -0.00128008064
v -0.0110199181 0.0547617972 -0.00133872416
v -0.0110195726 0.0547303259 -0.00126403954
v -0.0109493248 0.0547343716 -0.00118830439
v -0.0108737787 0.0547162928 -0.00114101928
v -0.0110558625 0.0549310967 -0.00206800015
v -0.0109700561 0.0549889952 -0.00190147967
v -0.0108909002 0.0550388321 -0.00193570019
v -0.0109171513 0.0549946055 -0.00170899392
v -0.0108285518 0.0550442971 -0.00171048217
v -0.0109094223 0.0549466237 -0.00152564445
v -0.0108194193 0.0549874268 -0.0014957136
v -0.0109456582 0.054854475 -0.00137187925
v -0.0108621493 0.0548794158 -0.00131527346
v -0.0108087761 0.0550539903 -0.00196754211
v -0.0107398685 0.055058863 -0.00171902613
v -0.0107298102 0.0549954176 -0.00148172886
v -0.0107771782 0.0548760965 -0.00128200289
v -0.0110265315 0.0549388267 -0.00194072002
v -0.0109544946 0.0549570732 -0.00170762301
v -0.0109549277 0.0548904054 -0.00149525912
v -0.011370535 0.0544316955 -0.00175051228
v -0.0112487031 0.0544533841 -0.00127962616
v -0.0114693223 0.054410141 -0.00218604342
v -0.0114082424 0.0542790145 -0.00141244766
v -0.0115150614 0.0541869551 -0.00161733699
v -0.0115611609 0.0541840047 -0.00185062399
v -0.0115425214 0.0542657673 -0.00205003307
v -0.0116076041 0.0540263988 -0.00204113522
v -0.0116035864 0.0541230366 -0.00199621753
v -0.0115594408 0.0542397983 -0.00218343199
v -0.0115323039 0.0541059189 -0.00154341047
v -0.0112605868 0.0543547869 -0.00253351987
v -0.0113342041 0.0544102117 -0.00249949307
v -0.0114066657 0.0542930029 -0.00246199057
v -0.0114684254 0.0544076823 -0.0023047796
v -0.0114240227 0.054203812 -0.00134723645
v -0.0114055276 0.0541195646 -0.0012978802
v -0.0112848841 0.0543523207 -0.00121338118
v -0.0112467511 0.0542890355 -0.00114476692
v -0.011186121 0.0542202108 -0.00110853475
v -0.0115945544 0.0540764742 -0.00177145971
v -0.0115980608 0.0539731681 -0.00178358366
v -0.0115282331 0.0540072955 -0.0015224166
v -0.0115572643 0.0541605651 -0.00225584046
v -0.0114539796 0.0543535352 -0.00239526131
v -0.0115716076 0.0539386049 -0.00207746797
v -0.0115750022 0.0538978949 -0.00194117089
v -0.0115521578 0.0540015884 -0.00220209197
v -0.0115173971 0.0540840887 -0.00231037498
v -0.0114683677 0.0541827045 -0.00239808322
v -0.0112103987 0.0544384159 -0.00117705029
v -0.0111614745 0.0543870479 -0.00110342365
v -0.0110941753 0.0543255433 -0.00106433232
v -0.0110187 0.0542635024 -0.0010660534
v -0.0111110397 0.0541575961 -0.00111042359
v -0.0115620783 0.0538806804 -0.00179848669
v -0.0115328664 0.0538874604 -0.00165490282
v -0.0114880567 0.0539172143 -0.00151598675
v -0.0113568604 0.0540379956 -0.00127346092
v -0.0112856487 0.0539714321 -0.00127768912
v -0.0112837721 0.0539733246 -0.00127515593
v -0.0113395862 0.054225713 -0.00248968252
v -0.0113966186 0.0541229732 -0.00242865109
v -0.0114497729 0.0540154055 -0.00233165198
v -0.0114821875 0.0539375916 -0.00222779834
v -0.0115027018 0.0538699441 -0.00209182152
v -0.0115056885 0.0538311787 -0.00196015672
v -0.0114918454 0.0538128763 -0.00180699525
v -0.0114635322 0.0538195185 -0.00166712923
v -0.0114164753 0.0538508035 -0.00152022054
v -0.0109190838 0.0547733381 -0.00242662453
v -0.0108634038 0.0547819287 -0.00240497873
v -0.0106788222 0.054938063 -0.00214377255
v -0.0105634686 0.0549747124 -0.00181579613
v -0.0105450479 0.0548927002 -0.00148995616
v -0.0106254397 0.0547152907 -0.00122914102
v -0.00613161223 0.0325872973 -0.00642144121
v -0.0061088209 0.0325124525 -0.00610048883
v -0.00638188375 0.0333286785 -0.00642135134
v -0.00626529614 0.0329976529 -0.00672888011
v -0.0061902646 0.0327724293 -0.00664036162
v -0.00613161223 0.0325872973 -0.00577953411
v -0.0061902646 0.0327724293 -0.0055606137
v -0.00626529614 0.0329976529 -0.00547209708
v -0.00638188375 0.0333286785 -0.00577962305
v -0.00592755107 0.0323511399 -0.00610048883
v -0.0058985455 0.032346718 -0.00610048883
v -0.0059148958 0.0324043594 -0.00576507254
v -0.0060785301 0.0324793048 -0.00581956236
v -0.0060061859 0.0324269831 -0.00578682823
v -0.00605188636 0.0325798318 -0.00552115543
v -0.00599072874 0.0323734321 -0.00610048883
v -0.00603569485 0.0324031077 -0.00610048883
v -0.00606439589 0.0324315019 -0.00610048883
v -0.00610069791 0.0324903168 -0.00610048883
v -0.00612447271 0.0328091346 -0.00534411101
v -0.00618556514 0.0328204781 -0.00542299217
v -0.00612009037 0.0326157473 -0.00558160013
v -0.00592827518 0.0327779502 -0.0053056418
v -0.00599896675 0.0326839685 -0.00537225557
v -0.0058624954 0.0325658806 -0.00548934331
v -0.00596343726 0.0325688496 -0.00548097072
v -0.00581794605 0.0324137174 -0.005761459
v -0.00580158131 0.0323556513 -0.00610048883
v -0.00608812226 0.0329581797 -0.00524218148
v -0.00604096055 0.0328154191 -0.00529163843
v -0.00599622913 0.0329852998 -0.00522300927
v -0.00601669587 0.0330459177 -0.00521215377
v -0.00618556514 0.0328204781 -0.00677798316
v -0.00612447271 0.0328091346 -0.00685686432
v -0.00605188636 0.0325798318 -0.0066798199
v -0.00612009037 0.0326157473 -0.0066193752
v -0.0060061859 0.0324269831 -0.00641414709
v -0.0060785301 0.0324793048 -0.00638141297
v -0.00592827518 0.0327779502 -0.00689533353
v -0.00604096055 0.0328154191 -0.00690933876
v -0.00599622913 0.0329852998 -0.00697796792
v -0.00608812226 0.0329581797 -0.00695879571
v -0.00581794605 0.0324137174 -0.00643951632
v -0.0059148958 0.0324043594 -0.00643590279
v -0.0058624954 0.0325658806 -0.00671163201
v -0.00596343726 0.0325688496 -0.0067200046
v -0.00599896675 0.0326839685 -0.00682871975
v -0.00601669587 0.0330459177 -0.00698882155
v 0.000851737568 0.00530184479 0.00232396275
v 0.000797490182 0.00899987482 0.0022982494
v 0.000312338118 0.00898628496 0.00229788991
v -0.00208417326 0.00892007165 0.00213440927
v -0.00304766535 0.0076337466 0.00194731937
v -0.00302646565 0.00727006607 0.00194890064
v -0.0023012876 0.00695241569 0.00210421369
v -0.00188914617 0.00676209014 0.00215656497
v -0.00072014553 0.00618155673 0.00226691738
v -0.00265298923 0.0119603397 0.00207146327
v -0.00343329436 0.011909266 0.00191018241
v -0.000880795298 0.0120691294 0.00224575284
v 0.000727801642 0.0121672088 0.00227847951
v -0.00347071793 0.0560168363 -0.00355525897
v -0.00343257678 0.0560686029 -0.00439764792
v -0.00406380836 0.0565747023 -0.0043528066
v -0.00402705139 0.0565490387 -0.00522448728
v -0.00393222086 0.056481231 -0.00610044133
v -0.00466418127 0.0568606481 -0.00610043341
v -0.00224046828 0.0544881523 -0.00610046927
v -0.00229480537 0.0545613728 -0.005308297
v -0.00187387411 0.0537861139 -0.00610048603
v -0.00187412975 0.0537130572 -0.00480784336
v -0.00234704535 0.0545648634 -0.0045090192
v -0.00238979911 0.0544827245 -0.0037421626
v -0.0018753967 0.0535215586 -0.0037554435
v -0.00241362024 0.0543058589 -0.00303461077
v -0.00187534955 0.0533717982 -0.00324769015
v -0.00294354279 0.0548217669 -0.00207091519
v -0.0018740067 0.0532331318 -0.00287990691
v -0.0018730103 0.0531770997 -0.00275035063
v -0.00236860057 0.0536343679 -0.00182441657
v -0.00186673622 0.0529754721 -0.00235017436
v -0.00229608803 0.0531195961 -0.00132502464
v -0.00186209241 0.0528791696 -0.00218777219
v -0.0018333972 0.0525155328 -0.00169249484
v -0.00218956498 0.0525444336 -0.000921246014
v -0.0022165149 0.0525461286 -0.000872517354
v -0.00282001775 0.0534498766 -0.000643717358
v -0.00343224732 0.053711962 -1.98111975e-05
v -0.00298457104 0.052563265 0.000174032306
v -0.00264726137 0.0525632687 -0.000217804947
v -0.00320973131 0.0525566079 0.00039354508
v -0.00338798505 0.0530936942 0.000270973746
v -0.003819359 0.0525110923 0.000859174761
v -0.0041074981 0.053129483 0.000784097181
v -0.00390473381 0.0525015742 0.000912323478
v -0.00652664062 0.0526830852 0.00149098411
v -0.00731192343 0.0525146201 0.00150890276
v -0.00725527667 0.0521979071 0.00157673087
v -0.00448636943 0.052414827 0.00121038395
v -0.00486480771 0.0530793555 0.00113760482
v -0.00492647849 0.0523235612 0.00137378636
v -0.0056852689 0.0529292822 0.00136883173
v -0.00523898564 0.0522455201 0.00146421581
v -0.00607906794 0.051981803 0.00162307348
v -0.00705438759 0.051581338 0.00169574271
v -0.0065457751 0.0536957979 0.00122204609
v -0.00735352747 0.0530119203 0.00138828147
v -0.00727438414 0.0547488332 0.000687046035
v -0.00729956105 0.0543900952 0.000885529502
v -0.00646491256 0.0546456166 0.000836201129
v -0.00732980575 0.0539623611 0.00107736327
v -0.00633343682 0.0567590669 -0.00164831802
v -0.00726757897 0.0566637702 -0.00195223279
v -0.00725231413 0.0563421994 -0.00112526107
v -0.00728429249 0.0570766889 -0.00419493206
v -0.00601000944 0.0571738407 -0.00610043528
v -0.00636455184 0.0571566559 -0.00414734893
v -0.00558275823 0.0571176112 -0.00610043155
v -0.0055142194 0.0571084246 -0.00422467664
v -0.00632718392 0.0569191985 -0.00221609324
v -0.0054767807 0.0567957349 -0.00176153146
v -0.00546870101 0.0569387414 -0.00232510269
v -0.00472243549 0.0566188395 -0.00189722329
v -0.00471934117 0.0567582063 -0.00243934058
v -0.00406427309 0.0563870519 -0.0025628861
v -0.00406854833 0.0560163409 -0.00150120456
v -0.0047304933 0.0563782342 -0.00128153141
v -0.00549042365 0.0565411039 -0.0011116917
v -0.00634274445 0.056485191 -0.000989714521
v -0.00723957224 0.0558850877 -0.000357070792
v -0.00347131491 0.0551781245 -0.00126411766
v -0.00407094369 0.0556583889 -0.000907205045
v -0.00474333856 0.0559794866 -0.0006224307
v -0.00551010668 0.0561099648 -0.000413386006
v -0.00635746401 0.0560319275 -0.000280448992
v -0.00724411383 0.0553609617 0.000225318727
v -0.00727903889 0.0569081865 -0.00294582569
v -0.00633312203 0.0570848994 -0.00321393483
v -0.005477631 0.0570696853 -0.00331432954
v -0.00473210122 0.0568872839 -0.00340461195
v -0.00406696228 0.0565356947 -0.00348506519
v -0.00348666357 0.0558469221 -0.00269638188
v -0.00348337879 0.0554888546 -0.00176805269
v -0.00292426441 0.0545671135 -0.00167010003
v -0.00569279026 0.0538800806 0.0010954272
v -0.00487570092 0.05394198 0.000855397433
v -0.00412907638 0.0538811758 0.000491408573
v -0.00286158128 0.0538820811 -0.000953795621
v -0.00344539876 0.0542892031 -0.000380093319
v -0.00410307897 0.0545883477 0.000105114668
v -0.00482025463 0.0547577962 0.0004639049
v -0.00561673194 0.0547786579 0.000705776794
v -0.00639462238 0.0554047711 0.000347828638
v -0.00554930093 0.055508215 0.0002113191
v -0.00477076648 0.055426985 -2.34915824e-05
v -0.00407994958 0.0551730134 -0.000357827113
v -0.00345630199 0.0547717512 -0.000792026636
v -0.00289527024 0.0542499237 -0.00129292731
v -0.00348122534 0.0561416447 -0.00610044692
v -0.00336018414 0.0560303554 -0.00525117153
v -0.00324209617 0.0559192114 -0.00610045064
v -0.00277597317 0.0553544611 -0.0052744546
v -0.00260422099 0.05512283 -0.00610046182
v -0.00285696564 0.0553918406 -0.00444205897
v -0.00291624595 0.0553298965 -0.00363278436
v -0.00294778217 0.0551508926 -0.00284837582
v -0.00475653214 0.0569175147 -0.00429369882
v -0.0028622346 0.053889282 -0.0112413196
v -0.00289602741 0.0542580336 -0.0108995372
v -0.00236927671 0.0536397658 -0.0103701828
v -0.00451153098 0.0524096377 -0.0134206936
v -0.00492632249 0.0523231328 -0.0135750119
v -0.00486523891 0.0530843586 -0.0133371642
v -0.00402436452 0.0565469228 -0.00693979394
v -0.00406324212 0.0565747283 -0.00781714078
v -0.00475727953 0.0569176339 -0.00787550863
v -0.0033562188 0.056027066 -0.00691394042
v -0.00551580871 0.0571090244 -0.007943579
v -0.00636604661 0.0571583025 -0.00801975001
v -0.00634237472 0.0564977899 -0.0111862235
v -0.00639333529 0.0554210059 -0.0125356307
v -0.00635682372 0.0560485274 -0.0118996212
v -0.00646336656 0.0546610504 -0.0130292941
v -0.0065450985 0.0537078492 -0.013419129
v -0.00652730837 0.0526889004 -0.013690643
v -0.00608688779 0.0519792475 -0.0138258729
v -0.00384724117 0.0525082424 -0.0130760912
v -0.00319362152 0.0525589436 -0.0125787398
v -0.00338840205 0.0530973673 -0.0124704037
v -0.00298484764 0.0525647067 -0.0123750865
v -0.0034325067 0.05371923 -0.0121772578
v -0.00269121327 0.0525643453 -0.0120393792
v -0.00187327457 0.0531805381 -0.00944270194
v -0.00186679594 0.0529777817 -0.00984628126
v -0.00294400472 0.0548295975 -0.0101157259
v -0.0029250083 0.0545757897 -0.010518996
v -0.00229253364 0.0545595922 -0.00685899239
v -0.00187442184 0.0537062399 -0.00744849537
v -0.00234528468 0.05456613 -0.00766366441
v -0.00187588553 0.0535094067 -0.00849247817
v -0.00238875067 0.0544865429 -0.00843659509
v -0.00187581172 0.0533764102 -0.00893968623
v -0.00241334108 0.0543111674 -0.00915039424
v -0.001874006 0.0532169789 -0.00935925916
v -0.00406707637 0.0565381534 -0.00868951064
v -0.00473278062 0.0568892099 -0.00876916107
v -0.00547840167 0.0570717305 -0.0088588791
v -0.00633371668 0.0570880063 -0.00895884167
v -0.00406425586 0.0563924313 -0.0096149845
v -0.00471936259 0.0567632131 -0.00973704271
v -0.00546850683 0.0569438003 -0.00985049456
v -0.00632701768 0.0569250584 -0.00995935872
v -0.00473015103 0.0563893132 -0.010896191
v -0.00406847475 0.056026537 -0.0106788147
v -0.00474281469 0.055994086 -0.0115590123
v -0.00407083193 0.0556712821 -0.0112761017
v -0.00476985145 0.0554413535 -0.0121645853
v -0.00407957239 0.0551856123 -0.0118311113
v -0.00481918314 0.0547712259 -0.0126569364
v -0.00410254532 0.0546000227 -0.012298407
v -0.00487523386 0.0539522581 -0.013052362
v -0.00412890734 0.0538900606 -0.0126883257
v -0.00410787482 0.05313389 -0.0129835662
v -0.00524004735 0.0522452816 -0.0136662601
v -0.00568578253 0.0529347584 -0.0135684554
v -0.00569212437 0.0538914204 -0.0132924635
v -0.00561527861 0.0547933765 -0.012898772
v -0.00554802641 0.0555238537 -0.0123990439
v -0.00550933555 0.0561258495 -0.0117669711
v -0.00548987044 0.0565529615 -0.0110646347
v -0.00282059028 0.053455323 -0.0115537895
v -0.00229663565 0.053123042 -0.0108731603
v -0.00185875327 0.0528234094 -0.0101002008
v -0.00344556104 0.054298766 -0.0118138995
v -0.00345662073 0.0547822379 -0.0113984374
v -0.0034717673 0.0551890433 -0.0109218573
v -0.00348366867 0.0554980151 -0.0104150791
v -0.00277217617 0.0553509779 -0.00689149182
v -0.00343065523 0.0560686626 -0.00777294207
v -0.00285440683 0.05539212 -0.0077293748
v -0.00346994796 0.056019906 -0.00862045866
v -0.00291484175 0.055333361 -0.00854435656
v -0.00348648871 0.0558526926 -0.0094836615
v -0.00294740614 0.0551566668 -0.00933416467
v -0.00221342477 0.0525462702 -0.0113218911
v -0.0018333972 0.0525155328 -0.0105084749
v -0.0078692846 0.0567567572 -0.00300040864
v -0.00817496888 0.055490274 -0.000299474137
v -0.00771899894 0.0569936894 -0.0041784253
v -0.0081270989 0.0569628961 -0.00484178774
v -0.0077453251 0.0568509549 -0.00326799625
v -0.00779061345 0.0566385947 -0.00242249109
v -0.00879980996 0.0539866611 0.000810567348
v -0.00839072838 0.054991208 0.000175669848
v -0.00887791533 0.0507359803 0.00166803948
v -0.00906022731 0.0513276942 0.00157415296
v -0.00919565931 0.0519620143 0.00145990564
v -0.00920719001 0.052519694 0.00133243937
v -0.00909939315 0.0530231521 0.00118970859
v -0.00786686596 0.056341283 -0.00162536651
v -0.00799296983 0.0559472889 -0.000896135287
v -0.00796113629 0.0568301864 -0.00350861088
v -0.00840300974 0.0498560518 0.00177483412
v -0.00796530023 0.0486818142 0.00180341257
v -0.00655615143 0.0504371822 0.00184003613
v -0.00862745475 0.050468605 0.00172495446
v -0.00615224335 0.049509313 0.00187891314
v -0.00707555143 0.0463738739 0.00182997354
v -0.0050747958 0.0470668711 0.00190186617
v -0.00529753324 0.0418820791 0.00187572336
v -0.00314380485 0.0427186899 0.00194279174
v 0.0013725271 0.0474560037 -0.00610048696
v 0.00116491562 0.0476684533 -0.00408205902
v 0.00258221594 0.044965297 -0.00610048696
v 0.00250386703 0.0449346453 -0.00420693634
v 0.00238249241 0.0448870026 -0.00321832462
v 0.000785967801 0.0477972813 -0.00238789734
v 0.00225800881 0.0448380671 -0.00255676871
v 0.00192145922 0.0447054915 -0.00139311084
v 0.000228533958 0.0478487052 -0.000993688591
v 0.00184563186 0.0446755812 -0.00119768584
v 0.00182760251 0.0446684659 -0.00115364545
v -0.00051076879 0.0478222556 0.000111960951
v 0.00121537561 0.0444267504 -3.02747831e-05
v 0.000363409927 0.0440906584 0.000875253929
v 0.000422511424 0.0441139415 0.000827292679
v -0.00143130799 0.0477193631 0.000938278856
v 0.00080547668 0.0442649387 0.000469085528
v 0.00119755371 0.0444197133 -5.39170469e-06
v 0.000194923487 0.0440243259 0.00100274826
v -0.00251765479 0.0475480668 0.00149802619
v -0.000593630481 0.0437145345 0.00145271304
v -0.00185885211 0.0432196222 0.00182971056
v -0.00180510839 0.0432406031 0.00181997637
v -0.00375361135 0.0473163016 0.00180875626
v -0.00104236417 0.043538738 0.00162573426
v -0.000661915343 0.0436877608 0.00148236647
v -0.00255280104 0.0429489575 0.00191690843
v -0.00541928923 0.0508192368 0.00175756938
v -0.00428083912 0.0510718971 0.00149027794
v -0.00325736147 0.0512722172 0.000984344399
v -0.00237296754 0.0514099598 0.000208262005
v -0.000838129839 0.0499214232 -0.000892194686
v -0.000244237366 0.0498199351 -0.00229023281
v -0.00160632818 0.0499445945 0.000197560934
v 0.000174357614 0.0496387817 -0.00401531998
v 0.000416475174 0.0493776649 -0.0061004865
v -0.00484242104 0.0496090539 0.00180335122
v -0.00362953171 0.0497775823 0.00152213464
v -0.00254369644 0.0498930104 0.000995469745
v 0.000174357614 0.0496387817 -0.00818565115
v -0.000244237366 0.0498199351 -0.0099107381
v -0.00237296754 0.0514099598 -0.0124092326
v -0.00325736147 0.0512722172 -0.0131853148
v -0.00428083912 0.0510718971 -0.0136912493
v -0.00541928923 0.0508192368 -0.0139585407
v -0.00484242104 0.0496090539 -0.0140043236
v -0.00630335324 0.0498559549 -0.0140704978
v -0.00655612163 0.0504371859 -0.0140408315
v -0.00314380485 0.0427186936 -0.0141437659
v -0.00506785838 0.0470512174 -0.014103109
v -0.00256936555 0.0429424942 -0.0141193066
v -0.00375361135 0.0473163053 -0.0140097281
v -0.00185874826 0.0432196595 -0.0140312379
v -0.00180501188 0.0432406329 -0.0140215307
v -0.00101737259 0.0435484685 -0.0138189755
v -0.00251765479 0.0475480705 -0.0136989988
v -0.000661810453 0.0436877273 -0.0136835119
v 0.000421446282 0.0441134572 -0.0130270245
v 0.000362330029 0.0440901704 -0.0130750006
v -0.00143130799 0.0477193668 -0.0131392516
v 0.000238166307 0.0440412723 -0.0131703336
v -0.000593569828 0.0437144712 -0.0136537571
v 0.000804744835 0.0442645811 -0.0126692187
v -0.00051076879 0.0478222556 -0.0123129338
v 0.00119749596 0.0444196016 -0.0121954782
v 0.00125256123 0.0444413424 -0.0121177407
v 0.000228533958 0.0478487052 -0.0112072825
v 0.00182794535 0.0446684659 -0.0110475048
v 0.00192052091 0.044704996 -0.0108112115
v 0.000785967801 0.0477972813 -0.00981307402
v 0.00225801673 0.0448380373 -0.00964420382
v 0.00238288497 0.0448871516 -0.00898077339
v 0.00116491562 0.0476684533 -0.00811891258
v 0.00250405981 0.0449347086 -0.00799405202
v -0.00362953171 0.0497775823 -0.0137231071
v -0.00254369644 0.0498930104 -0.0131964423
v -0.00160632818 0.0499445945 -0.0123985326
v -0.000838129839 0.0499214232 -0.0113087771
v -0.00862745475 0.050468605 -0.0139259258
v -0.00840300974 0.0498560518 -0.0139758056
v -0.00796530023 0.0486818142 -0.0140043842
v -0.00707555143 0.0463738777 -0.0140309464
v -0.00529753324 0.0418820828 -0.0140766976
v 2.86102604e-05 0.0289934259 -0.0142820152
v 9.29911839e-05 0.0271106102 -0.0143073453
v -0.00101866922 0.0267188456 -0.0142254205
v -0.00364090409 0.014936218 -0.0140847424
v -0.00365765882 0.0153553728 -0.01408129
v -0.00306107011 0.0153262289 -0.0142073873
v -0.00301907887 0.0312511548 -0.0139218913
v -0.00315900706 0.0316380225 -0.0139196273
v -0.00130762265 0.032192722 -0.01414352
v -0.00342583214 0.0375682935 -0.0141132418
v -0.00264694402 0.0357563943 -0.0141229536
v -0.00187778869 0.0339500681 -0.0141324382
v -0.00399736408 0.0333918035 -0.0139050949
v -0.00342563796 0.0322589986 -0.0139148636
v -0.00278469431 0.0303251743 -0.0139400987
v -0.00104198081 0.0304004904 -0.0141695449
v -0.00271391356 0.0294929594 -0.0139712039
v -0.00101251807 0.0294908732 -0.0141851632
v -0.0027748202 0.0285260733 -0.0139844073
v -0.00101098581 0.0285951979 -0.014197439
v -0.00290962029 0.0272058602 -0.013995531
v -0.00306866411 0.0188908111 -0.0141565194
v -0.00364188221 0.0189428069 -0.0140543487
v -0.00358553277 0.020010313 -0.0140470462
v -0.00368423597 0.0174350962 -0.0140650356
v 0.000727801642 0.0121672107 -0.0144794602
v 0.000382759783 0.0153103564 -0.014457589
v 0.000635713281 0.0154625503 -0.0144524146
v 0.000293211313 0.0189519506 -0.0144160446
v 0.000457235001 0.0204817057 -0.0143970717
v 0.000153216242 0.0271754228 -0.0143087488
v 5.90257732e-05 0.0296104085 -0.014276268
v -5.67611969e-05 0.0307602007 -0.0142568769
v 6.00202075e-05 0.0297644176 -0.0142745925
v 0.00012340289 0.0309664179 -0.0142622525
v 0.0003420992 0.0323469825 -0.0142504629
v 0.000297259015 0.0321428441 -0.0142523274
v -0.000267425989 0.0325142629 -0.0142320879
v 0.000133098903 0.0310606956 -0.0142613119
v -0.000738412898 0.0342376083 -0.0142137054
v 0.000567714102 0.0331468284 -0.0142376134
v 0.000444088975 0.032743793 -0.014245539
v 0.000650820904 0.0333885401 -0.0142310485
v 0.000413989037 0.0343377292 -0.0142222475
v 0.000362486026 0.0345070064 -0.0142206894
v -7.63143544e-05 0.0357430913 -0.0142091941
v -0.00100502337 0.0379347876 -0.0141886752
v -0.00194643706 0.0400422215 -0.0141688855
v -0.00101264927 0.0120598432 -0.014438631
v -0.000990626635 0.0152793555 -0.0144193303
v -0.00105086935 0.0188551936 -0.0143632488
v -0.00103923155 0.0226900354 -0.0142937619
v -0.00228171237 0.022546459 -0.0141670136
v -0.00240559434 0.0188539512 -0.0142352702
v -0.00237487396 0.0152992439 -0.0142948516
v -0.00257451902 0.0119636981 -0.0142836189
v -0.00343329436 0.0119092679 -0.0141111631
v -0.00327697559 0.0237389989 -0.0140211806
v -0.00113980577 0.0313134268 -0.0141510591
v -0.00209640805 0.0263748225 -0.014103651
v -0.00304716593 0.00762498658 -0.0141483415
v -0.00208417326 0.00892007351 -0.0143353902
v -0.00302646565 0.00727006793 -0.0141498828
v -0.00217382773 0.00689435424 -0.0143218916
v -0.00172787195 0.00668566395 -0.0143782441
v 0.000312338118 0.00898628682 -0.0144988727
v -0.000806826865 0.00622697407 -0.0144624356
v 0.000797058106 0.00899987016 -0.0144995116
v 0.000851737568 0.00530184666 -0.0145249451
v -0.00330650224 0.00738697127 0.00181554467
v -0.00233608461 0.00696796319 0.000931497663
v -0.0017284964 0.00668603182 0.0010131225
v -0.000513637206 0.00607270887 0.00112340029
v 0.00120649533 0.00508661149 0.00221242011
v -0.00484519592 0.00797389168 -0.0114038512
v -0.00481475843 0.00796342269 -0.0115216626
v -0.00455978652 0.00787214842 -0.0123003107
v -0.00445914268 0.00783513393 -0.0125357788
v -0.00419205986 0.00773589499 -0.0130470386
v -0.00349429203 0.00746358884 0.00169308507
v -0.00371211627 0.00755060744 0.00149890431
v -0.00390983606 0.00762797333 0.00126655411
v -0.00413607154 0.00771490717 0.000932794181
v -0.00451498898 0.00785565935 0.000210885002
v -0.0048040417 0.00795967598 -0.00062708935
v -0.00506171444 0.00804561656 -0.00193158933
v -0.00522129983 0.00809735525 -0.0035720584
v -0.00529161515 0.00812052563 -0.00610049162
v -0.00520689599 0.00809276104 -0.00876306836
v -0.00505772885 0.00804429594 -0.0102879563
v -0.00502774259 0.00803455804 -0.0104912063
v -0.00380169251 0.00758613367 -0.0136015499
v -0.00346853607 0.00745325489 -0.0139134545
v -0.00391062861 0.00762858754 -0.0134666627
v 0.00120649533 0.00508661335 -0.0144134024
v -0.0017341692 0.00668110605 -0.0132164648
v -0.000513385166 0.00607278943 -0.0133245867
v -0.0056332699 0.0117932772 -0.00610049115
v -0.00562370708 0.0117935883 -0.007099899
v -0.00545656867 0.00991213787 -0.00610048929
v -0.00534001645 0.00920717698 -0.00826163124
v -0.00506846141 0.0118248798 -0.011818409
v -0.00514668599 0.00930754282 -0.0104308603
v -0.00474801054 0.0118439561 -0.0126202572
v -0.00426762272 0.0118682897 -0.0134397158
v -0.00389987603 0.011885494 -0.0138415154
v -0.00551607832 0.0117987441 -0.00925903767
v -0.00539524807 0.0118054543 -0.0103157619
v -0.0053418926 0.0118085388 -0.0106523819
v -0.0052802898 0.0118121663 -0.0109824678
v -0.00534001645 0.00920717698 -0.00393934967
v -0.00562221324 0.0117938435 -0.00502782874
v -0.00514668599 0.00930754095 -0.00177012011
v -0.00551257003 0.0117993066 -0.00290167681
v -0.00558785209 0.0117955627 -0.00402147695
v -0.00519067887 0.0118154855 -0.000819299021
v -0.0053162775 0.0118091982 -0.0014096197
v -0.00539518474 0.0118052159 -0.00188522949
v -0.00505392998 0.0118225133 -0.000332118478
v -0.00391381467 0.0118825389 0.00162858586
v -0.00426254096 0.0118632577 0.00124491251
v -0.00429868 0.0118613467 0.00119412935
v -0.00469264528 0.0118411919 0.000526182877
v -0.00483550085 0.0118339164 0.000232767838
v -0.00335278152 0.0299985111 0.00136380363
v -0.00364525383 0.0312096253 0.00132203952
v -0.00390208256 0.0311209746 0.000975997304
v -0.00424980186 0.0299070086 -0.000149694431
v -0.00428756932 0.0287931506 -0.000118253112
v -0.00394245051 0.0287641529 0.000591163291
v -0.0048312135 0.0298598409 -0.00321797258
v -0.00488818856 0.0288434196 -0.00320207491
v -0.00463133538 0.0288219005 -0.00129927264
v -0.00572839519 0.0144793727 -0.00316191069
v -0.00366010959 0.015355316 0.0018796802
v -0.00368828769 0.0173442774 0.00186388148
v -0.00397359999 0.0174197555 0.0017240732
v -0.00364567759 0.0189429596 0.00185243378
v -0.00357500208 0.0202330295 0.00184373173
v -0.00386499008 0.0202580895 0.00170271273
v -0.00318608992 0.0316893756 0.00171560538
v -0.00335993664 0.0313096978 0.00156616536
v -0.00316683156 0.0306740757 0.00157889642
v -0.00468908716 0.0308894869 -0.00137978338
v -0.00379764289 0.0330011435 0.00170540018
v -0.00364028546 0.0326897614 0.00170775631
v -0.00289598876 0.0308236238 0.00172490929
v -0.00305039645 0.0300329812 0.00160236016
v -0.00273781456 0.0299466476 0.00175305561
v -0.00292604044 0.0270551387 0.00179583463
v -0.00307010813 0.028690733 0.00163608126
v -0.00302730245 0.0261152666 0.00180312118
v -0.00364065845 0.0230808239 0.00168172852
v -0.00324531179 0.0240624901 0.00181781536
v -0.00479027303 0.0145299444 0.000685102248
v -0.00513395993 0.0145114604 -3.5381996e-05
v -0.00547445146 0.0144930584 -0.00123280403
v -0.0058282786 0.0144740082 -0.00610049069
v -0.00506026531 0.0280988999 -0.00610048929
v -0.00492873508 0.029853113 -0.00610048883
v -0.00492569292 0.0302392431 -0.00610048883
v -0.00487898523 0.0308412947 -0.00325179612
v -0.00458300812 0.029878635 -0.00132520241
v -0.00451552728 0.0231611561 0.000629452989
v -0.0048595625 0.0231927335 -8.4472842e-05
v -0.00520150689 0.0232240409 -0.0012721793
v -0.00545680383 0.0232474487 -0.00318570295
v -0.00571147725 0.0214383658 -0.00610049022
v -0.00394644774 0.0231088847 0.00144156825
v -0.00337463594 0.0287163556 0.00139748375
v -0.00332780788 0.0293846391 0.00138922676
v -0.00362845766 0.0299675576 0.00102674495
v -0.00274252798 0.0289709382 0.0017779218
v -0.00302262325 0.0293759797 0.00162756164
v -0.00415294245 0.0310401544 0.000496958441
v -0.00417215237 0.0202770755 0.00146182231
v -0.00422563963 0.0231344923 0.00110215892
v -0.00365280081 0.0287397206 0.00106046791
v -0.00391338766 0.0299383849 0.000557762454
v -0.00442834571 0.0309596546 -0.000213968611
v -0.00364143564 0.0148972506 0.00188351341
v -0.00390846282 0.0145773254 0.0017480898
v -0.00428202981 0.0174221992 0.00148246204
v -0.00445254426 0.0202943925 0.00112129538
v -0.00578500796 0.0203767009 -0.00610049022
v -0.00589452079 0.0164529476 -0.00610049069
v -0.00568461698 0.0203704927 -0.00317821372
v -0.0057964935 0.0174342878 -0.00317052309
v -0.00542945927 0.0203547478 -0.00125978002
v -0.00554145314 0.0174322538 -0.00124705664
v -0.00508758379 0.0203336943 -6.90076413e-05
v -0.0051996219 0.0174295828 -5.31512887e-05
v -0.0047432459 0.020312421 0.000647004403
v -0.00485498738 0.0174268149 0.000664959953
v -0.00456351833 0.0174244251 0.00114082673
v -0.00449898327 0.0145455468 0.00116276089
v -0.00421724701 0.0145607181 0.00150565535
v -0.00386499008 0.0202580914 -0.0139036905
v -0.00397359999 0.0174197573 -0.0139250532
v -0.00428202981 0.0174222011 -0.0136834411
v -0.00487898523 0.0308412965 -0.0089491792
v -0.00390846282 0.0145773273 -0.0139490701
v -0.00547445146 0.0144930594 -0.0109681766
v -0.00572839519 0.0144793736 -0.00903907046
v -0.00479027303 0.0145299463 -0.0128860828
v -0.00513395993 0.0145114614 -0.0121655995
v -0.00449898327 0.0145455487 -0.0133637404
v -0.00364065845 0.0230808258 -0.0138827059
v -0.00307010813 0.0286907349 -0.0138370581
v -0.00364525383 0.0312096272 -0.0135230171
v -0.00335993664 0.0313096978 -0.0137671418
v -0.00442834571 0.0309596565 -0.0119870072
v -0.00415294245 0.0310401563 -0.0126979342
v -0.00390208256 0.0311209764 -0.0131769739
v -0.00468908716 0.0308894888 -0.0108211916
v -0.0048312135 0.0298598409 -0.00898300298
v -0.00394245051 0.0287641548 -0.0127921393
v -0.00451552728 0.023161158 -0.0128304316
v -0.00428756932 0.0287931524 -0.0120827239
v -0.0048595625 0.0231927354 -0.0121165058
v -0.00463133538 0.0288219023 -0.0109017044
v -0.00520150689 0.0232240409 -0.0109287985
v -0.00488818856 0.0288434196 -0.00899890251
v -0.00545680383 0.0232474487 -0.00901527423
v -0.00362845766 0.0299675595 -0.0132277207
v -0.00391338766 0.0299383868 -0.0127587402
v -0.00424980186 0.0299070105 -0.0120512815
v -0.00458300812 0.0298786368 -0.0108757727
v -0.00335278152 0.0299985129 -0.0135647813
v -0.00316683156 0.0306740776 -0.013779873
v -0.00421724701 0.01456072 -0.0137066348
v -0.00417215237 0.0202770773 -0.0136628011
v -0.00456351833 0.017424427 -0.0133418078
v -0.00305039645 0.030032983 -0.0138033368
v -0.00302262325 0.0293759815 -0.0138285393
v -0.00332780788 0.029384641 -0.0135902036
v -0.00337463594 0.0287163574 -0.0135984598
v -0.00365280081 0.0287397224 -0.0132614449
v -0.00394644774 0.0231088866 -0.0136425467
v -0.00422563963 0.0231344942 -0.0133031374
v -0.00445254426 0.0202943943 -0.0133222733
v -0.0047432459 0.0203124229 -0.0128479823
v -0.00485498738 0.0174268167 -0.012865941
v -0.00508758379 0.0203336962 -0.0121319713
v -0.0051996219 0.0174295846 -0.0121478299
v -0.00542945927 0.0203547496 -0.0109411972
v -0.00554145314 0.0174322557 -0.0109539228
v -0.00568461698 0.0203704927 -0.00902276579
v -0.0057964935 0.0174342897 -0.00903045759
v -0.0126457186 0.050938867 -0.00542713609
v -0.0125924665 0.0509768836 -0.00534724165
v -0.0125934016 0.0512639321 -0.00552565884
v -0.01253899 0.0515516065 -0.00610049395
v -0.0125830816 0.0515162162 -0.00610048464
v -0.0125866085 0.0514532663 -0.00579292234
v -0.0126260426 0.0514592901 -0.00610048091
v -0.012644805 0.0513685532 -0.00582564529
v -0.0124045061 0.0515416078 -0.00582214911
v -0.0124013266 0.0515863709 -0.0061004865
v -0.012435467 0.0515862331 -0.00610048836
v -0.0124637503 0.0510101728 -0.0052800877
v -0.0124445241 0.0506482348 -0.00521187019
v -0.0124259349 0.0506497882 -0.00520881172
v -0.0124130417 0.051385317 -0.00554289576
v -0.012462548 0.0513161533 -0.00547433551
v -0.0124161504 0.0512928665 -0.0054472452
v -0.0124162212 0.050989721 -0.00526664872
v -0.0123976655 0.0506521687 -0.00520701613
v -0.0126648014 0.0509636849 -0.00554863829
v -0.0126487752 0.0511976704 -0.00558671262
v -0.012666977 0.0512081496 -0.005756828
v -0.0126649607 0.0513123572 -0.00601858972
v -0.0126648098 0.0513177663 -0.00610045856
v -0.0125736175 0.050637383 -0.00528448541
v -0.0126149328 0.0506339259 -0.00534249377
v -0.0126461415 0.0506312735 -0.00547036435
v -0.0125901978 0.0513730608 -0.00565046351
v -0.0125110922 0.0510029383 -0.00529394392
v -0.0125326822 0.0506408177 -0.00524945091
v -0.0124783674 0.0506453775 -0.00522144977
v -0.0124982046 0.0515569635 -0.00593666686
v -0.012501494 0.0515060462 -0.00577109586
v -0.0124059375 0.0515195429 -0.00576359872
v -0.0125060398 0.0514213964 -0.00561854523
v -0.0125103528 0.0513061695 -0.00548492093
v -0.0124971289 0.0515724346 -0.00610049767
v -0.0126649607 0.0513123572 -0.00618234789
v -0.012666977 0.0512081496 -0.00644413894
v -0.0126457186 0.050938867 -0.00677383086
v -0.0126648014 0.0509636849 -0.00665233424
v -0.0124162212 0.050989721 -0.00693432195
v -0.0123976655 0.0506521687 -0.0069939564
v -0.0124259349 0.0506497882 -0.00699216081
v -0.0124130417 0.051385317 -0.00665807491
v -0.0124161504 0.0512928665 -0.00675372733
v -0.0124625489 0.0513161682 -0.00672662025
v -0.0124637512 0.0510101877 -0.00692087924
v -0.0124445241 0.0506482348 -0.00698910234
v -0.0126461415 0.0506312735 -0.00673060631
v -0.0126149328 0.0506339259 -0.00685847877
v -0.0125736175 0.050637383 -0.00691648526
v -0.0125866085 0.0514532812 -0.00640801853
v -0.012501494 0.0515060611 -0.00642984314
v -0.0125901978 0.0513730757 -0.0065504848
v -0.0125060407 0.0514214113 -0.00658240309
v -0.0125934025 0.051263947 -0.00667529693
v -0.0125103528 0.0513061844 -0.00671603298
v -0.0124783674 0.0506453775 -0.00697952276
v -0.0125326822 0.0506408177 -0.00695152162
v -0.0125110922 0.0510029383 -0.00690702302
v -0.0125924665 0.0509768985 -0.0068537253
v -0.0126487752 0.0511976853 -0.00661424315
v -0.012644805 0.0513685681 -0.0063752993
v -0.0124059375 0.0515195578 -0.00643734029
v -0.0124982046 0.0515569784 -0.00626426516
v -0.0124045061 0.0515416078 -0.00637882156
v -0.0126354983 0.0505164862 -0.0067218109
v -0.0126460744 0.0506395325 -0.00610057404
v -0.0126334494 0.0504966974 -0.00671846187
v -0.0126185622 0.0503678471 -0.00668230234
v -0.0125647942 0.0500172414 -0.0063723377
v -0.0125525882 0.0499513894 -0.00610045856
v -0.0125976652 0.0502162315 -0.00660116551
v -0.0126025891 0.0502497144 -0.00662348932
v -0.0126354899 0.0505164415 -0.00547916908
v -0.0125647867 0.0500172265 -0.00582866091
v -0.0125976577 0.0502162054 -0.00559982751
v -0.0126025965 0.0502497442 -0.00557747018
v -0.0126185622 0.050367862 -0.00551866274
v -0.0126334494 0.0504966974 -0.0054825088
v -0.0125920642 0.0504709743 -0.00534485374
v -0.0124602169 0.050462734 -0.00523842219
v -0.012265401 0.0497973636 -0.0057643773
v -0.0123474868 0.0497931875 -0.00576970261
v -0.0123361172 0.0497426428 -0.00593604287
v -0.012426164 0.0498168804 -0.00578497071
v -0.0124405446 0.0497703254 -0.00610048464
v -0.0124971876 0.0498704836 -0.00581038278
v -0.0124846911 0.0498106107 -0.00610048464
v -0.0125486096 0.0499537326 -0.00584488269
v -0.0125259571 0.0498722382 -0.00610047719
v -0.012628125 0.0504867844 -0.00543479715
v -0.0123793799 0.0504690222 -0.00522438157
v -0.0124377273 0.0502881967 -0.0052889036
v -0.0123567255 0.0502939783 -0.00527568441
v -0.0124128247 0.0501284637 -0.005371009
v -0.0123063177 0.0499943905 -0.00547155272
v -0.0123878866 0.0499895699 -0.00548155699
v -0.0123653477 0.0498764776 -0.00561621133
v -0.0122835208 0.0498809591 -0.00560844224
v -0.0124120452 0.0497525185 -0.00610048464
v -0.0123480838 0.0497292317 -0.00610048277
v -0.0122501533 0.0497305021 -0.00610048464
v -0.0126117459 0.0503481664 -0.00547373388
v -0.0125728268 0.050314609 -0.00538904313
v -0.0125940554 0.0502211042 -0.00553707499
v -0.012551791 0.0501714014 -0.00546095055
v -0.0125765782 0.0501104183 -0.00562238414
v -0.0125308689 0.0500467643 -0.00555780251
v -0.0125609376 0.0500202104 -0.00572634023
v -0.0125120571 0.0499452502 -0.00567581784
v -0.012532467 0.0504631437 -0.00527845416
v -0.0125111341 0.0502947271 -0.00532654952
v -0.0124876183 0.0501405634 -0.00540480297
v -0.0124641284 0.0500064716 -0.00551019143
v -0.0124429427 0.0498972908 -0.00563858915
v -0.012532467 0.0504631437 -0.00692251651
v -0.0123793799 0.0504690222 -0.00697659096
v -0.0125486096 0.0499537177 -0.006356047
v -0.0124971876 0.0498704538 -0.00639054319
v -0.0124261631 0.0498168506 -0.00641595153
v -0.0123361172 0.0497426279 -0.00626486307
v -0.0123474794 0.0497931764 -0.00643121591
v -0.012265401 0.0497973636 -0.0064365915
v -0.0123653477 0.0498764478 -0.00658472022
v -0.0122835124 0.049880933 -0.00659248931
v -0.0123878783 0.0499895401 -0.0067193876
v -0.0123063177 0.0499943905 -0.00672941795
v -0.0124602169 0.0504627191 -0.00696254661
v -0.0124128247 0.0501284488 -0.0068299449
v -0.0124377273 0.0502881818 -0.00691205962
v -0.0123567255 0.0502939634 -0.00692528626
v -0.0125609301 0.0500201955 -0.00647460064
v -0.0125765782 0.0501103885 -0.00657856604
v -0.0125940554 0.0502210893 -0.00666388264
v -0.0126117449 0.0503481515 -0.00672723306
v -0.0126281176 0.0504867695 -0.00676617166
v -0.0125920642 0.0504709594 -0.00685611693
v -0.0125728194 0.0503145941 -0.00681192195
v -0.0125517901 0.0501713715 -0.00674000522
v -0.0125308679 0.0500467345 -0.00664314395
v -0.0125120496 0.0499452353 -0.00652511744
v -0.0125111267 0.0502947122 -0.00687441556
v -0.0124876173 0.0501405336 -0.0067961528
v -0.0124641284 0.0500064418 -0.00669075316
v -0.0124429418 0.049897261 -0.00656234426
v -0.0111542409 0.0545698889 -0.0109383548
v -0.0111363335 0.0545932949 -0.0109362332
v -0.0110928109 0.0545856096 -0.011033318
v -0.0108682737 0.0545524918 -0.0111359945
v -0.0108178733 0.0545148887 -0.0111293998
v -0.0109259216 0.0543754064 -0.0111510353
v -0.0110571906 0.0546126403 -0.0110449605
v -0.0109591037 0.0545950159 -0.0111140013
v -0.0110258432 0.054554265 -0.011108866
v -0.0108979922 0.0545691662 -0.0111330533
v -0.010946746 0.0545046069 -0.0111477086
v -0.0111725498 0.0545464642 -0.0109386323
v -0.011137262 0.0545286611 -0.0110365944
v -0.0110769533 0.054489322 -0.0111129126
v -0.0110019865 0.0544347391 -0.0111525059
v -0.0111359432 0.0545351207 -0.00966216531
v -0.0110598477 0.0546336398 -0.00968830381
v -0.0111254416 0.0546776727 -0.00971547421
v -0.010930704 0.0547827333 -0.00977725815
v -0.011013058 0.0548314899 -0.00981237367
v -0.011183612 0.0547082834 -0.00976747554
v -0.0112614715 0.0545180365 -0.00969138462
v -0.0112511404 0.0545104668 -0.00968366303
v -0.0112082874 0.0544797145 -0.00966195203
v -0.011186813 0.0544645935 -0.0096563343
v -0.0113408109 0.0546066016 -0.00996611454
v -0.0113485949 0.0545958206 -0.00996570569
v -0.0112605458 0.0547168143 -0.00994421076
v -0.0113424724 0.0545821786 -0.00982490741
v -0.011232405 0.0547235273 -0.00984620955
v -0.0113186613 0.0545617603 -0.00976243801
v -0.0112877199 0.0545376241 -0.00971678179
v -0.0110629499 0.0548464656 -0.00984932389
v -0.0111072855 0.0548486821 -0.0098936744
v -0.0111763654 0.0548144206 -0.00999778602
v -0.0111913756 0.0547910929 -0.0100355363
v -0.0111610265 0.0548234023 -0.0100637022
v -0.0109001584 0.0548144057 -0.00980681647
v -0.0107811531 0.0549228154 -0.00995608605
v -0.0108479578 0.0549638644 -0.00997970626
v -0.0109202918 0.0549814403 -0.0100187007
v -0.0109918676 0.0549720414 -0.0100704944
v -0.0110558625 0.0549310967 -0.0101329703
v -0.0110258311 0.05493927 -0.0102617498
v -0.0110205812 0.054760877 -0.0108626122
v -0.0108737787 0.0547162928 -0.011059951
v -0.0107997553 0.0546813346 -0.0110800304
v -0.0107336193 0.0546341352 -0.0110732615
v -0.01066209 0.0547473058 -0.0109838424
v -0.0106977345 0.0548497103 -0.010930391
v -0.0105814245 0.054924842 -0.0107235992
v -0.0106060272 0.0548551865 -0.0108517408
v -0.0106302705 0.05480472 -0.0109208887
v -0.0106476508 0.0549757369 -0.0107189957
v -0.0106581338 0.0550432988 -0.010468252
v -0.0105899181 0.0550016165 -0.0104511939
v -0.0107306233 0.0550392345 -0.0102060111
v -0.0107149826 0.0549706221 -0.0100696879
v -0.0106629496 0.0549983643 -0.0101852287
v -0.0105996253 0.0550070331 -0.0103981439
v -0.0109700561 0.0549889952 -0.0102994898
v -0.0108909002 0.0550388321 -0.0102652693
v -0.0108285518 0.0550442971 -0.0104904883
v -0.0109171513 0.0549946055 -0.0104919756
v -0.0108194193 0.0549874268 -0.0107052568
v -0.0109094223 0.0549466237 -0.010675326
v -0.0108621493 0.0548794158 -0.0108856969
v -0.0109456582 0.054854475 -0.0108290901
v -0.0109493248 0.0547343716 -0.011012665
v -0.0110195726 0.0547303259 -0.0109369298
v -0.0108087761 0.0550539903 -0.0102334283
v -0.0109541295 0.0549566448 -0.0104962364
v -0.0109553924 0.0548891909 -0.0107078385
v -0.0107771782 0.0548760965 -0.0109189674
v -0.0107298102 0.0549954176 -0.0107192406
v -0.0107398685 0.055058863 -0.0104819434
v -0.011370535 0.0544316955 -0.0104504582
v -0.0115611609 0.0541840047 -0.0103503456
v -0.0115425214 0.0542657673 -0.0101509374
v -0.0114693223 0.054410141 -0.0100149261
v -0.0112487031 0.0544533841 -0.0109213442
v -0.0114082424 0.0542790145 -0.0107885227
v -0.0115150614 0.0541869551 -0.0105836336
v -0.0114684254 0.0544076823 -0.00989619177
v -0.0114539796 0.0543535352 -0.00980571005
v -0.0114066657 0.0542930029 -0.00973897986
v -0.0113342041 0.0544102117 -0.0097014783
v -0.0112103987 0.0544384159 -0.0110239191
v -0.0115594408 0.0542397983 -0.0100175394
v -0.0112467511 0.0542890355 -0.0110562034
v -0.0111614745 0.0543870479 -0.0110975467
v -0.0114240227 0.054203812 -0.0108537329
v -0.0115282331 0.0540072955 -0.010678554
v -0.0115323039 0.0541059189 -0.0106575591
v -0.0115980608 0.0539731681 -0.0104173878
v -0.0115945544 0.0540764742 -0.0104295118
v -0.0116035864 0.0541230366 -0.0102047529
v -0.0116076041 0.0540263988 -0.0101598343
v -0.0115572643 0.0541605651 -0.00994513091
v -0.0113568604 0.0540379956 -0.0109275095
v -0.011186121 0.0542202108 -0.0110924365
v -0.0110941753 0.0543255433 -0.0111366371
v -0.0112848841 0.0543523207 -0.0109875891
v -0.0114055276 0.0541195646 -0.0109030912
v -0.0114880567 0.0539172143 -0.0106849838
v -0.0115328664 0.0538874604 -0.0105460677
v -0.0115620783 0.0538806804 -0.0104024829
v -0.0115750022 0.0538978949 -0.0102597997
v -0.0115716076 0.0539386049 -0.0101235034
v -0.0115521578 0.0540015884 -0.00999887753
v -0.0115173971 0.0540840887 -0.00989059452
v -0.0114683677 0.0541827045 -0.00980288628
v -0.0110187 0.0542635024 -0.0111349169
v -0.0111110397 0.0541575961 -0.0110905459
v -0.0112837721 0.0539733246 -0.0109258136
v -0.0112856487 0.0539714321 -0.0109232813
v -0.0114164753 0.0538508035 -0.01068075
v -0.0112605868 0.0543547869 -0.00966744963
v -0.0113395862 0.054225713 -0.00971128792
v -0.0113966186 0.0541229732 -0.00977232028
v -0.0114497729 0.0540154055 -0.00986931846
v -0.0114821875 0.0539375916 -0.00997317303
v -0.0115027018 0.0538699441 -0.0101091489
v -0.0115056885 0.0538311787 -0.0102408137
v -0.0114918454 0.0538128763 -0.0103939744
v -0.0114635322 0.0538195185 -0.0105338404
v -0.0109194815 0.0547735132 -0.00977456942
v -0.0112275667 0.0519943982 -0.013375964
v -0.0115822265 0.0526874065 -0.0127870999
v -0.0113438247 0.053187076 -0.0125524113
v -0.0109054167 0.053955663 -0.0121196574
v -0.01180562 0.0521278158 -0.0129852621
v -0.011892098 0.0516841933 -0.0130979363
v -0.0118904896 0.0512441769 -0.0131873339
v -0.0118009085 0.0505855083 -0.013269322
v -0.0116761653 0.0499646813 -0.0132996375
v -0.0111836214 0.0497006588 -0.0136066871
v -0.0113139851 0.0496619456 -0.0135443164
v -0.0113960709 0.0500559807 -0.0135310404
v -0.0114862723 0.0496085174 -0.0134161441
v -0.0112651475 0.0513261333 -0.0135069098
v -0.0110792993 0.0501476824 -0.0136327771
v -0.0108343428 0.0530487075 -0.0130355023
v -0.0104096672 0.0538817495 -0.0126331607
v -0.0115950713 0.0512933545 -0.0134117128
v -0.0116016753 0.0516903102 -0.0133350054
v -0.0115351873 0.0520798676 -0.0132422969
v -0.0113347201 0.052630607 -0.0130666252
v -0.0111105032 0.0531494394 -0.0128484676
v -0.0106803197 0.0539570414 -0.012425215
v -0.0124037014 0.0506365411 -0.00957685336
v -0.0123638539 0.0503416732 -0.0096343318
v -0.0123194326 0.0501002893 -0.00978925824
v -0.012318382 0.0500952415 -0.00979415327
v -0.0122805899 0.0499328412 -0.010034577
v -0.0122619346 0.0498750806 -0.0103194108
v -0.012267583 0.0499294139 -0.0106056249
v -0.0122677824 0.0499306358 -0.0106086815
v -0.0122942403 0.0500856303 -0.0108500952
v -0.0123149268 0.0502044745 -0.0109487483
v -0.0123352455 0.050325904 -0.0110138189
v -0.0123590678 0.0504800938 -0.0110602891
v -0.0123779355 0.0506182536 -0.0110734571
v -0.0125712818 0.0501970612 -0.0107084913
v -0.0125761414 0.0501846895 -0.0106162671
v -0.012603444 0.050361935 -0.0107602375
v -0.0125998221 0.0503798947 -0.0108244121
v -0.0126348948 0.0505910702 -0.0108107328
v -0.0124073541 0.0506145582 -0.0110727409
v -0.0126507506 0.05060618 -0.00984376948
v -0.012619053 0.0503949784 -0.00983110163
v -0.0125805149 0.0503651239 -0.00974557456
v -0.0125197293 0.0503483452 -0.00968229119
v -0.0125791263 0.0506168008 -0.00965521857
v -0.0126196686 0.0506115854 -0.00971303973
v -0.0124486824 0.0503439493 -0.00964425132
v -0.0125376116 0.0506217368 -0.00961922761
v -0.0125555955 0.0506196246 -0.00963288918
v -0.0124320872 0.0506335013 -0.00957868714
v -0.0124521786 0.0506313294 -0.00958211347
v -0.0124863945 0.0506275557 -0.00959224533
v -0.012426489 0.0506121926 -0.0110701965
v -0.0124423252 0.0504705049 -0.0110487863
v -0.0124610486 0.0506079979 -0.0110612754
v -0.0125139952 0.0504682586 -0.0110107511
v -0.0125115635 0.0506020822 -0.0110367993
v -0.012556171 0.0505971722 -0.0110004209
v -0.0125757065 0.050473623 -0.0109447027
v -0.0125981681 0.0505930074 -0.0109441206
v -0.0125525929 0.0500778109 -0.0105329873
v -0.0125637893 0.050096482 -0.0104138916
v -0.0125490101 0.0500378571 -0.0103258379
v -0.0125649758 0.0500906073 -0.0102965934
v -0.0125835761 0.0501684882 -0.0100703547
v -0.0125617664 0.0500828959 -0.0101195341
v -0.0125110196 0.0500031784 -0.0100831809
v -0.0126159834 0.0503480248 -0.00990810152
v -0.0125875324 0.0502075441 -0.00994585641
v -0.0125424014 0.0501474403 -0.00987990201
v -0.012476787 0.0501099192 -0.00983084179
v -0.0123518305 0.0499252342 -0.0106058558
v -0.0124543551 0.0500987321 -0.0108206822
v -0.0123791173 0.0500840619 -0.0108472928
v -0.0123986984 0.0501967259 -0.010939518
v -0.0126153016 0.0504877791 -0.010853746
v -0.0125571191 0.0503482446 -0.010910064
v -0.0125226071 0.0501362123 -0.0107737985
v -0.0124287205 0.0499471799 -0.0105923377
v -0.012346453 0.0498711057 -0.0103214532
v -0.0124999071 0.0499979667 -0.0105677769
v -0.0124955093 0.0499513596 -0.0103248591
v -0.0124236932 0.0498957708 -0.0103232777
v -0.0124412449 0.0499521792 -0.0100557525
v -0.012365154 0.0499298796 -0.0100387298
v -0.0123823108 0.0500000753 -0.00991183706
v -0.0124030532 0.05009472 -0.00980109442
v -0.0124203283 0.0503269136 -0.0110076619
v -0.012493195 0.0503308885 -0.0109720444
v -0.0126602603 0.050700631 -0.00985125359
v -0.0126505941 0.050645303 -0.0103278421
v -0.0126781221 0.0511375517 -0.0103763817
v -0.0126745617 0.0510621406 -0.0105710458
v -0.0126626203 0.0508644059 -0.0107432567
v -0.0126797939 0.0511155874 -0.0101775052
v -0.0126784006 0.0509982333 -0.00999806914
v -0.0126760677 0.050933741 -0.00994500425
v -0.0126381358 0.0508317761 -0.0108719645
v -0.012503339 0.0508991294 -0.0110047283
v -0.0124564795 0.0509080552 -0.0110175377
v -0.0124078933 0.0509144142 -0.0110202227
v -0.0124260625 0.0509237647 -0.00962824933
v -0.0124748563 0.0509228855 -0.00963436905
v -0.0125213806 0.0509143807 -0.00964842737
v -0.0126010347 0.0508861318 -0.00970205851
v -0.012652792 0.0508464724 -0.00978241954
v -0.0126613732 0.0510617569 -0.00990798976
v -0.0126081696 0.0511312485 -0.00984641351
v -0.0126610408 0.0512078591 -0.0100991484
v -0.0126048513 0.0512987077 -0.0100659728
v -0.0126582729 0.0512596332 -0.010326039
v -0.0126002003 0.0513589345 -0.0103263911
v -0.0126564559 0.0512054302 -0.0105531206
v -0.0125994515 0.0512974709 -0.0105868075
v -0.0126521485 0.0510539487 -0.0107450606
v -0.0125977043 0.051124189 -0.0108068008
v -0.0124199511 0.0514273047 -0.0102113159
v -0.0124671059 0.0514351875 -0.0103258556
v -0.0124247363 0.0513721444 -0.0100354813
v -0.0124737183 0.0513695516 -0.0100377072
v -0.0124266008 0.0513413697 -0.00997627992
v -0.0125271063 0.0511765406 -0.009805304
v -0.0124801453 0.0511879548 -0.00979449973
v -0.0124314958 0.051174704 -0.00977594033
v -0.0124685196 0.0511819124 -0.0108566675
v -0.0124674262 0.0513693541 -0.0106137153
v -0.0124189658 0.051344309 -0.0106671201
v -0.0124193691 0.0511680916 -0.0108740488
v -0.012418027 0.0514373071 -0.0103253247
v -0.0124173993 0.0514275543 -0.0104394136
v -0.0124183828 0.0513718463 -0.0106148357
v -0.0125213414 0.0513562299 -0.0100436881
v -0.0125656789 0.0513323396 -0.0100532304
v -0.0125151426 0.0514212027 -0.0103262141
v -0.012560158 0.0513954684 -0.0103263855
v -0.0125152478 0.0513558984 -0.010608525
v -0.0125598926 0.0513316281 -0.010599426
v -0.0125157312 0.0511702709 -0.0108468663
v -0.0125593795 0.0511507876 -0.0108300131
v -0.0125843529 0.0508706197 -0.0109523702
v -0.0122991651 0.0523091108 -0.00742599135
v -0.0123557467 0.0519971214 -0.007481826
v -0.012390703 0.0517297164 -0.00765000423
v -0.0124007761 0.0516301803 -0.00776406704
v -0.0124078831 0.0515504219 -0.00790442806
v -0.0124119213 0.0515039042 -0.0080503067
v -0.0124137364 0.0514880903 -0.00820609275
v -0.0124133434 0.0515056849 -0.00836231094
v -0.0124101909 0.0515544675 -0.00850948785
v -0.0124028726 0.0516377017 -0.00865222234
v -0.0123907849 0.0517416671 -0.00876939762
v -0.0123437168 0.0520203859 -0.00894772727
v -0.0122671863 0.0523355454 -0.00901765283
v -0.012485262 0.0515712984 -0.0079059815
v -0.0125932992 0.0520880893 -0.00775573915
v -0.0125994598 0.0520299561 -0.00773552386
v -0.0125814471 0.0521384329 -0.00768567389
v -0.0126092518 0.0519512743 -0.00862130802
v -0.0126121929 0.0519557595 -0.00856320281
v -0.0125920102 0.0520664267 -0.00865238253
v -0.012631109 0.0518050045 -0.00843063649
v -0.0126317451 0.0518263057 -0.00835695211
v -0.0126232971 0.0518894978 -0.00792455766
v -0.0126137091 0.0519343019 -0.00780455908
v -0.0125756776 0.0519675277 -0.00765551953
v -0.0125400946 0.0523656122 -0.00769395148
v -0.0125597892 0.0522551611 -0.00765699847
v -0.0125106582 0.0523562841 -0.00756352348
v -0.0125318244 0.0522289947 -0.0075634825
v -0.0125063937 0.0523552038 -0.00755535765
v -0.0124807032 0.0522048026 -0.0074967402
v -0.0124533204 0.052342575 -0.00748748472
v -0.0124732582 0.0522020012 -0.00749022281
v -0.0124456994 0.0523408353 -0.00748084625
v -0.0124305701 0.0523374304 -0.00746917492
v -0.0124045545 0.0521808043 -0.00745044788
v -0.0123760765 0.0523254499 -0.00744025549
v -0.0122953048 0.0523431376 -0.00901661534
v -0.0124176182 0.0520524532 -0.00894072559
v -0.0123435734 0.0523558892 -0.00900620874
v -0.0123986872 0.0523698404 -0.00897912215
v -0.0125560109 0.0520935208 -0.00759717776
v -0.0125063853 0.0520568602 -0.00753415516
v -0.0124990642 0.0520529225 -0.00752801029
v -0.0125269005 0.0519192554 -0.0075986716
v -0.0125908256 0.0518565066 -0.0077361702
v -0.012631637 0.0517975725 -0.00798845571
v -0.0126342904 0.0518054143 -0.00813217741
v -0.0124816885 0.0523886308 -0.00888767559
v -0.0124772256 0.052387733 -0.00889549684
v -0.0125674056 0.0521654524 -0.00875184406
v -0.0125416284 0.0521229357 -0.00883799698
v -0.0125680529 0.0519909151 -0.00877271872
v -0.0125203812 0.0519418344 -0.00882756989
v -0.0125407111 0.0518140234 -0.00873312261
v -0.0125336153 0.0518079251 -0.00873767119
v -0.0125550013 0.0516228378 -0.0084924968
v -0.0126098981 0.0517044254 -0.00846513826
v -0.0126153911 0.0516432486 -0.00820675958
v -0.012566871 0.0515643619 -0.00820597168
v -0.0125607252 0.0516242944 -0.0079240324
v -0.0125534395 0.0516170226 -0.00792146195
v -0.0125351194 0.0517921634 -0.00768297492
v -0.0124309966 0.0520254709 -0.00749058602
v -0.0125196362 0.0519142598 -0.00759313582
v -0.0125423605 0.0517980792 -0.00768768741
v -0.012609303 0.0516975485 -0.00795062352
v -0.0126373814 0.0517514609 -0.0082084341
v -0.012421811 0.0523754396 -0.00896167103
v -0.0124923065 0.0520861484 -0.00889901724
v -0.0125132482 0.05193666 -0.00883291196
v -0.0124667538 0.0517679341 -0.00876537059
v -0.0124798566 0.0516580939 -0.00864457246
v -0.0124873677 0.0515761673 -0.00850756746
v -0.0125167649 0.0523928441 -0.00875764806
v -0.0125255976 0.0523584709 -0.00875527132
v -0.0125908814 0.0520523936 -0.00869557727
v -0.0125878369 0.0518735424 -0.00868655462
v -0.0125621995 0.0516302325 -0.00849004555
v -0.0125595843 0.0515565649 -0.00820592139
v -0.0124908416 0.0515256226 -0.00835940149
v -0.0124913231 0.0515079089 -0.00820580032
v -0.0124895116 0.0515235253 -0.00805268157
v -0.012451834 0.0518810526 -0.00755949458
v -0.0124139935 0.0523735695 -0.00896805245
v -0.0124850497 0.0520820469 -0.00890494231
v -0.0124463886 0.0519014373 -0.00886531826
v -0.0124781411 0.0516492538 -0.00777148781
v -0.0124673015 0.0517538711 -0.0076543889
v -0.0123269046 0.052314952 -0.00742798625
v -0.012464623 0.0526702479 -0.00778747862
v -0.0124392724 0.0527562909 -0.00785582978
v -0.0125028519 0.0525258742 -0.00772009185
v -0.012577638 0.0521618314 -0.00813279022
v -0.012491134 0.0525720976 -0.0077365241
v -0.0123752737 0.0529208444 -0.00832072552
v -0.0123955896 0.0528326444 -0.00854727719
v -0.0123910215 0.0528970398 -0.00807784591
v -0.0124793146 0.0525729619 -0.00831431802
v -0.0124378987 0.052760724 -0.00786016416
v -0.0124387834 0.0527578779 -0.00785737019
v -0.0124459257 0.0526526943 -0.00870267581
v -0.0124028092 0.0526405908 -0.00886245165
v -0.0124503681 0.0526136234 -0.00877568591
v -0.0123950401 0.0528064854 -0.00865646917
v -0.0124253025 0.0527909584 -0.00782015454
v -0.0124534303 0.0526969396 -0.00774533255
v -0.0124827223 0.0525896251 -0.00768959476
v -0.0125116184 0.052473139 -0.00765506318
v -0.0123789404 0.0529259406 -0.00801478792
v -0.0123551302 0.0529754907 -0.00824309047
v -0.0123377806 0.0526498556 -0.00892331358
v -0.0122628231 0.0526442155 -0.00895946193
v -0.0121801989 0.0526349396 -0.00896480586
v -0.0123464642 0.0524695665 -0.00745617552
v -0.012417526 0.0524789989 -0.00749758026
v -0.012296305 0.0530084856 -0.00850626919
v -0.0122899618 0.0530576184 -0.00824420992
v -0.0123186996 0.0530012958 -0.00797954109
v -0.0123739811 0.0528464988 -0.00775416847
v -0.0124072032 0.0527384803 -0.00766765792
v -0.0124415308 0.0526150167 -0.00760332076
v -0.0124750808 0.0524808094 -0.00756359799
v -0.0123371491 0.0528622344 -0.00872392114
v -0.0123606836 0.0529332869 -0.0084689809
v -0.012264776 0.0528910086 -0.00877062324
v -0.0122192819 0.0530505963 -0.00853129383
v -0.0122123789 0.0531047322 -0.00824345183
v -0.0122446259 0.0530442409 -0.00795298349
v -0.012306218 0.0528764911 -0.00770590734
v -0.0123430006 0.0527591892 -0.00761119183
v -0.0123808132 0.0526250005 -0.00754085882
v -0.0122216493 0.0527788289 -0.00889188889
v -0.0121416487 0.0527604073 -0.00889995415
v -0.0122254295 0.052616965 -0.00749113923
v -0.0122669181 0.0524534173 -0.00744099496
v -0.0120557845 0.0530494861 -0.00854321849
v -0.0121300742 0.0531206988 -0.00824121851
v -0.0120487195 0.0531065017 -0.00823785458
v -0.0121643115 0.0530583709 -0.00793511327
v -0.0120826503 0.0530459806 -0.00793030579
v -0.0122294687 0.052883964 -0.00767497439
v -0.0121472673 0.0528750122 -0.00766804721
v -0.0122682732 0.0527617559 -0.00757536013
v -0.0123080201 0.0526218712 -0.00750148995
v -0.0121034086 0.0528843068 -0.00879906956
v -0.0121855466 0.0528962538 -0.00879764277
v -0.012075888 0.0529762395 -0.00868472364
v -0.0121568628 0.0529922768 -0.00868034456
v -0.0121373292 0.0530634411 -0.0085448334
v -0.00820100587 0.0570219234 -0.00610048557
v -0.00815153494 0.0569823794 -0.00713822292
v -0.0110591343 0.0491514206 -0.013609211
v -0.0112809967 0.0490869358 -0.0134762637
v -0.011258658 0.0490050614 -0.0134750092
v -0.0108688204 0.0477532521 -0.0134756034
v -0.0104699945 0.0465054624 -0.0134787494
v -0.00951942988 0.0437355228 -0.0134858666
v -0.00848760735 0.0409947075 -0.0134906834
v -0.00668701017 0.0366110131 -0.0134987962
v -0.0052403179 0.0329036489 -0.013246594
v -0.00510424422 0.0323576182 -0.0129738208
v -0.00508023473 0.0319437273 -0.0125645958
v -0.00510559184 0.0317356214 -0.0122277308
v -0.00514983572 0.031588085 -0.0118552204
v -0.00526427384 0.0314944535 -0.0110895494
v -0.00538611226 0.0314547233 -0.00990069192
v -0.00545202289 0.0314331949 -0.00871721096
v -0.0054639047 0.0313551947 -0.00610048696
v -0.00530331023 0.0312157832 -0.00871836022
v -0.0052314098 0.0312415455 -0.00990293641
v -0.00509992894 0.0312886126 -0.0110886218
v -0.00505152438 0.0329293646 -0.0134375654
v -0.00490352232 0.0323102549 -0.0131458584
v -0.00488101039 0.0318268351 -0.0126975439
v -0.00491435127 0.0315829851 -0.0123301307
v -0.00496910186 0.0314041637 -0.0119117061
v -0.00519093731 0.0338023044 -0.0136556439
v -0.00500554359 0.033424411 -0.0136437556
v -0.00482749147 0.0329817459 -0.0135723539
v -0.00587793952 0.0352376141 -0.0136472043
v -0.00647923676 0.0366983861 -0.0136420373
v -0.00827646162 0.041079022 -0.0136304637
v -0.00930459425 0.0438137837 -0.0136232954
v -0.0102519821 0.0465780497 -0.0136140883
v -0.010649411 0.0478237942 -0.0136096328
v -0.011037128 0.0490698256 -0.013608411
v -0.00521463761 0.0333330035 -0.0135054914
v -0.00539703574 0.0337058306 -0.0135162184
v -0.00608470151 0.035148982 -0.0135032116
v -0.0118245594 0.0483030267 -0.00741990097
v -0.0118279997 0.0483139679 -0.00741830282
v -0.0118540404 0.0483971089 -0.00741297938
v -0.0118493652 0.0482933261 -0.00742160529
v -0.0118813384 0.0483885743 -0.00741476566
v -0.0119354976 0.0483716168 -0.00742892176
v -0.0119099533 0.0482900813 -0.00743413903
v -0.0119835325 0.048356548 -0.00745534897
v -0.0119769899 0.04827369 -0.00747423619
v -0.0120622162 0.0483318157 -0.00754830427
v -0.0120359724 0.0482632853 -0.00754448771
v -0.0120909205 0.0483226925 -0.00764966197
v -0.0120699648 0.048263181 -0.00763615221
v -0.0120920911 0.0483222865 -0.00767629035
v -0.012074694 0.0482667275 -0.00767983682
v -0.0119254338 0.0482635833 -0.00744714588
v -0.0120574879 0.0482119247 -0.00769035704
v -0.0120393168 0.0482190289 -0.00758553296
v -0.0119925421 0.0482373275 -0.00750340521
v -0.0120561849 0.0482124351 -0.00820233859
v -0.012238306 0.0487987585 -0.00827490725
v -0.0122100934 0.0487107784 -0.0085127335
v -0.0121551203 0.0485360958 -0.00867408141
v -0.0121347923 0.0484592281 -0.00769806467
v -0.0121976119 0.0486624576 -0.00783033483
v -0.0122310277 0.0487722158 -0.00801605172
v -0.0121191349 0.0484130867 -0.00765859894
v -0.0121449567 0.0485085398 -0.00871693343
v -0.0121976109 0.0486761816 -0.0085976813
v -0.0122332154 0.0487885885 -0.00841680355
v -0.0122463005 0.0488281809 -0.00820258446
v -0.0122348731 0.0487887971 -0.00798846968
v -0.0120834373 0.0485900268 -0.00887421891
v -0.0119716637 0.0484952219 -0.00896229409
v -0.0120138526 0.0486299768 -0.00892017223
v -0.0120993415 0.0484360158 -0.00756742992
v -0.0120498529 0.0484652966 -0.00749189034
v -0.0119780144 0.0484966971 -0.00744268857
v -0.0118942009 0.0485258326 -0.00742606632
v -0.0121294251 0.0485474952 -0.00880310126
v -0.0121908793 0.0487432517 -0.00866385177
v -0.0122324154 0.0488745011 -0.00845263712
v -0.0122476714 0.0489207059 -0.00820250437
v -0.0122343563 0.0488746949 -0.0079525169
v -0.0122007541 0.0489559844 -0.00792264566
v -0.0122156339 0.0490074866 -0.00820230134
v -0.0121985832 0.0489558242 -0.00848213211
v -0.0121521521 0.0488089919 -0.00871843472
v -0.0121391835 0.0490210168 -0.00790309347
v -0.0121550672 0.0490760654 -0.00820199959
v -0.0121368486 0.0490208603 -0.0085010957
v -0.0120872604 0.0488639586 -0.00875367038
v -0.0119397426 0.0486725494 -0.0074737519
v -0.0120197656 0.0486311316 -0.00748477876
v -0.0120889395 0.0485911295 -0.00753127038
v -0.0121342996 0.0485485196 -0.0076026395
v -0.0121490927 0.0485094562 -0.00768876448
v -0.0122007262 0.0486766994 -0.00780782849
v -0.0121945245 0.0487437882 -0.00774162821
v -0.0121562518 0.0488095358 -0.00768673979
v -0.0120916581 0.0488645136 -0.0076509486
v -0.0120102912 0.0489016138 -0.00763853593
v -0.0120117702 0.0489064343 -0.00764376624
v -0.0120589826 0.0490619875 -0.00789998658
v -0.0120750489 0.0491177179 -0.00820164569
v -0.0120566096 0.0490617864 -0.00850350223
v -0.0120073054 0.0489058793 -0.00876010954
v -0.0119337253 0.0486713797 -0.0089304205
v -0.0119307479 0.0486618727 -0.00893464312
v -0.00593407406 0.0329304375 -0.00962415244
v -0.00586101785 0.0327388383 -0.00974864792
v -0.00584194669 0.0326908082 -0.00979883317
v -0.00581420772 0.0326237865 -0.00989100244
v -0.00578107731 0.032550998 -0.0100449296
v -0.0057668006 0.0325243436 -0.0101370262
v -0.0057473639 0.0325025283 -0.0103348885
v -0.00574307935 0.0325094163 -0.0104353074
v -0.00574599672 0.0325556844 -0.0106238471
v -0.00575403497 0.0325974561 -0.0107183848
v -0.00579547649 0.0327486694 -0.0109171364
v -0.00586481858 0.0329501703 -0.0110399583
v -0.00609753421 0.0328772031 -0.0108851641
v -0.00604305742 0.0327143334 -0.0107623721
v -0.00609652884 0.0327939019 -0.0107174851
v -0.00615049433 0.0329472832 -0.0108076259
v -0.00601565512 0.0325663798 -0.0103466399
v -0.00606378773 0.0326448344 -0.0103455428
v -0.0060152458 0.0326050892 -0.0105728991
v -0.00606403127 0.0326759778 -0.0105305631
v -0.0060880594 0.0327669382 -0.0106892455
v -0.00604205159 0.0326042995 -0.0101192277
v -0.00610890333 0.0327265486 -0.0100524966
v -0.00606943993 0.0326492153 -0.0102741215
v -0.00609025871 0.0327131301 -0.00992631167
v -0.00615455862 0.0328761451 -0.00979788695
v -0.0061704563 0.0328772813 -0.00990410149
v -0.0059699351 0.0328874029 -0.00964236166
v -0.00589674804 0.0328948982 -0.0110242115
v -0.00594347948 0.0328821838 -0.0110135889
v -0.00603045989 0.0328701064 -0.0109644793
v -0.00596817723 0.0326821506 -0.0108230934
v -0.00593710877 0.0325558037 -0.0106051778
v -0.00593832368 0.032510709 -0.0103451172
v -0.00596873416 0.032554049 -0.0100838654
v -0.00602357835 0.0326793008 -0.00986239687
v -0.00609678309 0.0328671597 -0.00971515011
v -0.00579343969 0.0325422809 -0.0106257806
v -0.00582752191 0.032684464 -0.0108671384
v -0.00584413717 0.0324882269 -0.0103409681
v -0.00584245659 0.0325381644 -0.0106231356
v -0.00587580213 0.0326767229 -0.010859767
v -0.00587713672 0.0325349867 -0.0100576477
v -0.00593636418 0.0326713994 -0.00981761329
v -0.0058891424 0.0326777659 -0.0098047033
v -0.00601553032 0.0328763239 -0.00965821929
v -0.0062783733 0.0332085006 -0.0103509603
v -0.0118245594 0.0483030267 -0.00478107249
v -0.0118540404 0.0483971089 -0.00478799222
v -0.0118813384 0.0483885743 -0.00478620781
v -0.0120359724 0.0482632853 -0.00465648388
v -0.0119835325 0.048356548 -0.00474562449
v -0.0119769899 0.04827369 -0.00472673727
v -0.0119354976 0.0483716168 -0.00477204984
v -0.0119099533 0.0482900813 -0.00476683443
v -0.012074694 0.0482667275 -0.00452113664
v -0.0120920911 0.0483222865 -0.00452468125
v -0.0120699648 0.048263181 -0.00456482125
v -0.0120909205 0.0483226925 -0.00455130963
v -0.0120622162 0.0483318157 -0.00465266919
v -0.0120574879 0.0482119247 -0.00451061456
v -0.0120393168 0.0482190289 -0.0046154405
v -0.0119925421 0.0482373275 -0.00469756825
v -0.0119254338 0.0482635833 -0.00475382758
v -0.0118493652 0.0482933261 -0.00477936817
v -0.0120561849 0.0482124351 -0.00399863301
v -0.0122383134 0.0487987585 -0.00392606435
v -0.0122310277 0.0487722158 -0.00418491988
v -0.0121347923 0.0484592281 -0.00450290879
v -0.0121976119 0.0486624576 -0.00437063677
v -0.0121551203 0.0485360958 -0.00352688995
v -0.0122101009 0.0487107784 -0.00368823786
v -0.0120073054 0.0489058793 -0.00344086182
v -0.0120566096 0.0490617864 -0.00369746913
v -0.0121368486 0.0490208603 -0.00369987567
v -0.0120117702 0.0489064343 -0.00455720443
v -0.0120102912 0.0489016138 -0.00456243474
v -0.0120916581 0.0488645136 -0.00455002394
v -0.0118876863 0.0485242978 -0.00322282617
v -0.0121449567 0.0485085398 -0.0034840398
v -0.0118942009 0.0485258326 -0.00477490714
v -0.0119780144 0.0484966971 -0.00475828303
v -0.0119716637 0.0484952219 -0.00323867728
v -0.0120138526 0.0486299768 -0.00328079914
v -0.0121294251 0.0485474952 -0.00339787011
v -0.0120834373 0.0485900268 -0.00332675246
v -0.0121976109 0.0486761816 -0.00360329007
v -0.0121908793 0.0487432517 -0.0035371196
v -0.0121521521 0.0488089919 -0.00348253665
v -0.0120872604 0.0488639586 -0.00344730285
v -0.0120057818 0.0489010476 -0.0034356222
v -0.0121191349 0.0484130867 -0.00454237266
v -0.0121490927 0.0485094562 -0.00451220712
v -0.0120993415 0.0484360158 -0.00463354168
v -0.0121342996 0.0485485196 -0.0045983321
v -0.0120498529 0.0484652966 -0.00470908126
v -0.0120889395 0.0485911295 -0.00466970121
v -0.0120197656 0.0486311316 -0.00471619284
v -0.0119397426 0.0486725494 -0.00472722156
v -0.0122007262 0.0486766994 -0.00439314311
v -0.0121945245 0.0487437882 -0.00445934338
v -0.0121562518 0.0488095358 -0.00451423181
v -0.0120589826 0.0490619875 -0.00430098642
v -0.0121391835 0.0490210168 -0.00429787766
v -0.0122007541 0.0489559844 -0.00427832548
v -0.0122343563 0.0488746949 -0.00424845424
v -0.0122348731 0.0487887971 -0.00421250192
v -0.0122463005 0.0488281809 -0.00399838667
v -0.0122476714 0.0489207059 -0.00399846677
v -0.0122156339 0.0490074866 -0.00399867166
v -0.0121550672 0.0490760654 -0.00399897154
v -0.0120750489 0.0491177179 -0.00399932545
v -0.0122332154 0.0487885885 -0.00378416781
v -0.0122324154 0.0488745011 -0.00374833611
v -0.0121985832 0.0489558242 -0.00371884112
v -0.0119337253 0.0486713797 -0.00327055273
v -0.00586481858 0.0329501703 -0.00116101734
v -0.00579547649 0.0327486694 -0.0012838383
v -0.00575403497 0.0325974561 -0.00148259022
v -0.00574599672 0.0325556844 -0.00157712877
v -0.00574307935 0.0325094163 -0.00176566758
v -0.0057473639 0.0325025283 -0.0018660865
v -0.0057668006 0.0325243436 -0.00206394959
v -0.00578107731 0.032550998 -0.00215604622
v -0.00581420772 0.0326237865 -0.00230997335
v -0.00584194669 0.0326908082 -0.00240214262
v -0.00586101785 0.0327388383 -0.00245232787
v -0.00593407406 0.0329304375 -0.00257682335
v -0.0059699351 0.0328874029 -0.00255861413
v -0.00603045989 0.0328701064 -0.00123649545
v -0.00615049433 0.0329472832 -0.00139335066
v -0.0061704563 0.0328772813 -0.00229687523
v -0.00601565512 0.0325663798 -0.00185433507
v -0.00606943993 0.0326492153 -0.0019268553
v -0.00604205159 0.0326042995 -0.00208174903
v -0.00610890333 0.0327265486 -0.00214847829
v -0.00609025871 0.0327131301 -0.00227466319
v -0.00615455862 0.0328761451 -0.00240308885
v -0.00604305742 0.0327143334 -0.00143860374
v -0.0060880594 0.0327669382 -0.00151172932
v -0.0060152458 0.0326050892 -0.00162807584
v -0.00606403127 0.0326759778 -0.0016704119
v -0.00606378773 0.0326448344 -0.00185543217
v -0.00609753421 0.0328772031 -0.0013158106
v -0.00609652884 0.0327939019 -0.00148348976
v -0.00601553032 0.0328763239 -0.00254275743
v -0.00596817723 0.0326821506 -0.0013778815
v -0.00593710877 0.0325558037 -0.00159579806
v -0.00593832368 0.032510709 -0.00185585872
v -0.00596873416 0.032554049 -0.00211710948
v -0.00602357835 0.0326793008 -0.00233857986
v -0.00609678309 0.0328671597 -0.00248582568
v -0.00579343969 0.0325422809 -0.00157519535
v -0.00582752191 0.032684464 -0.0013338374
v -0.00589674804 0.0328948982 -0.00117676414
v -0.00584413717 0.0324882269 -0.00186000869
v -0.00584245659 0.0325381644 -0.0015778403
v -0.00587580213 0.0326767229 -0.00134120788
v -0.00594347948 0.0328821838 -0.00118738681
v -0.0058891424 0.0326777659 -0.00239627156
v -0.00593636418 0.0326713994 -0.00238336157
v -0.00587713672 0.0325349867 -0.00214332808
v -0.0048205764 0.0329601057 0.00136518979
v -0.0048638829 0.0330879465 0.00139807665
v -0.00542554585 0.0314413756 -0.00291969371
v -0.00535664475 0.0314650685 -0.00193738309
v -0.0052743936 0.0312256385 -0.00291802664
v -0.00525752781 0.0314965956 -0.00106314302
v -0.00514135556 0.0316074044 -0.000282141351
v -0.00508018536 0.0319448262 0.00036506835
v -0.00510685798 0.0323731489 0.000783683034
v -0.00504520815 0.0329097509 0.00123062113
v -0.00508454116 0.0330250598 0.0012620812
v -0.00541356718 0.0337392092 0.00131569384
v -0.00604172517 0.0350493379 0.00130295905
v -0.00792580005 0.0395963266 0.00129196257
v -0.00966750924 0.0441513769 0.00128415856
v -0.0106542753 0.0470769741 0.00127633021
v -0.0112833967 0.049095735 0.00127540098
v -0.0114878463 0.0496077314 0.00121397479
v -0.0111681931 0.0497050658 0.001411743
v -0.0110614896 0.0491602048 0.00140830816
v -0.0104354834 0.0471483544 0.00141103298
v -0.00945210736 0.0442287326 0.00142122316
v -0.0077163321 0.0396830477 0.00143293873
v -0.00583540695 0.0351391397 0.00144688005
v -0.00520768249 0.0338360071 0.00145524507
v -0.00490638614 0.03232833 0.000956821488
v -0.00488093402 0.0318280943 0.000498137553
v -0.00495870132 0.0314282291 -0.000216404907
v -0.0050926893 0.0312911272 -0.00106414885
v -0.00519940117 0.031253729 -0.00193539937
v -0.0052346508 0.0328863785 0.00103999802
v -0.0108452551 0.0535083376 0.000528778823
v -0.0102795381 0.0544703826 -3.43099382e-05
v -0.0104911691 0.0544772111 -0.000257948443
v -0.0113297319 0.0524038933 0.000993404421
v -0.0117331734 0.0525005683 0.000548844982
v -0.0118866116 0.0521043874 0.000682377955
v -0.011973111 0.0516455211 0.000799037283
v -0.0119106714 0.0507337898 0.000951684662
v -0.010222517 0.0546755679 -0.00023615548
v -0.0115081239 0.051662825 0.00118462159
v -0.0114435917 0.0508548245 0.00131322222
v -0.0110540325 0.0535479076 0.00030592634
v -0.0115581416 0.0524732359 0.000802019436
v -0.0116967466 0.0520855226 0.000924372871
v -0.0117685599 0.0516631082 0.00102756894
v -0.0117041273 0.0507935435 0.00117015804
v -0.0124037014 0.0506365411 -0.00262411754
v -0.0123779355 0.0506182536 -0.00112751371
v -0.0123590678 0.0504800938 -0.00114068261
v -0.0123352455 0.050325904 -0.00118715188
v -0.0123149268 0.0502044745 -0.0012522235
v -0.0122942403 0.0500856303 -0.00135087664
v -0.0122677824 0.0499306358 -0.00159229047
v -0.012267583 0.0499294139 -0.00159534707
v -0.0122619346 0.0498750806 -0.00188156113
v -0.0122805899 0.0499328412 -0.00216639484
v -0.012318382 0.0500952415 -0.00240681763
v -0.0123194326 0.0501002893 -0.00241171452
v -0.0123638539 0.0503416732 -0.00256664003
v -0.0124423252 0.0504705049 -0.00115218631
v -0.0125139952 0.0504682586 -0.00119021966
v -0.012493195 0.0503308885 -0.00122892729
v -0.012426489 0.0506121926 -0.0011307752
v -0.0124610486 0.0506079979 -0.00113969727
v -0.0125115635 0.0506020822 -0.00116417243
v -0.012556171 0.0505971722 -0.00120055175
v -0.0124073541 0.0506145582 -0.00112823083
v -0.0124486824 0.0503439493 -0.00255671958
v -0.0124521786 0.0506313294 -0.00261885743
v -0.0124320872 0.0506335013 -0.00262228469
v -0.0125197293 0.0503483452 -0.00251868065
v -0.0125376116 0.0506217368 -0.00258174422
v -0.0124863945 0.0506275557 -0.0026087265
v -0.0126159834 0.0503480248 -0.00229287031
v -0.0126507506 0.05060618 -0.00235720235
v -0.012619053 0.0503949784 -0.0023698702
v -0.0126196686 0.0506115854 -0.0024879321
v -0.0125805149 0.0503651239 -0.00245539728
v -0.0125791263 0.0506168008 -0.00254575233
v -0.0125555955 0.0506196246 -0.00256808172
v -0.0125981681 0.0505930074 -0.0012568502
v -0.0126348948 0.0505910702 -0.00139023794
v -0.0126153016 0.0504877791 -0.00134722574
v -0.012603444 0.050361935 -0.00144073425
v -0.0125998221 0.0503798947 -0.00137656054
v -0.0125761414 0.0501846895 -0.00158470392
v -0.0125712818 0.0501970612 -0.00149248063
v -0.0125525929 0.0500778109 -0.00166798464
v -0.0125637893 0.050096482 -0.00178708031
v -0.0125490101 0.0500378571 -0.00187513314
v -0.0125875324 0.0502075441 -0.00225511449
v -0.0125617664 0.0500828959 -0.00208143773
v -0.0125835761 0.0501684882 -0.00213061715
v -0.0125649758 0.0500906073 -0.00190437853
v -0.0125757065 0.050473623 -0.00125626905
v -0.0125571191 0.0503482446 -0.0012909068
v -0.0125226071 0.0501362123 -0.00142717431
v -0.0124999071 0.0499979667 -0.00163319416
v -0.0124955093 0.0499513596 -0.00187611289
v -0.0125110196 0.0500031784 -0.00211779098
v -0.0125424014 0.0501474403 -0.0023210689
v -0.0124412449 0.0499521792 -0.00214522029
v -0.0124236932 0.0498957708 -0.00187769427
v -0.0124287205 0.0499471799 -0.00160863332
v -0.0124543551 0.0500987321 -0.00138028967
v -0.0123823108 0.0500000753 -0.00228913384
v -0.0124030532 0.05009472 -0.00239987741
v -0.012476787 0.0501099192 -0.00237012911
v -0.0124203283 0.0503269136 -0.00119330978
v -0.0123986984 0.0501967259 -0.00126145291
v -0.0123791173 0.0500840619 -0.00135367806
v -0.0123518305 0.0499252342 -0.0015951161
v -0.012365154 0.0499298796 -0.00216224114
v -0.012346453 0.0498711057 -0.0018795178
v -0.0126797939 0.0511155874 -0.00202346477
v -0.0126784006 0.0509982333 -0.00220290083
v -0.0126505941 0.050645303 -0.00187312881
v -0.0126760677 0.050933741 -0.00225596759
v -0.0126602603 0.050700631 -0.00234971824
v -0.0126626203 0.0508644059 -0.00145771413
v -0.0126781221 0.0511375517 -0.00182459014
v -0.0126745617 0.0510621406 -0.0016299251
v -0.0126010347 0.0508861318 -0.00249891239
v -0.0124748563 0.0509228855 -0.00256660278
v -0.0124260625 0.0509237647 -0.00257272157
v -0.0124564795 0.0509080552 -0.00118343218
v -0.0126381358 0.0508317761 -0.00132900721
v -0.0125843529 0.0508706197 -0.00124860054
v -0.0126521485 0.0510539487 -0.00145590922
v -0.0125977043 0.051124189 -0.00139416999
v -0.0126564559 0.0512054302 -0.0016478512
v -0.0125994515 0.0512974709 -0.00161416328
v -0.0126582729 0.0512596332 -0.00187493186
v -0.0126002003 0.0513589345 -0.0018745797
v -0.0126610408 0.0512078591 -0.00210182252
v -0.0126048513 0.0512987077 -0.0021349981
v -0.0126613732 0.0510617569 -0.00229298021
v -0.0124671059 0.0514351875 -0.00187511428
v -0.012418027 0.0514373071 -0.00187564513
v -0.0124199511 0.0514273047 -0.00198965403
v -0.0124737183 0.0513695516 -0.00216326374
v -0.0124247363 0.0513721444 -0.0021654896
v -0.0124266008 0.0513413697 -0.00222469005
v -0.0124801453 0.0511879548 -0.00240647118
v -0.0124314958 0.051174704 -0.00242503057
v -0.0125213806 0.0509143807 -0.00255254353
v -0.0125271063 0.0511765406 -0.00239566783
v -0.0124674262 0.0513693541 -0.00158725551
v -0.0124685196 0.0511819124 -0.00134430325
v -0.0124193691 0.0511680916 -0.00132692105
v -0.0124078933 0.0509144142 -0.00118074811
v -0.0124189658 0.051344309 -0.00153384975
v -0.0124183828 0.0513718463 -0.00158613606
v -0.0124173993 0.0514275543 -0.00176155812
v -0.012503339 0.0508991294 -0.00119624159
v -0.0125157312 0.0511702709 -0.00135410449
v -0.0125593795 0.0511507876 -0.0013709577
v -0.0125152478 0.0513558984 -0.0015924467
v -0.0125598926 0.0513316281 -0.00160154386
v -0.0125151426 0.0514212027 -0.00187475665
v -0.012560158 0.0513954684 -0.00187458529
v -0.0125213414 0.0513562299 -0.00215728278
v -0.0125656789 0.0513323396 -0.00214774045
v -0.0126081696 0.0511312485 -0.00235455739
v -0.012652792 0.0508464724 -0.00241855229
v -0.0123907849 0.0517416671 -0.00343157258
v -0.0123437168 0.0520203859 -0.0032532427
v -0.0122671863 0.0523355454 -0.00318331714
v -0.0124028726 0.0516377017 -0.00354874972
v -0.0124101909 0.0515544675 -0.00369148236
v -0.0124133434 0.0515056849 -0.00383866113
v -0.0124137364 0.0514880903 -0.00399487745
v -0.0124119213 0.0515039042 -0.0041506635
v -0.0124078831 0.0515504219 -0.00429654215
v -0.0124007761 0.0516301803 -0.0044369055
v -0.012390703 0.0517297164 -0.00455096643
v -0.0123557467 0.0519971214 -0.00471914466
v -0.0122991651 0.0523091108 -0.00477497932
v -0.0123986872 0.0523698404 -0.00322184782
v -0.0124139935 0.0523735695 -0.00323291752
v -0.0124850497 0.0520820469 -0.00329602952
v -0.0125920102 0.0520664267 -0.00354858744
v -0.0125674056 0.0521654524 -0.00344912591
v -0.0125255976 0.0523584709 -0.00344569865
v -0.0124816885 0.0523886308 -0.00331329624
v -0.0125167649 0.0523928441 -0.00344332377
v -0.0124772256 0.052387733 -0.00330547313
v -0.0125416284 0.0521229357 -0.00336297299
v -0.0125908814 0.0520523936 -0.0035053927
v -0.0126121929 0.0519557595 -0.00363776716
v -0.0122953048 0.0523431376 -0.00318435649
v -0.0125400946 0.0523656122 -0.00450701918
v -0.0125106582 0.0523562841 -0.00463744905
v -0.0125597892 0.0522551611 -0.00454397406
v -0.0125063937 0.0523552038 -0.00464561302
v -0.0125318244 0.0522289947 -0.00463749003
v -0.0124533204 0.052342575 -0.00471348595
v -0.0124807032 0.0522048026 -0.00470423046
v -0.0124456994 0.0523408353 -0.00472012442
v -0.0124732582 0.0522020012 -0.00471074972
v -0.0124305701 0.0523374304 -0.00473179575
v -0.0124045545 0.0521808043 -0.00475052278
v -0.0123760765 0.0523254499 -0.00476071704
v -0.0123269046 0.052314952 -0.00477298442
v -0.012421811 0.0523754396 -0.00323929894
v -0.0124923065 0.0520861484 -0.00330195273
v -0.0125680529 0.0519909151 -0.00342825311
v -0.0126092518 0.0519512743 -0.00357966381
v -0.0126317451 0.0518263057 -0.00384401786
v -0.0125203812 0.0519418344 -0.00337340008
v -0.0125878369 0.0518735424 -0.00351441721
v -0.012631109 0.0518050045 -0.00377033348
v -0.0126342904 0.0518054143 -0.0040687928
v -0.0125621995 0.0516302325 -0.00371092651
v -0.0125550013 0.0516228378 -0.00370847527
v -0.0125336153 0.0518079251 -0.00346329878
v -0.0126373814 0.0517514609 -0.00399253611
v -0.012631637 0.0517975725 -0.00421251636
v -0.0126153911 0.0516432486 -0.00399421062
v -0.012609303 0.0516975485 -0.00425034668
v -0.012566871 0.0515643619 -0.00399500038
v -0.0125607252 0.0516242944 -0.00427693967
v -0.0125595843 0.0515565649 -0.00399505068
v -0.0125534395 0.0516170226 -0.00427951012
v -0.0126098981 0.0517044254 -0.00373583194
v -0.0125407111 0.0518140234 -0.00346784736
v -0.0125132482 0.05193666 -0.00336805987
v -0.0124463886 0.0519014373 -0.00333565171
v -0.0124176182 0.0520524532 -0.00326024625
v -0.0124908416 0.0515256226 -0.00384157058
v -0.0124873677 0.0515761673 -0.00369340274
v -0.0124798566 0.0516580939 -0.00355639961
v -0.0124667538 0.0517679341 -0.00343560125
v -0.0123435734 0.0523558892 -0.00319476123
v -0.0124913231 0.0515079089 -0.00399516989
v -0.0126137091 0.0519343019 -0.00439641159
v -0.0125908256 0.0518565066 -0.00446480047
v -0.0125423605 0.0517980792 -0.00451328326
v -0.0125351194 0.0517921634 -0.00451799575
v -0.0124673015 0.0517538711 -0.00454658177
v -0.0124781411 0.0516492538 -0.00442948472
v -0.012485262 0.0515712984 -0.0042949887
v -0.0124895116 0.0515235253 -0.00414828863
v -0.0125932992 0.0520880893 -0.00444523338
v -0.0125814471 0.0521384329 -0.00451529678
v -0.0125560109 0.0520935208 -0.00460379291
v -0.0125063853 0.0520568602 -0.00466681551
v -0.0124990642 0.0520529225 -0.00467296224
v -0.0124309966 0.0520254709 -0.00471038464
v -0.0125994598 0.0520299561 -0.00446544867
v -0.0125756776 0.0519675277 -0.00454545114
v -0.0125269005 0.0519192554 -0.00460230093
v -0.0125196362 0.0519142598 -0.00460783672
v -0.012451834 0.0518810526 -0.00464147609
v -0.0126232971 0.0518894978 -0.0042764144
v -0.0124793146 0.0525729619 -0.00388665195
v -0.0124378987 0.052760724 -0.00434080744
v -0.0123910215 0.0528970398 -0.00412312569
v -0.0123752737 0.0529208444 -0.00388024631
v -0.0124459257 0.0526526943 -0.00349829416
v -0.0123955896 0.0528326444 -0.00365369464
v -0.0124387834 0.0527578779 -0.00434360141
v -0.0124392724 0.0527562909 -0.00434513995
v -0.012464623 0.0526702479 -0.00441349391
v -0.0125028519 0.0525258742 -0.00448087882
v -0.012577638 0.0521618314 -0.00406818185
v -0.012491134 0.0525720976 -0.00446444843
v -0.0121568628 0.0529922768 -0.00352062541
v -0.0121373292 0.0530634411 -0.00365613843
v -0.0122192819 0.0530505963 -0.003669678
v -0.0123371491 0.0528622344 -0.00347705069
v -0.0123950401 0.0528064854 -0.0035445008
v -0.0124503681 0.0526136234 -0.00342528406
v -0.0122628231 0.0526442155 -0.00324150803
v -0.0121801989 0.0526349396 -0.00323616597
v -0.0124253025 0.0527909584 -0.0043808152
v -0.0125116184 0.052473139 -0.00454590749
v -0.0124750808 0.0524808094 -0.00463737454
v -0.012417526 0.0524789989 -0.00470339041
v -0.0123464642 0.0524695665 -0.00474479515
v -0.0122669181 0.0524534173 -0.00475997571
v -0.0124028092 0.0526405908 -0.00333851832
v -0.0123606836 0.0529332869 -0.00373199093
v -0.012296305 0.0530084856 -0.00369470078
v -0.012264776 0.0528910086 -0.00343034673
v -0.0123377806 0.0526498556 -0.00327765639
v -0.0124534303 0.0526969396 -0.00445563812
v -0.0124072032 0.0527384803 -0.00453331182
v -0.0123739811 0.0528464988 -0.00444680313
v -0.0123430006 0.0527591892 -0.00458977791
v -0.012306218 0.0528764911 -0.00449506426
v -0.0122682732 0.0527617559 -0.00462560961
v -0.0122294687 0.052883964 -0.00452599535
v -0.0123789404 0.0529259406 -0.00418618182
v -0.0123186996 0.0530012958 -0.00422143051
v -0.0122446259 0.0530442409 -0.00424798811
v -0.0121643115 0.0530583709 -0.00426585646
v -0.0123551302 0.0529754907 -0.00395787926
v -0.0122899618 0.0530576184 -0.00395675981
v -0.0122123789 0.0531047322 -0.00395751977
v -0.0121300742 0.0531206988 -0.00395975122
v -0.0121855466 0.0528962538 -0.00340332719
v -0.0122216493 0.0527788289 -0.00330908108
v -0.0124827223 0.0525896251 -0.00451137591
v -0.0124415308 0.0526150167 -0.00459765177
v -0.0123808132 0.0526250005 -0.00466011185
v -0.0123080201 0.0526218712 -0.00469948072
v -0.0122254295 0.052616965 -0.0047098333
v -0.0120487195 0.0531065017 -0.00396311516
v -0.0120826503 0.0530459806 -0.00427066395
v -0.0121472673 0.0528750122 -0.00453292439
v -0.0121416487 0.0527604073 -0.00330101768
v -0.0121034086 0.0528843068 -0.00340190041
v -0.012075888 0.0529762395 -0.00351624633
v -0.0120557845 0.0530494861 -0.00365775335
v -0.00932730921 0.0564387143 -0.00300040864
v -0.0100805815 0.0557901897 -0.00300040864
v -0.00937126484 0.0563281812 -0.00267781503
v -0.0101176482 0.0557033755 -0.00277685747
v -0.0102788452 0.0553703643 -0.00212116004
v -0.00954354741 0.0559803136 -0.0019213428
v -0.00951282401 0.0560359806 -0.0020229239
v -0.0100814998 0.0551789664 -0.00094053155
v -0.0100363055 0.0552420095 -0.000997368246
v -0.0105115194 0.05495001 -0.00155270495
v -0.00990168843 0.0554309227 -0.00118243322
v -0.0097076986 0.0557133481 -0.0015135539
v -0.0100934738 0.0557778329 -0.00300040864
v -0.00901930965 0.0565249808 -0.00271708891
v -0.00962351635 0.0554936528 -0.000926399603
v -0.00922915246 0.0560913309 -0.00174301316
v -0.00911779609 0.0565668307 -0.00300040864
v -0.00879320502 0.0566537827 -0.00300040864
v -0.00815153494 0.0569823794 -0.0050627403
v -0.00209640805 0.0263748206 0.00190267398
v -0.00101866922 0.0267188437 0.00202444266
v -0.00101098581 0.0285951961 0.00199646223
v -0.00264694402 0.0357563905 0.00192197959
v -0.00187778869 0.0339500643 0.00193146209
v -0.00342583214 0.0375682898 0.00191226788
v -0.00194643706 0.0400422178 0.00196791114
v -0.00100502337 0.0379347838 0.00198769942
v 0.000650820904 0.0333885364 0.00203007227
v 0.000413989037 0.0343377255 0.0020212715
v -0.000738412898 0.0342376046 0.00201272941
v 0.000362486026 0.0345070027 0.00201971433
v -7.63143544e-05 0.0357430875 0.00200821809
v -0.000267425989 0.0325142629 0.00203111162
v -5.67611969e-05 0.0307601988 0.00205590134
v 0.000122744968 0.0309633277 0.00206123968
v 0.000299603242 0.0321549959 0.00205130992
v 0.000444115256 0.0327463076 0.00204455061
v 0.000598859391 0.0332399532 0.00203430047
v 0.000293211313 0.0189519487 0.00221506483
v 0.000414538401 0.0215427689 0.00218275934
v 9.29911839e-05 0.0271106083 0.00210636738
v 0.000121755613 0.0277761929 0.00209937501
v 2.86102604e-05 0.028993424 0.00208103936
v 5.88872972e-05 0.0296364538 0.00207493734
v 0.000635700184 0.0154624367 0.00225147908
v 0.000382759783 0.0153103545 0.0022566088
v -0.000990626635 0.0152793536 0.00221835007
v -0.00237487396 0.015299242 0.00209387136
v -0.00306107011 0.0153262271 0.00200640713
v -0.00306866411 0.0188908093 0.00195553876
v -0.00228171237 0.0225464571 0.00196603523
v -0.00101251807 0.0294908714 0.00198418554
v -0.00130762265 0.032192722 0.00194254459
v -0.00113980577 0.0313134268 0.0019500826
v -0.00103923155 0.0226900335 0.0020927845
v -0.00240559434 0.0188539494 0.00203429139
v -0.00105086935 0.0188551918 0.00216226815
v -0.00104198081 0.0304004885 0.00196856936
v 0.00116740656 0.0346218795 0.00196342147
v 0.00307242502 0.0380659029 0.000968864188
v 0.00462782383 0.0406136103 -0.00439950498
v 0.00466733053 0.0406795479 -0.00572842406
v 0.00372640952 0.0426161364 -0.00610048743
v 0.00466906326 0.040682517 -0.0061004879
v 0.00452469848 0.0404476188 -0.00313229137
v 0.00455137715 0.0404903218 -0.00338237197
v 0.00461189589 0.0405876152 -0.00412654551
v 0.00437289104 0.04020207 -0.00209818967
v 0.00443209196 0.0402983911 -0.0024451986
v 0.00412296364 0.039798487 -0.00104363635
v 0.00416853325 0.0398723893 -0.00120241567
v 0.00391238974 0.0394541398 -0.000430572749
v 0.00309337093 0.0381009206 0.000945866108
v 0.0032193407 0.0383116864 0.000797880813
v 0.0035921426 0.0389322117 0.000243240996
v 0.00367771089 0.0390720256 8.55550388e-05
v 0.00295050885 0.0378620438 0.0010945145
v 0.00246053515 0.0370304324 0.00148433633
v 0.00284929993 0.0376922898 0.00118908845
v 0.00201228145 0.037740171 0.00153164577
v 0.000660882564 0.0375527702 0.00187447853
v 0.00181298377 0.0358843766 0.00179597537
v 0.00236278633 0.0368618965 0.00154386461
v 0.00141067558 0.0356393866 0.00188573427
v 0.00201228145 0.0377401747 -0.0137326214
v 0.00420477334 0.0399315804 -0.0108633013
v 0.00412270613 0.0397982784 -0.0111579848
v 0.0024599547 0.0370317735 -0.0136854649
v 0.00217943126 0.0365425497 -0.0138432989
v 0.00104684127 0.0343621895 -0.0141844423
v 0.00141067558 0.0356393903 -0.0140867103
v 0.000660882564 0.037552774 -0.0140754534
v 0.00162251235 0.0355281979 -0.0140586048
v 0.002715084 0.0374684669 -0.0135033131
v 0.00307132048 0.0380687714 -0.013170369
v 0.00294978265 0.0378650241 -0.0132957306
v 0.00309414556 0.0381069221 -0.0131452959
v 0.00312856538 0.0381643996 -0.01310651
v 0.00348944613 0.038763199 -0.0126168001
v 0.00369381276 0.0390978642 -0.0122552309
v 0.00397415971 0.0395547114 -0.0116086267
v 0.00385898817 0.0393664539 -0.0119009949
v 0.00463224761 0.0406206883 -0.00771587063
v 0.00439107278 0.0402315408 -0.0100020366
v 0.00443213526 0.0402984619 -0.00975541677
v 0.00454243273 0.0404766649 -0.00890416559
v 0.00461191824 0.0405876189 -0.0080744205
v 0.00138797949 0.00495761959 -0.00160041323
v 0.00138798053 0.00495755346 -0.0106004141
v -0.00660145842 0.0557433143 -0.00300040864
v -0.00916144997 0.0525407493 -0.00300040911
v -0.00916144997 0.0525407493 -0.00920040812
v -0.00660145842 0.0557433143 -0.00920040812
v -0.00485372404 0.034314204 -0.0115979007
v -0.0105243055 0.0488116145 -0.0115978988
v -0.00485372404 0.034314204 -0.000602922111
v -0.0105243055 0.0488116145 -0.000602920365
v 0.00175916112 0.0122290812 0.00190931268
v 0.00154399709 0.0186335519 0.00185067917
v 0.00143314025 0.0214150101 0.00182519294
v 0.00648200558 0.0357538871 -0.00409063417
v 0.00613048393 0.0366678089 -0.00412493851
v 0.00576826883 0.0367476083 -0.00244998233
v 0.00544526521 0.0283950213 0.000343569263
v 0.00491813384 0.028060386 0.00069187826
v 0.00574001763 0.0199940838 0.000661825412
v 0.00203582318 0.0317982361 0.00158495584
v 0.00671822345 0.0349830538 -0.00406791922
v 0.00680681318 0.0350918062 -0.00610043807
v 0.00654416112 0.0358918682 -0.00610044179
v 0.00629305094 0.0365308523 -0.00610044179
v 0.00273132906 0.0122888936 0.00179374672
v 0.00246419664 0.0267873798 0.00159417337
v 0.00298762484 0.0189516284 0.00163164514
v 0.00398339285 0.0352802835 0.000704951177
v 0.00464294292 0.0380867273 -0.00117350579
v 0.0044850735 0.0367236808 -9.27264773e-05
v 0.00355709088 0.0366235115 0.00068790256
v 0.00521946698 0.0367652327 -0.00112388132
v 0.00592343137 0.0287306141 -6.26233523e-05
v 0.00687603466 0.0206507128 -0.000126807354
v 0.00634609023 0.0290648844 -0.000533239276
v 0.00735426554 0.0209998321 -0.000624338514
v 0.0067074988 0.0293967705 -0.00107693241
v 0.00775458058 0.0213582721 -0.00120256504
v 0.00700307125 0.029725533 -0.0017016693
v 0.00806496572 0.0217230134 -0.00186565751
v 0.00723178824 0.0300505981 -0.00241090497
v 0.00828674436 0.0220918711 -0.002603848
v 0.00739424815 0.0303713959 -0.00320813572
v 0.00842634588 0.0224631093 -0.00340655493
v 0.00749367336 0.0306872521 -0.00410064263
v 0.00849701185 0.0228358619 -0.00427164184
v 0.00751853362 0.0312722512 -0.00610044226
v 0.00808289647 0.0269216597 -0.00610044273
v 0.00858964678 0.0126493014 -0.00106918951
v 0.0086779939 0.0126547404 -0.00119572645
v 0.0092337504 0.0126889525 -0.00231682858
v 0.0093050804 0.0126933409 -0.00252924277
v 0.00959059317 0.0127108907 -0.00383237167
v 0.00963004027 0.0127133103 -0.00415110774
v 0.00972123072 0.012718915 -0.00610044459
v 0.00704162242 0.0125540579 0.000334779412
v 0.00633447757 0.0203142278 0.000298441999
v 0.00644810824 0.012517551 0.000664611056
v 0.00328033464 0.012322668 0.00169969059
v 0.00441577518 0.0123925153 0.00143507379
v 0.00442599878 0.0194179565 0.00123644958
v 0.00374516146 0.0274048652 0.00123497343
v 0.00216885447 0.0302773062 0.00158509344
v 0.00457854848 0.0124025345 0.00138869206
v 0.0048414832 0.012418705 0.00130889821
v 0.00627247104 0.0125067495 0.000750622479
v 0.00338458666 0.030818481 0.00124314718
v 0.00489860075 0.0354800634 -6.43399108e-05
v 0.00562009774 0.0356260017 -0.00108475483
v 0.00590893021 0.0356787853 -0.00170405267
v 0.00614960026 0.0357179344 -0.00240592915
v 0.00658667693 0.0349055231 -0.00317064393
v 0.00714494847 0.0336127877 -0.00610044179
v 0.00710021239 0.0331959836 -0.00406328356
v 0.00697880005 0.0329987444 -0.00316496124
v 0.0067964918 0.0327914692 -0.00236941222
v 0.00640002219 0.0348148718 -0.00237617712
v 0.00655401684 0.0325747281 -0.00166689337
v 0.00616039615 0.0347116627 -0.00167460623
v 0.00625272049 0.0323487185 -0.0010499144
v 0.00586934481 0.0345961861 -0.00105734239
v 0.00589437457 0.0321135074 -0.000511429214
v 0.00552808726 0.0344685763 -0.000516351894
v 0.00548168411 0.0318691023 -4.35513539e-05
v 0.00513725774 0.0343287997 -4.43315075e-05
v 0.00421308121 0.0340137668 0.000716186536
v 0.00312529039 0.0336582139 0.00125348323
v 0.00192140508 0.0332750194 0.0015832088
v 0.00769908912 0.0125944987 -0.00013107936
v 0.00822646171 0.0126269478 -0.000626556051
v 0.00828604493 0.0126306172 -0.000692178903
v 0.00143314025 0.021415012 -0.0140260793
v 0.00154399709 0.0186335538 -0.0140515687
v 0.00175916112 0.0122290831 -0.014110202
v 0.00338458666 0.0308184829 -0.0134440316
v 0.00374516146 0.0274048671 -0.0134358583
v 0.00246419664 0.0267873816 -0.0137950592
v 0.00613048393 0.0366678089 -0.0080759367
v 0.00216885447 0.0302773081 -0.0137859778
v 0.00273132906 0.0122888954 -0.013994636
v 0.00298762484 0.0189516302 -0.0138325337
v 0.00849701185 0.0228358619 -0.00792923663
v 0.00671822345 0.0349830538 -0.00813295692
v 0.00648200558 0.0357538871 -0.00811023917
v 0.00464294292 0.038086731 -0.0110273734
v 0.00355709833 0.0366235152 -0.0128887855
v 0.0044850735 0.0367236845 -0.0121081546
v 0.00312529784 0.0336582176 -0.0134543665
v 0.00192140508 0.0332750231 -0.0137840938
v 0.00203582318 0.0317982361 -0.0137858409
v 0.00735426554 0.0209998339 -0.0115765454
v 0.00775458058 0.0213582739 -0.010998317
v 0.00858964678 0.0126493024 -0.0111316992
v 0.00966418628 0.0127154067 -0.00769090699
v 0.00963004027 0.0127133112 -0.00804978237
v 0.00842634588 0.0224631093 -0.0087943254
v 0.00959059317 0.0127108917 -0.0083685182
v 0.00828675181 0.0220918786 -0.00959703233
v 0.0093050804 0.0126933418 -0.00967164617
v 0.00806496572 0.0217230134 -0.0103352237
v 0.0092337504 0.0126889534 -0.00988405943
v 0.0086779939 0.0126547413 -0.0110051613
v 0.00749367336 0.0306872521 -0.00810023397
v 0.00739424815 0.0303713977 -0.00899274088
v 0.00723179569 0.0300505999 -0.00978997257
v 0.00700307125 0.0297255348 -0.0104992101
v 0.0067074988 0.0293967724 -0.0111239478
v 0.00634609023 0.0290648863 -0.0116676418
v 0.00592343137 0.028730616 -0.0121382596
v 0.00687604211 0.0206507146 -0.0120740784
v 0.00544526521 0.0283950232 -0.0125444522
v 0.00633447757 0.0203142297 -0.0124993268
v 0.00442599878 0.0194179583 -0.0134373382
v 0.0048414832 0.0124187069 -0.0135097867
v 0.00457854848 0.0124025363 -0.0135895805
v 0.00441577518 0.0123925172 -0.0136359623
v 0.00328033464 0.0123226698 -0.013900579
v 0.00574001763 0.0199940857 -0.0128627121
v 0.00644810824 0.0125175519 -0.0128655015
v 0.00627247104 0.0125067504 -0.0129515128
v 0.0039834003 0.0352802873 -0.0129058342
v 0.00489860075 0.0354800671 -0.0121365422
v 0.00421308074 0.034013778 -0.0129170706
v 0.00513726519 0.0343287997 -0.0121565517
v 0.00548168411 0.0318691023 -0.0121573322
v 0.00491813384 0.0280603878 -0.0128927631
v 0.00614960771 0.0357179344 -0.00979494769
v 0.00521947443 0.0367652364 -0.011076998
v 0.00590892974 0.0356787927 -0.0104968259
v 0.00562010519 0.0356260017 -0.0111161247
v 0.00589438202 0.0321135074 -0.0116894525
v 0.00552809471 0.0344685763 -0.0116845286
v 0.00625272794 0.0323487185 -0.0111509664
v 0.00586934481 0.0345961861 -0.0111435372
v 0.00655401684 0.0325747281 -0.0105339857
v 0.00616039615 0.0347116701 -0.0105262725
v 0.0067964918 0.0327914692 -0.00983146578
v 0.00640002219 0.0348148718 -0.00982469972
v 0.00697880005 0.0329987444 -0.00903591514
v 0.00658667693 0.0349055231 -0.00903023407
v 0.00710021192 0.0331959911 -0.00813759118
v 0.00704162987 0.0125540588 -0.012535667
v 0.00769908912 0.0125944996 -0.0120698102
v 0.00822646171 0.0126269488 -0.0115743326
v 0.00828604493 0.0126306182 -0.011508706
v 0.00533857569 0.00349571207 -0.0136424694
v 0.00328134699 0.00689286366 -0.0140067162
v 0.00780041143 0.00355247548 -0.0126315281
v 0.00704716146 0.00353511167 -0.0130254794
v 0.00950623304 0.00359180826 -0.0110931061
v 0.00903431606 0.00358092808 -0.0116677778
v 0.00846527424 0.00356780528 -0.0121796271
v 0.0101876101 0.00360752433 -0.00973896682
v 0.00988830347 0.00360062276 -0.0104515227
v 0.0100787031 0.00706586195 -0.00891382713
v 0.0102194799 0.00706944475 -0.00805886742
v 0.0103257326 0.0070514027 -0.00610044505
v 0.00921783689 0.00704395492 -0.0110331224
v 0.00958457775 0.00705328863 -0.0103967739
v 0.00986934826 0.00706053618 -0.00969171803
v 0.00876107253 0.00703232922 -0.0116051491
v 0.00820605643 0.00701820385 -0.0121172648
v 0.00755406031 0.00700160675 -0.0125721507
v 0.00681292824 0.00698274747 -0.0129712746
v 0.00512773031 0.00693985913 -0.0136016328
v 0.00681292824 0.00698274607 0.000770384446
v 0.00755406031 0.00700160535 0.000371260568
v 0.00328134699 0.0068928618 0.00180582528
v 0.010219479 0.00706945173 -0.00414202409
v 0.0100787031 0.00706586894 -0.00328706251
v 0.0101876101 0.00360752339 -0.00246192398
v 0.00988830347 0.00360062183 -0.00174936908
v 0.00950623304 0.00359180686 -0.00110778457
v 0.00903431606 0.00358092668 -0.000533113838
v 0.00846527424 0.00356780388 -2.126445e-05
v 0.00780041143 0.00355247408 0.0004306357
v 0.00704716146 0.00353511004 0.000824587012
v 0.00533857569 0.0034957102 0.0014415771
v 0.00512773031 0.00693985727 0.00140074268
v 0.00876107253 0.00703232782 -0.000595741149
v 0.00820605643 0.00701820245 -8.36272666e-05
v 0.00921783689 0.00704395352 -0.00116776698
v 0.00958457775 0.0070532877 -0.00180411746
v 0.00986934826 0.00706053525 -0.00250917324
v -0.00042673343 -0.00347388373 -0.0106004151
v -0.00042673343 -0.00347388396 -0.00860041566
v -0.00181500637 -0.00299261534 -0.00860041566
v -0.00181500637 -0.0029926151 -0.0106004151
v -0.00288340403 -0.0019839264 -0.00860041566
v -0.00288340403 -0.00198392617 -0.0106004151
v -0.00344363903 -0.000625596615 -0.00860041566
v -0.00344363903 -0.000625596382 -0.0106004151
v -0.00339696323 0.000842989015 -0.00860041566
v -0.00339696323 0.000842989248 -0.0106004151
v -0.00275161676 0.00216300902 -0.00860041566
v -0.00275161676 0.00216300925 -0.0106004151
v -0.00162132247 0.00310182525 -0.00860041566
v -0.00162132247 0.00310182548 -0.0106004151
v -0.000205294593 0.00349397818 -0.0106004151
v 0.00087214628 0.00363773713 -0.0106004151
v 0.00087214628 0.0036377369 -0.00860041566
v 0.0011877903 0.00388472388 -0.0106004151
v 0.0011877903 0.00388472364 -0.00860041566
v 0.00138110144 0.00423580362 -0.0106004141
v 0.00138110144 0.00423580315 -0.00860041473
v 0.00142103212 0.00463460153 -0.0106004141
v 0.00142103212 0.00463460106 -0.00860041473
v 0.00140246178 0.00481605064 -0.00360041391
v 0.00140246178 0.00481605111 -0.00860041473
v 0.00251919217 0.0042353645 -0.00475041475
v 0.00576842623 -0.00442054169 -0.010600416
v 0.00503507024 -0.00384578109 -0.0106004151
v -0.000790576742 0.00161709217 -0.0106004151
v 0.000123885373 0.00179573148 -0.0106004151
v 0.00100515981 0.00149320823 -0.0106004151
v -0.00179573521 0.000123893522 -0.0106004151
v -0.00149320439 0.00100516074 -0.0106004151
v 0.0041125915 -0.0037146993 -0.0106004151
v 0.00161709124 0.000790573016 -0.0106004151
v 0.000471752748 -0.00381729845 -0.0106004151
v -0.0010051569 -0.0014932038 -0.0106004151
v 0.0026734008 -0.00479577389 -0.010600416
v -0.000123889957 -0.00179572718 -0.0106004151
v -0.00161709567 -0.000790576159 -0.0106004151
v 2.91334673e-05 -0.00179976283 -0.0106004151
v 0.00079057226 -0.0016170952 -0.0106004151
v 0.00324815395 -0.00406241696 -0.010600416
v 0.0014932073 -0.0010051562 -0.0106004151
v 0.00179573055 -0.000123889171 -0.0106004151
v 0.00611614389 -0.00528497249 -0.010600416
v 0.00725402543 -0.0052158609 -0.010600416
v 0.00598507002 -0.00620745076 -0.010600416
v 0.00709166611 -0.0065390761 -0.010600416
v 0.00541030942 -0.00694080675 -0.010600416
v 0.00637202244 -0.00766129745 -0.010600416
v 0.00454587163 -0.00728853187 -0.010600416
v 0.00523720821 -0.00836091023 -0.010600416
v 0.00435836753 -0.00730138086 -0.010600416
v 0.00383878173 -0.00846125092 -0.010600416
v 0.00362339313 -0.00715745054 -0.010600416
v 0.00254747015 -0.00791518576 -0.010600416
v 0.00289003691 -0.00658268994 -0.010600416
v 0.00164531579 -0.00684198039 -0.010600416
v 0.00254231924 -0.00571825216 -0.010600416
v 0.00132933864 -0.00547602354 -0.010600416
v 0.00110601296 -0.00454042898 -0.010600416
v 0.00142103212 0.0046346006 -0.00160041323
v 0.00725402543 -0.00521586183 -0.0016004144
v 0.00524000498 -0.00394903729 -0.00160041428
v -0.00042673343 -0.00347388489 -0.00160041428
v 0.000471752748 -0.00381729938 -0.00160041428
v 0.00277665583 -0.00459084706 -0.0016004144
v 0.00110601296 -0.00454043038 -0.0016004144
v 0.00252927397 -0.00548915006 -0.00160041451
v 0.00132933864 -0.00547602447 -0.00160041451
v 0.00276419637 -0.00639080117 -0.00160041463
v 0.00164531579 -0.00684198132 -0.00160041463
v 0.00341845816 -0.00705418922 -0.00160041463
v 0.00254747015 -0.0079151867 -0.00160041475
v 0.00431676861 -0.00730157085 -0.00160041463
v 0.00383878173 -0.00846125185 -0.00160041486
v 0.00521841971 -0.0070666559 -0.00160041463
v 0.005894267 -0.00461242534 -0.0016004144
v 0.00612918893 -0.00551407645 -0.00160041451
v 0.00709166611 -0.00653907703 -0.00160041463
v 0.0058818073 -0.00641238643 -0.00160041463
v 0.00637202244 -0.00766129885 -0.00160041475
v 0.00523720821 -0.00836091116 -0.00160041486
v 0.00138110144 0.00423580222 -0.00160041335
v 0.00100515981 0.00149320718 -0.00160041358
v 0.00161709124 0.000790571969 -0.0016004137
v 0.00179573055 -0.000123890248 -0.00160041382
v 0.0014932073 -0.00100515725 -0.00160041393
v 0.00434169453 -0.00370165543 -0.00160041428
v 0.00430010352 -0.0037018517 -0.00160041428
v 0.0011877903 0.00388472294 -0.00160041335
v 0.00087214628 0.0036377362 -0.00160041335
v 0.000123885373 0.00179573032 -0.00160041358
v -2.91305969e-05 0.00179976621 -0.00160041358
v -0.000790576742 0.00161709101 -0.00160041358
v -0.00162132247 0.00310182432 -0.00160041347
v -0.00275161676 0.00216300809 -0.00160041358
v -0.00339696323 0.0008429882 -0.0016004137
v -0.00344363903 -0.000625597429 -0.00160041393
v -0.00288340403 -0.0019839271 -0.00160041405
v -0.00181500637 -0.00299261627 -0.00160041417
v 0.00079057226 -0.00161709625 -0.00160041405
v 0.00344004389 -0.00393657805 -0.00160041428
v -0.000205294593 0.00349397748 -0.00360041391
v 0.000123885373 0.00179573067 -0.00360041414
v 0.00100515981 0.00149320741 -0.00360041414
v -0.000790576742 0.00161709124 -0.00360041414
v 0.00079057226 -0.00161709602 -0.00360041461
v 0.0014932073 -0.00100515701 -0.00360041461
v 0.00179573055 -0.000123890015 -0.00360041438
v 0.00179690437 0.000105584804 -0.00360041438
v 0.00161709124 0.000790572201 -0.00360041438
v -0.00179690158 -0.000105581399 -0.00860041566
v -0.00161709567 -0.000790576392 -0.00860041566
v -0.0010051569 -0.00149320404 -0.00860041566
v -0.000123889957 -0.00179572741 -0.00860041566
v 0.00079057226 -0.00161709543 -0.00860041566
v 0.0014932073 -0.00100515643 -0.00860041566
v 0.00179573055 -0.000123889418 -0.00860041566
v 0.00161709124 0.000790572783 -0.00860041566
v 0.00100515981 0.00149320799 -0.00860041566
v 0.000123885373 0.00179573125 -0.00860041566
v -0.000790576742 0.00161709182 -0.00860041566
v -0.00149320439 0.00100516051 -0.00860041566
v -0.00179573521 0.000123893275 -0.00860041566
v -0.00042673343 -0.00347388466 -0.00360041484
v -0.00181500637 -0.00299261604 -0.00360041484
v -0.00288340403 -0.00198392686 -0.00360041461
v -0.00344363903 -0.000625597197 -0.00360041438
v -0.00339696323 0.000842988433 -0.00360041438
v -0.00275161676 0.00216300832 -0.00360041414
v -0.00162132247 0.00310182455 -0.00360041391
v 0.00087214628 0.00363773643 -0.00360041391
v 0.0011877903 0.00388472318 -0.00360041391
v 0.00138110144 0.00423580268 -0.00360041391
v 0.00142103212 0.0046346006 -0.00360041391
v 0.00378861418 -0.000820535934 -0.00360041438
v 0.00705266325 -0.00324793067 -0.00360041484
v 0.00725402543 -0.00521586137 -0.00360041508
v 0.00612918893 -0.00551407598 -0.00360041508
v 0.0058818073 -0.00641238643 -0.00360041508
v 0.00709166611 -0.00653907703 -0.00360041508
v 0.00521841971 -0.0070666559 -0.00360041531
v 0.00637202244 -0.00766129838 -0.00360041531
v 0.00523720821 -0.00836091116 -0.00360041531
v 0.00431676861 -0.00730157085 -0.00360041531
v 0.00383878173 -0.00846125185 -0.00360041531
v 0.00341845816 -0.00705418922 -0.00360041531
v 0.00254747015 -0.0079151867 -0.00360041531
v 0.00276419637 -0.00639080117 -0.00360041508
v 0.00164531579 -0.00684198132 -0.00360041531
v 0.00252927397 -0.0054891496 -0.00360041508
v 0.005894267 -0.00461242488 -0.00360041484
v 0.00524000498 -0.00394903682 -0.00360041484
v 0.00434169453 -0.00370165519 -0.00360041484
v 0.00344004389 -0.00393657759 -0.00360041484
v 0.00277665583 -0.0045908466 -0.00360041484
v 0.00132933864 -0.005476024 -0.00360041508
v 0.00110601296 -0.00454042992 -0.00360041484
v 0.000471752748 -0.00381729915 -0.00360041484
v 0.00378861418 -0.000820535352 -0.00860041566
v 0.00362339313 -0.00715745101 -0.00860041659
v 0.00289003691 -0.00658268994 -0.00860041659
v 0.00164531579 -0.00684198085 -0.00860041659
v 0.00254231924 -0.00571825216 -0.00860041659
v 0.00254747015 -0.00791518576 -0.00860041659
v 0.00383878173 -0.00846125092 -0.00860041659
v 0.00454587163 -0.00728853233 -0.00860041659
v 0.00523720821 -0.00836091023 -0.00860041659
v 0.00541030942 -0.00694080722 -0.00860041659
v 0.00637202244 -0.00766129792 -0.00860041659
v 0.00598507002 -0.00620745076 -0.00860041659
v 0.00709166611 -0.0065390761 -0.00860041659
v 0.00611614389 -0.00528497249 -0.00860041659
v 0.00725402543 -0.0052158609 -0.00860041659
v 0.00576842623 -0.00442054216 -0.00860041659
v 0.00705266325 -0.00324792997 -0.00860041566
v 0.00503507024 -0.00384578132 -0.00860041566
v 0.0041125915 -0.00371469953 -0.00860041566
v 0.00324815395 -0.00406241743 -0.00860041659
v 0.0026734008 -0.00479577389 -0.00860041659
v 0.000471752748 -0.00381729868 -0.00860041566
v 0.00110601296 -0.00454042945 -0.00860041659
v 0.00132933864 -0.00547602354 -0.00860041659
v 0.00698121265 -0.00254971371 -0.00366856321
v 0.00691463798 -0.0018990708 -0.00386836356
v 0.00685747201 -0.00134036178 -0.00418620137
v 0.00681360252 -0.00091163849 -0.00460041454
v 0.00678602885 -0.000642137253 -0.0050827763
v 0.0067766197 -0.000550218043 -0.0056004147
v 0.0067766197 -0.000550217927 -0.00660041533
v 0.0067976336 -0.000755562971 -0.00736578181
v 0.00685747201 -0.00134036131 -0.00801462866
v 0.00694702612 -0.00221555773 -0.00844817422
v 0.00359343039 0.00108703354 -0.00801462866
v 0.00368298427 0.000211837279 -0.00844817422
v 0.00352197955 0.00178525748 -0.0050827763
v 0.0035495609 0.00151575636 -0.00460041454
v 0.00359343039 0.00108703307 -0.00418620137
v 0.00353359198 0.00167183182 -0.00736578181
v 0.00351257809 0.00187717704 -0.00660041533
v 0.00351257809 0.00187717692 -0.0056004147
v 0.00365059613 0.000528324104 -0.00386836333
v 0.00371717103 -0.000122318976 -0.00366856297

# 0 UV coordinates

# 6737 vertex normals
vn -0.875086546 0.272595763 0.399893939
vn -0.960277259 -0.278993428 0.00549983699
vn -0.984493077 -0.16709885 0.0533996113
vn -0.989049315 -0.138006896 0.052302599
vn -0.957031965 0.277909309 0.0828028023
vn -0.934472024 0.137795836 0.328290224
vn -0.381988078 0.639080048 0.667579234
vn -0.368902355 0.637804031 0.676104426
vn -0.575475514 0.574875534 0.58167541
vn -0.262300849 0.445101351 0.856202841
vn -0.442814648 0.521817267 0.729124248
vn -0.715394497 0.319497526 0.62139535
vn -0.745786488 0.411892563 0.523590624
vn -0.759771764 0.406584889 0.507381201
vn -0.978652298 -0.1960105 0.061803285
vn -0.980030656 -0.159305006 0.119003713
vn -0.971867919 0.0388986915 0.232292354
vn -0.942600727 0.125600085 0.30940029
vn -0.315105766 0.210503757 0.925417066
vn -0.282796174 0.425194204 0.859788597
vn -0.669897676 0.195699275 0.71619755
vn -0.766834199 0.190808475 0.61282742
vn -0.891603351 0.0216000304 0.45230177
vn -0.894218922 0.0194003601 0.447209507
vn -0.960867941 -0.219792709 0.168594345
vn -0.964630485 -0.230607331 0.127704024
vn -0.942265213 -0.285689503 0.17469354
vn -0.924814403 -0.293104649 0.242503792
vn -0.834782362 -0.156096786 0.527988911
vn -0.800074935 -0.148295447 0.581281841
vn -0.591718376 -0.0227008034 0.805825174
vn -0.659873426 -0.0301988777 0.750769854
vn -0.810623705 -0.0880026594 0.578916967
vn -0.482678771 -0.0678971261 0.873161733
vn -0.0220995843 0.107297875 0.993981421
vn -0.304503947 0.102201216 0.947012424
vn -0.112498082 0.154397264 0.981583357
vn -0.892011821 0.0234003644 -0.451406032
vn -0.943798959 0.108799934 -0.312099695
vn -0.76268965 0.391394824 -0.514893055
vn -0.377079368 0.679862976 -0.628965616
vn -0.958734334 -0.278510004 -0.0571020879
vn -0.998031616 -0.0588018671 -0.0218006987
vn -0.969366014 -0.234491795 -0.0730974749
vn -0.991222739 -0.0761017352 -0.1081025
vn -0.959700644 -0.24920018 -0.129900128
vn -0.966577411 -0.195295438 -0.166096166
vn -0.989049315 -0.138006881 -0.0523026288
vn -0.957031965 0.277909309 -0.0828027427
vn -0.971867919 0.0388987474 -0.232292354
vn -0.935424685 0.142103821 -0.323708564
vn -0.893601239 0.0180000812 -0.448500723
vn -0.277902514 0.0139002418 -0.960508823
vn -0.482678771 -0.0678969175 -0.873161733
vn -0.933392882 -0.264797986 -0.242198214
vn -0.931178391 -0.318492651 -0.177395925
vn -0.805192709 -0.125898793 -0.579494834
vn -0.828946948 -0.169689089 -0.532965958
vn -0.653987288 -0.0565988198 -0.754385471
vn -0.597572088 -0.00919947587 -0.80176264
vn -0.810623705 -0.0880025178 -0.578916967
vn -0.575475514 0.574875653 -0.581675291
vn -0.439688176 0.620883405 -0.648982525
vn -0.410210013 0.539613366 -0.735217929
vn -0.287500709 0.540201545 -0.790902019
vn -0.875086546 0.272595882 -0.39989388
vn -0.747376204 0.418186784 -0.516283572
vn -0.691817701 0.263906866 -0.672117174
vn -0.831793964 0.184298754 -0.523596227
vn -0.669897676 0.195699438 -0.71619755
vn -0.379298955 0.380099118 -0.84359771
vn -0.208996788 0.25499621 -0.944085538
vn -0.295683652 0.255986005 -0.920349181
vn -0.229404211 0.0610012449 -0.971417964
vn -0.0893986449 0.085898824 -0.992285073
vn -0.255394995 0.693386495 0.673786938
vn -0.254704148 0.693811238 0.673611104
vn -0.175101012 0.479302704 0.86000514
vn -0.169494018 0.480482996 0.860469818
vn -0.0589030869 0.173609018 0.983051658
vn -0.0558015332 0.174204707 0.983127177
vn -0.032201089 0.106103718 -0.993833721
vn 0.324193001 0.354192525 -0.877181113
vn -0.11609903 0.327497393 -0.937692225
vn -0.223408699 0.62132436 -0.751029253
vn 0.253197342 0.66639322 -0.701292694
vn -0.268204302 0.726111829 -0.633110106
vn 0.0253009629 -0.0555020012 -0.99813807
vn 0.0357992947 -0.0578987487 -0.997680485
vn 0.0488024279 -0.12740624 -0.990649402
vn -0.0330013745 -0.0736029521 -0.996741593
vn -0.136404827 -0.148005143 -0.979534805
vn -0.2049914 -0.125694618 -0.970659435
vn -0.459605247 -0.198702186 -0.865609944
vn -0.705219626 -0.294308126 -0.645018041
vn -0.581196308 -0.221298546 -0.783095181
vn -0.403989851 -0.232294083 -0.884777904
vn -0.949357212 -0.302286416 -0.0856961831
vn -0.944897413 -0.322899133 -0.0538998954
vn -0.907295227 -0.24039872 -0.34499824
vn -0.898240149 -0.328914702 -0.291513085
vn -0.751288176 -0.253395975 -0.609390497
vn -0.937898099 -0.318799376 -0.136799783
vn -0.917950213 -0.389521301 -0.0751041546
vn -0.90320766 -0.257202208 -0.343602985
vn -0.824429691 -0.386313915 -0.413615018
vn -0.717771471 -0.251489937 -0.64927423
vn -0.652317107 -0.345309019 -0.674717844
vn -0.452304274 -0.223102033 -0.863508224
vn -0.395085484 -0.305188745 -0.86646837
vn -0.147795454 -0.110996485 -0.982769907
vn -0.112199239 -0.175898716 -0.977993488
vn -0.946327031 -0.323209256 -0.00100006722
vn -0.939062953 -0.343386471 0.01569934
vn -0.554929793 -0.130207106 0.821644247
vn -0.146898806 0.137898773 0.979492188
vn -0.515786052 0.815577984 0.262293041
vn -0.37630865 0.857919753 0.349808127
vn -0.489492178 0.823286891 0.287395537
vn -0.579409719 0.778713167 0.240604162
vn -0.680715442 0.706116021 0.195004523
vn -0.815006912 0.562704802 0.138301268
vn -0.481880188 0.703871012 0.52187866
vn -0.614011586 0.576310873 0.539310277
vn -0.501720607 0.76313144 0.407316864
vn -0.245493963 0.111397162 0.962976456
vn -0.937354505 -0.348283142 0.00809956621
vn -0.899310768 -0.384404689 0.208502486
vn -0.908380508 -0.345592648 0.23539494
vn -0.802665055 -0.227890179 0.551176071
vn -0.802020371 -0.225205809 0.553214133
vn -0.649528682 -0.186408341 0.737132609
vn -0.511702359 -0.0361002795 0.85840416
vn -0.942957878 -0.332785159 -0.00919962954
vn -0.949362338 -0.31348756 -0.0208992101
vn -0.93917793 -0.342091978 -0.0302993339
vn -0.954022646 -0.295207024 -0.0519012734
vn -0.934475482 -0.352790803 -0.0478987917
vn -0.925147295 -0.365618706 -0.102105275
vn -0.928887129 -0.356495112 -0.100398675
vn -0.927639842 -0.361915559 -0.092204012
vn -0.940346658 -0.323216051 -0.106205329
vn -0.928615272 -0.36530605 -0.0650011227
vn -0.948385298 -0.304695308 -0.0878986791
vn -0.0682005584 0.197101757 -0.978008151
vn -0.0703995377 0.196398854 -0.977993667
vn -0.255993187 0.244393602 -0.935275137
vn -0.262008369 0.320110381 -0.91042912
vn -0.320894837 0.460392714 -0.827686787
vn -0.436107546 0.438707709 -0.785713673
vn -0.400201291 0.587302089 -0.703502238
vn -0.496007681 0.820212841 -0.285004348
vn -0.718879402 0.689980209 0.0844976604
vn -0.617195904 0.786194861 -0.0310997032
vn -0.816283524 0.551388979 -0.172196478
vn -0.730430305 0.654227257 -0.196108088
vn -0.593987882 0.766484499 -0.244294956
vn -0.445488185 0.688581944 -0.572184861
vn -0.559586465 0.649584413 -0.514687538
vn -0.481000245 0.772600472 -0.41440019
vn -0.503801525 0.816802621 -0.28110081
vn -0.381210387 0.884424269 -0.269207269
vn -0.983521402 -0.133602932 0.12180265
vn -0.983656108 -0.137293905 0.116494805
vn -0.995282412 -0.0943983495 0.022399595
vn -0.994847536 -0.099604778 0.0189008936
vn -0.991575062 -0.0956975967 -0.087297827
vn -0.991315424 -0.0979015231 -0.0878013894
vn -0.972414792 -0.136702076 -0.189002916
vn -0.972824156 -0.132903293 -0.189604759
vn -0.940719485 -0.209304333 -0.266905606
vn -0.941240788 -0.201808736 -0.270811796
vn -0.911911428 -0.278303474 -0.301603854
vn -0.912596166 -0.27329886 -0.304098785
vn -0.881273806 -0.349989593 -0.317590654
vn -0.87631011 -0.380004376 -0.296103507
vn -0.934879899 0.184096038 0.30349353
vn -0.937589526 0.17939797 0.297896713
vn -0.9585976 0.270499349 0.0889998153
vn -0.960630834 0.264408529 0.0853027701
vn -0.9520064 0.271301866 -0.141700923
vn -0.952624083 0.268806845 -0.142303571
vn -0.915305138 0.189301118 -0.355502009
vn -0.914308965 0.193501949 -0.35580349
vn -0.851841867 0.0365018584 -0.522525728
vn -0.849367678 0.0449983589 -0.525880039
vn -0.792772114 -0.115995854 -0.598379016
vn -0.791894436 -0.110399164 -0.600595832
vn -0.748222709 -0.225306794 -0.624019027
vn -0.73959136 -0.188597739 -0.646092474
vn -0.934950173 -0.276185334 0.222688138
vn -0.935017586 -0.276105255 0.222504169
vn -0.832602084 -0.138400421 0.536301434
vn -0.832808852 -0.138301551 0.536005795
vn -0.611079991 0.0249990895 0.791174173
vn -0.611300409 0.0250999257 0.791000664
vn -0.30989626 0.181997716 0.933188856
vn 0.00340014091 0.0932037532 0.995641351
vn -0.366080761 0.0875952989 0.926451445
vn -0.338597476 0.421996772 0.840993881
vn -0.221212119 0.430123508 0.875248075
vn -0.664595723 0.178798795 0.725495398
vn -0.757250905 0.185112387 0.626342177
vn -0.883444548 0.0219010487 0.468023628
vn -0.885220468 0.0207004268 0.464710832
vn -0.958940446 -0.206208751 0.194708213
vn -0.959452808 -0.20691143 0.191410542
vn -0.941480339 -0.336993009 0.00709981285
vn -0.941407502 -0.337202698 0.00680001546
vn -0.213209122 0.0456020758 -0.975941896
vn -0.341198444 -0.0133998282 -0.939895868
vn -0.43659687 -0.0512995347 -0.898193657
vn -0.510706961 0.517707109 0.686409473
vn -0.423079461 0.520374715 0.741764128
vn -0.711792588 0.312196732 0.629193604
vn -0.756758511 0.478773743 0.445075721
vn -0.762026966 0.474616766 0.440515667
vn -0.79072094 0.595215797 0.143103868
vn -0.795110285 0.590107739 0.139901906
vn -0.782948852 0.596637368 -0.176110938
vn -0.784496188 0.594397187 -0.176799074
vn -0.733384848 0.488290042 -0.472990245
vn -0.731012881 0.492008775 -0.472808301
vn -0.644178152 0.281790555 -0.711075842
vn -0.638532639 0.290315002 -0.712736487
vn -0.557980597 0.0702976584 -0.826871336
vn -0.555388749 0.0762985572 -0.828083336
vn -0.506301045 -0.0534000173 -0.860701978
vn -0.570918739 -0.124403991 -0.811526716
vn -0.0078997612 0.22219345 -0.974970758
vn 0.187299907 0.345599979 -0.919499636
vn -0.0670961365 0.407476693 -0.910747588
vn -0.290903717 0.50080657 -0.815210402
vn -0.370107472 0.910218537 -0.185803667
vn -0.360277623 0.915843248 -0.177288905
vn -0.171600938 0.530703127 -0.830004573
vn -0.236005291 0.667715132 -0.706015766
vn -0.179700062 0.737500429 -0.651000202
vn -0.399490863 0.714483857 -0.574386835
vn -0.0796020031 0.922823429 -0.376909435
vn -0.0235005096 0.924520254 -0.380408198
vn -0.408789247 0.871777177 -0.269992828
vn -0.362804145 0.891710281 0.27060324
vn -0.128900751 0.806004643 0.577703536
vn -0.583903372 0.520502985 0.623003721
vn -0.116998576 0.903689086 0.411895186
vn -0.00289991149 0.929071665 0.369888842
vn -0.375413805 0.887232661 0.268109977
vn -0.268399119 0.640197873 0.71979773
vn -0.208798826 0.47779727 0.853295386
vn -0.544705749 0.377203971 0.74900806
vn 0.118103869 0.368412018 0.922130346
vn -0.261298001 0.0916991979 0.960892797
vn -0.0444997139 0.0320996791 0.998493671
vn -0.940445006 -0.337316185 -0.0422020629
vn -0.877704084 -0.2619012 -0.40130198
vn -0.896790564 -0.353796273 -0.265697271
vn -0.940103769 -0.340801388 -0.00770007214
vn -0.880410731 -0.474205852 -0.00240008626
vn -0.918874025 -0.394488901 -0.00699985027
vn -0.950494349 -0.310298175 -0.0165999401
vn -0.948760211 -0.315586805 -0.0160993636
vn -0.939221859 -0.343108028 -0.011800318
vn -0.947175622 -0.320691764 -0.00389993819
vn -0.942720771 -0.333507359 -0.00710019656
vn -0.966006756 -0.258501828 0.00279998896
vn -0.975269198 -0.220893055 -0.00749979028
vn -0.96598208 -0.258595228 0.00269991928
vn -0.963101685 -0.268900514 0.0112999892
vn -0.970362961 -0.239290893 -0.0336987488
vn -0.959783554 -0.280195236 -0.0174997356
vn -0.958409309 -0.277802736 -0.0654006675
vn -0.925613463 -0.334104896 -0.177802652
vn -0.925010979 -0.322603822 -0.200702459
vn -0.862869084 -0.402885556 -0.305189162
vn -0.861493945 -0.395297229 -0.31869784
vn -0.883889675 -0.429595023 -0.1848979
vn -0.926262915 -0.303387851 -0.223591104
vn -0.924927592 -0.311209291 -0.218306571
vn -0.892727554 -0.385311902 -0.233607277
vn -0.869284451 -0.402892798 -0.286394954
vn -0.861209214 -0.422304571 -0.282803118
vn -0.893030286 -0.367912501 -0.259108841
vn -0.893215597 -0.367606401 -0.258904576
vn -0.892911196 -0.369604617 -0.257103264
vn -0.906666934 -0.338387668 -0.251890868
vn -0.917301655 -0.278700501 -0.284400582
vn -0.954386234 -0.293595791 -0.0542992577
vn -0.955286086 -0.289195836 -0.0615991466
vn -0.954771757 -0.295591295 -0.0321990848
vn -0.953747272 -0.299483448 -0.0259986017
vn -0.954247117 -0.29891479 -0.00790042616
vn -0.955486119 -0.294895738 -0.00909990445
vn -0.955406964 -0.295102179 -0.0106001133
vn -0.955718338 -0.293905675 -0.014900323
vn -0.954501987 -0.297300667 -0.0232000854
vn -0.955046117 -0.296214342 -0.0120006166
vn -0.955889761 -0.293596864 -0.00869994331
vn -0.956696391 -0.290998936 -0.00720000779
vn -0.956579685 -0.291393846 -0.00669989362
vn -0.956343889 -0.29221344 -0.00420022802
vn -0.95638001 -0.292093962 -0.00429994566
vn -0.956409097 -0.292002797 -0.00400007376
vn -0.956475914 -0.291792691 -0.00329995225
vn -0.956356287 -0.292186677 -0.00309989392
vn -0.956231415 -0.292609632 -0.00110007112
vn -0.956360161 -0.29218787 -0.00119998504
vn -0.955618739 -0.294605821 -0.00050004496
vn -0.95589751 -0.293699265 -0.000900032697
vn -0.954813719 -0.297204286 -0.00060004415
vn -0.954785466 -0.297295511 -0.000500027905
vn -0.95425719 -0.298986614 -0.000600008818
vn -0.950720191 -0.285506099 -0.12090262
vn -0.945993662 -0.300798029 -0.120899245
vn -0.945468009 -0.305189699 -0.113796197
vn -0.940712512 -0.314004213 -0.128301755
vn -0.939020932 -0.327307343 -0.105402403
vn -0.950948715 -0.284014583 -0.12260633
vn -0.916463375 -0.275788963 -0.289888501
vn -0.915507436 -0.290602356 -0.278202325
vn -0.908791244 -0.302397072 -0.287497282
vn -0.908413291 -0.30190441 -0.289204299
vn -0.906689763 -0.338396162 -0.251797199
vn -0.925888717 -0.34639582 -0.150798231
vn -0.927096009 -0.353998512 -0.12319953
vn -0.88808763 -0.368194878 -0.275196224
vn -0.916582823 -0.381192893 -0.120697804
vn -0.919071078 -0.378488123 -0.109796606
vn -0.922076941 -0.382590473 -0.0582985915
vn -0.925211191 -0.376904577 -0.0439005829
vn -0.955901086 -0.290000349 -0.0464000888
vn -0.95466131 -0.29118824 -0.0618975349
vn -0.943001866 -0.313800663 -0.110800266
vn -0.933197558 -0.351599097 -0.074299857
vn -0.935936213 -0.339113176 -0.0950037315
vn -0.924411893 -0.37040481 -0.0909012184
vn -0.923577905 -0.372891098 -0.0891979113
vn -0.922690511 -0.375896186 -0.0856991708
vn -0.920135617 -0.385614961 -0.0682026967
vn -0.9162938 -0.380697429 -0.124399215
vn -0.862612665 -0.491007239 -0.121701859
vn -0.908346176 -0.394376665 -0.139191821
vn -0.913889885 -0.388495713 -0.117798753
vn -0.916374207 -0.383689255 -0.114196852
vn -0.922723472 -0.381209731 -0.0571015067
vn -0.925673664 -0.374289364 -0.0550984852
vn -0.934789538 -0.350996107 -0.0544994362
vn -0.93609345 -0.347597599 -0.0538996682
vn -0.965642691 -0.25441128 -0.0530023761
vn -0.932790101 -0.359796226 -0.0211998187
vn -0.934518516 -0.355007052 -0.025400551
vn -0.936128259 -0.349410594 -0.039701242
vn -0.937894166 -0.341097921 -0.0632996485
vn -0.939808905 -0.337903231 -0.0508005284
vn -0.942688227 -0.331195891 -0.0405995399
vn -0.940033436 -0.340612173 -0.0179006793
vn -0.932723522 -0.360009134 -0.0205005631
vn -0.931960762 -0.361984789 -0.0203991868
vn 0.0275986437 -0.062697053 0.9976511
vn 0.023899762 -0.0619995035 0.997790098
vn -0.94643569 -0.311611831 0.0846031606
vn -0.907295227 -0.240398809 0.344998181
vn -0.944897413 -0.322899163 0.0538998209
vn -0.949349105 -0.302283853 0.0857953653
vn -0.2049914 -0.125694856 0.970659435
vn -0.419686675 -0.18759419 0.888072014
vn -0.450186133 -0.230493039 0.862673581
vn -0.581084549 -0.221294239 0.783179343
vn -0.705219626 -0.294308275 0.645017922
vn -0.751288176 -0.253396094 0.609390378
vn -0.898240149 -0.328914762 0.291513026
vn -0.921865463 -0.362486511 0.136994839
vn -0.885217071 -0.217104241 0.411407948
vn -0.845460773 -0.42628032 0.321685046
vn -0.698890805 -0.231897071 0.676591158
vn -0.681525052 -0.36351347 0.635123312
vn -0.435810596 -0.213205338 0.874421477
vn -0.418899775 -0.323899984 0.848299563
vn -0.140896663 -0.105597623 0.984376729
vn -0.132400379 -0.149200559 0.979902864
vn -0.0307983514 -0.0808957964 0.996246755
vn -0.93237263 0.193594381 -0.305291057
vn -0.06430123 0.187703505 0.980118871
vn -0.916116893 -0.321805924 -0.23910448
vn -0.924331009 -0.365512341 0.109603651
vn -0.927525938 -0.362810194 0.0898024738
vn -0.927204728 -0.362201899 0.0954004526
vn -0.93582046 -0.336907417 0.103602245
vn -0.932177365 -0.354991406 0.0708982423
vn -0.948834896 -0.302911192 0.0892032459
vn -0.935650706 -0.349481642 0.049197372
vn -0.954654694 -0.293086112 0.0522974916
vn -0.938371003 -0.344589382 0.0267991349
vn -0.953332245 -0.300810218 0.0259008463
vn -0.943578601 -0.331092507 0.00609982293
vn -0.948091745 -0.317997247 9.99612312e-05
vn -0.937806308 -0.346702367 -0.0178001616
vn -0.32271421 -0.0324013196 -0.945941806
vn -0.487108976 -0.100701764 -0.8675161
vn -0.562017322 -0.0926027671 -0.821925461
vn -0.649198174 -0.187299401 -0.737197995
vn -0.798624694 -0.220406786 -0.560017407
vn -0.801339567 -0.231911406 -0.551427305
vn -0.906195879 -0.335798472 -0.256998897
vn -0.134495601 0.102796763 -0.985567927
vn -0.24371241 0.420921564 -0.873744547
vn -0.279399484 0.387299478 -0.878598511
vn -0.488591671 0.824586034 -0.285195082
vn -0.578610897 0.779614806 -0.239604458
vn -0.465809792 0.66161406 -0.587612331
vn -0.597271323 0.626969993 -0.500175953
vn -0.494902313 0.757303715 -0.426101953
vn -0.511309564 0.815315306 -0.271705002
vn -0.37838605 0.885367513 -0.270089954
vn -0.495313674 0.821322739 0.28300792
vn -0.552176118 0.794065714 0.254089117
vn -0.380206078 0.897714436 0.222603694
vn -0.593331754 0.76724112 0.243513152
vn -0.731557369 0.652762055 0.196788624
vn -0.828381062 0.533587813 0.170496166
vn -0.610186338 0.791682363 0.0301994234
vn -0.777264953 0.612072527 -0.145693362
vn -0.850617528 0.511410594 -0.122102477
vn -0.680993974 0.705793917 -0.195198208
vn -0.563799381 0.64639926 0.514099598
vn -0.464002281 0.751303732 0.469302475
vn -0.494768441 0.809348464 0.316479951
vn -0.47057879 0.359583735 0.8057639
vn -0.392293096 0.581289768 0.712887526
vn -0.426209748 0.655515015 0.623414338
vn -0.331286609 0.49917978 0.800667822
vn -0.229090035 0.257388711 0.938759327
vn -0.343104362 0.267803311 0.900311649
vn 0.0278992746 0.148796022 0.988474429
vn -0.24100095 0.134900436 0.961103857
vn -0.890987754 -0.321495682 0.320595622
vn -0.909895658 -0.273398757 0.311998516
vn -0.911875069 -0.27179265 0.307591587
vn -0.939508021 -0.199401766 0.278502375
vn -0.941183329 -0.201696485 0.271095186
vn -0.972654104 -0.126494065 0.194790825
vn -0.972918451 -0.128702492 0.192003667
vn -0.992101014 -0.0890001133 0.0884000883
vn -0.992162645 -0.0870967433 0.0895966217
vn -0.995558202 -0.0912961811 -0.0229990482
vn -0.996153593 -0.0848960504 -0.0216990001
vn -0.983659625 -0.131194621 -0.123294972
vn -0.984415174 -0.124301925 -0.124401949
vn -0.936711371 -0.350004286 -0.00830014329
vn -0.939391613 -0.342296958 -0.0193998702
vn -0.933998346 -0.273399532 -0.229999647
vn -0.93402791 -0.273208171 -0.230106935
vn -0.828829288 -0.134804711 -0.543019176
vn -0.82880652 -0.134601012 -0.543104351
vn -0.604602337 0.028900208 -0.796003163
vn -0.934289217 0.185597911 -0.30439648
vn -0.956015289 0.279804528 -0.0880013853
vn -0.957967937 0.272590905 -0.0893969834
vn -0.949275196 0.279692739 0.143696293
vn -0.950098872 0.277499706 0.142499879
vn -0.912777901 0.197395205 0.35759142
vn -0.911085725 0.200096861 0.360394418
vn -0.849451602 0.0446973965 0.525770068
vn -0.844929874 0.0480016358 0.532718897
vn -0.789929032 -0.108504064 0.603522241
vn -0.786399484 -0.109700002 0.607899666
vn -0.234793365 0.0796978772 -0.968772769
vn -0.177402154 0.0867011771 -0.980312049
vn -0.325406849 0.175103828 -0.929219723
vn -0.604485452 0.0291993972 -0.796080947
vn -0.658286393 0.183796316 -0.729984999
vn -0.818665683 0.192691997 -0.540977359
vn -0.445786148 0.507784307 -0.737177074
vn -0.426600009 0.543400168 -0.72299999
vn -0.87648958 -0.336696059 0.344095886
vn -0.753185332 -0.205796108 0.624787927
vn -0.752098441 -0.202099696 0.627298832
vn -0.588813186 -0.1463034 0.794917941
vn -0.452203244 -0.0039001347 0.8919065
vn -0.94219774 -0.334899217 -0.010300017
vn -0.942094624 -0.335198134 -0.00999998394
vn -0.959018409 -0.199903831 -0.200803921
vn -0.958721399 -0.203004524 -0.199104503
vn -0.880423546 0.0288008302 -0.473312736
vn -0.881440759 0.0252012257 -0.471621871
vn -0.680594742 0.257298112 -0.685994685
vn -0.751342118 0.486727417 -0.445625007
vn -0.755799651 0.479799867 -0.445599794
vn -0.785183311 0.602787256 -0.141896933
vn -0.789529741 0.596722543 -0.143405348
vn -0.777373075 0.603479147 0.17749393
vn -0.779132724 0.601525307 0.176407501
vn -0.728088021 0.495291859 0.473892301
vn -0.725117505 0.497612 0.476011634
vn -0.639194727 0.289697558 0.712394297
vn -0.631474733 0.293088198 0.717871368
vn -0.55252105 0.0781028867 0.82983166
vn -0.547207057 0.0774009079 0.833410859
vn -0.490323097 -0.0698033944 0.868741035
vn -0.33701095 -0.0115004862 0.941430628
vn -0.357298702 0.907296717 0.221699312
vn -0.180408627 0.870441735 0.458022088
vn -0.0243001096 0.91540426 0.401802003
vn -0.310798556 0.897495866 0.312898695
vn -0.389691442 0.897680402 0.205695614
vn -0.368280768 0.903652847 0.218588725
vn -0.298688978 0.720373333 0.62597698
vn -0.148200214 0.691100955 0.707401097
vn 0.134996995 0.681684792 0.719084084
vn -0.153505147 0.526617587 0.836128175
vn -0.0944994017 0.386597484 0.9173944
vn 0.140007257 0.269213855 0.952849507
vn -0.0152003728 0.238905773 0.970923901
vn -0.371096909 0.85789299 -0.355396956
vn -0.0446981527 0.0328987651 -0.998458803
vn -0.199295536 0.0773983896 -0.976878226
vn 0.146105632 0.38081485 -0.913035274
vn -0.377486318 0.341187775 -0.860868871
vn 0.0125993751 0.7268641 -0.686665952
vn 0.188798815 0.717395663 -0.670595765
vn -0.362607956 0.891819656 -0.270505846
vn -0.0188006796 0.949034512 -0.314611286
vn -0.311693311 0.843682051 -0.437090576
vn -0.342892319 0.72288394 -0.599886537
vn -0.903517246 -0.337106496 0.264605045
vn -0.915507436 -0.290602416 0.278202266
vn -0.954644561 -0.291113615 0.0625028908
vn -0.932533324 -0.360512942 0.0203006845
vn -0.940539777 -0.337014318 0.0425017588
vn -0.942389309 -0.331996262 0.0409994982
vn -0.939880848 -0.337793171 0.0501989424
vn -0.937888145 -0.341095746 0.0633991659
vn -0.936081231 -0.349593043 0.0391991772
vn -0.934422612 -0.355308682 0.0247005597
vn -0.942501783 -0.317900658 0.103100173
vn -0.954536557 -0.293611258 0.0515019447
vn -0.953393877 -0.295498133 0.0609995835
vn -0.953332245 -0.29471001 0.0656021908
vn -0.923123181 -0.374109447 0.0888021886
vn -0.922447145 -0.376919329 0.0838042498
vn -0.923131704 -0.380413115 0.0558018759
vn -0.922148585 -0.382478714 0.0578967333
vn -0.941412151 -0.311404079 0.129501656
vn -0.94096005 -0.324886262 0.0950959399
vn -0.924009919 -0.371504039 0.0905009285
vn -0.923791289 -0.372096539 0.0902991146
vn -0.958731771 -0.279309303 0.0531017333
vn -0.916537642 -0.383915842 0.11210458
vn -0.916685224 -0.383093894 0.11369814
vn -0.910205126 -0.395502299 0.122900665
vn -0.911200523 -0.387300313 0.140400067
vn -0.862602174 -0.491001278 0.121800259
vn -0.935225725 -0.349909693 0.0540014543
vn -0.93393594 -0.353413671 0.0535020269
vn -0.926402748 -0.352601111 0.132100359
vn -0.92555809 -0.346184373 0.153293028
vn -0.935748219 -0.333217233 0.115505934
vn -0.951731205 -0.305110037 0.0334010608
vn -0.952317297 -0.303405553 0.0322005525
vn -0.956203938 -0.292301208 0.0153000308
vn -0.95425719 -0.298986614 0.000599937572
vn -0.954785466 -0.297295511 0.000499957008
vn -0.954813719 -0.297204286 0.000599973253
vn -0.95589751 -0.293699265 0.000899962732
vn -0.955618739 -0.294605821 0.000499974762
vn -0.956323862 -0.292307287 0.00109999266
vn -0.956323624 -0.292307228 0.00129999744
vn -0.956384599 -0.292095333 0.00299991737
vn -0.957523406 -0.288307071 0.0053000953
vn -0.957769275 -0.287490815 0.00519979931
vn -0.956461012 -0.291788131 0.00649970118
vn -0.955800116 -0.293900073 0.00829996634
vn -0.955527365 -0.294708461 0.0107002724
vn -0.954919577 -0.29670611 0.00970016513
vn -0.954206228 -0.299001962 0.00940002687
vn -0.91479516 -0.282698572 0.288498491
vn -0.918645799 -0.278513938 0.280213982
vn -0.879524469 -0.255707204 0.401311219
vn -0.911832809 -0.299510807 0.280810118
vn -0.906615794 -0.301205307 0.295505166
vn -0.941491723 -0.314297289 0.121698901
vn -0.949875832 -0.30219239 0.0800979361
vn -0.943254054 -0.309317797 0.12080691
vn -0.953089237 -0.277496934 0.120898612
vn -0.946485102 -0.290995479 0.139597788
vn -0.892975092 -0.370289743 0.255892843
vn -0.893035412 -0.358314306 0.272210777
vn -0.910102069 -0.335800827 0.242800534
vn -0.921613216 -0.372605413 0.108601525
vn -0.916301608 -0.381100744 0.123100191
vn -0.89315474 -0.370481312 0.254987091
vn -0.891819417 -0.384908438 0.237705156
vn -0.86670202 -0.400401026 0.29750067
vn -0.865337849 -0.405817866 0.294112831
vn -0.833294153 -0.412997186 0.367497385
vn -0.920185268 -0.385793895 0.066498898
vn -0.907335162 -0.372914523 0.194107518
vn -0.896482348 -0.425491691 0.123597533
vn -0.861926198 -0.396112174 0.316509604
vn -0.861297131 -0.394998789 0.319598883
vn -0.92977947 -0.336792648 0.148596689
vn -0.926752627 -0.333782971 0.172391146
vn -0.925174713 -0.327691108 0.191494748
vn -0.924814165 -0.316404909 0.211203218
vn -0.926150084 -0.303716481 0.223612085
vn -0.92673552 -0.300511569 0.225508645
vn -0.959581196 -0.277394593 0.0474990457
vn -0.962329686 -0.271308392 0.0177005157
vn -0.955592752 -0.294597805 0.00739990966
vn -0.966006756 -0.258501828 -0.00280005042
vn -0.974121511 -0.220604882 -0.0492011197
vn -0.967429876 -0.252307802 0.0205006059
vn -0.940717399 -0.339106292 0.00760010118
vn -0.943218172 -0.332106441 0.00670009013
vn -0.93921262 -0.343204647 0.00950008724
vn -0.946455777 -0.32248494 0.0149992621
vn -0.949676573 -0.312792301 0.0165995546
vn -0.933307827 -0.358503044 0.0203001294
vn -0.940077126 -0.340491742 0.0178995244
vn -0.921791017 -0.387596279 0.00839987211
vn -0.929683268 -0.368293434 0.00699983118
vn -0.937822044 -0.347108185 0.00240001548
vn -0.390906096 0.874013782 -0.288604438
vn -0.152906805 0.108704969 -0.982243896
vn -0.0839969367 0.148994699 -0.985264182
vn -0.0751983747 0.133597255 -0.98817879
vn -0.0836979821 0.174595937 -0.981076539
vn -0.0754039809 0.161108643 -0.984052122
vn -0.0847013295 0.202003315 -0.975715458
vn -0.0899022669 0.220105693 -0.971324563
vn -0.0893977433 0.241094053 -0.966375709
vn -0.116696887 0.345390946 -0.931175232
vn -0.158802122 0.403905511 -0.900912046
vn -0.162500158 0.446900606 -0.879700959
vn -0.184904218 0.512211859 -0.83871913
vn -0.237598866 0.576897442 -0.781496286
vn -0.272303045 0.728408337 -0.628707051
vn -0.245299637 0.666599214 -0.703898966
vn -0.237203047 0.633008301 -0.736909389
vn -0.297885716 0.944354892 -0.139493212
vn -0.142404288 0.988929868 -0.0417011417
vn -0.186796054 0.981079459 -0.0508988202
vn -0.345595717 0.907988846 -0.236896992
vn -0.339705706 0.911315382 -0.232603818
vn -0.232897937 0.946091771 -0.225097924
vn -0.301189333 0.934567034 -0.189393222
vn -0.232108861 0.964636981 -0.124904677
vn -0.368610352 0.843023777 -0.391710967
vn -0.398096323 0.85379231 -0.335496873
vn -0.346593499 0.895283341 -0.27989468
vn -0.341092288 0.756583035 -0.557887316
vn -0.353609592 0.789521575 -0.501613557
vn -0.35190326 0.791807532 -0.499204576
vn -0.379502863 0.819506347 -0.429403216
vn -0.3727988 0.838697433 -0.396998703
vn -0.314399302 0.722798645 -0.615398705
vn -0.314506233 0.722314537 -0.615912199
vn -0.26200074 0.722502291 -0.63980186
vn -0.308204174 0.798310995 -0.51740694
vn -0.310906112 0.794715822 -0.52131021
vn -0.3047041 0.859011769 -0.411405504
vn -0.358398616 0.822897017 -0.440898299
vn -0.257394195 0.913179576 -0.315992802
vn -0.345615596 0.873239517 -0.343515426
vn -0.251808673 0.941732526 -0.223007604
vn -0.258405417 0.939419925 -0.225204647
vn -0.226105854 0.963325024 -0.144503638
vn -0.165304959 0.978729486 -0.121503547
vn -0.19959417 0.978571534 -0.0505984128
vn -0.136893511 0.989953279 -0.0353982076
vn -0.234290764 0.585777044 -0.775869429
vn -0.236190125 0.586075664 -0.775067627
vn -0.299195826 0.664590895 -0.684690475
vn -0.181399852 0.380299807 -0.906899273
vn -0.175202325 0.429905832 -0.885711789
vn -0.17069912 0.447197855 -0.877995551
vn -0.18489337 0.409085453 -0.893567979
vn -0.219503313 0.485707492 -0.846112788
vn -0.246501103 0.560802698 -0.790403605
vn -0.11060261 0.292907059 -0.949722469
vn -0.155199647 0.300099462 -0.941197932
vn -0.161492884 0.314086288 -0.935558796
vn -0.122301176 0.0756008476 -0.989609599
vn -0.1306943 0.0896962136 -0.98735702
vn -0.129406229 0.148907304 -0.980347335
vn -0.133694306 0.160993278 -0.977858543
vn -0.136098653 0.21809797 -0.96639061
vn -0.135498568 0.216697842 -0.966789842
vn -0.150307328 0.265413076 -0.952346504
vn -0.883084416 0.46919176 -0.00459986366
vn -0.878773153 0.477185488 -0.0071997242
vn -0.884930849 0.465716302 -0.00240002852
vn -0.886160076 0.463379174 -0.000399926794
vn -0.886345685 0.463023901 0.000500080991
vn -0.867900133 0.496700108 -0.0061999429
vn -0.875026822 0.484014899 -0.00760017615
vn -0.868870258 0.494983137 -0.00749968505
vn -0.866908133 0.498204708 -0.0162000936
vn -0.867900133 0.496700108 0.00620006118
vn -0.868870258 0.494983137 0.00749980332
vn -0.866906762 0.498203933 0.0163001884
vn -0.884930849 0.465716302 0.00240013935
vn -0.886367202 0.462982953 0.000200047827
vn -0.883084416 0.46919176 0.00459997542
vn -0.878773153 0.477185488 0.00719983783
vn -0.875026822 0.484014899 0.00760029163
vn -0.468085736 -0.863973796 0.185594246
vn -0.617996216 -0.760395467 0.199698731
vn -0.244889408 -0.128794566 0.96095854
vn -0.490807533 0.0598008223 0.869213462
vn -0.519393802 0.064599134 0.852090001
vn -0.683770895 0.229790166 0.692570627
vn -0.729828894 0.236209318 0.641525507
vn -0.806456387 0.378379524 0.454375535
vn -0.859931648 0.377513885 0.343512714
vn -0.935596168 0.236899048 0.261798978
vn -0.93741405 0.228103429 0.263104022
vn -0.875419021 -0.0348008201 0.48211053
vn -0.874340832 -0.0439021178 0.48332265
vn -0.71018064 -0.294892073 0.639282525
vn -0.706514478 -0.303506345 0.639313102
vn -0.975085676 0.155197725 0.158497706
vn -0.976507246 0.1477011 0.156901196
vn -0.940476835 -0.172895804 0.292592794
vn -0.939482152 -0.180496633 0.291194499
vn -0.790162504 -0.473477632 0.389181525
vn -0.786794841 -0.480496943 0.387397468
vn -0.986784399 0.129197955 0.0977984816
vn -0.987584352 0.124498025 0.0957985073
vn -0.959517777 -0.216204047 0.180503339
vn -0.958719015 -0.221104443 0.178803533
vn -0.81330204 -0.529901445 0.240300566
vn -0.810812533 -0.534508348 0.23850365
vn -0.876786709 0.347694725 0.332195014
vn -0.877688766 0.342695624 0.334995806
vn -0.777766943 0.152493447 0.609774113
vn -0.776899636 0.147099867 0.612199783
vn -0.588395476 -0.0550996773 0.806693852
vn -0.586026907 -0.0604028776 0.808037221
vn -0.086101152 -0.396905482 0.913812339
vn -0.269410968 -0.218809038 0.937838316
vn -0.908362985 0.289588213 0.301687747
vn -0.909883618 0.282094926 0.30419457
vn -0.830370069 0.0540979914 0.554580092
vn -0.82933408 0.0464018472 0.556822956
vn -0.65420872 -0.180702507 0.734409809
vn -0.651036978 -0.188210785 0.735341847
vn -0.403298199 -0.39169842 0.826996446
vn -0.186091051 -0.665568113 0.722765207
vn -0.407885164 -0.486582458 0.772571981
vn -0.851592362 0.495495588 0.171098545
vn -0.874252915 0.481674105 0.0605968013
vn -0.877404451 0.474602491 0.0701004267
vn -0.902413487 0.417906255 0.104901634
vn -0.894792736 0.43729648 0.0900993273
vn -0.904236913 0.420517206 0.0743030906
vn -0.906735659 0.4145163 0.0775031075
vn -0.913632393 0.402014285 0.0605021976
vn -0.916425288 0.395310938 0.0624017753
vn -0.919681251 0.389392108 0.05059902
vn -0.924499452 0.378299803 0.0468000211
vn -0.918901205 0.39400053 0.0196000747
vn -0.917910039 0.396304369 0.0196002629
vn -0.974893391 0.218598545 -0.0423996896
vn -0.991963089 0.117395639 0.0471982695
vn -0.96332562 -0.264007032 0.0480012558
vn -0.969491482 -0.243497878 0.0281997249
vn -0.793106318 -0.598204851 0.11460086
vn -0.824547112 -0.55943203 0.0846047699
vn -0.268390179 -0.958465099 0.0964963734
vn -0.563095748 -0.780694306 0.270997912
vn -0.506287575 -0.695183158 0.510287523
vn -0.24960348 -0.862812221 0.4396061
vn -0.507698178 -0.627997816 0.589797795
vn -0.751827717 -0.402414948 0.522319257
vn -0.755698562 -0.393799365 0.523298979
vn -0.911241829 -0.120605595 0.39381811
vn -0.912282467 -0.111497924 0.3940925
vn -0.959747851 0.182709113 0.213310689
vn -0.957950234 0.191490039 0.213688955
vn -0.92937988 0.368992031 -0.00989974197
vn -0.927231133 0.372812569 -0.0354011469
vn -0.919060528 0.393583149 -0.0204990767
vn -0.927446067 0.368578643 -0.0631962866
vn -0.921673 0.385588765 -0.0428986996
vn -0.915725768 0.396511197 -0.0650017858
vn -0.914486587 0.400394201 -0.0582991056
vn -0.905878723 0.415990293 -0.0795980841
vn -0.905214727 0.418706894 -0.0726011395
vn -0.897913456 0.431906551 -0.0849012285
vn -0.89579457 0.434197396 -0.0949993804
vn -0.875176191 0.479087025 -0.067398116
vn -0.875187457 0.480693161 -0.0545991696
vn -0.851577759 0.495487154 -0.171195492
vn -0.474191517 -0.87508446 -0.0967983902
vn -0.244912952 -0.12880671 -0.960950911
vn -0.974746644 0.218588069 -0.0456974767
vn -0.991866708 0.0970967337 0.0822972581
vn -0.987593889 0.124499254 -0.0956994072
vn -0.986771643 0.129296318 -0.0977971926
vn -0.976492882 0.147798955 -0.156898856
vn -0.975100875 0.155100182 -0.15850015
vn -0.959755719 0.182691604 -0.213290185
vn -0.957950234 0.191490084 -0.213688895
vn -0.93741405 0.228103489 -0.263103962
vn -0.935596168 0.236899108 -0.261798918
vn -0.909883618 0.282094985 -0.30419451
vn -0.908362985 0.289588273 -0.301687688
vn -0.877688766 0.342695713 -0.334995747
vn -0.876757562 0.347683251 -0.332283914
vn -0.824511409 0.433306068 -0.363905013
vn -0.846105695 0.295502096 -0.443603039
vn -0.963925242 -0.264106929 -0.033100903
vn -0.96938324 -0.240795866 -0.0480992049
vn -0.958719015 -0.221104398 -0.178803593
vn -0.959497035 -0.216299325 -0.180499479
vn -0.939465284 -0.180593312 -0.291189313
vn -0.940493047 -0.172798708 -0.29259789
vn -0.911241829 -0.120605506 -0.39381811
vn -0.912282467 -0.111497827 -0.3940925
vn -0.874340832 -0.0439020023 -0.48332265
vn -0.875376821 -0.0347990282 -0.482187301
vn -0.82933408 0.0464019775 -0.556822956
vn -0.830338955 0.0541026108 -0.554626107
vn -0.776899636 0.147100016 -0.612199783
vn -0.777766943 0.152493596 -0.609774113
vn -0.712356985 0.263284206 -0.650560677
vn -0.701698482 0.19559969 -0.685098588
vn -0.795356214 -0.599867046 -0.0869952887
vn -0.823925257 -0.557017148 -0.104303285
vn -0.8107692 -0.534579754 -0.238491014
vn -0.813379049 -0.529786408 -0.240293905
vn -0.786825299 -0.48051545 -0.387312591
vn -0.790162504 -0.473477542 -0.389181644
vn -0.751827717 -0.402414829 -0.522319376
vn -0.755698562 -0.393799216 -0.523299098
vn -0.706469357 -0.303486794 -0.639372408
vn -0.71018064 -0.294891924 -0.639282644
vn -0.650989175 -0.188196793 -0.735387802
vn -0.65420872 -0.180702344 -0.734409809
vn -0.586026907 -0.0604026839 -0.808037221
vn -0.588395476 -0.0550994836 -0.806693852
vn -0.511382043 0.077297397 -0.855870128
vn -0.499100536 0.0464001559 -0.865301073
vn -0.24670741 -0.125503659 -0.960928977
vn -0.325408012 -0.261406362 -0.90872252
vn -0.319803387 -0.262102723 -0.910509884
vn -0.396904767 -0.399804741 -0.826210082
vn -0.389096409 -0.401096255 -0.829292536
vn -0.456396908 -0.525396407 -0.718095243
vn -0.447400928 -0.527501047 -0.722201586
vn -0.503381729 -0.63417691 -0.586878777
vn -0.494881243 -0.636775851 -0.591277719
vn -0.538208365 -0.721511245 -0.435606927
vn -0.53100121 -0.724301696 -0.439801127
vn -0.56060642 -0.783308983 -0.268603176
vn -0.556010723 -0.785615265 -0.271405369
vn -0.569983363 -0.812876344 -0.119796611
vn -0.627809048 -0.772511184 -0.0953014791
vn -0.356073856 -0.720747054 -0.594756424
vn -0.243697762 -0.581494629 -0.776193023
vn 0.127393305 -0.753860354 -0.644566238
vn -0.256104767 -0.484408975 -0.836515725
vn -0.105897166 -0.32119137 -0.941075027
vn 0.175103366 -0.512709796 -0.840516329
vn -0.104404688 -0.21260944 -0.971543729
vn 0.0882995874 -0.918095767 -0.386398405
vn -0.343586445 -0.786769032 -0.512779951
vn -0.40560621 -0.872513413 -0.272404283
vn -0.14620398 -0.973326623 -0.176804945
vn -0.408009291 -0.907820821 -0.0969023332
vn -0.402818769 -0.896241903 0.185708568
vn -0.409597367 -0.893394411 0.184598714
vn -0.355011314 -0.781525075 0.513016284
vn -0.369824648 -0.772951663 0.515534282
vn -0.265402794 -0.570806265 0.777008295
vn -0.279799193 -0.560998559 0.779097855
vn -0.136505872 -0.304313242 0.942740619
vn -0.163696393 -0.282893926 0.945079207
vn -0.947173715 0.314291328 -0.0638981983
vn -0.984014094 -0.178002566 -0.00560010178
vn -0.809407651 0.573305488 -0.12720114
vn -0.964484036 0.0717988461 -0.254195839
vn -0.931764364 0.362786174 -0.0141994162
vn -0.956774771 0.289692402 0.0256993622
vn -0.942892909 0.332897514 -0.0114998743
vn -0.969594598 0.244598657 -0.00759992935
vn -0.975920498 0.218104616 -0.00310003967
vn -0.986561894 0.162893727 0.0126995305
vn -0.984956682 0.171892464 0.0176992435
vn -0.992767811 0.119996123 0.00359989796
vn -0.999807477 0.0103000794 -0.0167001244
vn -0.999221742 0.0391008519 -0.00520010898
vn -0.998453081 0.0555973947 -0.000599965279
vn -0.997745872 0.0671030954 0.000600035652
vn -0.999900699 -0.00670000678 0.0124000106
vn -0.999283671 0.0364994071 -0.00999983307
vn -0.999323785 0.0356008485 -0.00920021534
vn -0.99836427 0.0530981049 0.0211992487
vn -0.999865413 0.0161994416 0.00259991223
vn -0.998427272 -0.0558015332 0.0054001417
vn -0.995057344 -0.0992957503 0.00119993684
vn -0.991512179 -0.129901603 -0.0054000821
vn -0.961099744 -0.276199967 -0.00100003288
vn -0.967952132 -0.250987589 -0.00859960541
vn -0.968083024 -0.250495642 -0.00819988735
vn -0.968237698 -0.249909759 -0.00780033413
vn -0.969021559 -0.246905535 -0.00590016181
vn -0.985990107 -0.166798353 -0.001400006
vn -0.970969439 -0.239192501 -0.00229995628
vn -0.974911153 -0.222202584 -0.0132001787
vn -0.969533324 -0.244908452 -0.00500020152
vn -0.969665766 -0.244391397 -0.00459986739
vn -0.967696667 -0.251299173 -0.0202999618
vn -0.970957637 -0.239089593 0.00879958831
vn -0.966585279 -0.256096125 -0.0112998597
vn -0.966584206 -0.256095856 -0.0113998456
vn -0.965540946 -0.25931102 -0.022100972
vn -0.966066718 -0.256591171 -0.0295990147
vn -0.965525091 -0.257506728 -0.0381010249
vn -0.964941561 -0.256311059 -0.0565024689
vn -0.966248751 -0.243112296 -0.0852043331
vn -0.957289994 -0.263097256 -0.119898789
vn -0.954094112 -0.231198564 -0.190398887
vn -0.926775813 -0.248693496 -0.28149271
vn -0.919369936 -0.204293311 -0.336189091
vn -0.897504389 -0.199300945 -0.39340204
vn -0.912499249 0.336099803 -0.23319979
vn -0.904971361 0.405287236 -0.129495874
vn -0.888517439 0.448708892 -0.0959018469
vn -0.785804689 0.5703035 -0.239301383
vn -0.771604836 0.597103894 -0.219301328
vn -0.726374567 0.63457787 -0.2639907
vn -0.745290816 0.61679256 -0.253196865
vn -0.731088936 0.643590391 -0.226496533
vn -0.772891164 0.597793281 -0.212797523
vn -0.773366153 0.597074032 -0.213090628
vn -0.794975162 0.576582134 -0.188594073
vn -0.839232862 0.519420385 -0.16090624
vn -0.840098798 0.54199928 -0.0216999054
vn -0.84851855 0.519611359 -0.100102141
vn -0.855687857 0.504092932 -0.116998293
vn -0.872011721 0.472506434 -0.127801687
vn -0.88291204 0.450806201 -0.131301746
vn -0.834916532 0.529710531 -0.149402902
vn -0.89337647 0.448088259 -0.0330990814
vn -0.872786283 0.485892415 -0.0463992134
vn -0.846911609 0.525907278 -0.0785010234
vn -0.792591691 0.595093787 -0.132898539
vn -0.80343616 0.584626377 -0.11270503
vn -0.80739969 0.581399858 -0.100399911
vn -0.842826843 0.520716608 -0.136004299
vn -0.855073988 0.507784605 -0.104896769
vn -0.880735576 0.469519049 -0.0621024631
vn -0.991010487 -0.133701429 -0.00470006606
vn -0.986349583 -0.132993236 0.097095035
vn -0.988305211 -0.143600792 0.0513002574
vn -0.994516015 0.0808013156 -0.0664010644
vn -0.985832751 0.0487016439 -0.160505354
vn -0.992579699 0.121097535 -0.0109997606
vn -0.996471524 0.0838976055 0.00239994167
vn -0.998213887 0.055700779 0.0216003098
vn -0.997955441 0.036598362 0.0523976684
vn -0.999820411 -0.0178003665 0.00650013145
vn -0.996902108 -0.078500174 -0.00490002008
vn -0.9661147 -0.254403919 -0.0436007008
vn -0.973990321 -0.22359781 -0.0366996676
vn -0.979878724 -0.195295781 -0.0411991328
vn -0.938270569 0.33948943 -0.0662978888
vn -0.928318202 0.367107272 -0.0588011183
vn -0.880186677 0.47169292 -0.0526991561
vn -0.893230975 0.446415544 -0.0534018055
vn -0.942471921 0.332490146 -0.0345989317
vn -0.940620959 0.339407593 -0.00590009196
vn -0.941707492 0.336402714 -0.00449999608
vn -0.949610472 0.3133035 0.00900013745
vn -0.9694857 0.241796449 -0.0403993763
vn -0.972760379 0.226290807 -0.0502979308
vn -0.982723475 0.18480444 -0.0101002194
vn -0.992954254 0.118494563 0.000999968266
vn -0.994978905 -0.0950979888 -0.0311993528
vn -0.997683465 0.0555990897 -0.0391993485
vn -0.996008456 0.0565004945 -0.0691005886
vn -0.99452281 0.0682015792 -0.0792018175
vn -0.983823657 0.0743018165 -0.163003922
vn -0.982763469 0.0775971487 -0.167793751
vn -0.969728947 0.0842025504 -0.22920686
vn -0.942421377 0.21730499 -0.254205793
vn -0.979682863 -0.16609709 -0.112398073
vn -0.864679813 -0.109297402 -0.490288615
vn -0.98587966 -0.145497024 -0.0828983188
vn -0.985284507 -0.152997598 -0.0761988238
vn -0.972158015 -0.142508507 -0.186011136
vn -0.972786129 -0.148097888 -0.178197488
vn -0.945367515 -0.131995454 -0.298089832
vn -0.940079927 -0.103097774 -0.324993074
vn -0.816286922 0.553491235 -0.165297315
vn -0.81222719 0.555518627 -0.178005919
vn -0.835795283 0.518697143 -0.179998949
vn -0.838288784 0.518893123 -0.167397723
vn -0.845472455 0.502483726 -0.180794075
vn -0.99300617 0.113000721 -0.0342002027
vn -0.989228725 0.145304233 -0.0177004989
vn -0.949007213 0.315002441 -0.0126000606
vn -0.972397685 0.225799486 -0.0587998405
vn -0.935366452 0.349487513 -0.0542980172
vn -0.935989261 0.351796001 -0.0127998134
vn -0.949233234 0.297610492 -0.101903543
vn -0.909278154 0.361691356 -0.205895022
vn -0.926037967 0.361914903 -0.107104369
vn -0.873879671 0.476488978 -0.0963977128
vn -0.872297823 0.475998878 -0.111899674
vn -0.889300227 0.438100189 -0.131199986
vn -0.895023108 0.442811489 -0.0534013361
vn -0.915346503 0.395620137 -0.075003773
vn -0.916906953 0.397903085 -0.0309001934
vn -0.91582185 0.400409639 -0.0307006892
vn -0.685085177 0.693685055 -0.222395107
vn -0.729363441 0.665466785 -0.158692002
vn -0.730823755 0.649521291 -0.209806785
vn -0.659207225 0.74320823 -0.114401169
vn -0.726595461 0.662796021 -0.180998817
vn -0.72881186 0.666210949 -0.158102512
vn -0.75761503 0.633512616 -0.157103062
vn -0.777394891 0.612096131 -0.144898981
vn -0.722998261 0.651298583 -0.2303994
vn -0.732194543 0.636995375 -0.241098136
vn -0.702672899 0.67297411 -0.230991036
vn -0.705696344 0.659596741 -0.258698642
vn -0.70329237 0.667092919 -0.24569729
vn -0.699123263 0.674822569 -0.236307815
vn -0.718491971 0.659692705 -0.220397487
vn -0.730808496 0.651007771 -0.205202356
vn -0.713607132 0.670306861 -0.203602001
vn -0.680707276 0.694007516 -0.23450245
vn -0.680283427 0.701983094 -0.210794821
vn -0.642226338 0.745030701 -0.180207327
vn -0.64970082 0.73430109 -0.1967002
vn -0.655898333 0.725798309 -0.207399413
vn -0.656189919 0.726188958 -0.205096781
vn -0.661379218 0.717977524 -0.216993108
vn -0.120995916 0.653178096 -0.74747479
vn -0.602731526 0.682735801 -0.413021535
vn -0.544780672 0.779972494 -0.307989031
vn 0.781817436 0.212404847 -0.586213171
vn -0.540585041 0.75687921 -0.367289782
vn -0.50551337 0.763020337 -0.402810633
vn -0.182906285 0.711824656 -0.678123295
vn -0.231688976 0.854359508 -0.465177864
vn -0.160405487 0.91483146 -0.370612562
vn -0.146992728 0.906155348 -0.396580338
vn -0.159397662 0.884387195 -0.438693494
vn -0.47168687 0.832576871 -0.290391833
vn -0.0179997645 0.940687954 -0.338795513
vn -0.182997406 0.924387038 -0.33469516
vn -0.247202292 0.918708622 -0.30800277
vn -0.456205368 0.848210096 -0.26910311
vn -0.507501006 0.828701794 -0.236000404
vn -0.480823457 0.815939903 -0.321015596
vn -0.462196022 0.816493094 -0.345996946
vn -0.508187234 0.786480308 -0.35099113
vn -0.591469824 0.697364509 -0.404779315
vn -0.59221071 0.708612919 -0.383606911
vn -0.522386372 0.755080402 -0.39618963
vn -0.508281946 0.749873459 -0.423484921
vn -0.523001492 0.765502334 -0.37480101
vn -0.317609221 0.687620163 -0.652918935
vn -0.325488031 0.706274211 -0.628676832
vn -0.279099524 0.76659894 -0.578298986
vn -0.253397524 0.754992783 -0.604794025
vn -0.201707974 0.829932988 -0.520120502
vn -0.240696818 0.85718888 -0.455293953
vn 0.0258997008 0.911989629 -0.409395188
vn -0.2075032 0.461907268 -0.86231333
vn -0.189900562 0.474001557 -0.859802604
vn -0.172294617 0.428686768 -0.886872351
vn -0.170697093 0.396593392 -0.901984692
vn -0.132505372 0.360914826 -0.923137605
vn -0.143504664 0.307910174 -0.940530717
vn -0.144394636 0.307388693 -0.94056505
vn -0.106697597 0.255594403 -0.960878432
vn -0.107601769 0.241104096 -0.964515924
vn -0.104704089 0.214308515 -0.97113806
vn -0.108993903 0.201788858 -0.973345697
vn -0.069997713 0.167594671 -0.98336798
vn -0.0835987851 0.135198161 -0.987285733
vn -0.0298012067 0.0949039683 -0.995040417
vn -0.0744031593 0.105404615 -0.991642237
vn -0.0780962482 0.0526975952 -0.995552301
vn -0.119894944 0.076196909 -0.989858329
vn -0.0791980475 -0.0128995646 -0.996775508
vn -0.197593793 0.00539994752 -0.980269253
vn -0.142294064 -0.0362983719 -0.989158869
vn -0.146499604 -0.0424997732 -0.988297462
vn -0.160592258 -0.0413978882 -0.98615247
vn -0.158704519 -0.0421010889 -0.986428261
vn -0.157705799 -0.043301478 -0.986536443
vn -0.15910168 -0.0497004129 -0.986010551
vn -0.165995508 -0.0496985428 -0.984873474
vn -0.18859148 -0.0656969249 -0.979855835
vn -0.182800457 -0.0679000616 -0.980802596
vn -0.195903584 -0.0672011152 -0.978317976
vn -0.196889952 -0.0775959417 -0.977350235
vn -0.223694503 -0.0834978446 -0.97107625
vn -0.222389609 -0.0848959312 -0.971254766
vn -0.229611069 -0.0907042697 -0.969046831
vn -0.24020797 -0.138904497 -0.960731983
vn -0.223691016 -0.101495817 -0.969361186
vn -0.227505669 -0.10660255 -0.967924237
vn -0.231400192 -0.0970999748 -0.968000948
vn -0.23020716 -0.091502741 -0.968830287
vn -0.226799428 -0.172199473 -0.95859772
vn -0.235396609 -0.145897791 -0.96088624
vn -0.226697177 -0.11469847 -0.96718812
vn -0.236601129 -0.222000971 -0.945904672
vn -0.259195894 -0.270795614 -0.927085459
vn -0.247895911 -0.257695675 -0.933884799
vn -0.279004872 -0.365006298 -0.888215601
vn -0.353094578 -0.431793302 -0.829987407
vn -0.353409737 -0.434911937 -0.82822299
vn -0.529306591 -0.71450901 -0.457505882
vn -0.535284162 -0.659480512 -0.527784526
vn -0.468004823 -0.637606561 -0.611906409
vn -0.454987496 -0.570584238 -0.683681309
vn -0.406412572 -0.546916902 -0.731922746
vn -0.365410537 -0.475013673 -0.800523221
vn -0.511401594 -0.838502705 -0.188100711
vn -0.560114384 -0.777220011 -0.286707491
vn -0.575093687 -0.722792149 -0.383195937
vn -0.6141029 -0.744503558 -0.261901349
vn -0.572593808 -0.803391337 -0.163398325
vn -0.619883895 -0.778179824 -0.100897484
vn -0.670686185 -0.730385005 -0.129297435
vn -0.610108316 -0.788910866 -0.0734011009
vn -0.676719248 -0.735120952 -0.0406012498
vn -0.636885881 -0.770682991 -0.0205996372
vn -0.66748023 -0.744577944 -0.00859983452
vn -0.196008116 0.476519883 -0.857035577
vn -0.181398094 0.526194632 -0.830791354
vn -0.167303935 0.531112671 -0.830619633
vn -0.197596312 0.589689136 -0.783085406
vn -0.161800623 0.623002589 -0.765303016
vn -0.163796082 0.626785159 -0.761781812
vn -0.15250738 0.684133291 -0.713234484
vn -0.135601953 0.658109665 -0.7406106
vn -0.124901995 0.716311634 -0.68651098
vn -0.114596531 0.692479193 -0.712278426
vn -0.09429764 0.758781195 -0.644483805
vn -0.064901948 0.730222046 -0.680120409
vn -0.054700885 0.809613287 -0.584409416
vn -0.0316007175 0.788818121 -0.613813877
vn -0.0205991417 0.825465739 -0.564076424
vn -0.00799988117 0.840087652 -0.542391837
vn -0.00950037502 0.845733643 -0.533521056
vn 0.0254991092 0.883369327 -0.467983603
vn 0.0559009686 0.86771524 -0.493908525
vn 0.0236992203 0.900270581 -0.434685647
vn 0.0396976024 0.937143564 -0.346678972
vn 0.0507014059 0.937926173 -0.343109429
vn 0.0117997117 0.936977267 -0.349191397
vn 0.0525972657 0.955250442 -0.291084766
vn -0.89337647 0.448088259 0.0330991857
vn -0.9317981 0.36269927 0.0142000159
vn -0.961099625 -0.276199937 0.00109996682
vn -0.977652669 -0.209889874 0.0118994014
vn -0.800217807 0.561212599 0.2114048
vn -0.792591691 0.595093787 0.132898688
vn -0.810982704 0.57678777 0.0980979875
vn -0.87186414 0.472780585 0.127794817
vn -0.883233309 0.450117022 0.131505042
vn -0.835065544 0.529478252 0.149393901
vn -0.816221833 0.553614914 0.165204495
vn -0.819574475 0.555982769 0.138495773
vn -0.847850323 0.522369504 0.090994738
vn -0.84851855 0.519611359 0.100102261
vn -0.855574787 0.504285216 0.116996631
vn -0.773226321 0.597320437 0.212907359
vn -0.745290816 0.6167925 0.253196985
vn -0.731088936 0.643590331 0.226496682
vn -0.72880441 0.639503956 0.244701594
vn -0.75835222 0.60716182 0.23718515
vn -0.770802677 0.597402155 0.22130087
vn -0.785112619 0.57730937 0.224303707
vn -0.834879816 0.519087493 0.183095649
vn -0.83529824 0.51719892 0.18649967
vn -0.901694417 0.391597629 0.183298931
vn -0.900024354 0.371810108 0.227406234
vn -0.957742929 0.0896039903 0.273312271
vn -0.972054958 0.115294643 0.204490572
vn -0.947906137 -0.132900909 0.289501876
vn -0.94928968 -0.150398418 0.276097029
vn -0.943420649 -0.059001334 0.326307178
vn -0.964934289 -0.255209088 0.0614021607
vn -0.96627146 -0.255492479 0.0322990194
vn -0.967112124 -0.248703137 0.0533006452
vn -0.964959502 -0.259589136 0.0382983685
vn -0.965901554 -0.25720045 0.0297000222
vn -0.965494573 -0.260098577 0.0129998988
vn -0.966318548 -0.257104963 0.0112001849
vn -0.968285561 -0.249796301 0.00499989605
vn -0.968031347 -0.250708133 0.00780022331
vn -0.985990107 -0.166798353 0.00139996619
vn -0.97854799 -0.206010133 0.00190006895
vn -0.969533324 -0.244908452 0.00500014285
vn -0.969409406 -0.245402411 0.00480001792
vn -0.969663918 -0.244390935 0.00499978522
vn -0.998427272 -0.0558015332 -0.00540015474
vn -0.991073787 -0.13329649 0.00219992618
vn -0.994890869 -0.100399092 0.0105998917
vn -0.991512716 -0.129901677 0.00530005293
vn -0.998458683 0.0554977134 0.000599981926
vn -0.999226213 0.039001029 0.00510013895
vn -0.997179568 0.074498482 -0.00909980573
vn -0.999987245 0.00279996404 0.00419994723
vn -0.999548435 0.0287013948 -0.00890042819
vn -0.999922872 0.0121002784 -0.00280006276
vn -0.999278307 0.0366992056 0.00979979336
vn -0.999300361 0.0362000167 0.00940000918
vn -0.992941022 0.118604921 -0.00100002741
vn -0.997753024 0.0669968575 -0.000599963882
vn -0.992767811 0.119996123 -0.00359986955
vn -0.98652482 0.162904114 -0.0152003653
vn -0.98478657 0.173497662 -0.00969984848
vn -0.975808561 0.218601957 0.00330005563
vn -0.942725778 0.33280912 0.0225006565
vn -0.964024484 0.26110664 -0.0498012416
vn -0.956802487 0.28960079 -0.0257000346
vn -0.949707747 0.313002586 -0.00920003932
vn -0.941170394 0.337889403 0.00539987069
vn -0.801507473 0.586105466 0.118601188
vn -0.807375371 0.581382275 0.100697011
vn -0.842721581 0.520913363 0.135903552
vn -0.855073988 0.507784605 0.104896888
vn -0.871940613 0.483422548 0.0776036829
vn -0.860092282 0.506295502 0.0624995083
vn -0.872786283 0.485892415 0.0463993326
vn -0.880186677 0.47169292 0.0526992679
vn -0.894482315 0.443891257 0.053499002
vn -0.94247514 0.332491279 0.0344991349
vn -0.939991832 0.341197044 0.000400037243
vn -0.928284228 0.367193758 0.0587990507
vn -0.93828994 0.339396387 0.0664993301
vn -0.935085297 0.34969452 0.0576991402
vn -0.957949638 0.285385042 0.0297984704
vn -0.972842157 0.227209866 0.044201944
vn -0.969240487 0.238409981 0.0611025877
vn -0.982707262 0.184901386 0.0099000968
vn -0.899654925 -0.117194198 0.420578986
vn -0.980179667 -0.165496603 0.108897738
vn -0.97990185 -0.195200399 0.0411000587
vn -0.98715508 0.159392759 0.0108995233
vn -0.992954373 0.113394797 0.0343984403
vn -0.994507909 0.0809006467 0.0664005429
vn -0.989875436 0.0589985289 0.129096806
vn -0.999094784 -0.0256998725 0.0338998213
vn -0.994959533 -0.0947961658 0.0326986611
vn -0.984031081 -0.177905619 0.00570015889
vn -0.9882707 -0.143695757 -0.051698491
vn -0.986023128 -0.132503092 -0.101002403
vn -0.996903062 -0.0785002485 0.00470000552
vn -0.999205112 0.0366001949 -0.0158000775
vn -0.996881247 0.0232995711 -0.0753985867
vn -0.998190582 0.0559994802 -0.0218997877
vn -0.996454537 0.084096171 -0.00249987608
vn -0.989928842 0.14040412 0.0181005467
vn -0.973374963 0.228694141 0.0154996291
vn -0.947339714 0.31531322 0.0559023879
vn -0.935200334 0.349900156 0.0545000657
vn -0.921561003 0.363184661 0.137194246
vn -0.982575357 0.0755980909 0.169795781
vn -0.983272433 0.0779978111 0.164595425
vn -0.973243773 -0.14280647 0.180008098
vn -0.971103847 -0.146500632 0.18840076
vn -0.953527689 -0.231706783 0.1926056
vn -0.886982381 -0.247795135 0.389692277
vn -0.939323545 -0.199005052 0.279406995
vn -0.899635673 -0.192707717 0.391815543
vn -0.849927187 0.518716693 0.0925030261
vn -0.942906857 0.313802332 0.111600861
vn -0.930291593 0.36169675 0.0610994957
vn -0.995081067 0.0575988963 0.080598481
vn -0.995255411 0.0681969449 0.0693969056
vn -0.986388028 -0.145398259 0.0767990649
vn -0.984812737 -0.152001992 0.0839010775
vn -0.966882825 -0.240295783 0.0859984532
vn -0.955054581 -0.263187557 0.136393502
vn -0.772827923 0.59762162 0.213507816
vn -0.804187655 0.567191362 0.177697361
vn -0.861915052 0.473108321 0.182403281
vn -0.869664252 0.475780457 0.131594673
vn -0.892460525 0.440880537 0.0955958441
vn -0.893797278 0.441898674 0.0764998198
vn -0.916284263 0.39699322 0.0530991443
vn -0.916876137 0.39798969 0.0306992531
vn -0.916319013 0.399208307 0.0315007046
vn -0.227294117 -0.107497349 0.967875063
vn -0.233810395 -0.0928042531 0.967843175
vn -0.230409324 -0.0930038914 0.968639314
vn -0.224090561 -0.0837966055 0.970959306
vn -0.223999679 -0.0891999975 0.970498741
vn -0.199391797 -0.0734971017 0.977159917
vn -0.197705314 -0.0745021328 0.97742641
vn -0.189203322 -0.0645012558 0.979817331
vn -0.186992764 -0.0656975806 0.980162144
vn -0.171004951 -0.0514016077 0.983928561
vn -0.164104804 -0.0509016104 0.98512888
vn -0.152006328 -0.0407018177 0.987541258
vn -0.152696878 -0.0442992151 0.987279832
vn -0.145806909 -0.0363018438 0.988646984
vn -0.14719747 -0.0449993536 0.988083124
vn -0.129604295 -0.0293010902 0.991132915
vn -0.136801824 -0.0130002927 0.990513265
vn -0.105600841 0.0446002446 0.993408024
vn -0.0966997221 0.0250998121 0.994997263
vn -0.244793266 -0.134696424 0.960173666
vn -0.231810376 -0.115805313 0.96584332
vn -0.233287618 -0.146892339 0.961249113
vn -0.240997031 -0.179997936 0.953688443
vn -0.222002164 -0.141601503 0.964709461
vn -0.238211051 -0.21881029 0.946244061
vn -0.241714016 -0.225613222 0.943754852
vn -0.243801177 -0.266801417 0.932404578
vn -0.27680552 -0.353307217 0.893617868
vn -0.277503163 -0.325203836 0.904010355
vn -0.320197284 -0.439196438 0.83939296
vn -0.323390961 -0.388189346 0.862975955
vn -0.361015618 -0.510022223 0.780733883
vn -0.36750254 -0.426803112 0.826305807
vn -0.375604928 -0.585007846 0.718809426
vn -0.338194072 -0.66338855 0.667488337
vn -0.446504951 -0.500205636 0.741908252
vn -0.464673758 -0.657263041 0.593366444
vn -0.470611066 -0.631314933 0.616414487
vn -0.521808684 -0.668911278 0.529408813
vn -0.532185256 -0.706980586 0.465787083
vn -0.566488743 -0.70728606 0.422891557
vn -0.567970157 -0.752860546 0.332582444
vn -0.549898267 -0.800097644 0.2396992
vn -0.56067121 -0.789559543 0.249487132
vn -0.573994994 -0.809293091 0.124798827
vn -0.632315457 -0.756518543 0.166903988
vn -0.641807914 -0.763709605 0.0695007816
vn -0.637120008 -0.767524242 0.0706021413
vn -0.605223596 -0.78723079 0.118204519
vn -0.652810156 -0.756511867 0.0391005203
vn -0.646691561 -0.76259011 0.0156997032
vn -0.667407155 -0.744408131 0.0206001345
vn -0.051901035 0.110502101 0.992519915
vn -0.0719980076 0.0906973854 0.993272662
vn -0.0738004297 0.0866004005 0.993505955
vn -0.100600563 0.0585002154 0.993205667
vn -0.100903794 0.0362012461 0.994237483
vn -0.10900297 0.260407001 0.959326267
vn -0.108699001 0.261397511 0.959091365
vn -0.111795284 0.218290702 0.969459236
vn -0.110299841 0.2201996 0.969198763
vn -0.0755993426 0.165598452 0.983291507
vn -0.0683002248 0.174400479 0.982303321
vn -0.0776966736 0.129294366 0.988557816
vn -0.191003993 0.55501157 0.809617102
vn -0.202091008 0.554075301 0.807564318
vn -0.182002485 0.451306134 0.873612165
vn -0.170096651 0.455790967 0.873683035
vn -0.163797796 0.367495 0.915487826
vn -0.129100859 0.377402484 0.917006373
vn -0.144003198 0.307706773 0.940521121
vn -0.112897627 0.325493127 0.938780487
vn -0.123197295 0.294493437 0.9476794
vn -0.0766011178 0.667109728 0.741010904
vn -0.170298547 0.628794551 0.758693695
vn -0.181094557 0.609181702 0.772076964
vn -0.218998879 0.671296537 0.708096504
vn -0.115703262 0.709619999 0.695019722
vn -0.0837984309 0.742586136 0.66448766
vn -0.0646017194 0.748819947 0.659617722
vn -0.0624028295 0.781935453 0.620228291
vn -0.0233011115 0.800538182 0.598828793
vn -0.02559999 0.809399724 0.586699963
vn -0.0137002543 0.846815765 0.531710029
vn -0.0340001881 0.841104627 0.539803088
vn 0.0245991554 0.870370209 0.491783261
vn 0.0526009724 0.955517709 0.290205508
vn 0.00169997534 0.934486449 0.35599497
vn 0.0755029246 0.887634516 0.454317808
vn -0.00400005095 0.881211221 0.472706139
vn 0.0331997946 0.91769439 0.395897746
vn 0.0767982006 0.934978127 0.346292019
vn 0.0507991388 0.939884126 0.337694436
vn -0.0586985722 0.998275876 1.19003744e-07
vn -0.983537018 -0.180706814 -2.15419291e-08
vn -0.983483732 -0.180997014 -2.15765237e-08
vn 0.983205676 0.182501078 2.1755822e-08
vn 0 -1.1920929e-07 1.00000012
vn 0.983223617 0.182404399 2.1744297e-08
vn -0.447013527 -0.894527197 0.000299902487
vn -0.447093576 -0.894487262 -0.000300102343
vn -0.447013527 -0.894527197 -0.00030011576
vn -0.446813554 -0.894627213 0.000199899441
vn -0.44669351 -0.894687116 0.000299889012
vn -0.447173625 -0.894447327 -1.06626416e-07
vn -0.44721356 -0.89442724 0.000299902516
vn -0.44729358 -0.894387305 9.98919568e-05
vn -0.447813481 -0.894127071 0.000299902487
vn -0.447013557 -0.894527256 0.000199899456
vn -0.446483463 -0.894766927 -0.00669985916
vn -0.448012263 -0.894024551 -0.00230016978
vn -0.446095467 -0.894891083 -0.0129999779
vn -0.451089174 -0.892478704 -0.000700089673
vn -0.444390804 -0.895481527 -0.0250995886
vn -0.456787169 -0.889575064 -0.00140006677
vn -0.44358933 -0.895478547 -0.036699228
vn -0.436588556 -0.898276567 -0.049898807
vn -0.464685231 -0.88547194 -0.00270001986
vn -0.43640551 -0.897611439 -0.0620008968
vn -0.468283832 -0.883569598 -0.00389997079
vn -0.456885844 -0.889472544 -0.00969980657
vn -0.488089979 -0.872582257 0.0191995054
vn -0.55250591 -0.833509088 -9.9362012e-08
vn -0.546986818 -0.834480047 -0.0666984916
vn -0.549904406 -0.834606826 -0.0322003663
vn -0.554185212 -0.832377911 0.00509976549
vn -0.552690864 -0.833386421 -9.9347389e-08
vn -0.485325754 -0.874046504 -0.0224012937
vn -0.549381375 -0.835571826 -9.96079095e-08
vn -0.550921798 -0.834533215 0.00630015088
vn -0.522700906 -0.852501631 -0.00500011072
vn -0.531216681 -0.847226679 0.00400002534
vn -0.512184024 -0.858873308 -0.00210003695
vn -0.499686778 -0.866177142 -0.00709991669
vn -0.504623175 -0.863339841 -1.02918115e-07
vn -0.503877938 -0.863762319 0.00469969166
vn -0.531216681 -0.847226679 -0.00400022743
vn -0.522700906 -0.852501631 0.00499990769
vn -0.34248963 -0.939471662 0.00969959609
vn -0.50469774 -0.863296211 -1.02912914e-07
vn -0.45571357 -0.890126586 -1.06111344e-07
vn -0.406601071 -0.913602531 0.00249989773
vn -0.29130885 -0.956629217 -1.14039075e-07
vn -0.323897362 -0.946092308 9.98864052e-05
vn -0.396595031 -0.917988598 -0.0031000711
vn -0.1030965 -0.994666338 0.00319977314
vn -0.1143988 -0.993389666 0.0094997827
vn -0.264698774 -0.964295626 0.00829984806
vn -0.166895077 -0.985971093 -0.00270003849
vn -0.116102934 -0.993225217 0.00490000611
vn -0.0842040256 -0.996447682 -0.00140018563
vn -0.0729024559 -0.997333705 -0.00330023048
vn -0.321691453 -0.946574986 0.0225992873
vn -0.11189691 -0.993672669 -0.00969985127
vn -0.118896246 -0.992868781 -0.00869984459
vn -0.170702711 -0.98531574 -0.00370017649
vn -0.239805192 -0.970821083 -0.00030012225
vn -0.283308536 -0.9590289 -1.1432514e-07
vn -0.55249244 -0.833488703 -0.00700000441
vn -0.549311578 -0.835617721 -9.96133807e-08
vn -0.557107091 -0.830310702 -0.014700288
vn -0.552390456 -0.83358568 -9.93711424e-08
vn -0.553407192 -0.832910955 0.000299904641
vn -0.549673021 -0.8346591 0.0346981995
vn -0.54690212 -0.834503353 0.0671001747
vn 0.945815265 -0.324705273 -3.87078813e-08
vn 0.981451631 0.1917101 2.28536212e-08
vn 0.754080057 0.656782627 7.82945833e-08
vn 0.324705243 0.945815384 1.12749966e-07
vn 0 1.1920929e-07 -1.00000012
vn 0.0597018898 0.0130002946 0.998131692
vn 0.276890665 0.0211991724 0.96066767
vn 0.0587992072 0.0128999464 -0.998186648
vn 0.751625896 0.347512066 -0.560619235
vn 0.277197093 0.0345997587 -0.960190058
vn 0.880156457 0.411579728 -0.236488283
vn 0.640920877 0.310910255 -0.701822817
vn -0.451287687 -0.892375767 0.00229983102
vn -0.43728289 -0.896965086 0.0650973544
vn -0.463099271 -0.886298776 0.00369988894
vn -0.443002611 -0.895405412 0.0447001606
vn -0.446103841 -0.894207895 0.0372002162
vn -0.454477221 -0.890755534 0.00229977886
vn -0.448406368 -0.893612862 0.019700177
vn -0.449492067 -0.89328438 0.000299888256
vn -0.448118001 -0.893936038 0.00830022804
vn -0.447292626 -0.894385397 0.00209985906
vn -0.447413474 -0.894327044 0.000799917558
vn -0.447292686 -0.894385517 0.0019998611
vn 0.99992919 0.0119003495 1.41863199e-09
vn 0.994994104 0.0179998819 0.0982994288
vn 0.999640524 0.0195007939 -0.0184007455
vn 0.999475539 0.0286992993 0.0149996383
vn 0.999582112 0.0288994871 -0.000599985942
vn 0.999340773 0.0363014825 -0.000600020227
vn 0.99918735 0.036499545 -0.0170997828
vn 0.998520851 0.0463009737 0.0285006054
vn 0.998842478 0.0465019867 -0.0123005193
vn 0.998832345 0.0478015579 -0.00700022234
vn 0.999009371 0.0445004217 0.000100006255
vn 0.999896407 0.0143999504 0.000100001373
vn 0.99849546 0.0110999448 0.0536997654
vn 0.999225497 -0.0376009606 -0.0116003016
vn 0.994713724 -0.0738010257 0.0714009851
vn 0.997824728 -0.0659016371 0.0017000346
vn 0.991234362 -0.132104605 0.00170004356
vn 0.990559936 -0.123495013 -0.0594976209
vn 0.965771914 -0.224293515 0.130296201
vn 0.964479446 -0.210495517 -0.159596637
vn 0.953109264 -0.300102949 0.0390003473
vn 0.956877053 -0.290493041 -0.000100032245
vn 0.933299243 -0.359099746 -0.000200042676
vn 0.862594187 -0.505896628 0.000399937038
vn 0.888428628 -0.459014833 0.000199951741
vn 0.930916309 -0.355606258 -0.0833015144
vn 0.914218485 -0.404808223 0.0183003247
vn 0.893587291 -0.44179377 -0.0794989318
vn 0.896675766 -0.442688078 -0.000200047391
vn 0.887544036 -0.460722953 -5.49224488e-08
vn 0.866934836 -0.498420089 -0.00120010774
vn 0.867359161 -0.497676641 0.00249982299
vn 0.877801776 -0.479001045 -0.00470006699
vn 0.87919414 -0.476096869 0.0186998211
vn 0.886096299 -0.463498116 -0.00170004845
vn 0.852816761 -0.5222103 9.99397234e-05
vn 0.863186538 -0.504792213 0.00969978888
vn 0.861228764 -0.508217037 -0.000700084027
vn 0.858021796 -0.513613105 0.000499951595
vn 0.857562959 -0.514377892 -0.00110001396
vn 0.856520832 -0.516112566 9.99409094e-05
vn 0.855314612 -0.518108904 -0.000300066924
vn 0.85538584 -0.517991483 -0.00020005845
vn 0.854103982 -0.520102501 9.99384793e-05
vn 0.853916526 -0.52041012 -0.000200065915
vn 0.853192925 -0.521595716 0.00019993617
vn 0.852700353 -0.52240032 -0.000300062442
vn 0.852628529 -0.522517562 -6.22889402e-08
vn 0.852207243 -0.523204505 -6.23708303e-08
vn 0.852090657 -0.523394346 -0.000100061305
vn 0.852018654 -0.523511529 9.99397962e-05
vn 0.85171324 -0.524008214 -0.000100064033
vn 0.851785421 -0.523891032 -6.24526706e-08
vn 0.85171324 -0.524008214 -6.24666399e-08
vn 0.851596534 -0.524197936 -6.24892564e-08
vn 0.851479769 -0.524387598 -6.25118659e-08
vn 0.851524413 -0.524315059 -6.25032186e-08
vn 0.851524413 -0.524315059 9.99403783e-05
vn 0.851479769 -0.524387598 9.9935125e-05
vn 0.851902008 -0.52370131 9.99378244e-05
vn 0.851785421 -0.523891032 0.000199934133
vn 0.852251768 -0.523131907 0.000199949834
vn 0.852700412 -0.52240032 0.000199937844
vn 0.853756011 -0.520673215 -0.000200051785
vn 0.853263736 -0.521477938 0.00139987853
vn 0.854219735 -0.519912124 -0.000300068961
vn 0.855917811 -0.517110765 -0.00110008474
vn 0.855154634 -0.518372595 0.00069990108
vn 0.858688712 -0.512493312 -0.00210003369
vn 0.856820583 -0.515612483 0.00149997487
vn 0.861000121 -0.508600116 -0.00220006099
vn 0.862802684 -0.505501628 -0.00630008057
vn 0.862706304 -0.505703747 -0.00130006997
vn 0.867224336 -0.497914046 -0.00190011295
vn 0.865010619 -0.501706183 0.006900026
vn 0.878567874 -0.477582604 -0.00579984486
vn 0.878360987 -0.477978796 -0.00429986604
vn 0.88629961 -0.463099837 0.0033999437
vn 0.890853286 -0.449126929 0.068304047
vn 0.898611188 -0.438605517 0.0111000864
vn 0.887496829 -0.460798413 0.00379993208
vn 0.885821283 -0.464011192 0.00380003639
vn 0.91430217 -0.404601008 -0.018700093
vn 0.920399785 -0.389399976 0.0350999534
vn 0.921106458 -0.369402617 0.122900829
vn 0.937516272 -0.34770605 -0.0128002651
vn 0.95043838 -0.310912609 0.000399979152
vn 0.95648104 -0.29179424 0.000299959327
vn 0.958395183 -0.253298789 0.131599337
vn 0.964912117 -0.202702537 -0.166902125
vn 0.983909011 -0.146901369 0.101700924
vn 0.99925226 0.0385981612 0.00229989504
vn 0.999345779 0.0293013491 -0.0212009698
vn 0.998618901 0.0252004862 -0.0461008735
vn 0.989976883 -0.0260994118 0.138796762
vn 0.997082651 -0.0415992737 -0.0639989004
vn 0.995832264 -0.0912029594 0.000500005379
vn 0.995232046 -0.0975031555 -0.00250009238
vn 0.992440045 -0.122704968 -0.00250011566
vn 0.998801053 0.0489000566 0.00230000867
vn 0.998740494 0.0498020276 -0.00610024203
vn 0.998744249 0.0497022085 -0.00630027382
vn 0.99746716 0.0462984778 0.0539982356
vn 0.994671106 0.0442987047 0.0930973068
vn 0.99328357 0.0409993418 -0.108198211
vn 0.999642372 0.0133005679 -0.0232009832
vn 0.998775363 0.0191995241 0.0455988832
vn 0.982076705 0.0265993942 -0.186595589
vn 0.999275804 0.0291993003 -0.0243994091
vn 0.999213636 0.0361004956 0.0164002292
vn -0.730544865 0.575335324 0.367822677
vn 0.153998345 0.0338995196 0.987489522
vn 0.120794773 0.0449979417 0.991657197
vn -0.721267939 0.585373938 0.370283633
vn 0.0213995539 0.203795657 0.978779674
vn -0.15530242 0.326604992 0.932314634
vn -0.257604271 0.306605011 0.916315317
vn -0.403208703 0.569612265 0.716215551
vn -0.566486776 0.451489419 0.689384043
vn -0.637903392 0.690603673 0.340801924
vn -0.721963525 0.584770441 0.369881392
vn -0.553593278 0.471594244 0.686391771
vn -0.552718937 0.47761634 0.682923555
vn -0.278298795 0.276298732 0.919896245
vn -0.278508663 0.283208728 0.917728722
vn 0.0450018831 0.0330012627 0.998441815
vn -0.67349261 0.725092173 -0.14369835
vn -0.493789345 0.692085147 -0.526488602
vn -0.516698122 0.722097456 -0.45999828
vn -0.304589719 0.667077661 -0.679877043
vn -0.286388993 0.650575221 -0.703373015
vn -0.805178702 0.585884571 -0.0917975083
vn -0.792514622 0.599311113 0.112902164
vn -0.777431548 0.623625338 0.0818033963
vn -0.677888215 0.702687919 -0.216096193
vn -0.813488066 0.574591637 -0.0898986235
vn -0.763496399 0.621197283 -0.176599115
vn -0.671085596 0.59018749 -0.448690385
vn -0.626585662 0.594886541 -0.503488481
vn -0.547686398 0.527087092 -0.649783909
vn -0.425901681 0.486402065 -0.762903035
vn -0.409501016 0.467201322 -0.783601999
vn -0.0304006543 0.548011959 -0.835918069
vn -0.00900004059 0.51920259 -0.854604006
vn -0.188207015 0.30141139 -0.934734941
vn -0.260099143 0.428698719 -0.865197182
vn -0.257391423 0.337988853 -0.905269861
vn -0.132500187 0.174500391 -0.975701571
vn 0.107000567 0.347901791 0.931405127
vn 0.545685709 0.814578712 0.196694985
vn 0.0619993173 0.648493111 -0.758691728
vn -0.765890718 0.636092305 0.0937989503
vn -0.60890907 0.779911697 -0.144802079
vn -0.346609443 0.85422343 -0.387510538
vn 0.196007758 0.712228417 -0.674026728
vn 0.0799986646 0.742287755 -0.665288925
vn -0.1386033 0.83942008 -0.525512397
vn 0.236111075 0.878641367 -0.415019393
vn 0.235804722 0.878917754 -0.41460827
vn 0.302408785 0.797723293 -0.521715105
vn 0.519208789 0.854614615 -0.00750002591
vn 0.469390094 0.880881548 -0.0609986186
vn 0.36790055 0.922601461 -0.116000071
vn 0.459001511 0.86500299 -0.2027006
vn 0.390095353 0.839790106 -0.377595484
vn 0.415695488 0.734492004 0.536394298
vn 0.511404395 0.710006118 0.484104335
vn 0.582981944 0.786975682 0.201993868
vn 0.225900352 0.512400746 0.828501463
vn 0.455377191 0.532273352 0.713664412
vn 0.49409765 0.610297084 0.61919713
vn -0.0730018541 0.478912085 0.874822438
vn -0.734311283 0.624309659 0.266504198
vn -0.698020756 0.592717648 0.401812077
vn -0.577399671 0.644599617 0.501099825
vn -0.410894513 0.554992616 0.723290443
vn -0.333778024 0.569662511 0.75105077
vn -0.0411983021 0.430682182 0.901562989
vn -0.616393983 0.777992487 -0.121598735
vn -0.545825481 0.837839305 -0.0100003686
vn -0.536277652 0.843964875 -0.0113994246
vn -0.494730622 0.861953437 0.110806972
vn -0.484597236 0.867395163 0.113099471
vn -0.471605211 0.848009467 0.241802812
vn -0.466712832 0.849823475 0.244906887
vn -0.482279271 0.796865761 0.363884479
vn -0.483616054 0.796726525 0.362412155
vn -0.370295942 0.857990682 -0.355996042
vn -0.261190385 0.94656527 -0.189192936
vn -0.24940896 0.949334145 -0.191206768
vn -0.172503725 0.984721422 0.0238006357
vn -0.159692377 0.986852944 0.0248989314
vn -0.132198408 0.95678854 0.258997023
vn -0.126101539 0.9570117 0.261203349
vn -0.151999921 0.863499641 0.4808999
vn -0.154003114 0.863917589 0.47950986
vn -0.104698777 0.819390595 -0.563593388
vn 0.0445994176 0.939187944 -0.340495497
vn 0.0570980497 0.937968135 -0.341988206
vn 0.163196117 0.984476626 -0.0645983443
vn 0.176293135 0.982261837 -0.0638974011
vn 0.220591217 0.944562435 0.243190467
vn 0.226600066 0.942800283 0.244500205
vn 0.198093146 0.820071697 0.536881626
vn 0.195703521 0.821214855 0.536009848
vn -0.739610434 0.66770947 0.0845012814
vn -0.750871241 0.646775305 0.133694977
vn -0.70460093 0.699400961 0.119900256
vn -0.7175951 0.675695479 0.168798938
vn -0.695326388 0.698126554 0.170706585
vn -0.688210309 0.692610502 0.216003373
vn -0.702387631 0.68078804 0.20779644
vn -0.658013582 0.69251436 0.295706242
vn -0.719870806 0.656973422 0.223991036
vn -0.697378933 0.659280181 0.28109166
vn -0.526188791 0.714184821 0.46159032
vn -0.530480564 0.716073811 0.453683555
vn -0.230198205 0.715594471 0.659494996
vn -0.236704856 0.719314694 0.653113544
vn 0.0963000506 0.625200331 0.774500608
vn 0.0888981 0.630986512 0.770683706
vn 0.404895574 0.457994938 0.791391492
vn 0.274710625 0.256309837 0.926735997
vn 0.291986167 0.229189068 0.928556204
vn -0.776805341 0.599404216 0.193101451
vn -0.780429542 0.597922683 0.182806998
vn -0.788563907 0.59067297 0.171092257
vn -0.774099648 0.609699786 0.170400009
vn -0.776151896 0.605662525 0.175389215
vn -0.777531922 0.600424707 0.186907768
vn -0.777808905 0.604106903 0.173402056
vn -0.775282621 0.607886434 0.171496242
vn -0.774927139 0.608421326 0.171206087
vn -0.795820236 0.583514929 0.161804199
vn -0.802554965 0.575167775 0.158391193
vn -0.808871388 0.567079961 0.155394584
vn -0.778986692 0.613289654 0.130597875
vn -0.800632656 0.571223378 0.180807471
vn -0.812097192 0.562998116 0.153399557
vn -0.81229037 0.561893404 0.156398207
vn -0.816307187 0.557204962 0.152201414
vn -0.980489016 0.114898741 -0.159498215
vn -0.917412281 0.356504798 0.176802427
vn -0.220201746 0.0493005142 -0.974207878
vn -0.543100059 0.292700142 -0.78700012
vn -0.811112344 0.352005452 -0.467107117
vn -0.714324594 0.289510101 -0.637121916
vn -0.804292917 0.401696533 -0.437896132
vn -0.84562099 0.5265131 -0.087802127
vn -0.869919121 0.414409161 0.267405957
vn -0.865130842 0.425815195 0.265009522
vn -0.887890995 0.0712992325 0.45449543
vn -0.807537377 0.497123063 0.31741479
vn -0.819307089 0.46400404 0.336803019
vn -0.776662886 0.18489112 0.602171242
vn -0.776508868 0.182802036 0.603006959
vn -0.613022864 -0.129804954 0.779329181
vn -0.966138899 0.00250007026 0.258010417
vn -0.980676293 0.116597205 -0.157096207
vn -0.910802126 0.264600694 -0.31690076
vn -0.913547397 0.267813951 -0.306115896
vn -0.935057878 -0.332585037 -0.122694522
vn -0.965770841 -0.258792222 -0.0176994987
vn -0.998887718 0.0221997257 0.0415994972
vn -0.998534679 0.0285009891 0.0460016057
vn -0.923774242 -0.263892651 -0.277492315
vn -0.943186939 -0.133198142 -0.304395854
vn -0.893547237 -0.169308931 -0.415822089
vn -0.806126416 0.442114562 -0.393312901
vn -0.64918083 0.274492025 -0.709379017
vn -0.810807645 0.0112001756 -0.585205555
vn -0.846230984 0.183506802 -0.500218391
vn -0.842587411 -0.0573990867 -0.535492063
vn -0.609223783 0.397415489 0.686226904
vn -0.609197438 0.400598288 0.68439728
vn -0.364821613 0.163809612 0.916554332
vn -0.367696315 0.177798137 0.912791014
vn -0.0563005731 -0.0968011096 0.993710279
vn -0.0565026626 -0.0963046625 0.993746996
vn -0.178998515 -0.243298128 0.953292191
vn -0.178795829 -0.243894458 0.95317781
vn -0.474305212 0.0450003929 0.879209757
vn -0.473593861 0.0409993678 0.879788697
vn -0.67955333 0.310978621 0.66445452
vn -0.679801881 0.307100832 0.666001976
vn -0.774803817 0.516402543 0.364701897
vn -0.748736203 0.556126893 0.360717535
vn -0.751505017 0.546203613 0.370002568
vn -0.929011405 -0.367904603 0.0398004465
vn -0.90141511 -0.383206457 0.201503351
vn -0.918916345 -0.27600494 0.281805009
vn -0.862867832 -0.359486669 0.355286747
vn -0.767419338 -0.301907688 0.565614223
vn -0.532298148 -0.60689801 0.59019798
vn -0.448090762 -0.525289297 0.723385096
vn -0.814199567 0.580299735 -0.0181999244
vn -0.883895159 0.467397511 -0.0163998567
vn -0.883588195 0.467793792 0.0209997762
vn -0.913606703 0.404903024 0.0371003225
vn -0.90347743 0.419589549 0.0875978693
vn -0.922006607 0.370102674 0.113700874
vn -0.889661729 0.41558215 0.189191937
vn -0.965101123 0.0157999881 0.261400342
vn -0.888295114 0.06029962 0.455297559
vn -0.77111429 -0.290405482 0.566610515
vn -0.612211466 -0.131902561 0.779614687
vn -0.35461989 -0.422623843 0.834046781
vn -0.338310987 -0.430814147 0.836627245
vn -0.379802644 0.171101332 -0.909106433
vn -0.350489467 0.105796948 -0.930572152
vn -0.432494938 -0.0210996494 -0.901389599
vn -0.422518462 -0.0488020293 -0.905039608
vn -0.527833521 -0.18501167 -0.82895273
vn -0.521710098 -0.202603847 -0.828716159
vn -0.59689635 -0.346797824 -0.723495722
vn -0.591596484 -0.358797818 -0.721995831
vn -0.664585054 -0.475989282 -0.575987101
vn -0.657972097 -0.489579231 -0.57217586
vn -0.693216503 -0.593914211 -0.408309877
vn -0.686486244 -0.604387879 -0.404292017
vn -0.711311042 -0.66841042 -0.217403471
vn -0.707210302 -0.673709869 -0.214403227
vn -0.696589053 -0.717088819 -0.0233997181
vn -0.695785224 -0.717884779 -0.0228996016
vn -0.673517525 -0.719118834 0.17100437
vn -0.67413336 -0.718635619 0.170608357
vn -0.623165905 -0.699061871 0.350680739
vn -0.626195252 -0.697194815 0.348997295
vn -0.530511856 -0.609413743 0.589213252
vn 0.107897416 -0.228794664 0.967476904
vn 0.246889234 -0.446280688 0.860162497
vn -0.0253004432 -0.367406577 0.929716349
vn -0.192494228 -0.547483802 0.814375699
vn -0.192007035 -0.548020184 0.814129889
vn -0.290592134 -0.649782598 0.702381015
vn -0.368291795 -0.737883747 0.565587342
vn -0.367891669 -0.738083482 0.565587163
vn -0.49850902 -0.833515227 0.238204241
vn -0.0230994299 -0.97627604 0.215294585
vn -0.505888462 -0.850680649 0.142896652
vn -0.544192493 -0.826088607 -0.146398097
vn -0.0648008883 -0.991513729 -0.112701677
vn -0.537972391 -0.805258751 -0.249287337
vn -0.509591818 -0.681689084 -0.524991691
vn -0.0566983707 -0.890474498 -0.451487213
vn -0.490394652 -0.617093325 -0.61539346
vn -0.396714956 -0.411915481 -0.820331097
vn -0.00129999151 -0.669295609 -0.742995203
vn -0.362224609 -0.319121629 -0.875759661
vn -0.223895654 -0.082898289 -0.971081197
vn 0.126802638 -0.387707978 -0.913019121
vn -0.172997206 0.0164998528 -0.984784245
vn 0.261001199 -0.0526003614 0.9639045
vn 0.255493879 -0.0446990468 0.96577698
vn 0.230098307 0.536396205 -0.811994016
vn 0.234697253 0.530893981 -0.814290524
vn 0.233199224 0.5348984 -0.812097371
vn 0.384181261 0.647268653 -0.658367872
vn 0.663289607 0.245096296 -0.707089007
vn 0.458701581 0.685502589 -0.565401971
vn 0.690675318 0.673376024 -0.263690531
vn 0.796327114 0.502817214 -0.336211413
vn 0.525881112 0.742173493 -0.415485054
vn 0.482922196 0.724633455 -0.491622567
vn 0.644569576 0.757064342 -0.106694892
vn 0.658617198 0.751219809 -0.043501053
vn 0.818782032 0.565987647 0.0961979702
vn 0.692911625 0.6997118 0.17400302
vn 0.674625993 0.586422563 0.448317379
vn 0.859426379 0.258807927 0.440913647
vn 0.781443954 0.340119064 0.523129523
vn 0.595790088 0.42159301 0.683588803
vn 0.474521041 0.21910964 0.85253793
vn 0.836154461 -0.102294505 0.538870692
vn 0.402104944 0.140101627 0.904811203
vn 0.0832973495 0.361688644 -0.928570509
vn 0.12269827 0.429094106 -0.894887507
vn 0.744996607 -0.443598002 -0.498197854
vn 0.0818036422 0.362616301 -0.928341389
vn -0.0862041935 0.141707033 -0.986148179
vn -0.0857006237 0.14160116 -0.986207247
vn -0.94605881 -0.323885947 -0.00839967374
vn -0.94447422 -0.328191072 -0.016099602
vn -0.939881265 -0.341493249 -0.00239999336
vn -0.939375162 -0.342890978 -0.000500027731
vn -0.940775812 -0.338991284 0.00509982882
vn -0.945607126 -0.325202495 -0.00840010308
vn -0.956514657 -0.286604404 -0.0542008728
vn -0.946623683 -0.321908087 -0.0167004578
vn -0.946848214 -0.32118246 -0.0178990606
vn -0.946226954 -0.322909236 0.0196005218
vn -0.94605881 -0.323885947 0.00839959737
vn -0.945606351 -0.325202197 0.00850001909
vn -0.946788609 -0.321396142 0.0171997566
vn -0.956514657 -0.286604404 0.0542008057
vn -0.939375162 -0.342890978 0.000499946007
vn -0.943488717 -0.331396073 0.00239993213
vn -0.940099359 -0.340899795 0.000799958885
vn -0.939881265 -0.341493249 0.00239991187
vn -0.148695722 -0.975772083 0.160495296
vn -0.644034922 -0.705738366 0.295215935
vn -0.547208846 -0.829113483 0.114601769
vn -0.616264701 -0.778755546 0.117293209
vn -0.700719118 -0.708319426 0.085302256
vn -0.850011766 -0.524707317 0.046500586
vn -0.93868804 -0.344495654 0.0136997858
vn -0.722278118 -0.374888778 0.58118242
vn -0.754224241 -0.390312672 0.528016984
vn -0.688735485 -0.56692934 0.451923281
vn -0.693180501 -0.566684186 0.445387483
vn -0.637296438 -0.711296141 0.296498269
vn 0.113802612 -0.630114675 0.768117726
vn 0.0408007689 -0.679313004 0.732713819
vn 0.0149993412 -0.871661901 0.489878476
vn 0.0639976859 -0.858869076 0.508181512
vn 0.0882981643 -0.981079817 0.172296315
vn 0.0903984159 -0.980782926 0.172896877
vn -0.888437629 -0.456019372 0.0522021614
vn -0.872947395 -0.473125756 0.118806407
vn -0.901113689 -0.418706447 0.112601675
vn -0.889007866 -0.422003806 0.177701548
vn -0.916041017 -0.367916554 0.159707129
vn -0.907288551 -0.339595765 0.247996852
vn -0.912958741 -0.32818523 0.24248904
vn -0.211607426 -0.178406388 0.960933805
vn -0.423218995 -0.240810916 0.873439252
vn -0.550990403 -0.356593907 0.754486918
vn -0.476981282 -0.359186053 0.802168608
vn -0.693566084 -0.429479152 0.578371763
vn -0.329305768 -0.933316469 0.143102407
vn -0.273390889 -0.94836849 0.160794526
vn -0.312692225 -0.845579147 0.43268919
vn -0.303991258 -0.846075833 0.4378874
vn -0.382915854 -0.637426555 0.668627739
vn -0.540885925 -0.65968293 0.521786451
vn -0.406594574 -0.568492591 0.71519047
vn -0.0748021826 -0.538615882 0.839224517
vn 0.00960033666 -0.324511498 0.945833147
vn -0.0761006698 -0.390603602 0.917408168
vn -0.147996143 -0.185295284 0.971474707
vn -0.308202565 -0.267602384 0.91290766
vn -0.033399567 -0.0767991319 0.9964872
vn -0.712521672 -0.395712018 -0.579417765
vn -0.693607509 -0.564806104 -0.447104961
vn -0.638221145 -0.709623575 -0.298510045
vn -0.64380759 -0.706908345 -0.292903543
vn -0.329305768 -0.933316469 -0.143102616
vn -0.547208846 -0.829113424 -0.114601962
vn -0.616264701 -0.778755486 -0.117293388
vn -0.700719118 -0.708319366 -0.08530242
vn -0.850011766 -0.524707317 -0.0465007126
vn -0.00860041659 -0.37261799 -0.927945137
vn -0.0903037786 -0.352514684 -0.931439161
vn 0.0903973505 -0.98087132 -0.17239508
vn 0.0881984755 -0.980983198 -0.172897145
vn 0.0651992187 -0.866389632 -0.49509418
vn 0.0162996408 -0.864080966 -0.50308907
vn 0.0441995673 -0.646193683 -0.761892736
vn 0.164792344 -0.6498698 -0.741965592
vn -0.0748021826 -0.538615644 -0.839224637
vn -0.939255893 -0.312785327 -0.141293421
vn -0.873616874 -0.400007725 -0.277105451
vn -0.912958741 -0.328185171 -0.242489129
vn -0.75801748 -0.375908643 -0.53301239
vn -0.687690794 -0.569092453 -0.450794101
vn -0.889007866 -0.422003776 -0.177701637
vn -0.905601501 -0.416400701 -0.0806001946
vn -0.85351634 -0.487609357 -0.183703586
vn -0.888437629 -0.456019372 -0.0522022732
vn -0.93868804 -0.344495654 -0.0136998678
vn -0.693566084 -0.429479003 -0.578371882
vn -0.423218995 -0.240810707 -0.873439252
vn -0.155799404 -0.160899282 -0.974596441
vn -0.198892251 -0.211791649 -0.956862807
vn -0.308092177 -0.267493129 -0.91297698
vn -0.0333993062 -0.0768982917 -0.996479452
vn -0.148793504 -0.975757539 -0.160493135
vn -0.273298323 -0.948394358 -0.160799146
vn -0.312889665 -0.84417218 -0.435285777
vn -0.303106725 -0.847618878 -0.435509831
vn -0.366793901 -0.696088374 -0.617189825
vn -0.486600369 -0.62520045 -0.610200524
vn -0.406594574 -0.568492413 -0.715190589
vn -0.480680972 -0.344786286 -0.806268275
vn -0.539185584 -0.381389767 -0.750880122
vn -0.0234007351 -0.658720672 -0.752023757
vn 0.510575652 -0.665068269 -0.544974148
vn 0.121597812 -0.857684612 -0.499591142
vn 0.415388912 -0.888476312 -0.195094913
vn 0.270603925 -0.946613908 -0.175202683
vn -0.0373009816 -0.380509913 -0.924024463
vn 0.125402704 -0.381508142 -0.915819883
vn 0.182590276 -0.560670137 -0.807657123
vn 0.197801515 -0.10770072 -0.974307656
vn 0.420590281 0.0847981572 -0.903279245
vn 0.0548021346 -0.145505562 -0.987838566
vn 0.0242992006 -0.0571982451 0.99806726
vn 0.227796033 -0.0850986466 0.96998328
vn 0.201810241 -0.106205516 0.973649502
vn -0.0356000364 -0.380000561 0.924301088
vn 0.484390587 -0.345393449 0.80378443
vn -0.020899456 -0.658283055 0.752480507
vn 0.630795181 -0.628695369 0.454796523
vn 0.0488004796 -0.826508284 0.5608055
vn 0.432008803 -0.885218143 0.172503412
vn 0.269394904 -0.94258225 0.197396174
vn -0.000899978215 0.00689971447 0.99997592
vn -0.182400644 -0.00640014 0.98320359
vn -0.206195906 0.00769973081 0.978480637
vn -0.126594096 -0.00130005786 0.99195385
vn -0.0681975037 0.0040997318 0.997663558
vn -0.0840963721 0.0199990217 0.996257126
vn -0.0351992436 0.00189984043 0.999378681
vn -0.201795787 -0.00969991647 0.979379654
vn -0.174707741 -0.0123006627 0.984543681
vn -0.0683022887 0.00790014584 0.997633517
vn -0.0966009721 -0.0206003282 0.995110095
vn -0.00119995791 0.0163993053 0.999864936
vn -0.0206993558 0.00579970097 0.999769032
vn 0.627001524 0.775302052 0.0760002881
vn 0.460086107 0.887673378 -0.0188993253
vn 0.886284292 0.46279183 0.0179997366
vn 0.889395893 0.456397951 0.0259999372
vn 0.881084323 0.469691724 0.0554990768
vn 0.884290278 0.456495017 0.0981989875
vn 0.878865421 0.469181597 0.0863966718
vn 0.873084247 0.465291649 0.145697445
vn 0.871423602 0.470512748 0.138703823
vn 0.864103377 0.443701774 0.237601027
vn 0.855974674 0.484785706 0.179694757
vn 0.85689199 0.475495607 0.199098244
vn 0.856315672 0.462408483 0.230004296
vn 0.853173792 0.471085548 0.223993212
vn 0.821211398 0.500806928 0.27350387
vn 0.779851496 0.525267363 0.340478897
vn 0.862183452 0.388192564 0.325493842
vn 0.791031122 0.44281742 0.422116727
vn 0.803603649 0.433401972 0.407901973
vn 0.734886706 0.381093055 0.560989916
vn 0.688205123 0.418703109 0.592504501
vn 0.77376914 0.390384406 0.498880208
vn 0.550520241 0.355113 0.755527973
vn 0.555289805 0.350293517 0.754286349
vn 0.474614799 0.320609957 0.819725811
vn -0.0217998568 0.205598563 0.978393674
vn 0.397891551 0.305193484 0.865181804
vn 0.384408295 0.314006716 0.868118823
vn 0.287012637 0.264311552 0.920740724
vn 0.213810742 0.275413752 0.937247276
vn 0.206102178 0.265902698 0.941710114
vn 0.0856989026 0.192297459 0.97758764
vn 0.104302913 0.248006836 0.963127077
vn -0.00530011067 0.181803703 0.983320653
vn -0.00410008943 0.188204005 0.982121468
vn 0.000400010002 0.235705808 0.971824467
vn -0.0977960154 0.487080097 0.867864788
vn -0.0726003572 0.412401974 0.908104658
vn -0.209200412 0.910101891 0.357700855
vn -0.0151992664 0.999051929 0.0407981537
vn -0.0863038972 0.996245086 -0.00690019364
vn 0.130404145 0.990931511 0.032401152
vn 0.0568986349 0.998376191 0.00280005205
vn 0.269403875 0.963013947 -0.00509995874
vn -0.182793498 0.946766436 0.264990717
vn -0.00529975537 0.96245563 0.271387637
vn 0.00920000672 0.96920079 0.246100321
vn 0.262401342 0.93440479 0.240901351
vn 0.261909574 0.934334219 0.241708964
vn 0.51259315 0.809989274 0.284896314
vn 0.593935549 0.778346598 0.203512296
vn 0.533497751 0.785396636 0.313898772
vn 0.273401946 0.894706368 0.353202641
vn 0.271206737 0.894222319 0.356108993
vn 0.00839976221 0.930973768 0.364989847
vn -0.00559978141 0.923364043 0.383885205
vn -0.198200479 0.906002223 0.374001056
vn -0.206895888 0.839283347 0.502790153
vn 0.704830348 0.606326103 0.368215948
vn 0.538796008 0.720594764 0.436396927
vn 0.532420695 0.719627976 0.445717424
vn 0.286881715 0.81714797 0.499968261
vn 0.277613729 0.813940346 0.510325432
vn 0.0194001757 0.850507736 0.525604963
vn 0.00690019364 0.842523694 0.538615346
vn -0.18389754 0.829988956 0.526593149
vn -0.178996444 0.73198545 0.657387018
vn -0.112596512 0.964570165 0.238592759
vn -0.216305688 0.962925434 0.161204368
vn 0.0366985723 0.985861778 0.163493782
vn -0.00590014737 0.991324782 0.131303415
vn 0.249992609 0.960171759 0.124796435
vn 0.250406235 0.960023999 0.12510325
vn 0.474889576 0.873080969 0.110497698
vn 0.507617056 0.850828588 0.135704681
vn 0.692412853 0.712613285 0.112902194
vn 0.692044079 0.680643439 0.240415439
vn 0.708788931 0.658989727 0.251696199
vn 0.709993124 0.606894135 0.357196629
vn 0.801124871 0.517816007 0.300109386
vn -0.0329013765 0.255910605 0.966140509
vn 0.0646977052 0.257290751 0.964165926
vn 0.0825008303 0.276002675 0.957609773
vn 0.214697048 0.271496177 0.938187301
vn 0.247201905 0.304102272 0.920007288
vn 0.388797313 0.290897936 0.874194145
vn 0.434583515 0.337587148 0.834968507
vn 0.561501682 0.314200878 0.765502453
vn 0.605965793 0.373678863 0.702260435
vn 0.633791327 0.365894973 0.681490779
vn 0.644489825 0.364594191 0.672089458
vn 0.859039307 0.413618892 0.301613897
vn 0.826886594 0.447192758 0.340994537
vn 0.811526299 0.390112638 0.435014188
vn 0.767988563 0.420493752 0.483092904
vn 0.736026585 0.370413363 0.566620588
vn 0.654904246 0.410802633 0.634304225
vn 0.606827676 0.363716543 0.706732333
vn 0.483804554 0.4058038 0.775407493
vn 0.431713432 0.366211325 0.8243258
vn 0.275790036 0.400585443 0.873768568
vn 0.235995784 0.369693339 0.898684084
vn 0.0796982497 0.390891343 0.916980088
vn 0.0573012233 0.37160787 0.926619947
vn -0.0417006053 0.379105419 0.924413562
vn -0.0688986406 0.311693758 0.947681546
vn -0.136700645 0.705103338 0.695803404
vn 0.0277013872 0.706635416 0.707035542
vn 0.0428005718 0.718209565 0.694509387
vn 0.275197059 0.683692694 0.67589283
vn 0.296797454 0.695094049 0.654794514
vn 0.514791965 0.618290365 0.593890846
vn 0.538021982 0.627325654 0.56302315
vn 0.686507523 0.539305925 0.487705439
vn 0.705995679 0.54769665 0.448997378
vn 0.789120018 0.477712125 0.386109918
vn 0.801496983 0.486598194 0.347598791
vn 0.601483703 0.798878491 0.00330000627
vn 0.614306986 0.788909078 0.015800273
vn 0.681094825 0.732194483 -0.00109990442
vn 0.756732345 0.653428018 0.0197009221
vn 0.780422211 0.625117898 -0.0130002983
vn 0.760932386 0.640327275 0.104704544
vn 0.780062497 0.621370196 0.0734965503
vn 0.776109159 0.607307196 0.169802085
vn 0.24270767 0.969930768 -0.0181004591
vn 0.443121731 0.896444082 -0.00560016837
vn 0.447600961 0.894202054 -0.00749991043
vn 0.625678718 0.780073583 0.00339997793
vn 0.614298046 0.788897574 0.0167000405
vn 0.762410164 0.646108687 0.0357005596
vn 0.756587923 0.652389646 0.0442993753
vn 0.86752212 0.497212768 0.013600409
vn 0.855113626 0.517408371 0.0327005871
vn 0.854721069 0.516312778 0.0536013879
vn 0.851834238 0.520420969 0.0595024638
vn 0.850407064 0.516004324 0.102700934
vn 0.850771368 0.51558274 0.101796657
vn 0.847913086 0.50690794 0.155202478
vn 0.850333333 0.504619837 0.14930591
vn 0.847261012 0.490777433 0.203190744
vn -0.0927003473 0.986703873 0.133500636
vn -0.160793304 0.983659148 0.0809967592
vn 0.0632014945 0.995223701 0.0744018927
vn 0.022599522 0.998878896 0.0415992402
vn 0.246908456 0.968533278 0.0313011892
vn 0.240591884 0.970267415 0.0263992287
vn 0.444697887 0.895495832 0.0182000212
vn 0.470788717 0.881278992 0.0412991159
vn 0.658398569 0.751798451 0.0362000167
vn 0.658734977 0.735639095 0.157808483
vn 0.797527373 0.588820279 0.131304592
vn 0.794279456 0.567785382 0.21619451
vn 0.80491221 0.548008382 0.22760354
vn 0.804029524 0.518619001 0.290810764
vn 0.848873079 0.463685334 0.253792048
vn 0.838027775 0.447614878 0.312010437
vn 0.839366078 0.407983512 0.359185576
vn 0.790082633 0.453090072 0.41289106
vn 0.767592251 0.426095665 0.47879526
vn 0.687879026 0.48018533 0.544283509
vn 0.653416216 0.453911275 0.605815172
vn 0.519394517 0.51779449 0.679792881
vn 0.479612172 0.493112445 0.725818455
vn 0.293403238 0.548606038 0.782908797
vn 0.259810746 0.525221705 0.810333729
vn 0.065802291 0.55561924 0.82882899
vn 0.045201961 0.53752327 0.842036664
vn -0.147201374 0.544705033 0.825607896
vn -0.0695986226 0.602888107 0.794784427
vn 0.839516819 0.408708274 -0.358007163
vn 0.287291527 0.264592379 -0.920572937
vn 0.442309529 0.896819472 0.00880029798
vn 0.681094468 0.732194126 0.00150007545
vn 0.601397753 0.798697054 -0.0200998299
vn 0.445886612 0.895073235 0.00539994519
vn 0.243106306 0.969825268 0.0184005946
vn 0.269403577 0.963012934 0.00530018564
vn 0.0581004433 0.998307765 -0.00249990029
vn 0.130404979 0.990937889 -0.032201115
vn -0.0695974603 0.99756372 0.00479994435
vn -0.0152006596 0.999243438 -0.0358014368
vn -0.200209156 0.912741899 -0.356116176
vn -0.140594661 0.642975807 -0.752871513
vn -0.140694007 0.679171264 -0.720369339
vn -0.133200705 0.709303856 -0.692203641
vn -0.181597799 0.744291127 -0.642692208
vn -0.183094144 0.83357352 -0.521183312
vn -0.165507659 0.82573843 -0.539224923
vn -0.204806566 0.864127874 -0.459714711
vn -0.119400412 0.585402191 -0.80190289
vn -0.0854999721 0.548300028 -0.831899762
vn -0.0988000259 0.514300287 -0.85190022
vn -0.0868048966 0.446725339 -0.890450239
vn -0.0456018262 0.381515443 -0.923237026
vn -0.0727983117 0.344992131 -0.93577832
vn -0.0155999009 0.246198595 -0.969093978
vn -0.0332997032 0.25679785 -0.965891421
vn -0.0229996797 0.211597204 -0.977086484
vn -0.0157995317 0.192494437 -0.981171072
vn -0.00350004644 0.185102582 -0.982713103
vn -0.00280008675 0.181805775 -0.983330607
vn 0.39948231 0.315986156 -0.860561907
vn 0.644082725 0.367890269 -0.670682013
vn 0.640399933 0.364200085 -0.676199913
vn 0.697904766 0.375102669 -0.610104144
vn 0.856703937 0.466302246 -0.220500991
vn 0.85471493 0.463008136 -0.234704047
vn 0.849164367 0.464080632 -0.252089381
vn 0.838215768 0.448308527 -0.310505807
vn 0.88629514 0.462797523 -0.0172998514
vn 0.890078545 0.454989105 -0.0272992924
vn 0.881452918 0.469174981 -0.0539970696
vn 0.882838488 0.461320162 -0.0882038102
vn 0.878914475 0.466907769 -0.0975015685
vn 0.873596072 0.466497958 -0.138599336
vn 0.871515334 0.468408287 -0.145102501
vn 0.870245337 0.461724162 -0.171708912
vn 0.445303887 0.894507945 -0.0395002402
vn 0.467800796 0.883701682 -0.0152999228
vn 0.246604219 0.968816698 -0.0241002999
vn 0.240993127 0.970072448 -0.0296990424
vn 0.0611998923 0.997398317 -0.0380998179
vn 0.0275999568 0.996898592 -0.0736997798
vn -0.0879015476 0.99311763 -0.0774012506
vn -0.141598597 0.982390404 -0.121898688
vn 0.47480014 0.869600356 -0.135499954
vn 0.504522562 0.857038498 -0.104604594
vn 0.249807626 0.960629463 -0.121603616
vn 0.250001222 0.960604787 -0.12140049
vn 0.033798743 0.991263211 -0.127495155
vn -0.00119998388 0.986986816 -0.16079773
vn -0.133501992 0.978014708 -0.16020228
vn 0.538528085 0.719137609 -0.439122856
vn 0.532009125 0.726812601 -0.434407413
vn 0.538014054 0.610516071 -0.581215203
vn 0.513105333 0.641906738 -0.56980592
vn 0.519414008 0.480813146 -0.706419051
vn 0.476575345 0.536872327 -0.696164012
vn 0.484698951 0.353199393 -0.800198317
vn 0.425400555 0.423500717 -0.799801111
vn 0.439312607 0.284708321 -0.852024555
vn 0.378289789 0.345790803 -0.858676791
vn 0.388989747 0.291292459 -0.873977065
vn 0.204299927 0.27700007 -0.938899696
vn 0.214809373 0.271912009 -0.938041031
vn 0.205894351 0.307291716 -0.929074585
vn 0.253003299 0.269703656 -0.929112136
vn 0.228892609 0.410486877 -0.882671595
vn 0.279989123 0.363885999 -0.888365567
vn 0.254992008 0.560282588 -0.788075328
vn 0.296415776 0.52052784 -0.800742626
vn 0.272111207 0.704629183 -0.655327022
vn 0.298401952 0.681904614 -0.66780436
vn 0.276099384 0.823198318 -0.496098846
vn 0.287191689 0.814876556 -0.503485322
vn 0.116099499 0.21269922 -0.970195949
vn 0.0734994635 0.230498478 -0.970293105
vn 0.058298368 0.277092397 -0.959073186
vn 0.0874008685 0.257902741 -0.962209702
vn 0.0509988926 0.395891577 -0.916880131
vn 0.0843991861 0.370996565 -0.924791098
vn 0.0394999236 0.561699033 -0.826398373
vn 0.0700969324 0.538876593 -0.839463353
vn 0.0235006288 0.723219573 -0.690218449
vn 0.0453014374 0.709822714 -0.702922285
vn 0.00339983194 0.854357898 -0.519674242
vn 0.0212997124 0.845788777 -0.533092797
vn 0.811718345 0.390608907 -0.434209794
vn 0.827257633 0.447277158 -0.339982539
vn 0.847993135 0.426096618 -0.315197408
vn 0.856100023 0.453200102 -0.248399973
vn 0.549520314 0.351313114 -0.75802815
vn 0.556782424 0.343789279 -0.756176174
vn 0.548108757 0.388106376 -0.740911841
vn 0.611006141 0.302603155 -0.731507361
vn 0.599724114 0.434717655 -0.671827078
vn 0.654423654 0.345212609 -0.672724307
vn 0.650325119 0.503619552 -0.56872201
vn 0.686514676 0.436909437 -0.581212401
vn 0.685180783 0.564584315 -0.460187107
vn 0.70498836 0.528191388 -0.473292232
vn 0.704713047 0.613011479 -0.357206583
vn 0.70956707 0.604372084 -0.36228317
vn 0.707714677 0.667213976 -0.232304767
vn 0.530403435 0.801005363 -0.277601749
vn 0.511887729 0.816180587 -0.26799354
vn 0.263705313 0.917318523 -0.298305899
vn 0.266194016 0.916179478 -0.29959318
vn -0.0179005284 0.951828301 -0.306108981
vn 0.0210991893 0.944063962 -0.329087287
vn -0.161093369 0.932661772 -0.322786659
vn -0.191792518 0.954562902 -0.228091016
vn 0.780231416 0.624925196 -0.0266009998
vn 0.755984306 0.653986454 0.0280994996
vn 0.75687319 0.65267694 -0.0339987241
vn 0.761932373 0.646227539 -0.0430017561
vn 0.761595309 0.64399606 -0.0723994896
vn 0.779002845 0.618602335 -0.10240031
vn 0.777802348 0.614101887 -0.133800343
vn 0.79667747 0.581983626 -0.16309534
vn 0.792506814 0.563804924 -0.232501954
vn 0.86690414 0.496802419 -0.0408001393
vn 0.855317116 0.518010437 -0.00990013685
vn 0.854772866 0.515683711 -0.0585980862
vn 0.85199672 0.52099812 -0.0515997484
vn 0.85051018 0.516306281 -0.100301154
vn 0.850805104 0.515703142 -0.100900568
vn 0.848374724 0.508084893 -0.148695529
vn 0.850160062 0.503776371 -0.153092757
vn 0.847276032 0.491286188 -0.201894268
vn 0.857226849 0.464814633 -0.221606895
vn 0.85702616 0.474914581 -0.199906066
vn 0.460085243 0.887671649 0.0189994983
vn 0.61421448 0.789118707 -0.00570004061
vn 0.614112198 0.789215863 -0.00219994993
vn 0.625305891 0.780207515 -0.0164000634
vn 0.625790179 0.779187858 -0.0353993513
vn 0.658536077 0.748941123 -0.0736039504
vn 0.658675432 0.743572414 -0.11509563
vn 0.692890167 0.705290079 -0.149897799
vn 0.69038558 0.676786005 -0.255594611
vn 0.804540813 0.555828393 -0.20921059
vn 0.803642035 0.516327143 -0.295915425
vn 0.801125348 0.522816658 -0.291309178
vn 0.800588429 0.468093336 -0.374094576
vn 0.787624717 0.501115859 -0.358511239
vn 0.789622962 0.41021201 -0.456313252
vn 0.763207376 0.475504696 -0.437504232
vn 0.769778371 0.351390213 -0.532884955
vn 0.725765347 0.446478844 -0.523375034
vn 0.732419014 0.404710621 -0.5475142
vn 0.815471232 0.363787234 -0.450184137
vn 0.736428559 0.478418678 -0.478318572
vn 0.858784974 0.385993332 -0.336894065
vn 0.780381858 0.521588027 -0.344891965
vn -0.339104921 0.910013258 0.23850359
vn -0.353082418 0.788060784 0.504275024
vn -0.136805892 0.989242613 0.0518023558
vn -0.186902687 0.981514275 0.0412007123
vn -0.185909137 0.981748343 0.0401020907
vn -0.180092439 0.972559273 0.147293955
vn -0.209809646 0.968844652 0.131606191
vn -0.267902523 0.937708914 0.221202254
vn -0.255298346 0.938194036 0.233698651
vn -0.222109318 0.583924413 0.780832887
vn -0.259698242 0.718795121 0.644895732
vn -0.265696079 0.722489357 0.638290703
vn -0.313309461 0.813824594 0.489414901
vn -0.155998141 0.413395017 0.897089481
vn -0.173501059 0.486102939 0.856505454
vn -0.23381184 0.592830062 0.770639241
vn -0.0893967077 0.160593987 0.98296392
vn -0.136293933 0.0718966946 0.988056183
vn -0.145400569 0.111200333 0.983103991
vn -0.164498493 0.140698597 0.97629118
vn -0.109500386 0.0943002328 0.989503562
vn -0.133300751 0.159200788 0.978205621
vn -0.136196792 0.218094781 0.966377437
vn -0.137100473 0.220500678 0.965703428
vn -0.175102204 0.448405594 0.876511276
vn -0.17930603 0.373512477 0.910130739
vn -0.157195553 0.300391406 0.940773606
vn -0.156807914 0.312015653 0.937047422
vn -0.151102409 0.27040422 0.95081538
vn -0.067100428 0.136200756 0.98840636
vn -0.0940994918 0.192398876 0.976794899
vn -0.0730026066 0.161705658 0.984135211
vn -0.0919049308 0.22741212 0.969452143
vn -0.0877003744 0.220200852 0.971504211
vn -0.11110305 0.311508477 0.943726063
vn -0.0935043022 0.290013254 0.952444017
vn -0.156903788 0.403509647 0.901421905
vn -0.197491854 0.41148299 0.889763474
vn -0.251296163 0.588190973 0.76868844
vn -0.228707179 0.568817854 0.790024996
vn -0.327806443 0.721914172 0.609412014
vn -0.306809545 0.750123322 0.58581835
vn -0.317808241 0.695318043 0.644616842
vn -0.287518144 0.890856266 0.35172236
vn -0.330002427 0.853206277 0.403903097
vn -0.262694031 0.802981853 0.534988105
vn -0.389211595 0.784723401 0.482414514
vn -0.327495724 0.824089348 0.462194115
vn -0.317113131 0.898137271 0.304612756
vn -0.365303487 0.883108437 0.294402957
vn -0.418009371 0.827518523 0.37480849
vn -0.349013805 0.864034295 0.362814486
vn -0.373191595 0.837481141 0.399191141
vn -0.158096746 0.986079931 0.0514990725
vn -0.282696128 0.950387061 0.129798368
vn -0.251397848 0.957291901 0.142798916
vn -0.301183641 0.934549272 0.189489841
vn -0.232892692 0.946070373 0.225193083
vn -0.34218663 0.910364449 0.232691035
vn -0.378792614 0.883182764 0.276594758
vn -0.114502966 -0.0243007485 0.993125796
vn -0.11890009 -0.0202001352 0.992700875
vn -0.0536026396 0.101904914 0.993349075
vn -0.0783993378 0.136798739 0.987491786
vn -0.139603794 0.0793020502 0.987026989
vn -0.129102856 0.0375007167 0.990922034
vn -0.127100036 0.0341998935 0.991300285
vn -0.0544022769 0.0612024479 0.996641815
vn -0.0384004787 0.0100000054 0.999212503
vn -0.0506011471 0.0198003314 0.998522758
vn -0.0398000032 -0.0039001198 0.999200165
vn -0.0340002105 -0.00560015393 0.999406278
vn -0.0346997082 -0.00350009045 0.999391794
vn -0.0296985656 -0.00379993627 0.999551833
vn -0.117205121 -0.0269012973 0.992743492
vn -0.115904644 -0.0289012771 0.992839873
vn -0.111802772 -0.0317009091 0.99322474
vn -0.111698456 -0.0300997049 0.993286431
vn -0.105699234 -0.0316998921 0.993892908
vn -0.105601348 -0.0314005241 0.993912816
vn 0.898540676 0.436419785 0.0465021618
vn 0.897988141 0.437794268 0.0441994704
vn 0.892728031 0.431313604 0.130404159
vn 0.883811593 0.438005775 0.164402232
vn 0.882143021 0.427520901 0.197609723
vn 0.861794472 0.411797345 0.296198189
vn 0.849418461 0.416309059 0.324307144
vn 0.832390487 0.399495453 0.384095728
vn 0.825973392 0.395087272 0.402087182
vn 0.771103501 0.361401647 0.524202526
vn 0.777968764 0.37438491 0.504579842
vn 0.546191692 0.256296068 0.797488093
vn 0.593708038 0.282103747 0.753610373
vn 0.618011534 0.301605582 0.72601372
vn 0.677626908 0.317312568 0.663426459
vn 0.716883779 0.338892281 0.609286308
vn 0.522218287 0.244108468 0.817128718
vn 0.423282087 0.201691389 0.883262753
vn 0.424103022 0.202401355 0.882706404
vn 0.14959389 0.0741968527 0.985959828
vn 0.207903504 0.102001615 0.972816527
vn 0.222309202 0.112704568 0.968440235
vn 0.300398171 0.140599057 0.943394423
vn 0.339906394 0.159602925 0.926817596
vn 0.104005523 0.053202711 0.993152857
vn 0.0623984747 0.0417988636 0.997175753
vn 0.0342004187 0.0246001836 0.999112308
vn 0.0507981032 0.0638975054 0.996662915
vn 0.0190998428 0.133298799 0.990891933
vn 0.0280011017 0.130605042 0.991039097
vn 0.126396373 0.18449463 0.974672198
vn 0.188106045 0.17500554 0.96643126
vn 0.390699357 0.244699523 0.887398601
vn 0.294301212 0.2380009 0.925603926
vn 0.224610925 0.204509869 0.952746451
vn 0.591298759 0.33539921 0.733398557
vn 0.663080692 0.292391449 0.689080119
vn 0.557370245 0.329782337 0.761959493
vn 0.47960788 0.300804853 0.8243137
vn 0.40790695 0.266004473 0.873415053
vn 0.843887746 0.424893826 0.327595323
vn 0.774832368 0.387316197 0.499620974
vn 0.755553722 0.392827898 0.524237394
vn 0.801196337 0.417598128 0.428598195
vn 0.825889707 0.429494649 0.365295529
vn 0.87841785 0.448209107 0.165803432
vn 0.879996538 0.455598235 0.134299546
vn 0.877843797 0.442022085 0.184409276
vn 0.877184927 0.434192568 0.204996556
vn 0.875875831 0.453487545 0.164895535
vn 0.861325443 0.447413266 0.240707219
vn 0.853638947 0.442220211 0.275212646
vn 0.883489013 0.460694343 0.0848990083
vn 0.888828695 0.455914766 0.0461015478
vn 0.887072682 0.460885882 0.0261992514
vn 0.052701775 0.0628020018 0.996633649
vn 0.206001773 0.134901062 0.969208539
vn 0.200502381 0.124801382 0.971711695
vn 0.40559867 0.22589916 0.885697126
vn 0.399008989 0.213604748 0.891720295
vn 0.604204774 0.318502486 0.730405927
vn 0.599812746 0.308406502 0.73831588
vn 0.736913562 0.381406993 0.558110356
vn 0.698433816 0.38821876 0.601229191
vn 0.0550011434 0.0336005837 0.997920871
vn 0.064100273 0.0328000262 0.997404456
vn 0.21109277 0.102596387 0.972066879
vn 0.224610999 0.101504862 0.969147563
vn 0.411100715 0.195400253 0.890401661
vn 0.424924105 0.194210932 0.884150326
vn 0.610296667 0.292998344 0.735996068
vn 0.620809257 0.291104257 0.727910936
vn 0.762298405 0.372199178 0.529498994
vn 0.768283427 0.369791985 0.522488832
vn 0.84612596 0.419312865 0.329010189
vn 0.849177957 0.416889161 0.32419166
vn 0.881715178 0.441007644 0.167602971
vn 0.883527935 0.438613921 0.16430527
vn 0.89306891 0.447384477 0.0476983972
vn 0.894391358 0.444995761 0.0451996215
vn 0.887015522 0.460908115 -0.0277004335
vn 0.888788164 0.45599398 -0.046099335
vn 0.875915647 0.453408152 -0.164902911
vn 0.877135098 0.43461746 -0.204308152
vn 0.877791643 0.441795886 -0.185198188
vn 0.878292918 0.448196411 -0.166498601
vn 0.879958153 0.455378383 -0.135293514
vn 0.883115947 0.460808396 -0.0881015509
vn 0.832899511 0.408199847 -0.373699754
vn 0.85294795 0.440873176 -0.279482931
vn 0.860393226 0.447096586 -0.244598046
vn 0.775509417 0.376204669 -0.507006168
vn 0.694587648 0.385993272 -0.607089221
vn 0.645791292 0.362095237 -0.672190964
vn 0.59697938 0.317689121 -0.736674547
vn 0.554700315 0.332100302 -0.762900472
vn 0.410808861 0.272906005 -0.869918764
vn 0.390187651 0.246692345 -0.887072086
vn 0.294693768 0.237995118 -0.925480545
vn 0.226092935 0.205093727 -0.952270389
vn 0.188204065 0.174403906 -0.966521025
vn 0.125903666 0.184005484 -0.974828482
vn 0.0579014607 0.076002039 -0.995425224
vn 0.0331986099 0.0240991134 -0.999158323
vn 0.0623982139 0.0418989249 -0.997171581
vn 0.102602616 0.0527014695 -0.993325472
vn 0.149202824 0.0742015243 -0.986018777
vn 0.209798649 0.103099465 -0.972293854
vn 0.222409278 0.112504818 -0.968440533
vn 0.303315818 0.142007545 -0.942249238
vn 0.54638797 0.255894482 -0.797482491
vn 0.527384341 0.246192813 -0.813175976
vn 0.423697084 0.199798748 -0.88349402
vn 0.430212229 0.205505967 -0.879025042
vn 0.341086864 0.160293967 -0.926264465
vn 0.593204677 0.281302333 -0.754305959
vn 0.618084371 0.301292509 -0.726081669
vn 0.676707327 0.316803545 -0.664607227
vn 0.719748497 0.340423077 -0.605040789
vn 0.768029988 0.370414585 -0.522420406
vn 0.783720851 0.369009882 -0.499613315
vn 0.831323743 0.398611486 -0.387311071
vn 0.849418461 0.416309148 -0.324307024
vn 0.861794472 0.411797434 -0.29619807
vn 0.882125616 0.427512527 -0.197705731
vn 0.883811593 0.438005805 -0.164402112
vn 0.892728031 0.431313634 -0.13040407
vn 0.897922754 0.437711149 -0.0463011265
vn 0.8986184 0.436509013 -0.0441008583
vn 0.0179998707 0.132699177 -0.990993023
vn 0.0281990319 0.129595682 -0.991166055
vn 0.0513025932 0.0621032678 -0.996750474
vn 0.198795706 0.131497309 -0.971179128
vn 0.207099393 0.12809974 -0.96989727
vn 0.396894664 0.221697152 -0.890688121
vn 0.407112986 0.217807084 -0.887028456
vn 0.597726107 0.315213859 -0.737132192
vn 0.605889857 0.311594933 -0.731987774
vn 0.757618725 0.392609835 -0.521412849
vn 0.755392075 0.393196017 -0.524194539
vn 0.838542402 0.437722206 -0.324416369
vn 0.0629028678 0.0393019132 -0.99724561
vn 0.0496016517 0.0259009842 -0.998433292
vn 0.223208174 0.108304098 -0.968735635
vn 0.212193474 0.095297195 -0.972570181
vn 0.42329061 0.201595664 -0.883280516
vn 0.412391812 0.187596396 -0.891482353
vn 0.619099081 0.29769969 -0.726698995
vn 0.61188978 0.286095351 -0.737387717
vn 0.766585469 0.374693036 -0.521490097
vn 0.763919771 0.367109627 -0.530713797
vn 0.847734332 0.42041713 -0.323413074
vn 0.84750849 0.415804267 -0.329903275
vn 0.882225931 0.441413015 -0.16380477
vn 0.883000255 0.438200176 -0.168200001
vn 0.893168986 0.447484523 -0.0447983965
vn 0.894290149 0.444895178 -0.0480994247
vn -0.128098115 0.0337996259 -0.991185546
vn -0.114496954 -0.0298990887 -0.992973685
vn -0.111802772 -0.0317006707 -0.99322474
vn -0.111698456 -0.0300994683 -0.993286431
vn -0.0296985656 -0.00379969785 -0.999551833
vn -0.0450979397 0.00749977771 -0.998954535
vn -0.0366007276 -0.00449997047 -0.999319971
vn -0.0351992287 -0.00209983485 -0.999378204
vn -0.034699697 -0.00359984976 -0.999391437
vn -0.105699234 -0.0316996537 -0.993892908
vn -0.105601348 -0.0314002857 -0.993912816
vn -0.139603794 0.0793022886 -0.987026989
vn -0.0783993378 0.136798978 -0.987491786
vn -0.0308992416 0.0698984116 -0.997075617
vn -0.0653982013 0.0965974852 -0.993172884
vn -0.0449997075 0.0313999169 -0.998493552
vn -0.116697453 -0.0277992766 -0.99277848
vn -0.117094219 -0.0270985477 -0.992751122
vn -0.118801743 -0.0201001782 -0.992714643
vn -0.112105146 -0.026401097 -0.993345737
vn -0.128604382 0.0268010348 -0.991333902
vn -0.0772961006 0.0107995756 -0.996949852
vn -0.206796601 -0.000199880102 -0.978384018
vn -0.109994531 -0.0339981951 -0.993350744
vn -0.103703611 -0.0366011597 -0.993934691
vn -0.0989998206 -0.0311998278 -0.994598329
vn -0.0992954969 -0.0373981893 -0.994355083
vn -0.0953970179 -0.0305989292 -0.99496907
vn -0.0957034677 -0.0417013988 -0.994536102
vn -0.111194603 -0.0297984388 -0.993351877
vn -0.100796603 -0.0356986821 -0.99426657
vn -0.0961959809 -0.0399982147 -0.994558632
vn -0.131595731 0.0257992819 -0.99096787
vn -0.124701157 0.0130002405 -0.992109299
vn -0.12469551 0.0213993508 -0.9919644
vn -0.120404184 0.0134005854 -0.992634654
vn -0.120696791 0.0206995718 -0.992473722
vn -0.174099937 0.0159001146 -0.984599769
vn -0.206107631 0.0135006187 -0.978436351
vn -0.160097539 0.00570003083 -0.987084925
vn -0.174400508 0.0119001539 -0.984602988
vn 0.0153007032 0.00860051531 -0.999846101
vn 0.0134005584 0.0117006078 -0.999841869
vn -0.0356998295 0.011600065 -0.999295354
vn -0.0363986529 0.0121996673 -0.999263048
vn -0.0456994474 0.0115999803 -0.998888075
vn -0.0502982102 0.0117997015 -0.998664677
vn -0.0555994622 0.0112000117 -0.998390436
vn -0.0442019105 0.012600665 -0.998943269
vn -0.0260986537 0.0148993516 -0.999548495
vn -0.0288008042 0.0107004195 -0.99952805
vn -0.0480012223 0.0156005174 -0.998725533
vn -0.0466999747 0.0148001127 -0.998799503
vn -0.0121999867 0.0073001124 -0.99989903
vn -0.0280002821 0.0282004084 -0.999210179
vn -0.0250002667 0.018800322 -0.999510765
vn 0.0301001705 0.0168002155 -0.999405801
vn -0.00839995872 0.0118000628 -0.999895215
vn -0.00800035987 0.00680042524 -0.999944985
vn -0.0159997996 0.0395996273 -0.999087632
vn -0.0335011818 -0.002599973 -0.999435425
vn -0.0335997939 -0.00909982715 -0.999394059
vn -0.0306007732 -0.00359997223 -0.999525368
vn -0.0294986889 -0.00429969002 -0.999555647
vn -0.0305007808 -0.0042999913 -0.999525666
vn -0.0305007938 -0.00419999007 -0.999526083
vn -0.0237002242 0.00440016109 -0.999709547
vn -0.0279996842 0.00620004954 -0.999588788
vn -0.0281013455 0.0107006328 -0.999547958
vn -0.0402989946 0.0149997473 -0.999075234
vn -0.0406003967 0.0182002988 -0.999009848
vn -0.104003742 0.021900909 -0.99433589
vn -0.0940003693 0.0183001943 -0.995404124
vn -0.0941033438 0.0159006882 -0.995435536
vn -0.0893996507 0.0141000645 -0.995896161
vn -0.0894986615 0.00200008904 -0.99598515
vn -0.0992045105 0.00660041906 -0.995045304
vn -0.196594521 -0.00489974674 -0.980472744
vn -0.202395484 -0.00709972577 -0.979278326
vn -0.126297921 0.00420004921 -0.991983652
vn -0.125905693 0.0139007475 -0.991944969
vn -0.117099732 0.0156000843 -0.992997825
vn -0.115395121 0.0436982736 -0.992358088
vn -0.135599867 0.0229000989 -0.990499139
vn -0.12470562 0.0172008965 -0.992044806
vn -0.121202722 0.0202005729 -0.992422342
vn -0.0959979147 0.00250006467 -0.995378554
vn -0.0825964436 -0.0071995724 -0.996557176
vn -0.0813017935 -0.0116001386 -0.996622145
vn -0.0672012791 -0.0155001776 -0.997619152
vn -0.0654002056 -0.022599956 -0.997603297
vn -0.0960039124 -0.0357013382 -0.994740605
vn -0.0932020396 -0.0380007178 -0.994921923
vn -0.122204855 -0.0114003364 -0.992439568
vn -0.118801966 -0.0142001193 -0.992816567
vn -0.130798697 0.00610005809 -0.991390288
vn -0.0920005292 0.010300179 -0.995705843
vn -0.0934026763 0.0141005246 -0.995528698
vn -0.0878982618 0.00989992451 -0.996080399
vn -0.0861988291 0.013499937 -0.996186614
vn -0.0869001001 0.0152001372 -0.996101201
vn -0.116804369 0.0153006921 -0.993037224
vn -0.116903879 0.0148006119 -0.993033051
vn -0.109900385 0.0218001977 -0.993703663
vn -0.119202606 0.0222006068 -0.992621839
vn -0.103497654 0.0173997264 -0.99447757
vn -0.0795981586 0.017299721 -0.996677041
vn -0.0583016388 0.0119004548 -0.998228192
vn -0.00699991919 0.0131999683 -0.999888539
vn 0.00959989522 0.0113999955 -0.999889135
vn -0.182400644 -0.00639990577 -0.98320359
vn -0.196807936 0.00220020581 -0.980439723
vn -0.125905305 -0.000999924028 -0.992041886
vn -0.0683021247 0.00820037443 -0.997631133
vn -0.081200093 0.0198001433 -0.996501267
vn -0.0237999968 0.00580011914 -0.99970001
vn -0.034099929 0.00640010647 -0.999398112
vn -0.00100001763 -0.0128001077 -0.999917686
vn -0.00180003897 0.0188005269 -0.999821782
vn -0.0677967444 -0.00969941728 -0.997652173
vn -0.0988006666 0.00100012554 -0.995106816
vn -0.175695747 -0.0115996031 -0.984376252
vn -0.196300134 -0.00919989124 -0.980500817
vn -0.385296941 -0.922792733 9.98892065e-05
vn -0.396307677 -0.918117881 -0.00020011334
vn -0.400823176 -0.916153193 -0.00210023089
vn -0.407177329 -0.913349271 -1.08879703e-07
vn -0.419280112 -0.907857001 0.000399872835
vn -0.421022862 -0.907049358 0.00119995722
vn -0.444609761 -0.895719826 -0.00290017086
vn -0.450886995 -0.89257437 0.00349979312
vn -0.488207221 -0.87271297 -0.00510017993
vn -0.503196001 -0.863993227 0.0175997596
vn -0.517292559 -0.855787754 0.00599981239
vn -0.5304932 -0.847689331 -1.01052429e-07
vn -0.343183219 -0.939254224 -0.00519985799
vn -0.3452079 -0.938521564 -0.00300018117
vn -0.358213842 -0.933636129 0.0025999893
vn -0.355815858 -0.934541762 -0.00520034367
vn -0.356111974 -0.934431612 -0.00470027002
vn -0.377916217 -0.925839901 0.000299902546
vn -0.377503335 -0.926008344 0.000199891409
vn -0.386581272 -0.922255456 -0.000200100287
vn -0.370804399 -0.928711116 -0.000200113107
vn -0.364501148 -0.931203067 9.98893156e-05
vn -0.359896779 -0.932991803 0.000999880023
vn -0.353805065 -0.935313463 0.00329993619
vn -0.35220322 -0.935908675 0.00529993698
vn -0.352086067 -0.935963094 -0.00299999327
vn -0.337504566 -0.94131279 0.00459995028
vn -0.339799017 -0.940497458 -0.00120010891
vn -0.331605256 -0.943415046 0.0024999273
vn -0.333306491 -0.942818463 -0.000600124185
vn -0.330889285 -0.943669558 0.00059986813
vn -0.330888212 -0.943666518 0.00259979512
vn -0.334707677 -0.942321837 -0.000800130831
vn -0.335392356 -0.94207865 -0.000100110039
vn -0.335986525 -0.941862404 -0.00289999624
vn -0.341284782 -0.939958215 0.00189980341
vn -0.342500567 -0.939501643 -0.00550012197
vn -0.342499584 -0.939498961 -0.00600010622
vn -0.374092191 -0.927380741 -0.00450001657
vn -0.396822572 -0.917852342 0.00890039746
vn -0.359306455 -0.933216929 -0.00230015302
vn -0.363999516 -0.931398928 -0.000900109997
vn -0.38028565 -0.924865246 0.00269978819
vn -0.378414452 -0.925635457 0.00129993947
vn -0.38500163 -0.922904074 -0.00470013032
vn -0.402794003 -0.915286481 0.00279984926
vn -0.423287332 -0.905973017 -0.00639991742
vn -0.42442137 -0.905445695 -0.00590040628
vn -0.446405619 -0.894811451 -0.0059001823
vn -0.446204722 -0.894909561 -0.00620017294
vn -0.502997696 -0.864196122 0.0125998398
vn -0.487772912 -0.872451663 -0.0300984345
vn -0.517292559 -0.855787754 -0.00600001635
vn -0.995573282 -0.0934974998 -0.00959975552
vn -0.9948017 -0.099600181 -0.0212000497
vn -0.96669668 -0.082099691 -0.242399216
vn -0.995322347 -0.0916020647 -0.0307007041
vn -0.993679523 -0.11089772 -0.0173996557
vn -0.99260056 -0.0760000348 -0.0947000757
vn -0.992497385 -0.0802997947 -0.09219978
vn -0.986263216 -0.0853968039 -0.141394749
vn -0.978282154 -0.0823984817 -0.190196574
vn -0.949785173 -0.0854986459 -0.30099532
vn -0.925461471 -0.0737968907 -0.371584564
vn -0.921168327 -0.0743974075 -0.381986946
vn -0.889729679 -0.0736024156 -0.450515121
vn -0.860108733 -0.0638005957 -0.506105244
vn -0.836479723 -0.0669983178 -0.5438869
vn -0.498610795 -0.0374007076 -0.866018832
vn -0.785990059 -0.0622991472 -0.615092337
vn -0.735418916 -0.0545013249 -0.675417423
vn -0.694204092 -0.0559002534 -0.717604339
vn -0.476614267 -0.03210086 -0.87852639
vn -0.479189426 -0.0240993667 -0.877380729
vn -0.994980454 -0.0867983028 -0.04979904
vn -0.987328231 -0.110803165 -0.113603279
vn -0.991208911 -0.0944008529 -0.0927008539
vn -0.98348254 -0.0905983821 -0.156697243
vn -0.979827404 -0.092202574 -0.177304998
vn -0.978780627 -0.0907981992 -0.183696389
vn -0.965755641 -0.082496196 -0.245988756
vn -0.995502234 -0.0917002186 0.0238000453
vn -0.9948017 -0.0996001884 0.0212000273
vn -0.995566308 -0.0934968516 0.0102996416
vn -0.990303278 -0.103200369 0.0930003077
vn -0.993402541 -0.093000263 0.0671001747
vn -0.994969547 -0.0941971317 0.0340989493
vn -0.973385811 -0.0959986448 0.208096996
vn -0.982378662 -0.0901980698 0.163696453
vn -0.989015996 -0.0931015238 0.114801861
vn -0.945123553 -0.0852021649 0.315407902
vn -0.437201947 -0.0216002055 0.899104118
vn -0.429918468 -0.0309014395 0.902338922
vn -0.555297792 -0.0329999737 0.830996811
vn -0.503801227 -0.0352001972 0.863102257
vn -0.676290572 -0.0534993485 0.734689832
vn -0.737522066 -0.054501716 0.673120201
vn -0.770104706 -0.0609004498 0.635003924
vn -0.811905324 -0.0646004975 0.580203891
vn -0.833904207 -0.0672004148 0.547802866
vn -0.858608186 -0.0657006949 0.508404911
vn -0.888881326 -0.0753984824 0.451890588
vn -0.895879388 -0.0745983496 0.43798998
vn -0.929424763 -0.0769020915 0.360909641
vn -0.994865239 -0.0975966007 0.0267990548
vn -0.992723882 -0.0750018284 0.0942022726
vn -0.992642164 -0.0786033571 0.0921039134
vn -0.978190005 -0.0897991061 0.187298074
vn -0.978038371 -0.0887035057 0.18860741
vn -0.959190428 -0.0826992169 0.270397305
vn -0.771293104 -0.165098608 0.614694595
vn -0.89770925 0.042800393 0.438504577
vn -0.98927927 0.0575987846 0.134197205
vn -0.995027721 -0.0736020654 0.0671018735
vn -0.439798146 0.000899889274 0.898096383
vn -0.435013264 0.029900806 0.899927557
vn -0.473412931 -0.12640357 0.87172389
vn -0.976194024 -0.17039898 0.134199187
vn -0.832307458 -0.318602949 0.453604072
vn -0.797165811 -0.286087811 0.531677186
vn -0.729006231 -0.296402663 0.617005289
vn -0.709083676 -0.284493566 0.645185173
vn -0.412616968 -0.209708765 0.886436582
vn -0.419284701 -0.213192359 0.882467926
vn -0.413696855 -0.210298523 0.885793388
vn -0.422676355 -0.220087826 0.879150927
vn -0.42390722 -0.207503662 0.881615102
vn -0.446591377 -0.243795425 0.860883474
vn -0.445999384 -0.195599854 0.87339884
vn -0.414391577 -0.129197478 0.900881767
vn -0.452613354 -0.0496015772 0.890326381
vn -0.445217192 -0.0516021065 0.893934608
vn -0.416723192 0.0519027859 0.907550633
vn -0.431685597 0.0511981882 0.900570095
vn -0.4406102 0.0532011278 0.896120846
vn -0.858932137 -0.0612023547 0.508419096
vn -0.896977365 -0.05849858 0.43818897
vn -0.900530159 -0.0572019741 0.431014478
vn -0.930117071 -0.0675012916 0.361006647
vn -0.96091181 -0.0585007593 0.270603329
vn -0.959920406 -0.0594012998 0.273905843
vn -0.975471497 -0.0711979493 0.20829393
vn -0.989156485 -0.0669970736 0.130694255
vn -0.991734028 -0.0571019836 0.114903949
vn -0.984091759 -0.0687994584 0.16379863
vn -0.997414649 -0.0632009432 0.0342005007
vn -0.997427821 -0.0631017759 0.0340009481
vn -0.997315168 -0.0725011081 0.0103001492
vn -0.996403515 0.0747002661 0.0400001518
vn -0.997836947 0.0565020926 0.0336012542
vn -0.999397397 0.00789997634 0.0337999128
vn -0.998568833 -0.0463985577 0.0265991669
vn -0.683423817 -0.729725599 0.0208006389
vn -0.99851799 -0.0477008633 0.0262004696
vn -0.990510881 -0.0437005013 0.130301446
vn -0.99040556 0.0485002622 0.129400745
vn -0.958574831 0.0506986454 0.28029266
vn -0.961568713 0.0402986631 0.271591187
vn -0.958008349 -0.0858007893 0.273602426
vn -0.98982209 -0.0983022228 0.102902301
vn -0.696002364 -0.712502539 0.0890002325
vn -0.960509896 0.270902842 0.0635006949
vn -0.895172894 0.0944970995 0.43558687
vn -0.893750548 0.0939052701 0.438624889
vn -0.955520034 0.0993020609 0.277705878
vn -0.954831958 0.0986032784 0.280309409
vn -0.985973895 0.101097316 0.132796511
vn -0.985833704 0.100603424 0.134204626
vn -0.99458456 0.101098441 0.0240996405
vn -0.994671106 0.0972971767 0.0340990238
vn -0.4339059 0.0434004888 0.899912357
vn -0.411399454 0.0394998454 0.910598934
vn -0.613613069 0.054601077 0.787716866
vn -0.612316906 0.0687018111 0.787621856
vn -0.611704767 0.0686004385 0.788106203
vn -0.613122046 0.0527018048 0.788228452
vn -0.719686925 0.0589988567 0.691787541
vn -0.432483494 0.0497980006 0.900265813
vn -0.426203251 0.0408002101 0.903707027
vn -0.613702476 0.0523001254 0.787803352
vn -0.615327358 0.00760024507 0.788235188
vn -0.773804247 -0.00520010432 0.63340354
vn -0.758179486 -0.151995972 0.634082913
vn -0.858030081 -0.182406485 0.480116904
vn -0.841213405 -0.245204002 0.481907725
vn -0.877980471 -0.293593526 0.378091604
vn -0.524570942 -0.271085113 0.807055295
vn -0.554272115 -0.319284052 0.76866138
vn -0.480983615 -0.121495977 0.868270516
vn -0.585191727 -0.228996873 0.777889073
vn -0.606006384 -0.168501899 0.777408302
vn -0.560683131 -0.107096896 0.821075439
vn -0.611477196 -0.0822970346 0.786970735
vn -0.619603932 0.00389993144 0.784905076
vn -0.430516154 0.0164005086 0.902433991
vn -0.444592148 0.0249994546 0.895384312
vn -0.436106354 0.0181001592 0.899713218
vn -0.460192949 0.0242995229 0.887486458
vn -0.615713716 0.0295005646 0.78741765
vn -0.61411804 0.0546015203 0.787323236
vn -0.768160582 0.0657965615 0.636867404
vn -0.766515791 0.0832016468 0.636813164
vn -0.765709817 0.0830009952 0.637808263
vn -0.769681633 0.0327991471 0.637584865
vn -0.855066121 0.0311987065 0.517579556
vn -0.840178192 -0.153996065 0.51998651
vn -0.91074568 -0.177408949 0.372918695
vn -0.871624887 -0.317309171 0.373610705
vn -0.953791976 -0.147098795 0.261997789
vn -0.44222182 -0.0105006257 0.896844387
vn -0.460679799 -0.00309997029 0.887561202
vn -0.616681814 -0.00749987364 0.787176907
vn -0.616281748 0.0293990411 0.786976874
vn -0.770687401 0.0342993699 0.636289716
vn -0.768663883 0.0656968504 0.636270225
vn -0.848486781 0.0712988377 0.52439189
vn -0.84671545 0.0904015973 0.524309576
vn -0.845390916 0.0900989771 0.526494384
vn -0.849598885 0.0359998904 0.526199341
vn -0.903154969 0.0345020518 0.427926093
vn -0.893802285 -0.125300393 0.43060112
vn -0.962942421 -0.14960663 0.224409893
vn -0.813405573 -0.540703833 0.214501441
vn -0.968722105 -0.166603848 0.183904201
vn -0.99901861 0.0279005188 0.0344006494
vn -0.999059677 0.0380984657 0.0206991695
vn -0.990503848 0.0381001383 0.132100537
vn -0.99058193 0.0384992883 0.13139762
vn -0.960291922 0.0379996486 0.276397705
vn -0.960637331 0.038601473 0.275110722
vn -0.900158346 0.0370982327 0.433979958
vn -0.900859118 0.0375982448 0.432480425
vn -0.852111399 0.0362004265 0.522107005
vn -0.852692246 -0.0150999278 0.522195339
vn -0.772317171 -0.012500355 0.635114193
vn -0.770675361 -0.0484985337 0.635379732
vn -0.737684429 -0.0526989773 0.673085868
vn -0.998446286 -0.0334015563 0.0446020663
vn -0.999159515 -0.0228990801 0.0339986235
vn -0.991074622 -0.0224994421 0.131396651
vn -0.991191208 -0.0219998248 0.130598873
vn -0.961168826 -0.0205993671 0.275191128
vn -0.961606622 -0.0200001728 0.273701906
vn -0.901450515 -0.0176010393 0.432524294
vn -0.902286649 -0.0171998013 0.430793673
vn -0.853412926 -0.015400297 0.521007955
vn -0.851496637 -0.0574998446 0.521198034
vn -0.812611401 -0.0539008304 0.580308139
vn -0.504297316 -0.027399959 0.863095462
vn -0.413886815 -0.0394988582 0.909471154
vn -0.616074145 -0.0336986817 0.786967099
vn -0.617295682 -0.00760004204 0.786694705
vn -0.771773696 -0.0122996578 0.635778368
vn -0.77118969 0.0340994745 0.635691583
vn -0.851420283 0.0365008079 0.523212492
vn -0.849228024 0.0711022913 0.523217261
vn -0.897828639 0.0744023249 0.434013873
vn -0.897101343 0.0739000663 0.435600758
vn -0.957881927 0.0778985098 0.276394814
vn -0.95754844 0.0773038864 0.277714103
vn -0.988075852 0.0790980607 0.132096797
vn -0.988020897 0.0786016509 0.132802844
vn -0.996281087 0.0789985135 0.0343993641
vn -0.996636808 0.0690025464 0.0442016423
vn -0.616280019 0.0294991396 -0.786974609
vn -0.998579383 -0.0463990457 -0.0261994693
vn -0.404584885 -0.206992209 -0.890766859
vn -0.44130066 -0.0101999091 -0.897301435
vn -0.989550829 -0.0608969629 -0.130693525
vn -0.991090894 -0.0691993609 -0.113798976
vn -0.996520221 -0.076101549 -0.0340007022
vn -0.997102678 -0.0575001538 -0.0498001501
vn -0.997322142 -0.0725016147 -0.00960022304
vn -0.899065256 -0.0775969625 -0.430883437
vn -0.967662513 -0.0553978309 -0.246090487
vn -0.959381342 -0.0679986626 -0.273794681
vn -0.980469227 -0.0699977875 -0.18379426
vn -0.985346913 -0.0671031922 -0.156807497
vn -0.860389173 -0.0599991865 -0.506093681
vn -0.468604147 0.000900113315 -0.88340795
vn -0.435413301 -0.00239996635 -0.900227606
vn -0.436183363 0.0185994003 -0.899665773
vn -0.45757103 0.0241985768 -0.888843834
vn -0.435708374 0.0291006714 -0.899617493
vn -0.437683374 0.0529980958 -0.897565961
vn -0.42478928 0.0505988374 -0.903877318
vn -0.423083842 0.0507981777 -0.904665589
vn -0.501517177 -0.310710579 -0.807427824
vn -0.46831575 -0.243908122 -0.84922868
vn -0.433784127 -0.211392194 -0.875868022
vn -0.380795658 -0.222097382 -0.897589862
vn -0.408893764 -0.209596723 -0.888186574
vn -0.765710711 -0.33310464 -0.550207794
vn -0.735835493 -0.301514477 -0.606329322
vn -0.71278739 -0.286294878 -0.640288711
vn -0.585164845 -0.229186177 -0.77785337
vn -0.525501013 -0.16620025 -0.834401786
vn -0.407023549 -0.167909622 -0.897852123
vn -0.879896641 -0.293098867 -0.373998642
vn -0.866249204 -0.271315396 -0.419523925
vn -0.820541203 -0.307815403 -0.481624246
vn -0.750002265 -0.237300649 -0.617401898
vn -0.814263403 -0.539375782 -0.214590445
vn -0.94903779 -0.167906672 -0.266710669
vn -0.864797175 -0.32209897 -0.385198832
vn -0.735198259 -0.67749846 -0.0219000299
vn -0.955361724 0.28778851 -0.0667972937
vn -0.758922219 -0.644418895 -0.0936028212
vn -0.975727618 -0.168304771 -0.140103996
vn -0.968295574 -0.164499253 -0.187999189
vn -0.999397397 0.00789998379 -0.0337999128
vn -0.893708467 0.0944009647 -0.438604206
vn -0.89520663 0.094100751 -0.435603291
vn -0.954775333 0.0991974846 -0.280292779
vn -0.955585539 0.098698549 -0.277695835
vn -0.985784054 0.101098388 -0.134197831
vn -0.986023605 0.100602441 -0.132803187
vn -0.99432528 0.101102583 -0.033100836
vn -0.994899631 0.0972999781 -0.0265999828
vn -0.855063975 0.0358985551 -0.517278314
vn -0.898147345 0.0347018838 -0.43832317
vn -0.903005183 0.0427003019 -0.427502513
vn -0.959091902 0.040399693 -0.28019765
vn -0.961192667 0.0505996495 -0.271197975
vn -0.989762545 0.0485981852 -0.134194955
vn -0.989949107 0.0575028732 -0.129206419
vn -0.997395813 0.0565997772 -0.0446998104
vn -0.996642947 0.0747032315 -0.0335014425
vn -0.998510122 -0.0477004871 -0.0265002772
vn -0.993770957 -0.0448986813 -0.10199704
vn -0.986755311 -0.0964956209 -0.130394131
vn -0.970780194 -0.0898981541 -0.222495511
vn -0.951060057 -0.144593924 -0.273088574
vn -0.918991566 -0.133198753 -0.371096671
vn -0.887118042 -0.169203416 -0.429408818
vn -0.862848878 -0.161190405 -0.479071707
vn -0.836486399 -0.175597116 -0.519091666
vn -0.773486018 -0.156497106 -0.61418891
vn -0.756677508 -0.160895154 -0.633681238
vn -0.61989069 -0.122998081 -0.774988472
vn -0.499987185 -0.134796456 -0.855478168
vn -0.73551631 -0.0532011054 -0.675415039
vn -0.770671666 -0.0485981442 -0.635376751
vn -0.772319138 -0.0123002296 -0.635115802
vn -0.616681397 -0.00759967789 -0.787176371
vn -0.617296159 -0.0074998606 -0.786695242
vn -0.616080403 -0.033398848 -0.786975086
vn -0.411307514 -0.037700586 -0.910716772
vn -0.499189347 -0.0266993288 -0.866081655
vn -0.41951102 0.0410011895 -0.906823933
vn -0.427297473 0.0406998694 -0.903194726
vn -0.614114642 0.0547014065 -0.787318945
vn -0.615715504 0.0294008385 -0.787419975
vn -0.771184444 0.0342993885 -0.635687232
vn -0.771771848 -0.0124994693 -0.635776877
vn -0.853415489 -0.0152002163 -0.521009564
vn -0.85101223 -0.0650008768 -0.521107554
vn -0.926924825 -0.0514013357 -0.371709973
vn -0.453117996 -0.0052001006 -0.891435504
vn -0.424691647 0.0167997796 -0.905182302
vn -0.615401864 0.00420010695 -0.788202465
vn -0.613689661 0.0526992157 -0.787786901
vn -0.767666817 0.0616974123 -0.637872458
vn -0.765703499 0.0831004679 -0.637802958
vn -0.766522229 0.0831024945 -0.636818469
vn -0.768165648 0.0656971484 -0.636871576
vn -0.849209845 0.0714009032 -0.523206115
vn -0.851429582 0.0362013243 -0.523218215
vn -0.900122643 0.0376010016 -0.434010953
vn -0.900875926 0.0370990634 -0.432488501
vn -0.960269809 0.0385988243 -0.276391327
vn -0.960667133 0.0379987359 -0.275090605
vn -0.990488648 0.0384995788 -0.132098511
vn -0.990597129 0.0380999111 -0.131399646
vn -0.998681664 0.0380993076 -0.0343993679
vn -0.999320149 0.0279005673 -0.0241004862
vn -0.431479663 0.0394982547 -0.901257694
vn -0.427779764 0.040898174 -0.90295738
vn -0.613197327 0.0522998683 -0.788196683
vn -0.611704767 0.0686006323 -0.788106203
vn -0.612321138 0.0686024725 -0.78762728
vn -0.613616467 0.0545015596 -0.787721217
vn -0.768658876 0.0657965615 -0.636266053
vn -0.770692647 0.0340997539 -0.636294007
vn -0.85210216 0.0365001597 -0.522101343
vn -0.852688432 -0.0153997298 -0.522192955
vn -0.901419342 -0.0171003155 -0.43260932
vn -0.902278721 -0.0176995341 -0.430789888
vn -0.961180508 -0.0199995637 -0.275194466
vn -0.961594939 -0.0205998626 -0.273698598
vn -0.991085589 -0.0219996665 -0.131398112
vn -0.991180241 -0.0224995408 -0.130597427
vn -0.998892605 -0.0228998289 -0.0410997011
vn -0.998863697 -0.0333987847 -0.0339987725
vn -0.4300116 -0.15030396 -0.890224099
vn -0.424489975 -0.0896977857 -0.900978863
vn -0.481198758 -0.128799573 -0.867097855
vn -0.41939342 -0.0429992191 -0.906785846
vn -0.611477196 -0.0822968483 -0.786970735
vn -0.619874179 0.00729979109 -0.784667432
vn -0.77380383 -0.00529995095 -0.633403242
vn -0.742513835 0.0331006981 -0.669012547
vn -0.849833608 0.0313013084 -0.526120842
vn -0.845375717 0.0902974829 -0.526484907
vn -0.846730769 0.0902033448 -0.524319053
vn -0.848498821 0.0710999668 -0.524399281
vn -0.897068083 0.0743974149 -0.435584605
vn -0.897874713 0.0739979818 -0.433987826
vn -0.957503855 0.0779003575 -0.277701169
vn -0.957926512 0.0773021877 -0.276407689
vn -0.987981975 0.0790985748 -0.132797569
vn -0.988114834 0.0786011964 -0.132101983
vn -0.996150494 0.0789960921 -0.0379981026
vn -0.99701637 0.0691011548 -0.0344005637
vn -0.855454087 0.271385431 0.441076428
vn -0.618779898 0.770975113 0.15069522
vn -0.793035328 0.598526776 0.113405146
vn -0.839185238 0.530890703 0.117997997
vn -0.00400007423 0.987318397 0.158703074
vn -0.173990041 0.173489988 0.969344616
vn -0.0441001803 0.719102919 0.693502903
vn -0.217988819 0.523673117 0.823557973
vn -0.0226993058 0.511684239 0.858873904
vn -0.199702889 0.169902369 0.96501404
vn -0.0766968653 0.169392973 0.982559919
vn -0.990079165 0.0858981907 0.111197673
vn -0.975969434 0.184594229 0.11579641
vn -0.985468149 0.160294831 0.0561982132
vn -0.963234603 0.267709643 0.0226008464
vn -0.964337349 0.264210254 0.015700642
vn -0.814710736 0.0614007488 0.576607645
vn -0.843984604 0.0626988038 0.532690346
vn -0.970830739 -0.03210105 0.237607554
vn -0.988302767 -0.0199000761 0.151200429
vn -0.980219245 0.0954018682 0.173403442
vn -0.841774106 0.276091486 0.463885814
vn -0.849503875 0.435701996 0.297501445
vn -0.901029229 0.337710947 0.272208869
vn -0.840457439 0.480975658 0.249587432
vn -0.462994426 0.13519828 0.875989556
vn -0.0365992375 0.986079574 0.162196755
vn -0.194292396 0.938663363 0.284889013
vn -0.157797083 0.925282955 0.344893783
vn -0.159506261 0.865234017 0.475318819
vn -0.0886989683 0.852290213 0.515494227
vn -0.226407707 0.741225183 0.631921649
vn -0.287002712 0.770107269 0.569705606
vn -0.286216915 0.511130154 0.81044811
vn -0.312500268 0.510000408 0.8014009
vn -0.299997985 0.163098812 0.939893723
vn -0.281398296 0.163298905 0.94559437
vn -0.217494577 0.971875906 0.0902978778
vn -0.444008619 0.892317414 0.0814016908
vn -0.772880435 0.610684633 0.172395736
vn -0.550894737 0.815892279 0.175598457
vn -0.555394888 0.734093308 0.390696585
vn -0.565524399 0.72463131 0.393817097
vn -0.564588368 0.63398695 0.528489232
vn -0.576300561 0.622500539 0.529500604
vn -0.565898895 0.440399081 0.696998715
vn -0.587214231 0.425910324 0.688316822
vn -0.57259655 0.133499116 0.808895171
vn -0.651802421 0.102700315 0.751402915
vn -0.964344382 0.264184803 -0.0156990644
vn -0.941590846 0.315296978 -0.118298821
vn -0.972130418 0.146904632 -0.182705715
vn -0.0766968653 0.169393212 -0.982559919
vn -0.0441001803 0.719103098 -0.693502784
vn -0.237814203 0.497129828 -0.834449887
vn -0.00789987389 0.535991609 -0.844186604
vn -0.199798897 0.169899195 -0.964994788
vn -0.174006909 0.17350702 -0.969338596
vn -0.971485257 0.00130000873 -0.237096444
vn -0.987910509 -0.0601006262 -0.14290154
vn -0.814241529 0.0775040314 -0.575329363
vn -0.555034935 0.73074609 -0.397424966
vn -0.565194666 0.728393257 -0.387296349
vn -0.564125001 0.628727973 -0.535223663
vn -0.575987041 0.628186047 -0.523088276
vn -0.462988198 0.135296658 -0.875977755
vn -0.650971293 0.130694345 -0.747767091
vn -0.570313692 0.118602969 -0.81281966
vn -0.84228009 0.0523988344 -0.536487401
vn -0.85584259 0.264113218 -0.444722176
vn -0.992402613 0.0559001639 -0.109600298
vn -0.975969434 0.184594244 -0.115796365
vn -0.991709471 0.125801221 0.0262002684
vn -0.790009975 0.596207559 -0.142901748
vn -0.286509216 0.514316738 -0.808326066
vn -0.289590389 0.729475915 -0.619679391
vn -0.206999168 0.759497106 -0.616697431
vn -0.0541017465 0.873828411 -0.4832156
vn -0.159394383 0.845770299 -0.509181976
vn -0.155998662 0.944992006 -0.287497431
vn -0.260795057 0.905482948 -0.334793568
vn -0.281398296 0.163299128 -0.94559437
vn -0.300088942 0.163094133 -0.93986547
vn -0.31270349 0.506705821 -0.80340898
vn -0.586794972 0.432596385 -0.684494078
vn -0.564976275 0.434281945 -0.70157057
vn -0.842857957 0.282086015 -0.458277196
vn -0.851580083 0.405290604 -0.332492203
vn -0.881607056 0.390703231 -0.264802098
vn -0.840428054 0.481016159 -0.249608293
vn -0.837726951 0.536817372 -0.100203171
vn -0.549709857 0.819614768 -0.161402807
vn -0.616201878 0.767602503 -0.176300481
vn -0.772880435 0.610684693 -0.172395587
vn -0.444012225 0.892324686 -0.0813021362
vn 0.0480002351 0.994405031 -0.0941003561
vn -0.214899316 0.960297048 -0.177899331
vn -0.00400007423 0.987318397 -0.158702835
vn -0.995739341 -0.0922036543 0.00130004052
vn -0.994726956 -0.102502786 0.00340008037
vn -0.993555367 -0.113194928 0.00589972269
vn -0.987812877 -0.155502036 0.00670006964
vn -0.990735829 -0.134604886 0.0180006362
vn -0.990826309 -0.13400358 0.017500449
vn -0.991729736 -0.127703846 0.0128003703
vn -0.999612212 -0.0276003405 0.00370004238
vn -0.99950248 -0.0259000715 0.0180000421
vn -0.999499977 -0.0252000056 0.0190999974
vn -0.998419106 -0.0562010892 0.000800008769
vn -0.999612212 -0.0276003405 -0.0037000489
vn -0.999581635 -0.0233995691 -0.0169996917
vn -0.999490321 -0.0257997513 -0.0187998246
vn -0.998419106 -0.0562010892 -0.000800022157
vn -0.995730162 -0.0923027992 -0.00130005053
vn -0.990828037 -0.134603813 -0.0119003542
vn -0.990085125 -0.138797924 -0.0215996951
vn -0.990811288 -0.13410154 -0.0176002197
vn -0.991731048 -0.127704009 -0.0127004143
vn -0.993555367 -0.113194928 -0.0058997497
vn -0.994769037 -0.102096841 -0.00329990988
vn -0.805091858 -0.121398851 0.580594182
vn -0.261600196 -0.115000218 0.958300829
vn 0.029700119 -0.955803931 0.292501062
vn -0.323799372 -0.911198378 0.254699439
vn -0.628080189 -0.765176058 0.141495466
vn -0.668999076 -0.733099043 0.122499749
vn -0.861031532 -0.504118562 0.0670024008
vn -0.826452613 -0.553468347 0.103194036
vn -0.969492257 -0.244998083 -0.00779996766
vn -0.947218239 -0.318706155 0.0347006321
vn -0.969290257 -0.0622994155 0.237897649
vn -0.990219593 -0.0993019864 0.0980019346
vn -0.0547006987 -0.0997013971 0.993512869
vn -0.151097924 -0.123398446 0.980786622
vn -0.160205066 -0.126604125 0.978931069
vn -0.141605332 -0.291811138 0.945935726
vn -0.133395433 -0.294590086 0.946267724
vn -0.109694876 -0.467878282 0.876959026
vn 0.128898069 -0.527392268 0.839787424
vn -0.0581018701 -0.628020406 0.776025057
vn -0.0330994502 -0.768087387 0.639489293
vn -0.0181001667 -0.77130723 0.636205733
vn -0.524086356 -0.838778317 0.147596076
vn -0.336893529 -0.925382376 0.173696578
vn -0.51952517 -0.847741187 0.106905088
vn 0.0128997331 -0.996679425 0.0803982168
vn 0.248406544 -0.947825074 0.19980517
vn -0.927649021 -0.135207191 0.348118395
vn -0.92073822 -0.202508464 0.333513826
vn -0.917404652 -0.208601117 0.338901728
vn -0.909585476 -0.279795587 0.307195097
vn -0.904468954 -0.28989011 0.312889278
vn -0.897177637 -0.349691361 0.269793272
vn -0.891032577 -0.362213343 0.273610026
vn -0.884695649 -0.409698099 0.222398892
vn -0.878479481 -0.422390223 0.223294765
vn -0.443773866 -0.144891575 0.884348035
vn -0.639074504 -0.12469513 0.758969784
vn -0.744306207 -0.153301373 0.65000546
vn -0.732583046 -0.267093956 0.62608552
vn -0.726665676 -0.272187263 0.630770206
vn -0.713497698 -0.395298839 0.578498125
vn -0.704591632 -0.403695345 0.583593071
vn -0.691707253 -0.511905551 0.509405375
vn -0.681199431 -0.522399724 0.512899578
vn -0.669515252 -0.612514079 0.420209557
vn -0.659187138 -0.623087943 0.420991778
vn -0.481181771 -0.128395244 0.867167234
vn -0.464089006 -0.297093123 0.834480286
vn -0.456209511 -0.301006436 0.837417543
vn -0.437395275 -0.459195167 0.773191631
vn -0.425884932 -0.465283662 0.775972605
vn -0.406617671 -0.6075266 0.682329595
vn -0.393109351 -0.614814818 0.683716297
vn -0.374884635 -0.735870004 0.563876867
vn -0.361700326 -0.742800832 0.563400447
vn -0.98940438 -0.116900533 0.0861003697
vn -0.987196147 -0.136999488 0.0816996694
vn -0.986103117 -0.141100481 0.0877002701
vn -0.982615769 -0.170002773 0.0746011883
vn -0.980778694 -0.17719619 0.081698209
vn -0.978894651 -0.191598967 0.0710995942
vn -0.97508961 -0.209697813 0.0722992197
vn -0.978613675 -0.202602863 0.035600476
vn -0.974842846 -0.218687207 0.0430974476
vn -0.965392292 -0.25709796 0.0437996238
vn -0.873453736 -0.457775831 0.165891185
vn -0.868224263 -0.468213171 0.164204538
vn -0.649482191 -0.692881107 0.313191354
vn -0.640921175 -0.701423287 0.311810225
vn -0.34630084 -0.838402212 0.420901
vn -0.335405231 -0.84381336 0.41890654
vn 0.00280010956 -0.878834546 0.477118641
vn 0.0140996706 -0.880579591 0.473688871
vn -0.639074504 -0.124694951 -0.758969784
vn -0.0547006987 -0.0997011662 -0.993512869
vn -0.96782881 -0.251007497 -0.0174005497
vn -0.828313828 -0.554709315 -0.0787013844
vn -0.524086356 -0.838778257 -0.147596285
vn 0.0128999408 -0.996695459 -0.0801997557
vn 0.432274133 -0.854148924 -0.289082825
vn 0.0370993316 -0.979782462 -0.196596622
vn 0.0134994807 -0.878266275 -0.477981746
vn 0.00339988992 -0.881171525 -0.472784847
vn -0.0187991839 -0.767166734 -0.641172349
vn -0.032101389 -0.772233427 -0.634527683
vn -0.261597186 -0.115098663 -0.958289862
vn -0.0580982193 -0.628080726 -0.775976419
vn 0.318422168 -0.393627346 -0.862360179
vn -0.0951984152 -0.55589062 -0.825786412
vn -0.133901834 -0.291303873 -0.947213113
vn -0.14119257 -0.295184344 -0.944950402
vn -0.160205066 -0.126603886 -0.978931069
vn -0.151000202 -0.123400077 -0.980801523
vn -0.965363264 -0.257190257 -0.0438983664
vn -0.976583838 -0.210796535 -0.0429993197
vn -0.979267001 -0.200793236 -0.0267991237
vn -0.969752014 -0.217089266 -0.111594513
vn -0.977223992 -0.202704996 -0.0628015697
vn -0.981127799 -0.174304947 -0.0837024003
vn -0.982171237 -0.17319493 -0.0730978847
vn -0.986316621 -0.138902336 -0.0888015181
vn -0.986893237 -0.139399052 -0.0812994689
vn -0.92009747 -0.207199425 -0.33239913
vn -0.917661607 -0.204191446 -0.340885788
vn -0.908599079 -0.286199719 -0.304199755
vn -0.904904962 -0.284001559 -0.31700179
vn -0.896103323 -0.356201321 -0.264801055
vn -0.891495526 -0.356298208 -0.279798657
vn -0.883673906 -0.415187746 -0.216193676
vn -0.878834367 -0.417916358 -0.230209067
vn -0.872698724 -0.46129936 -0.159999847
vn -0.868408024 -0.465504348 -0.170801669
vn -0.862829447 -0.49871707 -0.0825028867
vn -0.947661161 -0.318786949 -0.0176993124
vn -0.989361107 -0.11719539 -0.0861966312
vn -0.990200102 -0.099300012 -0.0982000455
vn -0.929436207 -0.0253009442 -0.368114352
vn -0.961479366 -0.138397023 -0.237494946
vn -0.805091858 -0.121398717 -0.580594182
vn -0.744306207 -0.153301224 -0.65000546
vn -0.732000589 -0.27120018 -0.625000596
vn -0.726857066 -0.268184155 -0.632262826
vn -0.712527514 -0.400915474 -0.575822413
vn -0.70493567 -0.398220092 -0.586929798
vn -0.690610647 -0.517807961 -0.504907906
vn -0.681605279 -0.516903996 -0.517904103
vn -0.668482959 -0.617384255 -0.414689541
vn -0.659508705 -0.618708193 -0.426905781
vn -0.648896337 -0.695796192 -0.307898402
vn -0.640997231 -0.698797107 -0.317498744
vn -0.628080189 -0.765175998 -0.141495645
vn -0.669007301 -0.733107984 -0.122401431
vn -0.340384543 -0.934857666 -0.100895546
vn -0.456406415 -0.875612378 -0.158102334
vn -0.323612064 -0.911234021 -0.254809648
vn -0.335405231 -0.8414132 -0.42370677
vn -0.345609576 -0.841123343 -0.416011691
vn -0.36209628 -0.738792419 -0.568394303
vn -0.373894334 -0.74008882 -0.558991671
vn -0.393600166 -0.609700322 -0.6880005
vn -0.405488253 -0.612682223 -0.67838043
vn -0.426222116 -0.46032387 -0.778740585
vn -0.436501682 -0.464201719 -0.770703077
vn -0.456531525 -0.297320485 -0.838558137
vn -0.463491857 -0.300794661 -0.833485603
vn -0.480397582 -0.141899198 -0.865495741
vn -0.446087927 -0.126696482 -0.885976136
vn 0.223995954 -0.954182863 -0.198396564
vn 0.213896602 -0.956184983 -0.199896976
vn 0.191501096 -0.855605006 -0.48090291
vn 0.48320654 -0.695709407 -0.531507313
vn 0.144104674 -0.750024378 -0.645521164
vn 0.102196917 -0.532283902 -0.840374827
vn 0.0763018131 -0.539812744 -0.838320076
vn 0.0382981785 -0.276486754 -0.96025455
vn 0.0299996994 -0.279797107 -0.959590554
vn 0.00849977788 -0.0935974419 -0.995573997
vn 0.00489987666 -0.0948975086 -0.995475113
vn 0.223898187 -0.95389235 0.199898288
vn 0.213899165 -0.956496358 0.198399141
vn 0.191404775 -0.855621517 0.48091194
vn 0.483180881 -0.695672572 0.531578958
vn 0.144104674 -0.750024557 0.645520926
vn 0.102798529 -0.535292566 0.838388085
vn 0.0756981298 -0.536686957 0.840379298
vn 0.0386000834 -0.278700739 0.959602118
vn 0.0297010709 -0.277610153 0.960234702
vn 0.00859989505 -0.0944989622 0.995487928
vn 0.00479985727 -0.0938973278 0.995570421
vn 0.0714985356 0.984879911 0.157796904
vn 0.0638985112 0.9851771 0.159196407
vn 0.0603976473 0.93356365 0.353286386
vn 0.233395502 0.847183704 0.477290928
vn 0.0323997438 0.853493273 0.520096004
vn 0.0267003886 0.718310475 0.695210278
vn 0.0153003912 0.72171849 0.692017794
vn 0.00979956891 0.511777401 0.859062374
vn -0.0171002876 0.515008569 0.857014596
vn -0.00829999056 0.173499733 0.984799027
vn -0.0177005846 0.174305663 0.984532595
vn 0.0714978874 0.984671056 -0.159095183
vn 0.0639000908 0.985401511 -0.157800123
vn 0.0603997782 0.93359673 -0.353198588
vn 0.27690053 0.8170017 -0.505800903
vn 0.0332997441 0.873493373 -0.485696226
vn 0.0268000755 0.721302271 -0.692101955
vn 0.0151995169 0.718677282 -0.695177913
vn 0.0100002727 0.515014231 -0.857123494
vn -0.0169990733 0.511772215 -0.858953178
vn -0.00829960126 0.174891725 -0.984552801
vn -0.0175993871 0.172994107 -0.984765828
vn -0.72148174 0.585485339 -0.369690657
vn 0.154292777 0.0335985459 -0.987453878
vn -0.63649714 0.692196965 -0.340198398
vn -0.505710304 0.321606666 -0.800516367
vn -0.433613151 0.628819168 -0.645419538
vn -0.205795437 0.216795325 -0.954278946
vn -0.21410127 0.367102325 -0.905205429
vn -0.730591536 0.575293422 -0.367795706
vn -0.721862316 0.584769607 -0.37008065
vn -0.555986762 0.473288864 -0.683283746
vn -0.550703049 0.476102769 -0.685603738
vn -0.281719148 0.278919101 -0.918062508
vn -0.275283635 0.280783474 -0.919445336
vn 0.0450018831 0.0330015011 -0.998441815
vn 0.21409829 0.0595996454 -0.974992335
vn -0.043100141 0.0985004455 -0.994203389
vn -0.143603355 0.355908245 0.923421741
vn -0.0407018252 0.537724078 0.842137992
vn -0.429681957 0.481379777 0.76396811
vn -0.332587242 0.411484152 0.848567605
vn -0.244399354 0.355399013 0.902197778
vn -0.238898948 0.315398544 0.918396115
vn -0.131603345 0.175604373 0.975624919
vn -0.810236692 0.585726559 0.0210010223
vn -0.812835336 0.575325012 0.0911040306
vn -0.763496399 0.621197224 0.176599264
vn -0.671085596 0.590187371 0.448690504
vn -0.626585662 0.594886422 0.5034886
vn -0.547686398 0.527086973 0.649784029
vn -0.400901765 0.476902097 0.782203615
vn 0.00490013883 0.530414939 0.847724199
vn -0.310104817 0.658510327 0.685710847
vn -0.27900368 0.657908618 0.699509382
vn -0.474802166 0.716903269 0.510502458
vn -0.530986845 0.70768249 0.466088593
vn -0.65570271 0.729403019 0.195000902
vn -0.704496801 0.692596912 0.154899403
vn -0.775782585 0.626086056 -0.0785981715
vn -0.792409241 0.599507034 -0.11260125
vn -0.764129996 0.638625085 -0.0909034982
vn 0.198403105 0.711011112 0.674610674
vn -0.148301139 0.830506384 0.536904275
vn -0.37509957 0.852699161 0.363599718
vn -0.337511569 0.861029565 0.380413175
vn -0.622402608 0.771503329 0.131900653
vn -0.602402866 0.785603762 0.141200781
vn -0.764633596 0.62942785 -0.138406038
vn -0.704579234 0.706379294 -0.067797929
vn -0.675192356 0.632892966 -0.37889567
vn -0.391200572 0.590000987 -0.706301033
vn 0.103804238 0.349314421 -0.931238115
vn 0.292989403 0.229891807 -0.928066492
vn 0.276904643 0.255104423 -0.926415563
vn 0.379903853 0.413604349 -0.827408493
vn 0.306090713 0.522084296 -0.796075881
vn 0.379690677 0.780281067 -0.49698776
vn 0.494280279 0.610475719 -0.618875265
vn 0.45498541 0.531383097 -0.714577138
vn 0.493898183 0.690397561 -0.528598011
vn 0.590387404 0.78518337 -0.186895937
vn 0.547588229 0.809682786 -0.211095408
vn 0.345105141 0.822112322 0.45280689
vn 0.105599456 0.893095493 0.43729794
vn 0.391003996 0.839408636 0.377503991
vn 0.478310674 0.866019368 0.14570336
vn 0.383578241 0.911048412 0.151191533
vn 0.519896269 0.854193926 0.00780004589
vn -0.493006498 0.862311482 -0.115601428
vn -0.484894961 0.867891133 -0.107898794
vn -0.471184433 0.847472191 -0.244491845
vn -0.466298729 0.850797772 -0.242299259
vn -0.482206494 0.797310829 -0.363004833
vn -0.483915716 0.796225905 -0.363111705
vn -0.524992645 0.716990113 -0.458593577
vn -0.532594919 0.71309334 -0.455895633
vn -0.258891553 0.947869241 0.185794085
vn -0.250700295 0.948201239 0.195100382
vn -0.543306828 0.839510679 0.00630018022
vn -0.537692964 0.842989087 0.0159998927
vn -0.70460093 0.699401021 -0.119900092
vn -0.71919471 0.671595156 -0.178098634
vn -0.697701216 0.697901309 -0.161700204
vn -0.688277721 0.694177568 -0.210693121
vn -0.700413048 0.681212842 -0.213003933
vn -0.681102216 0.687602341 -0.251600742
vn -0.711983383 0.657884717 -0.245494217
vn -0.697910666 0.659010172 -0.28040424
vn -0.864292681 0.460996181 -0.201198265
vn -0.577399671 0.644599736 -0.501099706
vn -0.358694106 0.522991598 -0.773187339
vn -0.23848629 0.716858983 -0.655162334
vn -0.229200825 0.71820277 -0.65700233
vn -0.154303387 0.863419116 -0.480310529
vn -0.152005836 0.863933325 -0.480118394
vn -0.125797227 0.957679033 -0.258894175
vn -0.131900415 0.956203163 -0.261300743
vn -0.160098761 0.986892462 -0.020299729
vn -0.170897931 0.984888136 -0.0280995462
vn 0.0608975515 0.648973942 0.758369744
vn 0.0795030668 0.742128611 0.665525794
vn -0.0989011452 0.825609684 0.555506587
vn 0.0466018915 0.940238178 0.337313831
vn 0.05570006 0.936801076 0.345400512
vn 0.164598525 0.984491289 0.0606995821
vn 0.17560178 0.982110023 0.0680008158
vn 0.22080411 0.944017708 -0.245104492
vn 0.226692915 0.943270683 -0.242592335
vn 0.198193014 0.820571184 -0.536081016
vn 0.195405781 0.820824504 -0.536715865
vn 0.097300984 0.627506554 -0.772507846
vn 0.0874026641 0.628819346 -0.772623658
vn -0.0303004999 0.448807538 -0.893114746
vn -0.0841968805 0.4544833 -0.886767149
vn -0.788303196 0.590902507 -0.171500638
vn -0.780368626 0.597976089 -0.182892591
vn -0.769415379 0.61191231 -0.183203593
vn -0.775705278 0.607204318 -0.172001123
vn -0.777499676 0.600499868 -0.186799884
vn -0.776805341 0.599404275 -0.193101302
vn -0.812197089 0.562498033 -0.1546994
vn -0.813433409 0.560123086 -0.156806409
vn -0.808871388 0.567079961 -0.155394435
vn -0.803443551 0.574031174 -0.158008516
vn -0.795724273 0.583617806 -0.161904871
vn -0.774980366 0.608384728 -0.171095625
vn -0.775242746 0.60793364 -0.1715094
vn -0.777808905 0.604106963 -0.173401907
vn -0.789590538 0.587493002 -0.177197814
vn -0.806937993 0.566826761 -0.166007757
vn -0.812097192 0.562998116 -0.153399408
vn -0.824612617 0.558508635 0.0899014547
vn -0.840392768 0.541695416 0.0174999163
vn -0.897766948 0.440183848 0.0158994701
vn -0.697292507 0.319796532 0.641493261
vn -0.662085176 0.258094162 0.703584313
vn -0.811112344 0.352005363 0.467107177
vn -0.36582163 0.13960816 0.920154512
vn -0.466106474 0.234403178 0.853111982
vn -0.543100059 0.292699963 0.787000239
vn -0.746610403 0.553207874 -0.369505167
vn -0.791980088 0.423189372 0.440089077
vn -0.815291941 0.430195749 0.387596279
vn -0.911767423 0.271590292 0.308089018
vn -0.874022245 0.485612422 -0.0163003597
vn -0.938304543 0.341801703 -0.0525002182
vn -0.678402841 0.309101433 -0.666502774
vn -0.610703468 0.39880237 -0.684103847
vn -0.60800761 0.399305135 -0.686208606
vn -0.886428595 0.0611020327 -0.45881483
vn -0.966430306 0.0147004938 -0.256508082
vn -0.964769065 0.0018999707 -0.263091594
vn -0.980708838 0.11440102 0.158501461
vn -0.613375902 -0.130294815 -0.778969526
vn -0.47571516 0.0434014983 -0.878528118
vn -0.472299218 0.0428000428 -0.880398631
vn -0.373079747 0.171290815 -0.911850512
vn -0.36008808 0.17069447 -0.91716975
vn -0.816401243 0.491300851 -0.303500444
vn -0.776058972 0.18319042 -0.60346818
vn -0.889587164 0.0691990629 -0.451493531
vn -0.76549834 -0.30079931 -0.5687989
vn -0.882877469 -0.373390466 -0.284792781
vn -0.921084106 -0.192596659 -0.338394225
vn -0.90141511 -0.383206427 -0.201503441
vn -0.933363497 -0.356786102 0.0391984321
vn -0.998660028 0.0287988558 -0.0429982804
vn -0.998790801 0.0208998155 -0.044499591
vn -0.978104591 -0.197800949 -0.0647003353
vn -0.935057878 -0.332585067 0.122694448
vn -0.907684505 -0.225696236 0.353793979
vn -0.974213898 -0.0997014567 0.20240289
vn -0.893547237 -0.169309035 0.415822029
vn -0.842587411 -0.0573992133 0.535492063
vn -0.808501661 0.473101079 -0.350000709
vn -0.86763382 0.416916311 -0.270910531
vn -0.867245555 0.423422337 -0.261913717
vn -0.905772686 0.374188751 -0.198893979
vn -0.89768672 0.405594081 -0.172197416
vn -0.922040701 0.370016396 -0.113704994
vn -0.890106738 0.450203449 -0.0709004924
vn -0.980433941 0.117404051 0.158005506
vn -0.912709773 0.261702806 0.313803434
vn -0.850886583 0.0801986903 0.519191921
vn -0.779581368 0.0758981183 0.621685147
vn -0.056102287 -0.0966038406 -0.993740678
vn -0.0567009374 -0.0965014994 -0.993716598
vn -0.178593889 -0.243691564 -0.953267515
vn -0.17919609 -0.243594587 -0.9531793
vn -0.338207841 -0.430909932 -0.836619556
vn -0.35461989 -0.422623634 -0.8340469
vn -0.448001951 -0.525202274 -0.723503292
vn -0.532706678 -0.607307613 -0.589407504
vn -0.220201746 0.0493002795 0.974207878
vn -0.350489467 0.105796725 0.930572152
vn -0.440812081 -0.0348010659 0.896924675
vn -0.412307769 -0.0364007987 0.910317302
vn -0.533493757 -0.192997873 0.8234905
vn -0.516815305 -0.194005877 0.833824813
vn -0.599378407 -0.352087468 0.718874156
vn -0.588317096 -0.354010433 0.727021158
vn -0.667402148 -0.480901659 0.568601847
vn -0.655668378 -0.484176755 0.579372048
vn -0.693983972 -0.597386301 0.401890695
vn -0.685004711 -0.601604223 0.410902828
vn -0.711578965 -0.669480324 0.213193655
vn -0.707103908 -0.672503889 0.218501166
vn -0.696498811 -0.717198849 0.0226998795
vn -0.695823848 -0.717824697 0.0236007273
vn -0.673629642 -0.719131708 -0.170507595
vn -0.674021184 -0.718622625 -0.171105489
vn -0.623899043 -0.699398994 -0.34869957
vn -0.625610232 -0.696711481 -0.351005882
vn -0.530103445 -0.609003961 -0.590003908
vn -0.772601902 -0.292300701 -0.563601553
vn -0.611802638 -0.131500497 -0.780003428
vn -0.777008176 0.184302032 -0.601906359
vn -0.68110019 0.309200168 -0.663700163
vn -0.774803817 0.516402662 -0.364701778
vn -0.753390849 0.549293458 -0.361495584
vn -0.192595661 -0.547587574 -0.814281821
vn -0.172997206 0.0164996181 0.984784245
vn 0.00380007061 -0.229004398 0.973418176
vn -0.26940307 -0.157801941 0.950010955
vn -0.362181336 -0.319183707 0.875754952
vn -0.156895384 -0.541584194 0.825875759
vn -0.429194301 -0.478593826 0.7659899
vn -0.490394652 -0.617093444 0.615393341
vn -0.25131321 -0.802442372 0.541228354
vn -0.523983061 -0.728376567 0.441485703
vn -0.537972391 -0.805258811 0.249287158
vn -0.284300268 -0.941801012 0.179400057
vn -0.536492944 -0.84228909 0.0521992221
vn -0.505703807 -0.850806475 -0.14280121
vn -0.250196934 -0.949688435 -0.18839784
vn -0.471288949 -0.81968081 -0.325592458
vn -0.367891669 -0.738083303 -0.565587282
vn -0.368312597 -0.737925291 -0.565519512
vn -0.290885627 -0.649667919 -0.702365458
vn -0.192001909 -0.547905445 -0.814208269
vn 0.0369021855 -0.294117332 -0.955056787
vn 0.350891054 -0.605184555 -0.714581907
vn 0.107897416 -0.228794426 -0.967476904
vn 0.131302297 0.421407342 0.897315919
vn 0.74739784 -0.446798831 0.491698593
vn 0.0796963423 0.365083188 0.927557647
vn 0.0821016356 0.362607181 0.928318739
vn -0.0883047208 0.145207658 0.985452831
vn -0.0863966644 0.140794456 0.986262023
vn 0.674536228 0.585831583 -0.449224144
vn 0.232608035 0.536018431 0.811528206
vn 0.239504784 0.529010475 0.814116478
vn 0.234691456 0.531080604 0.814170539
vn 0.322694927 0.624790192 0.710988939
vn 0.60358429 0.423088908 0.675782502
vn 0.446310282 0.701816201 0.555212915
vn 0.595365405 0.744056821 0.303182513
vn 0.886959732 0.152393058 0.43598029
vn 0.584705293 0.784707189 0.205801994
vn 0.652796984 0.74459666 -0.13939929
vn 0.861153603 0.495673358 -0.112793878
vn 0.657708526 0.752009749 0.0436006561
vn 0.435297757 0.189599171 -0.880095601
vn 0.597432852 -0.0452023968 -0.8006441
vn 0.44919461 0.361595809 -0.816990197
vn 0.55760169 0.344601125 -0.755202353
vn 0.59482193 0.421115607 -0.684725225
vn 0.699276924 0.382387489 -0.603980005
vn 0.642099142 0.494399458 -0.585899234
vn 0.676918328 0.584315896 -0.447612107
vn 0.253899425 -0.0467997864 -0.966097891
vn 0.262595564 -0.0504990406 -0.963583767
vn -0.10639935 0.296798319 -0.948994279
vn -0.774420142 0.515413523 -0.366909504
vn -0.75483036 0.537021697 -0.376615137
vn -0.775402725 0.573402166 -0.264500886
vn -0.706781507 0.607384264 -0.362690479
vn -0.781566441 0.473379791 -0.406282574
vn -0.775821209 0.461912751 -0.429811776
vn -0.836195827 0.356098294 -0.417097956
vn -0.824824512 0.284808546 -0.488414526
vn -0.84070611 0.251001894 -0.479803503
vn -0.869588494 0.0952988043 -0.484493643
vn -0.853399396 0.121499985 -0.506899714
vn -0.842606544 -0.04780031 -0.536404252
vn -0.848815203 -0.0579009838 -0.525509477
vn -0.819393933 -0.137498945 -0.556495965
vn -0.837497354 -0.173999414 -0.517998457
vn -0.417185962 -0.0563980043 -0.907069623
vn -0.575700283 -0.0925999656 -0.81240052
vn -0.12579447 0.244489387 -0.961457789
vn -0.208803207 0.206003293 -0.956014752
vn -0.360088229 0.198893636 -0.911470354
vn -0.00279992702 0.143996388 -0.989574432
vn -0.511696696 0.0111000314 -0.85909456
vn -0.280693144 0.048398938 -0.958576679
vn -0.0439981632 0.059497647 -0.997258544
vn -0.161401927 0.465305686 -0.870310426
vn -0.554099202 0.573799312 -0.603099167
vn -0.22270599 0.539314687 -0.812121868
vn -0.190204337 0.587413609 -0.786617994
vn -0.380092531 0.645887494 -0.662087023
vn -0.330286026 0.669371843 -0.665471852
vn -0.236813217 -0.00139996246 -0.971554279
vn -0.310206234 0.0169004537 -0.950519204
vn -0.318697959 0.0507997982 -0.946494162
vn -0.281288773 0.047198236 -0.958461881
vn -0.289897412 0.199698344 -0.935991764
vn -0.250193268 0.179695293 -0.951374471
vn -0.319418162 0.270615518 -0.908151627
vn -0.275001198 0.386801809 -0.880203903
vn -0.705407083 0.442004561 -0.55410558
vn -0.216202825 0.409305513 -0.886411667
vn -0.260806382 0.378209382 -0.888221741
vn -0.35950309 0.489404351 -0.794506848
vn -0.327305526 0.541009307 -0.774713039
vn -0.387814403 0.581421733 -0.715226591
vn -0.340699703 0.650399625 -0.678899407
vn -0.614397347 0.665197194 -0.424298078
vn -0.758595824 0.620396733 -0.19909887
vn -0.596803606 0.673204124 -0.436602563
vn -0.632210493 0.621310413 -0.462907672
vn -0.590566635 0.59836632 -0.541469395
vn -0.617011547 0.556010544 -0.556910455
vn -0.586568892 0.515972733 -0.624266863
vn -0.611508965 0.469606996 -0.636809349
vn -0.580085218 0.43148911 -0.690882385
vn -0.627329469 0.304314435 -0.716833651
vn -0.610491753 0.280496329 -0.740690053
vn -0.626875579 0.152894139 -0.763970315
vn -0.613603294 0.14000085 -0.777104259
vn -0.60650593 0.016500257 -0.794907868
vn -0.550197542 -0.00799986627 -0.834996402
vn -0.617760539 -0.0859944299 -0.781650186
vn -0.620377064 -0.0753971338 -0.780671299
vn -0.774949908 -0.219285786 -0.592761755
vn 0.0171001498 -0.189101785 0.981808722
vn 0.0227994155 -0.18919529 0.981674969
vn 0.0775961801 -0.528374195 0.845458448
vn 0.121600904 -0.526704073 0.841306269
vn 0.125902548 -0.676913917 0.72521472
vn 0.153800502 -0.807402849 0.569601834
vn 0.170707554 -0.805535853 0.567425072
vn 0.21079044 -0.955256701 0.207490489
vn 0.218707338 -0.953732073 0.20630683
vn 0.228601351 -0.955605805 -0.18590124
vn 0.226091161 -0.956262767 -0.185592875
vn 0.219202295 -0.900609553 -0.375304103
vn 0.216895044 -0.812781453 -0.540687799
vn 0.193500295 -0.815801322 -0.54500103
vn 0.146195605 -0.541983664 -0.827575326
vn 0.586306155 -0.454604745 -0.670507133
vn 0.117793158 -0.453673601 -0.883348942
vn 0.0750013292 -0.190503284 -0.978817463
vn 0.513683379 -0.173894286 -0.840172887
vn 0.0522986017 -0.0876975507 -0.994773507
vn -0.973322451 -0.215004981 -0.0801018775
vn -0.982624829 -0.156803966 -0.0993025452
vn -0.0121994922 -0.0964958817 -0.995258689
vn -0.920101762 -0.11570029 0.374200761
vn -0.731711149 -0.226703539 0.642809808
vn -0.79330653 -0.201801762 0.574404836
vn -0.954811454 -0.182602242 0.234502837
vn -0.470498204 -0.227399275 0.852596819
vn -0.573702693 -0.219501138 0.789103806
vn -0.657797098 -0.218199149 0.7208969
vn -0.0421989746 -0.196595356 0.97957629
vn -0.141306281 -0.217209786 0.965843081
vn -0.11909534 -0.211191878 0.970162213
vn -0.256704807 -0.207203999 0.944017708
vn -0.435406923 -0.218103588 0.87341392
vn -0.114497095 -0.132296547 -0.984575152
vn -0.120298594 -0.13519831 -0.983488619
vn -0.234601468 -0.119600646 -0.964706182
vn -0.460491717 -0.142297342 -0.876184344
vn -0.414113522 -0.166705355 -0.894829333
vn -0.616490602 -0.139597788 -0.774888337
vn -0.725588858 -0.184297115 -0.662989855
vn -0.787860334 -0.145292625 -0.598469973
vn -0.966165423 -0.252790987 -0.0511982031
vn -0.960406363 -0.277601868 -0.0236001946
vn -0.968094468 -0.250498593 0.00659993337
vn -0.956406653 -0.292002052 0.00459999777
vn -0.854192376 -0.516495466 0.0598994084
vn -0.977730811 -0.20710656 0.033901047
vn -0.959273338 -0.276792347 0.0563984066
vn -0.87406826 -0.446683854 0.190993026
vn -0.865203798 -0.462202102 0.194400832
vn -0.653511047 -0.661211252 0.368406177
vn -0.330998689 -0.805096924 -0.492198199
vn -0.365595758 -0.626792729 -0.688092172
vn -0.0262005366 -0.635913074 -0.771315992
vn -0.985014439 -0.159302354 -0.0661009997
vn -0.902327657 -0.228806987 -0.365311265
vn -0.884583294 -0.345393509 -0.313394159
vn -0.660311937 -0.479108632 -0.578310549
vn -0.631512225 -0.676813126 -0.378307462
vn -0.317810595 -0.806026936 -0.499316812
vn -0.298289627 -0.938667476 -0.172994107
vn -0.956236303 -0.27911064 -0.0878033713
vn -0.855443239 -0.466123611 -0.22571151
vn -0.848284721 -0.522690654 -0.0848985389
vn -0.604204237 -0.784505546 -0.139601067
vn -0.609012723 -0.783216417 0.125202537
vn -0.312894225 -0.933282912 0.176296651
vn -0.340492725 -0.841482222 0.419491023
vn -0.952029705 -0.303109467 -0.042001348
vn -0.846813798 -0.524808586 -0.0865014717
vn -0.849306583 -0.524704099 0.0580003895
vn -0.617312312 -0.776415706 0.126902476
vn -0.638607264 -0.6738078 0.371704161
vn -0.486688167 -0.749481857 0.44878906
vn -0.377811551 -0.737622738 0.559617102
vn -0.988164425 -0.1452948 0.0491982177
vn -0.970073938 -0.222594067 0.0969973877
vn -0.898705781 -0.328802168 0.290201873
vn -0.891247094 -0.340718091 0.29931578
vn -0.698003769 -0.460602582 0.548302948
vn -0.684998214 -0.4701989 0.556498587
vn -0.424894333 -0.532593071 0.731990218
vn -0.408306569 -0.538608849 0.73701185
vn -0.111895882 -0.543880165 0.83166945
vn -0.0964993089 -0.30079776 -0.948793411
vn -0.0726002753 -0.284900993 -0.955803812
vn -0.438293278 -0.3088952 -0.844087183
vn -0.431674778 -0.304582149 -0.849050581
vn -0.711224377 -0.288309872 -0.641122103
vn -0.961386919 -0.0716990009 -0.265696436
vn -0.912965357 -0.169893533 -0.370985985
vn -0.904426515 -0.232806817 -0.357510537
vn -0.706104219 -0.283901662 -0.648703992
vn -0.674626768 -0.479018986 -0.561622381
vn -0.391415685 -0.547621906 -0.739529729
vn -0.613394201 -0.4437958 -0.653293967
vn -0.0691995919 -0.471597135 -0.879094958
vn -0.05230131 -0.478511959 -0.876522183
vn -0.0135005843 -0.640027702 -0.768233418
vn -0.00229999563 -0.841598451 -0.540099144
vn 0.0350002684 -0.833106458 -0.552004397
vn 0.0469991453 -0.926683247 -0.372893393
vn 0.0491996817 -0.980993807 -0.187698945
vn 0.0507006273 -0.981012225 -0.187202439
vn 0.041199334 -0.978684247 0.201196641
vn -0.967085063 -0.225596517 -0.117698222
vn -0.877594352 -0.346797764 -0.330997944
vn -0.86181426 -0.460007638 -0.213703617
vn -0.620205224 -0.681305826 -0.388803422
vn -0.606371701 -0.783063471 -0.138293639
vn -0.295791417 -0.93927294 -0.173995093
vn -0.303284049 -0.936750889 0.174690738
vn 0.0241991207 -0.978464544 0.204992458
vn 0.0068003214 -0.874641538 0.484722883
vn 0.153592855 -0.807462573 0.569573402
vn -0.0481023788 -0.763737977 0.643731773
vn -0.054000251 -0.700503409 0.711603284
vn -0.0812023431 -0.548916042 0.831924081
vn -0.994860709 -0.100896031 -0.00849967822
vn -0.98766911 -0.153995201 -0.0281991418
vn -0.987757027 -0.153593346 -0.0272988342
vn -0.991348028 -0.130806342 -0.0109005449
vn -0.990084946 -0.139497891 -0.0164997671
vn -0.98799032 -0.153498515 -0.017699847
vn -0.98784858 -0.155307665 -0.00590030989
vn -0.98713702 -0.15960601 -0.00930036791
vn -0.998453677 -0.055497434 0.00319984555
vn -0.998279691 -0.0585988127 -0.00199996657
vn -0.995185614 -0.0955986306 -0.0215997025
vn -0.99948746 -0.029799629 -0.0116998581
vn -0.998072028 -0.0579983778 -0.0220993906
vn -0.998137355 -0.0560021028 -0.0242009163
vn -0.99730587 -0.0724004358 -0.0118000796
vn -0.983334363 -0.0571019836 -0.172606051
vn -0.635420144 0.100303285 -0.765624404
vn -0.26358965 0.14309451 -0.953962684
vn -0.045699276 0.172297403 -0.98398453
vn -0.0814977363 0.169395193 0.982172847
vn -0.12559925 0.169498891 0.977494299
vn -0.182702065 0.15970172 0.970111072
vn -0.295707583 0.146203652 0.944024265
vn -0.310493827 0.146097004 0.939281404
vn -0.473091781 0.113397934 0.873684943
vn -0.609399199 0.112099767 0.784899116
vn -0.581667781 0.109993823 0.80595541
vn -0.691031635 0.0689030737 0.719533026
vn -0.845784068 0.0238994882 0.532990038
vn -0.819884539 0.0527989417 0.57008934
vn -0.96797955 -0.0648986697 0.242494911
vn -0.969086826 -0.0790989622 0.233696848
vn -0.86702466 0.396611303 0.301608682
vn -0.855698466 0.417599261 0.30559954
vn -0.862297952 0.495898873 0.102599829
vn -0.858677328 0.502486825 0.100897416
vn -0.856481135 0.500489056 -0.126297176
vn -0.86301434 0.491108239 -0.118401922
vn -0.850595772 0.40329805 -0.337398261
vn -0.863979936 0.392190963 -0.31579265
vn -0.471501738 0.845003188 0.252301037
vn -0.0614994876 0.973492026 0.22029832
vn -0.0676976144 0.886068881 0.45858407
vn -0.315207541 0.764418304 0.562413633
vn -0.00989968609 0.801374614 0.598081231
vn -0.342489719 0.726378202 0.595882237
vn -0.605412364 0.39070794 0.693414271
vn -0.853298426 0.245899528 0.45979926
vn -0.865920722 0.225805372 0.446310788
vn -0.98273015 0.0624018982 0.174205363
vn -0.990775704 -0.0128997015 0.134896711
vn -0.112896845 0.499586195 -0.858876109
vn -0.076701805 0.171904191 -0.982123256
vn -0.149298459 0.158598512 -0.975990117
vn -0.254302025 0.766306281 -0.590004563
vn -0.0151992282 0.761261523 -0.648267031
vn -0.166404471 0.486613244 -0.8576231
vn -0.0438989289 0.995275795 0.0865980089
vn -0.0420985557 0.995465994 -0.0852969587
vn -0.337682337 0.917652071 -0.209488958
vn -0.0553001426 0.951702595 -0.302000672
vn -0.0554987565 0.883680403 -0.46478951
vn -0.489607066 0.701910138 0.51730758
vn -0.496679217 0.848164618 0.184192419
vn -0.488098949 0.852498233 0.18709971
vn -0.486005247 0.851509273 -0.196802035
vn -0.499020994 0.843735576 -0.197708234
vn -0.484805942 0.690508604 -0.536806583
vn -0.507815361 0.677320659 -0.532316148
vn -0.4845936 0.423494548 -0.765389919
vn -0.592575252 0.366184831 -0.71747005
vn -0.562110603 0.0866017491 -0.822515666
vn -0.802136838 0.0222010948 -0.59672749
vn -0.286806881 0.768318474 0.572213948
vn -0.287612408 0.935240388 0.206409052
vn -0.2746903 0.93836689 0.209792748
vn -0.271586716 0.938254178 -0.214289412
vn -0.286089301 0.933565199 -0.215891853
vn -0.277800798 0.761202395 -0.586001635
vn -0.306585371 0.751264334 -0.58447206
vn -0.289599001 0.475298524 -0.830797195
vn -0.31480974 0.466814607 -0.826425612
vn -0.286203891 0.142502069 -0.947512984
vn -0.443702936 0.108300842 -0.889606059
vn -0.843497396 0.225299388 -0.487598509
vn -0.978525758 0.0522014014 -0.199405268
vn -0.996381938 0.0543990284 -0.0652988181
vn -0.95890069 0.151200145 -0.24010019
vn -0.990732968 0.130104333 -0.039001286
vn -0.975744843 0.19750911 -0.0944043323
vn -0.988216102 0.151402473 0.0225003883
vn -0.981914937 0.188902885 0.0126002161
vn -0.98817116 0.122696415 0.0919973329
vn -0.98686564 0.131595433 0.0936967582
vn -0.988154531 0.0746041164 0.134107441
vn -0.116504379 0.501918852 0.857032418
vn -0.183900148 0.505500376 0.843000829
vn -0.333001971 0.482702821 0.81000495
vn -0.306201577 0.483902454 0.81980443
vn -0.583769679 0.40747878 0.702263653
vn -0.601222038 0.631123126 0.490118116
vn -0.661789119 0.6008901 0.448292762
vn -0.672002077 0.724402308 0.153800577
vn -0.665670037 0.72956717 0.156893045
vn -0.664086759 0.727885664 -0.170796528
vn -0.674604416 0.718004763 -0.171401039
vn -0.658905089 0.591204643 -0.465103567
vn -0.677200377 0.575400412 -0.458600253
vn -0.651297987 0.351699024 -0.672397912
vn -0.856634378 0.222209007 -0.46561873
vn -0.836565673 0.0253990274 -0.54727757
vn -0.960689783 -0.0804991201 -0.265697211
vn 0.0181006622 0.178706661 -0.983736038
vn 0.0235991944 0.180093974 -0.983366489
vn 0 0.499269515 -0.866446912
vn 0.0252989028 0.503778279 -0.863462567
vn 0.0202999935 0.761199892 -0.648199677
vn 0.0535026006 0.764137328 -0.642831147
vn 0.0559984744 0.883176088 -0.465687215
vn 0.215290934 0.918061554 -0.332885891
vn 0.0761001483 0.950202048 -0.302200496
vn 0.0760022178 0.993529141 -0.0844023526
vn 0.265805602 0.964020431 0.0035001894
vn 0.0715011135 0.993515491 0.0884014964
vn 0.065000236 0.938103497 0.340201408
vn 0.267497271 0.917290628 0.294997126
vn 0.039698001 0.88605535 0.461876899
vn 0.0333000794 0.767901778 0.639701664
vn 0.00330005819 0.772413671 0.635111392
vn 0.00140003278 0.507211864 0.861820459
vn -0.0256994441 0.510688901 0.859381616
vn -0.00940048508 0.175408974 0.984450936
vn -0.0216991771 0.176493213 0.984062791
vn -0.0449020714 -0.168107882 0.984745562
vn 0.105503045 -0.218006432 0.970228136
vn -0.208605528 -0.501013458 0.839922369
vn 0.181504011 -0.597813427 0.78081733
vn -0.14659749 -0.738887608 0.657688797
vn 0.153403535 -0.865020156 0.477710992
vn 0.177687392 -0.859439194 0.479365975
vn -0.146394372 -0.941263855 0.304288208
vn 0.160399809 -0.982498944 0.0946997851
vn 0.174196839 -0.97988236 0.0973981321
vn -0.153694436 -0.981864631 -0.110996127
vn 0.165006086 -0.938334644 -0.303811342
vn 0.149597928 -0.93948704 -0.308195889
vn -0.170703068 -0.847315252 -0.502909184
vn 0.152797431 -0.752187371 -0.640989363
vn 0.117598444 -0.748790085 -0.652291477
vn -0.303608298 -0.476612985 -0.825022697
vn 0.21620363 -0.46810782 -0.856814623
vn -0.304882497 -0.135192156 -0.942746043
vn -0.0116997613 -0.144196957 -0.989479959
vn -0.254102141 -0.919407904 0.300202429
vn -0.988738239 0.130305037 0.0736028701
vn -0.989426732 0.131903589 -0.0603016205
vn -0.994982779 0.0934984013 -0.035599377
vn -0.992300928 0.118100122 0.0373000577
vn -0.991732776 0.124004111 0.03300111
vn -0.965963066 -0.0404984839 0.255490243
vn -0.941842794 0.244911119 0.230110511
vn -0.933662653 0.155393749 0.322687119
vn -0.869164765 0.14469409 0.47288093
vn -0.768220425 0.114202976 0.629916787
vn -0.77265203 0.111607455 0.624942124
vn -0.640499175 0.0758998245 0.764199078
vn -0.644801676 0.076600112 0.7605021
vn -0.600302219 0.0653001517 0.797103047
vn -0.49590686 0.0214001965 0.868112087
vn -0.463589013 0.0288992114 0.885579109
vn -0.0888030455 -0.195206612 -0.976733685
vn -0.170395255 -0.181194872 -0.968573213
vn -0.245406389 -0.146903738 -0.958225071
vn -0.455911487 -0.080001913 -0.886422396
vn -0.957117021 0.0263004377 0.288505197
vn -0.95565933 0.0129994135 0.294187516
vn -0.814989984 -0.133898452 0.563793123
vn -0.693710566 -0.21850343 0.68631047
vn -0.808774233 -0.146495432 0.569581926
vn -0.82943958 -0.249812007 0.499623865
vn -0.96431452 -0.056300886 0.258703947
vn -0.974758863 -0.122894853 0.186392128
vn -0.996950328 0.0473976396 0.0619969256
vn -0.996936977 0.0749027878 0.0225008465
vn -0.866827965 0.0298010241 -0.497716129
vn -0.924769342 0.14889513 -0.350188404
vn -0.951678514 0.0398991443 -0.304493189
vn -0.802347481 -0.127707496 -0.583034575
vn -0.828930438 -0.241108835 -0.504718602
vn -0.699591815 -0.349395901 -0.623292863
vn -0.730211973 -0.513208389 -0.451007515
vn -0.995561182 0.0754970685 -0.0561978109
vn -0.968403697 -0.131500497 -0.211900845
vn -0.98067081 -0.184694514 -0.0645981058
vn -0.842652678 -0.519670844 -0.140992165
vn -0.845282376 -0.518589199 0.128697276
vn -0.724909067 -0.670408487 0.158301905
vn -0.704491377 -0.545093417 0.454494417
vn -0.547922373 -0.287611842 0.785532057
vn -0.683704019 -0.224701419 0.694304109
vn -0.708908856 -0.356604576 0.608507633
vn -0.822580397 -0.264693767 0.503288031
vn -0.842577875 -0.395389706 0.36569038
vn -0.970919132 -0.144602895 0.190803781
vn -0.978853345 -0.193590805 0.0660968348
vn -0.999382257 0.0288994871 0.0199996494
vn -0.997897148 0.0645998195 -0.00529997703
vn -0.76177758 0.0448987596 -0.646281064
vn -0.763018787 0.0463012233 -0.644715905
vn -0.807597339 -0.127899513 -0.575698137
vn -0.680475891 -0.214492336 -0.700675249
vn -0.709611714 -0.343105674 -0.615410328
vn -0.554531157 -0.436424524 -0.708540022
vn -0.58669126 -0.620890737 -0.519892395
vn -0.763382792 -0.434590191 -0.477889359
vn -0.573912203 -0.688614726 -0.443209589
vn -0.939214706 0.223403558 -0.26070407
vn -0.942768097 0.199493304 -0.267190933
vn -0.977098405 0.21199967 0.0182999987
vn -0.948732138 0.0410014316 -0.31341064
vn -0.9646703 -0.0295990612 -0.261791974
vn -0.819556832 -0.242887169 -0.518972695
vn -0.847413778 -0.384806246 -0.365806043
vn -0.70628649 -0.533189774 -0.465691179
vn -0.73347944 -0.659581602 -0.164195478
vn -0.585980415 -0.787373662 -0.191493705
vn -0.767917275 -0.600513518 -0.222905114
vn -0.577684462 -0.810678244 -0.0952975377
vn -0.578186572 -0.810981274 0.0894978344
vn -0.691397786 -0.703497827 0.164499387
vn -0.721866071 -0.673568487 0.158792481
vn -0.719616771 -0.673715711 -0.168104008
vn -0.853330195 -0.504617929 -0.131104723
vn -0.828612387 -0.40200603 -0.389605969
vn -0.976205587 -0.11410065 -0.184401095
vn -0.959870517 -0.0303990357 -0.278791457
vn -0.989218473 0.129702449 -0.0680012628
vn -0.977586806 0.191397458 -0.0876988024
vn -0.999128878 0.0370010771 -0.0193005558
vn -0.976927221 -0.199705586 -0.0757021382
vn -0.978072822 -0.197794527 0.0651981756
vn -0.847387195 -0.514992237 0.129298002
vn -0.830376446 -0.4161883 0.370489448
vn -0.722191513 -0.529293895 0.445294797
vn -0.698629439 -0.364415467 0.615725935
vn -0.563016355 -0.442312986 0.698120236
vn -0.537495196 -0.298697442 0.788593054
vn -0.982792616 0.183198646 0.02359985
vn -0.984146714 0.172090694 0.042897705
vn -0.945423543 0.0991024449 0.310407788
vn -0.944198489 0.0897998288 0.316899568
vn -0.795325816 -0.00870035589 0.606119752
vn -0.790504396 -0.0176001731 0.612203538
vn -0.671813488 -0.0699014962 0.737414837
vn -0.66400075 -0.0736001804 0.744100869
vn -0.52532357 -0.122505605 0.842037857
vn -0.517495096 -0.130398899 0.845692158
vn -0.590527296 -0.0306013227 -0.806437433
vn -0.493023902 -0.0754035562 -0.866742134
vn -0.544679224 -0.289288908 -0.787170112
vn -0.254210979 -0.392916888 -0.883738339
vn -0.0644988194 -0.530090272 -0.845484734
vn -0.634230077 -0.0129005229 -0.773036838
vn -0.63643384 -0.0118005378 -0.771241128
vn -0.686994314 -0.211198196 -0.695294321
vn -0.536519289 -0.288810313 -0.792928696
vn -0.567982018 -0.435986131 -0.698077977
vn -0.235496372 -0.559191406 -0.79488796
vn -0.275792092 -0.696080089 -0.662881136
vn -0.25339821 -0.710494995 -0.656495512
vn -0.26750797 -0.820424438 -0.505315185
vn -0.24620676 -0.831722915 -0.497613817
vn -0.263994366 -0.910980642 -0.316893399
vn -0.247802362 -0.918008804 -0.309603095
vn -0.251497626 -0.961390913 -0.11169906
vn -0.246404573 -0.963017941 -0.109002143
vn -0.245899513 -0.963998139 0.101199694
vn -0.23539798 -0.835393012 0.496695697
vn -0.252814025 -0.83564657 0.487627029
vn -0.238995865 -0.71298784 0.659188628
vn -0.262598395 -0.715395808 0.647496045
vn -0.206300214 -0.501500726 0.840200901
vn -0.246804804 -0.963818848 0.100701861
vn -0.242187008 -0.920450747 0.306783468
vn -0.577908099 -0.770910919 0.267803699
vn -0.567523718 -0.69892931 0.435218155
vn -0.685213387 -0.560911059 0.464609087
vn -0.572427154 -0.584427834 0.575127304
vn -0.551520765 -0.454717249 0.699326277
vn 0.0865012109 -0.602508664 0.793411136
vn -0.249304622 -0.387507319 0.887516499
vn -0.167805299 -0.144104689 0.975230992
vn 0.0998024046 -0.264806539 0.959123135
vn -0.0945016146 -0.111002035 0.98931706
vn -0.245992288 -0.019799497 0.969069719
vn -0.966044843 0.2558119 -0.0363016576
vn -0.974563301 0.223191619 -0.0202992111
vn -0.985513926 0.169502407 0.00560009945
vn -0.977439165 0.201508105 -0.0633025169
vn -0.99177438 0.127996713 0.000699997181
vn -0.986765563 0.162094355 -0.00439982768
vn -0.987699389 0.156299919 0.0045000161
vn -0.969371915 0.24259299 -0.0382988639
vn -0.98317951 0.182596207 0.00409993669
vn -0.971063733 0.237591162 -0.0241990723
vn -0.968720853 0.246405333 -0.0294006076
vn -0.952729344 0.302109331 -0.0322009586
vn -0.958758295 0.282687724 -0.029498687
vn -0.958761156 0.282688588 -0.0293987785
vn -0.964943945 0.259511858 -0.0392017588
vn -0.964769542 0.259991795 -0.0402987003
vn -0.975359738 0.220590919 -0.00359982555
vn -0.98259753 0.185299546 0.0128999921
vn -0.968657255 0.247689113 -0.0187991429
vn -0.959439516 0.280011564 -0.0327013172
vn -0.96530813 0.260902226 0.01050012
vn -0.83807534 0.439887136 -0.322690457
vn -0.943482757 0.321194202 -0.0816984773
vn -0.94582969 0.3211101 0.0479015484
vn -0.953763425 0.292788804 0.067897439
vn -0.954275429 0.292492479 0.0616984554
vn -0.960470259 0.268991679 0.0716978163
vn -0.961054265 0.263314903 0.083904773
vn -0.933395624 0.358098358 0.0231999364
vn -0.941298604 0.334799558 0.0431999825
vn -0.941635549 0.333612621 0.0450017452
vn -0.944731057 0.323010683 0.0561018884
vn -0.936733007 0.349512339 0.0193007234
vn -0.915943623 0.401219159 -0.0084003536
vn -0.926811039 0.374804527 -0.0233002342
vn -0.917129815 0.304409951 -0.257308334
vn -0.705889642 0.29209584 -0.645290494
vn -0.811875224 0.304090828 -0.498384833
vn -0.870868623 0.3107889 -0.38078633
vn -0.988980711 0.146897137 -0.018399626
vn -0.910740197 0.384617031 -0.150406599
vn -0.51881212 0.274206519 -0.809718966
vn -0.403110862 0.262407213 -0.876723588
vn -0.375412881 0.249908715 -0.892530739
vn -0.155596823 0.200396046 -0.967280388
vn -0.0420020372 0.190709382 -0.9807477
vn 0.00990003813 0.171100795 -0.985203922
vn -0.428400546 0.185700148 0.884301245
vn -0.209189147 0.149692133 0.966350019
vn -0.566579282 0.211992159 0.796270967
vn -0.970093727 0.235198498 0.0599996485
vn -0.958374977 0.171195537 0.228494078
vn -0.80639416 0.360497385 0.4687967
vn -0.780318022 0.617814302 -0.0970021784
vn -0.781861663 0.621169627 0.0532974713
vn -0.790311456 0.611108899 0.0442007184
vn -0.808476865 0.555984139 0.192994565
vn -0.818166435 0.54757756 0.175392881
vn -0.844702244 0.464401275 0.266100794
vn -0.84748286 0.465290606 0.255494893
vn -0.866777778 0.394789875 0.304692268
vn -0.868308306 0.396603793 0.297902912
vn -0.888481736 0.318393469 0.330493301
vn -0.888926446 0.319409519 0.328309834
vn -0.906531513 0.248408616 0.341311932
vn -0.746194601 0.227098301 0.625795543
vn -0.5655092 0.281504691 -0.775212646
vn -0.674182713 0.300692409 -0.67458272
vn -0.614534199 0.540930212 -0.574231923
vn -0.826179743 0.453588933 -0.334191769
vn -0.800217271 0.554512084 -0.228404909
vn -0.913805187 0.393902302 -0.0990005285
vn -0.927626073 0.368610412 -0.060301654
vn -0.53618145 0.745774329 -0.395386279
vn -0.510693729 0.847189665 -0.146498114
vn -0.512402773 0.846104741 -0.146800712
vn -0.515892506 0.847587705 0.124298312
vn -0.529000401 0.840600789 0.116400212
vn -0.56169802 0.739797473 0.370398849
vn -0.577987075 0.734883606 0.354792148
vn -0.623785496 0.596386135 0.505188406
vn -0.629313707 0.598113 0.496210903
vn -0.660933614 0.483024567 0.574329317
vn -0.664480746 0.485185921 0.568383694
vn -0.697453082 0.358075887 0.620758414
vn -0.698588848 0.359094262 0.618890226
vn -0.728740573 0.238713264 0.641835809
vn -0.612500846 0.217000231 0.76010114
vn -0.909121752 0.412909925 -0.0548012704
vn -0.779201031 0.619300902 -0.0965000689
vn -0.792679846 0.564385831 -0.230494097
vn -0.54750526 0.738507211 -0.393503755
vn -0.596027851 0.550525844 -0.584527314
vn -0.448206782 0.571108818 -0.687710404
vn -0.34439376 0.503191054 -0.792585671
vn 0.0123994043 0.445578754 -0.895157099
vn -0.00569994701 0.460595846 -0.887591839
vn -0.11509411 0.317783684 0.941152036
vn -0.154001161 0.158301085 0.975307465
vn -0.0473987013 0.113796771 0.99237293
vn 0.176392093 0.966856778 -0.184591621
vn 0.159305334 0.963732362 0.21410732
vn 0.134997398 0.969281375 0.205596179
vn 0.0902946815 0.816551924 0.570166647
vn 0.0439982489 0.831966937 0.553078175
vn 0.00339998468 0.631097138 0.775696635
vn 0.145001903 0.529206932 0.836011231
vn -0.0805955529 0.483273268 0.871752083
vn -0.100402981 0.306909025 0.946428239
vn 0.100001186 0.763509214 -0.638007522
vn 0.114597544 0.754783988 -0.645886064
vn 0.146804169 0.869824886 -0.471013337
vn 0.157400623 0.864803612 -0.476801872
vn 0.169306338 0.967736304 -0.186606869
vn -0.470218599 0.215108439 0.855933964
vn -0.434805274 0.355904251 0.827210248
vn -0.432985127 0.354487777 0.82877177
vn -0.390788585 0.514184952 0.763477862
vn -0.385801733 0.511202216 0.768003643
vn -0.344380528 0.656462908 0.671162188
vn -0.336901456 0.653202772 0.67810303
vn -0.276705503 0.828816652 0.486309856
vn -0.256592065 0.828174472 0.498284757
vn -0.207797453 0.962788343 0.172798023
vn -0.192003921 0.964819789 0.1796038
vn -0.182703763 0.966920078 -0.178003564
vn -0.181002527 0.967313647 -0.177602381
vn -0.208802015 0.877908647 -0.43090412
vn -0.364392966 0.805284619 -0.467690945
vn -0.248202816 0.778409004 -0.576606512
vn -0.283094108 0.651786566 -0.703585327
vn 0.074998036 0.610084176 -0.788779378
vn 0.0633990467 0.618290901 -0.783388317
vn 0.0692978725 0.153795406 -0.985669792
vn 0.218699068 0.132199571 -0.966795921
vn 0.127002761 0.42440936 -0.896519482
vn 0.51311487 0.420212299 -0.748421609
vn 0.430298716 0.48629868 -0.760497808
vn 0.217914313 0.734348416 -0.642842174
vn 0.545192361 0.709890246 -0.445893735
vn -0.0326001383 0.84090364 0.540202439
vn 0.58301878 0.744924068 0.324310571
vn 0.1031036 0.973734081 0.203007221
vn 0.553382099 0.830073297 -0.0688976794
vn 0.126300961 0.974607527 -0.184901297
vn 0.54161191 0.712615788 -0.445909768
vn -0.164496228 0.591186464 0.789582133
vn 0.169295087 0.608382285 0.775377631
vn 0.21779871 0.749795556 0.62479645
vn 0.011400355 0.100903034 0.994831026
vn 0.0203999132 0.101799458 0.994595826
vn 0.0344003327 0.285002649 0.957909405
vn 0.0582011342 0.285805464 0.956518769
vn 0.105601586 0.460006863 0.881613433
vn 0.0639026985 0.997342288 -0.0350013636
vn 0.365996301 0.929690719 -0.0414994694
vn -0.408404619 -0.0884009004 -0.908510447
vn -0.770004272 -0.234701246 -0.593303323
vn -0.765227735 -0.218007848 -0.60572201
vn -0.769912779 -0.230903789 -0.594909906
vn -0.757135153 -0.235510886 -0.609328389
vn -0.756610096 -0.240303159 -0.608108163
vn -0.770397782 -0.255799234 -0.583998442
vn -0.751799822 -0.2563999 -0.607500017
vn -0.759621203 -0.28330788 -0.585416436
vn -0.754477382 -0.282991499 -0.592182398
vn -0.751523197 -0.296309084 -0.589418292
vn -0.747580588 -0.305992007 -0.589484811
vn -0.778407872 -0.421504229 -0.465204805
vn -0.774783671 -0.426290989 -0.466890246
vn -0.798529983 -0.440816551 -0.409915507
vn -0.794290841 -0.449794799 -0.40839541
vn -0.830774546 -0.440086544 -0.340789646
vn -0.829230011 -0.445416123 -0.337612301
vn -0.860168397 -0.43218419 -0.27079013
vn -0.861375034 -0.428887606 -0.27219218
vn -0.875152826 -0.428025842 -0.225613683
vn -0.877109587 -0.443104893 -0.185302094
vn -0.873318672 -0.449409634 -0.188004091
vn -0.931391358 -0.358096689 -0.0653994381
vn -0.927078247 -0.370291322 -0.0583986826
vn -0.952930629 -0.301309705 -0.0337011255
vn -0.935436964 -0.353413999 -0.0075003393
vn -0.777330697 -0.629024923 -0.00920043979
vn -0.796757817 -0.6040681 -0.0166991893
vn -0.62086302 -0.782953501 -0.0388977826
vn -0.704711258 -0.707111359 -0.0581010208
vn -0.633589923 -0.767087877 -0.100698508
vn -0.505587161 -0.463688195 -0.72758162
vn -0.381277233 -0.595564425 -0.707057893
vn -0.612605095 -0.552604556 -0.565104783
vn -0.321296483 -0.755091727 -0.571493924
vn -0.571410358 -0.658911943 -0.489208996
vn -0.563985229 -0.730180919 -0.385690033
vn -0.562990546 -0.730787754 -0.385993659
vn -0.61409235 -0.738690853 -0.277896672
vn -0.716472626 -0.666074693 -0.207392186
vn -0.644290447 -0.741289079 -0.188097328
vn -0.622913659 -0.77571702 -0.101202317
vn -0.285802126 -0.169901162 -0.943107069
vn -0.272101551 -0.259901375 -0.926505446
vn -0.250190347 -0.251490206 -0.934964061
vn -0.30900383 -0.131601542 -0.941911817
vn -0.327604204 -0.14950183 -0.932912111
vn -0.336188942 -0.155494794 -0.928869545
vn -0.310192317 -0.151796147 -0.938476861
vn -0.282189757 -0.166693851 -0.944765806
vn -0.311600715 -0.1254002 -0.941902339
vn -0.313007325 -0.125502825 -0.941422164
vn -0.310609132 -0.123903543 -0.942427814
vn -0.308114946 -0.123905912 -0.943245888
vn -0.287183255 -0.114193253 -0.951044679
vn -0.289306551 -0.10890238 -0.951021671
vn -0.298583329 -0.109793782 -0.948047221
vn -0.26409781 -0.0930991247 -0.95999223
vn -0.285707772 -0.0947024748 -0.953626096
vn -0.264508247 -0.085002549 -0.960630059
vn -0.26579845 -0.0812994167 -0.960594535
vn -0.25949499 -0.078098394 -0.962581515
vn -0.224493176 -0.0463984758 -0.973370552
vn -0.217806816 -0.0476013757 -0.974830568
vn -0.253103644 -0.0777010098 -0.964313924
vn -0.253195256 -0.0777984411 -0.964282036
vn -0.894057393 -0.446878761 -0.0309985783
vn -0.825066984 -0.564477444 0.025098931
vn -0.823946714 -0.563232005 -0.0623036064
vn -0.808396339 -0.585997403 -0.0556998253
vn -0.804803014 -0.582802236 -0.112400509
vn -0.918889403 -0.378695637 -0.11059878
vn -0.927688122 -0.35769546 -0.106998697
vn -0.777284145 -0.621087432 -0.100398041
vn -0.76690948 -0.613107622 -0.18960245
vn -0.728813887 -0.652512491 -0.207504064
vn -0.722315133 -0.609312832 -0.327106953
vn -0.692019999 -0.626618266 -0.358410478
vn -0.692817688 -0.589015067 -0.416010767
vn -0.656895816 -0.599396169 -0.457397223
vn -0.662601233 -0.545701027 -0.513001084
vn -0.613930285 -0.551927269 -0.564327955
vn -0.636701047 -0.465700775 -0.614601195
vn -0.602523088 -0.453517348 -0.656725287
vn -0.700098693 -0.104899727 -0.706298709
vn -0.707229435 -0.385516018 -0.592624784
vn -0.719921827 -0.367111087 -0.589017928
vn -0.720229566 -0.369215131 -0.587324262
vn -0.730299771 -0.333299845 -0.596299887
vn -0.740509093 -0.347704232 -0.575107157
vn -0.756099522 -0.311999798 -0.57529974
vn -0.755857468 -0.309682548 -0.57686764
vn -0.755074799 -0.309889615 -0.577780783
vn -0.754758358 -0.310682833 -0.577768207
vn -0.565877497 -0.128794804 -0.814367712
vn -0.481508881 -0.130202308 -0.866716087
vn -0.477584511 -0.143595263 -0.866771996
vn -0.480906308 -0.138201728 -0.865811467
vn -0.477972239 -0.148391291 -0.865749896
vn -0.480310231 -0.148603067 -0.864418566
vn -0.479514658 -0.151104525 -0.864426553
vn -0.484412074 -0.151503682 -0.861621559
vn -0.480716616 -0.162805542 -0.861629903
vn -0.488313138 -0.164504334 -0.85702318
vn -0.482601166 -0.180200353 -0.857102156
vn -0.491097033 -0.182398826 -0.851794958
vn -0.484998971 -0.197599515 -0.851898253
vn -0.496993065 -0.201697111 -0.843988359
vn -0.49680233 -0.202100873 -0.844004095
vn -0.499602944 -0.202701122 -0.842205048
vn -0.489718556 -0.225808471 -0.842132092
vn -0.473181605 -0.221491307 -0.852666974
vn -0.459781259 -0.249489754 -0.852265358
vn -0.455509365 -0.250305086 -0.854317784
vn -0.424191415 -0.314293563 -0.84928298
vn -0.435386658 -0.3113904 -0.844674289
vn -0.389993906 -0.428793222 -0.814887404
vn -0.31700331 -0.43630451 -0.842108965
vn 0.0402018912 -0.131906345 0.990446746
vn 0.0301012229 -0.0617026351 0.997640669
vn 0.0166006237 -0.0587023348 0.998137653
vn -0.0101997945 -0.147697151 0.988980234
vn -0.212891906 -0.12869525 0.968563259
vn -0.426717103 -0.190307766 0.884135604
vn -0.45689401 -0.231797099 0.858788848
vn -0.718642294 -0.208012357 0.663539171
vn -0.725192666 -0.241797656 0.644693494
vn -0.900418758 -0.32900691 0.28460592
vn -0.909266531 -0.2435911 0.337487578
vn -0.945469379 -0.322389573 0.0463984609
vn -0.949953854 -0.302417219 0.07830441
vn -0.400914609 0.275109947 0.873831987
vn -0.946906745 -0.312102258 0.0772005171
vn -0.893319368 -0.410608977 0.182703927
vn -0.9091295 -0.244207993 0.337410927
vn -0.74314338 -0.42402485 0.517630219
vn -0.734423339 -0.204906628 0.647020698
vn -0.485824704 -0.410921037 0.771439254
vn -0.482225418 -0.142707646 0.86434567
vn -0.055002965 -0.413922459 0.908649027
vn -0.145204976 -0.150205269 0.977933645
vn -0.0412001088 -0.0767003298 0.996202767
vn -0.95424813 -0.298983783 -0.00439979695
vn -0.954873979 -0.296991915 -0.003399943
vn -0.954371095 -0.298590988 -0.00439990265
vn -0.954740286 -0.297412574 -0.0041002091
vn -0.95443517 -0.298411041 -0.00210011308
vn -0.954216361 -0.299105167 -0.00270008203
vn -0.954348028 -0.298683763 -0.00279988325
vn -0.954527557 -0.298108637 -0.00290011941
vn -0.95478034 -0.297293901 -0.00329996785
vn -0.954872906 -0.296991587 -0.00369993085
vn -0.954873264 -0.296991706 -0.00359993498
vn -0.955677211 -0.291993052 0.0376990736
vn -0.964038014 -0.258310229 -0.0625025034
vn -0.960805714 -0.275701672 -0.0290002096
vn -0.972674131 -0.226594001 -0.0505986884
vn -0.963465333 -0.2673904 -0.0153994793
vn -0.975890338 -0.217397884 -0.0193998367
vn -0.964904428 -0.262601227 0.00019996964
vn -0.971108973 -0.238502249 0.00800004695
vn -0.786861897 -0.119894139 -0.60537076
vn -0.25000596 0.0207006093 -0.968023121
vn -0.458611578 -0.0598014109 -0.886622488
vn -0.750660181 -0.0286984034 -0.660065055
vn -0.954861879 -0.293388307 0.0464981161
vn -0.922710419 -0.259903014 0.284703225
vn -0.921561301 -0.278788358 0.270188689
vn -0.736762762 -0.141092956 0.661266625
vn -0.757879198 -0.261292934 0.597783625
vn -0.482183546 0.000399881945 0.876070261
vn -0.535785019 -0.0896976069 0.839576721
vn -0.258296937 0.0184996668 0.965888619
vn -0.214302301 0.0602005348 0.974910557
vn -0.088000454 0.0735002682 0.993405163
vn -0.956769407 -0.28579092 -0.0539983176
vn -0.955875039 -0.291092426 -0.0395990014
vn -0.93259424 -0.234698534 -0.274198353
vn -0.962592304 -0.135398895 -0.234698161
vn -0.962586224 -0.135098055 -0.234896675
vn -0.98571068 -0.0573006123 -0.158401728
vn -0.985717595 -0.0569010004 -0.158502847
vn -0.998192251 -0.0149998777 -0.0581995584
vn -0.998196781 -0.0146999471 -0.0581998229
vn -0.998609304 -0.0148001453 0.0506004766
vn -0.998614967 -0.0151002342 0.05040076
vn -0.932227194 0.343810052 0.112903349
vn -0.932184696 0.343894362 0.112998202
vn -0.931195259 0.3440983 -0.120299354
vn -0.931304574 0.343801767 -0.120300569
vn -0.906469703 0.254991531 -0.33658877
vn -0.906587362 0.254696518 -0.33649531
vn -0.859514415 0.0884015486 -0.503408551
vn -0.859675944 0.0880976021 -0.503185987
vn -0.799387217 -0.120098032 -0.588690639
vn -0.926600635 -0.237200171 -0.291800261
vn -0.740372896 0.652976155 0.159594253
vn -0.740267515 0.653071404 0.159693092
vn -0.738829911 0.653226554 -0.165606648
vn -0.73892355 0.653120935 -0.165605217
vn -0.704820871 0.532215834 -0.46901387
vn -0.705121756 0.531816483 -0.469014496
vn -0.639710963 0.302205265 -0.706712127
vn -0.639991283 0.301896006 -0.706590414
vn -0.557214677 0.0156005109 -0.830222011
vn -0.631412625 -0.0359006301 -0.774615645
vn -0.263706535 0.223205432 0.938423336
vn -0.243998021 0.219998121 0.944492519
vn -0.584700704 0.0713999942 0.808101058
vn -0.58452183 0.0714025795 0.808230281
vn -0.82001549 -0.0772015378 0.567110777
vn -0.819936216 -0.0772034898 0.567225099
vn -0.942578793 -0.212095276 0.257994175
vn -0.942523181 -0.212205291 0.258106351
vn -0.958063602 -0.282089293 0.0503980592
vn -0.961562157 -0.271789342 0.0390984304
vn -0.960210085 -0.278102964 0.0256002378
vn -0.964240372 -0.135605723 0.227709532
vn -0.964350998 -0.135693163 0.227188483
vn -0.863270164 0.0875969231 0.497082859
vn -0.863507807 0.0874007344 0.496704549
vn -0.645210028 0.301004618 0.702211022
vn -0.645721853 0.300810128 0.70182389
vn -0.339914024 0.473719537 0.81243372
vn -0.355195761 0.471294343 0.807290554
vn -0.387314707 0.621223569 0.681225955
vn -0.430212736 0.728421509 0.53321588
vn -0.709085464 0.531389117 0.463490605
vn -0.70879519 0.531596363 0.463696957
vn -0.909300327 0.254300088 0.329400152
vn -0.909106314 0.254601777 0.329702348
vn -0.986905754 -0.0575003624 0.150700897
vn -0.986872435 -0.0572984293 0.150995791
vn -0.967193067 -0.252698213 0.026099788
vn -0.965729475 -0.258707941 0.020900609
vn -0.402404785 0.747708917 0.528206408
vn -0.452706993 0.872213542 0.185202986
vn -0.454423964 0.871446013 0.18460986
vn -0.45269227 0.871385276 -0.189096704
vn -0.450718284 0.872535467 -0.188507572
vn -0.397578955 0.748260617 -0.531071842
vn -0.425394922 0.728991449 -0.536293626
vn -0.321393549 0.488390386 -0.811283767
vn -0.346388429 0.469284475 -0.812272966
vn -0.27919668 0.315596431 -0.906889319
vn -0.247795537 0.217496216 -0.944083154
vn -0.0809971169 0.182493627 -0.979865193
vn -0.103595078 0.155092761 -0.982453406
vn -0.0521004535 0.191501796 -0.980108619
vn -0.0142992483 0.210689083 -0.977448761
vn -0.109195188 0.374783605 -0.920659482
vn -0.16300112 0.545803905 -0.821905732
vn -0.162496582 0.545988739 -0.821882844
vn -0.2447965 0.807088614 -0.537292242
vn -0.244702473 0.807108343 -0.537305355
vn -0.286912143 0.93863976 -0.191408008
vn -0.286609858 0.938732445 -0.191406503
vn -0.288192779 0.938776553 0.188795432
vn -0.288500339 0.938701212 0.188700363
vn -0.249199823 0.806799471 0.535699844
vn -0.250003636 0.806611776 0.535607994
vn -0.213704273 0.687513769 0.694014013
vn -0.142802358 0.552909076 0.820913732
vn -0.169392765 0.540576816 0.82406491
vn -0.0628006533 0.196401969 0.97851038
vn 0.38000524 0.390505314 0.838511765
vn -0.0304006822 0.0917019546 0.995322406
vn 0.0386993252 -0.190196827 0.980983078
vn 0.206094652 -0.164095879 0.964675009
vn 0.0151997209 -0.540690243 0.841084599
vn 0.398614347 -0.479917407 0.781528115
vn 0.227295995 -0.658988535 0.716987371
vn 0.20470503 -0.761318922 0.615215063
vn 0.533202708 -0.70830369 0.462602317
vn 0.487988144 -0.743782043 0.456788868
vn 0.280592591 -0.909476042 0.306791812
vn 0.384788394 -0.921072364 0.0596981011
vn 0.754061818 -0.640667617 0.144692615
vn 0.403684974 -0.913766146 -0.0454984196
vn 0.263809532 -0.935833871 -0.23370859
vn 0.643366635 -0.693764031 -0.323683351
vn 0.539283574 -0.752377093 -0.378288627
vn 0.12430051 -0.777003169 -0.617102683
vn 0.531702399 -0.511002243 -0.675403178
vn 0.0353011116 -0.511215985 -0.858727157
vn 0.229986399 -0.36967811 -0.900246978
vn 0.151601449 -0.156901389 -0.975909412
vn 0.00420004036 -0.168401524 -0.985709667
vn 0.0835000724 0.00370012247 -0.996501029
vn -0.88231951 -0.36550808 -0.296506613
vn -0.862603605 -0.455101937 -0.220901012
vn -0.877478361 -0.431589395 -0.209194914
vn -0.88690567 -0.380602419 -0.261801749
vn -0.84941417 -0.519908786 -0.0905015767
vn -0.844305575 -0.528603554 -0.087900646
vn -0.85509181 -0.493495315 -0.158998549
vn -0.848952532 -0.503631234 -0.160109982
vn -0.861220598 -0.470811337 -0.191404685
vn -0.882600665 -0.469500393 -0.0242000762
vn -0.813905656 -0.578204095 0.0569003336
vn -0.852091372 -0.522194743 -0.0353997089
vn -0.857813299 -0.508807957 0.0726010725
vn -0.901038289 -0.424718082 0.0880036876
vn -0.8693735 -0.478085458 0.124996141
vn -0.931081891 -0.338593483 0.135797337
vn -0.892176151 -0.400689363 0.20849441
vn -0.104603417 -0.26400879 0.958831429
vn -0.221303701 -0.300305158 0.927815557
vn 0.0851036608 -0.178007558 -0.980342269
vn -0.330001444 -0.311501294 -0.891103983
vn -0.230701357 -0.281201571 -0.93150568
vn -0.643813074 -0.420608491 -0.639213026
vn -0.722288311 -0.381893784 -0.576590776
vn -0.643717527 -0.586215913 -0.491913497
vn -0.647932827 -0.583229542 -0.489924937
vn -0.589005828 -0.734507322 -0.337003469
vn -0.597887933 -0.727485418 -0.33659333
vn -0.568925202 -0.810435951 -0.139706284
vn -0.576466799 -0.804653764 -0.142191917
vn -0.583805561 -0.80910778 0.0672005415
vn -0.585498869 -0.807998598 0.0657997876
vn -0.627699316 -0.734599352 0.257599682
vn -0.624291241 -0.736089766 0.261596262
vn -0.692805171 -0.594604611 0.408003062
vn -0.688269556 -0.594273806 0.416081607
vn -0.762423694 -0.427313417 0.485915124
vn -0.730081022 -0.405989558 0.549685717
vn -0.207887143 -0.798850596 -0.564465225
vn 0.585904479 -0.659305036 -0.471203744
vn -0.0309994482 -0.60438925 -0.796086073
vn 0.301697552 -0.418396533 -0.856693208
vn -0.11269547 -0.211491421 -0.970861137
vn 0.073102504 -0.982133746 -0.173406065
vn 0.0447003394 -0.859306574 -0.50950408
vn 0.0589989088 -0.856484234 -0.51279068
vn -0.0246994887 -0.604287505 -0.796383679
vn -0.0177007169 -0.601824403 -0.798432469
vn -0.147197396 -0.257195354 -0.955083191
vn -0.0994985923 -0.231696621 -0.967686415
vn 0.0760004595 -0.858705401 0.506803036
vn -0.110098489 -0.90748775 0.405394405
vn -0.0172997285 -0.210296839 0.977484763
vn -0.152003452 -0.2751064 0.949321687
vn 0.159399197 -0.49439767 0.854495764
vn -0.128803924 -0.637719631 0.759423196
vn 0.104898199 -0.698188186 0.708187819
vn 0.139795914 -0.780377388 0.60948211
vn -0.0250996314 -0.857187629 0.514392376
vn -0.122304775 -0.636725008 0.76132983
vn -0.110798016 -0.636488795 0.763286412
vn -0.243794188 -0.311092734 0.918578207
vn -0.39191103 -0.344609827 0.853024065
vn 0.26349926 -0.873897552 -0.408498973
vn 0.273190528 -0.933267713 -0.233192042
vn 0.0382990837 -0.982976556 -0.17969583
vn 0.149704337 -0.986828744 -0.0613019019
vn 0.132998943 -0.975292325 0.176398486
vn -0.0183000751 -0.99400425 0.107800342
vn 0.119301066 -0.948608577 0.293102533
vn -0.475285351 -0.356488943 -0.80437535
vn -0.421090692 -0.357292086 -0.833681822
vn -0.311100215 -0.635000467 -0.70710057
vn -0.317490846 -0.633081734 -0.705979705
vn -0.233902052 -0.855207562 -0.462504208
vn -0.24658671 -0.851054251 -0.463575184
vn -0.211294934 -0.962877035 -0.167996109
vn -0.221598223 -0.959992409 -0.17119877
vn -0.235600635 -0.962802768 0.132300258
vn -0.237805963 -0.962424278 0.131103188
vn -0.297388822 -0.860767901 0.413084477
vn -0.292110652 -0.860631526 0.417115182
vn -0.390491158 -0.65738529 0.644485414
vn -0.382797778 -0.654796362 0.651696205
vn -0.50311476 -0.375411183 0.778422952
vn -0.550104678 -0.414603651 0.724906087
vn -0.941161752 -0.334086448 -0.0509979762
vn -0.935496151 -0.352798581 -0.0194999631
vn -0.921438456 -0.387016177 -0.0342014767
vn -0.935506165 -0.351602316 -0.0347002707
vn -0.930860698 -0.363684684 -0.0350985676
vn -0.928619325 -0.369607717 -0.0325007215
vn -0.936116874 -0.347006291 -0.0572010763
vn -0.92522651 -0.371310681 -0.0780022889
vn -0.925507128 -0.370902896 -0.0766006485
vn -0.926075935 -0.369990408 -0.0740981326
vn -0.927702308 -0.367600948 -0.0651002154
vn -0.932779312 -0.356692135 -0.0518988967
vn -0.936925232 -0.347009361 -0.0419011712
vn -0.925311029 -0.375804514 -0.0507006571
vn -0.93000257 -0.364701033 -0.0457001738
vn -0.927698016 -0.370499223 -0.04589995
vn -0.928800106 -0.369100064 -0.0331000537
vn 0.0146003449 -0.0688015148 -0.997523665
vn 0.0185004957 -0.0648016259 -0.997726798
vn -0.0384005792 -0.0853011683 -0.995615065
vn -0.734334409 -0.205509573 -0.646930337
vn -0.411516041 -0.233309016 -0.881034434
vn -0.466089576 -0.201095432 -0.861580789
vn -0.212891906 -0.128695011 -0.968563259
vn -0.949946404 -0.302414805 -0.0784038752
vn -0.945469379 -0.322389573 -0.0463985354
vn -0.909266531 -0.243591011 -0.337487638
vn -0.900418758 -0.329006851 -0.28460598
vn -0.71020925 -0.235003009 -0.66360873
vn -0.946906745 -0.312102228 -0.0772005916
vn -0.80502528 -0.512316108 -0.299109489
vn -0.980351508 -0.089095585 -0.175991327
vn -0.621796966 -0.506797493 -0.597097218
vn -0.865551472 -0.0307982191 -0.499872059
vn -0.357891798 -0.486388832 -0.797081947
vn -0.642109931 -0.000999924261 -0.766611993
vn -0.140106484 -0.151706919 -0.978445351
vn -0.207101673 0.370603114 -0.90540731
vn -0.171604216 -0.351508588 -0.920322776
vn -0.954244912 -0.299014091 0.00270009157
vn -0.954348028 -0.298683763 0.00279981201
vn -0.954844952 -0.297082901 0.00359975733
vn -0.954527557 -0.298108637 0.00290004816
vn -0.954836786 -0.297111481 0.00340009597
vn -0.954616904 -0.297805309 0.00430004159
vn -0.95424813 -0.298983783 0.00439972524
vn -0.954333603 -0.298710555 0.00440012012
vn -0.95458895 -0.297896564 0.0041999165
vn -0.954807758 -0.297202438 0.00359999412
vn -0.954873979 -0.296991915 0.00339987222
vn -0.397578955 0.748260438 0.531071961
vn -0.387314707 0.621223748 -0.681225836
vn -0.0794977546 0.0754977539 0.993972063
vn -0.956450343 -0.289015234 0.0409021229
vn -0.955712855 -0.290603936 -0.0465006642
vn -0.0879005715 0.0736006126 -0.993406594
vn -0.214302301 0.0602007657 -0.974910557
vn -0.458611578 -0.0598016195 0.886622488
vn -0.750660181 -0.0286985599 0.660065055
vn -0.63812542 -0.00170015963 0.76993078
vn -0.956078589 -0.288093567 0.0539987646
vn -0.928495765 -0.229799017 0.291698694
vn -0.929874301 -0.242093369 0.276992351
vn -0.788403451 -0.112400576 0.604802668
vn -0.796985447 -0.126097798 0.590689242
vn -0.551672995 0.00149982725 0.834059238
vn -0.960832179 -0.275609255 0.0290009417
vn -0.964038014 -0.258310229 0.0625024438
vn -0.962573171 -0.135196269 0.234893456
vn -0.962605357 -0.135300785 0.234701306
vn -0.859478772 0.0882977694 0.503487647
vn -0.859668374 0.0881967023 0.503181517
vn -0.639685035 0.30209288 0.706783593
vn -0.640017211 0.302008033 0.706519127
vn -0.332996815 0.475095451 0.814492404
vn -0.9425475 -0.2122107 -0.25801307
vn -0.942543209 -0.212109715 -0.258111894
vn -0.819929898 -0.0773027539 -0.567220747
vn -0.819968998 -0.0771970227 -0.567178607
vn -0.584591806 0.0712991133 -0.808188856
vn -0.584583461 0.0714980885 -0.808177292
vn -0.260997057 0.213697717 -0.941389441
vn -0.248194531 0.228895083 -0.941279352
vn -0.964295924 -0.135899425 -0.227299094
vn -0.964295506 -0.135399356 -0.22759898
vn -0.863480031 0.0871980488 -0.496788561
vn -0.863348424 0.0877049863 -0.496927917
vn -0.645695925 0.300698221 -0.701895595
vn -0.645294249 0.301097453 -0.70209378
vn -0.3537094 0.467712551 -0.81002152
vn -0.341209829 0.477413923 -0.809723437
vn -0.402404785 0.747709095 -0.528206289
vn -0.430212736 0.728421688 -0.533215761
vn -0.708790362 0.531692922 -0.463593721
vn -0.709090292 0.531292856 -0.463593662
vn -0.909113169 0.25470376 -0.329604775
vn -0.909293532 0.254198253 -0.329497635
vn -0.986893058 -0.0571995862 -0.150898963
vn -0.98688525 -0.057599131 -0.150797769
vn -0.9986099 -0.0151001448 -0.0505005084
vn -0.998614371 -0.0148002077 -0.0505007356
vn -0.932195127 0.343898237 -0.112899378
vn -0.740372896 0.652976215 -0.159594104
vn -0.740279377 0.653081894 -0.15959549
vn -0.45278883 0.872278631 -0.184695348
vn -0.454413176 0.871325314 -0.185205281
vn -0.258296937 0.0184998978 -0.965888619
vn -0.466297239 -0.0613995381 -0.882494867
vn -0.548206925 -0.0538005866 -0.834610641
vn -0.716701627 -0.214100435 -0.663701534
vn -0.791312993 -0.174402833 -0.586009741
vn -0.918320298 -0.274906069 -0.284806341
vn -0.927024007 -0.26290682 -0.267407
vn -0.95497632 -0.294692725 -0.0342991874
vn -0.958063602 -0.282089293 -0.0503981262
vn -0.960025847 -0.278507531 -0.0280007925
vn -0.962094426 -0.270098448 -0.0376998186
vn -0.967473805 -0.251693219 -0.0253993459
vn -0.965503514 -0.25950098 -0.0215001125
vn -0.972804248 -0.231601045 -0.00360004371
vn -0.963635623 -0.267209917 -0.0023001174
vn -0.975999057 -0.216899827 0.0194999576
vn -0.998189509 -0.0147998529 0.0582993962
vn -0.998199642 -0.0149000026 0.0580999851
vn -0.931184053 0.344094127 0.120397992
vn -0.93131572 0.34380585 0.120202094
vn -0.738829911 0.653226495 0.165606797
vn -0.73892355 0.653120875 0.165605366
vn -0.452792168 0.871484995 0.188396871
vn -0.450698018 0.872396171 0.189199299
vn -0.381099582 0.62179935 0.684199393
vn -0.425394922 0.72899127 0.536293745
vn -0.705117345 0.531913102 0.468911648
vn -0.70478785 0.5321908 0.469092011
vn -0.90661788 0.254705042 0.336406708
vn -0.906421423 0.255006015 0.336708009
vn -0.985731959 -0.057201881 0.158305138
vn -0.985696375 -0.0569998138 0.158599436
vn -0.972747445 -0.226211056 0.0509024635
vn -0.963515282 -0.267204255 0.0155002158
vn -0.25000596 0.0207003783 0.968023121
vn -0.20589757 0.0622991584 0.976588607
vn -0.252698749 0.215698838 0.943195403
vn -0.23990871 0.230908304 0.942934394
vn -0.347807527 0.472810179 0.809617698
vn -0.0304006822 0.0917021856 -0.995322406
vn 0.213501468 0.273402035 -0.937906563
vn -0.0895045698 0.282614559 -0.9550488
vn -0.169406727 0.540621638 -0.824032724
vn -0.142802358 0.552909315 -0.820913613
vn -0.213799998 0.687700152 -0.693799973
vn -0.250104129 0.806513548 -0.535708845
vn -0.249193087 0.806877792 -0.535585046
vn -0.288494885 0.93868345 -0.188796565
vn -0.288198233 0.938794374 -0.188698769
vn -0.286604375 0.938714385 0.191503063
vn -0.286912143 0.9386397 0.191408247
vn -0.244702473 0.807108223 0.537305593
vn -0.2447965 0.807088494 0.53729248
vn -0.207200855 0.688302815 0.695203006
vn -0.135301515 0.554206192 0.821309447
vn -0.161794081 0.541980088 0.824670017
vn -0.0541003495 0.198501214 0.978606522
vn 0.387998194 0.392098129 0.834096313
vn -0.021399172 0.0937962607 0.995361567
vn 0.0882964954 -0.00819979422 0.99606061
vn -0.13909775 -0.368194193 0.919285178
vn 0.627916932 0.112402946 0.770120859
vn 0.0334986001 -0.511778772 0.858464122
vn 0.273696631 -0.515993834 0.811690092
vn 0.332711309 -0.715824425 0.613920808
vn 0.115798831 -0.75089252 0.650193334
vn 0.460988075 -0.79657948 0.391089857
vn 0.633598089 -0.713297963 0.299599051
vn 0.295092404 -0.926876307 0.231993943
vn 0.370707482 -0.927518845 0.0478008613
vn 0.619073629 -0.779866874 -0.0924961641
vn 0.400894463 -0.905487597 -0.139198199
vn 0.27060771 -0.912726104 -0.306108892
vn 0.460714757 -0.742323816 -0.486515731
vn 0.605313659 -0.661314964 -0.443010151
vn 0.223298267 -0.755194187 -0.616295397
vn 0.206710383 -0.666433513 -0.716336131
vn 0.44700858 -0.361306876 -0.818315864
vn -0.00939978659 -0.61868602 -0.785582364
vn 0.192398682 -0.131299004 -0.972493529
vn 0.0493006334 -0.218402728 -0.974612713
vn -0.216990396 -0.298986673 -0.929259062
vn -0.0173996948 -0.210296229 -0.977483034
vn -0.502181709 -0.355587184 0.788271308
vn -0.920985043 -0.373894006 0.109498195
vn -0.93197 -0.362088382 -0.0179994646
vn -0.841770351 -0.539781094 0.00769966608
vn -0.874121249 -0.485511839 -0.0138003938
vn -0.857813299 -0.508807957 -0.0726011917
vn -0.890778244 -0.446589112 -0.0840980038
vn -0.88422811 -0.449314326 -0.127504125
vn -0.905999362 -0.402399719 -0.131299973
vn -0.890634894 -0.374914706 -0.257310122
vn -0.850394726 -0.500096977 0.163498938
vn -0.854603529 -0.495702118 0.154700592
vn -0.845020294 -0.526812673 0.0917021483
vn -0.849717379 -0.520110726 0.0864017233
vn -0.852091372 -0.522194743 0.0353995822
vn -0.860656083 -0.376124591 0.34322232
vn -0.882225871 -0.409412086 0.232506812
vn -0.87487483 -0.441987395 0.198094279
vn -0.863004267 -0.444602281 0.239901155
vn -0.861220598 -0.470811397 0.191404566
vn 0.0708021298 -0.142704427 0.987229884
vn -0.388287097 -0.342888534 -0.855371773
vn -0.679679751 -0.390088499 0.621181488
vn -0.712997198 -0.413998485 0.565897822
vn -0.644605458 -0.584405124 0.492904216
vn -0.647501111 -0.584901214 0.488500863
vn -0.590404212 -0.731905341 0.340202391
vn -0.597628117 -0.729434431 0.332815617
vn -0.569593847 -0.809391439 0.142998397
vn -0.576803267 -0.805004656 0.13880071
vn -0.583793402 -0.809190869 -0.0662993491
vn -0.585802972 -0.807704151 -0.0667004436
vn -0.628003776 -0.733704388 -0.259401679
vn -0.623495162 -0.737294316 -0.2600981
vn -0.693702281 -0.591901958 -0.410401464
vn -0.686507106 -0.597406209 -0.414504409
vn -0.76909405 -0.406996846 -0.492796302
vn -0.713921249 -0.43701297 -0.547116339
vn 0.26349926 -0.873897672 0.408498794
vn 0.0102003738 -0.860931695 0.508618534
vn 0.418201298 -0.678802311 0.603601933
vn -0.163801536 -0.553905368 0.816307664
vn 0.403188616 -0.458487183 0.791977704
vn -0.0843991935 -0.227597967 0.970090866
vn -0.0947948173 -0.23048754 0.968447149
vn -0.0185997672 -0.971087933 0.237996936
vn 0.274499446 -0.952498198 0.131899625
vn 0.073102504 -0.982133746 0.173405826
vn 0.0444006175 -0.85801208 0.511707008
vn 0.0596025698 -0.857737184 0.510621965
vn -0.0249999613 -0.603199244 0.797198832
vn -0.0172990225 -0.602866113 0.797654986
vn -0.1468952 -0.257791728 0.95496887
vn -0.226505816 -0.279907346 0.932923973
vn -0.104603417 -0.264008552 -0.958831549
vn -0.152007639 -0.275013745 -0.949347854
vn 0.233592853 -0.537483513 -0.810275376
vn -0.244514734 -0.592135727 -0.767846406
vn 0.104898199 -0.698188007 -0.708187938
vn 0.139806822 -0.780338109 -0.609529912
vn -0.243692189 -0.311489969 -0.91847074
vn -0.111600727 -0.635004163 -0.764405191
vn -0.121799141 -0.638295531 -0.760094821
vn -0.0250996314 -0.85718751 -0.514392614
vn -0.0495978482 -0.873562157 -0.484179139
vn 0.0902964845 -0.892665267 -0.441582948
vn 0.119301066 -0.948608518 -0.293102771
vn 0.0240004212 -0.985917389 -0.16550304
vn 0.137594342 -0.982959688 -0.12189512
vn 0.149704337 -0.986828744 0.0613016635
vn -0.330001444 -0.311501503 0.891103864
vn -0.421090692 -0.357292295 0.833681703
vn -0.312001556 -0.633103311 0.708403528
vn -0.316994607 -0.634989321 0.704488039
vn -0.235208318 -0.85283035 0.466216445
vn -0.246204004 -0.853314042 0.459607452
vn -0.211809739 -0.962144434 0.171507791
vn -0.221890926 -0.960560858 0.167593047
vn -0.235602826 -0.962911725 -0.131501719
vn -0.237989396 -0.962257206 -0.131994247
vn -0.297697395 -0.859692574 -0.415096551
vn -0.291295767 -0.861787558 -0.415294111
vn -0.391501725 -0.654402852 -0.646902978
vn -0.38109082 -0.657784164 -0.649684489
vn -0.497723162 -0.392318219 -0.773536205
vn -0.564784646 -0.386789441 -0.728980303
vn -0.931326807 -0.360510439 0.0516014509
vn -0.933017015 -0.358406574 0.0320005454
vn -0.936475575 -0.349090934 0.0338990763
vn -0.938692629 -0.341397375 0.0479995906
vn -0.934309661 -0.354903728 0.0333003066
vn -0.932883859 -0.359193861 0.0265995003
vn -0.933736801 -0.357114136 0.0246009286
vn -0.930784464 -0.360694051 0.0594989695
vn -0.930788934 -0.359695762 0.0651991889
vn -0.930750847 -0.359919727 0.0645034835
vn -0.925573409 -0.375589281 0.0473986007
vn -0.923573792 -0.38168925 0.0363989286
vn -0.928140342 -0.368816108 0.0503021479
vn -0.930199564 -0.362199873 0.0594999343
vn -0.0286010224 -0.350212663 0.93623358
vn -0.277310371 -0.32641238 0.903633833
vn -0.933610022 -0.357703894 0.0205001794
vn -0.817177474 -0.571984351 0.0710979775
vn -0.93740654 -0.342002451 0.065600425
vn -0.924969494 -0.372787744 0.0738975182
vn -0.922921598 -0.371008724 0.102802366
vn -0.904102325 -0.410901099 0.117300257
vn -0.905872762 -0.403587937 0.12849611
vn -0.872735918 -0.440618247 0.210208625
vn -0.864694476 -0.463197112 0.194298714
vn -0.882058442 -0.435979515 0.178591564
vn -0.9036147 -0.401706576 0.148702383
vn -0.791360974 -0.451777786 0.411879689
vn -0.815179467 -0.442788929 0.373390585
vn -0.826130807 -0.448116809 0.341612726
vn -0.823509336 -0.467405438 0.321503639
vn -0.837111115 -0.453506082 0.305904031
vn -0.870899439 -0.424299836 0.247999832
vn -0.706405818 -0.400203437 0.583804846
vn -0.716970205 -0.374484539 0.587975562
vn -0.705844104 -0.380123883 0.597737372
vn -0.733078837 -0.345790148 0.585683107
vn -0.753405035 -0.344802409 0.559903741
vn -0.754575074 -0.311289847 0.577680945
vn -0.749010026 -0.310104251 0.58550781
vn -0.752466381 -0.301686615 0.585473835
vn -0.730003655 -0.278101504 0.624303102
vn -0.761099815 -0.280600041 0.584799886
vn -0.751271129 -0.251790434 0.610076547
vn -0.767802596 -0.251400948 0.589302003
vn -0.753323197 -0.234507322 0.614418983
vn -0.759694755 -0.230398506 0.608095825
vn -0.773780942 -0.2269945 0.591385484
vn -0.218701273 -0.0308002979 0.975305796
vn -0.255892158 -0.0561984032 0.965070546
vn -0.251604617 -0.07630153 0.964817822
vn -0.254110724 -0.0778034106 0.964040816
vn -0.263695151 -0.078798674 0.961382329
vn -0.2488029 -0.080401063 0.965211391
vn -0.270513803 -0.0862045214 0.958849013
vn -0.278502643 -0.0991010666 0.955309153
vn -0.333303481 -0.124901436 0.934509873
vn -0.308098465 -0.117299549 0.944095552
vn -0.288285941 -0.115494497 0.950553775
vn -0.299585283 -0.121094182 0.946353614
vn -0.289792478 -0.118097074 0.949775577
vn -0.328309417 -0.152204499 0.932226896
vn -0.29100579 -0.142702982 0.946018934
vn -0.289493859 -0.204495803 0.93508029
vn -0.365292072 -0.242394879 0.898780644
vn -0.294692546 -0.175295711 0.939376414
vn -0.47698459 -0.465085119 0.745775938
vn -0.507594168 -0.470494688 0.721791685
vn -0.529726326 -0.625231147 0.573128462
vn -0.614205718 -0.550105274 0.565805316
vn -0.578306496 -0.56090641 0.59240669
vn -0.452711463 -0.559814394 0.694017589
vn -0.689890921 -0.688191116 0.224596992
vn -0.596810699 -0.732813239 0.32680577
vn -0.585802436 -0.678402901 0.443401814
vn -0.786896229 -0.511297703 0.345498323
vn -0.524020195 -0.667725861 0.528720379
vn -0.703315198 -0.675814748 0.220504716
vn -0.568388999 -0.816084266 0.104597881
vn -0.699015558 -0.702015817 0.136202961
vn -0.935279608 -0.353292316 0.0208995026
vn -0.777111351 -0.628809214 0.0264003146
vn -0.818917871 -0.573612571 0.0185003374
vn -0.830314994 -0.557010114 0.0178002566
vn -0.721200287 -0.691500366 0.0411999412
vn -0.500399053 -0.103399917 0.859598458
vn -0.491716027 -0.0925031304 0.865828395
vn -0.476414859 -0.14710471 0.86682719
vn -0.482412368 -0.149903968 0.863022208
vn -0.479622215 -0.158507466 0.86304009
vn -0.487586558 -0.162195653 0.857876539
vn -0.48078391 -0.181394041 0.857871413
vn -0.493893415 -0.187397614 0.849088788
vn -0.488813132 -0.199705482 0.849222958
vn -0.498585075 -0.204493999 0.842374921
vn -0.487702221 -0.229501188 0.842303991
vn -0.474695653 -0.219298124 0.852392316
vn -0.449310333 -0.271506369 0.851119697
vn -0.448103547 -0.270402253 0.85210681
vn -0.414690256 -0.355891794 0.837480366
vn -0.415521085 -0.368618876 0.831542253
vn -0.411814183 -0.378313184 0.829028606
vn -0.422672987 -0.423873067 0.801048875
vn -0.629410207 -0.774012685 0.0689010322
vn -0.637996674 -0.766796112 0.0705995485
vn -0.800212502 -0.59460938 0.0781011581
vn -0.796748996 -0.591662228 0.122992076
vn -0.774981201 -0.622285008 0.11029727
vn -0.760526478 -0.611221373 0.219107583
vn -0.721886396 -0.662087679 0.201296166
vn -0.71102339 -0.577819049 0.400713176
vn -0.647197187 -0.64919734 0.399598241
vn -0.663565755 -0.523673058 0.534272432
vn -0.604301631 -0.575801671 0.550701499
vn -0.639802396 -0.447101802 0.625102341
vn -0.595383167 -0.472686768 0.649681628
vn -0.704888105 0.224096134 0.672988653
vn -0.775187135 -0.425993055 0.466492295
vn -0.790690243 -0.430294752 0.435494602
vn -0.792898595 -0.446099281 0.415099263
vn -0.54918921 0.638487399 0.539189517
vn -0.265506566 0.3315081 0.905322552
vn -0.42819795 0.795096219 0.429498106
vn -0.795912683 0.527608395 0.296904832
vn -0.821309447 0.389304429 0.417004883
vn -0.878164589 0.418283165 0.232090712
vn -0.798491836 0.181498095 0.57399416
vn -0.953685582 0.229296535 0.194697112
vn -0.78407681 0.010099628 0.620581686
vn -0.878751159 0.0196988508 0.476873577
vn -0.863393366 -0.103999287 0.493696302
vn -0.828786016 -0.16269733 0.535390973
vn -0.643691659 0.620091975 0.448494285
vn -0.220497087 0.714490533 0.663991332
vn -0.332997471 0.669494867 0.663995028
vn -0.493807107 0.460206598 0.737810731
vn -0.337702334 0.49930343 0.797905743
vn -0.258400232 0.596600533 0.759800851
vn -0.382899493 0.599199235 0.703099251
vn -0.307392925 0.642985225 0.701483965
vn -0.217398137 0.136498719 0.966491818
vn -0.293596655 0.0989987776 0.950789332
vn -0.23210308 0.16720213 0.958212852
vn -0.211091265 0.29158783 0.932961643
vn -0.426005602 0.244303137 0.871111631
vn -0.309797674 0.304297656 0.900793433
vn -0.226691961 -0.00140006666 0.973965585
vn -0.231191844 0.00909956452 0.97286576
vn -0.252203286 0.0225001834 0.96741277
vn -0.236793846 0.030699091 0.971074879
vn -0.205501765 0.0663004518 0.976408482
vn -0.248909995 0.364214569 0.897436261
vn -0.28501001 0.475216657 0.832429409
vn -0.57612747 0.518524706 0.631830215
vn -0.493820518 0.649726987 0.577924132
vn -0.657964826 0.639665842 0.397378922
vn -0.685631692 0.654030323 0.319614887
vn -0.439315677 0.538119197 0.719325781
vn -0.505210638 0.418708801 0.754616022
vn -0.43719402 0.32189554 0.839788675
vn -0.494819283 0.284711033 0.821032166
vn -0.514025331 0.0946045741 0.852542162
vn -0.497407079 0.104401402 0.861212373
vn -0.474075794 -0.0381981581 0.879655242
vn -0.511487901 -0.0615986548 0.857079923
vn -0.688813865 0.624112666 0.368807524
vn -0.712724149 0.591320038 0.377312899
vn -0.700402617 0.542602003 0.463701844
vn -0.646605849 0.568705142 0.508404732
vn -0.720505476 0.429403275 0.544504285
vn -0.682287991 0.45669198 0.570890129
vn -0.745916665 0.275006115 0.606613636
vn -0.723115265 0.295106202 0.624513268
vn -0.746090651 0.0534992553 0.663691759
vn -0.733769298 0.062997289 0.67647177
vn -0.708497405 -0.103399716 0.698097467
vn -0.792840719 -0.16080834 0.587830245
vn 0.017200565 -0.190006152 -0.981632352
vn 0.0522986017 -0.0876977891 0.994773507
vn 0.334681869 -0.142792404 0.931449711
vn 0.0890969411 -0.274790704 0.957367241
vn 0.117803566 -0.453713894 0.883326828
vn 0.402696788 -0.469596386 0.785693824
vn 0.159405306 -0.614020646 0.773025811
vn 0.193500295 -0.815801442 0.545000792
vn 0.216799721 -0.812799096 0.540699244
vn 0.219195694 -0.900782466 0.374892563
vn 0.226095974 -0.956183136 0.185996592
vn 0.228596509 -0.955685496 0.18549706
vn 0.218590438 -0.953458309 -0.207691059
vn 0.210806832 -0.955531001 -0.206206828
vn 0.170306027 -0.803928435 -0.569820344
vn 0.15420197 -0.809010327 -0.567207396
vn 0.125903755 -0.677120209 -0.72502178
vn 0.121600904 -0.526703835 -0.841306388
vn 0.0776996687 -0.528297722 -0.845496655
vn 0.0227010958 -0.188308999 -0.981847525
vn -0.438992471 -0.304594934 0.845285594
vn -0.234506994 -0.119603686 0.964728832
vn -0.418617904 -0.138506055 0.897538483
vn -0.458602935 -0.161701143 0.873805642
vn -0.616490602 -0.139597967 0.774888337
vn -0.012099511 -0.0964962319 0.995259881
vn -0.119106889 -0.211212128 -0.970156252
vn -0.141306281 -0.217209563 -0.965843081
vn -0.0421989746 -0.196595132 -0.97957629
vn -0.470498204 -0.227399066 -0.852596819
vn -0.435406923 -0.218103379 -0.87341392
vn -0.256704807 -0.207203776 -0.944017708
vn -0.988164425 -0.145294785 -0.0491982549
vn -0.963338315 -0.130505174 -0.234409362
vn -0.9181512 -0.191610664 -0.346819401
vn -0.79330653 -0.201801628 -0.574404836
vn -0.731804609 -0.226701364 -0.64270407
vn -0.657844543 -0.218214706 -0.720848799
vn -0.573702693 -0.219500944 -0.789103806
vn -0.961386919 -0.0716990605 0.265696436
vn -0.984893084 -0.152998954 0.0810994208
vn -0.980359495 -0.168493062 0.102495752
vn -0.960688889 -0.248497173 0.123798557
vn -0.976193488 -0.202198669 0.0784994662
vn -0.956236303 -0.27911064 0.0878033116
vn -0.966165423 -0.252790987 0.0511981435
vn -0.952029705 -0.303109467 0.0420012735
vn -0.959273338 -0.276792347 -0.0563984737
vn -0.96995461 -0.243188635 0.00689964881
vn -0.952730775 -0.302709818 -0.0259008761
vn -0.960406363 -0.277601868 0.0236001275
vn -0.9129498 -0.169990718 0.370979607
vn -0.905325115 -0.227406383 0.358709961
vn -0.901890397 -0.233997583 0.363096148
vn -0.8859905 -0.338896453 0.316496611
vn -0.877390683 -0.352196366 0.325796545
vn -0.862791955 -0.456095845 0.21809794
vn -0.855519593 -0.468610823 0.220205009
vn -0.848402977 -0.522301912 0.0861002505
vn -0.846929371 -0.524818242 0.0853029042
vn -0.849136055 -0.524522305 -0.0620026998
vn -0.853666306 -0.517779589 -0.0561978556
vn -0.865318179 -0.459109664 -0.201104313
vn -0.872725308 -0.451513141 -0.185705468
vn -0.638574719 -0.670673549 -0.377385229
vn -0.616786063 -0.777382493 -0.123497307
vn -0.608799219 -0.782799065 -0.128799945
vn -0.604304373 -0.784605742 0.138600931
vn -0.606501639 -0.782802165 0.139200285
vn -0.620372653 -0.683769941 0.384183019
vn -0.632516921 -0.673618138 0.382310182
vn -0.660273731 -0.484580845 0.573777199
vn -0.67608422 -0.473089069 0.564886808
vn -0.705675006 -0.289089888 0.64687711
vn -0.712181389 -0.283092737 0.642383277
vn -0.725588858 -0.184297279 0.662989855
vn -0.787822425 -0.145304218 0.59851706
vn -0.0403994732 -0.763290107 -0.644791782
vn -0.583989322 -0.667887866 -0.461391747
vn -0.362712592 -0.788927495 -0.496017367
vn -0.652203858 -0.665204048 -0.363502294
vn -0.0724011287 -0.298004776 0.951814771
vn -0.0689997524 -0.480098426 0.874496937
vn -0.0535992496 -0.470093578 0.880987763
vn -0.0252008419 -0.641121566 0.767025709
vn -0.0137995016 -0.634777248 0.77257216
vn -0.00269989902 -0.835568905 0.549379349
vn 0.00149994891 -0.828571796 -0.559881091
vn 0.0245006774 -0.979427159 -0.200305685
vn 0.0410005525 -0.977713287 -0.205902919
vn 0.0507006273 -0.981012225 0.1872022
vn 0.0491996817 -0.980993807 0.187698707
vn 0.0469991453 -0.926683366 0.372893155
vn 0.0356990322 -0.83917737 0.542685211
vn -0.206096023 -0.702986419 -0.680686951
vn 0.306796193 -0.814689994 -0.49209404
vn -0.34050703 -0.841517389 -0.419408798
vn -0.312511295 -0.933933914 -0.173506394
vn -0.303185731 -0.936255991 -0.177491754
vn -0.295895934 -0.939387262 0.173197523
vn -0.298400551 -0.938501775 0.173700213
vn -0.317799717 -0.808199525 0.495799541
vn -0.331810176 -0.802724779 0.495515138
vn -0.365595758 -0.626792908 0.688092053
vn -0.515373826 -0.52687335 0.67586565
vn -0.407090187 -0.475788713 0.779681265
vn -0.431211233 -0.308908194 0.847722113
vn -0.0984982625 -0.287895083 0.952583253
vn -0.120298594 -0.135198548 0.983488619
vn -0.114595778 -0.132295266 0.984563887
vn -0.977730811 -0.207106546 -0.0339010991
vn -0.970095575 -0.222498998 -0.096999608
vn -0.891489565 -0.335996062 -0.303896517
vn -0.897401035 -0.334600389 -0.287600398
vn -0.68511045 -0.465607107 -0.560208619
vn -0.696707428 -0.465504974 -0.545805931
vn -0.40869385 -0.534491956 -0.739789009
vn -0.423806459 -0.536708176 -0.729611278
vn -0.0823991895 -0.541594565 -0.836591899
vn -0.111499049 -0.551195204 -0.826893091
vn -0.998210788 -0.0533005856 0.0271002911
vn -0.998137355 -0.0560021102 0.0242009014
vn -0.99730587 -0.0724004358 0.0118000628
vn -0.995185614 -0.0955986381 0.0215996802
vn -0.998248696 -0.0573028028 0.0147007126
vn -0.998436093 -0.0559020303 0.000600015162
vn -0.997729838 -0.0669020116 -0.00770023931
vn -0.98799032 -0.153498515 0.0176998097
vn -0.987872601 -0.155095711 0.00729977991
vn -0.987680674 -0.156396955 0.00519988034
vn -0.990084946 -0.139497891 0.0164997336
vn -0.987914264 -0.152302206 0.0288004
vn -0.98768574 -0.153997794 0.0275995862
vn -0.991348028 -0.130806342 0.0109005133
vn -0.994870722 -0.10079705 0.00849973876
vn -0.691031635 0.068903245 -0.719533026
vn -0.819724917 0.0328010693 -0.571817458
vn -0.295616299 0.146208197 -0.94405216
vn -0.0815970749 0.169394061 -0.982164919
vn -0.26358965 0.143094286 0.953962684
vn -0.149396241 0.158595905 0.975975573
vn -0.833626211 0.0111002848 0.552217484
vn -0.635089695 0.0696987882 0.769287646
vn -0.963494182 -0.032099843 0.26579842
vn -0.856585979 0.214096472 0.469492435
vn -0.845207214 0.231901959 0.481504202
vn -0.864160359 0.385382324 0.323585242
vn -0.852172732 0.407786965 0.327889621
vn -0.863256514 0.489375353 0.123693839
vn -0.85710448 0.500802696 0.12070071
vn -0.858394265 0.502296746 -0.10419926
vn -0.86208868 0.496893525 -0.0994986519
vn -0.854384005 0.413592339 -0.31459406
vn -0.0438989289 0.995275795 -0.0865977705
vn -0.336413413 0.91983676 -0.201807976
vn -0.063900359 0.952705443 -0.297101557
vn -0.0676976144 0.886069 -0.458583832
vn -0.280305088 0.772714257 -0.569510341
vn -0.0342997611 0.768694878 -0.638695538
vn -0.188699514 0.495098829 -0.848097861
vn -0.115997732 0.511890173 -0.851183414
vn -0.12559925 0.169499114 -0.977494299
vn -0.182702065 0.159701943 -0.970111072
vn -0.609399199 0.112099953 -0.784899116
vn -0.581667781 0.109994017 -0.80595541
vn -0.605289519 0.398993224 -0.688788056
vn 0.00659989705 0.791687667 0.610890627
vn -0.16290471 0.49441427 0.853824854
vn -0.112097763 0.492290169 0.863183022
vn -0.0768012181 0.171902642 0.982115686
vn -0.045599483 0.172297955 0.983989
vn -0.30519703 0.725292921 0.6170941
vn -0.0554987565 0.883680284 0.464789748
vn -0.0545004345 0.973407865 0.222501919
vn -0.474188983 0.839880526 0.264093965
vn -0.0420985557 0.995465994 0.0852971971
vn -0.4845936 0.423494369 0.765390038
vn -0.507785618 0.680180788 0.528685153
vn -0.484189838 0.687985599 0.540588796
vn -0.49882099 0.844435573 0.195208341
vn -0.485808969 0.851015806 0.199403808
vn -0.488204837 0.852808595 -0.185401738
vn -0.496808857 0.847715199 -0.185903221
vn -0.489572734 0.70196104 -0.517271221
vn -0.601192594 0.63109237 -0.490193963
vn -0.582373619 0.399881989 -0.707767904
vn -0.865849078 0.234913394 -0.441725075
vn -0.848255515 0.0364024527 -0.528334618
vn -0.97001344 -0.0678009167 -0.23340328
vn -0.286203891 0.142501846 0.947512984
vn -0.314888448 0.47038269 0.824369907
vn -0.289220273 0.471733034 0.832958519
vn -0.306498885 0.754297316 0.580598116
vn -0.277390331 0.758273602 0.589979589
vn -0.285996795 0.934189558 0.213297755
vn -0.271407962 0.937727511 0.216806516
vn -0.274903893 0.938813388 -0.207502857
vn -0.287701279 0.934704304 -0.208700866
vn -0.287096083 0.77118969 -0.568192184
vn -0.315397471 0.761394083 -0.566395402
vn -0.306600362 0.487700731 -0.817400992
vn -0.333005041 0.47880739 -0.812312365
vn -0.310493827 0.146097228 -0.939281404
vn -0.473091781 0.113398142 -0.873684943
vn -0.966177881 0.0370991826 -0.255194187
vn -0.988154531 0.0746041462 -0.134107411
vn -0.987084925 0.128098071 -0.096198529
vn -0.988132596 0.124904148 -0.0894029438
vn -0.983969271 0.176094532 -0.0281991027
vn -0.9875741 0.156895906 -0.00899974629
vn -0.98221457 0.180702686 0.0510007814
vn -0.988554776 0.133693889 0.0698968247
vn -0.98109287 0.140598968 0.132999063
vn -0.990070164 0.0534983799 0.129996091
vn -0.978525758 0.052201353 0.199405268
vn -0.980680287 -0.116697676 0.156996846
vn -0.802336633 0.0456020162 0.595127225
vn -0.961292684 -0.0757993981 -0.264898002
vn -0.996240556 0.010400435 -0.0860035121
vn -0.851637602 0.238310605 -0.466820657
vn -0.86667788 0.402889818 -0.294192463
vn -0.661732912 0.600929976 -0.448322296
vn -0.672134042 0.723936796 -0.155407786
vn -0.665860772 0.72975713 -0.155190796
vn -0.663792193 0.727491498 0.173598066
vn -0.674417377 0.718818605 0.16870445
vn -0.658115268 0.588913679 0.469110996
vn -0.677002847 0.57840246 0.455102056
vn -0.651297987 0.351698875 0.672398031
vn -0.592575252 0.366184682 0.717470169
vn -0.56541568 0.104002811 0.818222821
vn -0.443702936 0.108300626 0.889606059
vn -0.0215004757 0.174503997 -0.984421849
vn -0.00939977821 0.177495942 -0.984076858
vn -0.0253988672 0.506677568 -0.86176163
vn 0.00150007801 0.511226773 -0.859444737
vn 0.00330000208 0.768700659 -0.639600337
vn 0.0334006473 0.771615148 -0.635212243
vn 0.0397015177 0.886034012 -0.461917579
vn 0.215701997 0.916608632 -0.336603016
vn 0.0663023815 0.95153445 -0.300310731
vn 0.0725971162 0.997360528 -0.00139982568
vn 0.433116853 0.897235036 -0.0859032497
vn 0.0760022178 0.993529141 0.084402591
vn 0.075699985 0.937699795 0.339100063
vn 0.257507086 0.920525432 0.293808252
vn 0.0559984744 0.883175969 0.465687454
vn 0.0532999672 0.760199547 0.6474998
vn 0.0202998891 0.76509583 0.643596649
vn 0.0253989641 0.499979585 0.865664899
vn -0.000299996464 0.502994001 0.864289999
vn 0.023700634 0.179204687 0.983526409
vn 0.0179995578 0.1795955 0.983576
vn 0.13069354 -0.754062891 0.643668115
vn -0.448908269 -0.327206165 0.831515312
vn 0.383213133 -0.542818844 0.747325659
vn -0.441825926 -0.0211013481 0.896852732
vn -0.0299008768 -0.20960629 0.977328777
vn 0.17129834 -0.745692968 0.643893778
vn -0.168000177 -0.847801089 0.503000498
vn 0.155401334 -0.940008163 0.303702503
vn 0.174495384 -0.935775399 0.306391805
vn -0.15140304 -0.982219875 0.111002125
vn 0.170800924 -0.98070544 -0.0951006487
vn 0.160202771 -0.982217193 -0.097901836
vn -0.144003958 -0.941625953 -0.304308534
vn 0.170108646 -0.863043904 -0.475624323
vn 0.146202132 -0.863212645 -0.483207196
vn -0.144500166 -0.73920083 -0.657800853
vn 0.281484067 -0.536969543 -0.795255184
vn -0.271004707 -0.549509525 -0.7903139
vn 0.127396315 -0.197094217 -0.972072124
vn -0.0499023013 -0.192408785 -0.980045378
vn -0.590592384 -0.0305997059 0.806389749
vn -0.976979375 0.210995555 0.0314993672
vn -0.942768097 0.199493229 0.267190993
vn -0.939214706 0.223403499 0.26070413
vn -0.859257281 0.0999949872 0.501675129
vn -0.926308274 0.143901259 0.348203152
vn -0.95078516 0.0447992682 0.306595236
vn -0.983156919 0.164709553 0.0792046115
vn -0.989701331 0.12650016 0.0670001134
vn -0.0888047814 -0.195110634 0.976752698
vn -0.941842794 0.244911179 -0.230110452
vn -0.886343658 0.00220016367 -0.463022858
vn -0.930905282 0.166701019 -0.325001836
vn -0.771900475 0.115300164 -0.62520045
vn -0.769271851 0.110596046 -0.62927705
vn -0.644776881 0.077097334 -0.760472834
vn -0.640729487 0.075603582 -0.764035344
vn -0.600302219 0.0653003454 -0.797103047
vn -0.49590686 0.0214004032 -0.868112087
vn -0.46363005 0.0289019812 -0.885557532
vn -0.245991796 -0.0198992211 -0.969067752
vn -0.761711419 0.0456006154 0.646309793
vn -0.763263524 0.0456977449 0.644469261
vn -0.806993604 -0.123999104 0.577395558
vn -0.949927092 0.0367010124 0.310308874
vn -0.963227987 -0.0217006672 0.267807811
vn -0.98897022 0.135195926 0.0604981966
vn -0.996517897 0.0624011196 0.0553010069
vn -0.634181917 -0.0127997287 0.773078084
vn -0.636274695 -0.0119996155 0.771369398
vn -0.686903954 -0.210801318 0.695504069
vn -0.803392053 -0.131298795 0.580794334
vn -0.827807426 -0.234602198 0.509604633
vn -0.961747468 -0.0371018685 0.271413416
vn -0.975331843 -0.106403507 0.193406329
vn -0.994304359 0.0998004377 0.0374001786
vn -0.999918282 0.00700012781 0.0107001979
vn -0.706521988 -0.533816755 0.464614451
vn -0.977971554 -0.197694257 -0.0669980794
vn -0.978843868 -0.194208711 -0.0644029155
vn -0.845126927 -0.518516541 -0.130004212
vn -0.8473261 -0.515415907 -0.128004029
vn -0.721806765 -0.673606336 -0.158901557
vn -0.724883437 -0.670484722 -0.158096462
vn -0.830700576 -0.406300396 0.380600274
vn -0.730102181 -0.51240164 0.45210135
vn -0.69978416 -0.350092202 0.62268585
vn -0.567097545 -0.429998308 0.702496946
vn -0.537503958 -0.292502254 0.790905833
vn -0.586832285 -0.762042046 0.273714989
vn -0.573912203 -0.688614845 0.44320941
vn -0.696713626 -0.542010725 0.469909191
vn -0.581390977 -0.569591284 0.58099097
vn -0.556021452 -0.442117184 0.703827143
vn 0.0623992905 -0.60419333 0.794391036
vn -0.254210979 -0.392917097 0.88373822
vn -0.170395255 -0.181195095 0.968573213
vn -0.245406389 -0.146903962 0.958225071
vn -0.577689946 -0.810685992 0.0951982662
vn -0.697305858 -0.695805907 0.172101349
vn -0.719713032 -0.67381233 0.167302966
vn -0.733491719 -0.659392655 0.164898083
vn -0.843434691 -0.520121455 0.134505481
vn -0.85350281 -0.5027017 0.1372004
vn -0.977488399 -0.199697644 0.0680991709
vn -0.969705999 -0.141100883 -0.199401274
vn -0.975242794 -0.129005656 -0.179607913
vn -0.829002857 -0.412701428 -0.377401441
vn -0.84270364 -0.400401741 -0.359901637
vn -0.704326153 -0.544620216 -0.45531702
vn -0.722186983 -0.529890478 -0.444592088
vn -0.575690508 -0.637289524 -0.512291729
vn -0.753056526 -0.454473764 -0.475772679
vn -0.567523718 -0.69892925 -0.435218334
vn -0.575876892 -0.797068059 -0.181792796
vn -0.76510781 -0.605406284 -0.219302341
vn -0.578186572 -0.810981214 -0.0894980282
vn -0.982922316 0.18030411 -0.0368008167
vn -0.983681679 0.179496691 -0.0122997509
vn -0.942580938 0.0962980986 -0.319793552
vn -0.946613431 0.0922013596 -0.308904409
vn -0.788989246 -0.0118997665 -0.614291728
vn -0.796395957 -0.014699854 -0.604596972
vn -0.663924634 -0.0730026215 -0.744227648
vn -0.672098339 -0.0704997405 -0.737098217
vn -0.516290069 -0.125397488 -0.847183764
vn -0.526091278 -0.127697796 -0.840786159
vn -0.260784239 -0.707757175 -0.656560421
vn -0.24010472 -0.720814168 -0.650212944
vn -0.25249508 -0.831283927 -0.495190531
vn -0.23630181 -0.839606464 -0.489103884
vn -0.253709078 -0.917532921 -0.306211114
vn -0.242392719 -0.922372341 -0.300791115
vn -0.246792361 -0.96377027 -0.101196989
vn -0.2458857 -0.964044034 -0.100794263
vn -0.24630563 -0.962722182 0.111802459
vn -0.251499981 -0.961700022 0.108999886
vn -0.247401804 -0.91520679 0.318102241
vn -0.264595628 -0.913684964 0.308494776
vn -0.244915679 -0.82615304 0.507432401
vn -0.268099427 -0.826198399 0.495498896
vn -0.252185822 -0.702160656 0.665862501
vn -0.278096139 -0.704090357 0.653390884
vn -0.21730718 -0.499816656 0.838427722
vn -0.962594151 -0.0488996767 -0.266498417
vn -0.96720612 -0.049100291 -0.249201626
vn -0.820833445 -0.258110493 -0.509520888
vn -0.83044225 -0.257113039 -0.494225234
vn -0.698403776 -0.36370191 -0.616403401
vn -0.709014773 -0.357407421 -0.607912838
vn -0.5501858 -0.448488444 -0.704382002
vn -0.563773096 -0.44877857 -0.693367064
vn -0.223695338 -0.565288186 -0.793983638
vn -0.0489969775 -0.527167439 -0.848347902
vn -0.0945026651 -0.110903025 -0.989328027
vn -0.0178992804 -0.17299296 -0.984760523
vn -0.192389265 -0.214687929 -0.957546711
vn -0.249304622 -0.387507111 -0.887516618
vn -0.548788667 -0.294193864 -0.782484055
vn -0.536098242 -0.292398989 -0.791897595
vn -0.693831325 -0.219309852 -0.685931027
vn -0.683482707 -0.223894283 -0.694782495
vn -0.816030383 -0.14110522 -0.560520947
vn -0.806995392 -0.139699146 -0.573796809
vn -0.958509922 0.0178002194 -0.284502953
vn -0.953808069 0.0207002144 -0.299702555
vn -0.988725305 0.13040337 -0.0736018792
vn -0.992092431 0.118999116 -0.0398996845
vn -0.992087841 0.120798536 -0.0341995694
vn -0.996950328 0.0473976545 -0.0619969107
vn -0.996944487 0.0748033524 -0.0225009974
vn -0.999382257 0.0288994908 -0.0199996419
vn -0.99732542 0.0723018497 0.0107002817
vn -0.980649173 -0.182209164 0.0716035739
vn -0.970253468 -0.135807529 0.200411052
vn -0.846990228 -0.378395706 0.373395652
vn -0.821389139 -0.248696789 0.513293266
vn -0.709401131 -0.342300653 0.616101027
vn -0.680396795 -0.21499908 0.70059675
vn -0.543981552 -0.285390437 0.789073229
vn -0.493023902 -0.0754037648 0.866742134
vn -0.455911487 -0.0800021216 0.886422396
vn -0.968657255 0.247689113 0.0187992025
vn -0.975381255 0.220495805 0.00359995756
vn -0.982579231 0.185396105 -0.012899708
vn -0.958761156 0.282688588 0.0293988455
vn -0.957683921 0.285795242 0.0340994634
vn -0.962908506 0.268402427 0.0277002808
vn -0.957381189 0.287894368 0.0231995787
vn -0.957891107 0.285997391 0.0254998002
vn -0.964716315 0.260204434 0.040200714
vn -0.964993298 0.259298235 0.0393997617
vn -0.966044843 0.2558119 0.0363017172
vn -0.974563301 0.223191619 0.0202992633
vn -0.968720853 0.246405333 0.0294006672
vn -0.971063733 0.237591162 0.0241991282
vn -0.98317951 0.182596207 -0.00409989292
vn -0.969371915 0.24259299 0.0382989235
vn -0.987699389 0.156299919 -0.00449997885
vn -0.987592936 0.156998903 -0.00339995767
vn -0.98195225 0.189090818 0.00379983825
vn -0.987417936 0.157802895 0.0102002053
vn -0.987533152 0.157005295 0.011300399
vn -0.208802015 0.877908528 0.430904359
vn -0.82709229 0.447495818 0.340096921
vn -0.375412881 0.249908507 0.892530739
vn 0.00980004761 0.171100736 0.985204935
vn -0.930503488 0.25860098 0.259401053
vn -0.955636203 0.279910624 0.0917035118
vn -0.929324448 0.346109122 0.128703445
vn -0.9380005 0.336000174 0.0852000788
vn -0.941599905 0.333700031 -0.0450999588
vn -0.970099509 0.235199913 -0.0598999485
vn -0.958391309 0.1710985 -0.228497937
vn -0.904317796 0.258605152 -0.339606702
vn -0.846591532 0.242097661 -0.473995298
vn -0.746194601 0.22709845 -0.625795543
vn -0.728740573 0.238713413 -0.641835809
vn -0.612500846 0.21700041 -0.76010114
vn -0.566579282 0.211992353 -0.796270967
vn -0.470178366 0.215090245 -0.855960727
vn -0.428482175 0.185692415 -0.884263337
vn -0.209093511 0.149695501 -0.966370165
vn -0.154001161 0.158301324 -0.975307465
vn -0.0473987013 0.113797009 -0.99237293
vn -0.705889642 0.292095691 0.645290613
vn -0.92759186 0.368696779 0.0602995194
vn -0.913769186 0.393986732 0.0989967212
vn -0.79286164 0.562272847 0.234988719
vn -0.799013913 0.557709694 0.224803999
vn -0.536303163 0.743704498 0.399102509
vn -0.612284124 0.546885848 0.570985317
vn -0.674182713 0.30069226 0.674582839
vn -0.565621018 0.281510413 0.77512902
vn -0.946642578 0.31841433 -0.0498022102
vn -0.944117248 0.325205982 -0.05370095
vn -0.849086642 0.460292846 -0.259195894
vn -0.843666613 0.468881518 -0.26148963
vn -0.630791724 0.593892336 -0.499393433
vn -0.622910261 0.600310028 -0.501608253
vn -0.345710963 0.652720869 -0.67412138
vn -0.335993499 0.656887472 -0.674986959
vn -0.94137305 0.334590495 -0.0431987271
vn -0.934006035 0.356402367 -0.0247001201
vn -0.820195019 0.542696774 -0.180998847
vn -0.80800873 0.559106052 -0.185801968
vn -0.579804301 0.731005549 -0.359802634
vn -0.561377764 0.742970705 -0.364485502
vn -0.278288811 0.82546705 -0.491080254
vn -0.255998969 0.831396759 -0.493197978
vn -0.791302383 0.609401822 -0.0497000813
vn -0.782126904 0.62132138 -0.0473015569
vn -0.530002773 0.839304507 -0.121100552
vn -0.516208112 0.848113477 -0.119301789
vn -0.208606511 0.961830139 -0.177105427
vn -0.192105219 0.965626299 -0.175104648
vn -0.936117232 0.351206511 -0.0184003003
vn -0.908033252 0.418515414 0.0179007072
vn -0.929935992 0.367314279 0.0173007175
vn -0.909121752 0.412909895 0.0548013672
vn -0.780322552 0.617917955 0.0963028744
vn -0.77937144 0.618977427 0.0971965343
vn -0.512404442 0.84620744 0.146201387
vn -0.510816693 0.847027719 0.147004917
vn -0.182798997 0.966994822 0.17749916
vn -0.181003943 0.9672212 0.178104028
vn -0.793503344 0.356101453 0.49350214
vn -0.871628284 0.306509942 0.38251251
vn -0.835688233 0.446993738 0.319095582
vn -0.596797884 0.544898033 0.58899802
vn -0.546408713 0.741011918 0.390306383
vn -0.228711426 0.829441488 0.509625614
vn -0.47339052 0.734785259 0.485790431
vn -0.51881212 0.27420634 0.809719086
vn -0.403110862 0.262407005 0.876723707
vn -0.32019493 0.574090898 0.753588259
vn -0.555607915 0.50250721 0.662409604
vn -0.283094108 0.651786387 0.703585446
vn -0.956323624 0.276406854 -0.0951023325
vn -0.962419331 0.261005282 -0.0750014856
vn -0.88931936 0.318007022 -0.328607172
vn -0.888196707 0.3196989 -0.329998791
vn -0.698888183 0.35799408 -0.619189501
vn -0.69719702 0.35919857 -0.620397329
vn -0.435090035 0.354692042 -0.827581108
vn -0.432700366 0.355700433 -0.828400791
vn -0.11710351 0.310209453 -0.943428397
vn -0.0995954052 0.314685643 -0.943956494
vn 0.176398113 0.966489732 0.186498135
vn 0.159795865 0.965075135 -0.207594544
vn 0.134395048 0.96796447 -0.212092102
vn 0.0920030773 0.82362771 -0.559618652
vn 0.0422998555 0.824897289 -0.563697994
vn -0.00769988541 0.566991687 -0.823687792
vn 0.29831472 0.54432708 -0.784038723
vn -0.0805955529 0.483273476 -0.871751964
vn -0.385105848 0.514108002 -0.766411662
vn -0.391713977 0.511318445 -0.764927387
vn -0.660284996 0.486089051 -0.572486937
vn -0.665499926 0.482000053 -0.569899917
vn -0.866006851 0.398303241 -0.302302361
vn -0.869431734 0.392914414 -0.299510896
vn -0.953275561 0.294692487 -0.0664982647
vn -0.954844654 0.290413588 -0.0627029017
vn -0.155596823 0.200395823 0.967280388
vn -0.0419979207 0.190690473 0.980751574
vn -0.00719998637 0.450399071 0.892798424
vn 0.0152000822 0.455502391 0.890104949
vn 0.0617992394 0.613092482 0.787590504
vn 0.0759031102 0.615425169 0.784532249
vn 0.098999843 0.757998824 0.644699156
vn 0.11600367 0.760224104 0.639220357
vn 0.145997077 0.867082715 0.476290613
vn 0.157804504 0.867624879 0.471513629
vn 0.169300497 0.968102932 0.184700668
vn 0.0124997124 0.106097691 -0.994277239
vn 0.0276994314 0.0971981362 -0.994879723
vn 0.0350010134 0.291508585 -0.955927789
vn 0.0564990155 0.279495299 -0.958483398
vn 0.105498247 0.459892511 -0.881685436
vn -0.16109629 0.590786576 -0.790581882
vn 0.168600231 0.606501043 -0.777001143
vn 0.231202096 0.788007379 -0.570605099
vn -0.184701666 0.808607459 -0.558604956
vn 0.756965041 0.620271444 -0.205590442
vn -0.0775020495 0.953025341 -0.292807668
vn 0.664862931 0.731359243 0.151891619
vn -0.0110003911 0.995835543 0.0905033424
vn 0.544803977 0.70980525 0.446503431
vn 0.551033318 0.70654273 0.444026977
vn 0.219900876 0.733702898 0.642902672
vn 0.450986147 0.453086019 0.76897651
vn 0.563315034 0.410210907 0.717219234
vn 0.129193157 0.423677534 0.896552742
vn 0.217897505 0.10789866 0.969989061
vn 0.0752036497 0.17580843 0.981547773
vn -0.643128514 0.747033119 0.168307558
vn -0.645313561 0.742115676 0.181203917
vn -0.65729326 0.7247926 0.206497997
vn -0.653299391 0.729599357 0.202199921
vn -0.644884348 0.740082085 0.190795481
vn -0.685976267 0.692676127 0.222792417
vn -0.682222068 0.698322654 0.216607124
vn -0.684992969 0.691092968 0.230597749
vn -0.663817286 0.714618683 0.220605865
vn -0.657395959 0.723895609 0.209298819
vn -0.776767671 0.612774551 0.145394042
vn -0.731036544 0.639331996 0.238412008
vn -0.699724078 0.674723268 0.234808177
vn -0.700513303 0.671712816 0.241004676
vn -0.700033545 0.67253232 0.240111604
vn -0.729977131 0.651879609 0.205393672
vn -0.713384271 0.670485258 0.203795597
vn -0.726530612 0.662728012 0.181507736
vn -0.682595372 0.712295234 0.163398981
vn -0.728594303 0.669594824 0.144198954
vn -0.729363441 0.665466726 0.158692151
vn -0.73878473 0.652486563 0.168696612
vn -0.732065916 0.671268761 0.116094686
vn -0.166201562 0.919508696 0.356203526
vn -0.209308624 0.80493319 0.555223048
vn -0.238097742 0.831692159 0.501595438
vn -0.244293272 0.834977031 0.493086547
vn -0.163307324 0.859738648 0.483921885
vn -0.150205299 0.882331192 0.446015924
vn -0.287392259 0.731780291 0.61798346
vn -0.328715473 0.728334248 0.601228356
vn -0.233395323 0.772484481 0.590588391
vn -0.584791064 0.710789204 0.390894175
vn -0.521596134 0.740094602 0.424497008
vn -0.525112867 0.745918334 0.409710228
vn -0.527471602 0.755859435 0.387879282
vn -0.443880081 0.850261986 0.282887459
vn -0.14000085 0.915405571 0.377402455
vn -0.241789326 0.892960668 0.379683435
vn -0.444989443 0.849679887 0.282893419
vn -0.468578488 0.82676208 0.311285853
vn -0.483179897 0.801166713 0.353085428
vn -0.424593478 0.826287389 0.370094419
vn -0.511102557 0.778403938 0.364501923
vn -0.509391487 0.832986176 0.215996534
vn -0.44451046 0.850820065 0.28020671
vn -0.252005517 0.940820694 0.226605132
vn -0.118598148 0.936185479 0.330895007
vn -0.0167008191 0.944246352 0.328816265
vn 0.366082907 0.929656684 0.041498173
vn 0.0639026985 0.997342288 0.035001602
vn -0.117100276 0.0152999191 0.993002415
vn -0.202090219 -0.00529986061 0.979352713
vn -0.0929035693 -0.0383015946 0.994938314
vn -0.0960039124 -0.0357015766 0.994740605
vn -0.0953032374 -0.0320012122 0.994933903
vn -0.0959041342 -0.0359016731 0.994743049
vn -0.0989992097 -0.0313998722 0.99459219
vn -0.0982969776 -0.0341990739 0.99456954
vn -0.10480231 -0.0337008685 0.993922055
vn -0.0295986459 -0.00389994099 0.999554336
vn -0.0300011933 -0.00450029876 0.999539912
vn -0.0305007938 -0.00420022849 0.999526083
vn -0.0300006531 -0.00750028342 0.999521911
vn -0.008000331 0.00730018411 0.999941468
vn -0.00800035987 0.00680018682 0.999944985
vn -0.00790037587 0.00650019199 0.999947786
vn -0.0402019396 0.00930033065 0.999148369
vn -0.027701091 0.012400372 0.999539495
vn -0.0246011298 0.017400682 0.999546051
vn -0.0204995256 0.00509976363 0.999777019
vn -0.000499990711 0.0208994932 0.999781549
vn 0.00400011009 0.0270006247 0.999627531
vn -0.0120005216 0.0130004482 0.999843597
vn -0.0318007432 0.0119001614 0.999423504
vn -0.0380001701 0.0120999366 0.999204576
vn -0.0450008884 0.0116001107 0.998919785
vn 0.0151007399 0.00860030297 0.999849141
vn -0.0279000849 0.00389989326 0.999603212
vn -0.0207990278 0.0077995169 0.999753416
vn -0.089497529 0.00539973238 0.995972574
vn -0.0979985595 0.0014998595 0.995185494
vn -0.207008287 -0.000300128711 0.978339255
vn -0.174902871 0.0117000761 0.984516323
vn -0.172792524 0.0343983993 0.984357476
vn -0.121203206 0.0200004131 0.992426336
vn -0.125098735 0.0174997076 0.99199003
vn -0.117399804 0.0130998623 0.992998421
vn -0.111803941 0.0197005793 0.993535101
vn -0.115894489 0.0146991843 0.993152857
vn -0.11489848 0.0133997062 0.993286967
vn -0.124597594 0.0211994741 0.99198097
vn -0.123097666 -0.0149998358 0.992281258
vn -0.129505515 0.0085002454 0.991542399
vn -0.0955970511 -0.0434987769 0.994469404
vn -0.0966958031 -0.0412983298 0.994456947
vn -0.105996735 -0.0280992575 0.99396956
vn -0.108799227 -0.041599825 0.99319303
vn -0.112695463 -0.0270990301 0.993260145
vn -0.112303682 0.0219006017 0.993432641
vn -0.103895396 0.0214989316 0.994356036
vn -0.117798232 0.017399624 0.992885232
vn -0.203108236 -0.00570034888 0.979139864
vn -0.12629807 0.00389982201 0.991984844
vn -0.125804305 0.0155004133 0.991934061
vn -0.0892980322 0.0158995334 0.99587816
vn -0.0940966532 0.0139993858 0.995464802
vn -0.028199628 0.0151996817 0.999486864
vn -0.040001817 0.0104003549 0.999145567
vn 0.0132005857 0.011700402 0.999844551
vn 0.014000454 0.0118002649 0.999832511
vn -0.091802761 0.00970017537 0.995730102
vn -0.0495999791 0.0117998775 0.998699665
vn -0.0437983982 0.0123994295 0.998963594
vn -0.12779738 0.00639975118 0.991779804
vn -0.0920005292 0.0102999415 0.995705843
vn -0.102903046 -0.0111004487 0.994629562
vn -0.0859989673 0.00379983592 0.996288121
vn -0.0788996667 -0.0193000399 0.996695817
vn -0.0690983459 -0.00819992367 0.997576237
vn -0.0654002056 -0.0226001926 0.997603297
vn -0.0333995111 0.0176996235 0.99928546
vn -0.0336007811 -0.00490023382 0.999423444
vn -0.132800579 0.0258999988 0.990804434
vn -0.122300819 0.0130999712 0.992406726
vn -0.085800834 0.0143000213 0.9962098
vn -0.0861988291 0.0134996995 0.996186614
vn -0.0851014555 0.0105000613 0.996317089
vn -0.078797996 0.0151994973 0.996774793
vn -0.0775020942 0.0114001911 0.996927142
vn -0.0435002334 0.0171999764 0.99890548
vn -0.0406003967 0.0182000604 0.999009848
vn -0.103594929 0.0182989892 0.994451404
vn -0.0940035358 0.0216006991 0.995337605
vn -0.116701946 0.0223002564 0.992916703
vn -0.117201291 0.0139000369 0.993011057
vn -0.179607823 0.0137004815 0.983642995
vn -0.206698492 0.00479984935 0.978393018
vn 0.0668020099 0.0259006657 0.997430205
vn 0.345691711 0.144996434 0.927077889
vn 0.897340477 0.439119875 0.0442020483
vn 0.896492481 0.440396398 0.048499655
vn 0.899005055 0.43790254 0.00560008409
vn 0.898835957 0.43821758 0.00770036085
vn 0.881383061 0.429091811 0.197596282
vn 0.886529088 0.43101415 0.168205574
vn 0.891099334 0.434699744 0.130299971
vn 0.891295016 0.434597582 0.129299328
vn 0.895142376 0.435820639 0.0937044919
vn 0.857663274 0.42048201 0.295987427
vn 0.867098868 0.421799451 0.264999717
vn 0.879525244 0.426412284 0.211206138
vn 0.817846954 0.394922674 0.418524176
vn 0.845405281 0.409102559 0.343402237
vn 0.829504788 0.38760224 0.402102441
vn 0.834779084 0.394290149 0.384290487
vn 0.78689456 0.381797343 0.484796792
vn 0.775414109 0.380006939 0.504309297
vn 0.716519058 0.339608997 0.609316349
vn 0.52372098 0.257210255 0.812132716
vn 0.612888277 0.289094388 0.735386014
vn 0.674493313 0.324396759 0.663193583
vn 0.679070354 0.326085746 0.657671452
vn 0.729061902 0.348181784 0.58926934
vn 0.474984705 0.238092273 0.847172856
vn 0.59500432 0.279101968 0.753705621
vn 0.545505166 0.2580024 0.797407806
vn 0.50660044 0.240700126 0.827900767
vn 0.521015942 0.247007459 0.817025006
vn 0.425028831 0.200213507 0.882760048
vn 0.381412655 0.1804059 0.906630218
vn 0.229600683 0.113000229 0.966702998
vn 0.244400099 0.110999942 0.963300526
vn 0.324113369 0.142405778 0.935238659
vn 0.0857975259 0.0553982891 0.994771421
vn 0.0650969297 0.0323983543 0.997353017
vn 0.0656014159 0.0291005131 0.997421622
vn 0.202389508 0.0263985172 0.978949308
vn 0.173993379 0.0739970729 0.9819628
vn 0.0847032964 0.0391014069 0.995638847
vn 0.0774008408 0.0421003439 0.996110916
vn 0.377992064 0.268294305 0.886081576
vn 0.395183206 0.185092032 0.899761856
vn 0.229809165 0.111404337 0.966838658
vn 0.306095451 0.126298025 0.943586051
vn 0.0342003331 0.0247001257 0.999109864
vn 0.106500633 0.0469001681 0.993206024
vn 0.0774001852 0.0422999859 0.996102512
vn 0.149592772 0.0742963031 0.985952497
vn 0.208694771 0.0997973979 0.972875714
vn 0.302602112 0.143801138 -0.942206681
vn 0.822128594 0.396613896 -0.408414215
vn 0.304693133 0.129697219 -0.943578839
vn 0.0586993843 0.02389987 -0.997989655
vn 0.0330986492 0.0241991319 -0.999159276
vn 0.0331985317 0.0241990499 -0.999155939
vn 0.0848019123 0.039301008 -0.995622575
vn 0.0852024555 0.0454014353 -0.995328844
vn 0.0758984685 0.0355993994 -0.996479928
vn 0.0564016886 0.0796025097 -0.9952299
vn 0.364207298 0.169203535 -0.915818512
vn 0.412702531 0.192901313 -0.890205622
vn 0.364786953 0.320288718 -0.87426877
vn 0.38369292 0.239795715 -0.891783655
vn 0.346900076 0.145800158 -0.92650038
vn 0.430687577 0.204294235 -0.879074812
vn 0.50699383 0.240597188 -0.827689946
vn 0.525928915 0.249713868 -0.813044846
vn 0.515726507 0.245112732 -0.820942342
vn 0.545195758 0.258698136 -0.797393858
vn 0.582018912 0.275109053 -0.765224934
vn 0.592876494 0.282088935 -0.754270196
vn 0.674130678 0.322614819 -0.664430261
vn 0.66657275 0.320187032 -0.673172474
vn 0.779350162 0.378524512 -0.49933219
vn 0.790280163 0.390990257 -0.471788138
vn 0.720699489 0.33829987 -0.605099559
vn 0.759209275 0.36860463 -0.536406577
vn 0.722406387 0.345603168 -0.598905325
vn 0.898262739 0.437881887 -0.0371984094
vn 0.849463761 0.413482457 -0.327785999
vn 0.834829926 0.391014099 -0.387513876
vn 0.864300489 0.430200338 -0.26060012
vn 0.858620524 0.418510109 -0.296007037
vn 0.881065428 0.426983327 -0.203492001
vn 0.881734848 0.42831701 -0.197707787
vn 0.891089141 0.43399477 -0.132698357
vn 0.89118588 0.434493184 -0.130397901
vn 0.8953861 0.435893297 -0.0909985453
vn 0.897068977 0.439684868 -0.0440984294
vn 0.898413241 0.437606484 -0.0368004926
vn 0.0763972849 0.0376987867 -0.996364713
vn 0.102302507 0.0533014275 -0.993324399
vn 0.149205029 0.0740026161 -0.98603332
vn 0.0966966227 0.0385987759 -0.994565368
vn 0.130001217 -0.00299991039 -0.991509438
vn 0.185103387 0.105702057 -0.977017939
vn 0.206690997 0.0866963565 -0.974557757
vn 0.228306621 0.121103637 -0.966028094
vn 0.230204374 0.109002195 -0.967018485
vn 0.212405398 0.0963025689 -0.972424805
vn 0.966612279 0.232602999 -0.10750135
vn 0.96699965 0.242799953 -0.0771999508
vn 0.96814543 0.242386371 -0.0627964363
vn 0.967390656 0.251297623 -0.0316996686
vn 0.969483376 0.243795842 -0.0257995315
vn 0.912279427 0.212395296 -0.3501921
vn 0.935994744 0.216198847 -0.277798444
vn 0.928897023 0.226499334 -0.292999059
vn 0.948043525 0.229610592 -0.220210105
vn 0.955824494 0.223505765 -0.190904886
vn 0.955141425 0.23971045 -0.173907518
vn 0.965096891 0.23649928 -0.112499617
vn 0.896796107 0.191199258 -0.39899832
vn 0.89651978 0.188904241 -0.400708884
vn 0.866995871 0.186999187 -0.46189782
vn 0.841171503 0.16279456 -0.515682578
vn 0.838703096 0.154200643 -0.522301972
vn 0.795344114 0.149108365 -0.58753258
vn 0.745603085 0.0906004682 -0.660202801
vn 0.745238543 0.140007332 -0.651933789
vn 0.690076828 0.0726976544 -0.720075846
vn 0.685519099 0.0664019436 -0.725020289
vn 0.692295015 0.0769995376 -0.717494786
vn 0.662401497 0.0641002357 -0.746401727
vn 0.648203015 0.0518003404 -0.759703696
vn 0.621327698 0.041801963 -0.78243506
vn 0.585934222 -0.00430015521 -0.810347378
vn 0.587318957 0.0069003203 -0.809326291
vn 0.517775178 -0.0209988952 -0.85525912
vn 0.499226034 -0.0497024953 -0.865045249
vn 0.440406948 -0.051600717 -0.896314323
vn 0.436105579 -0.0582006425 -0.898011565
vn 0.419914484 -0.0777025819 -0.904231369
vn 0.366903335 -0.0812006369 -0.926708519
vn 0.356812418 -0.100703403 -0.928732395
vn 0.337190092 -0.0637980253 -0.939272583
vn 0.336609244 -0.0646016672 -0.939425945
vn 0.317502052 -0.0487002097 -0.947006285
vn 0.322604448 -0.0804010034 -0.943113089
vn 0.32099247 -0.0847979039 -0.943277955
vn 0.293785959 -0.00569961453 -0.955854416
vn 0.289609581 -0.0202005561 -0.95693177
vn 0.294199377 -0.00939986669 -0.955698073
vn 0.289894372 -0.0359991901 -0.9563815
vn 0.312104434 -0.0252002496 -0.949713647
vn 0.299014032 -0.0570025668 -0.952544808
vn 0.293994486 -0.0636987016 -0.953682303
vn 0.277987748 0.00719979778 -0.960557759
vn 0.286891818 0.0190995708 -0.957772672
vn 0.274512619 0.00870051514 -0.961544275
vn 0.287089407 0.0213993303 -0.957664847
vn 0.290793121 0.0242995415 -0.956477404
vn 0.291396499 0.0244998243 -0.956288755
vn 0.288614213 0.0239012949 -0.957147241
vn 0.286710858 0.0232009944 -0.957736313
vn 0.295496881 0.0259998422 -0.95498997
vn 0.32058689 0.0220992118 -0.946961403
vn 0.306888252 0.012499636 -0.951663673
vn 0.306797653 0.0125000197 -0.95169282
vn 0.311584771 0.0110995723 -0.950153708
vn 0.313800424 0.0129001327 -0.949401438
vn 0.332517385 0.0167009849 -0.942949355
vn 0.330307126 0.0170004815 -0.94372052
vn 0.319510728 0.0218008477 -0.947331965
vn 0.307605028 0.0137001118 0.951415658
vn 0.969779909 0.243894964 0.00649989489
vn 0.97194612 0.232211038 0.0374018028
vn 0.966289997 0.2331976 0.109098911
vn 0.96617353 0.233493611 0.109497041
vn 0.967625916 0.23960644 0.0793021619
vn 0.970783889 0.236496106 0.0405993611
vn 0.96050173 0.238600448 0.143200293
vn 0.95521903 0.235004678 0.179803625
vn 0.955595374 0.22259891 0.193099126
vn 0.946800768 0.229800195 0.225300252
vn 0.930136144 0.220808566 0.293411463
vn 0.930282593 0.216295928 0.29629451
vn 0.909789562 0.209197581 0.358495951
vn 0.891586721 0.192297116 0.409993976
vn 0.693386555 0.0774984211 0.716386139
vn 0.88918227 0.193996117 0.414391845
vn 0.842889011 0.171297729 0.510093451
vn 0.839263558 0.156293169 0.520777464
vn 0.807982087 0.148496658 0.570187449
vn 0.801088274 0.143897846 0.580991507
vn 0.757635117 0.118505441 0.641829789
vn 0.758222997 0.124903731 0.639919519
vn 0.697864115 0.0824956894 0.711463511
vn 0.685804725 0.0658003762 0.724804997
vn 0.662295878 0.0640995204 0.746495426
vn 0.640513182 0.0452008471 0.766615868
vn 0.643001676 0.0489000417 0.764302135
vn 0.587011814 0.0162002314 0.809416413
vn 0.585012197 0.00349997729 0.811017096
vn 0.540005922 -0.0160002783 0.841509283
vn 0.50073117 -0.0426027589 0.864553928
vn 0.474904984 -0.0404005311 0.879109383
vn 0.445609599 -0.061401438 0.893119335
vn 0.399920613 -0.0834044218 0.912747204
vn 0.3951855 -0.0681976154 0.916066527
vn 0.380184352 -0.0797968432 0.921462238
vn 0.322004467 -0.0839012787 0.943013251
vn 0.338192552 -0.062798731 0.938979447
vn 0.316615015 -0.0838041008 0.944844961
vn 0.319101363 -0.0804004595 0.944304168
vn 0.318603307 -0.04520059 0.946809947
vn 0.287601888 -0.05940051 0.955906391
vn 0.318517566 -0.0224013496 0.9476524
vn 0.29159686 -0.0352997407 0.955889881
vn 0.292486072 -0.00539985765 0.956254661
vn 0.298411071 0.00199996051 0.954435468
vn 0.290096551 -0.00410006568 0.956988752
vn 0.280600786 0.0152999293 0.95970273
vn 0.289990127 0.0223991256 0.956767619
vn 0.287398577 0.0245997645 0.957495332
vn 0.287804604 0.0229002535 0.957415462
vn 0.320213616 0.0277010687 0.946940422
vn 0.310007721 0.020000387 0.950523794
vn 0.322890222 0.0223992113 0.946171463
vn 0.329286218 0.0178991407 0.944060624
vn 0.306080967 0.011099197 0.951940894
vn 0.323302209 0.0129999779 0.94620657
vn 0.323391736 0.0129995579 0.946175992
vn 0.32498917 0.0167993307 0.945568621
vn -0.503112257 -0.864221215 -1.03023183e-07
vn -0.471013784 -0.882125974 -1.05157596e-07
vn -0.47440359 -0.88030678 0.00119990436
vn -0.472507358 -0.881313801 0.00479996996
vn -0.422803938 -0.90150851 0.0923007578
vn -0.454206347 -0.888812602 0.0609007552
vn -0.430220515 -0.896442831 0.106304973
vn -0.503187001 -0.864177763 -1.03018003e-07
vn -0.470498979 -0.881798208 -0.0326000378
vn -0.449093789 -0.891987801 -0.0516993999
vn -0.481082618 -0.876668453 -0.00349997869
vn -0.431716889 -0.898835361 -0.0756030679
vn -0.528820872 -0.848733604 -1.01176916e-07
vn -0.0183005948 -0.99983263 -1.19189323e-07
vn 0.624402344 0.781102955 9.31147142e-08
vn 0.624292552 0.781190813 9.31251876e-08
vn 0.624292552 0.781190813 0.000100091944
vn 0.624402344 0.781102955 -9.99072654e-05
vn 0.624463379 0.781054258 9.3108909e-08
vn 0.624402344 0.781102955 0.000200093884
vn 0.624512076 0.781015277 0.000100095051
vn 0.624512076 0.781015277 -0.000199910792
vn -0.624573052 -0.780966461 -0.000300080195
vn -0.624402344 -0.781102955 -9.31147142e-08
vn -0.624573052 -0.780966461 0.000299893989
vn -0.781102836 0.624402404 7.44345598e-08
vn -0.364293814 0.931284249 0.000100109326
vn -0.364293814 0.931284249 -9.98872929e-05
vn -0.364293814 0.931284249 1.11017719e-07
vn -0.36420691 0.931317747 0.000900128158
vn -0.364293724 0.93128401 0.000700098928
vn -0.364207059 0.931318164 1.11021762e-07
vn -0.367007166 0.93021822 -9.98910691e-05
vn -0.364086419 0.931365371 -0.000199881528
vn -0.364414424 0.931236982 -9.98929609e-05
vn -0.364293754 0.93128413 -0.000499880523
vn -0.364207059 0.931318164 0.000200114911
vn -0.364380509 0.931250274 -9.98836404e-05
vn -0.364380509 0.931250274 1.11013669e-07
vn -0.364293724 0.93128401 -0.000699876924
vn -0.36391288 0.931433082 0.000100114594
vn -0.364501148 0.931203067 1.11008042e-07
vn -0.367888182 0.929870188 -9.98859468e-05
vn -0.366298944 0.930497408 0.00010011065
vn -0.364086419 0.931365371 0.00020010359
vn -0.365209907 0.930925369 1.10974938e-07
vn -0.364587873 0.931169152 1.11003999e-07
vn -0.363618672 0.931547999 1.11049161e-07
vn -0.364414424 0.931236982 0.000100114979
vn -0.36391288 0.931433082 -9.9892517e-05
vn -0.364086419 0.931365371 1.1102739e-07
vn -0.363497019 0.931592405 0.00240009162
vn -0.363999635 0.931399226 -0.000299888721
vn -0.363498062 0.931595087 -0.000299887382
vn 0.364293814 -0.931284249 -1.11017719e-07
vn 0.364207059 -0.931318164 -1.11021762e-07
vn 0.363705456 -0.931514144 -1.11045125e-07
vn 0.364493698 -0.931184053 -0.00640000077
vn 0.364414304 -0.931236744 -0.00080014253
vn 0.364380509 -0.931250274 -1.11013669e-07
vn 0.364120305 -0.931352019 0.000299905718
vn 0.364207029 -0.931318104 0.000299894804
vn 0.364414424 -0.931236982 9.98929609e-05
vn 0.364501119 -0.931203008 -0.000200111652
vn 0.363999605 -0.931399107 -0.000500110618
vn 0.364120334 -0.931352079 -1.11025805e-07
vn 0.364414424 -0.931236982 -1.11012085e-07
vn -0.93128413 -0.364293844 -4.34272067e-08
vn 0.0600008219 0.0130000608 0.998113811
vn 0.0737014562 0.0110000996 0.997219801
vn 0.0816988572 0.0118997172 0.996586204
vn 0.0779982507 0.0122996066 0.996877789
vn 0.0776007697 0.0122000035 0.996909976
vn 0.0766978711 0.0127995266 0.996972382
vn 0.056800276 0.012699944 0.998304963
vn 0.0606981106 0.0131994719 0.998069048
vn 0.0646008402 0.0140000656 0.997813165
vn 0.915632486 0.359012753 0.180906475
vn 0.528015971 0.0506014302 0.847725749
vn 0.126594052 0.00159980683 0.991953492
vn 0.954059541 0.294087529 0.0572976097
vn 0.948893428 0.311497897 0.0506996959
vn 0.931334436 0.360213339 0.0535020344
vn 0.929483354 0.365293503 0.0511991344
vn 0.907390952 0.417795867 0.0456995927
vn 0.905708134 0.422503859 0.0344003662
vn 0.117202714 0.0130001847 0.993023038
vn 0.139993221 0.0140992012 0.990052223
vn 0.1487073 0.0162006803 0.98874867
vn 0.146793336 0.0148992063 0.989055157
vn 0.276987582 0.0203989744 0.96065706
vn 0.277505666 0.00289994525 0.960719764
vn 0.277008504 0.096302852 0.956029415
vn 0.419706225 0.116801642 0.900113463
vn 0.42831558 0.134704813 0.893532634
vn 0.791916549 0.398108304 0.463009804
vn 0.782310367 0.279803663 0.556507528
vn 0.765277267 0.343189776 0.544583976
vn 0.691310525 0.313904762 0.650810063
vn 0.603815198 0.264906615 0.751819074
vn 0.703792214 0.206297666 0.679792523
vn 0.499106199 0.240802899 0.832410455
vn 0.856308103 0.394603729 0.333203256
vn 0.854274333 0.385888398 0.348289639
vn 0.854277492 0.385789841 0.348390907
vn 0.756109715 0.350604475 0.552607238
vn 0.902673841 0.421887815 0.0847975984
vn 0.897326946 0.420912653 0.132804051
vn 0.896212459 0.407905698 0.17440249
vn 0.887137592 0.413817555 0.204308733
vn 0.873990238 0.410095453 0.260697156
vn 0.713318586 0.0786019713 0.696418226
vn 0.690802336 0.0782001838 0.718802452
vn 0.801890969 0.0935988799 0.590093374
vn 0.790491879 0.0934989825 0.60529387
vn 0.875878036 0.106697284 0.470588297
vn 0.876681387 0.106697693 0.469090104
vn 0.928562462 0.11599528 0.352585793
vn 0.933909655 0.11560116 0.338303506
vn 0.961893201 0.12159913 0.244898319
vn 0.967098653 0.120599814 0.223999724
vn 0.980387986 0.124098472 0.153098151
vn 0.983453572 0.122794203 0.133193746
vn 0.990870714 0.1255963 0.0489985719
vn 0.98973763 0.1284049 0.0627024099
vn 0.7936517 0.0852947533 0.602363467
vn 0.815083981 0.0868982375 0.572788775
vn 0.880905986 0.0938005894 0.463903189
vn 0.89092201 0.0931022465 0.444511026
vn 0.936873078 0.104496971 0.333690435
vn 0.942130268 0.104603335 0.318510264
vn 0.970067143 0.106796369 0.21809265
vn 0.970958114 0.10659539 0.214190811
vn 0.985324919 0.112002835 0.128803283
vn 0.986101568 0.111800171 0.122900225
vn 0.993472517 0.111496925 0.02409935
vn 0.992319942 0.114502318 0.0468009599
vn 0.594102204 0.057900127 0.802303135
vn 0.591681659 0.063397944 0.803675175
vn 0.619720101 0.0638019815 0.78222543
vn 0.500993192 0.0502992198 0.8639884
vn 0.502092183 0.0478991605 0.863486707
vn 0.482922584 0.0481021516 0.874341011
vn 0.14600195 0.0184001308 0.989113331
vn 0.167794332 0.0174992941 0.985666871
vn 0.225793049 0.0199992713 0.973970115
vn 0.256704152 0.0269003231 0.966115713
vn 0.25820908 0.0222006682 0.965834081
vn 0.260107785 0.0220005456 0.965329051
vn 0.258992285 0.0243991613 0.965571344
vn 0.13989459 0.0143993273 0.990061879
vn 0.272402823 0.0268001668 0.961810112
vn 0.288802385 0.0270001125 0.957008064
vn 0.361604869 0.0311003104 0.931812704
vn 0.121604264 0.0169004761 0.992434919
vn 0.145706624 0.0128004663 0.989245176
vn 0.261203319 0.0229001772 0.965012312
vn 0.260299742 0.0251998603 0.965199113
vn 0.401202917 0.040200185 0.915106773
vn 0.403917938 0.0346014313 0.914140701
vn 0.387112379 0.0360010453 0.921329558
vn 0.386205524 0.0384004451 0.921613216
vn 0.437317193 0.041801542 0.898335457
vn 0.472389132 0.160896212 0.866580188
vn 0.604106009 0.201501936 0.771007836
vn 0.61368221 0.221393526 0.757878184
vn 0.768001616 0.268600523 0.581401289
vn 0.773599148 0.291399658 0.562699497
vn 0.850078583 0.31349209 0.423189461
vn 0.86379832 0.359799325 0.352699369
vn 0.883277357 0.340891272 0.321891814
vn 0.918291569 0.348096848 0.18859835
vn 0.928015709 0.32050544 0.189903289
vn 0.941891789 0.293497473 0.163398623
vn 0.972659767 0.222390816 0.0668972731
vn 0.976463318 0.208892182 0.0536980182
vn 0.962663949 0.206192285 0.175393477
vn 0.966956317 0.199291006 0.158992857
vn 0.943759024 0.194891527 0.267088473
vn 0.911421835 0.17980428 0.370108932
vn 0.924320519 0.171503782 0.340907633
vn 0.862431884 0.160605893 0.480017811
vn 0.882690549 0.151998341 0.444695324
vn 0.795798004 0.137699604 0.589698553
vn 0.824608266 0.129401252 0.550705612
vn 0.715236306 0.112705655 0.689735115
vn 0.750420868 0.105302863 0.652518153
vn 0.6153211 0.0864028856 0.783527017
vn 0.951304078 0.187200785 0.244901091
vn 0.931092262 0.266397774 0.249197975
vn 0.901030123 0.26130873 0.346211612
vn 0.912292182 0.247097865 0.326597244
vn 0.860708296 0.237502247 0.450304419
vn 0.875921845 0.22340554 0.427610755
vn 0.803972721 0.209392846 0.55658114
vn 0.780190408 0.224697202 0.583792925
vn 0.735406399 0.163901359 0.657505751
vn 0.618672669 0.141693652 0.772765994
vn 0.606972337 0.11699459 0.786064267
vn 0.427003771 0.0854006633 0.900208116
vn 0.421384603 0.0762971118 0.903667033
vn 0.248196945 0.0465993173 0.967588246
vn 0.249200359 0.0491999611 0.967201471
vn 0.165098473 0.0339995772 0.985691071
vn 0.138398245 0.0132997138 0.990287483
vn 0.574806809 0.0583005995 0.816209793
vn 0.680796683 0.0691995844 0.729196489
vn 0.693321526 0.0720021576 0.717022359
vn 0.736068368 0.0764966309 0.672571063
vn 0.774300218 0.0810999572 0.627600253
vn 0.985812187 0.157401949 0.0583007447
vn 0.986636639 0.154005736 0.0532019995
vn 0.975264907 0.150494576 0.161894202
vn 0.974603832 0.151400596 0.165000692
vn 0.955970883 0.146995515 0.253992349
vn 0.954965174 0.147794589 0.257290661
vn 0.921554625 0.140893027 0.361782223
vn 0.921634197 0.1408052 0.361613512
vn 0.867784381 0.130897596 0.479391456
vn 0.871384501 0.129897639 0.473091692
vn 0.792802393 0.116700292 0.598201871
vn 0.803137839 0.114805348 0.584627569
vn 0.704211593 0.0993015468 0.703011572
vn 0.720644474 0.0973059386 0.686442375
vn 0.611527264 0.0813035369 0.787035167
vn 0.60982585 0.0815033764 0.788333535
vn 0.524189591 0.0585987419 0.849583209
vn 0.429916233 0.0472016856 0.901634216
vn 0.388785452 0.0321986899 0.920765638
vn 0.258195579 0.020099543 0.965883672
vn 0.260111749 0.0213008486 0.965343714
vn 0.139100939 0.0118999649 0.990206838
vn 0.128795117 0.00419972278 0.991662502
vn 0.0598015338 0.0130004548 -0.998125732
vn 0.0620986745 0.0134998327 -0.997978866
vn 0.0568999499 0.0127001097 -0.998299301
vn 0.0646008402 0.014000304 -0.997813165
vn 0.0605994016 0.012000002 -0.998090208
vn 0.0743034035 0.0134007335 -0.997145772
vn 0.0786023736 0.0123004923 -0.996830285
vn 0.0785030872 0.0122005995 -0.996839345
vn 0.0816988572 0.0118999546 -0.996586204
vn 0.0739998221 0.011000094 -0.997197747
vn 0.258708537 0.025000941 -0.965631962
vn 0.899551868 0.4216775 -0.113993861
vn 0.906072319 0.422687143 -0.0191993657
vn 0.129195854 0.0172995664 -0.99146837
vn 0.117202714 0.0130004212 -0.993023038
vn 0.14600195 0.0184003655 -0.989113331
vn 0.992935836 0.114504144 -0.0311011113
vn 0.973418415 0.222504228 -0.0543010049
vn 0.903919995 0.422309399 -0.0677014515
vn 0.908166766 0.416084826 -0.0458982736
vn 0.931435943 0.360213935 -0.0517019555
vn 0.9293769 0.365190983 -0.0537986234
vn 0.893173814 0.349589825 -0.282891721
vn 0.830317378 0.396208405 -0.391908228
vn 0.799301326 0.383800715 -0.462400764
vn 0.779004276 0.313701808 -0.542903006
vn 0.450922579 0.130006626 -0.883044422
vn 0.515927672 0.248013422 -0.819944024
vn 0.612993777 0.224597842 -0.757492423
vn 0.276999533 0.0385000557 -0.960098505
vn 0.250799358 0.0469999947 -0.966897547
vn 0.279086769 0.0046998919 -0.96025461
vn 0.148693085 0.0212991294 -0.988654137
vn 0.123596594 0.0108998194 -0.992272794
vn 0.126594052 0.00160004327 -0.991953492
vn 0.135193348 0.0115995491 -0.990751505
vn 0.145801961 -0.000899894338 -0.989313543
vn 0.139199167 0.0118000489 -0.990194201
vn 0.7936517 0.0852948949 -0.602363467
vn 0.992866755 0.11369621 -0.035898786
vn 0.989187479 0.111898609 -0.0947988033
vn 0.98536253 0.111795776 -0.128695115
vn 0.986032486 0.112403736 -0.122904055
vn 0.970166922 0.106296413 -0.217892572
vn 0.970921338 0.106902391 -0.214204729
vn 0.936945796 0.104194023 -0.333580762
vn 0.941980124 0.105997816 -0.318493336
vn 0.881784141 0.0909984261 -0.462791711
vn 0.890750647 0.0948948041 -0.444475412
vn 0.815083981 0.086898379 -0.572788775
vn 0.990454137 0.128494069 -0.0498976819
vn 0.99053514 0.125404477 -0.0558019727
vn 0.980761647 0.121995263 -0.152394041
vn 0.98306638 0.124895751 -0.134095415
vn 0.962331235 0.119503915 -0.244207934
vn 0.966645539 0.122705825 -0.2248106
vn 0.928917289 0.114602186 -0.352106601
vn 0.933527529 0.116903499 -0.338910043
vn 0.87592864 0.106603555 -0.47051546
vn 0.876639485 0.106904879 -0.469121158
vn 0.801279187 0.0950976089 -0.590684652
vn 0.791106462 0.0921008289 -0.604704976
vn 0.712182343 0.0811980814 -0.697282791
vn 0.691794574 0.0758995041 -0.718094409
vn 0.618413448 0.0667015538 -0.783017218
vn 0.592828095 0.0607029758 -0.80303812
vn 0.25989449 0.0222996436 -0.965379596
vn 0.258304119 0.0219004676 -0.965815544
vn 0.146094739 0.0144995973 -0.989164531
vn 0.146793336 0.0148994429 -0.989055157
vn 0.288802385 0.0270003416 -0.957008064
vn 0.272402823 0.0268003959 -0.961810112
vn 0.256704152 0.0269005541 -0.966115713
vn 0.225793049 0.0199995041 -0.973970115
vn 0.167794332 0.0174995288 -0.985666871
vn 0.437398076 0.041799929 -0.898296177
vn 0.62331742 0.119903453 -0.772721708
vn 0.600782335 0.138196051 -0.787377059
vn 0.6153211 0.0864030719 -0.783527017
vn 0.158797622 0.0289996844 -0.98688525
vn 0.250297368 0.0456996374 -0.967090011
vn 0.257792026 0.0210994631 -0.965970218
vn 0.259296387 0.0201998353 -0.965586662
vn 0.261203319 0.0229004063 -0.965012312
vn 0.26049006 0.0245991759 -0.965163171
vn 0.13989459 0.0143995639 -0.990061879
vn 0.139695555 0.0157996155 -0.990068614
vn 0.428703129 0.0776006877 -0.900106668
vn 0.419079542 0.0839960203 -0.904056013
vn 0.432985485 0.0362988971 -0.900669932
vn 0.407996982 0.0445997864 -0.911893368
vn 0.401202917 0.0402004048 -0.915106773
vn 0.402480662 0.0375983045 -0.914656162
vn 0.388190478 0.0332992971 -0.920977533
vn 0.386205524 0.0384006649 -0.921613216
vn 0.361604869 0.0311005339 -0.931812704
vn 0.871211767 0.337904662 -0.356104791
vn 0.868009746 0.380604386 -0.318903565
vn 0.850078583 0.313492179 -0.423189402
vn 0.762026548 0.287910104 -0.580020189
vn 0.778684795 0.271794796 -0.565488994
vn 0.599880099 0.217092916 -0.770074606
vn 0.6169312 0.20541051 -0.759738505
vn 0.41340521 0.142601922 -0.899311483
vn 0.457404315 0.117901228 -0.881408393
vn 0.27690202 0.100700855 -0.955607116
vn 0.84816879 0.401385307 -0.34568724
vn 0.864784896 0.389193326 -0.317294449
vn 0.756109715 0.350604624 -0.552607119
vn 0.771508813 0.338003993 -0.539006114
vn 0.650888085 0.298594624 -0.697987199
vn 0.893116474 0.413107663 -0.178003252
vn 0.89461571 0.411607295 -0.173903018
vn 0.919504583 0.348301828 -0.182200879
vn 0.914320946 0.358708262 -0.188004285
vn 0.936912119 0.292703837 -0.191102475
vn 0.954511344 0.294003516 -0.0497005619
vn 0.948506534 0.311402172 -0.0580003709
vn 0.799707294 0.125601217 -0.587105393
vn 0.821753681 0.141992092 -0.551868975
vn 0.865865588 0.149294138 -0.477481067
vn 0.880129516 0.163705558 -0.445614964
vn 0.914241076 0.169707686 -0.367916554
vn 0.922063828 0.18179293 -0.341686577
vn 0.946013987 0.186202809 -0.26530394
vn 0.9494012 0.196000293 -0.24540031
vn 0.964453101 0.198890373 -0.173991516
vn 0.975857556 0.208790943 -0.0640971959
vn 0.965310335 0.206802249 -0.159401685
vn 0.924992204 0.34219718 -0.165198565
vn 0.931092262 0.266397834 -0.249197915
vn 0.908142209 0.262583345 -0.32607922
vn 0.905601084 0.246000379 -0.34550041
vn 0.871865094 0.239690483 -0.427082926
vn 0.865406334 0.221401691 -0.449503332
vn 0.78500843 0.205502287 -0.584406316
vn 0.793122768 0.244307101 -0.557916105
vn 0.735406399 0.163901523 -0.657505751
vn 0.747484922 0.117597722 -0.653786898
vn 0.719364583 0.100895129 -0.687266231
vn 0.574895918 0.0561997108 -0.816294372
vn 0.59308815 0.0601988956 -0.802884042
vn 0.680796683 0.0691997632 -0.729196489
vn 0.693373501 0.071997337 -0.716972649
vn 0.736068368 0.0764967948 -0.672571063
vn 0.774300218 0.0811001062 -0.627600253
vn 0.986063957 0.15739426 -0.0538980179
vn 0.986423016 0.153903618 -0.0573013239
vn 0.974793136 0.150398985 -0.164798841
vn 0.975055516 0.151508674 -0.162209243
vn 0.955172479 0.146795809 -0.257092565
vn 0.95574522 0.147907048 -0.254312038
vn 0.921621263 0.140903309 -0.361608356
vn 0.921567559 0.140795112 -0.36178726
vn 0.870916843 0.131502628 -0.473509222
vn 0.868285 0.129397839 -0.47889173
vn 0.802088439 0.118198372 -0.585391581
vn 0.794106781 0.113401055 -0.597105205
vn 0.71911937 0.10160283 -0.68741858
vn 0.706098557 0.0950999036 -0.701698601
vn 0.609296083 0.080999583 -0.788795054
vn 0.611280799 0.0817975402 -0.787175417
vn 0.524189591 0.0585989431 -0.849583209
vn 0.526810169 0.053201139 -0.84831655
vn 0.502017379 0.0479017682 -0.863530099
vn 0.501276195 0.0496977493 -0.863859117
vn 0.483079195 0.0460981242 -0.874362528
vn 0.20720005 0.0559001379 -0.976700366
vn 0.0829007179 0.00990020577 -0.996508718
vn 0.0984971225 0.018199591 -0.994971037
vn 0.4623155 0.0418015122 -0.88572979
vn 0.357793093 0.039099358 -0.932982147
vn 0.338108867 0.0528015047 -0.939624727
vn 0.284896791 0.0265998151 -0.958189249
vn 0.242196068 0.025799701 -0.969884396
vn 0.770111859 0.0722011924 -0.633809865
vn 0.670829177 0.0618027896 -0.739032269
vn 0.666632473 0.0628031492 -0.74273622
vn 0.574525654 0.0550025553 -0.816636562
vn 0.560305715 0.0572006889 -0.826308548
vn 0.518814266 0.0500014834 -0.853423536
vn 0.451695383 0.0458996408 -0.890990973
vn 0.964497685 0.0931998119 -0.247099414
vn 0.92552942 0.0828026906 -0.369511813
vn 0.918271601 0.0855974182 -0.386588097
vn 0.863589704 0.0781991333 -0.498094141
vn 0.855937004 0.0802035406 -0.510822177
vn 0.824195087 0.0758996233 -0.561196744
vn 0.776783466 0.0706985816 -0.625786781
vn 0.962832093 0.0910030752 -0.254308492
vn 0.982121944 0.0957021713 -0.162103623
vn 0.985302031 0.0942002237 -0.142500281
vn 0.993544042 0.100304462 -0.0530023463
vn 0.994177341 0.0984977707 -0.0436989963
vn 0.993717611 0.106001891 -0.0359006301
vn 0.99345392 0.10119532 -0.052997537
vn 0.990091145 0.103599101 -0.0947991535
vn 0.981420696 0.102802195 -0.162003413
vn 0.987624645 0.0973024517 -0.123003066
vn 0.815588772 0.0812989548 -0.572892189
vn 0.891396821 0.0879997537 -0.444598466
vn 0.861514032 0.0989016816 -0.498008162
vn 0.943790853 0.0876992047 -0.318696946
vn 0.922795355 0.0937995836 -0.373698145
vn 0.971848369 0.0981049165 -0.214210674
vn 0.774773657 0.0757975057 -0.627678692
vn 0.778377295 0.076797843 -0.623081863
vn 0.736292899 0.0740993768 -0.672593534
vn 0.675585091 0.0685985833 -0.734083831
vn 0.680901706 0.0681002662 -0.729201913
vn 0.574709415 0.0592010729 -0.816213489
vn 0.570226133 0.0580027588 -0.819437623
vn 0.482793629 0.0502994433 -0.874288559
vn 0.472706318 0.0480007529 -0.87991184
vn 0.43707484 0.0459974632 -0.898248374
vn 0.361107975 0.0387009718 -0.931720734
vn 0.349385798 0.0339987352 -0.936362028
vn 0.288493037 0.0310993642 -0.95697695
vn 0.167691603 0.0192991532 -0.985650778
vn 0.213798061 0.0190999452 -0.976691306
vn 0.225492239 0.0232993159 -0.973966539
vn 0.272196978 0.0294997897 -0.961789429
vn 0.117200799 0.0142002171 -0.993006825
vn 0.098697789 0.00889992062 -0.995077848
vn 0.0740006715 0.00990020949 -0.997209191
vn 0.959793806 0.107999355 -0.259098351
vn 0.961362064 0.0921964124 -0.259389818
vn 0.923111081 0.090201132 -0.37380451
vn 0.918188512 0.0868989751 -0.386495233
vn 0.862822235 0.0838022307 -0.498512894
vn 0.855923235 0.0804022476 -0.510813951
vn 0.77843076 0.0759030879 -0.623124659
vn 0.77009511 0.0724996254 -0.633796096
vn 0.675721824 0.0668022484 -0.734123707
vn 0.666602969 0.063500382 -0.742703378
vn 0.570236027 0.0577037483 -0.819451869
vn 0.560418606 0.0543019064 -0.826427519
vn 0.47260806 0.048900947 -0.879915118
vn 0.462128699 0.0453029238 -0.885655105
vn 0.349219978 0.0384023115 -0.936253667
vn 0.338805586 0.0319006406 -0.940315604
vn 0.213601857 0.0247003343 -0.976608634
vn 0.205492541 0.0194994099 -0.978464544
vn 0.138098493 0.0159999467 -0.99028939
vn 0.472596467 0.0493995287 0.879893482
vn 0.167691603 0.0192989185 0.985650778
vn 0.0738017559 0.00990011822 0.997223914
vn 0.994864643 0.0984965041 0.0232991856
vn 0.993382096 0.101898171 0.0529990643
vn 0.991167009 0.0960968062 0.09139698
vn 0.984019101 0.0961018577 0.14990294
vn 0.982055902 0.0963956639 0.162092745
vn 0.971667111 0.0910969004 0.21809265
vn 0.933910787 0.0823009238 0.347904056
vn 0.918172538 0.0870973542 0.386488497
vn 0.874210536 0.0776008964 0.479305863
vn 0.855827272 0.0814025402 0.510816336
vn 0.832796693 0.0769996345 0.548197925
vn 0.770334303 0.0687029958 0.633928299
vn 0.787296772 0.0765996203 0.611797571
vn 0.666877806 0.0583979785 0.742875338
vn 0.6888659 0.0682965517 0.721664369
vn 0.4623155 0.0418012999 0.88572979
vn 0.419207662 0.0583009608 0.906016648
vn 0.468295157 0.0436994433 0.882490933
vn 0.560412347 0.0560011454 0.826318383
vn 0.533489168 0.0612986572 0.843582869
vn 0.582705319 0.0537003987 0.810907483
vn 0.203196675 0.0663987994 0.976884127
vn 0.23850055 0.025699947 0.970802367
vn 0.338995934 0.027399566 0.940388918
vn 0.310397267 0.0717992634 0.947891772
vn 0.357409477 0.0392009318 0.93312484
vn 0.0845970362 0.00999953225 0.99636519
vn 0.225797027 0.019099636 0.973987341
vn 0.213690832 0.0217989516 0.976658225
vn 0.272196978 0.0294995606 0.961789429
vn 0.349287003 0.0374985002 0.93626529
vn 0.36139071 0.0344990045 0.931776106
vn 0.288493037 0.0310991369 0.95697695
vn 0.574803412 0.0584002584 0.816205025
vn 0.482793629 0.0502992347 0.874288559
vn 0.437512875 0.039901074 0.898326576
vn 0.736292899 0.0740992129 0.672593534
vn 0.680801332 0.0691000521 0.729201496
vn 0.675626516 0.0677025765 0.734128892
vn 0.57019949 0.0587998554 0.819399357
vn 0.774692416 0.0764991865 0.627693892
vn 0.778407037 0.0763006285 0.623105705
vn 0.815588772 0.0812988207 0.572892189
vn 0.862715483 0.0855014846 0.498409003
vn 0.890684605 0.0958983004 0.444392383
vn 0.923021734 0.0915021151 0.373708814
vn 0.943019807 0.0956019759 0.318706691
vn 0.960893691 0.0971993357 0.259298325
vn 0.971164465 0.104696155 0.214192212
vn 0.98164165 0.100504257 0.162106916
vn 0.987027526 0.103302881 0.122903459
vn 0.993190527 0.103799015 0.0528995171
vn 0.993275285 0.105897367 0.0467988476
vn 0.960126579 0.093102552 0.263607323
vn 0.961362064 0.0921963453 0.259389818
vn 0.917933345 0.089903228 0.386414111
vn 0.923401058 0.0872000605 0.373800457
vn 0.855703235 0.0834002644 0.510701954
vn 0.863068819 0.0807970241 0.498582065
vn 0.769903183 0.0753002465 0.633702695
vn 0.778629124 0.0730026662 0.623223364
vn 0.666424632 0.0662023649 0.742627501
vn 0.675904572 0.0640003532 0.734205067
vn 0.560312092 0.0570011362 0.826317966
vn 0.570417285 0.0548015684 0.819524944
vn 0.462028325 0.0482028536 0.885554373
vn 0.472709149 0.0460007899 0.880017161
vn 0.338590711 0.0377988555 0.940174341
vn 0.349403232 0.0325001925 0.936408758
vn 0.198002994 0.0237002466 0.979914963
vn 0.213987827 0.0133991232 0.976744592
vn 0.0984983519 0.0174995903 0.994983494
vn 0.0986050218 0.0123005081 0.995050788
vn 0.117603377 0.00800011214 0.993028581
vn -0.327515811 -0.944845796 -1.12634382e-07
vn -0.686514854 -0.72711581 -8.6678952e-08
vn -0.924458444 -0.381282926 -4.54524596e-08
vn -0.999494255 0.031799823 3.79083387e-09
vn -0.898391426 0.439195871 5.23562207e-08
vn -0.638895035 0.769294143 9.1706994e-08
vn -0.266906232 0.963722646 1.14884678e-07
vn -0.257494599 0.966279864 1.15189522e-07
vn -0.616195023 0.787593782 9.3888481e-08
vn -0.876004696 0.482302666 5.7494951e-08
vn -0.995027304 0.0996027514 1.18735715e-08
vn -0.528208971 -0.849114537 -1.01222327e-07
vn -0.324705243 -0.945815384 -1.12749966e-07
vn -0.754080057 -0.656782627 -7.82945833e-08
vn -0.0263987184 -0.999651611 -1.19167744e-07
vn 0.19170247 -0.981312811 0.0166000985
vn 0.233301103 -0.972404718 -1.15919661e-07
vn 0.656782568 -0.754080176 -8.98933479e-08
vn -0.191691265 0.981455445 1.16998592e-07
vn -0.656782568 0.754080176 8.98933479e-08
vn -0.945815265 0.324705273 3.87078813e-08
vn -0.999987006 0.00509993453 6.07959516e-10
vn -0.981193542 -0.19169876 -0.0225998759
vn -0.967228532 -0.253907502 -3.02681293e-08
vn 0.981193542 0.19169876 0.0225998759
vn 0.967228532 0.253907502 3.02681293e-08
vn 0.0263987184 0.999651611 1.19167744e-07
vn -0.19170247 0.981312811 -0.0166000985
vn -0.233301103 0.972404718 1.15919661e-07
vn -0.981451631 -0.1917101 -2.28536212e-08
vn 0.19171007 -0.98145175 -1.16998152e-07
vn 0.999987006 -0.00509993453 -6.07959516e-10
vn -0.994804859 -0.101800516 9.99883632e-05
vn -0.994804859 -0.101800516 -1.21355654e-08
vn -0.557005763 -0.830508769 -9.90043461e-08
vn -0.558433235 -0.829549611 -9.88900055e-08
vn -0.550701499 -0.834702373 -9.95042626e-08
vn 0.994804859 0.101800516 1.21355654e-08
vn -0.0779037252 -0.104704902 -0.991447508
vn -0.185491368 -0.305785686 -0.933856785
vn -0.591600001 -0.795600057 -0.130500108
vn -0.551282108 -0.741376042 -0.382687747
vn -0.551322997 -0.741330981 -0.382716119
vn -0.473398924 -0.636598587 -0.608798742
vn -0.363281369 -0.488474935 -0.793359518
vn -0.228392214 -0.307089478 -0.923868716
vn -0.122104391 -0.108803809 -0.986535609
vn -0.596730828 -0.802441597 -9.56584785e-08
vn -0.585297406 -0.786996543 0.195099056
vn -0.496184736 -0.667179644 0.555582881
vn -0.331496328 -0.445795208 0.831490815
vn -0.116399437 -0.156499371 0.980795324
vn 0.0716023892 -0.997433424 -1.18903316e-07
vn -0.389509499 -0.921022594 -1.09794435e-07
vn -0.765468419 -0.643473506 -7.67080124e-08
vn -0.974268079 -0.22539264 -2.68688929e-08
vn -0.97266984 -0.232192829 -2.76795387e-08
vn -0.751795709 -0.659396291 -7.86061563e-08
vn -0.357001483 -0.934103966 -1.11353856e-07
vn -0.373183012 0.927757859 1.10597341e-07
vn -0.068397142 0.997658372 1.18930132e-07
vn 0.140694469 0.98986119 -0.0194991175
vn 0.19219166 0.981357574 1.16986925e-07
vn 0.616871655 0.787063897 9.38253137e-08
vn 0.92775774 0.373183042 4.44868817e-08
vn 0.990053296 -0.140693367 -1.67719545e-08
vn 0.787063777 -0.616871715 -7.35368317e-08
vn 0.373183012 -0.927757859 -1.10597341e-07
vn -0.140693352 -0.990053415 -1.1802355e-07
vn -0.616871655 -0.787063897 -9.38253137e-08
vn -0.92775774 -0.373183042 -4.44868817e-08
vn -0.990053296 0.140693367 1.67719545e-08
vn -0.787063777 0.616871715 7.35368317e-08
vn -0.265502781 -0.964110255 -1.14930884e-07
vn 0.00469994824 -0.999989152 -1.19207982e-07
vn 0.252097011 -0.96768868 0.0050998251
vn 0.263303578 -0.964713156 -1.15002756e-07
vn 0.702189863 -0.71198982 -8.48757935e-08
vn 0.964110136 -0.26550281 -3.16503979e-08
vn 0.967701137 0.252100319 3.00526963e-08
vn 0.71198976 0.702189922 8.37075547e-08
vn 0.265502781 0.964110255 1.14930884e-07
vn -0.252100289 0.967701256 1.15358965e-07
vn -0.702189863 0.71198982 8.48757935e-08
vn -0.964110136 0.26550281 3.16503979e-08
vn -0.967701137 -0.252100319 -3.00526963e-08
vn -0.71198976 -0.702189922 -8.37075547e-08
vn 0.99255532 -0.121794522 -1.45190366e-08
vn 0.841795266 -0.539797008 -6.43488107e-08
vn 0.524811447 -0.851218641 -1.01473155e-07

# Mesh 'right_middle_2-0' with 6293 faces
g right_middle_2-0
usemtl rubber
f  1//1 2//1 3//1
f  4//2 5//2 6//2
f  6//3 5//3 7//3
f  6//4 7//4 8//4
f  8//5 7//5 9//5
f  3//6 2//6 10//6
f  11//7 12//7 13//7
f  13//8 12//8 14//8
f  13//9 14//9 15//9
f  16//10 11//10 17//10
f  17//11 11//11 13//11
f  17//12 13//12 3//12
f  3//13 13//13 15//13
f  3//14 15//14 1//14
f  5//15 18//15 7//15
f  7//16 18//16 10//16
f  7//17 10//17 9//17
f  9//18 10//18 2//18
f  19//19 16//19 20//19
f  20//20 16//20 17//20
f  20//21 17//21 21//21
f  21//22 17//22 3//22
f  21//23 3//23 22//23
f  22//24 3//24 10//24
f  22//25 10//25 23//25
f  23//26 10//26 18//26
f  23//27 24//27 22//27
f  22//28 24//28 25//28
f  22//29 25//29 21//29
f  21//30 25//30 26//30
f  21//31 26//31 20//31
f  20//32 26//32 27//32
f  20//33 27//33 19//33
f  19//34 27//34 28//34
f  19//35 28//35 16//35
f  16//36 28//36 29//36
f  16//37 29//37 30//37
f  31//38 32//38 33//38
f  34//39 35//39 36//39
f  37//40 38//40 39//40
f  40//41 41//41 42//41
f  4//42 6//42 43//42
f  4//43 43//43 44//43
f  44//44 43//44 33//44
f  44//45 33//45 45//45
f  45//46 33//46 32//46
f  45//47 32//47 46//47
f  6//48 8//48 43//48
f  43//49 8//49 34//49
f  43//50 34//50 33//50
f  33//51 34//51 36//51
f  33//52 36//52 31//52
f  47//53 48//53 49//53
f  49//54 48//54 50//54
f  51//55 46//55 52//55
f  52//56 46//56 32//56
f  52//57 32//57 53//57
f  53//58 32//58 31//58
f  53//59 31//59 50//59
f  50//60 31//60 54//60
f  50//61 54//61 49//61
f  38//62 40//62 39//62
f  39//63 40//63 42//63
f  39//64 42//64 55//64
f  55//65 42//65 56//65
f  35//66 37//66 36//66
f  36//67 37//67 39//67
f  36//68 39//68 31//68
f  31//69 39//69 55//69
f  31//70 55//70 54//70
f  54//71 55//71 56//71
f  54//72 56//72 49//72
f  49//73 56//73 57//73
f  49//74 57//74 47//74
f  47//75 57//75 58//75
f  59//76 60//76 12//76
f  12//77 11//77 59//77
f  59//78 11//78 16//78
f  59//79 16//79 61//79
f  61//80 16//80 30//80
f  61//81 30//81 62//81
f  63//82 58//82 57//82
f  63//83 57//83 64//83
f  64//84 57//84 56//84
f  64//85 56//85 65//85
f  65//86 56//86 42//86
f  65//87 42//87 41//87
f  66//88 67//88 68//88
f  68//89 67//89 69//89
f  68//90 69//90 70//90
f  66//91 68//91 71//91
f  71//92 68//92 72//92
f  71//93 72//93 73//93
f  73//94 72//94 74//94
f  75//95 76//95 74//95
f  74//96 76//96 77//96
f  74//97 77//97 73//97
f  78//98 79//98 80//98
f  80//99 79//99 81//99
f  80//100 81//100 75//100
f  75//101 81//101 82//101
f  75//102 82//102 76//102
f  83//103 84//103 78//103
f  78//104 80//104 83//104
f  83//105 80//105 75//105
f  83//106 75//106 85//106
f  85//107 75//107 74//107
f  85//108 74//108 86//108
f  86//109 74//109 72//109
f  86//110 72//110 87//110
f  87//111 72//111 68//111
f  87//112 68//112 70//112
f  88//113 89//113 90//113
f  91//114 92//114 93//114
f  94//115 95//115 96//115
f  97//116 98//116 99//116
f  100//117 101//117 102//117
f  102//118 101//118 103//118
f  102//119 103//119 104//119
f  104//120 105//120 102//120
f  102//121 105//121 106//121
f  102//122 106//122 107//122
f  108//123 109//123 102//123
f  102//124 109//124 110//124
f  102//125 110//125 100//125
f  97//126 99//126 111//126
f  91//127 112//127 92//127
f  92//128 112//128 113//128
f  92//129 113//129 114//129
f  114//130 113//130 115//130
f  114//131 115//131 96//131
f  96//132 115//132 116//132
f  96//133 116//133 94//133
f  88//134 90//134 117//134
f  117//135 90//135 118//135
f  117//136 118//136 119//136
f  119//137 118//137 120//137
f  119//138 120//138 121//138
f  122//139 123//139 124//139
f  124//140 123//140 125//140
f  124//141 125//141 126//141
f  126//142 125//142 121//142
f  126//143 121//143 127//143
f  127//144 121//144 120//144
f  128//145 129//145 130//145
f  130//146 131//146 128//146
f  128//147 131//147 132//147
f  128//148 132//148 133//148
f  133//149 132//149 134//149
f  134//150 132//150 135//150
f  134//151 135//151 136//151
f  137//152 138//152 139//152
f  106//153 140//153 107//153
f  107//154 140//154 141//154
f  107//155 141//155 139//155
f  139//156 141//156 142//156
f  139//157 142//157 137//157
f  136//158 135//158 143//158
f  143//159 135//159 139//159
f  143//160 139//160 144//160
f  144//161 139//161 138//161
f  144//162 138//162 145//162
f  89//163 146//163 147//163
f  89//164 147//164 90//164
f  90//165 147//165 148//165
f  90//166 148//166 118//166
f  118//167 148//167 149//167
f  118//168 149//168 120//168
f  120//169 149//169 150//169
f  120//170 150//170 127//170
f  127//171 150//171 151//171
f  127//172 151//172 126//172
f  126//173 151//173 152//173
f  126//174 152//174 124//174
f  124//175 152//175 153//175
f  124//176 153//176 122//176
f  146//177 154//177 155//177
f  146//178 155//178 147//178
f  147//179 155//179 156//179
f  147//180 156//180 148//180
f  148//181 156//181 157//181
f  148//182 157//182 149//182
f  149//183 157//183 158//183
f  149//184 158//184 150//184
f  150//185 158//185 159//185
f  150//186 159//186 151//186
f  151//187 159//187 160//187
f  151//188 160//188 152//188
f  152//189 160//189 161//189
f  152//190 161//190 153//190
f  93//191 92//191 162//191
f  162//192 92//192 114//192
f  162//193 114//193 163//193
f  163//194 114//194 96//194
f  163//195 96//195 164//195
f  164//196 96//196 95//196
f  164//197 95//197 99//197
f  99//198 95//198 94//198
f  99//199 94//199 111//199
f  99//200 165//200 164//200
f  164//201 165//201 166//201
f  164//202 166//202 163//202
f  163//203 166//203 154//203
f  163//204 154//204 162//204
f  162//205 154//205 146//205
f  162//206 146//206 93//206
f  93//207 146//207 89//207
f  93//208 89//208 91//208
f  91//209 89//209 88//209
f  130//210 167//210 131//210
f  131//211 167//211 168//211
f  131//212 168//212 169//212
f  165//213 109//213 166//213
f  166//214 109//214 108//214
f  166//215 108//215 154//215
f  154//216 108//216 102//216
f  154//217 102//217 155//217
f  155//218 102//218 107//218
f  155//219 107//219 156//219
f  156//220 107//220 139//220
f  156//221 139//221 157//221
f  157//222 139//222 135//222
f  157//223 135//223 158//223
f  158//224 135//224 132//224
f  158//225 132//225 159//225
f  159//226 132//226 131//226
f  159//227 131//227 160//227
f  160//228 131//228 169//228
f  160//229 169//229 161//229
f  170//230 129//230 128//230
f  170//231 128//231 171//231
f  171//232 128//232 133//232
f  171//233 133//233 172//233
f  173//234 174//234 175//234
f  175//235 174//235 145//235
f  133//236 134//236 172//236
f  172//237 134//237 136//237
f  172//238 136//238 176//238
f  176//239 136//239 143//239
f  176//240 143//240 174//240
f  174//241 143//241 144//241
f  174//242 144//242 145//242
f  177//243 101//243 100//243
f  109//244 178//244 110//244
f  110//245 178//245 179//245
f  110//246 179//246 100//246
f  100//247 179//247 180//247
f  100//248 180//248 177//248
f  109//249 165//249 178//249
f  178//250 165//250 99//250
f  178//251 99//251 181//251
f  181//252 99//252 182//252
f  182//253 99//253 98//253
f  182//254 98//254 183//254
f  184//255 185//255 186//255
f  187//256 188//256 189//256
f  190//257 191//257 192//257
f  64//258 65//258 193//258
f  193//259 65//259 194//259
f  193//260 194//260 195//260
f  196//261 197//261 186//261
f  186//262 197//262 198//262
f  186//263 198//263 193//263
f  193//264 198//264 63//264
f  193//265 63//265 64//265
f  199//266 200//266 201//266
f  202//267 203//267 199//267
f  199//268 201//268 202//268
f  202//269 201//269 196//269
f  202//270 196//270 204//270
f  204//271 196//271 186//271
f  204//272 186//272 205//272
f  206//273 207//273 208//273
f  206//274 208//274 209//274
f  210//275 211//275 212//275
f  212//276 211//276 213//276
f  212//277 213//277 208//277
f  208//278 213//278 214//278
f  208//279 214//279 209//279
f  215//280 216//280 212//280
f  212//281 216//281 217//281
f  212//282 217//282 210//282
f  191//283 218//283 215//283
f  215//284 218//284 219//284
f  215//285 219//285 216//285
f  190//286 192//286 220//286
f  187//287 189//287 221//287
f  222//288 223//288 224//288
f  224//289 223//289 225//289
f  224//290 225//290 226//290
f  226//291 225//291 227//291
f  69//292 67//292 228//292
f  228//293 67//293 229//293
f  228//294 229//294 227//294
f  227//295 229//295 230//295
f  227//296 230//296 226//296
f  67//297 231//297 229//297
f  229//298 231//298 232//298
f  229//299 232//299 233//299
f  233//300 232//300 234//300
f  233//301 234//301 235//301
f  235//302 234//302 236//302
f  235//303 236//303 237//303
f  237//304 236//304 238//304
f  238//305 236//305 239//305
f  238//306 239//306 240//306
f  239//307 241//307 240//307
f  240//308 241//308 242//308
f  240//309 242//309 243//309
f  243//310 242//310 244//310
f  243//311 244//311 245//311
f  245//312 244//312 246//312
f  222//313 247//313 223//313
f  223//314 247//314 248//314
f  223//315 248//315 249//315
f  249//316 248//316 250//316
f  249//317 250//317 251//317
f  222//318 221//318 247//318
f  247//319 221//319 189//319
f  247//320 189//320 248//320
f  248//321 189//321 220//321
f  248//322 220//322 250//322
f  250//323 220//323 192//323
f  250//324 192//324 251//324
f  251//325 192//325 252//325
f  191//326 215//326 192//326
f  192//327 215//327 253//327
f  192//328 253//328 252//328
f  170//329 171//329 254//329
f  170//330 254//330 255//330
f  186//331 185//331 205//331
f  205//332 185//332 256//332
f  205//333 256//333 207//333
f  207//334 256//334 257//334
f  207//335 257//335 208//335
f  208//336 257//336 258//336
f  208//337 258//337 259//337
f  259//338 255//338 208//338
f  208//339 255//339 254//339
f  208//340 254//340 212//340
f  212//341 254//341 260//341
f  212//342 260//342 215//342
f  215//343 260//343 261//343
f  215//344 261//344 253//344
f  171//345 172//345 254//345
f  254//346 172//346 176//346
f  254//347 176//347 260//347
f  260//348 176//348 174//348
f  260//349 174//349 173//349
f  178//350 181//350 193//350
f  181//351 182//351 193//351
f  193//352 182//352 183//352
f  193//353 183//353 186//353
f  186//354 183//354 262//354
f  186//355 262//355 184//355
f  195//356 180//356 193//356
f  193//357 180//357 179//357
f  193//358 179//358 178//358
f  263//359 264//359 265//359
f  265//360 264//360 266//360
f  267//361 268//361 269//361
f  270//362 271//362 267//362
f  267//363 271//363 272//363
f  267//364 272//364 268//364
f  273//365 274//365 275//365
f  275//366 274//366 276//366
f  275//367 276//367 277//367
f  277//368 276//368 278//368
f  277//369 278//369 270//369
f  270//370 278//370 279//370
f  270//371 279//371 271//371
f  269//372 280//372 267//372
f  267//373 280//373 281//373
f  267//374 281//374 270//374
f  270//375 281//375 282//375
f  270//376 282//376 277//376
f  277//377 282//377 283//377
f  277//378 283//378 275//378
f  275//379 283//379 264//379
f  275//380 264//380 273//380
f  273//381 264//381 263//381
f  284//382 285//382 286//382
f  287//383 288//383 289//383
f  290//384 291//384 292//384
f  293//385 294//385 295//385
f  295//386 294//386 296//386
f  295//387 296//387 297//387
f  297//388 296//388 298//388
f  297//389 298//389 299//389
f  299//390 298//390 300//390
f  299//391 300//391 301//391
f  300//392 302//392 301//392
f  301//393 302//393 303//393
f  301//394 303//394 304//394
f  304//395 303//395 305//395
f  304//396 305//396 306//396
f  290//397 307//397 308//397
f  309//398 310//398 311//398
f  311//399 310//399 312//399
f  311//400 312//400 313//400
f  313//401 312//401 314//401
f  313//402 314//402 292//402
f  292//403 314//403 315//403
f  292//404 315//404 290//404
f  316//405 317//405 318//405
f  319//406 320//406 316//406
f  316//407 320//407 321//407
f  322//408 323//408 324//408
f  322//409 324//409 325//409
f  326//410 327//410 328//410
f  328//411 327//411 324//411
f  328//412 324//412 329//412
f  329//413 324//413 323//413
f  329//414 323//414 330//414
f  331//415 332//415 333//415
f  333//416 332//416 334//416
f  333//417 334//417 335//417
f  331//418 336//418 332//418
f  332//419 336//419 337//419
f  332//420 337//420 338//420
f  338//421 337//421 339//421
f  338//422 339//422 324//422
f  324//423 339//423 340//423
f  324//424 340//424 325//424
f  341//425 342//425 332//425
f  332//426 342//426 343//426
f  332//427 343//427 334//427
f  344//428 345//428 341//428
f  341//429 345//429 346//429
f  341//430 346//430 342//430
f  341//431 347//431 344//431
f  344//432 347//432 348//432
f  344//433 348//433 289//433
f  289//434 348//434 349//434
f  289//435 349//435 287//435
f  293//436 350//436 294//436
f  294//437 350//437 351//437
f  294//438 351//438 296//438
f  296//439 351//439 352//439
f  296//440 352//440 298//440
f  298//441 352//441 353//441
f  298//442 353//442 300//442
f  300//443 353//443 354//443
f  300//444 354//444 302//444
f  302//445 354//445 286//445
f  302//446 286//446 303//446
f  303//447 286//447 285//447
f  303//448 285//448 305//448
f  290//449 308//449 291//449
f  291//450 308//450 355//450
f  291//451 355//451 292//451
f  292//452 355//452 356//452
f  292//453 356//453 313//453
f  313//454 356//454 357//454
f  313//455 357//455 311//455
f  284//456 286//456 358//456
f  358//457 286//457 354//457
f  358//458 354//458 359//458
f  359//459 354//459 353//459
f  359//460 353//460 360//460
f  360//461 353//461 352//461
f  360//462 352//462 361//462
f  361//463 352//463 351//463
f  361//464 351//464 362//464
f  362//465 351//465 350//465
f  362//466 350//466 363//466
f  318//467 309//467 316//467
f  316//468 309//468 311//468
f  316//469 311//469 319//469
f  319//470 311//470 357//470
f  319//471 357//471 320//471
f  320//472 357//472 327//472
f  320//473 327//473 321//473
f  321//474 327//474 326//474
f  293//475 364//475 350//475
f  350//476 364//476 365//476
f  350//477 365//477 363//477
f  363//478 365//478 366//478
f  363//479 366//479 367//479
f  308//480 306//480 355//480
f  355//481 306//481 305//481
f  355//482 305//482 356//482
f  356//483 305//483 285//483
f  356//484 285//484 357//484
f  357//485 285//485 284//485
f  357//486 284//486 327//486
f  327//487 284//487 358//487
f  327//488 358//488 324//488
f  324//489 358//489 359//489
f  324//490 359//490 338//490
f  338//491 359//491 360//491
f  338//492 360//492 332//492
f  332//493 360//493 361//493
f  332//494 361//494 341//494
f  341//495 361//495 362//495
f  341//496 362//496 347//496
f  347//497 362//497 363//497
f  347//498 363//498 348//498
f  348//499 363//499 367//499
f  348//500 367//500 349//500
f  368//501 335//501 334//501
f  342//502 369//502 343//502
f  343//503 369//503 370//503
f  343//504 370//504 334//504
f  334//505 370//505 371//505
f  334//506 371//506 368//506
f  342//507 346//507 369//507
f  369//508 346//508 345//508
f  369//509 345//509 372//509
f  372//510 345//510 344//510
f  344//511 289//511 372//511
f  372//512 289//512 288//512
f  372//513 288//513 373//513
f  374//514 375//514 376//514
f  377//515 317//515 378//515
f  378//516 317//516 316//516
f  378//517 316//517 379//517
f  379//518 316//518 321//518
f  379//519 321//519 376//519
f  376//520 321//520 326//520
f  330//521 374//521 329//521
f  329//522 374//522 376//522
f  329//523 376//523 328//523
f  328//524 376//524 326//524
f  380//525 381//525 382//525
f  383//526 384//526 385//526
f  386//527 387//527 388//527
f  379//528 376//528 389//528
f  390//529 391//529 392//529
f  392//530 393//530 390//530
f  390//531 393//531 377//531
f  390//532 377//532 389//532
f  389//533 377//533 378//533
f  389//534 378//534 379//534
f  394//535 395//535 396//535
f  396//536 397//536 394//536
f  394//537 397//537 391//537
f  394//538 391//538 398//538
f  399//539 400//539 401//539
f  399//540 401//540 373//540
f  369//541 372//541 402//541
f  402//542 372//542 373//542
f  395//543 403//543 396//543
f  396//544 403//544 401//544
f  396//545 401//545 404//545
f  404//546 401//546 400//546
f  405//547 371//547 370//547
f  406//548 407//548 408//548
f  408//549 407//549 409//549
f  408//550 409//550 410//550
f  410//551 409//551 405//551
f  410//552 405//552 402//552
f  402//553 405//553 370//553
f  402//554 370//554 369//554
f  411//555 382//555 412//555
f  412//556 382//556 381//556
f  412//557 381//557 413//557
f  388//558 387//558 414//558
f  414//559 387//559 415//559
f  414//560 415//560 416//560
f  245//561 417//561 418//561
f  245//562 418//562 243//562
f  243//563 418//563 419//563
f  243//564 419//564 240//564
f  240//565 419//565 420//565
f  240//566 420//566 421//566
f  420//567 422//567 421//567
f  421//568 422//568 423//568
f  421//569 423//569 416//569
f  416//570 423//570 424//570
f  424//571 425//571 416//571
f  416//572 425//572 426//572
f  416//573 426//573 414//573
f  414//574 426//574 265//574
f  414//575 265//575 266//575
f  427//576 384//576 428//576
f  428//577 384//577 383//577
f  428//578 383//578 429//578
f  380//579 383//579 381//579
f  381//580 383//580 385//580
f  381//581 385//581 413//581
f  413//582 385//582 384//582
f  413//583 384//583 388//583
f  388//584 384//584 427//584
f  388//585 427//585 386//585
f  430//586 431//586 382//586
f  382//587 431//587 432//587
f  382//588 432//588 380//588
f  411//589 406//589 382//589
f  382//590 406//590 408//590
f  382//591 408//591 430//591
f  430//592 408//592 410//592
f  430//593 410//593 433//593
f  433//594 410//594 434//594
f  433//595 434//595 435//595
f  373//596 401//596 402//596
f  402//597 401//597 436//597
f  402//598 436//598 410//598
f  410//599 436//599 437//599
f  410//600 437//600 434//600
f  403//601 438//601 401//601
f  401//602 438//602 439//602
f  401//603 439//603 440//603
f  440//604 441//604 401//604
f  401//605 441//605 442//605
f  401//606 442//606 436//606
f  391//607 390//607 398//607
f  398//608 390//608 443//608
f  398//609 443//609 444//609
f  200//610 199//610 444//610
f  444//611 199//611 203//611
f  444//612 203//612 398//612
f  59//613 61//613 389//613
f  389//614 61//614 62//614
f  389//615 62//615 390//615
f  390//616 62//616 445//616
f  390//617 445//617 443//617
f  376//618 375//618 389//618
f  389//619 375//619 446//619
f  389//620 446//620 59//620
f  59//621 446//621 447//621
f  59//622 447//622 60//622
f  448//623 449//623 450//623
f  451//624 452//624 453//624
f  454//625 452//625 455//625
f  455//626 452//626 451//626
f  455//627 451//627 456//627
f  456//628 451//628 457//628
f  456//629 457//629 458//629
f  458//630 457//630 459//630
f  458//631 459//631 460//631
f  460//632 461//632 462//632
f  462//633 461//633 463//633
f  462//634 463//634 464//634
f  464//635 463//635 465//635
f  466//636 467//636 465//636
f  468//637 469//637 466//637
f  466//638 469//638 470//638
f  466//639 470//639 467//639
f  471//640 472//640 473//640
f  473//641 472//641 474//641
f  473//642 474//642 475//642
f  448//643 476//643 449//643
f  449//644 476//644 477//644
f  449//645 477//645 471//645
f  471//646 477//646 478//646
f  471//647 478//647 472//647
f  479//648 480//648 450//648
f  450//649 480//649 481//649
f  450//650 481//650 448//650
f  482//651 483//651 484//651
f  484//652 483//652 485//652
f  484//653 485//653 479//653
f  479//654 485//654 486//654
f  479//655 486//655 480//655
f  487//656 482//656 466//656
f  466//657 482//657 484//657
f  466//658 484//658 468//658
f  468//659 484//659 479//659
f  468//660 479//660 488//660
f  488//661 479//661 450//661
f  488//662 450//662 489//662
f  489//663 450//663 449//663
f  489//664 449//664 490//664
f  490//665 449//665 471//665
f  490//666 471//666 491//666
f  491//667 471//667 473//667
f  491//668 473//668 492//668
f  492//669 473//669 475//669
f  492//670 475//670 493//670
f  465//671 463//671 466//671
f  466//672 463//672 494//672
f  466//673 494//673 487//673
f  461//674 495//674 496//674
f  496//675 497//675 461//675
f  461//676 497//676 498//676
f  461//677 498//677 463//677
f  463//678 498//678 499//678
f  463//679 499//679 494//679
f  460//680 459//680 461//680
f  461//681 459//681 500//681
f  461//682 500//682 495//682
f  453//683 501//683 451//683
f  451//684 501//684 502//684
f  451//685 502//685 457//685
f  457//686 502//686 503//686
f  457//687 503//687 459//687
f  459//688 503//688 504//688
f  459//689 504//689 500//689
f  505//690 506//690 507//690
f  507//691 506//691 508//691
f  505//692 509//692 506//692
f  506//693 509//693 510//693
f  506//694 510//694 511//694
f  506//695 512//695 513//695
f  508//696 506//696 514//696
f  514//697 506//697 513//697
f  514//698 513//698 515//698
f  512//699 506//699 516//699
f  516//700 506//700 517//700
f  516//701 517//701 518//701
f  519//702 506//702 520//702
f  520//703 506//703 511//703
f  519//704 521//704 506//704
f  506//705 521//705 522//705
f  506//706 522//706 517//706
f  523//707 524//707 525//707
f  523//708 525//708 526//708
f  527//709 528//709 529//709
f  529//710 528//710 530//710
f  529//711 530//711 531//711
f  531//712 530//712 532//712
f  531//713 532//713 533//713
f  533//714 532//714 534//714
f  533//715 534//715 535//715
f  536//716 537//716 538//716
f  538//717 537//717 539//717
f  538//718 539//718 540//718
f  540//719 539//719 541//719
f  540//720 541//720 542//720
f  542//721 541//721 543//721
f  544//722 545//722 546//722
f  546//723 545//723 547//723
f  546//724 547//724 548//724
f  548//725 547//725 549//725
f  548//726 549//726 550//726
f  550//727 549//727 551//727
f  545//728 552//728 547//728
f  547//729 552//729 553//729
f  547//730 553//730 549//730
f  549//731 553//731 554//731
f  549//732 554//732 551//732
f  551//733 554//733 555//733
f  535//734 556//734 533//734
f  533//735 556//735 557//735
f  533//736 557//736 531//736
f  531//737 557//737 558//737
f  531//738 558//738 529//738
f  529//739 558//739 559//739
f  529//740 559//740 527//740
f  527//741 559//741 560//741
f  556//742 536//742 557//742
f  557//743 536//743 538//743
f  557//744 538//744 558//744
f  558//745 538//745 540//745
f  558//746 540//746 559//746
f  559//747 540//747 542//747
f  559//748 542//748 560//748
f  560//749 542//749 543//749
f  560//750 543//750 561//750
f  534//751 518//751 535//751
f  535//752 518//752 517//752
f  535//753 517//753 556//753
f  556//754 517//754 522//754
f  556//755 522//755 536//755
f  536//756 522//756 521//756
f  536//757 521//757 537//757
f  537//758 521//758 519//758
f  537//759 519//759 544//759
f  544//760 519//760 520//760
f  544//761 520//761 545//761
f  545//762 520//762 511//762
f  545//763 511//763 552//763
f  552//764 511//764 562//764
f  552//765 562//765 553//765
f  553//766 562//766 563//766
f  553//767 563//767 554//767
f  554//768 563//768 526//768
f  554//769 526//769 555//769
f  555//770 526//770 525//770
f  555//771 525//771 551//771
f  551//772 525//772 561//772
f  551//773 561//773 550//773
f  550//774 561//774 543//774
f  550//775 543//775 548//775
f  548//776 543//776 541//776
f  548//777 541//777 546//777
f  546//778 541//778 539//778
f  546//779 539//779 544//779
f  544//780 539//780 537//780
f  511//781 510//781 564//781
f  564//782 510//782 509//782
f  564//783 509//783 565//783
f  565//784 509//784 505//784
f  565//785 505//785 566//785
f  566//786 505//786 507//786
f  566//787 507//787 567//787
f  567//788 507//788 508//788
f  567//789 508//789 568//789
f  568//790 508//790 514//790
f  568//791 514//791 569//791
f  569//792 514//792 515//792
f  569//793 515//793 570//793
f  570//794 515//794 571//794
f  572//795 524//795 523//795
f  573//796 574//796 575//796
f  562//797 511//797 576//797
f  576//798 511//798 564//798
f  576//799 564//799 577//799
f  577//800 564//800 565//800
f  577//801 565//801 578//801
f  578//802 565//802 566//802
f  578//803 566//803 579//803
f  579//804 566//804 567//804
f  579//805 567//805 580//805
f  580//806 567//806 568//806
f  580//807 568//807 581//807
f  581//808 568//808 569//808
f  581//809 569//809 582//809
f  582//810 569//810 570//810
f  582//811 570//811 583//811
f  583//812 570//812 571//812
f  563//813 562//813 584//813
f  584//814 562//814 576//814
f  584//815 576//815 585//815
f  585//816 576//816 577//816
f  585//817 577//817 586//817
f  586//818 577//818 578//818
f  586//819 578//819 587//819
f  587//820 578//820 579//820
f  587//821 579//821 588//821
f  588//822 579//822 580//822
f  588//823 580//823 589//823
f  589//824 580//824 581//824
f  589//825 581//825 590//825
f  590//826 581//826 582//826
f  590//827 582//827 591//827
f  591//828 582//828 583//828
f  526//829 563//829 592//829
f  592//830 563//830 584//830
f  592//831 584//831 593//831
f  593//832 584//832 585//832
f  593//833 585//833 594//833
f  594//834 585//834 586//834
f  594//835 586//835 595//835
f  595//836 586//836 587//836
f  595//837 587//837 596//837
f  596//838 587//838 588//838
f  596//839 588//839 597//839
f  597//840 588//840 589//840
f  597//841 589//841 573//841
f  573//842 589//842 590//842
f  573//843 590//843 574//843
f  574//844 590//844 591//844
f  575//845 598//845 573//845
f  573//846 598//846 599//846
f  573//847 599//847 597//847
f  597//848 599//848 600//848
f  597//849 600//849 596//849
f  596//850 600//850 601//850
f  596//851 601//851 595//851
f  595//852 601//852 602//852
f  595//853 602//853 594//853
f  594//854 602//854 603//854
f  594//855 603//855 593//855
f  593//856 603//856 572//856
f  593//857 572//857 592//857
f  592//858 572//858 523//858
f  592//859 523//859 526//859
f  602//860 601//860 604//860
f  604//861 601//861 605//861
f  601//862 600//862 605//862
f  605//863 600//863 599//863
f  605//864 599//864 606//864
f  606//865 599//865 598//865
f  606//866 598//866 575//866
f  602//867 604//867 603//867
f  603//868 604//868 607//868
f  603//869 607//869 572//869
f  572//870 607//870 608//870
f  572//871 608//871 524//871
f  525//872 524//872 608//872
f  608//873 609//873 525//873
f  525//874 609//874 610//874
f  525//875 610//875 561//875
f  561//876 610//876 611//876
f  561//877 611//877 560//877
f  560//878 611//878 612//878
f  560//879 612//879 527//879
f  613//880 614//880 615//880
f  616//881 617//881 618//881
f  619//882 620//882 621//882
f  622//883 623//883 624//883
f  625//884 608//884 607//884
f  626//885 627//885 608//885
f  608//886 627//886 628//886
f  627//887 629//887 628//887
f  628//888 629//888 630//888
f  628//889 630//889 631//889
f  631//890 630//890 632//890
f  631//891 632//891 633//891
f  634//892 635//892 633//892
f  635//893 636//893 633//893
f  633//894 636//894 637//894
f  633//895 637//895 631//895
f  638//896 639//896 640//896
f  640//897 639//897 641//897
f  640//898 641//898 642//898
f  633//899 638//899 634//899
f  634//900 638//900 640//900
f  634//901 640//901 643//901
f  643//902 640//902 644//902
f  618//903 645//903 644//903
f  238//904 240//904 646//904
f  618//905 229//905 233//905
f  233//906 235//906 618//906
f  618//907 235//907 237//907
f  618//908 237//908 238//908
f  645//909 618//909 647//909
f  647//910 618//910 238//910
f  647//911 238//911 648//911
f  648//912 238//912 646//912
f  648//913 646//913 649//913
f  618//914 617//914 229//914
f  229//915 617//915 650//915
f  229//916 650//916 230//916
f  230//917 650//917 651//917
f  230//918 651//918 226//918
f  226//919 651//919 652//919
f  226//920 652//920 224//920
f  224//921 653//921 222//921
f  222//922 653//922 654//922
f  222//923 654//923 221//923
f  221//924 654//924 655//924
f  221//925 655//925 187//925
f  187//926 655//926 656//926
f  187//927 656//927 188//927
f  657//928 658//928 659//928
f  659//929 658//929 613//929
f  659//930 613//930 660//930
f  661//931 662//931 663//931
f  663//932 662//932 664//932
f  663//933 664//933 665//933
f  666//934 665//934 667//934
f  667//935 665//935 664//935
f  667//936 664//936 668//936
f  668//937 664//937 662//937
f  668//938 662//938 669//938
f  621//939 620//939 670//939
f  670//940 620//940 671//940
f  670//941 671//941 672//941
f  672//942 673//942 670//942
f  670//943 673//943 674//943
f  670//944 674//944 675//944
f  675//945 674//945 676//945
f  604//946 605//946 677//946
f  677//947 605//947 606//947
f  677//948 606//948 670//948
f  678//949 619//949 679//949
f  679//950 619//950 621//950
f  679//951 621//951 680//951
f  680//952 621//952 670//952
f  680//953 670//953 681//953
f  681//954 670//954 606//954
f  644//955 640//955 618//955
f  618//956 640//956 682//956
f  618//957 682//957 616//957
f  683//958 684//958 614//958
f  683//959 614//959 685//959
f  686//960 687//960 642//960
f  687//961 688//961 642//961
f  642//962 688//962 689//962
f  642//963 689//963 640//963
f  640//964 689//964 690//964
f  640//965 690//965 682//965
f  224//966 652//966 653//966
f  653//967 652//967 691//967
f  653//968 691//968 692//968
f  693//969 694//969 695//969
f  695//970 696//970 693//970
f  693//971 696//971 697//971
f  693//972 697//972 625//972
f  625//973 697//973 698//973
f  625//974 698//974 608//974
f  608//975 698//975 699//975
f  608//976 699//976 626//976
f  700//977 701//977 702//977
f  702//978 701//978 642//978
f  702//979 642//979 703//979
f  703//980 642//980 641//980
f  704//981 685//981 705//981
f  705//982 685//982 614//982
f  705//983 614//983 706//983
f  706//984 614//984 613//984
f  706//985 613//985 624//985
f  624//986 613//986 658//986
f  624//987 658//987 622//987
f  622//988 658//988 657//988
f  692//989 704//989 653//989
f  653//990 704//990 705//990
f  653//991 705//991 654//991
f  654//992 705//992 706//992
f  654//993 706//993 655//993
f  655//994 706//994 624//994
f  655//995 624//995 656//995
f  656//996 624//996 623//996
f  676//997 669//997 675//997
f  675//998 669//998 662//998
f  675//999 662//999 707//999
f  707//1000 662//1000 661//1000
f  707//1001 661//1001 660//1001
f  684//1002 686//1002 614//1002
f  614//1003 686//1003 642//1003
f  614//1004 642//1004 615//1004
f  615//1005 642//1005 701//1005
f  615//1006 701//1006 693//1006
f  693//1007 701//1007 700//1007
f  693//1008 700//1008 694//1008
f  660//1009 613//1009 707//1009
f  707//1010 613//1010 615//1010
f  707//1011 615//1011 675//1011
f  675//1012 615//1012 693//1012
f  675//1013 693//1013 670//1013
f  670//1014 693//1014 625//1014
f  670//1015 625//1015 677//1015
f  677//1016 625//1016 607//1016
f  677//1017 607//1017 604//1017
f  708//1018 709//1018 710//1018
f  711//1019 679//1019 712//1019
f  712//1020 679//1020 713//1020
f  712//1021 713//1021 714//1021
f  715//1022 716//1022 711//1022
f  711//1023 716//1023 679//1023
f  679//1024 716//1024 717//1024
f  679//1025 717//1025 678//1025
f  665//1026 666//1026 718//1026
f  718//1027 666//1027 719//1027
f  718//1028 719//1028 709//1028
f  719//1029 720//1029 709//1029
f  709//1030 720//1030 721//1030
f  709//1031 721//1031 710//1031
f  710//1032 721//1032 722//1032
f  710//1033 722//1033 715//1033
f  715//1034 711//1034 710//1034
f  710//1035 711//1035 723//1035
f  710//1036 723//1036 708//1036
f  714//1037 724//1037 712//1037
f  712//1038 724//1038 725//1038
f  712//1039 725//1039 711//1039
f  711//1040 725//1040 726//1040
f  711//1041 726//1041 723//1041
f  727//1042 728//1042 729//1042
f  730//1043 665//1043 718//1043
f  731//1044 732//1044 733//1044
f  733//1045 732//1045 734//1045
f  733//1046 734//1046 728//1046
f  728//1047 734//1047 735//1047
f  728//1048 735//1048 729//1048
f  736//1049 737//1049 738//1049
f  739//1050 740//1050 737//1050
f  737//1051 740//1051 741//1051
f  737//1052 741//1052 738//1052
f  737//1053 725//1053 724//1053
f  742//1054 739//1054 743//1054
f  743//1055 739//1055 737//1055
f  743//1056 737//1056 744//1056
f  744//1057 737//1057 724//1057
f  744//1058 724//1058 714//1058
f  725//1059 737//1059 726//1059
f  726//1060 737//1060 736//1060
f  726//1061 736//1061 723//1061
f  730//1062 718//1062 745//1062
f  745//1063 718//1063 709//1063
f  745//1064 709//1064 736//1064
f  736//1065 709//1065 708//1065
f  736//1066 708//1066 723//1066
f  727//1067 730//1067 728//1067
f  728//1068 730//1068 745//1068
f  728//1069 745//1069 733//1069
f  733//1070 745//1070 736//1070
f  733//1071 736//1071 731//1071
f  731//1072 736//1072 738//1072
f  740//1073 739//1073 481//1073
f  746//1074 498//1074 497//1074
f  746//1075 497//1075 747//1075
f  747//1076 497//1076 496//1076
f  747//1077 496//1077 748//1077
f  496//1078 495//1078 748//1078
f  748//1079 495//1079 500//1079
f  748//1080 500//1080 749//1080
f  749//1081 500//1081 504//1081
f  749//1082 504//1082 750//1082
f  750//1083 504//1083 503//1083
f  750//1084 503//1084 751//1084
f  751//1085 503//1085 502//1085
f  751//1086 502//1086 752//1086
f  752//1087 502//1087 753//1087
f  753//1088 502//1088 501//1088
f  753//1089 501//1089 754//1089
f  754//1090 501//1090 453//1090
f  754//1091 453//1091 755//1091
f  453//1092 756//1092 755//1092
f  755//1093 756//1093 757//1093
f  755//1094 757//1094 758//1094
f  758//1095 757//1095 759//1095
f  759//1096 760//1096 758//1096
f  758//1097 760//1097 761//1097
f  758//1098 761//1098 762//1098
f  762//1099 761//1099 763//1099
f  762//1100 763//1100 764//1100
f  764//1101 763//1101 765//1101
f  765//1102 763//1102 766//1102
f  765//1103 766//1103 767//1103
f  766//1104 768//1104 767//1104
f  767//1105 768//1105 769//1105
f  767//1106 769//1106 770//1106
f  771//1107 772//1107 773//1107
f  773//1108 772//1108 774//1108
f  773//1109 774//1109 769//1109
f  769//1110 774//1110 775//1110
f  769//1111 775//1111 770//1111
f  776//1112 777//1112 771//1112
f  771//1113 777//1113 778//1113
f  771//1114 778//1114 772//1114
f  776//1115 779//1115 777//1115
f  777//1116 779//1116 780//1116
f  777//1117 780//1117 781//1117
f  781//1118 780//1118 782//1118
f  781//1119 782//1119 783//1119
f  783//1120 782//1120 784//1120
f  785//1121 786//1121 787//1121
f  787//1122 786//1122 788//1122
f  787//1123 788//1123 789//1123
f  789//1124 788//1124 783//1124
f  789//1125 783//1125 790//1125
f  790//1126 783//1126 784//1126
f  791//1127 792//1127 785//1127
f  785//1128 792//1128 793//1128
f  785//1129 793//1129 786//1129
f  785//1130 794//1130 791//1130
f  791//1131 794//1131 795//1131
f  791//1132 795//1132 796//1132
f  795//1133 797//1133 796//1133
f  796//1134 797//1134 798//1134
f  796//1135 798//1135 799//1135
f  799//1136 798//1136 800//1136
f  799//1137 800//1137 801//1137
f  498//1138 746//1138 499//1138
f  499//1139 746//1139 802//1139
f  499//1140 802//1140 494//1140
f  494//1141 802//1141 803//1141
f  494//1142 803//1142 487//1142
f  487//1143 803//1143 727//1143
f  487//1144 727//1144 482//1144
f  482//1145 727//1145 729//1145
f  482//1146 729//1146 483//1146
f  483//1147 729//1147 735//1147
f  483//1148 735//1148 485//1148
f  485//1149 735//1149 734//1149
f  485//1150 734//1150 486//1150
f  734//1151 732//1151 486//1151
f  486//1152 732//1152 731//1152
f  486//1153 731//1153 480//1153
f  480//1154 731//1154 738//1154
f  480//1155 738//1155 481//1155
f  481//1156 738//1156 741//1156
f  481//1157 741//1157 740//1157
f  739//1158 742//1158 481//1158
f  481//1159 742//1159 804//1159
f  481//1160 804//1160 448//1160
f  448//1161 804//1161 476//1161
f  611//1162 610//1162 805//1162
f  609//1163 608//1163 806//1163
f  646//1164 240//1164 421//1164
f  807//1165 808//1165 809//1165
f  810//1166 811//1166 812//1166
f  813//1167 814//1167 815//1167
f  813//1168 815//1168 816//1168
f  817//1169 818//1169 819//1169
f  819//1170 818//1170 812//1170
f  819//1171 812//1171 820//1171
f  820//1172 812//1172 811//1172
f  816//1173 821//1173 822//1173
f  822//1174 821//1174 818//1174
f  822//1175 818//1175 823//1175
f  823//1176 818//1176 817//1176
f  824//1177 825//1177 826//1177
f  827//1178 826//1178 828//1178
f  828//1179 826//1179 825//1179
f  828//1180 825//1180 829//1180
f  829//1181 825//1181 830//1181
f  830//1182 825//1182 824//1182
f  830//1183 824//1183 831//1183
f  831//1184 824//1184 832//1184
f  831//1185 832//1185 833//1185
f  833//1186 832//1186 834//1186
f  833//1187 834//1187 835//1187
f  835//1188 834//1188 836//1188
f  835//1189 836//1189 837//1189
f  838//1190 839//1190 836//1190
f  836//1191 839//1191 840//1191
f  836//1192 840//1192 837//1192
f  841//1193 387//1193 386//1193
f  841//1194 842//1194 387//1194
f  387//1195 842//1195 843//1195
f  387//1196 843//1196 415//1196
f  415//1197 843//1197 844//1197
f  415//1198 844//1198 416//1198
f  844//1199 807//1199 416//1199
f  416//1200 807//1200 809//1200
f  416//1201 809//1201 421//1201
f  845//1202 846//1202 809//1202
f  809//1203 846//1203 847//1203
f  809//1204 847//1204 421//1204
f  421//1205 847//1205 649//1205
f  421//1206 649//1206 646//1206
f  848//1207 849//1207 850//1207
f  848//1208 850//1208 809//1208
f  809//1209 850//1209 851//1209
f  809//1210 851//1210 845//1210
f  852//1211 853//1211 854//1211
f  854//1212 853//1212 855//1212
f  854//1213 855//1213 856//1213
f  856//1214 855//1214 849//1214
f  856//1215 849//1215 857//1215
f  857//1216 849//1216 848//1216
f  857//1217 848//1217 858//1217
f  858//1218 848//1218 859//1218
f  858//1219 859//1219 860//1219
f  852//1220 854//1220 631//1220
f  631//1221 854//1221 861//1221
f  631//1222 861//1222 628//1222
f  861//1223 862//1223 628//1223
f  628//1224 862//1224 863//1224
f  628//1225 863//1225 608//1225
f  608//1226 863//1226 864//1226
f  864//1227 865//1227 608//1227
f  608//1228 865//1228 866//1228
f  608//1229 866//1229 806//1229
f  816//1230 815//1230 821//1230
f  821//1231 815//1231 867//1231
f  821//1232 867//1232 818//1232
f  818//1233 867//1233 868//1233
f  818//1234 868//1234 805//1234
f  805//1235 868//1235 612//1235
f  805//1236 612//1236 611//1236
f  869//1237 870//1237 871//1237
f  871//1238 870//1238 806//1238
f  871//1239 806//1239 872//1239
f  872//1240 806//1240 866//1240
f  869//1241 873//1241 870//1241
f  870//1242 873//1242 874//1242
f  870//1243 874//1243 875//1243
f  875//1244 874//1244 876//1244
f  875//1245 876//1245 859//1245
f  859//1246 876//1246 877//1246
f  859//1247 877//1247 860//1247
f  878//1248 879//1248 841//1248
f  841//1249 879//1249 880//1249
f  841//1250 880//1250 842//1250
f  881//1251 882//1251 883//1251
f  882//1252 884//1252 883//1252
f  883//1253 884//1253 885//1253
f  883//1254 885//1254 878//1254
f  878//1255 885//1255 886//1255
f  878//1256 886//1256 879//1256
f  808//1257 887//1257 809//1257
f  809//1258 887//1258 888//1258
f  809//1259 888//1259 848//1259
f  848//1260 888//1260 889//1260
f  848//1261 889//1261 859//1261
f  859//1262 889//1262 890//1262
f  859//1263 890//1263 891//1263
f  891//1264 881//1264 859//1264
f  859//1265 881//1265 883//1265
f  859//1266 883//1266 875//1266
f  875//1267 883//1267 892//1267
f  875//1268 892//1268 870//1268
f  832//1269 893//1269 834//1269
f  834//1270 893//1270 894//1270
f  834//1271 894//1271 836//1271
f  836//1272 894//1272 895//1272
f  836//1273 895//1273 838//1273
f  838//1274 895//1274 427//1274
f  838//1275 427//1275 839//1275
f  839//1276 427//1276 428//1276
f  839//1277 428//1277 429//1277
f  824//1278 892//1278 832//1278
f  832//1279 892//1279 883//1279
f  832//1280 883//1280 893//1280
f  893//1281 883//1281 878//1281
f  893//1282 878//1282 894//1282
f  894//1283 878//1283 841//1283
f  894//1284 841//1284 895//1284
f  895//1285 841//1285 386//1285
f  895//1286 386//1286 427//1286
f  826//1287 810//1287 824//1287
f  824//1288 810//1288 812//1288
f  824//1289 812//1289 892//1289
f  892//1290 812//1290 818//1290
f  892//1291 818//1291 870//1291
f  870//1292 818//1292 805//1292
f  870//1293 805//1293 806//1293
f  806//1294 805//1294 610//1294
f  806//1295 610//1295 609//1295
f  896//1296 897//1296 898//1296
f  898//1297 897//1297 899//1297
f  898//1298 899//1298 900//1298
f  900//1299 899//1299 901//1299
f  900//1300 901//1300 902//1300
f  902//1301 901//1301 903//1301
f  902//1302 903//1302 904//1302
f  904//1303 903//1303 905//1303
f  904//1304 905//1304 906//1304
f  906//1305 905//1305 907//1305
f  906//1306 907//1306 908//1306
f  908//1307 907//1307 909//1307
f  908//1308 909//1308 910//1308
f  910//1309 909//1309 911//1309
f  910//1310 911//1310 912//1310
f  912//1311 911//1311 913//1311
f  912//1312 913//1312 914//1312
f  914//1313 913//1313 915//1313
f  914//1314 915//1314 916//1314
f  896//1315 898//1315 917//1315
f  917//1316 898//1316 918//1316
f  917//1317 918//1317 919//1317
f  919//1318 918//1318 920//1318
f  920//1319 918//1319 921//1319
f  920//1320 921//1320 922//1320
f  922//1321 921//1321 923//1321
f  922//1322 923//1322 924//1322
f  924//1323 923//1323 925//1323
f  924//1324 925//1324 926//1324
f  926//1325 925//1325 927//1325
f  926//1326 927//1326 928//1326
f  928//1327 927//1327 929//1327
f  928//1328 929//1328 930//1328
f  929//1329 931//1329 930//1329
f  930//1330 931//1330 932//1330
f  930//1331 932//1331 933//1331
f  933//1332 932//1332 934//1332
f  933//1333 934//1333 935//1333
f  935//1334 934//1334 936//1334
f  935//1335 936//1335 937//1335
f  937//1336 936//1336 938//1336
f  938//1337 939//1337 937//1337
f  937//1338 939//1338 940//1338
f  937//1339 940//1339 941//1339
f  941//1340 940//1340 942//1340
f  941//1341 942//1341 943//1341
f  944//1342 945//1342 942//1342
f  942//1343 945//1343 946//1343
f  942//1344 946//1344 943//1344
f  944//1345 947//1345 945//1345
f  945//1346 947//1346 801//1346
f  945//1347 801//1347 800//1347
f  948//1348 949//1348 950//1348
f  950//1349 949//1349 951//1349
f  950//1350 951//1350 915//1350
f  915//1351 951//1351 952//1351
f  915//1352 952//1352 916//1352
f  953//1353 954//1353 955//1353
f  955//1354 954//1354 956//1354
f  955//1355 956//1355 957//1355
f  957//1356 956//1356 958//1356
f  957//1357 958//1357 948//1357
f  948//1358 958//1358 959//1358
f  948//1359 959//1359 949//1359
f  960//1360 961//1360 962//1360
f  962//1361 961//1361 963//1361
f  962//1362 963//1362 964//1362
f  964//1363 963//1363 965//1363
f  964//1364 965//1364 966//1364
f  966//1365 965//1365 967//1365
f  966//1366 967//1366 953//1366
f  953//1367 967//1367 968//1367
f  953//1368 968//1368 954//1368
f  969//1369 970//1369 960//1369
f  960//1370 970//1370 971//1370
f  960//1371 971//1371 961//1371
f  960//1372 972//1372 969//1372
f  969//1373 972//1373 973//1373
f  969//1374 973//1374 974//1374
f  974//1375 973//1375 975//1375
f  974//1376 975//1376 976//1376
f  976//1377 975//1377 977//1377
f  976//1378 977//1378 978//1378
f  978//1379 977//1379 979//1379
f  979//1380 977//1380 980//1380
f  979//1381 980//1381 981//1381
f  982//1382 983//1382 984//1382
f  984//1383 983//1383 985//1383
f  981//1384 980//1384 986//1384
f  986//1385 980//1385 985//1385
f  986//1386 985//1386 987//1386
f  987//1387 985//1387 983//1387
f  987//1388 983//1388 988//1388
f  989//1389 990//1389 991//1389
f  992//1390 993//1390 994//1390
f  994//1391 993//1391 995//1391
f  996//1392 997//1392 998//1392
f  998//1392 997//1392 999//1392
f  1000//1393 1001//1393 1002//1393
f  1003//1394 1004//1394 1005//1394
f  1005//1394 1004//1394 1006//1394
f  1007//1394 1002//1394 1008//1394
f  1008//1394 1002//1394 1001//1394
f  1009//1395 1010//1395 1011//1395
f  1009//1396 1011//1396 1012//1396
f  1013//1397 1014//1397 1015//1397
f  1015//1397 1014//1397 1012//1397
f  1010//1395 1014//1395 1016//1395
f  1016//1398 1014//1398 1013//1398
f  1016//1399 1013//1399 1017//1399
f  1017//1400 1013//1400 1018//1400
f  1017//1401 1018//1401 992//1401
f  992//1402 1018//1402 1019//1402
f  992//1403 1019//1403 993//1403
f  1011//1404 1020//1404 1012//1404
f  1012//1405 1020//1405 1021//1405
f  1012//1406 1021//1406 1015//1406
f  1015//1407 1021//1407 1022//1407
f  1015//1408 1022//1408 1023//1408
f  1023//1409 1022//1409 1024//1409
f  1023//1410 1024//1410 1025//1410
f  1024//1411 1026//1411 1025//1411
f  1025//1412 1026//1412 1027//1412
f  1025//1413 1027//1413 1028//1413
f  1028//1414 1027//1414 1029//1414
f  1028//1415 1029//1415 1030//1415
f  1031//1416 1032//1416 1033//1416
f  1034//1417 1035//1417 1036//1417
f  1037//1418 1038//1418 1039//1418
f  1040//1419 1041//1419 1042//1419
f  1042//1420 1043//1420 1040//1420
f  1040//1421 1043//1421 1044//1421
f  1040//1422 1044//1422 1045//1422
f  1037//1418 1039//1418 1046//1418
f  1047//1423 1032//1423 1048//1423
f  1040//1424 1046//1424 1041//1424
f  1041//1425 1046//1425 1039//1425
f  1041//1426 1039//1426 1049//1426
f  1049//1427 1039//1427 1047//1427
f  1049//1428 1047//1428 1050//1428
f  1050//1429 1047//1429 1048//1429
f  1036//1430 1035//1430 1047//1430
f  1034//1431 1036//1431 1051//1431
f  1051//1432 1036//1432 1052//1432
f  1051//1433 1052//1433 1053//1433
f  1033//1434 1032//1434 1054//1434
f  1047//1435 1035//1435 1032//1435
f  1032//1436 1035//1436 1055//1436
f  1032//1437 1055//1437 1054//1437
f  1056//1438 1057//1438 1033//1438
f  1033//1439 1057//1439 1058//1439
f  1033//1440 1058//1440 1031//1440
f  1059//1441 1060//1441 1061//1441
f  1061//1442 1060//1442 1062//1442
f  1056//1443 1063//1443 1060//1443
f  1060//1444 1063//1444 1064//1444
f  1060//1445 1064//1445 1062//1445
f  1059//1446 1065//1446 1060//1446
f  1060//1447 1065//1447 1066//1447
f  1060//1448 1066//1448 1056//1448
f  1056//1449 1066//1449 1067//1449
f  1056//1450 1067//1450 1068//1450
f  1068//1451 1069//1451 1056//1451
f  1056//1452 1069//1452 1070//1452
f  1056//1453 1070//1453 1057//1453
f  1052//1454 1071//1454 1053//1454
f  1053//1455 1071//1455 1072//1455
f  1053//1424 1072//1424 1073//1424
f  1074//1456 1073//1456 1075//1456
f  1075//1457 1073//1457 1076//1457
f  1074//1458 1077//1458 1073//1458
f  1073//1459 1077//1459 1078//1459
f  1073//1460 1078//1460 1053//1460
f  1079//1389 1080//1389 1081//1389
f  1082//1461 1083//1461 1084//1461
f  1084//1461 1083//1461 1085//1461
f  1084//1462 1085//1462 1086//1462
f  1086//1462 1085//1462 1087//1462
f  1086//1463 1087//1463 1088//1463
f  1088//1463 1087//1463 1089//1463
f  1090//1464 1089//1464 1091//1464
f  1019//1393 995//1393 993//1393
f  1004//1465 1092//1465 1006//1465
f  1008//1393 1093//1393 1007//1393
f  1094//1466 1095//1466 1096//1466
f  1097//1467 1098//1467 1099//1467
f  1100//1468 1101//1468 1102//1468
f  1103//1469 1104//1469 1105//1469
f  1106//1470 1107//1470 1108//1470
f  1109//1471 1110//1471 1111//1471
f  1104//1472 1112//1472 1105//1472
f  995//1473 1019//1473 1113//1473
f  1114//1474 1115//1474 1116//1474
f  1116//1475 1115//1475 1117//1475
f  1115//1476 1118//1476 1117//1476
f  1117//1477 1118//1477 1119//1477
f  1117//1478 1119//1478 1113//1478
f  1113//1479 1119//1479 1120//1479
f  1113//1480 1120//1480 995//1480
f  995//1481 1120//1481 1121//1481
f  995//1482 1121//1482 994//1482
f  994//1483 1121//1483 992//1483
f  992//1484 1121//1484 1011//1484
f  992//1395 1011//1395 1017//1395
f  1017//1395 1011//1395 1010//1395
f  1017//1395 1010//1395 1016//1395
f  1122//1485 1045//1485 1123//1485
f  1122//1486 1123//1486 1124//1486
f  1124//1487 1123//1487 1125//1487
f  1124//1488 1125//1488 1126//1488
f  1126//1489 1125//1489 1127//1489
f  1126//1490 1127//1490 1128//1490
f  1128//1491 1127//1491 1129//1491
f  1128//1492 1129//1492 1130//1492
f  1130//1493 1129//1493 1131//1493
f  1130//1494 1131//1494 1132//1494
f  1132//1495 1131//1495 1133//1495
f  1132//1496 1133//1496 1134//1496
f  1134//1497 1133//1497 1135//1497
f  1134//1498 1135//1498 1136//1498
f  1136//1499 1135//1499 1137//1499
f  1137//1500 1135//1500 1096//1500
f  1137//1501 1096//1501 1138//1501
f  1138//1502 1096//1502 1095//1502
f  1138//1503 1095//1503 1139//1503
f  1139//1504 1095//1504 1140//1504
f  1139//1505 1140//1505 1141//1505
f  1141//1506 1140//1506 1142//1506
f  1141//1507 1142//1507 1143//1507
f  1144//1508 1145//1508 1146//1508
f  1098//1509 1097//1509 1147//1509
f  1142//1510 1148//1510 1143//1510
f  1143//1511 1148//1511 1149//1511
f  1143//1512 1149//1512 1147//1512
f  1147//1513 1149//1513 1150//1513
f  1147//1514 1150//1514 1098//1514
f  1146//1515 1145//1515 1151//1515
f  1151//1516 1145//1516 1152//1516
f  1151//1517 1152//1517 1097//1517
f  1097//1518 1152//1518 1153//1518
f  1097//1519 1153//1519 1147//1519
f  1154//1520 1155//1520 1156//1520
f  1144//1521 1146//1521 1157//1521
f  1157//1522 1146//1522 1158//1522
f  1157//1523 1158//1523 1159//1523
f  1159//1524 1158//1524 1160//1524
f  1159//1525 1160//1525 1161//1525
f  1161//1525 1160//1525 1162//1525
f  1161//1526 1162//1526 1163//1526
f  1163//1527 1162//1527 1164//1527
f  1163//1528 1164//1528 1165//1528
f  1165//1529 1164//1529 1166//1529
f  1165//1530 1166//1530 1167//1530
f  1166//1531 1168//1531 1167//1531
f  1167//1532 1168//1532 1169//1532
f  1167//1533 1169//1533 1170//1533
f  1170//1534 1169//1534 1171//1534
f  1170//1535 1171//1535 1172//1535
f  1171//1536 1173//1536 1172//1536
f  1172//1537 1173//1537 1174//1537
f  1172//1538 1174//1538 1175//1538
f  1174//1539 1176//1539 1175//1539
f  1175//1539 1176//1539 1177//1539
f  1175//1540 1177//1540 1178//1540
f  1178//1541 1177//1541 1179//1541
f  1178//1539 1179//1539 1180//1539
f  1180//1542 1179//1542 1181//1542
f  1180//1543 1181//1543 1182//1543
f  1182//1544 1181//1544 1109//1544
f  1182//1545 1109//1545 1156//1545
f  1156//1546 1109//1546 1111//1546
f  1156//1547 1111//1547 1154//1547
f  1154//1548 1183//1548 1155//1548
f  1155//1549 1183//1549 1103//1549
f  1155//1550 1103//1550 1184//1550
f  1184//1551 1103//1551 1105//1551
f  1184//1552 1105//1552 1185//1552
f  1185//1553 1105//1553 1186//1553
f  1186//1554 1105//1554 1112//1554
f  1186//1555 1112//1555 1187//1555
f  1187//1556 1112//1556 1188//1556
f  1187//1557 1188//1557 1189//1557
f  1189//1558 1188//1558 1190//1558
f  1190//1559 1188//1559 1191//1559
f  1190//1560 1191//1560 1192//1560
f  1192//1561 1191//1561 1193//1561
f  1192//1562 1193//1562 1194//1562
f  1195//1563 1196//1563 1107//1563
f  1107//1564 1196//1564 1194//1564
f  1107//1565 1194//1565 1108//1565
f  1108//1566 1194//1566 1193//1566
f  1195//1567 1197//1567 1196//1567
f  1196//1568 1197//1568 1198//1568
f  1196//1569 1198//1569 1199//1569
f  1199//1570 1198//1570 1200//1570
f  1199//1571 1200//1571 1201//1571
f  1201//1572 1200//1572 1202//1572
f  1201//1573 1202//1573 1203//1573
f  1203//1574 1202//1574 1204//1574
f  1203//1575 1204//1575 1205//1575
f  1206//1576 1207//1576 1208//1576
f  1208//1577 1207//1577 1209//1577
f  1208//1578 1209//1578 1210//1578
f  1210//1579 1209//1579 1211//1579
f  1210//1580 1211//1580 1101//1580
f  1101//1581 1211//1581 1205//1581
f  1101//1582 1205//1582 1102//1582
f  1102//1583 1205//1583 1204//1583
f  1206//1584 1208//1584 1212//1584
f  1212//1585 1208//1585 1213//1585
f  1212//1586 1213//1586 1214//1586
f  1214//1587 1213//1587 1215//1587
f  1215//1588 1213//1588 1216//1588
f  1215//1589 1216//1589 1217//1589
f  1076//1485 1218//1485 1219//1485
f  1219//1590 1218//1590 1220//1590
f  1219//1591 1220//1591 1221//1591
f  1221//1592 1220//1592 1217//1592
f  1221//1593 1217//1593 1222//1593
f  1222//1594 1217//1594 1216//1594
f  1223//1595 1224//1595 1225//1595
f  1226//1596 1227//1596 1228//1596
f  1226//1597 1228//1597 1229//1597
f  1223//1598 1225//1598 1230//1598
f  1228//1599 1231//1599 1229//1599
f  1229//1600 1231//1600 1232//1600
f  1229//1601 1232//1601 1233//1601
f  1233//1602 1232//1602 1234//1602
f  1233//1603 1234//1603 1235//1603
f  1234//1604 1230//1604 1235//1604
f  1235//1605 1230//1605 1225//1605
f  1235//1606 1225//1606 1233//1606
f  1233//1607 1225//1607 1236//1607
f  1233//1608 1236//1608 1229//1608
f  1229//1609 1236//1609 1237//1609
f  1229//1610 1237//1610 1226//1610
f  1238//1611 1239//1611 1240//1611
f  1240//1612 1239//1612 1241//1612
f  1240//1613 1241//1613 1242//1613
f  1242//1614 1241//1614 1243//1614
f  1242//1615 1243//1615 1244//1615
f  1245//1616 1246//1616 1247//1616
f  1247//1617 1248//1617 1238//1617
f  1238//1618 1248//1618 1249//1618
f  1238//1619 1249//1619 1239//1619
f  1247//1620 1238//1620 1245//1620
f  1245//1621 1238//1621 1240//1621
f  1245//1622 1240//1622 1250//1622
f  1250//1623 1240//1623 1242//1623
f  1250//1624 1242//1624 1251//1624
f  1251//1625 1242//1625 1244//1625
f  1251//1626 1244//1626 1252//1626
f  1243//1627 1253//1627 1244//1627
f  1244//1628 1253//1628 1254//1628
f  1244//1629 1254//1629 1252//1629
f  1252//1630 1254//1630 1255//1630
f  1252//1631 1255//1631 1256//1631
f  1256//1632 1255//1632 1257//1632
f  1231//1633 1228//1633 1258//1633
f  1259//1634 1260//1634 1261//1634
f  1262//1635 1253//1635 1243//1635
f  1249//1636 1248//1636 1263//1636
f  1264//1637 1239//1637 1249//1637
f  1265//1638 1241//1638 1239//1638
f  1266//1639 1262//1639 1267//1639
f  1267//1640 1262//1640 1243//1640
f  1267//1641 1243//1641 1241//1641
f  1268//1642 1269//1642 1267//1642
f  1267//1643 1269//1643 1270//1643
f  1267//1644 1270//1644 1266//1644
f  1259//1645 1271//1645 1260//1645
f  1260//1646 1271//1646 1272//1646
f  1260//1647 1272//1647 1268//1647
f  1268//1648 1272//1648 1273//1648
f  1268//1649 1273//1649 1269//1649
f  1274//1650 1275//1650 1261//1650
f  1261//1651 1275//1651 1276//1651
f  1261//1652 1276//1652 1259//1652
f  1277//1653 1278//1653 1274//1653
f  1274//1654 1278//1654 1279//1654
f  1274//1655 1279//1655 1275//1655
f  1231//1656 1258//1656 1232//1656
f  1280//1657 1230//1657 1281//1657
f  1281//1658 1230//1658 1234//1658
f  1281//1659 1234//1659 1282//1659
f  1282//1660 1234//1660 1232//1660
f  1282//1661 1232//1661 1283//1661
f  1283//1662 1232//1662 1258//1662
f  1249//1663 1284//1663 1264//1663
f  1264//1664 1284//1664 1285//1664
f  1264//1665 1285//1665 1286//1665
f  1286//1666 1285//1666 1287//1666
f  1286//1667 1287//1667 1288//1667
f  1288//1668 1287//1668 1289//1668
f  1288//1669 1289//1669 1290//1669
f  1290//1670 1289//1670 1291//1670
f  1290//1671 1291//1671 1292//1671
f  1239//1672 1264//1672 1265//1672
f  1265//1673 1264//1673 1286//1673
f  1265//1674 1286//1674 1293//1674
f  1293//1675 1286//1675 1288//1675
f  1293//1676 1288//1676 1294//1676
f  1294//1677 1288//1677 1290//1677
f  1294//1678 1290//1678 1295//1678
f  1295//1679 1290//1679 1292//1679
f  1295//1680 1292//1680 1296//1680
f  1241//1681 1265//1681 1267//1681
f  1267//1682 1265//1682 1293//1682
f  1267//1683 1293//1683 1268//1683
f  1268//1684 1293//1684 1294//1684
f  1268//1685 1294//1685 1260//1685
f  1260//1686 1294//1686 1295//1686
f  1260//1687 1295//1687 1261//1687
f  1261//1688 1295//1688 1296//1688
f  1261//1689 1296//1689 1274//1689
f  1249//1690 1263//1690 1284//1690
f  1284//1691 1263//1691 1297//1691
f  1284//1692 1297//1692 1285//1692
f  1285//1693 1297//1693 1298//1693
f  1285//1694 1298//1694 1287//1694
f  1287//1695 1298//1695 1299//1695
f  1287//1696 1299//1696 1289//1696
f  1289//1697 1299//1697 1280//1697
f  1289//1698 1280//1698 1291//1698
f  1291//1699 1280//1699 1281//1699
f  1291//1700 1281//1700 1292//1700
f  1292//1701 1281//1701 1282//1701
f  1292//1702 1282//1702 1296//1702
f  1296//1703 1282//1703 1283//1703
f  1296//1704 1283//1704 1274//1704
f  1274//1705 1283//1705 1258//1705
f  1274//1706 1258//1706 1277//1706
f  1277//1707 1258//1707 1228//1707
f  1277//1708 1228//1708 1227//1708
f  1298//1709 1297//1709 1300//1709
f  1300//1710 1297//1710 1263//1710
f  1300//1711 1263//1711 1248//1711
f  1230//1712 1280//1712 1300//1712
f  1300//1713 1280//1713 1299//1713
f  1300//1714 1299//1714 1298//1714
f  1301//1715 1224//1715 1300//1715
f  1300//1716 1224//1716 1223//1716
f  1300//1717 1223//1717 1230//1717
f  1248//1718 1247//1718 1300//1718
f  1300//1719 1247//1719 1246//1719
f  1300//1720 1246//1720 1302//1720
f  1303//1721 1301//1721 1304//1721
f  1304//1722 1301//1722 1300//1722
f  1304//1723 1300//1723 1305//1723
f  1305//1724 1300//1724 1302//1724
f  1305//1725 1302//1725 1306//1725
f  1307//1726 1308//1726 1309//1726
f  1310//1727 1304//1727 1305//1727
f  1256//1728 1257//1728 1311//1728
f  1252//1729 1312//1729 1251//1729
f  1251//1730 1312//1730 1313//1730
f  1251//1731 1313//1731 1250//1731
f  1314//1732 1245//1732 1250//1732
f  1302//1733 1246//1733 1245//1733
f  1303//1734 1304//1734 1315//1734
f  1315//1735 1304//1735 1310//1735
f  1315//1736 1310//1736 1316//1736
f  1301//1737 1303//1737 1317//1737
f  1317//1738 1303//1738 1315//1738
f  1317//1739 1315//1739 1318//1739
f  1318//1740 1315//1740 1316//1740
f  1318//1741 1316//1741 1319//1741
f  1320//1742 1321//1742 1322//1742
f  1307//1743 1309//1743 1323//1743
f  1323//1744 1309//1744 1314//1744
f  1323//1745 1314//1745 1324//1745
f  1325//1746 1326//1746 1307//1746
f  1307//1747 1326//1747 1321//1747
f  1307//1748 1321//1748 1308//1748
f  1308//1749 1321//1749 1320//1749
f  1325//1750 1307//1750 1327//1750
f  1327//1751 1307//1751 1323//1751
f  1327//1752 1323//1752 1328//1752
f  1314//1753 1250//1753 1324//1753
f  1324//1754 1250//1754 1313//1754
f  1324//1755 1313//1755 1323//1755
f  1323//1756 1313//1756 1329//1756
f  1323//1757 1329//1757 1328//1757
f  1225//1758 1330//1758 1236//1758
f  1236//1759 1330//1759 1331//1759
f  1236//1760 1331//1760 1237//1760
f  1237//1761 1331//1761 1332//1761
f  1237//1762 1332//1762 1226//1762
f  1226//1763 1332//1763 1333//1763
f  1334//1764 1333//1764 1319//1764
f  1319//1765 1333//1765 1332//1765
f  1319//1766 1332//1766 1318//1766
f  1318//1767 1332//1767 1331//1767
f  1318//1768 1331//1768 1317//1768
f  1317//1769 1331//1769 1330//1769
f  1317//1770 1330//1770 1301//1770
f  1301//1771 1330//1771 1225//1771
f  1301//1772 1225//1772 1224//1772
f  1326//1773 1335//1773 1321//1773
f  1321//1774 1335//1774 1336//1774
f  1321//1775 1336//1775 1322//1775
f  1322//1776 1336//1776 1337//1776
f  1322//1777 1337//1777 1338//1777
f  1338//1778 1337//1778 1339//1778
f  1338//1779 1339//1779 1340//1779
f  1245//1780 1314//1780 1302//1780
f  1302//1781 1314//1781 1309//1781
f  1302//1782 1309//1782 1306//1782
f  1306//1783 1309//1783 1308//1783
f  1306//1784 1308//1784 1305//1784
f  1305//1785 1308//1785 1320//1785
f  1305//1786 1320//1786 1310//1786
f  1310//1787 1320//1787 1322//1787
f  1310//1788 1322//1788 1316//1788
f  1316//1789 1322//1789 1338//1789
f  1316//1790 1338//1790 1319//1790
f  1319//1791 1338//1791 1340//1791
f  1319//1792 1340//1792 1334//1792
f  1252//1793 1256//1793 1312//1793
f  1312//1794 1256//1794 1311//1794
f  1312//1795 1311//1795 1313//1795
f  1313//1796 1311//1796 1341//1796
f  1313//1797 1341//1797 1329//1797
f  1329//1798 1341//1798 1342//1798
f  1329//1799 1342//1799 1328//1799
f  1328//1800 1342//1800 1343//1800
f  1328//1801 1343//1801 1327//1801
f  1327//1802 1343//1802 1344//1802
f  1327//1803 1344//1803 1325//1803
f  1325//1804 1344//1804 1345//1804
f  1325//1805 1345//1805 1326//1805
f  1326//1806 1345//1806 1346//1806
f  1326//1807 1346//1807 1335//1807
f  1335//1808 1346//1808 1347//1808
f  1335//1809 1347//1809 1336//1809
f  1336//1810 1347//1810 1348//1810
f  1336//1811 1348//1811 1337//1811
f  1337//1812 1348//1812 1349//1812
f  1337//1813 1349//1813 1339//1813
f  826//1814 1226//1814 1333//1814
f  826//1815 1333//1815 810//1815
f  1333//1816 1334//1816 810//1816
f  810//1817 1334//1817 1340//1817
f  810//1818 1340//1818 811//1818
f  811//1819 1340//1819 1339//1819
f  811//1820 1339//1820 820//1820
f  820//1821 1339//1821 1349//1821
f  820//1822 1349//1822 819//1822
f  1349//1823 1348//1823 819//1823
f  819//1824 1348//1824 1347//1824
f  819//1825 1347//1825 817//1825
f  1347//1826 1346//1826 817//1826
f  817//1827 1346//1827 1345//1827
f  817//1828 1345//1828 823//1828
f  1345//1829 1344//1829 823//1829
f  823//1830 1344//1830 1343//1830
f  823//1831 1343//1831 822//1831
f  1343//1832 1342//1832 822//1832
f  822//1833 1342//1833 1341//1833
f  822//1834 1341//1834 816//1834
f  816//1835 1341//1835 1311//1835
f  816//1836 1311//1836 1257//1836
f  1227//1837 1226//1837 827//1837
f  827//1838 1226//1838 826//1838
f  1350//1839 1253//1839 1262//1839
f  814//1840 1350//1840 1351//1840
f  1351//1841 1350//1841 1262//1841
f  1351//1842 1262//1842 1352//1842
f  1352//1843 1262//1843 1266//1843
f  1352//1844 1266//1844 1270//1844
f  1272//1845 1353//1845 1273//1845
f  1273//1846 1353//1846 1352//1846
f  1273//1847 1352//1847 1269//1847
f  1269//1848 1352//1848 1270//1848
f  1272//1849 1271//1849 1353//1849
f  1353//1850 1271//1850 1259//1850
f  1353//1851 1259//1851 1354//1851
f  1259//1852 1276//1852 1354//1852
f  1354//1853 1276//1853 1275//1853
f  1354//1854 1275//1854 1355//1854
f  1275//1855 1279//1855 1355//1855
f  1355//1856 1279//1856 1278//1856
f  1355//1857 1278//1857 827//1857
f  827//1858 1278//1858 1277//1858
f  827//1859 1277//1859 1227//1859
f  1350//1860 814//1860 813//1860
f  1253//1861 1350//1861 1254//1861
f  1254//1862 1350//1862 1255//1862
f  1350//1863 813//1863 1255//1863
f  1255//1864 813//1864 816//1864
f  1255//1865 816//1865 1257//1865
f  1356//1866 1357//1866 4//1866
f  45//1867 46//1867 51//1867
f  45//1868 1358//1868 44//1868
f  44//1869 1358//1869 4//1869
f  45//1870 51//1870 1358//1870
f  1358//1871 51//1871 1359//1871
f  1358//1872 1359//1872 4//1872
f  4//1873 1359//1873 1360//1873
f  4//1874 1360//1874 1356//1874
f  1361//1875 1362//1875 1363//1875
f  4//1876 1357//1876 1361//1876
f  1363//1877 24//1877 1364//1877
f  1361//1878 1363//1878 4//1878
f  4//1879 1363//1879 1364//1879
f  4//1880 1364//1880 5//1880
f  24//1881 23//1881 1364//1881
f  1364//1882 23//1882 18//1882
f  1364//1883 18//1883 5//1883
f  1365//1884 1366//1884 1367//1884
f  1368//1885 1369//1885 1370//1885
f  1371//1886 1369//1886 1372//1886
f  1372//1887 1369//1887 1368//1887
f  1372//1888 1368//1888 1373//1888
f  1373//1889 1368//1889 1374//1889
f  1361//1890 1357//1890 1374//1890
f  26//1891 25//1891 1375//1891
f  1375//1892 25//1892 1376//1892
f  1375//1893 1376//1893 1370//1893
f  1370//1894 1376//1894 1377//1894
f  1370//1895 1377//1895 1368//1895
f  1378//1896 1379//1896 1380//1896
f  1380//1897 1379//1897 1381//1897
f  1380//1898 1381//1898 1382//1898
f  1382//1899 1381//1899 1367//1899
f  1382//1900 1367//1900 1383//1900
f  1383//1901 1367//1901 1366//1901
f  1374//1902 1368//1902 1361//1902
f  1361//1903 1368//1903 1377//1903
f  1361//1904 1377//1904 1362//1904
f  1362//1905 1377//1905 1376//1905
f  1362//1906 1376//1906 1363//1906
f  1363//1907 1376//1907 25//1907
f  1363//1908 25//1908 24//1908
f  29//1909 28//1909 1384//1909
f  1384//1910 28//1910 27//1910
f  26//1911 1375//1911 27//1911
f  27//1912 1375//1912 1385//1912
f  27//1913 1385//1913 1384//1913
f  1371//1914 1365//1914 1369//1914
f  1369//1915 1365//1915 1367//1915
f  1369//1916 1367//1916 1370//1916
f  1370//1917 1367//1917 1381//1917
f  1370//1918 1381//1918 1375//1918
f  1375//1919 1381//1919 1379//1919
f  1375//1920 1379//1920 1385//1920
f  1385//1921 1379//1921 1378//1921
f  1385//1922 1378//1922 1384//1922
f  1384//1923 1378//1923 1386//1923
f  1384//1924 1386//1924 29//1924
f  29//1925 1386//1925 1387//1925
f  29//1926 1387//1926 30//1926
f  1388//1927 52//1927 53//1927
f  1389//1928 1390//1928 1391//1928
f  1391//1929 1390//1929 1392//1929
f  1391//1930 1392//1930 1393//1930
f  1365//1931 1371//1931 1392//1931
f  1392//1932 1371//1932 1372//1932
f  1392//1933 1372//1933 1393//1933
f  1393//1934 1372//1934 1373//1934
f  1393//1935 1373//1935 1374//1935
f  1394//1936 1395//1936 1396//1936
f  1396//1937 1395//1937 1397//1937
f  1383//1938 1366//1938 1398//1938
f  1398//1939 1366//1939 1399//1939
f  1398//1940 1399//1940 1400//1940
f  1400//1941 1399//1941 1401//1941
f  1400//1942 1401//1942 1394//1942
f  1394//1943 1401//1943 1402//1943
f  1394//1944 1402//1944 1395//1944
f  1388//1945 1360//1945 52//1945
f  52//1946 1360//1946 1359//1946
f  52//1947 1359//1947 51//1947
f  53//1948 1389//1948 1388//1948
f  1388//1949 1389//1949 1391//1949
f  1388//1950 1391//1950 1360//1950
f  1360//1951 1391//1951 1393//1951
f  1360//1952 1393//1952 1356//1952
f  1356//1953 1393//1953 1374//1953
f  1356//1954 1374//1954 1357//1954
f  1395//1955 50//1955 1397//1955
f  1397//1956 50//1956 48//1956
f  1397//1957 48//1957 1396//1957
f  1396//1958 48//1958 47//1958
f  1396//1959 47//1959 1403//1959
f  1403//1960 47//1960 58//1960
f  1366//1961 1365//1961 1399//1961
f  1399//1962 1365//1962 1392//1962
f  1399//1963 1392//1963 1401//1963
f  1401//1964 1392//1964 1390//1964
f  1401//1965 1390//1965 1402//1965
f  1402//1966 1390//1966 1389//1966
f  1402//1967 1389//1967 1395//1967
f  1395//1968 1389//1968 53//1968
f  1395//1969 53//1969 50//1969
f  1394//1970 196//1970 1400//1970
f  1400//1971 196//1971 201//1971
f  1400//1972 201//1972 1398//1972
f  1398//1973 201//1973 200//1973
f  1398//1974 200//1974 1383//1974
f  1396//1975 198//1975 1394//1975
f  1394//1976 198//1976 197//1976
f  1394//1977 197//1977 196//1977
f  1396//1978 1403//1978 198//1978
f  198//1979 1403//1979 58//1979
f  198//1980 58//1980 63//1980
f  30//1981 1387//1981 62//1981
f  62//1982 1387//1982 445//1982
f  1387//1983 1386//1983 445//1983
f  445//1984 1386//1984 1378//1984
f  445//1985 1378//1985 443//1985
f  1378//1986 1380//1986 443//1986
f  443//1987 1380//1987 1382//1987
f  443//1988 1382//1988 444//1988
f  444//1989 1382//1989 1383//1989
f  444//1990 1383//1990 200//1990
f  1404//1991 1405//1991 1406//1991
f  1407//1992 1408//1992 1409//1992
f  1409//1993 1410//1993 1407//1993
f  1407//1994 1410//1994 1411//1994
f  1407//1995 1411//1995 1406//1995
f  1406//1996 1411//1996 1412//1996
f  1406//1997 1412//1997 1404//1997
f  1413//1998 1414//1998 1408//1998
f  1408//1999 1407//1999 1413//1999
f  1413//2000 1407//2000 1406//2000
f  1413//2001 1406//2001 1415//2001
f  1415//2002 1406//2002 1405//2002
f  1415//2003 1405//2003 1416//2003
f  1417//2004 1418//2004 1419//2004
f  1420//2005 1421//2005 1422//2005
f  1423//2006 1424//2006 1425//2006
f  1425//2007 1424//2007 1426//2007
f  1424//2008 1427//2008 1426//2008
f  1426//2009 1427//2009 1428//2009
f  1426//2010 1428//2010 1429//2010
f  1429//2011 1428//2011 1430//2011
f  1429//2012 1430//2012 1431//2012
f  1431//2013 1430//2013 1432//2013
f  1431//2014 1432//2014 1433//2014
f  1433//2015 1432//2015 1434//2015
f  1434//2016 1432//2016 1435//2016
f  1434//2017 1435//2017 1436//2017
f  1437//2018 1438//2018 1436//2018
f  1439//2019 1438//2019 1440//2019
f  1440//2020 1438//2020 1437//2020
f  1440//2021 1437//2021 1441//2021
f  1441//2022 1437//2022 1442//2022
f  1443//2023 1444//2023 1442//2023
f  1442//2024 1444//2024 1445//2024
f  1442//2025 1445//2025 1441//2025
f  1446//2026 1447//2026 1448//2026
f  1448//2027 1447//2027 1449//2027
f  1448//2028 1449//2028 1450//2028
f  1451//2029 1452//2029 1453//2029
f  1450//2030 1449//2030 1454//2030
f  1454//2031 1449//2031 1455//2031
f  1454//2032 1455//2032 1456//2032
f  1456//2033 1455//2033 1457//2033
f  1456//2034 1457//2034 1458//2034
f  1458//2035 1457//2035 1451//2035
f  1458//2036 1451//2036 1459//2036
f  1459//2037 1451//2037 1453//2037
f  1459//2038 1453//2038 1460//2038
f  1461//2039 1462//2039 1452//2039
f  1463//2040 1464//2040 1465//2040
f  1465//2041 1464//2041 1466//2041
f  1467//2042 1468//2042 1469//2042
f  493//2043 1470//2043 1471//2043
f  1471//2044 1470//2044 1472//2044
f  1471//2045 1472//2045 1473//2045
f  1473//2046 1472//2046 1474//2046
f  1473//2047 1474//2047 1422//2047
f  1468//2048 1467//2048 1475//2048
f  1475//2049 1467//2049 1476//2049
f  1475//2050 1476//2050 1477//2050
f  1477//2051 1476//2051 1478//2051
f  1477//2052 1478//2052 1479//2052
f  1480//2053 1479//2053 1481//2053
f  1481//2054 1479//2054 1478//2054
f  1481//2055 1478//2055 1482//2055
f  1482//2056 1478//2056 1476//2056
f  1482//2057 1476//2057 1483//2057
f  1483//2058 1476//2058 1467//2058
f  1483//2059 1467//2059 1484//2059
f  1484//2060 1467//2060 1469//2060
f  1484//2061 1469//2061 1485//2061
f  1486//2062 1481//2062 1487//2062
f  1487//2063 1481//2063 1482//2063
f  1487//2064 1482//2064 1488//2064
f  1488//2065 1482//2065 1483//2065
f  1488//2066 1483//2066 1489//2066
f  1489//2067 1483//2067 1484//2067
f  1489//2068 1484//2068 1490//2068
f  1490//2069 1484//2069 1485//2069
f  1490//2070 1485//2070 1491//2070
f  1492//2071 1468//2071 1493//2071
f  1493//2072 1468//2072 1475//2072
f  1493//2073 1475//2073 1494//2073
f  1494//2074 1475//2074 1477//2074
f  1494//2075 1477//2075 1495//2075
f  1495//2076 1477//2076 1479//2076
f  1495//2077 1479//2077 1496//2077
f  1496//2078 1479//2078 1480//2078
f  1496//2079 1480//2079 1497//2079
f  1497//2080 1480//2080 1481//2080
f  1497//2081 1481//2081 1498//2081
f  1498//2082 1481//2082 1486//2082
f  1498//2083 1486//2083 1499//2083
f  1452//2084 1451//2084 1461//2084
f  1461//2085 1451//2085 1457//2085
f  1461//2086 1457//2086 1500//2086
f  1500//2087 1457//2087 1455//2087
f  1500//2088 1455//2088 1501//2088
f  1501//2089 1455//2089 1449//2089
f  1501//2090 1449//2090 1502//2090
f  1502//2091 1449//2091 1447//2091
f  1502//2092 1447//2092 1443//2092
f  1443//2093 1447//2093 1446//2093
f  1443//2094 1446//2094 1444//2094
f  1436//2095 1435//2095 1437//2095
f  1437//2096 1435//2096 1503//2096
f  1437//2097 1503//2097 1442//2097
f  1442//2098 1503//2098 1504//2098
f  1442//2099 1504//2099 1443//2099
f  1443//2100 1504//2100 1505//2100
f  1443//2101 1505//2101 1502//2101
f  1502//2102 1505//2102 1506//2102
f  1502//2103 1506//2103 1501//2103
f  1501//2104 1506//2104 1507//2104
f  1501//2105 1507//2105 1500//2105
f  1500//2106 1507//2106 1465//2106
f  1500//2107 1465//2107 1461//2107
f  1461//2108 1465//2108 1466//2108
f  1461//2109 1466//2109 1462//2109
f  1491//2110 1508//2110 1490//2110
f  1490//2111 1508//2111 1509//2111
f  1490//2112 1509//2112 1489//2112
f  1489//2113 1509//2113 1510//2113
f  1489//2114 1510//2114 1488//2114
f  1488//2115 1510//2115 1511//2115
f  1488//2116 1511//2116 1487//2116
f  1487//2117 1511//2117 1512//2117
f  1487//2118 1512//2118 1486//2118
f  1486//2119 1512//2119 1513//2119
f  1486//2120 1513//2120 1499//2120
f  1421//2121 1420//2121 1514//2121
f  1514//2122 1420//2122 1515//2122
f  1514//2123 1515//2123 1516//2123
f  1516//2124 1515//2124 1517//2124
f  1516//2125 1517//2125 1518//2125
f  1519//2126 1418//2126 1520//2126
f  1520//2127 1418//2127 1417//2127
f  1520//2128 1417//2128 1521//2128
f  1474//2129 1522//2129 1422//2129
f  1422//2130 1522//2130 1419//2130
f  1422//2131 1419//2131 1420//2131
f  1420//2132 1419//2132 1418//2132
f  1420//2133 1418//2133 1515//2133
f  1515//2134 1418//2134 1519//2134
f  1515//2135 1519//2135 1517//2135
f  1423//2136 1518//2136 1424//2136
f  1424//2137 1518//2137 1517//2137
f  1424//2138 1517//2138 1427//2138
f  1427//2139 1517//2139 1519//2139
f  1427//2140 1519//2140 1428//2140
f  1428//2141 1519//2141 1520//2141
f  1428//2142 1520//2142 1430//2142
f  1430//2143 1520//2143 1521//2143
f  1430//2144 1521//2144 1432//2144
f  1470//2145 1492//2145 1472//2145
f  1472//2146 1492//2146 1493//2146
f  1472//2147 1493//2147 1474//2147
f  1474//2148 1493//2148 1494//2148
f  1474//2149 1494//2149 1522//2149
f  1522//2150 1494//2150 1495//2150
f  1522//2151 1495//2151 1419//2151
f  1419//2152 1495//2152 1496//2152
f  1419//2153 1496//2153 1417//2153
f  1417//2154 1496//2154 1497//2154
f  1417//2155 1497//2155 1521//2155
f  1521//2156 1497//2156 1498//2156
f  1521//2157 1498//2157 1432//2157
f  1432//2158 1498//2158 1499//2158
f  1432//2159 1499//2159 1435//2159
f  1435//2160 1499//2160 1513//2160
f  1435//2161 1513//2161 1503//2161
f  1503//2162 1513//2162 1512//2162
f  1503//2163 1512//2163 1504//2163
f  1504//2164 1512//2164 1511//2164
f  1504//2165 1511//2165 1505//2165
f  1505//2166 1511//2166 1510//2166
f  1505//2167 1510//2167 1506//2167
f  1506//2168 1510//2168 1509//2168
f  1506//2169 1509//2169 1507//2169
f  1507//2170 1509//2170 1508//2170
f  1507//2171 1508//2171 1465//2171
f  1465//2172 1508//2172 1491//2172
f  1465//2173 1491//2173 1463//2173
f  1523//2174 1524//2174 1525//2174
f  1526//2175 1527//2175 1528//2175
f  1529//2176 1530//2176 1531//2176
f  1514//2177 1516//2177 1532//2177
f  1514//2178 1532//2178 1421//2178
f  1529//2179 1531//2179 1422//2179
f  1422//2180 1531//2180 1533//2180
f  1422//2181 1533//2181 1473//2181
f  1473//2182 1533//2182 1534//2182
f  1473//2183 1534//2183 1471//2183
f  1471//2184 1534//2184 492//2184
f  1471//2185 492//2185 493//2185
f  1535//2186 489//2186 490//2186
f  467//2187 470//2187 1536//2187
f  1536//2188 470//2188 469//2188
f  1536//2189 469//2189 1537//2189
f  1537//2190 469//2190 468//2190
f  1537//2191 468//2191 1535//2191
f  1535//2192 468//2192 488//2192
f  1535//2193 488//2193 489//2193
f  467//2194 1536//2194 465//2194
f  465//2195 1536//2195 1538//2195
f  465//2196 1538//2196 464//2196
f  464//2197 1538//2197 462//2197
f  462//2198 1538//2198 1539//2198
f  462//2199 1539//2199 460//2199
f  460//2200 1539//2200 458//2200
f  458//2201 1539//2201 1540//2201
f  458//2202 1540//2202 456//2202
f  456//2203 1540//2203 455//2203
f  455//2204 1540//2204 1541//2204
f  455//2205 1541//2205 454//2205
f  1526//2206 1528//2206 1542//2206
f  1543//2207 1544//2207 1545//2207
f  1545//2208 1544//2208 1546//2208
f  1545//2209 1546//2209 1547//2209
f  1548//2210 1549//2210 1550//2210
f  1550//2211 1549//2211 1525//2211
f  1550//2212 1525//2212 1551//2212
f  1551//2213 1525//2213 1524//2213
f  1423//2214 1425//2214 1552//2214
f  1552//2215 1425//2215 1553//2215
f  1552//2216 1553//2216 1554//2216
f  1554//2217 1553//2217 1555//2217
f  1554//2218 1555//2218 1556//2218
f  1556//2219 1555//2219 1557//2219
f  1556//2220 1557//2220 1558//2220
f  1558//2221 1557//2221 1559//2221
f  1530//2222 1560//2222 1531//2222
f  1531//2223 1560//2223 1561//2223
f  1531//2224 1561//2224 1533//2224
f  1533//2225 1561//2225 1562//2225
f  1533//2226 1562//2226 1534//2226
f  1534//2227 1562//2227 1563//2227
f  1534//2228 1563//2228 492//2228
f  492//2229 1563//2229 491//2229
f  1560//2230 1564//2230 1561//2230
f  1561//2231 1564//2231 1565//2231
f  1561//2232 1565//2232 1562//2232
f  1562//2233 1565//2233 1566//2233
f  1562//2234 1566//2234 1563//2234
f  1563//2235 1566//2235 1567//2235
f  1563//2236 1567//2236 491//2236
f  1568//2237 1569//2237 1570//2237
f  1570//2238 1569//2238 1571//2238
f  1570//2239 1571//2239 1572//2239
f  1572//2240 1571//2240 1573//2240
f  1572//2241 1573//2241 1574//2241
f  1574//2242 1573//2242 1575//2242
f  1574//2243 1575//2243 1576//2243
f  1576//2244 1575//2244 1577//2244
f  1576//2245 1577//2245 1528//2245
f  1528//2246 1577//2246 1578//2246
f  1528//2247 1578//2247 1542//2247
f  1527//2248 1579//2248 1528//2248
f  1528//2249 1579//2249 1580//2249
f  1528//2250 1580//2250 1576//2250
f  1576//2251 1580//2251 1581//2251
f  1576//2252 1581//2252 1574//2252
f  1574//2253 1581//2253 1582//2253
f  1574//2254 1582//2254 1572//2254
f  1572//2255 1582//2255 1583//2255
f  1572//2256 1583//2256 1570//2256
f  1570//2257 1583//2257 1584//2257
f  1570//2258 1584//2258 1568//2258
f  1568//2259 1584//2259 1585//2259
f  1579//2260 1541//2260 1580//2260
f  1580//2261 1541//2261 1540//2261
f  1580//2262 1540//2262 1581//2262
f  1581//2263 1540//2263 1539//2263
f  1581//2264 1539//2264 1582//2264
f  1582//2265 1539//2265 1538//2265
f  1582//2266 1538//2266 1583//2266
f  1583//2267 1538//2267 1536//2267
f  1583//2268 1536//2268 1584//2268
f  1584//2269 1536//2269 1537//2269
f  1584//2270 1537//2270 1585//2270
f  1585//2271 1537//2271 1535//2271
f  1586//2272 1523//2272 1587//2272
f  1587//2273 1523//2273 1525//2273
f  1587//2274 1525//2274 1588//2274
f  1588//2275 1525//2275 1549//2275
f  1543//2276 1542//2276 1544//2276
f  1544//2277 1542//2277 1578//2277
f  1544//2278 1578//2278 1546//2278
f  1546//2279 1578//2279 1577//2279
f  1546//2280 1577//2280 1589//2280
f  1589//2281 1577//2281 1575//2281
f  1589//2282 1575//2282 1590//2282
f  1590//2283 1575//2283 1573//2283
f  1590//2284 1573//2284 1591//2284
f  1591//2285 1573//2285 1571//2285
f  1591//2286 1571//2286 1592//2286
f  1592//2287 1571//2287 1569//2287
f  1592//2288 1569//2288 1564//2288
f  1564//2289 1569//2289 1568//2289
f  1564//2290 1568//2290 1565//2290
f  1565//2291 1568//2291 1585//2291
f  1565//2292 1585//2292 1566//2292
f  1566//2293 1585//2293 1535//2293
f  1566//2294 1535//2294 1567//2294
f  1567//2295 1535//2295 490//2295
f  1567//2296 490//2296 491//2296
f  1516//2297 1518//2297 1532//2297
f  1532//2298 1518//2298 1593//2298
f  1532//2299 1593//2299 1594//2299
f  1594//2300 1593//2300 1595//2300
f  1594//2301 1595//2301 1596//2301
f  1596//2302 1595//2302 1597//2302
f  1596//2303 1597//2303 1598//2303
f  1598//2304 1597//2304 1599//2304
f  1598//2305 1599//2305 1550//2305
f  1518//2306 1423//2306 1593//2306
f  1593//2307 1423//2307 1552//2307
f  1593//2308 1552//2308 1595//2308
f  1595//2309 1552//2309 1554//2309
f  1595//2310 1554//2310 1597//2310
f  1597//2311 1554//2311 1556//2311
f  1597//2312 1556//2312 1599//2312
f  1599//2313 1556//2313 1558//2313
f  1599//2314 1558//2314 1550//2314
f  1550//2315 1558//2315 1559//2315
f  1550//2316 1559//2316 1548//2316
f  1422//2317 1421//2317 1529//2317
f  1529//2318 1421//2318 1532//2318
f  1529//2319 1532//2319 1530//2319
f  1530//2320 1532//2320 1594//2320
f  1530//2321 1594//2321 1560//2321
f  1560//2322 1594//2322 1596//2322
f  1560//2323 1596//2323 1564//2323
f  1564//2324 1596//2324 1598//2324
f  1564//2325 1598//2325 1592//2325
f  1592//2326 1598//2326 1550//2326
f  1592//2327 1550//2327 1591//2327
f  1591//2328 1550//2328 1551//2328
f  1591//2329 1551//2329 1590//2329
f  1590//2330 1551//2330 1524//2330
f  1590//2331 1524//2331 1589//2331
f  1589//2332 1524//2332 1523//2332
f  1589//2333 1523//2333 1546//2333
f  1546//2334 1523//2334 1586//2334
f  1546//2335 1586//2335 1547//2335
f  1547//2336 1586//2336 1587//2336
f  1547//2337 1587//2337 1600//2337
f  1600//2338 1587//2338 1588//2338
f  1600//2339 1588//2339 1601//2339
f  1602//2340 982//2340 984//2340
f  975//2341 973//2341 1603//2341
f  493//2342 475//2342 1604//2342
f  475//2343 474//2343 1605//2343
f  493//2344 1604//2344 1470//2344
f  1470//2345 1604//2345 1606//2345
f  1470//2346 1606//2346 1492//2346
f  1492//2347 1606//2347 1607//2347
f  1492//2348 1607//2348 1468//2348
f  1608//2349 1491//2349 1609//2349
f  1609//2350 1491//2350 1485//2350
f  1609//2351 1485//2351 1603//2351
f  1603//2352 1485//2352 1469//2352
f  1466//2353 1464//2353 1608//2353
f  1608//2354 1464//2354 1463//2354
f  1608//2355 1463//2355 1491//2355
f  1610//2356 1460//2356 1453//2356
f  950//2357 915//2357 1610//2357
f  1610//2358 1611//2358 950//2358
f  950//2359 1611//2359 1612//2359
f  950//2360 1612//2360 948//2360
f  948//2361 1612//2361 957//2361
f  957//2362 1612//2362 1613//2362
f  957//2363 1613//2363 955//2363
f  962//2364 964//2364 1614//2364
f  1614//2365 964//2365 966//2365
f  1614//2366 966//2366 1613//2366
f  1613//2367 966//2367 953//2367
f  1613//2368 953//2368 955//2368
f  1610//2369 1453//2369 1611//2369
f  1611//2370 1453//2370 1452//2370
f  1611//2371 1452//2371 1612//2371
f  1612//2372 1452//2372 1462//2372
f  1612//2373 1462//2373 1613//2373
f  1613//2374 1462//2374 1466//2374
f  1613//2375 1466//2375 1614//2375
f  1614//2376 1466//2376 1608//2376
f  1614//2377 1608//2377 962//2377
f  962//2378 1608//2378 1609//2378
f  962//2379 1609//2379 960//2379
f  1603//2380 973//2380 1609//2380
f  1609//2381 973//2381 972//2381
f  1609//2382 972//2382 960//2382
f  1468//2383 1615//2383 1469//2383
f  1469//2384 1615//2384 1616//2384
f  1469//2385 1616//2385 1603//2385
f  1603//2386 1616//2386 977//2386
f  1603//2387 977//2387 975//2387
f  1468//2388 1607//2388 1615//2388
f  1615//2389 1607//2389 985//2389
f  1615//2390 985//2390 1616//2390
f  1616//2391 985//2391 980//2391
f  1616//2392 980//2392 977//2392
f  475//2393 1605//2393 1604//2393
f  1604//2394 1605//2394 1617//2394
f  1604//2395 1617//2395 1606//2395
f  1606//2396 1617//2396 1602//2396
f  1606//2397 1602//2397 1607//2397
f  1607//2398 1602//2398 984//2398
f  1607//2399 984//2399 985//2399
f  913//2400 911//2400 1618//2400
f  1618//2401 911//2401 1619//2401
f  1620//2402 1460//2402 1621//2402
f  1621//2403 1460//2403 1610//2403
f  1621//2404 1610//2404 915//2404
f  915//2405 913//2405 1621//2405
f  1621//2406 913//2406 1618//2406
f  1621//2407 1618//2407 1620//2407
f  1620//2408 1618//2408 1619//2408
f  1620//2409 1619//2409 1622//2409
f  1622//2410 1619//2410 1623//2410
f  1622//2411 1623//2411 1624//2411
f  1624//2412 1623//2412 1625//2412
f  1624//2413 1625//2413 1626//2413
f  911//2414 909//2414 1619//2414
f  1619//2415 909//2415 907//2415
f  1619//2416 907//2416 1623//2416
f  1623//2417 907//2417 905//2417
f  1623//2418 905//2418 1625//2418
f  1625//2419 905//2419 903//2419
f  1627//2420 1628//2420 1629//2420
f  1629//2421 1628//2421 1630//2421
f  1630//2422 1628//2422 1631//2422
f  1631//2423 1628//2423 1632//2423
f  1631//2424 1632//2424 1633//2424
f  1633//2425 1632//2425 1634//2425
f  1634//2426 1632//2426 1635//2426
f  1634//2427 1635//2427 1636//2427
f  1636//2428 1635//2428 1637//2428
f  1637//2429 1635//2429 1638//2429
f  1637//2430 1638//2430 1639//2430
f  1640//2431 1641//2431 1642//2431
f  1642//2432 1641//2432 1643//2432
f  1642//2433 1643//2433 1638//2433
f  1638//2434 1643//2434 1644//2434
f  1638//2435 1644//2435 1639//2435
f  1640//2436 1642//2436 1645//2436
f  1645//2437 1642//2437 1646//2437
f  1645//2438 1646//2438 1647//2438
f  1648//2439 1649//2439 1650//2439
f  1650//2440 1649//2440 1651//2440
f  1650//2441 1651//2441 1646//2441
f  1646//2442 1651//2442 1652//2442
f  1646//2443 1652//2443 1647//2443
f  1648//2444 1650//2444 1653//2444
f  1653//2445 1650//2445 1624//2445
f  1653//2446 1624//2446 1626//2446
f  1654//2447 1620//2447 1622//2447
f  1460//2448 1620//2448 1459//2448
f  1459//2449 1620//2449 1654//2449
f  1459//2450 1654//2450 1458//2450
f  1458//2451 1654//2451 1655//2451
f  1656//2452 1454//2452 1655//2452
f  1655//2453 1454//2453 1456//2453
f  1655//2454 1456//2454 1458//2454
f  1657//2455 1444//2455 1656//2455
f  1656//2456 1444//2456 1446//2456
f  1446//2457 1448//2457 1656//2457
f  1656//2458 1448//2458 1450//2458
f  1656//2459 1450//2459 1454//2459
f  1658//2460 1659//2460 1439//2460
f  1445//2461 1660//2461 1441//2461
f  1441//2462 1660//2462 1658//2462
f  1441//2463 1658//2463 1440//2463
f  1440//2464 1658//2464 1439//2464
f  1433//2465 1661//2465 1431//2465
f  1431//2466 1661//2466 1429//2466
f  1433//2467 1434//2467 1661//2467
f  1661//2468 1434//2468 1436//2468
f  1661//2469 1436//2469 1659//2469
f  1659//2470 1436//2470 1438//2470
f  1659//2471 1438//2471 1439//2471
f  1429//2472 1661//2472 1426//2472
f  1426//2473 1661//2473 1662//2473
f  1426//2474 1662//2474 1425//2474
f  1622//2475 1663//2475 1654//2475
f  1654//2476 1663//2476 1664//2476
f  1654//2477 1664//2477 1655//2477
f  1655//2478 1664//2478 1665//2478
f  1655//2479 1665//2479 1656//2479
f  1656//2480 1665//2480 1660//2480
f  1656//2481 1660//2481 1657//2481
f  1657//2482 1660//2482 1445//2482
f  1657//2483 1445//2483 1444//2483
f  1622//2484 1624//2484 1663//2484
f  1663//2485 1624//2485 1650//2485
f  1663//2486 1650//2486 1664//2486
f  1664//2487 1650//2487 1646//2487
f  1664//2488 1646//2488 1665//2488
f  1665//2489 1646//2489 1642//2489
f  1665//2490 1642//2490 1660//2490
f  1660//2491 1642//2491 1638//2491
f  1660//2492 1638//2492 1658//2492
f  1658//2493 1638//2493 1635//2493
f  1658//2494 1635//2494 1659//2494
f  1659//2495 1635//2495 1632//2495
f  1659//2496 1632//2496 1661//2496
f  1661//2497 1632//2497 1628//2497
f  1661//2498 1628//2498 1662//2498
f  1662//2499 1628//2499 1627//2499
f  1425//2500 1662//2500 1553//2500
f  1553//2501 1662//2501 1666//2501
f  1667//2502 1549//2502 1666//2502
f  1666//2503 1549//2503 1548//2503
f  1666//2504 1548//2504 1559//2504
f  1559//2505 1557//2505 1666//2505
f  1666//2506 1557//2506 1555//2506
f  1666//2507 1555//2507 1553//2507
f  1600//2508 1601//2508 1667//2508
f  1667//2509 1601//2509 1588//2509
f  1667//2510 1588//2510 1549//2510
f  1600//2511 1668//2511 1547//2511
f  1547//2512 1668//2512 1545//2512
f  1545//2513 1668//2513 1543//2513
f  1543//2514 1668//2514 1669//2514
f  1543//2515 1669//2515 1542//2515
f  1542//2516 1669//2516 1526//2516
f  1526//2517 1669//2517 1670//2517
f  1526//2518 1670//2518 1527//2518
f  1527//2519 1670//2519 1579//2519
f  1579//2520 1670//2520 1671//2520
f  1579//2521 1671//2521 1541//2521
f  1672//2522 1673//2522 1674//2522
f  1675//2523 1676//2523 1677//2523
f  1677//2524 1676//2524 1678//2524
f  1677//2525 1678//2525 1679//2525
f  1679//2526 1678//2526 1680//2526
f  1680//2527 1678//2527 1681//2527
f  1681//2528 1678//2528 1682//2528
f  1681//2529 1682//2529 1683//2529
f  1684//2530 1685//2530 1686//2530
f  1686//2531 1685//2531 1687//2531
f  1686//2532 1687//2532 1682//2532
f  1682//2533 1687//2533 1688//2533
f  1682//2534 1688//2534 1683//2534
f  1684//2535 1686//2535 1689//2535
f  1689//2536 1686//2536 1690//2536
f  1689//2537 1690//2537 1691//2537
f  1691//2538 1690//2538 1692//2538
f  1692//2539 1690//2539 1693//2539
f  1692//2540 1693//2540 1694//2540
f  1694//2541 1693//2541 1695//2541
f  1695//2542 1693//2542 1696//2542
f  1695//2543 1696//2543 1697//2543
f  1697//2544 1696//2544 1698//2544
f  1698//2545 1696//2545 1699//2545
f  1698//2546 1699//2546 1700//2546
f  1700//2547 1699//2547 1627//2547
f  1700//2548 1627//2548 1629//2548
f  454//2549 1541//2549 1674//2549
f  1674//2550 1541//2550 1671//2550
f  1674//2551 1671//2551 1672//2551
f  1672//2552 1671//2552 1670//2552
f  1672//2553 1670//2553 1701//2553
f  1701//2554 1670//2554 1669//2554
f  1701//2555 1669//2555 1702//2555
f  1702//2556 1669//2556 1668//2556
f  1702//2557 1668//2557 1703//2557
f  1703//2558 1668//2558 1600//2558
f  1703//2559 1600//2559 1704//2559
f  1704//2560 1600//2560 1667//2560
f  1676//2561 1673//2561 1678//2561
f  1678//2562 1673//2562 1672//2562
f  1678//2563 1672//2563 1682//2563
f  1682//2564 1672//2564 1701//2564
f  1682//2565 1701//2565 1686//2565
f  1686//2566 1701//2566 1702//2566
f  1686//2567 1702//2567 1690//2567
f  1690//2568 1702//2568 1703//2568
f  1690//2569 1703//2569 1693//2569
f  1693//2570 1703//2570 1704//2570
f  1693//2571 1704//2571 1696//2571
f  1696//2572 1704//2572 1667//2572
f  1696//2573 1667//2573 1699//2573
f  1699//2574 1667//2574 1666//2574
f  1699//2575 1666//2575 1627//2575
f  1627//2576 1666//2576 1662//2576
f  453//2577 1705//2577 1706//2577
f  760//2578 1707//2578 761//2578
f  761//2579 1707//2579 1708//2579
f  761//2580 1708//2580 763//2580
f  1676//2581 1675//2581 1709//2581
f  1706//2582 1673//2582 1707//2582
f  1707//2583 1673//2583 1676//2583
f  1707//2584 1676//2584 1708//2584
f  1708//2585 1676//2585 1709//2585
f  1708//2586 1709//2586 763//2586
f  763//2587 1709//2587 766//2587
f  453//2588 452//2588 1705//2588
f  1705//2589 452//2589 454//2589
f  1705//2590 454//2590 1706//2590
f  1706//2591 454//2591 1674//2591
f  1706//2592 1674//2592 1673//2592
f  760//2593 759//2593 1707//2593
f  1707//2594 759//2594 757//2594
f  1707//2595 757//2595 1706//2595
f  1706//2596 757//2596 756//2596
f  1706//2597 756//2597 453//2597
f  1710//2598 1711//2598 1712//2598
f  1713//2599 1714//2599 1715//2599
f  1716//2600 1717//2600 1718//2600
f  766//2601 1709//2601 1719//2601
f  766//2602 1719//2602 768//2602
f  768//2603 1719//2603 1720//2603
f  768//2604 1720//2604 769//2604
f  1721//2605 1722//2605 773//2605
f  1718//2606 1717//2606 1721//2606
f  1721//2607 1717//2607 1723//2607
f  1721//2608 1723//2608 1722//2608
f  1724//2609 1725//2609 1726//2609
f  1726//2610 1725//2610 1727//2610
f  1726//2611 1727//2611 1728//2611
f  1728//2612 1727//2612 1729//2612
f  1728//2613 1729//2613 1730//2613
f  1731//2614 1732//2614 1733//2614
f  1715//2615 1714//2615 1731//2615
f  1731//2616 1714//2616 1734//2616
f  1731//2617 1734//2617 1732//2617
f  1735//2618 1736//2618 1737//2618
f  1737//2619 1736//2619 1738//2619
f  1739//2620 1711//2620 1740//2620
f  1740//2621 1711//2621 1710//2621
f  1740//2622 1710//2622 1741//2622
f  1741//2623 1710//2623 1742//2623
f  1741//2624 1742//2624 1743//2624
f  1743//2625 1742//2625 1744//2625
f  1745//2626 1746//2626 1747//2626
f  1747//2627 1746//2627 1742//2627
f  1742//2628 1746//2628 1748//2628
f  1742//2629 1748//2629 1744//2629
f  1749//2630 1750//2630 1747//2630
f  1747//2631 1750//2631 1751//2631
f  1747//2632 1751//2632 1745//2632
f  1752//2633 1750//2633 1753//2633
f  1753//2634 1750//2634 1749//2634
f  1753//2635 1749//2635 1754//2635
f  1754//2636 1749//2636 1720//2636
f  1754//2637 1720//2637 1755//2637
f  1755//2638 1720//2638 1719//2638
f  1755//2639 1719//2639 1756//2639
f  1709//2640 1675//2640 1719//2640
f  1719//2641 1675//2641 1757//2641
f  1719//2642 1757//2642 1756//2642
f  1735//2643 1758//2643 1736//2643
f  1736//2644 1758//2644 1759//2644
f  1736//2645 1759//2645 1738//2645
f  1738//2646 1759//2646 1760//2646
f  1738//2647 1760//2647 1761//2647
f  1762//2648 1761//2648 1763//2648
f  1763//2649 1761//2649 1760//2649
f  1763//2650 1760//2650 1764//2650
f  1764//2651 1760//2651 1759//2651
f  1764//2652 1759//2652 1765//2652
f  1765//2653 1759//2653 1758//2653
f  1766//2654 1713//2654 1765//2654
f  1765//2655 1713//2655 1715//2655
f  1765//2656 1715//2656 1764//2656
f  1764//2657 1715//2657 1731//2657
f  1764//2658 1731//2658 1763//2658
f  1763//2659 1731//2659 1733//2659
f  1763//2660 1733//2660 1762//2660
f  1762//2661 1733//2661 1767//2661
f  1762//2662 1767//2662 1730//2662
f  1742//2663 1768//2663 1747//2663
f  1747//2664 1768//2664 1718//2664
f  1747//2665 1718//2665 1749//2665
f  1749//2666 1718//2666 1721//2666
f  1749//2667 1721//2667 1720//2667
f  1720//2668 1721//2668 773//2668
f  1720//2669 773//2669 769//2669
f  1716//2670 1718//2670 1724//2670
f  1724//2671 1718//2671 1768//2671
f  1724//2672 1768//2672 1725//2672
f  1725//2673 1768//2673 1742//2673
f  1725//2674 1742//2674 1727//2674
f  1727//2675 1742//2675 1710//2675
f  1727//2676 1710//2676 1729//2676
f  1729//2677 1710//2677 1712//2677
f  1729//2678 1712//2678 1730//2678
f  1730//2679 1712//2679 1769//2679
f  1730//2680 1769//2680 1762//2680
f  1762//2681 1769//2681 1712//2681
f  1762//2682 1712//2682 1761//2682
f  1761//2683 1712//2683 1711//2683
f  1761//2684 1711//2684 1738//2684
f  1738//2685 1711//2685 1739//2685
f  1738//2686 1739//2686 1737//2686
f  1770//2687 1771//2687 1772//2687
f  1772//2688 1771//2688 1773//2688
f  1773//2689 1771//2689 1774//2689
f  1774//2690 1771//2690 1775//2690
f  1774//2691 1775//2691 1776//2691
f  1758//2692 1735//2692 1777//2692
f  1778//2693 1776//2693 1777//2693
f  1777//2694 1776//2694 1775//2694
f  1777//2695 1775//2695 1758//2695
f  1758//2696 1775//2696 1771//2696
f  1758//2697 1771//2697 1765//2697
f  1765//2698 1771//2698 1770//2698
f  1765//2699 1770//2699 1766//2699
f  1779//2700 1115//2700 1409//2700
f  1409//2701 1115//2701 1114//2701
f  1409//2702 1114//2702 1410//2702
f  1410//2703 1114//2703 1780//2703
f  1410//2704 1780//2704 1411//2704
f  1411//2705 1780//2705 1781//2705
f  1411//2706 1781//2706 1412//2706
f  1412//2707 1781//2707 1782//2707
f  1412//2708 1782//2708 1404//2708
f  1404//2709 1782//2709 1040//2709
f  1404//2710 1040//2710 1783//2710
f  1783//2711 1040//2711 1045//2711
f  1783//2711 1045//2711 1122//2711
f  1784//2712 1785//2712 1022//2712
f  1022//2713 1785//2713 1786//2713
f  1022//2714 1786//2714 1024//2714
f  1024//2715 1786//2715 1787//2715
f  1024//2716 1787//2716 1788//2716
f  1789//2717 1119//2717 1779//2717
f  1779//2718 1119//2718 1118//2718
f  1779//2719 1118//2719 1115//2719
f  1789//2720 1790//2720 1119//2720
f  1119//2721 1790//2721 1791//2721
f  1119//2722 1791//2722 1792//2722
f  1792//2723 1793//2723 1119//2723
f  1119//2724 1793//2724 1794//2724
f  1119//2725 1794//2725 1120//2725
f  1120//2726 1794//2726 1795//2726
f  1120//2727 1795//2727 1121//2727
f  1121//2728 1795//2728 1796//2728
f  1121//2729 1796//2729 1011//2729
f  1011//2730 1796//2730 1797//2730
f  1011//2731 1797//2731 1020//2731
f  1020//2732 1797//2732 1798//2732
f  1020//2733 1798//2733 1021//2733
f  1021//2734 1798//2734 1799//2734
f  1021//2735 1799//2735 1022//2735
f  1022//2736 1799//2736 1800//2736
f  1022//2737 1800//2737 1784//2737
f  1027//2738 1801//2738 1802//2738
f  1027//2739 1802//2739 1029//2739
f  1788//2740 1803//2740 1024//2740
f  1024//2741 1803//2741 1801//2741
f  1024//2742 1801//2742 1026//2742
f  1026//2743 1801//2743 1027//2743
f  1073//2711 1804//2711 1076//2711
f  1076//2711 1804//2711 1218//2711
f  1802//2744 1772//2744 1029//2744
f  1029//2745 1772//2745 1773//2745
f  1029//2746 1773//2746 1805//2746
f  1805//2747 1773//2747 1774//2747
f  1805//2748 1774//2748 1806//2748
f  1806//2749 1774//2749 1776//2749
f  1806//2750 1776//2750 1073//2750
f  1073//2751 1776//2751 1778//2751
f  1073//2752 1778//2752 1804//2752
f  1807//2753 1808//2753 1809//2753
f  1809//2754 1808//2754 1810//2754
f  1811//2755 1785//2755 1784//2755
f  1797//2756 1809//2756 1798//2756
f  1798//2757 1809//2757 1810//2757
f  1798//2758 1810//2758 1799//2758
f  1799//2759 1810//2759 1812//2759
f  1799//2760 1812//2760 1800//2760
f  1800//2761 1812//2761 1784//2761
f  1785//2762 1811//2762 1786//2762
f  1786//2763 1811//2763 1813//2763
f  1786//2764 1813//2764 1787//2764
f  1787//2765 1813//2765 1788//2765
f  1788//2766 1813//2766 1814//2766
f  1788//2767 1814//2767 1803//2767
f  1815//2768 1766//2768 1770//2768
f  1803//2769 1814//2769 1801//2769
f  1801//2770 1814//2770 1815//2770
f  1801//2771 1815//2771 1802//2771
f  1802//2772 1815//2772 1770//2772
f  1802//2773 1770//2773 1772//2773
f  1808//2774 1816//2774 1810//2774
f  1810//2775 1816//2775 1817//2775
f  1810//2776 1817//2776 1812//2776
f  1812//2777 1817//2777 1818//2777
f  1812//2778 1818//2778 1784//2778
f  1784//2779 1818//2779 1819//2779
f  1784//2780 1819//2780 1811//2780
f  1797//2781 1820//2781 1809//2781
f  1809//2782 1820//2782 1821//2782
f  1809//2783 1821//2783 1807//2783
f  1822//2784 1823//2784 1820//2784
f  1820//2785 1823//2785 1824//2785
f  1820//2786 1824//2786 1821//2786
f  1825//2787 1826//2787 1822//2787
f  1822//2788 1826//2788 1827//2788
f  1822//2789 1827//2789 1823//2789
f  1828//2790 1794//2790 1793//2790
f  1409//2791 1408//2791 1779//2791
f  1779//2792 1408//2792 1414//2792
f  1779//2793 1414//2793 1789//2793
f  1789//2794 1414//2794 1829//2794
f  1789//2795 1829//2795 1790//2795
f  1790//2796 1829//2796 1830//2796
f  1790//2797 1830//2797 1791//2797
f  1791//2798 1830//2798 1831//2798
f  1791//2799 1831//2799 1792//2799
f  1792//2800 1831//2800 1832//2800
f  1792//2801 1832//2801 1793//2801
f  1793//2802 1832//2802 1833//2802
f  1793//2803 1833//2803 1828//2803
f  1797//2804 1796//2804 1820//2804
f  1820//2805 1796//2805 1795//2805
f  1820//2806 1795//2806 1822//2806
f  1822//2807 1795//2807 1794//2807
f  1822//2808 1794//2808 1825//2808
f  1825//2809 1794//2809 1828//2809
f  1834//2810 1835//2810 1836//2810
f  1837//2811 1838//2811 1839//2811
f  1840//2812 1841//2812 1842//2812
f  1824//2813 1823//2813 1843//2813
f  1844//2814 1845//2814 1846//2814
f  1847//2815 1848//2815 1849//2815
f  1850//2816 1851//2816 1852//2816
f  1853//2817 943//2817 946//2817
f  1836//2818 933//2818 935//2818
f  933//2819 1836//2819 930//2819
f  930//2820 1836//2820 1835//2820
f  930//2821 1835//2821 928//2821
f  919//2822 1854//2822 917//2822
f  917//2823 1854//2823 896//2823
f  919//2824 920//2824 1854//2824
f  1854//2825 920//2825 922//2825
f  1854//2826 922//2826 1855//2826
f  1855//2827 922//2827 924//2827
f  1855//2828 924//2828 1850//2828
f  1850//2829 1852//2829 1856//2829
f  1856//2830 1852//2830 1857//2830
f  1856//2831 1857//2831 1858//2831
f  1859//2832 1860//2832 1861//2832
f  1861//2833 1860//2833 1862//2833
f  1861//2834 1862//2834 1863//2834
f  1864//2835 1832//2835 1831//2835
f  1832//2836 1864//2836 1833//2836
f  1833//2837 1864//2837 1865//2837
f  1833//2838 1865//2838 1828//2838
f  1828//2839 1865//2839 1825//2839
f  1825//2840 1865//2840 1866//2840
f  1825//2841 1866//2841 1826//2841
f  1843//2842 1823//2842 1866//2842
f  1866//2843 1823//2843 1827//2843
f  1866//2844 1827//2844 1826//2844
f  1824//2845 1843//2845 1821//2845
f  1821//2846 1843//2846 1867//2846
f  1821//2847 1867//2847 1807//2847
f  1868//2848 1841//2848 1869//2848
f  1869//2849 1841//2849 1840//2849
f  1869//2850 1840//2850 1870//2850
f  1870//2851 1840//2851 800//2851
f  945//2852 800//2852 1871//2852
f  1871//2853 800//2853 1840//2853
f  1871//2854 1840//2854 1872//2854
f  1872//2855 1840//2855 1842//2855
f  1872//2856 1842//2856 1838//2856
f  1838//2857 1837//2857 1872//2857
f  1872//2858 1837//2858 1853//2858
f  1872//2859 1853//2859 1871//2859
f  1871//2860 1853//2860 946//2860
f  1871//2861 946//2861 945//2861
f  1873//2862 1839//2862 1874//2862
f  1874//2863 1839//2863 1838//2863
f  1874//2864 1838//2864 1875//2864
f  1875//2865 1838//2865 1842//2865
f  1875//2866 1842//2866 1876//2866
f  1876//2867 1842//2867 1841//2867
f  1876//2868 1841//2868 1877//2868
f  1877//2869 1841//2869 1868//2869
f  1848//2870 1863//2870 1849//2870
f  1849//2871 1863//2871 1862//2871
f  1849//2872 1862//2872 1878//2872
f  1878//2873 1862//2873 1860//2873
f  1878//2874 1860//2874 1879//2874
f  1879//2875 1860//2875 1880//2875
f  1879//2876 1880//2876 1881//2876
f  1859//2877 1882//2877 1860//2877
f  1860//2878 1882//2878 1883//2878
f  1860//2879 1883//2879 1880//2879
f  1880//2880 1883//2880 1834//2880
f  1880//2881 1834//2881 1881//2881
f  1881//2882 1834//2882 1836//2882
f  1881//2883 1836//2883 1884//2883
f  1884//2884 1836//2884 935//2884
f  1884//2885 935//2885 937//2885
f  924//2886 926//2886 1850//2886
f  1850//2887 926//2887 928//2887
f  1850//2888 928//2888 1851//2888
f  1851//2889 928//2889 1835//2889
f  1851//2890 1835//2890 1852//2890
f  1852//2891 1835//2891 1834//2891
f  1852//2892 1834//2892 1857//2892
f  1857//2893 1834//2893 1883//2893
f  1857//2894 1883//2894 1858//2894
f  1858//2895 1883//2895 1882//2895
f  1845//2896 1847//2896 1846//2896
f  1846//2897 1847//2897 1849//2897
f  1846//2898 1849//2898 1885//2898
f  1885//2899 1849//2899 1878//2899
f  1885//2900 1878//2900 1886//2900
f  1886//2901 1878//2901 1879//2901
f  1886//2902 1879//2902 1887//2902
f  1887//2903 1879//2903 1881//2903
f  1887//2904 1881//2904 1888//2904
f  1888//2905 1881//2905 1884//2905
f  1888//2906 1884//2906 1889//2906
f  1889//2907 1884//2907 937//2907
f  1889//2908 937//2908 941//2908
f  1890//2909 1844//2909 1891//2909
f  1891//2910 1844//2910 1846//2910
f  1891//2911 1846//2911 1892//2911
f  1892//2912 1846//2912 1885//2912
f  1892//2913 1885//2913 1893//2913
f  1893//2914 1885//2914 1886//2914
f  1893//2915 1886//2915 1873//2915
f  1873//2916 1886//2916 1887//2916
f  1873//2917 1887//2917 1839//2917
f  1839//2918 1887//2918 1888//2918
f  1839//2919 1888//2919 1837//2919
f  1837//2920 1888//2920 1889//2920
f  1837//2921 1889//2921 1853//2921
f  1853//2922 1889//2922 941//2922
f  1853//2923 941//2923 943//2923
f  1894//2924 1895//2924 1896//2924
f  1896//2925 1895//2925 1897//2925
f  1896//2926 1897//2926 1898//2926
f  1898//2927 1897//2927 1899//2927
f  1898//2928 1899//2928 1900//2928
f  1900//2929 1899//2929 1901//2929
f  1900//2930 1901//2930 1902//2930
f  1902//2931 1901//2931 1903//2931
f  1902//2932 1903//2932 1904//2932
f  1904//2933 1903//2933 1905//2933
f  1904//2934 1905//2934 1906//2934
f  1906//2935 1905//2935 1830//2935
f  1906//2936 1830//2936 1829//2936
f  1895//2937 1867//2937 1897//2937
f  1897//2938 1867//2938 1843//2938
f  1897//2939 1843//2939 1899//2939
f  1899//2940 1843//2940 1866//2940
f  1899//2941 1866//2941 1901//2941
f  1901//2942 1866//2942 1865//2942
f  1901//2943 1865//2943 1903//2943
f  1903//2944 1865//2944 1864//2944
f  1903//2945 1864//2945 1905//2945
f  1905//2946 1864//2946 1831//2946
f  1905//2947 1831//2947 1830//2947
f  1414//2948 1890//2948 1829//2948
f  1829//2949 1890//2949 1891//2949
f  1829//2950 1891//2950 1906//2950
f  1906//2951 1891//2951 1892//2951
f  1906//2952 1892//2952 1904//2952
f  1904//2953 1892//2953 1893//2953
f  1904//2954 1893//2954 1902//2954
f  1902//2955 1893//2955 1873//2955
f  1902//2956 1873//2956 1900//2956
f  1900//2957 1873//2957 1874//2957
f  1900//2958 1874//2958 1898//2958
f  1898//2959 1874//2959 1875//2959
f  1898//2960 1875//2960 1896//2960
f  1896//2961 1875//2961 1876//2961
f  1896//2962 1876//2962 1894//2962
f  1894//2963 1876//2963 1877//2963
f  1907//2964 1908//2964 1909//2964
f  1870//2965 800//2965 1910//2965
f  771//2966 773//2966 1722//2966
f  1714//2967 1713//2967 1911//2967
f  1912//2968 1817//2968 1913//2968
f  1913//2969 1817//2969 1816//2969
f  1913//2970 1816//2970 1867//2970
f  1867//2971 1816//2971 1808//2971
f  1867//2972 1808//2972 1807//2972
f  1914//2973 1811//2973 1915//2973
f  1915//2974 1811//2974 1819//2974
f  1915//2975 1819//2975 1912//2975
f  1912//2976 1819//2976 1818//2976
f  1912//2977 1818//2977 1817//2977
f  1916//2978 1814//2978 1813//2978
f  1714//2979 1911//2979 1734//2979
f  1734//2980 1911//2980 1908//2980
f  1734//2981 1908//2981 1732//2981
f  1732//2982 1908//2982 1907//2982
f  1732//2983 1907//2983 1733//2983
f  1767//2984 1917//2984 1730//2984
f  1730//2985 1917//2985 1918//2985
f  1730//2986 1918//2986 1728//2986
f  782//2987 780//2987 1723//2987
f  1723//2988 780//2988 779//2988
f  1723//2989 779//2989 1722//2989
f  1722//2990 779//2990 776//2990
f  1722//2991 776//2991 771//2991
f  789//2992 790//2992 1919//2992
f  790//2993 784//2993 1919//2993
f  1919//2994 784//2994 782//2994
f  1919//2995 782//2995 1920//2995
f  1920//2996 782//2996 1723//2996
f  1920//2997 1723//2997 1717//2997
f  1921//2998 787//2998 1922//2998
f  1922//2999 787//2999 789//2999
f  1922//3000 789//3000 1923//3000
f  1923//3001 789//3001 1919//3001
f  1924//3002 794//3002 1921//3002
f  1921//3003 794//3003 785//3003
f  1921//3004 785//3004 787//3004
f  800//3005 798//3005 1910//3005
f  1910//3006 798//3006 797//3006
f  1910//3007 797//3007 1924//3007
f  1924//3008 797//3008 795//3008
f  1924//3009 795//3009 794//3009
f  1925//3010 1869//3010 1870//3010
f  1926//3011 1927//3011 1928//3011
f  1928//3012 1927//3012 1929//3012
f  1928//3013 1929//3013 1930//3013
f  1930//3014 1929//3014 1931//3014
f  1930//3015 1931//3015 1932//3015
f  1932//3016 1931//3016 1933//3016
f  1932//3017 1933//3017 1868//3017
f  1868//3018 1933//3018 1877//3018
f  1934//3019 1926//3019 1935//3019
f  1935//3020 1926//3020 1928//3020
f  1935//3021 1928//3021 1936//3021
f  1936//3022 1928//3022 1930//3022
f  1936//3023 1930//3023 1937//3023
f  1937//3024 1930//3024 1932//3024
f  1937//3025 1932//3025 1925//3025
f  1925//3026 1932//3026 1868//3026
f  1925//3027 1868//3027 1869//3027
f  1870//3028 1910//3028 1925//3028
f  1925//3029 1910//3029 1924//3029
f  1925//3030 1924//3030 1937//3030
f  1937//3031 1924//3031 1921//3031
f  1937//3032 1921//3032 1936//3032
f  1936//3033 1921//3033 1922//3033
f  1936//3034 1922//3034 1935//3034
f  1935//3035 1922//3035 1923//3035
f  1935//3036 1923//3036 1934//3036
f  1934//3037 1923//3037 1919//3037
f  1934//3038 1919//3038 1938//3038
f  1938//3039 1919//3039 1920//3039
f  1938//3040 1920//3040 1939//3040
f  1815//3041 1814//3041 1940//3041
f  1940//3042 1814//3042 1916//3042
f  1940//3043 1916//3043 1909//3043
f  1909//3044 1908//3044 1940//3044
f  1940//3045 1908//3045 1911//3045
f  1940//3046 1911//3046 1815//3046
f  1815//3047 1911//3047 1713//3047
f  1815//3048 1713//3048 1766//3048
f  1767//3049 1733//3049 1917//3049
f  1917//3050 1733//3050 1907//3050
f  1917//3051 1907//3051 1941//3051
f  1941//3052 1907//3052 1909//3052
f  1941//3053 1909//3053 1942//3053
f  1942//3054 1909//3054 1916//3054
f  1942//3055 1916//3055 1914//3055
f  1914//3056 1916//3056 1813//3056
f  1914//3057 1813//3057 1811//3057
f  1724//3058 1726//3058 1943//3058
f  1943//3059 1726//3059 1944//3059
f  1943//3060 1944//3060 1945//3060
f  1945//3061 1944//3061 1946//3061
f  1945//3062 1946//3062 1947//3062
f  1947//3063 1946//3063 1948//3063
f  1947//3064 1948//3064 1949//3064
f  1949//3065 1948//3065 1950//3065
f  1949//3066 1950//3066 1951//3066
f  1951//3067 1950//3067 1952//3067
f  1951//3068 1952//3068 1953//3068
f  1953//3069 1952//3069 1954//3069
f  1953//3070 1954//3070 1955//3070
f  1955//3071 1954//3071 1956//3071
f  1955//3072 1956//3072 1957//3072
f  1957//3073 1956//3073 1958//3073
f  1957//3074 1958//3074 1894//3074
f  1894//3075 1958//3075 1895//3075
f  1726//3076 1728//3076 1944//3076
f  1944//3077 1728//3077 1918//3077
f  1944//3078 1918//3078 1946//3078
f  1946//3079 1918//3079 1917//3079
f  1946//3080 1917//3080 1948//3080
f  1948//3081 1917//3081 1941//3081
f  1948//3082 1941//3082 1950//3082
f  1950//3083 1941//3083 1942//3083
f  1950//3084 1942//3084 1952//3084
f  1952//3085 1942//3085 1914//3085
f  1952//3086 1914//3086 1954//3086
f  1954//3087 1914//3087 1915//3087
f  1954//3088 1915//3088 1956//3088
f  1956//3089 1915//3089 1912//3089
f  1956//3090 1912//3090 1958//3090
f  1958//3091 1912//3091 1913//3091
f  1958//3092 1913//3092 1895//3092
f  1895//3093 1913//3093 1867//3093
f  1717//3094 1716//3094 1920//3094
f  1920//3095 1716//3095 1724//3095
f  1920//3096 1724//3096 1939//3096
f  1939//3097 1724//3097 1943//3097
f  1939//3098 1943//3098 1938//3098
f  1938//3099 1943//3099 1945//3099
f  1938//3100 1945//3100 1934//3100
f  1934//3101 1945//3101 1947//3101
f  1934//3102 1947//3102 1926//3102
f  1926//3103 1947//3103 1949//3103
f  1926//3104 1949//3104 1927//3104
f  1927//3105 1949//3105 1951//3105
f  1927//3106 1951//3106 1929//3106
f  1929//3107 1951//3107 1953//3107
f  1929//3108 1953//3108 1931//3108
f  1931//3109 1953//3109 1955//3109
f  1931//3110 1955//3110 1933//3110
f  1933//3111 1955//3111 1957//3111
f  1933//3112 1957//3112 1877//3112
f  1877//3113 1957//3113 1894//3113
f  1959//3114 1960//3114 1961//3114
f  1962//3115 1963//3115 1964//3115
f  1964//3116 1963//3116 1965//3116
f  1964//3117 1965//3117 1966//3117
f  1967//3118 1968//3118 1969//3118
f  1970//3119 1971//3119 1972//3119
f  1973//3120 1974//3120 1975//3120
f  1975//3121 1974//3121 1970//3121
f  1975//3122 1970//3122 1976//3122
f  1976//3123 1970//3123 1972//3123
f  1976//3124 1972//3124 1977//3124
f  1978//3125 1979//3125 1980//3125
f  1980//3126 1979//3126 1966//3126
f  1980//3127 1966//3127 1981//3127
f  1981//3128 1966//3128 1965//3128
f  1981//3129 1965//3129 1982//3129
f  1983//3130 1960//3130 1984//3130
f  1984//3131 1960//3131 1959//3131
f  1984//3132 1959//3132 1985//3132
f  1985//3133 1959//3133 1978//3133
f  1978//3134 1959//3134 1979//3134
f  1979//3135 1959//3135 1961//3135
f  1979//3136 1961//3136 1966//3136
f  1966//3137 1961//3137 1986//3137
f  1966//3138 1986//3138 1964//3138
f  1987//3139 1988//3139 1989//3139
f  1969//3140 1990//3140 1967//3140
f  1967//3141 1990//3141 1991//3141
f  1967//3142 1991//3142 1992//3142
f  1992//3143 1991//3143 1993//3143
f  1992//3144 1993//3144 1973//3144
f  1973//3145 1993//3145 1994//3145
f  1973//3146 1994//3146 1974//3146
f  1974//3147 1994//3147 1987//3147
f  1974//3148 1987//3148 1970//3148
f  1970//3149 1987//3149 1989//3149
f  1970//3150 1989//3150 1971//3150
f  1969//3151 1995//3151 1990//3151
f  1990//3152 1995//3152 1962//3152
f  1990//3153 1962//3153 1991//3153
f  1991//3154 1962//3154 1964//3154
f  1991//3155 1964//3155 1993//3155
f  1993//3156 1964//3156 1986//3156
f  1993//3157 1986//3157 1994//3157
f  1994//3158 1986//3158 1961//3158
f  1994//3159 1961//3159 1987//3159
f  1987//3160 1961//3160 1960//3160
f  1987//3161 1960//3161 1988//3161
f  1988//3162 1960//3162 1983//3162
f  1996//3163 1982//3163 1965//3163
f  1996//3164 1965//3164 1997//3164
f  1998//3165 1999//3165 1997//3165
f  2000//3166 2001//3166 2002//3166
f  2003//3167 2004//3167 2005//3167
f  2005//3168 2004//3168 2000//3168
f  2005//3169 2000//3169 2006//3169
f  2006//3170 2000//3170 2002//3170
f  2006//3171 2002//3171 2007//3171
f  2008//3172 1999//3172 2009//3172
f  2009//3173 1999//3173 1998//3173
f  2009//3174 1998//3174 2010//3174
f  2011//3175 2012//3175 2013//3175
f  2013//3176 2012//3176 2014//3176
f  2013//3177 2014//3177 2015//3177
f  2015//3178 2014//3178 2016//3178
f  2017//3179 2018//3179 2019//3179
f  2019//3180 2018//3180 2010//3180
f  2019//3181 2010//3181 2020//3181
f  2020//3182 2010//3182 1998//3182
f  2020//3183 1998//3183 2021//3183
f  2021//3184 1998//3184 1997//3184
f  2021//3185 1997//3185 2022//3185
f  2022//3186 1997//3186 1965//3186
f  2022//3187 1965//3187 1963//3187
f  2006//3188 2016//3188 2005//3188
f  2005//3189 2016//3189 2014//3189
f  2005//3190 2014//3190 2003//3190
f  2003//3191 2014//3191 2012//3191
f  2003//3192 2012//3192 2023//3192
f  2023//3193 2012//3193 2024//3193
f  2023//3194 2024//3194 2025//3194
f  2007//3195 2017//3195 2006//3195
f  2006//3196 2017//3196 2019//3196
f  2006//3197 2019//3197 2016//3197
f  2016//3198 2019//3198 2020//3198
f  2016//3199 2020//3199 2015//3199
f  2015//3200 2020//3200 2021//3200
f  2015//3201 2021//3201 2013//3201
f  2013//3202 2021//3202 2022//3202
f  2013//3203 2022//3203 2011//3203
f  2011//3204 2022//3204 1963//3204
f  2011//3205 1963//3205 2012//3205
f  2012//3206 1963//3206 1962//3206
f  2012//3207 1962//3207 2024//3207
f  2024//3208 1962//3208 1995//3208
f  2024//3209 1995//3209 2025//3209
f  2025//3210 1995//3210 1969//3210
f  2025//3211 1969//3211 1968//3211
f  2008//3212 2026//3212 2027//3212
f  2027//3213 2026//3213 2028//3213
f  2027//3214 2028//3214 2029//3214
f  2030//3215 2031//3215 2032//3215
f  2032//3216 2031//3216 2027//3216
f  2032//3217 2027//3217 2033//3217
f  2033//3218 2027//3218 2029//3218
f  2027//3219 1982//3219 1996//3219
f  1996//3220 1997//3220 2027//3220
f  2027//3221 1997//3221 1999//3221
f  2027//3222 1999//3222 2008//3222
f  1981//3223 1982//3223 2027//3223
f  1980//3224 1981//3224 1978//3224
f  1978//3225 1981//3225 2027//3225
f  1978//3226 2027//3226 1985//3226
f  1985//3227 2027//3227 2034//3227
f  2031//3228 2035//3228 2027//3228
f  2027//3229 2035//3229 2036//3229
f  2027//3230 2036//3230 2037//3230
f  2037//3231 2038//3231 2027//3231
f  2027//3232 2038//3232 2039//3232
f  2027//3233 2039//3233 2034//3233
f  1983//3234 1984//3234 2040//3234
f  1971//3235 1989//3235 2041//3235
f  2042//3236 2043//3236 2044//3236
f  2044//3237 2043//3237 2045//3237
f  2046//3238 2045//3238 2047//3238
f  2046//3239 2047//3239 2048//3239
f  2048//3240 2047//3240 2049//3240
f  2048//3241 2049//3241 2050//3241
f  2050//3242 2049//3242 2035//3242
f  2050//3243 2035//3243 2031//3243
f  1984//3244 1985//3244 2051//3244
f  2051//3245 1985//3245 2034//3245
f  1977//3246 1972//3246 2052//3246
f  2052//3247 1972//3247 1971//3247
f  1971//3248 2041//3248 2052//3248
f  2052//3249 2041//3249 2053//3249
f  2052//3250 2053//3250 2054//3250
f  2054//3251 2053//3251 2055//3251
f  2054//3252 2055//3252 2056//3252
f  2055//3253 2057//3253 2056//3253
f  2056//3254 2057//3254 2058//3254
f  2056//3255 2058//3255 2059//3255
f  2046//3256 2060//3256 2045//3256
f  2045//3257 2060//3257 2061//3257
f  2045//3258 2061//3258 2044//3258
f  2044//3259 2061//3259 2062//3259
f  2044//3260 2062//3260 2042//3260
f  1984//3261 2051//3261 2040//3261
f  2040//3262 2051//3262 2063//3262
f  2040//3263 2063//3263 2064//3263
f  2064//3264 2063//3264 2065//3264
f  2064//3265 2065//3265 2066//3265
f  2066//3266 2065//3266 2067//3266
f  2066//3267 2067//3267 2068//3267
f  2068//3268 2067//3268 2069//3268
f  2068//3269 2069//3269 2070//3269
f  1989//3270 1988//3270 2071//3270
f  2071//3271 1988//3271 1983//3271
f  1983//3272 2040//3272 2071//3272
f  2071//3273 2040//3273 2064//3273
f  2071//3274 2064//3274 2072//3274
f  2072//3275 2064//3275 2066//3275
f  2072//3276 2066//3276 2073//3276
f  2073//3277 2066//3277 2068//3277
f  2073//3278 2068//3278 2074//3278
f  2074//3279 2068//3279 2070//3279
f  2074//3280 2070//3280 2075//3280
f  1989//3281 2071//3281 2041//3281
f  2041//3282 2071//3282 2072//3282
f  2041//3283 2072//3283 2053//3283
f  2053//3284 2072//3284 2073//3284
f  2053//3285 2073//3285 2055//3285
f  2055//3286 2073//3286 2074//3286
f  2055//3287 2074//3287 2057//3287
f  2057//3288 2074//3288 2075//3288
f  2057//3289 2075//3289 2058//3289
f  2034//3290 2039//3290 2051//3290
f  2051//3291 2039//3291 2038//3291
f  2051//3292 2038//3292 2063//3292
f  2063//3293 2038//3293 2037//3293
f  2063//3294 2037//3294 2065//3294
f  2065//3295 2037//3295 2036//3295
f  2065//3296 2036//3296 2067//3296
f  2067//3297 2036//3297 2035//3297
f  2067//3298 2035//3298 2069//3298
f  2069//3299 2035//3299 2049//3299
f  2069//3300 2049//3300 2070//3300
f  2070//3301 2049//3301 2047//3301
f  2070//3302 2047//3302 2075//3302
f  2075//3303 2047//3303 2045//3303
f  2075//3304 2045//3304 2058//3304
f  2058//3305 2045//3305 2043//3305
f  2058//3306 2043//3306 2059//3306
f  2059//3307 2043//3307 2042//3307
f  2010//3308 2018//3308 2076//3308
f  2002//3309 2001//3309 2077//3309
f  2031//3310 2030//3310 2078//3310
f  2079//3311 2048//3311 2050//3311
f  2080//3312 2060//3312 2046//3312
f  2061//3313 2081//3313 2062//3313
f  2062//3314 2081//3314 2082//3314
f  2062//3315 2082//3315 2083//3315
f  2083//3316 2082//3316 2084//3316
f  2083//3317 2084//3317 2085//3317
f  2085//3318 2084//3318 2086//3318
f  2085//3319 2086//3319 2087//3319
f  2088//3320 2017//3320 2007//3320
f  2086//3321 2089//3321 2087//3321
f  2087//3322 2089//3322 2090//3322
f  2087//3323 2090//3323 2091//3323
f  2091//3324 2090//3324 2088//3324
f  2091//3325 2088//3325 2077//3325
f  2077//3326 2088//3326 2007//3326
f  2077//3327 2007//3327 2002//3327
f  2078//3328 2030//3328 2092//3328
f  2092//3329 2030//3329 2032//3329
f  2092//3330 2032//3330 2093//3330
f  2093//3331 2032//3331 2033//3331
f  2093//3332 2033//3332 2094//3332
f  2094//3333 2033//3333 2029//3333
f  2094//3334 2029//3334 2095//3334
f  2095//3335 2029//3335 2028//3335
f  2095//3336 2028//3336 2096//3336
f  2096//3337 2097//3337 2098//3337
f  2096//3338 2098//3338 2095//3338
f  2095//3339 2098//3339 2099//3339
f  2095//3340 2099//3340 2094//3340
f  2094//3341 2099//3341 2100//3341
f  2094//3342 2100//3342 2093//3342
f  2093//3343 2100//3343 2101//3343
f  2093//3344 2101//3344 2092//3344
f  2092//3345 2101//3345 2079//3345
f  2092//3346 2079//3346 2078//3346
f  2078//3347 2079//3347 2050//3347
f  2078//3348 2050//3348 2031//3348
f  2028//3349 2026//3349 2096//3349
f  2096//3350 2026//3350 2008//3350
f  2096//3351 2008//3351 2097//3351
f  2097//3352 2008//3352 2009//3352
f  2097//3353 2009//3353 2010//3353
f  2010//3354 2076//3354 2097//3354
f  2097//3355 2076//3355 2102//3355
f  2097//3356 2102//3356 2098//3356
f  2098//3357 2102//3357 2103//3357
f  2098//3358 2103//3358 2099//3358
f  2099//3359 2103//3359 2104//3359
f  2099//3360 2104//3360 2100//3360
f  2100//3361 2104//3361 2105//3361
f  2100//3362 2105//3362 2101//3362
f  2101//3363 2105//3363 2080//3363
f  2101//3364 2080//3364 2079//3364
f  2079//3365 2080//3365 2046//3365
f  2079//3366 2046//3366 2048//3366
f  2061//3367 2060//3367 2081//3367
f  2081//3368 2060//3368 2080//3368
f  2081//3369 2080//3369 2082//3369
f  2082//3370 2080//3370 2105//3370
f  2082//3371 2105//3371 2084//3371
f  2084//3372 2105//3372 2104//3372
f  2084//3373 2104//3373 2086//3373
f  2086//3374 2104//3374 2103//3374
f  2086//3375 2103//3375 2089//3375
f  2089//3376 2103//3376 2102//3376
f  2089//3377 2102//3377 2090//3377
f  2090//3378 2102//3378 2076//3378
f  2090//3379 2076//3379 2088//3379
f  2088//3380 2076//3380 2018//3380
f  2088//3381 2018//3381 2017//3381
f  648//3382 649//3382 2062//3382
f  2062//3383 2083//3383 648//3383
f  648//3384 2083//3384 2085//3384
f  648//3385 2085//3385 647//3385
f  2085//3386 2087//3386 647//3386
f  647//3387 2087//3387 2091//3387
f  647//3388 2091//3388 645//3388
f  645//3389 2091//3389 2077//3389
f  645//3390 2077//3390 644//3390
f  644//3391 2077//3391 2001//3391
f  644//3392 2001//3392 643//3392
f  2062//3393 649//3393 2042//3393
f  2042//3394 649//3394 847//3394
f  2042//3395 847//3395 2059//3395
f  2059//3396 847//3396 846//3396
f  2059//3397 846//3397 2056//3397
f  2056//3398 846//3398 845//3398
f  2056//3399 845//3399 2054//3399
f  2054//3400 845//3400 851//3400
f  2054//3401 851//3401 2052//3401
f  2052//3402 851//3402 850//3402
f  2052//3403 850//3403 1977//3403
f  852//3404 631//3404 1968//3404
f  1968//3405 1967//3405 852//3405
f  852//3406 1967//3406 1992//3406
f  852//3407 1992//3407 853//3407
f  1992//3408 1973//3408 853//3408
f  853//3409 1973//3409 1975//3409
f  853//3410 1975//3410 855//3410
f  855//3411 1975//3411 1976//3411
f  855//3412 1976//3412 849//3412
f  849//3413 1976//3413 1977//3413
f  849//3414 1977//3414 850//3414
f  1968//3415 631//3415 2025//3415
f  2025//3416 631//3416 637//3416
f  2025//3417 637//3417 2023//3417
f  2023//3418 637//3418 2003//3418
f  637//3419 636//3419 2003//3419
f  2003//3420 636//3420 635//3420
f  2003//3421 635//3421 2004//3421
f  2004//3422 635//3422 634//3422
f  2004//3423 634//3423 2000//3423
f  2000//3424 634//3424 643//3424
f  2000//3425 643//3425 2001//3425
f  2106//3426 2107//3426 2108//3426
f  2109//3427 2110//3427 2111//3427
f  2107//3428 2112//3428 2108//3428
f  2108//3429 2112//3429 2113//3429
f  2108//3430 2113//3430 2114//3430
f  2114//3431 2113//3431 2115//3431
f  2114//3432 2115//3432 2116//3432
f  2117//3433 2106//3433 2118//3433
f  2118//3434 2106//3434 2108//3434
f  2118//3435 2108//3435 2119//3435
f  2119//3436 2108//3436 2114//3436
f  2119//3437 2114//3437 2120//3437
f  2120//3438 2114//3438 2116//3438
f  2120//3439 2116//3439 2111//3439
f  2111//3440 2116//3440 2115//3440
f  2111//3441 2115//3441 2109//3441
f  2121//3442 2122//3442 2123//3442
f  2122//3443 2124//3443 2125//3443
f  2126//3444 2127//3444 2123//3444
f  2123//3445 2127//3445 2128//3445
f  2123//3446 2128//3446 2121//3446
f  2121//3447 2128//3447 2129//3447
f  2121//3448 2129//3448 2130//3448
f  2131//3449 2132//3449 2133//3449
f  2133//3450 2132//3450 2134//3450
f  2133//3451 2134//3451 2135//3451
f  2135//3452 2134//3452 2136//3452
f  2135//3453 2136//3453 2126//3453
f  2126//3454 2136//3454 2137//3454
f  2126//3455 2137//3455 2127//3455
f  2122//3456 2125//3456 2123//3456
f  2123//3457 2125//3457 2138//3457
f  2123//3458 2138//3458 2126//3458
f  2126//3459 2138//3459 2139//3459
f  2126//3460 2139//3460 2135//3460
f  2135//3461 2139//3461 2140//3461
f  2135//3462 2140//3462 2133//3462
f  2133//3463 2140//3463 2141//3463
f  2133//3464 2141//3464 2131//3464
f  2142//3465 2141//3465 2140//3465
f  2143//3466 2144//3466 2145//3466
f  2125//3467 2146//3467 2138//3467
f  2138//3468 2146//3468 2147//3468
f  2138//3469 2147//3469 2139//3469
f  2139//3470 2147//3470 2148//3470
f  2139//3471 2148//3471 2140//3471
f  2140//3472 2148//3472 2149//3472
f  2140//3473 2149//3473 2142//3473
f  2112//3474 2107//3474 2150//3474
f  2151//3475 2113//3475 2112//3475
f  2152//3476 2109//3476 2115//3476
f  2110//3477 2109//3477 2153//3477
f  2153//3478 2109//3478 2152//3478
f  2153//3479 2152//3479 2154//3479
f  2154//3480 2152//3480 2155//3480
f  2156//3481 2157//3481 2155//3481
f  2155//3482 2157//3482 2158//3482
f  2155//3483 2158//3483 2154//3483
f  2155//3484 2159//3484 2156//3484
f  2156//3485 2159//3485 2160//3485
f  2156//3486 2160//3486 2161//3486
f  2145//3487 2144//3487 2162//3487
f  2144//3488 2163//3488 2162//3488
f  2162//3489 2163//3489 2164//3489
f  2162//3490 2164//3490 2160//3490
f  2160//3491 2164//3491 2165//3491
f  2160//3492 2165//3492 2161//3492
f  2166//3493 2167//3493 2168//3493
f  2166//3494 2168//3494 2169//3494
f  2169//3495 2168//3495 2170//3495
f  2169//3496 2170//3496 2171//3496
f  2171//3497 2170//3497 2172//3497
f  2171//3498 2172//3498 2173//3498
f  2173//3499 2172//3499 2174//3499
f  2173//3500 2174//3500 2175//3500
f  2146//3501 2176//3501 2147//3501
f  2147//3502 2176//3502 2167//3502
f  2147//3503 2167//3503 2148//3503
f  2148//3504 2167//3504 2166//3504
f  2148//3505 2166//3505 2149//3505
f  2149//3506 2166//3506 2169//3506
f  2149//3507 2169//3507 2177//3507
f  2177//3508 2169//3508 2171//3508
f  2177//3509 2171//3509 2178//3509
f  2178//3510 2171//3510 2173//3510
f  2178//3511 2173//3511 2150//3511
f  2150//3512 2173//3512 2175//3512
f  2150//3513 2175//3513 2112//3513
f  2112//3514 2175//3514 2174//3514
f  2112//3515 2174//3515 2151//3515
f  2151//3516 2174//3516 2172//3516
f  2151//3517 2172//3517 2179//3517
f  2179//3518 2172//3518 2170//3518
f  2179//3519 2170//3519 2180//3519
f  2180//3520 2170//3520 2168//3520
f  2180//3521 2168//3521 2181//3521
f  2181//3522 2168//3522 2167//3522
f  2181//3523 2167//3523 2176//3523
f  2124//3524 2143//3524 2125//3524
f  2125//3525 2143//3525 2145//3525
f  2125//3526 2145//3526 2146//3526
f  2146//3527 2145//3527 2162//3527
f  2146//3528 2162//3528 2176//3528
f  2176//3529 2162//3529 2160//3529
f  2176//3530 2160//3530 2181//3530
f  2181//3531 2160//3531 2159//3531
f  2181//3532 2159//3532 2180//3532
f  2180//3533 2159//3533 2155//3533
f  2180//3534 2155//3534 2179//3534
f  2179//3535 2155//3535 2152//3535
f  2179//3536 2152//3536 2151//3536
f  2151//3537 2152//3537 2115//3537
f  2151//3538 2115//3538 2113//3538
f  2141//3539 2142//3539 2182//3539
f  2182//3540 2142//3540 2149//3540
f  2150//3541 2107//3541 2178//3541
f  2178//3542 2107//3542 2182//3542
f  2178//3543 2182//3543 2177//3543
f  2177//3544 2182//3544 2149//3544
f  2183//3545 2184//3545 2182//3545
f  2182//3546 2184//3546 2185//3546
f  2185//3547 2132//3547 2182//3547
f  2182//3548 2132//3548 2131//3548
f  2182//3549 2131//3549 2141//3549
f  2107//3550 2106//3550 2182//3550
f  2182//3551 2106//3551 2117//3551
f  2182//3552 2117//3552 2186//3552
f  2186//3553 2187//3553 2182//3553
f  2182//3554 2187//3554 2188//3554
f  2182//3555 2188//3555 2183//3555
f  2134//3556 2132//3556 2189//3556
f  2189//3557 2132//3557 2185//3557
f  2189//3558 2185//3558 2184//3558
f  2136//3559 2190//3559 2137//3559
f  2137//3560 2190//3560 2191//3560
f  2137//3561 2191//3561 2192//3561
f  2129//3562 2128//3562 2192//3562
f  2192//3563 2128//3563 2127//3563
f  2192//3564 2127//3564 2137//3564
f  2117//3565 2118//3565 2193//3565
f  2136//3566 2134//3566 2190//3566
f  2190//3567 2134//3567 2189//3567
f  2190//3568 2189//3568 2194//3568
f  2194//3569 2189//3569 2184//3569
f  2194//3570 2184//3570 2183//3570
f  2195//3571 2193//3571 2196//3571
f  2196//3572 2193//3572 2118//3572
f  2196//3573 2118//3573 2119//3573
f  2197//3574 2198//3574 2199//3574
f  2199//3575 2198//3575 2200//3575
f  2199//3576 2200//3576 2201//3576
f  2202//3577 2203//3577 2204//3577
f  2205//3578 2195//3578 2206//3578
f  2206//3579 2195//3579 2196//3579
f  2206//3580 2196//3580 2207//3580
f  2207//3581 2196//3581 2119//3581
f  2207//3582 2119//3582 2120//3582
f  2186//3583 2208//3583 2197//3583
f  2197//3584 2208//3584 2209//3584
f  2197//3585 2209//3585 2198//3585
f  2198//3586 2209//3586 2210//3586
f  2198//3587 2210//3587 2200//3587
f  2200//3588 2210//3588 2211//3588
f  2211//3589 2212//3589 2200//3589
f  2200//3590 2212//3590 2203//3590
f  2200//3591 2203//3591 2201//3591
f  2201//3592 2203//3592 2202//3592
f  2212//3593 2213//3593 2203//3593
f  2203//3594 2213//3594 2214//3594
f  2203//3595 2214//3595 2204//3595
f  2214//3596 2215//3596 2204//3596
f  2204//3597 2215//3597 2216//3597
f  2204//3598 2216//3598 2217//3598
f  2186//3599 2197//3599 2187//3599
f  2187//3600 2197//3600 2199//3600
f  2187//3601 2199//3601 2188//3601
f  2188//3602 2199//3602 2201//3602
f  2188//3603 2201//3603 2183//3603
f  2183//3604 2201//3604 2202//3604
f  2183//3605 2202//3605 2194//3605
f  2194//3606 2202//3606 2204//3606
f  2194//3607 2204//3607 2190//3607
f  2190//3608 2204//3608 2217//3608
f  2190//3609 2217//3609 2191//3609
f  2120//3610 2111//3610 2218//3610
f  2120//3611 2218//3611 2207//3611
f  2207//3612 2218//3612 2219//3612
f  2207//3613 2219//3613 2206//3613
f  2206//3614 2219//3614 2220//3614
f  2206//3615 2220//3615 2205//3615
f  2205//3616 2220//3616 2221//3616
f  2205//3617 2221//3617 2222//3617
f  2130//3618 2129//3618 2223//3618
f  2223//3619 2129//3619 2192//3619
f  2223//3620 2192//3620 2224//3620
f  2224//3621 2192//3621 2191//3621
f  2224//3622 2191//3622 2225//3622
f  2225//3623 2191//3623 2217//3623
f  2225//3624 2217//3624 2226//3624
f  2226//3625 2217//3625 2216//3625
f  2226//3626 2216//3626 2227//3626
f  2227//3627 2216//3627 2215//3627
f  2227//3628 2215//3628 2228//3628
f  2228//3629 2215//3629 2214//3629
f  2228//3630 2214//3630 2229//3630
f  2229//3631 2214//3631 2213//3631
f  2229//3632 2213//3632 2230//3632
f  2230//3633 2213//3633 2212//3633
f  2230//3634 2212//3634 2231//3634
f  2231//3635 2212//3635 2211//3635
f  2231//3636 2211//3636 2222//3636
f  2222//3637 2211//3637 2210//3637
f  2222//3638 2210//3638 2205//3638
f  2205//3639 2210//3639 2209//3639
f  2205//3640 2209//3640 2195//3640
f  2195//3641 2209//3641 2208//3641
f  2195//3642 2208//3642 2193//3642
f  2193//3643 2208//3643 2186//3643
f  2193//3644 2186//3644 2117//3644
f  2219//3645 668//3645 669//3645
f  620//3646 2130//3646 2223//3646
f  620//3647 2223//3647 671//3647
f  2223//3648 2224//3648 671//3648
f  671//3649 2224//3649 2225//3649
f  671//3650 2225//3650 672//3650
f  2225//3651 2226//3651 672//3651
f  672//3652 2226//3652 2227//3652
f  672//3653 2227//3653 673//3653
f  2227//3654 2228//3654 673//3654
f  673//3655 2228//3655 2229//3655
f  673//3656 2229//3656 674//3656
f  2229//3657 2230//3657 674//3657
f  674//3658 2230//3658 2231//3658
f  674//3659 2231//3659 676//3659
f  2231//3660 2222//3660 676//3660
f  676//3661 2222//3661 2221//3661
f  676//3662 2221//3662 669//3662
f  669//3663 2221//3663 2220//3663
f  669//3664 2220//3664 2219//3664
f  668//3665 2219//3665 667//3665
f  667//3666 2219//3666 2218//3666
f  667//3667 2218//3667 2111//3667
f  2124//3668 2122//3668 2232//3668
f  2232//3669 2122//3669 2121//3669
f  2232//3670 2121//3670 678//3670
f  678//3671 2121//3671 619//3671
f  619//3672 2121//3672 2130//3672
f  619//3673 2130//3673 620//3673
f  2156//3674 722//3674 721//3674
f  2232//3675 678//3675 717//3675
f  2124//3676 2232//3676 2143//3676
f  2143//3677 2232//3677 717//3677
f  2143//3678 717//3678 2144//3678
f  2144//3679 717//3679 716//3679
f  2144//3680 716//3680 2163//3680
f  2163//3681 716//3681 715//3681
f  2163//3682 715//3682 2164//3682
f  2164//3683 715//3683 2165//3683
f  722//3684 2156//3684 715//3684
f  715//3685 2156//3685 2161//3685
f  715//3686 2161//3686 2165//3686
f  719//3687 666//3687 2110//3687
f  2110//3688 2153//3688 719//3688
f  719//3689 2153//3689 2154//3689
f  719//3690 2154//3690 720//3690
f  720//3691 2154//3691 2158//3691
f  720//3692 2158//3692 721//3692
f  721//3693 2158//3693 2157//3693
f  721//3694 2157//3694 2156//3694
f  2111//3695 2110//3695 667//3695
f  667//3696 2110//3696 666//3696
f  748//3697 749//3697 2233//3697
f  660//3698 661//3698 2234//3698
f  2234//3699 661//3699 2235//3699
f  2235//3700 661//3700 663//3700
f  2235//3701 663//3701 2236//3701
f  660//3702 2234//3702 659//3702
f  659//3703 2234//3703 2237//3703
f  659//3704 2237//3704 657//3704
f  657//3705 2237//3705 2238//3705
f  657//3706 2238//3706 622//3706
f  622//3707 2238//3707 2239//3707
f  622//3708 2239//3708 623//3708
f  623//3709 2239//3709 2240//3709
f  623//3710 2240//3710 656//3710
f  656//3711 2240//3711 2241//3711
f  656//3712 2241//3712 188//3712
f  2242//3713 2243//3713 2244//3713
f  2244//3714 2243//3714 2245//3714
f  749//3715 750//3715 2233//3715
f  2233//3716 750//3716 751//3716
f  2233//3717 751//3717 2246//3717
f  2246//3718 751//3718 752//3718
f  2246//3719 752//3719 2247//3719
f  2247//3720 752//3720 753//3720
f  2247//3721 753//3721 754//3721
f  747//3722 2248//3722 746//3722
f  746//3723 2248//3723 2249//3723
f  746//3724 2249//3724 802//3724
f  802//3725 2249//3725 803//3725
f  803//3726 2249//3726 730//3726
f  803//3727 730//3727 727//3727
f  754//3728 2242//3728 2247//3728
f  2247//3729 2242//3729 2244//3729
f  2247//3730 2244//3730 2246//3730
f  2246//3731 2244//3731 2250//3731
f  2246//3732 2250//3732 2233//3732
f  2233//3733 2250//3733 2251//3733
f  2251//3734 2252//3734 2233//3734
f  2233//3735 2252//3735 2248//3735
f  2233//3736 2248//3736 748//3736
f  748//3737 2248//3737 747//3737
f  2252//3738 2253//3738 2248//3738
f  2248//3739 2253//3739 2254//3739
f  2248//3740 2254//3740 2249//3740
f  2249//3741 2254//3741 2255//3741
f  2249//3742 2255//3742 730//3742
f  730//3743 2255//3743 665//3743
f  663//3744 665//3744 2236//3744
f  2236//3745 665//3745 2255//3745
f  2236//3746 2255//3746 2235//3746
f  2235//3747 2255//3747 2254//3747
f  2235//3748 2254//3748 2234//3748
f  2234//3749 2254//3749 2253//3749
f  2234//3750 2253//3750 2237//3750
f  2237//3751 2253//3751 2252//3751
f  2237//3752 2252//3752 2238//3752
f  2238//3753 2252//3753 2251//3753
f  2238//3754 2251//3754 2239//3754
f  2239//3755 2251//3755 2250//3755
f  2239//3756 2250//3756 2240//3756
f  2240//3757 2250//3757 2244//3757
f  2240//3758 2244//3758 2241//3758
f  2241//3759 2244//3759 2245//3759
f  2241//3760 2245//3760 188//3760
f  682//3761 2256//3761 2257//3761
f  682//3762 2257//3762 616//3762
f  616//3763 2257//3763 2258//3763
f  616//3764 2258//3764 617//3764
f  2258//3765 2259//3765 617//3765
f  617//3766 2259//3766 2260//3766
f  617//3767 2260//3767 650//3767
f  650//3768 2260//3768 2261//3768
f  650//3769 2261//3769 651//3769
f  651//3770 2261//3770 2262//3770
f  651//3771 2262//3771 652//3771
f  652//3772 2262//3772 2263//3772
f  652//3773 2263//3773 691//3773
f  691//3774 2263//3774 2264//3774
f  691//3775 2264//3775 692//3775
f  2264//3776 2265//3776 692//3776
f  692//3777 2265//3777 2266//3777
f  692//3778 2266//3778 704//3778
f  704//3779 2266//3779 2267//3779
f  704//3780 2267//3780 2268//3780
f  2269//3781 2270//3781 2271//3781
f  2272//3782 2271//3782 2273//3782
f  2274//3783 2268//3783 2267//3783
f  2275//3784 2276//3784 2277//3784
f  2278//3785 2279//3785 2277//3785
f  2277//3786 2279//3786 2280//3786
f  2277//3787 2280//3787 2275//3787
f  2281//3788 2282//3788 2278//3788
f  2278//3789 2282//3789 2283//3789
f  2278//3790 2283//3790 2279//3790
f  2256//3791 2284//3791 2257//3791
f  2257//3792 2284//3792 2285//3792
f  2257//3793 2285//3793 2281//3793
f  2281//3794 2285//3794 2286//3794
f  2281//3795 2286//3795 2282//3795
f  2274//3796 2267//3796 2287//3796
f  2287//3797 2267//3797 2288//3797
f  2287//3798 2288//3798 2289//3798
f  2289//3799 2288//3799 2290//3799
f  2289//3800 2290//3800 2291//3800
f  2291//3801 2290//3801 2292//3801
f  2292//3802 2290//3802 2293//3802
f  2292//3803 2293//3803 2294//3803
f  2295//3804 2296//3804 2270//3804
f  2297//3805 2298//3805 2296//3805
f  2299//3806 2298//3806 2300//3806
f  2300//3807 2298//3807 2297//3807
f  2300//3808 2297//3808 2301//3808
f  2302//3809 2299//3809 2303//3809
f  2303//3810 2299//3810 2300//3810
f  2303//3811 2300//3811 2304//3811
f  2304//3812 2300//3812 2301//3812
f  2304//3813 2301//3813 2305//3813
f  2306//3814 2307//3814 2308//3814
f  2308//3815 2307//3815 2309//3815
f  2308//3816 2309//3816 2265//3816
f  2273//3817 2310//3817 2272//3817
f  2272//3818 2310//3818 2311//3818
f  2272//3819 2311//3819 2312//3819
f  2312//3820 2311//3820 2307//3820
f  2312//3821 2307//3821 2313//3821
f  2313//3822 2307//3822 2306//3822
f  2313//3823 2306//3823 2314//3823
f  2270//3824 2269//3824 2295//3824
f  2295//3825 2269//3825 2315//3825
f  2295//3826 2315//3826 2316//3826
f  2316//3827 2315//3827 2317//3827
f  2316//3828 2317//3828 2318//3828
f  2318//3829 2317//3829 2319//3829
f  2318//3830 2319//3830 2320//3830
f  2296//3831 2295//3831 2297//3831
f  2297//3832 2295//3832 2316//3832
f  2297//3833 2316//3833 2301//3833
f  2301//3834 2316//3834 2318//3834
f  2301//3835 2318//3835 2305//3835
f  2305//3836 2318//3836 2320//3836
f  2305//3837 2320//3837 2321//3837
f  2275//3838 2302//3838 2276//3838
f  2276//3839 2302//3839 2303//3839
f  2276//3840 2303//3840 2277//3840
f  2277//3841 2303//3841 2304//3841
f  2277//3842 2304//3842 2278//3842
f  2278//3843 2304//3843 2305//3843
f  2278//3844 2305//3844 2281//3844
f  2281//3845 2305//3845 2321//3845
f  2281//3846 2321//3846 2257//3846
f  2267//3847 2266//3847 2288//3847
f  2288//3848 2266//3848 2322//3848
f  2288//3849 2322//3849 2290//3849
f  2290//3850 2322//3850 2323//3850
f  2290//3851 2323//3851 2293//3851
f  2273//3852 2294//3852 2310//3852
f  2310//3853 2294//3853 2293//3853
f  2310//3854 2293//3854 2311//3854
f  2311//3855 2293//3855 2323//3855
f  2311//3856 2323//3856 2307//3856
f  2307//3857 2323//3857 2322//3857
f  2307//3858 2322//3858 2309//3858
f  2309//3859 2322//3859 2266//3859
f  2309//3860 2266//3860 2265//3860
f  2265//3861 2264//3861 2308//3861
f  2308//3862 2264//3862 2263//3862
f  2308//3863 2263//3863 2306//3863
f  2306//3864 2263//3864 2262//3864
f  2306//3865 2262//3865 2314//3865
f  2314//3866 2262//3866 2261//3866
f  2314//3867 2261//3867 2260//3867
f  2271//3868 2272//3868 2269//3868
f  2269//3869 2272//3869 2312//3869
f  2269//3870 2312//3870 2315//3870
f  2315//3871 2312//3871 2313//3871
f  2315//3872 2313//3872 2317//3872
f  2317//3873 2313//3873 2314//3873
f  2317//3874 2314//3874 2319//3874
f  2319//3875 2314//3875 2260//3875
f  2319//3876 2260//3876 2320//3876
f  2320//3877 2260//3877 2259//3877
f  2320//3878 2259//3878 2321//3878
f  2321//3879 2259//3879 2258//3879
f  2321//3880 2258//3880 2257//3880
f  2275//3881 2324//3881 2325//3881
f  2298//3882 2299//3882 2325//3882
f  2325//3883 2299//3883 2302//3883
f  2325//3884 2302//3884 2275//3884
f  2325//3885 2273//3885 2271//3885
f  2298//3886 2325//3886 2296//3886
f  2296//3887 2325//3887 2271//3887
f  2296//3888 2271//3888 2270//3888
f  2326//3889 2327//3889 2325//3889
f  2325//3890 2327//3890 2328//3890
f  2325//3891 2328//3891 2273//3891
f  2329//3892 2326//3892 2330//3892
f  2330//3893 2326//3893 2325//3893
f  2330//3894 2325//3894 2331//3894
f  2331//3895 2325//3895 2324//3895
f  2273//3896 2328//3896 2332//3896
f  2333//3897 2291//3897 2292//3897
f  2334//3898 2287//3898 2289//3898
f  2335//3899 2268//3899 2274//3899
f  2256//3900 2336//3900 2284//3900
f  2284//3901 2336//3901 2337//3901
f  2284//3902 2337//3902 2285//3902
f  2285//3903 2337//3903 2286//3903
f  2286//3904 2337//3904 2338//3904
f  2286//3905 2338//3905 2282//3905
f  2282//3906 2338//3906 2283//3906
f  2283//3907 2338//3907 2339//3907
f  2283//3908 2339//3908 2279//3908
f  2279//3909 2339//3909 2340//3909
f  2279//3910 2340//3910 2280//3910
f  2280//3911 2340//3911 2324//3911
f  2280//3912 2324//3912 2275//3912
f  2341//3913 2342//3913 2343//3913
f  2343//3914 2342//3914 2344//3914
f  2343//3915 2344//3915 2345//3915
f  2345//3916 2344//3916 2346//3916
f  2345//3917 2346//3917 2347//3917
f  2347//3918 2346//3918 2348//3918
f  2347//3919 2348//3919 2349//3919
f  2349//3920 2348//3920 2350//3920
f  2351//3921 2352//3921 2353//3921
f  2353//3922 2352//3922 2354//3922
f  2353//3923 2354//3923 2355//3923
f  2356//3924 2357//3924 2354//3924
f  2354//3925 2357//3925 2358//3925
f  2354//3926 2358//3926 2355//3926
f  2338//3927 2342//3927 2339//3927
f  2339//3928 2342//3928 2341//3928
f  2339//3929 2341//3929 2340//3929
f  2340//3930 2341//3930 2331//3930
f  2340//3931 2331//3931 2324//3931
f  2359//3932 2335//3932 2334//3932
f  2334//3933 2335//3933 2274//3933
f  2334//3934 2274//3934 2287//3934
f  2360//3935 2361//3935 2359//3935
f  2359//3936 2361//3936 2362//3936
f  2359//3937 2362//3937 2335//3937
f  2351//3938 2363//3938 2352//3938
f  2352//3939 2363//3939 2364//3939
f  2352//3940 2364//3940 2360//3940
f  2360//3941 2364//3941 2365//3941
f  2360//3942 2365//3942 2361//3942
f  2356//3943 2366//3943 2367//3943
f  2367//3944 2366//3944 2368//3944
f  2367//3945 2368//3945 2369//3945
f  2369//3946 2368//3946 2370//3946
f  2369//3947 2370//3947 2371//3947
f  2371//3948 2370//3948 2372//3948
f  2371//3949 2372//3949 2373//3949
f  2373//3950 2372//3950 2333//3950
f  2373//3951 2333//3951 2374//3951
f  2374//3952 2333//3952 2292//3952
f  2374//3953 2292//3953 2294//3953
f  2356//3954 2354//3954 2366//3954
f  2366//3955 2354//3955 2352//3955
f  2366//3956 2352//3956 2368//3956
f  2368//3957 2352//3957 2360//3957
f  2368//3958 2360//3958 2370//3958
f  2370//3959 2360//3959 2359//3959
f  2370//3960 2359//3960 2372//3960
f  2372//3961 2359//3961 2334//3961
f  2372//3962 2334//3962 2333//3962
f  2333//3963 2334//3963 2289//3963
f  2333//3964 2289//3964 2291//3964
f  2350//3965 2332//3965 2349//3965
f  2349//3966 2332//3966 2328//3966
f  2349//3967 2328//3967 2347//3967
f  2347//3968 2328//3968 2327//3968
f  2347//3969 2327//3969 2345//3969
f  2345//3970 2327//3970 2326//3970
f  2345//3971 2326//3971 2343//3971
f  2343//3972 2326//3972 2329//3972
f  2343//3973 2329//3973 2341//3973
f  2341//3974 2329//3974 2330//3974
f  2341//3975 2330//3975 2331//3975
f  2336//3976 2358//3976 2337//3976
f  2337//3977 2358//3977 2357//3977
f  2337//3978 2357//3978 2338//3978
f  2338//3979 2357//3979 2356//3979
f  2338//3980 2356//3980 2342//3980
f  2342//3981 2356//3981 2367//3981
f  2342//3982 2367//3982 2344//3982
f  2344//3983 2367//3983 2369//3983
f  2344//3984 2369//3984 2346//3984
f  2346//3985 2369//3985 2371//3985
f  2346//3986 2371//3986 2348//3986
f  2348//3987 2371//3987 2373//3987
f  2348//3988 2373//3988 2350//3988
f  2350//3989 2373//3989 2374//3989
f  2350//3990 2374//3990 2332//3990
f  2332//3991 2374//3991 2294//3991
f  2332//3992 2294//3992 2273//3992
f  704//3993 2268//3993 2335//3993
f  704//3994 2335//3994 685//3994
f  685//3995 2335//3995 2362//3995
f  685//3996 2362//3996 683//3996
f  683//3997 2362//3997 2361//3997
f  683//3998 2361//3998 684//3998
f  684//3999 2361//3999 2365//3999
f  684//4000 2365//4000 686//4000
f  2365//4001 2364//4001 686//4001
f  686//4002 2364//4002 2363//4002
f  686//4003 2363//4003 687//4003
f  687//4004 2363//4004 2351//4004
f  687//4005 2351//4005 688//4005
f  688//4006 2351//4006 2353//4006
f  2353//4007 2355//4007 688//4007
f  688//4008 2355//4008 2358//4008
f  688//4009 2358//4009 689//4009
f  689//4010 2358//4010 2336//4010
f  689//4011 2336//4011 690//4011
f  690//4012 2336//4012 2256//4012
f  690//4013 2256//4013 682//4013
f  630//4014 2375//4014 2376//4014
f  630//4015 2376//4015 632//4015
f  632//4016 2376//4016 2377//4016
f  632//4017 2377//4017 633//4017
f  633//4018 2377//4018 2378//4018
f  633//4019 2378//4019 638//4019
f  2378//4020 2379//4020 638//4020
f  638//4021 2379//4021 2380//4021
f  638//4022 2380//4022 639//4022
f  2380//4023 2381//4023 639//4023
f  639//4024 2381//4024 2382//4024
f  639//4025 2382//4025 641//4025
f  2382//4026 2383//4026 641//4026
f  641//4027 2383//4027 2384//4027
f  641//4028 2384//4028 703//4028
f  2384//4029 2385//4029 703//4029
f  703//4030 2385//4030 2386//4030
f  703//4031 2386//4031 702//4031
f  702//4032 2386//4032 2387//4032
f  702//4033 2387//4033 700//4033
f  2380//4034 2379//4034 2388//4034
f  2389//4035 2390//4035 2391//4035
f  2392//4036 2393//4036 2394//4036
f  2395//4037 2396//4037 2393//4037
f  2389//4038 2397//4038 2390//4038
f  2390//4039 2397//4039 2398//4039
f  2390//4040 2398//4040 2399//4040
f  2400//4041 2401//4041 2402//4041
f  2402//4042 2401//4042 2403//4042
f  2402//4043 2403//4043 2404//4043
f  2404//4044 2403//4044 2405//4044
f  2404//4045 2405//4045 2406//4045
f  2406//4046 2405//4046 2407//4046
f  2406//4047 2407//4047 2408//4047
f  2408//4048 2407//4048 2409//4048
f  2409//4049 2407//4049 2410//4049
f  2409//4050 2410//4050 2411//4050
f  2387//4051 2386//4051 2412//4051
f  2412//4052 2386//4052 2413//4052
f  2412//4053 2413//4053 2414//4053
f  2414//4054 2413//4054 2415//4054
f  2391//4055 2390//4055 2416//4055
f  2416//4056 2390//4056 2399//4056
f  2416//4057 2399//4057 2417//4057
f  2418//4058 2417//4058 2419//4058
f  2419//4059 2417//4059 2399//4059
f  2419//4060 2399//4060 2420//4060
f  2420//4061 2399//4061 2398//4061
f  2420//4062 2398//4062 2421//4062
f  2421//4063 2398//4063 2397//4063
f  2421//4064 2397//4064 2422//4064
f  2423//4065 2424//4065 2425//4065
f  2425//4066 2424//4066 2426//4066
f  2425//4067 2426//4067 2427//4067
f  2427//4068 2426//4068 2428//4068
f  2427//4069 2428//4069 2429//4069
f  2429//4070 2428//4070 2430//4070
f  2429//4071 2430//4071 2431//4071
f  2393//4072 2392//4072 2395//4072
f  2395//4073 2392//4073 2432//4073
f  2395//4074 2432//4074 2433//4074
f  2433//4075 2432//4075 2434//4075
f  2433//4076 2434//4076 2435//4076
f  2435//4077 2434//4077 2436//4077
f  2435//4078 2436//4078 2437//4078
f  2438//4079 2418//4079 2439//4079
f  2439//4080 2418//4080 2419//4080
f  2439//4081 2419//4081 2440//4081
f  2440//4082 2419//4082 2420//4082
f  2440//4083 2420//4083 2441//4083
f  2441//4084 2420//4084 2421//4084
f  2441//4085 2421//4085 2442//4085
f  2442//4086 2421//4086 2422//4086
f  2442//4087 2422//4087 2396//4087
f  2424//4088 2443//4088 2426//4088
f  2426//4089 2443//4089 2444//4089
f  2426//4090 2444//4090 2428//4090
f  2428//4091 2444//4091 2445//4091
f  2428//4092 2445//4092 2430//4092
f  2430//4093 2445//4093 2446//4093
f  2430//4094 2446//4094 2431//4094
f  2431//4095 2446//4095 2447//4095
f  2431//4096 2447//4096 2448//4096
f  2449//4097 2423//4097 2450//4097
f  2450//4098 2423//4098 2425//4098
f  2450//4099 2425//4099 2451//4099
f  2451//4100 2425//4100 2427//4100
f  2451//4101 2427//4101 2452//4101
f  2452//4102 2427//4102 2429//4102
f  2452//4103 2429//4103 2453//4103
f  2453//4104 2429//4104 2431//4104
f  2453//4105 2431//4105 2454//4105
f  2454//4106 2431//4106 2448//4106
f  2448//4107 2455//4107 2454//4107
f  2454//4108 2455//4108 2456//4108
f  2454//4109 2456//4109 2457//4109
f  2457//4110 2436//4110 2454//4110
f  2454//4111 2436//4111 2434//4111
f  2454//4112 2434//4112 2453//4112
f  2453//4113 2434//4113 2432//4113
f  2453//4114 2432//4114 2452//4114
f  2452//4115 2432//4115 2392//4115
f  2452//4116 2392//4116 2451//4116
f  2451//4117 2392//4117 2394//4117
f  2451//4118 2394//4118 2450//4118
f  2396//4119 2395//4119 2442//4119
f  2442//4120 2395//4120 2433//4120
f  2442//4121 2433//4121 2441//4121
f  2441//4122 2433//4122 2435//4122
f  2441//4123 2435//4123 2440//4123
f  2440//4124 2435//4124 2437//4124
f  2440//4125 2437//4125 2439//4125
f  2439//4126 2437//4126 2458//4126
f  2439//4127 2458//4127 2438//4127
f  2400//4128 2389//4128 2401//4128
f  2401//4129 2389//4129 2391//4129
f  2401//4130 2391//4130 2403//4130
f  2403//4131 2391//4131 2416//4131
f  2403//4132 2416//4132 2405//4132
f  2405//4133 2416//4133 2417//4133
f  2405//4134 2417//4134 2407//4134
f  2407//4135 2417//4135 2418//4135
f  2407//4136 2418//4136 2410//4136
f  2410//4137 2418//4137 2438//4137
f  2459//4138 2415//4138 2460//4138
f  2460//4139 2415//4139 2413//4139
f  2460//4140 2413//4140 2461//4140
f  2461//4141 2413//4141 2386//4141
f  2461//4142 2386//4142 2385//4142
f  2443//4143 2459//4143 2444//4143
f  2444//4144 2459//4144 2460//4144
f  2444//4145 2460//4145 2445//4145
f  2445//4146 2460//4146 2461//4146
f  2445//4147 2461//4147 2446//4147
f  2446//4148 2461//4148 2385//4148
f  2446//4149 2385//4149 2447//4149
f  2447//4150 2385//4150 2384//4150
f  2447//4151 2384//4151 2448//4151
f  2448//4152 2384//4152 2383//4152
f  2448//4153 2383//4153 2455//4153
f  2455//4154 2383//4154 2382//4154
f  2455//4155 2382//4155 2456//4155
f  2456//4156 2382//4156 2381//4156
f  2456//4157 2381//4157 2457//4157
f  2388//4158 2379//4158 2462//4158
f  2462//4159 2379//4159 2378//4159
f  2462//4160 2378//4160 2463//4160
f  2463//4161 2378//4161 2377//4161
f  2463//4162 2377//4162 2376//4162
f  2381//4163 2380//4163 2457//4163
f  2457//4164 2380//4164 2388//4164
f  2457//4165 2388//4165 2436//4165
f  2436//4166 2388//4166 2462//4166
f  2436//4167 2462//4167 2437//4167
f  2437//4168 2462//4168 2463//4168
f  2437//4169 2463//4169 2458//4169
f  2458//4170 2463//4170 2376//4170
f  2458//4171 2376//4171 2438//4171
f  2438//4172 2376//4172 2375//4172
f  2438//4173 2375//4173 2410//4173
f  2410//4174 2375//4174 2464//4174
f  2410//4175 2464//4175 2411//4175
f  2465//4176 2466//4176 2394//4176
f  2467//4177 2468//4177 2400//4177
f  2400//4178 2468//4178 2397//4178
f  2400//4179 2397//4179 2389//4179
f  2422//4180 2397//4180 2396//4180
f  2396//4181 2397//4181 2468//4181
f  2396//4182 2468//4182 2393//4182
f  2393//4183 2468//4183 2467//4183
f  2393//4184 2467//4184 2394//4184
f  2394//4185 2467//4185 2469//4185
f  2394//4186 2469//4186 2465//4186
f  2470//4187 2471//4187 2472//4187
f  2472//4188 2471//4188 2473//4188
f  2472//4189 2473//4189 2474//4189
f  2466//4190 2475//4190 2394//4190
f  2394//4191 2475//4191 2474//4191
f  2394//4192 2474//4192 2450//4192
f  2450//4193 2474//4193 2473//4193
f  2450//4194 2473//4194 2449//4194
f  2449//4195 2473//4195 2471//4195
f  2449//4196 2471//4196 2476//4196
f  2477//4197 2478//4197 2479//4197
f  2479//4198 2478//4198 2471//4198
f  2480//4199 2465//4199 2481//4199
f  2481//4200 2465//4200 2469//4200
f  2481//4201 2469//4201 2482//4201
f  2482//4202 2469//4202 2467//4202
f  2482//4203 2467//4203 2483//4203
f  2472//4204 2474//4204 2480//4204
f  2474//4205 2475//4205 2480//4205
f  2480//4206 2475//4206 2466//4206
f  2480//4207 2466//4207 2465//4207
f  2480//4208 2484//4208 2472//4208
f  2472//4209 2484//4209 2485//4209
f  2472//4210 2485//4210 2470//4210
f  2423//4211 2449//4211 2476//4211
f  2443//4212 2424//4212 2477//4212
f  2477//4213 2424//4213 2423//4213
f  2477//4214 2423//4214 2478//4214
f  2478//4215 2423//4215 2476//4215
f  2478//4216 2476//4216 2471//4216
f  2459//4217 2486//4217 2415//4217
f  2415//4218 2486//4218 2487//4218
f  2415//4219 2487//4219 2414//4219
f  2414//4220 2487//4220 2412//4220
f  2412//4221 2487//4221 2488//4221
f  2412//4222 2488//4222 2387//4222
f  2409//4223 2411//4223 2489//4223
f  2489//4224 2411//4224 2464//4224
f  2490//4225 2408//4225 2409//4225
f  2467//4226 2400//4226 2483//4226
f  2483//4227 2400//4227 2402//4227
f  2483//4228 2402//4228 2404//4228
f  2491//4229 2485//4229 2492//4229
f  2492//4230 2485//4230 2484//4230
f  2492//4231 2484//4231 2493//4231
f  2493//4232 2484//4232 2480//4232
f  2493//4233 2480//4233 2494//4233
f  2494//4234 2480//4234 2481//4234
f  2494//4235 2481//4235 2495//4235
f  2495//4236 2481//4236 2482//4236
f  2495//4237 2482//4237 2496//4237
f  2496//4238 2482//4238 2483//4238
f  2496//4239 2483//4239 2497//4239
f  2497//4240 2483//4240 2404//4240
f  2497//4241 2404//4241 2406//4241
f  2459//4242 2443//4242 2486//4242
f  2486//4243 2443//4243 2477//4243
f  2486//4244 2477//4244 2498//4244
f  2498//4245 2477//4245 2479//4245
f  2498//4246 2479//4246 2499//4246
f  2499//4247 2479//4247 2471//4247
f  2499//4248 2471//4248 2470//4248
f  2500//4249 2491//4249 2501//4249
f  2501//4250 2491//4250 2492//4250
f  2501//4251 2492//4251 2502//4251
f  2502//4252 2492//4252 2493//4252
f  2502//4253 2493//4253 2503//4253
f  2503//4254 2493//4254 2494//4254
f  2503//4255 2494//4255 2504//4255
f  2504//4256 2494//4256 2495//4256
f  2504//4257 2495//4257 2505//4257
f  2505//4258 2495//4258 2496//4258
f  2505//4259 2496//4259 2506//4259
f  2506//4260 2496//4260 2497//4260
f  2506//4261 2497//4261 2490//4261
f  2490//4262 2497//4262 2406//4262
f  2490//4263 2406//4263 2408//4263
f  2470//4264 2485//4264 2499//4264
f  2499//4265 2485//4265 2491//4265
f  2499//4266 2491//4266 2498//4266
f  2498//4267 2491//4267 2500//4267
f  2498//4268 2500//4268 2486//4268
f  2486//4269 2500//4269 2507//4269
f  2486//4270 2507//4270 2487//4270
f  2487//4271 2507//4271 2508//4271
f  2487//4272 2508//4272 2488//4272
f  2509//4273 2489//4273 2510//4273
f  2510//4274 2489//4274 2464//4274
f  2510//4275 2464//4275 2375//4275
f  2511//4276 2512//4276 2513//4276
f  2513//4277 2512//4277 2514//4277
f  2513//4278 2514//4278 2515//4278
f  2515//4279 2514//4279 2516//4279
f  2515//4280 2516//4280 2517//4280
f  2517//4281 2516//4281 2518//4281
f  2517//4282 2518//4282 2509//4282
f  2509//4283 2518//4283 2519//4283
f  2509//4284 2519//4284 2489//4284
f  2520//4285 2521//4285 2522//4285
f  2522//4286 2521//4286 2523//4286
f  2522//4287 2523//4287 2511//4287
f  2511//4288 2523//4288 2524//4288
f  2511//4289 2524//4289 2512//4289
f  2409//4290 2489//4290 2490//4290
f  2490//4291 2489//4291 2519//4291
f  2490//4292 2519//4292 2506//4292
f  2506//4293 2519//4293 2518//4293
f  2506//4294 2518//4294 2505//4294
f  2505//4295 2518//4295 2516//4295
f  2505//4296 2516//4296 2504//4296
f  2504//4297 2516//4297 2514//4297
f  2504//4298 2514//4298 2503//4298
f  2503//4299 2514//4299 2512//4299
f  2503//4300 2512//4300 2502//4300
f  2502//4301 2512//4301 2524//4301
f  2502//4302 2524//4302 2501//4302
f  2501//4303 2524//4303 2523//4303
f  2501//4304 2523//4304 2500//4304
f  2500//4305 2523//4305 2521//4305
f  2500//4306 2521//4306 2507//4306
f  2507//4307 2521//4307 2520//4307
f  2507//4308 2520//4308 2508//4308
f  700//4309 2387//4309 2488//4309
f  700//4310 2488//4310 694//4310
f  694//4311 2488//4311 2508//4311
f  694//4312 2508//4312 695//4312
f  2508//4313 2520//4313 695//4313
f  695//4314 2520//4314 2522//4314
f  695//4315 2522//4315 696//4315
f  2517//4316 698//4316 2515//4316
f  2515//4317 698//4317 697//4317
f  2515//4318 697//4318 2513//4318
f  2513//4319 697//4319 696//4319
f  2513//4320 696//4320 2511//4320
f  2511//4321 696//4321 2522//4321
f  2509//4322 626//4322 2517//4322
f  2517//4323 626//4323 699//4323
f  2517//4324 699//4324 698//4324
f  2375//4325 630//4325 2510//4325
f  2510//4326 630//4326 629//4326
f  2510//4327 629//4327 2509//4327
f  2509//4328 629//4328 627//4328
f  2509//4329 627//4329 626//4329
f  2525//4330 474//4330 2526//4330
f  2526//4331 474//4331 472//4331
f  2243//4332 2242//4332 2527//4332
f  2245//4333 2528//4333 188//4333
f  188//4334 2528//4334 2529//4334
f  188//4335 2529//4335 189//4335
f  2529//4336 2530//4336 189//4336
f  189//4337 2530//4337 2531//4337
f  189//4338 2531//4338 220//4338
f  220//4339 2531//4339 2532//4339
f  220//4340 2532//4340 190//4340
f  190//4341 2532//4341 2533//4341
f  190//4342 2533//4342 191//4342
f  191//4343 2533//4343 2534//4343
f  210//4344 2535//4344 211//4344
f  211//4345 2535//4345 2536//4345
f  211//4346 2536//4346 213//4346
f  213//4347 2536//4347 2537//4347
f  213//4348 2537//4348 214//4348
f  214//4349 2537//4349 2538//4349
f  214//4350 2538//4350 209//4350
f  209//4351 2538//4351 2539//4351
f  209//4352 2539//4352 206//4352
f  206//4353 2539//4353 2540//4353
f  206//4354 2540//4354 207//4354
f  205//4355 2541//4355 204//4355
f  204//4356 2541//4356 2542//4356
f  204//4357 2542//4357 202//4357
f  2543//4358 203//4358 202//4358
f  801//4359 2543//4359 799//4359
f  799//4360 2543//4360 2544//4360
f  799//4361 2544//4361 796//4361
f  796//4362 2544//4362 2545//4362
f  796//4363 2545//4363 2546//4363
f  2547//4364 783//4364 2548//4364
f  2548//4365 783//4365 788//4365
f  2548//4366 788//4366 2549//4366
f  2549//4367 788//4367 786//4367
f  2549//4368 786//4368 2550//4368
f  2550//4369 786//4369 793//4369
f  2550//4370 793//4370 2551//4370
f  2551//4371 793//4371 792//4371
f  2551//4372 792//4372 2546//4372
f  2546//4373 792//4373 791//4373
f  2546//4374 791//4374 796//4374
f  2552//4375 777//4375 2553//4375
f  2553//4376 777//4376 781//4376
f  2553//4377 781//4377 2554//4377
f  775//4378 774//4378 2555//4378
f  2555//4379 774//4379 772//4379
f  2555//4380 772//4380 2552//4380
f  2552//4381 772//4381 778//4381
f  2552//4382 778//4382 777//4382
f  775//4383 2555//4383 770//4383
f  770//4384 2555//4384 2556//4384
f  770//4385 2556//4385 767//4385
f  767//4386 2556//4386 2557//4386
f  767//4387 2557//4387 765//4387
f  765//4388 2557//4388 764//4388
f  764//4389 2557//4389 2558//4389
f  764//4390 2558//4390 762//4390
f  762//4391 2558//4391 2559//4391
f  762//4392 2559//4392 758//4392
f  758//4393 2559//4393 2560//4393
f  758//4394 2560//4394 755//4394
f  2242//4395 754//4395 2527//4395
f  2527//4396 754//4396 755//4396
f  2527//4397 755//4397 2561//4397
f  2561//4398 755//4398 2560//4398
f  2543//4399 202//4399 2544//4399
f  2544//4400 202//4400 2542//4400
f  2544//4401 2542//4401 2545//4401
f  2545//4402 2542//4402 2541//4402
f  2545//4403 2541//4403 2546//4403
f  205//4404 207//4404 2541//4404
f  2541//4405 207//4405 2540//4405
f  2541//4406 2540//4406 2546//4406
f  2546//4407 2540//4407 2539//4407
f  2546//4408 2539//4408 2551//4408
f  2551//4409 2539//4409 2538//4409
f  2551//4410 2538//4410 2550//4410
f  2550//4411 2538//4411 2537//4411
f  2550//4412 2537//4412 2549//4412
f  2549//4413 2537//4413 2536//4413
f  2549//4414 2536//4414 2548//4414
f  2548//4415 2536//4415 2535//4415
f  2548//4416 2535//4416 2547//4416
f  2547//4417 2535//4417 210//4417
f  2547//4418 210//4418 2562//4418
f  2562//4419 210//4419 217//4419
f  2562//4420 217//4420 2563//4420
f  2563//4421 217//4421 216//4421
f  2563//4422 216//4422 2564//4422
f  2564//4423 216//4423 219//4423
f  2564//4424 219//4424 2534//4424
f  2534//4425 219//4425 218//4425
f  2534//4426 218//4426 191//4426
f  2245//4427 2243//4427 2528//4427
f  2528//4428 2243//4428 2527//4428
f  2528//4429 2527//4429 2529//4429
f  2529//4430 2527//4430 2561//4430
f  2529//4431 2561//4431 2530//4431
f  2530//4432 2561//4432 2560//4432
f  2530//4433 2560//4433 2531//4433
f  2531//4434 2560//4434 2559//4434
f  2531//4435 2559//4435 2532//4435
f  2532//4436 2559//4436 2558//4436
f  2532//4437 2558//4437 2533//4437
f  2533//4438 2558//4438 2557//4438
f  2533//4439 2557//4439 2534//4439
f  2534//4440 2557//4440 2556//4440
f  2534//4441 2556//4441 2564//4441
f  2564//4442 2556//4442 2555//4442
f  2564//4443 2555//4443 2563//4443
f  2563//4444 2555//4444 2552//4444
f  2563//4445 2552//4445 2562//4445
f  2562//4446 2552//4446 2553//4446
f  2562//4447 2553//4447 2547//4447
f  2547//4448 2553//4448 2554//4448
f  2547//4449 2554//4449 783//4449
f  783//4450 2554//4450 781//4450
f  2565//4451 246//4451 2566//4451
f  2566//4452 246//4452 244//4452
f  2566//4453 244//4453 2567//4453
f  2568//4454 2565//4454 2566//4454
f  2569//4455 2570//4455 2571//4455
f  2571//4456 2570//4456 2572//4456
f  2571//4457 2572//4457 2573//4457
f  2573//4458 2572//4458 2574//4458
f  2573//4459 2574//4459 2575//4459
f  2575//4460 2574//4460 2576//4460
f  2575//4461 2576//4461 2577//4461
f  2577//4462 2576//4462 2578//4462
f  2577//4463 2578//4463 2579//4463
f  2568//4464 2566//4464 2580//4464
f  2579//4465 2581//4465 2577//4465
f  2577//4466 2581//4466 2582//4466
f  2577//4467 2582//4467 2575//4467
f  2575//4468 2582//4468 2583//4468
f  2575//4469 2583//4469 2573//4469
f  2573//4470 2583//4470 2580//4470
f  2573//4471 2580//4471 2571//4471
f  2571//4472 2580//4472 2566//4472
f  2571//4473 2566//4473 2569//4473
f  2569//4474 2566//4474 2567//4474
f  78//4475 84//4475 2584//4475
f  2584//4476 2585//4476 2586//4476
f  78//4477 2584//4477 79//4477
f  79//4478 2584//4478 2586//4478
f  79//4479 2586//4479 2587//4479
f  2581//4480 2579//4480 2584//4480
f  2584//4481 2579//4481 2578//4481
f  2584//4482 2578//4482 2588//4482
f  2588//4483 2589//4483 2584//4483
f  2584//4484 2589//4484 2590//4484
f  2584//4485 2590//4485 2585//4485
f  2591//4486 2588//4486 2578//4486
f  2592//4487 2587//4487 2593//4487
f  2593//4488 2587//4488 2586//4488
f  2593//4489 2586//4489 2594//4489
f  2594//4490 2586//4490 2585//4490
f  2594//4491 2585//4491 2595//4491
f  2595//4492 2585//4492 2590//4492
f  2595//4493 2590//4493 2596//4493
f  2597//4494 76//4494 82//4494
f  71//4495 73//4495 2598//4495
f  2598//4496 73//4496 77//4496
f  2598//4497 77//4497 2599//4497
f  2578//4498 2576//4498 2591//4498
f  2591//4499 2576//4499 2574//4499
f  2591//4500 2574//4500 2600//4500
f  2600//4501 2574//4501 2572//4501
f  2600//4502 2572//4502 2601//4502
f  2601//4503 2572//4503 2570//4503
f  2601//4504 2570//4504 2602//4504
f  2602//4505 2570//4505 2569//4505
f  2602//4506 2569//4506 2603//4506
f  2603//4507 2569//4507 2567//4507
f  79//4508 2587//4508 81//4508
f  81//4509 2587//4509 2592//4509
f  81//4510 2592//4510 2604//4510
f  2604//4511 2592//4511 2593//4511
f  2604//4512 2593//4512 2605//4512
f  2605//4513 2593//4513 2594//4513
f  2605//4514 2594//4514 2606//4514
f  2606//4515 2594//4515 2595//4515
f  2606//4516 2595//4516 2607//4516
f  2607//4517 2595//4517 2596//4517
f  2607//4518 2596//4518 2608//4518
f  2608//4519 2609//4519 2610//4519
f  2608//4520 2610//4520 2607//4520
f  2607//4521 2610//4521 2611//4521
f  2607//4522 2611//4522 2606//4522
f  2606//4523 2611//4523 2612//4523
f  2606//4524 2612//4524 2605//4524
f  2605//4525 2612//4525 2597//4525
f  2605//4526 2597//4526 2604//4526
f  2604//4527 2597//4527 82//4527
f  2604//4528 82//4528 81//4528
f  2609//4529 2613//4529 2614//4529
f  2609//4530 2614//4530 2610//4530
f  2610//4531 2614//4531 2615//4531
f  2610//4532 2615//4532 2611//4532
f  2611//4533 2615//4533 2616//4533
f  2611//4534 2616//4534 2612//4534
f  2612//4535 2616//4535 2599//4535
f  2612//4536 2599//4536 2597//4536
f  2597//4537 2599//4537 77//4537
f  2597//4538 77//4538 76//4538
f  2603//4539 2617//4539 2602//4539
f  2602//4540 2617//4540 2618//4540
f  2602//4541 2618//4541 2601//4541
f  2601//4542 2618//4542 2619//4542
f  2601//4543 2619//4543 2600//4543
f  2600//4544 2619//4544 2620//4544
f  2600//4545 2620//4545 2591//4545
f  2591//4546 2620//4546 2621//4546
f  2591//4547 2621//4547 2588//4547
f  2589//4548 2588//4548 2622//4548
f  2622//4549 2588//4549 2621//4549
f  2622//4550 2621//4550 2623//4550
f  2623//4551 2621//4551 2620//4551
f  2623//4552 2620//4552 2624//4552
f  2624//4553 2620//4553 2619//4553
f  2624//4554 2619//4554 2625//4554
f  2625//4555 2619//4555 2618//4555
f  2625//4556 2618//4556 2626//4556
f  2626//4557 2618//4557 2617//4557
f  2626//4558 2627//4558 2625//4558
f  2625//4559 2627//4559 2613//4559
f  2625//4560 2613//4560 2624//4560
f  2624//4561 2613//4561 2609//4561
f  2624//4562 2609//4562 2623//4562
f  2623//4563 2609//4563 2608//4563
f  2623//4564 2608//4564 2622//4564
f  2622//4565 2608//4565 2596//4565
f  2622//4566 2596//4566 2589//4566
f  2589//4567 2596//4567 2590//4567
f  2627//4568 2628//4568 2613//4568
f  2613//4569 2628//4569 2629//4569
f  2613//4570 2629//4570 2614//4570
f  2614//4571 2629//4571 2630//4571
f  2614//4572 2630//4572 2615//4572
f  2615//4573 2630//4573 2631//4573
f  2615//4574 2631//4574 2616//4574
f  2616//4575 2631//4575 2632//4575
f  2616//4576 2632//4576 2599//4576
f  2599//4577 2632//4577 2633//4577
f  2599//4578 2633//4578 2598//4578
f  2598//4579 2633//4579 66//4579
f  2598//4580 66//4580 71//4580
f  66//4581 2633//4581 67//4581
f  67//4582 2633//4582 231//4582
f  2633//4583 2632//4583 231//4583
f  231//4584 2632//4584 2631//4584
f  231//4585 2631//4585 232//4585
f  232//4586 2631//4586 2630//4586
f  232//4587 2630//4587 234//4587
f  234//4588 2630//4588 2629//4588
f  234//4589 2629//4589 236//4589
f  236//4590 2629//4590 2628//4590
f  236//4591 2628//4591 239//4591
f  239//4592 2628//4592 2627//4592
f  239//4593 2627//4593 241//4593
f  241//4594 2627//4594 2626//4594
f  241//4595 2626//4595 242//4595
f  242//4596 2626//4596 2617//4596
f  242//4597 2617//4597 244//4597
f  244//4598 2617//4598 2603//4598
f  244//4599 2603//4599 2567//4599
f  183//4600 98//4600 2634//4600
f  183//4601 2634//4601 262//4601
f  262//4602 2634//4602 2635//4602
f  262//4603 2635//4603 184//4603
f  2635//4604 2636//4604 184//4604
f  184//4605 2636//4605 2637//4605
f  184//4606 2637//4606 185//4606
f  2637//4607 2638//4607 185//4607
f  185//4608 2638//4608 2639//4608
f  185//4609 2639//4609 256//4609
f  256//4610 2639//4610 2640//4610
f  2640//4611 2641//4611 256//4611
f  256//4612 2641//4612 2642//4612
f  256//4613 2642//4613 257//4613
f  2642//4614 2643//4614 257//4614
f  257//4615 2643//4615 2644//4615
f  257//4616 2644//4616 258//4616
f  258//4617 2644//4617 2645//4617
f  258//4618 2645//4618 259//4618
f  259//4619 2645//4619 255//4619
f  255//4620 2645//4620 129//4620
f  255//4621 129//4621 170//4621
f  122//4622 153//4622 2646//4622
f  2647//4623 2648//4623 2646//4623
f  2646//4624 2648//4624 2649//4624
f  2646//4625 2649//4625 122//4625
f  2650//4626 2651//4626 2652//4626
f  2652//4627 2651//4627 2653//4627
f  2652//4628 2653//4628 2647//4628
f  2647//4629 2653//4629 2654//4629
f  2647//4630 2654//4630 2648//4630
f  2655//4631 2656//4631 2650//4631
f  2650//4632 2656//4632 2657//4632
f  2650//4633 2657//4633 2651//4633
f  2655//4634 2658//4634 2656//4634
f  2656//4635 2658//4635 2659//4635
f  2656//4636 2659//4636 2660//4636
f  2660//4637 2659//4637 113//4637
f  2660//4638 113//4638 112//4638
f  97//4639 111//4639 2661//4639
f  2661//4640 111//4640 94//4640
f  2662//4641 130//4641 129//4641
f  169//4642 168//4642 2663//4642
f  2663//4643 168//4643 167//4643
f  153//4644 161//4644 2646//4644
f  2646//4645 161//4645 2664//4645
f  2646//4646 2664//4646 2647//4646
f  2647//4647 2664//4647 2665//4647
f  2647//4648 2665//4648 2652//4648
f  2652//4649 2665//4649 2666//4649
f  2652//4650 2666//4650 2650//4650
f  2650//4651 2666//4651 2667//4651
f  2650//4652 2667//4652 2655//4652
f  2655//4653 2667//4653 2668//4653
f  2655//4654 2668//4654 2658//4654
f  2658//4655 2668//4655 2669//4655
f  2658//4656 2669//4656 2659//4656
f  2659//4657 2669//4657 2670//4657
f  2659//4658 2670//4658 113//4658
f  113//4659 2670//4659 115//4659
f  2644//4660 2643//4660 2671//4660
f  2671//4661 2672//4661 2644//4661
f  2644//4662 2672//4662 2662//4662
f  2644//4663 2662//4663 2645//4663
f  2645//4664 2662//4664 129//4664
f  2673//4665 2674//4665 2671//4665
f  2671//4666 2674//4666 2675//4666
f  2671//4667 2675//4667 2672//4667
f  2672//4668 2675//4668 2663//4668
f  2672//4669 2663//4669 2662//4669
f  2662//4670 2663//4670 167//4670
f  2662//4671 167//4671 130//4671
f  2676//4672 2638//4672 2677//4672
f  2677//4673 2638//4673 2637//4673
f  98//4674 97//4674 2634//4674
f  2634//4675 97//4675 2661//4675
f  2634//4676 2661//4676 2635//4676
f  2635//4677 2661//4677 2678//4677
f  2635//4678 2678//4678 2636//4678
f  2636//4679 2678//4679 2637//4679
f  2637//4680 2678//4680 2677//4680
f  2677//4681 2678//4681 2661//4681
f  2677//4682 2661//4682 2679//4682
f  2679//4683 2661//4683 94//4683
f  2679//4684 94//4684 116//4684
f  2643//4685 2642//4685 2671//4685
f  2671//4686 2642//4686 2641//4686
f  2671//4687 2641//4687 2673//4687
f  2673//4688 2641//4688 2640//4688
f  2673//4689 2640//4689 2676//4689
f  2676//4690 2640//4690 2639//4690
f  2676//4691 2639//4691 2638//4691
f  161//4692 169//4692 2664//4692
f  2664//4693 169//4693 2663//4693
f  2664//4694 2663//4694 2665//4694
f  2665//4695 2663//4695 2675//4695
f  2665//4696 2675//4696 2666//4696
f  2666//4697 2675//4697 2674//4697
f  2666//4698 2674//4698 2667//4698
f  2667//4699 2674//4699 2673//4699
f  2667//4700 2673//4700 2668//4700
f  2668//4701 2673//4701 2676//4701
f  2668//4702 2676//4702 2669//4702
f  2669//4703 2676//4703 2677//4703
f  2669//4704 2677//4704 2670//4704
f  2670//4705 2677//4705 2679//4705
f  2670//4706 2679//4706 115//4706
f  115//4707 2679//4707 116//4707
f  2657//4708 2656//4708 2660//4708
f  2660//4709 112//4709 91//4709
f  119//4710 121//4710 125//4710
f  2660//4711 91//4711 2680//4711
f  2680//4712 91//4712 88//4712
f  2680//4713 88//4713 117//4713
f  2654//4714 2653//4714 2651//4714
f  2649//4715 2648//4715 122//4715
f  122//4716 2648//4716 2654//4716
f  122//4717 2654//4717 123//4717
f  123//4718 2654//4718 2651//4718
f  2651//4719 2657//4719 123//4719
f  123//4720 2657//4720 2660//4720
f  123//4721 2660//4721 125//4721
f  125//4722 2660//4722 2680//4722
f  125//4723 2680//4723 119//4723
f  119//4724 2680//4724 117//4724
f  2681//4725 2682//4725 417//4725
f  417//4726 2682//4726 418//4726
f  2683//4727 2682//4727 2681//4727
f  2684//4728 2685//4728 2686//4728
f  2686//4729 2685//4729 2687//4729
f  2686//4730 2687//4730 2688//4730
f  2688//4731 2687//4731 2683//4731
f  2689//4732 2690//4732 2691//4732
f  2691//4733 2690//4733 2692//4733
f  2691//4734 2692//4734 2684//4734
f  2684//4735 2692//4735 2693//4735
f  2684//4736 2693//4736 2685//4736
f  2689//4737 2691//4737 2694//4737
f  2694//4738 2691//4738 2684//4738
f  2694//4739 2684//4739 2695//4739
f  2695//4740 2684//4740 2686//4740
f  2695//4741 2686//4741 2696//4741
f  2696//4742 2686//4742 2688//4742
f  2696//4743 2688//4743 2697//4743
f  2683//4744 2681//4744 2688//4744
f  2688//4745 2681//4745 2698//4745
f  2688//4746 2698//4746 2697//4746
f  2689//4747 2694//4747 2699//4747
f  2689//4748 2699//4748 2690//4748
f  2699//4749 2700//4749 2701//4749
f  2690//4750 2699//4750 2702//4750
f  2702//4751 2699//4751 2701//4751
f  2702//4752 2701//4752 2703//4752
f  269//4753 268//4753 2699//4753
f  2699//4754 268//4754 272//4754
f  272//4755 2704//4755 2699//4755
f  2699//4756 2704//4756 2705//4756
f  2699//4757 2705//4757 2700//4757
f  2706//4758 2707//4758 2708//4758
f  2709//4759 2710//4759 2711//4759
f  273//4760 263//4760 2712//4760
f  2713//4761 2704//4761 272//4761
f  2692//4762 2690//4762 2702//4762
f  2714//4763 2682//4763 2683//4763
f  2714//4764 2683//4764 2715//4764
f  274//4765 2716//4765 276//4765
f  276//4766 2716//4766 2717//4766
f  276//4767 2717//4767 278//4767
f  272//4768 271//4768 2713//4768
f  2713//4769 271//4769 279//4769
f  2713//4770 279//4770 2718//4770
f  2718//4771 279//4771 278//4771
f  2718//4772 278//4772 2719//4772
f  2719//4773 278//4773 2717//4773
f  2705//4774 2704//4774 2720//4774
f  2720//4775 2704//4775 2713//4775
f  2720//4776 2713//4776 2721//4776
f  2721//4777 2713//4777 2718//4777
f  2721//4778 2718//4778 2722//4778
f  2722//4779 2718//4779 2719//4779
f  2722//4780 2719//4780 2723//4780
f  2723//4781 2719//4781 2717//4781
f  2723//4782 2717//4782 2724//4782
f  2725//4783 2726//4783 2727//4783
f  2727//4784 2726//4784 2728//4784
f  2727//4785 2728//4785 2729//4785
f  2729//4786 2728//4786 2730//4786
f  2729//4787 2730//4787 2715//4787
f  2715//4788 2730//4788 2731//4788
f  2715//4789 2731//4789 2714//4789
f  2714//4790 2731//4790 2732//4790
f  2726//4791 2733//4791 2728//4791
f  2728//4792 2733//4792 2734//4792
f  2728//4793 2734//4793 2730//4793
f  2730//4794 2734//4794 2735//4794
f  2730//4795 2735//4795 2731//4795
f  2731//4796 2735//4796 2711//4796
f  2731//4797 2711//4797 2732//4797
f  2732//4798 2711//4798 2710//4798
f  2736//4799 2709//4799 2737//4799
f  2737//4800 2709//4800 2711//4800
f  2737//4801 2711//4801 2738//4801
f  2738//4802 2711//4802 2735//4802
f  2738//4803 2735//4803 2739//4803
f  2739//4804 2735//4804 2734//4804
f  2739//4805 2734//4805 2740//4805
f  2740//4806 2734//4806 2733//4806
f  2740//4807 2741//4807 2739//4807
f  2739//4808 2741//4808 2742//4808
f  2739//4809 2742//4809 2738//4809
f  2738//4809 2742//4809 2743//4809
f  2738//4810 2743//4810 2737//4810
f  2737//4811 2743//4811 2744//4811
f  2737//4812 2744//4812 2736//4812
f  2736//4813 2744//4813 2745//4813
f  2683//4814 2687//4814 2715//4814
f  2715//4815 2687//4815 2685//4815
f  2715//4816 2685//4816 2729//4816
f  2729//4817 2685//4817 2693//4817
f  2729//4818 2693//4818 2727//4818
f  2727//4819 2693//4819 2692//4819
f  2727//4820 2692//4820 2725//4820
f  2725//4821 2692//4821 2702//4821
f  2725//4822 2702//4822 2726//4822
f  2726//4823 2702//4823 2703//4823
f  2726//4824 2703//4824 2733//4824
f  2733//4825 2703//4825 2701//4825
f  2733//4826 2701//4826 2740//4826
f  2740//4827 2701//4827 2700//4827
f  2740//4828 2700//4828 2741//4828
f  2741//4829 2700//4829 2746//4829
f  2741//4830 2746//4830 2742//4830
f  2742//4831 2746//4831 2747//4831
f  2742//4832 2747//4832 2743//4832
f  2743//4833 2747//4833 2748//4833
f  2743//4834 2748//4834 2744//4834
f  2744//4835 2748//4835 2708//4835
f  2744//4836 2708//4836 2745//4836
f  2745//4837 2708//4837 2707//4837
f  2724//4838 2706//4838 2723//4838
f  2723//4839 2706//4839 2708//4839
f  2723//4840 2708//4840 2722//4840
f  2722//4841 2708//4841 2748//4841
f  2722//4842 2748//4842 2721//4842
f  2721//4843 2748//4843 2747//4843
f  2721//4844 2747//4844 2720//4844
f  2720//4845 2747//4845 2746//4845
f  2720//4846 2746//4846 2705//4846
f  2705//4847 2746//4847 2700//4847
f  274//4848 273//4848 2716//4848
f  2716//4849 273//4849 2712//4849
f  2716//4850 2712//4850 2717//4850
f  2717//4851 2712//4851 2749//4851
f  2717//4852 2749//4852 2724//4852
f  418//4853 2682//4853 2714//4853
f  418//4854 2714//4854 419//4854
f  2714//4855 2732//4855 419//4855
f  419//4856 2732//4856 2710//4856
f  419//4857 2710//4857 420//4857
f  2710//4858 2709//4858 420//4858
f  420//4859 2709//4859 2736//4859
f  420//4860 2736//4860 422//4860
f  422//4861 2736//4861 2745//4861
f  422//4862 2745//4862 423//4862
f  423//4863 2745//4863 2707//4863
f  423//4864 2707//4864 424//4864
f  424//4865 2707//4865 2706//4865
f  424//4866 2706//4866 425//4866
f  425//4867 2706//4867 2724//4867
f  425//4868 2724//4868 426//4868
f  426//4869 2724//4869 2749//4869
f  426//4870 2749//4870 265//4870
f  265//4871 2749//4871 2712//4871
f  265//4872 2712//4872 263//4872
f  399//4873 373//4873 288//4873
f  399//4874 288//4874 400//4874
f  288//4875 2750//4875 400//4875
f  400//4876 2750//4876 2751//4876
f  400//4877 2751//4877 404//4877
f  404//4878 2751//4878 2752//4878
f  404//4879 2752//4879 396//4879
f  396//4880 2752//4880 2753//4880
f  396//4881 2753//4881 397//4881
f  2753//4882 2754//4882 397//4882
f  397//4883 2754//4883 2755//4883
f  397//4884 2755//4884 391//4884
f  2755//4885 2756//4885 391//4885
f  391//4886 2756//4886 2757//4886
f  391//4887 2757//4887 392//4887
f  392//4888 2757//4888 2758//4888
f  392//4889 2758//4889 2759//4889
f  2759//4890 2760//4890 392//4890
f  392//4891 2760//4891 2761//4891
f  392//4892 2761//4892 393//4892
f  393//4893 2761//4893 317//4893
f  393//4894 317//4894 377//4894
f  310//4895 309//4895 2762//4895
f  318//4896 317//4896 2761//4896
f  366//4897 365//4897 2763//4897
f  293//4898 295//4898 2764//4898
f  2765//4899 307//4899 290//4899
f  2766//4900 2767//4900 2768//4900
f  2768//4901 2767//4901 2769//4901
f  2768//4902 2769//4902 2770//4902
f  2770//4903 2769//4903 2765//4903
f  2770//4904 2765//4904 2771//4904
f  2771//4905 2765//4905 290//4905
f  2771//4906 290//4906 315//4906
f  2772//4907 2773//4907 2774//4907
f  2774//4908 2773//4908 2775//4908
f  2774//4909 2775//4909 2766//4909
f  2766//4910 2775//4910 2776//4910
f  2766//4911 2776//4911 2767//4911
f  364//4912 293//4912 2777//4912
f  2777//4913 293//4913 2764//4913
f  2777//4914 2764//4914 2772//4914
f  2772//4915 2764//4915 2778//4915
f  2772//4916 2778//4916 2773//4916
f  2750//4917 288//4917 287//4917
f  2779//4918 312//4918 310//4918
f  365//4919 364//4919 2763//4919
f  2763//4920 364//4920 2777//4920
f  2763//4921 2777//4921 2780//4921
f  2780//4922 2777//4922 2772//4922
f  2780//4923 2772//4923 2781//4923
f  2781//4924 2772//4924 2774//4924
f  2781//4925 2774//4925 2782//4925
f  2782//4926 2774//4926 2766//4926
f  2782//4927 2766//4927 2783//4927
f  2783//4928 2766//4928 2768//4928
f  2783//4929 2768//4929 2784//4929
f  2784//4930 2768//4930 2770//4930
f  2784//4931 2770//4931 2785//4931
f  2785//4932 2770//4932 2771//4932
f  2785//4933 2771//4933 314//4933
f  314//4934 2771//4934 315//4934
f  2786//4935 2753//4935 2752//4935
f  2786//4936 2752//4936 2787//4936
f  2752//4937 2751//4937 2787//4937
f  2787//4938 2751//4938 2750//4938
f  2787//4939 2750//4939 2788//4939
f  2788//4940 2750//4940 287//4940
f  2788//4941 287//4941 349//4941
f  2754//4942 2753//4942 2789//4942
f  2789//4943 2753//4943 2786//4943
f  2789//4944 2786//4944 2790//4944
f  2790//4945 2786//4945 2787//4945
f  2790//4946 2787//4946 2791//4946
f  2791//4947 2787//4947 2788//4947
f  2791//4948 2788//4948 2792//4948
f  2792//4949 2788//4949 349//4949
f  2792//4950 349//4950 367//4950
f  309//4951 318//4951 2762//4951
f  2762//4952 318//4952 2761//4952
f  2762//4953 2761//4953 2793//4953
f  2761//4954 2760//4954 2793//4954
f  2793//4955 2760//4955 2759//4955
f  2793//4956 2759//4956 2758//4956
f  310//4957 2762//4957 2779//4957
f  2779//4958 2762//4958 2793//4958
f  2779//4959 2793//4959 2794//4959
f  2794//4960 2793//4960 2758//4960
f  2794//4961 2758//4961 2795//4961
f  2758//4962 2757//4962 2795//4962
f  2795//4963 2757//4963 2756//4963
f  2795//4964 2756//4964 2789//4964
f  2789//4965 2756//4965 2755//4965
f  2789//4966 2755//4966 2754//4966
f  367//4967 366//4967 2792//4967
f  2792//4968 366//4968 2763//4968
f  2792//4969 2763//4969 2791//4969
f  2791//4970 2763//4970 2780//4970
f  2791//4971 2780//4971 2790//4971
f  2790//4972 2780//4972 2781//4972
f  2790//4973 2781//4973 2789//4973
f  2789//4974 2781//4974 2782//4974
f  2789//4975 2782//4975 2795//4975
f  2795//4976 2782//4976 2783//4976
f  2795//4977 2783//4977 2794//4977
f  2794//4978 2783//4978 2784//4978
f  2794//4979 2784//4979 2779//4979
f  2779//4980 2784//4980 2785//4980
f  2779//4981 2785//4981 312//4981
f  312//4982 2785//4982 314//4982
f  2776//4983 301//4983 2767//4983
f  2767//4984 301//4984 304//4984
f  2765//4985 2769//4985 307//4985
f  307//4986 2769//4986 2767//4986
f  307//4987 2767//4987 308//4987
f  308//4988 2767//4988 304//4988
f  308//4989 304//4989 306//4989
f  2776//4990 2775//4990 301//4990
f  301//4991 2775//4991 2773//4991
f  301//4992 2773//4992 2778//4992
f  297//4993 299//4993 295//4993
f  295//4994 299//4994 301//4994
f  295//4995 301//4995 2764//4995
f  2764//4996 301//4996 2778//4996
f  925//4997 923//4997 2796//4997
f  2796//4998 923//4998 2797//4998
f  2798//4999 398//4999 203//4999
f  2799//5000 2798//5000 2800//5000
f  398//5001 2798//5001 394//5001
f  394//5002 2798//5002 2799//5002
f  394//5003 2799//5003 395//5003
f  395//5004 2799//5004 2801//5004
f  395//5005 2801//5005 403//5005
f  2802//5006 440//5006 439//5006
f  2802//5007 439//5007 2801//5007
f  2801//5008 439//5008 438//5008
f  2801//5009 438//5009 403//5009
f  2803//5010 2804//5010 437//5010
f  437//5011 436//5011 2803//5011
f  2803//5012 436//5012 442//5012
f  2803//5013 442//5013 2802//5013
f  2802//5014 442//5014 441//5014
f  2802//5015 441//5015 440//5015
f  2805//5016 2806//5016 435//5016
f  435//5017 2806//5017 2807//5017
f  435//5018 2807//5018 433//5018
f  433//5019 2807//5019 2808//5019
f  433//5020 2808//5020 430//5020
f  430//5021 2808//5021 2809//5021
f  430//5022 2809//5022 431//5022
f  431//5023 2809//5023 432//5023
f  432//5024 2809//5024 2810//5024
f  432//5025 2810//5025 380//5025
f  380//5026 2810//5026 2811//5026
f  380//5027 2811//5027 383//5027
f  2811//5028 2812//5028 383//5028
f  383//5029 2812//5029 2813//5029
f  383//5030 2813//5030 429//5030
f  914//5031 2814//5031 912//5031
f  912//5032 2814//5032 2815//5032
f  912//5033 2815//5033 910//5033
f  910//5034 2815//5034 2816//5034
f  910//5035 2816//5035 908//5035
f  908//5036 2816//5036 2817//5036
f  908//5037 2817//5037 906//5037
f  906//5038 2817//5038 904//5038
f  904//5039 2817//5039 2818//5039
f  904//5040 2818//5040 902//5040
f  902//5041 2818//5041 900//5041
f  900//5042 2818//5042 2819//5042
f  900//5043 2819//5043 898//5043
f  898//5044 2819//5044 2820//5044
f  898//5045 2820//5045 918//5045
f  2797//5046 923//5046 2820//5046
f  2820//5047 923//5047 921//5047
f  2820//5048 921//5048 918//5048
f  2821//5049 929//5049 2805//5049
f  2805//5050 929//5050 927//5050
f  2822//5051 934//5051 932//5051
f  2822//5052 932//5052 2821//5052
f  2821//5053 932//5053 931//5053
f  2821//5054 931//5054 929//5054
f  940//5055 939//5055 2823//5055
f  2823//5056 939//5056 938//5056
f  2823//5057 938//5057 2822//5057
f  2822//5058 938//5058 936//5058
f  2822//5059 936//5059 934//5059
f  2823//5060 2824//5060 940//5060
f  940//5061 2824//5061 2825//5061
f  940//5062 2825//5062 942//5062
f  203//5063 2543//5063 2798//5063
f  2798//5064 2543//5064 801//5064
f  2798//5065 801//5065 2800//5065
f  2800//5066 801//5066 947//5066
f  2800//5067 947//5067 944//5067
f  2814//5068 2813//5068 2815//5068
f  2815//5069 2813//5069 2812//5069
f  2815//5070 2812//5070 2816//5070
f  2816//5071 2812//5071 2811//5071
f  2816//5072 2811//5072 2817//5072
f  2817//5073 2811//5073 2810//5073
f  2817//5074 2810//5074 2818//5074
f  2818//5075 2810//5075 2809//5075
f  2818//5076 2809//5076 2819//5076
f  2819//5077 2809//5077 2808//5077
f  2819//5078 2808//5078 2820//5078
f  2820//5079 2808//5079 2807//5079
f  2820//5080 2807//5080 2797//5080
f  2797//5081 2807//5081 2806//5081
f  2797//5082 2806//5082 2796//5082
f  2796//5083 2806//5083 2805//5083
f  2796//5084 2805//5084 925//5084
f  925//5085 2805//5085 927//5085
f  944//5086 942//5086 2800//5086
f  2800//5087 942//5087 2825//5087
f  2800//5088 2825//5088 2799//5088
f  2799//5089 2825//5089 2824//5089
f  2799//5090 2824//5090 2801//5090
f  2801//5091 2824//5091 2823//5091
f  2801//5092 2823//5092 2802//5092
f  2802//5093 2823//5093 2822//5093
f  2802//5094 2822//5094 2803//5094
f  2803//5095 2822//5095 2821//5095
f  2803//5096 2821//5096 2804//5096
f  2804//5097 2821//5097 2805//5097
f  2804//5098 2805//5098 2826//5098
f  2826//5099 2805//5099 435//5099
f  2826//5100 435//5100 2804//5100
f  2804//5101 435//5101 434//5101
f  2804//5102 434//5102 437//5102
f  2827//5103 2828//5103 2829//5103
f  954//5104 968//5104 2830//5104
f  2829//5105 2828//5105 828//5105
f  831//5106 833//5106 2831//5106
f  2831//5107 833//5107 835//5107
f  2831//5108 835//5108 2832//5108
f  2832//5109 835//5109 837//5109
f  2832//5110 837//5110 2833//5110
f  2833//5111 837//5111 840//5111
f  2833//5112 840//5112 2834//5112
f  2834//5113 840//5113 839//5113
f  2834//5114 839//5114 429//5114
f  828//5115 2828//5115 2835//5115
f  2835//5116 2828//5116 971//5116
f  2835//5117 971//5117 970//5117
f  967//5118 965//5118 2827//5118
f  2827//5119 965//5119 963//5119
f  2827//5120 963//5120 2828//5120
f  2828//5121 963//5121 961//5121
f  2828//5122 961//5122 971//5122
f  2836//5123 2837//5123 949//5123
f  949//5124 959//5124 2836//5124
f  2836//5125 959//5125 958//5125
f  2836//5126 958//5126 2830//5126
f  2830//5127 958//5127 956//5127
f  2830//5128 956//5128 954//5128
f  914//5129 916//5129 2814//5129
f  2814//5130 916//5130 952//5130
f  2814//5131 952//5131 2837//5131
f  2837//5132 952//5132 951//5132
f  2837//5133 951//5133 949//5133
f  968//5134 967//5134 2830//5134
f  2830//5135 967//5135 2827//5135
f  2830//5136 2827//5136 2838//5136
f  2838//5137 2827//5137 2829//5137
f  2838//5138 2829//5138 829//5138
f  829//5139 2829//5139 828//5139
f  2838//5140 2839//5140 2830//5140
f  2830//5141 2839//5141 2840//5141
f  2830//5142 2840//5142 2836//5142
f  2836//5143 2840//5143 2841//5143
f  2836//5144 2841//5144 2837//5144
f  2837//5145 2841//5145 2842//5145
f  2837//5146 2842//5146 2814//5146
f  2814//5147 2842//5147 2813//5147
f  829//5148 830//5148 2838//5148
f  2838//5149 830//5149 831//5149
f  2838//5150 831//5150 2839//5150
f  2839//5151 831//5151 2831//5151
f  2839//5152 2831//5152 2840//5152
f  2840//5153 2831//5153 2832//5153
f  2840//5154 2832//5154 2841//5154
f  2841//5155 2832//5155 2833//5155
f  2841//5156 2833//5156 2842//5156
f  2842//5157 2833//5157 2834//5157
f  2842//5158 2834//5158 2813//5158
f  2813//5159 2834//5159 429//5159
f  2843//5160 888//5160 887//5160
f  879//5161 2844//5161 2845//5161
f  879//5162 2845//5162 880//5162
f  2845//5163 2846//5163 880//5163
f  880//5164 2846//5164 2847//5164
f  880//5165 2847//5165 842//5165
f  2847//5166 2848//5166 842//5166
f  842//5167 2848//5167 2849//5167
f  842//5168 2849//5168 843//5168
f  2849//5169 2850//5169 843//5169
f  843//5170 2850//5170 2851//5170
f  843//5171 2851//5171 844//5171
f  844//5172 2851//5172 2852//5172
f  844//5173 2852//5173 807//5173
f  807//5174 2852//5174 2853//5174
f  807//5175 2853//5175 808//5175
f  808//5176 2853//5176 2854//5176
f  808//5177 2854//5177 887//5177
f  887//5178 2854//5178 2855//5178
f  887//5179 2855//5179 2843//5179
f  2856//5180 2857//5180 2858//5180
f  2859//5181 2860//5181 2856//5181
f  2856//5182 2860//5182 2861//5182
f  2856//5183 2861//5183 2857//5183
f  2857//5184 2861//5184 2862//5184
f  2845//5185 2844//5185 2863//5185
f  2864//5186 2865//5186 2855//5186
f  2855//5187 2865//5187 2866//5187
f  2855//5188 2866//5188 2843//5188
f  2867//5189 2868//5189 2864//5189
f  2864//5190 2868//5190 2869//5190
f  2864//5191 2869//5191 2865//5191
f  2870//5192 2871//5192 2872//5192
f  2872//5193 2871//5193 2873//5193
f  2872//5194 2873//5194 2874//5194
f  2874//5195 2873//5195 2875//5195
f  2874//5196 2875//5196 2867//5196
f  2867//5197 2875//5197 2876//5197
f  2867//5198 2876//5198 2868//5198
f  2877//5199 2878//5199 2879//5199
f  2879//5200 2878//5200 2880//5200
f  2879//5201 2880//5201 2881//5201
f  2881//5202 2880//5202 2882//5202
f  2881//5203 2882//5203 2883//5203
f  2883//5204 2882//5204 2884//5204
f  2884//5205 2882//5205 2885//5205
f  2884//5206 2885//5206 2886//5206
f  2887//5207 2888//5207 2889//5207
f  2889//5208 2888//5208 2886//5208
f  2889//5209 2886//5209 2890//5209
f  2890//5210 2886//5210 2885//5210
f  2877//5211 2879//5211 2891//5211
f  2891//5212 2879//5212 2881//5212
f  2891//5213 2881//5213 2892//5213
f  2892//5214 2881//5214 2883//5214
f  2892//5215 2883//5215 2893//5215
f  2893//5216 2883//5216 2884//5216
f  2893//5217 2884//5217 2894//5217
f  2894//5218 2884//5218 2886//5218
f  2894//5219 2886//5219 2895//5219
f  2895//5220 2886//5220 2888//5220
f  2895//5221 2888//5221 2896//5221
f  2896//5222 2888//5222 2887//5222
f  2896//5223 2887//5223 2897//5223
f  2897//5224 2898//5224 2896//5224
f  2896//5225 2898//5225 2899//5225
f  2896//5226 2899//5226 2895//5226
f  2895//5227 2899//5227 2900//5227
f  2895//5228 2900//5228 2894//5228
f  2894//5229 2900//5229 2901//5229
f  2894//5230 2901//5230 2893//5230
f  2893//5231 2901//5231 2858//5231
f  2893//5232 2858//5232 2892//5232
f  2892//5233 2858//5233 2857//5233
f  2892//5234 2857//5234 2891//5234
f  2891//5235 2857//5235 2862//5235
f  2891//5236 2862//5236 2877//5236
f  2854//5237 2902//5237 2903//5237
f  2903//5238 2902//5238 2898//5238
f  2903//5239 2898//5239 2904//5239
f  2904//5240 2898//5240 2897//5240
f  2905//5241 2846//5241 2845//5241
f  2846//5242 2905//5242 2847//5242
f  2847//5243 2905//5243 2906//5243
f  2847//5244 2906//5244 2848//5244
f  2848//5245 2906//5245 2907//5245
f  2848//5246 2907//5246 2908//5246
f  2853//5247 2852//5247 2909//5247
f  2909//5248 2852//5248 2851//5248
f  2909//5249 2851//5249 2910//5249
f  2910//5250 2851//5250 2850//5250
f  2910//5251 2850//5251 2908//5251
f  2908//5252 2850//5252 2849//5252
f  2908//5253 2849//5253 2848//5253
f  2854//5254 2853//5254 2902//5254
f  2902//5255 2853//5255 2909//5255
f  2902//5256 2909//5256 2898//5256
f  2898//5257 2909//5257 2910//5257
f  2898//5258 2910//5258 2899//5258
f  2899//5259 2910//5259 2908//5259
f  2899//5260 2908//5260 2900//5260
f  2900//5261 2908//5261 2907//5261
f  2900//5262 2907//5262 2901//5262
f  2901//5263 2907//5263 2906//5263
f  2901//5264 2906//5264 2858//5264
f  2858//5265 2906//5265 2905//5265
f  2858//5266 2905//5266 2856//5266
f  2856//5267 2905//5267 2845//5267
f  2856//5268 2845//5268 2859//5268
f  2859//5269 2845//5269 2863//5269
f  2889//5270 2870//5270 2887//5270
f  2887//5271 2870//5271 2872//5271
f  2887//5272 2872//5272 2897//5272
f  2897//5273 2872//5273 2874//5273
f  2897//5274 2874//5274 2904//5274
f  2904//5275 2874//5275 2867//5275
f  2904//5276 2867//5276 2903//5276
f  2903//5277 2867//5277 2864//5277
f  2903//5278 2864//5278 2854//5278
f  2854//5279 2864//5279 2855//5279
f  2911//5280 2912//5280 2913//5280
f  2913//5281 2912//5281 2914//5281
f  2913//5282 2914//5282 2915//5282
f  2913//5283 2878//5283 2916//5283
f  2911//5284 2913//5284 2917//5284
f  2917//5285 2913//5285 2916//5285
f  2917//5286 2916//5286 2918//5286
f  2913//5287 2890//5287 2885//5287
f  2885//5288 2882//5288 2913//5288
f  2913//5289 2882//5289 2880//5289
f  2913//5290 2880//5290 2878//5290
f  2889//5291 2890//5291 2870//5291
f  2870//5292 2890//5292 2913//5292
f  2870//5293 2913//5293 2871//5293
f  2871//5294 2913//5294 2915//5294
f  2876//5295 2875//5295 2919//5295
f  2919//5296 2875//5296 2873//5296
f  2920//5297 2865//5297 2869//5297
f  2921//5298 2843//5298 2866//5298
f  2860//5299 2859//5299 2922//5299
f  2922//5300 2859//5300 2863//5300
f  2923//5301 2862//5301 2924//5301
f  2924//5302 2862//5302 2861//5302
f  2916//5303 2878//5303 2877//5303
f  2923//5304 2924//5304 2925//5304
f  2925//5305 2924//5305 2926//5305
f  2925//5306 2926//5306 2927//5306
f  2927//5307 2926//5307 2928//5307
f  2927//5308 2928//5308 2929//5308
f  2929//5309 2928//5309 2930//5309
f  2929//5310 2930//5310 2931//5310
f  2931//5311 2930//5311 2932//5311
f  2931//5312 2932//5312 2933//5312
f  2934//5313 2935//5313 2936//5313
f  2934//5314 2936//5314 2937//5314
f  2936//5315 2938//5315 2937//5315
f  2937//5316 2938//5316 2939//5316
f  2937//5317 2939//5317 2940//5317
f  2939//5318 2941//5318 2940//5318
f  2940//5319 2941//5319 2921//5319
f  2940//5320 2921//5320 2920//5320
f  2920//5321 2921//5321 2866//5321
f  2920//5322 2866//5322 2865//5322
f  2868//5323 2876//5323 2942//5323
f  2942//5324 2876//5324 2919//5324
f  2942//5325 2919//5325 2943//5325
f  2944//5326 2945//5326 2946//5326
f  2946//5327 2945//5327 2922//5327
f  2946//5328 2922//5328 2947//5328
f  2947//5329 2922//5329 2863//5329
f  2947//5330 2863//5330 2844//5330
f  2946//5331 2948//5331 2944//5331
f  2944//5332 2948//5332 2949//5332
f  2944//5333 2949//5333 2934//5333
f  2934//5334 2949//5334 2950//5334
f  2934//5335 2950//5335 2935//5335
f  2951//5336 2952//5336 2953//5336
f  2953//5337 2952//5337 2954//5337
f  2953//5338 2954//5338 2955//5338
f  2955//5339 2954//5339 2956//5339
f  2955//5340 2956//5340 2957//5340
f  2957//5341 2956//5341 2958//5341
f  2957//5342 2958//5342 2959//5342
f  2959//5343 2958//5343 2943//5343
f  2959//5344 2943//5344 2960//5344
f  2960//5345 2943//5345 2919//5345
f  2960//5346 2919//5346 2961//5346
f  2961//5347 2919//5347 2873//5347
f  2961//5348 2873//5348 2871//5348
f  2860//5349 2922//5349 2951//5349
f  2951//5350 2922//5350 2945//5350
f  2951//5351 2945//5351 2952//5351
f  2952//5352 2945//5352 2944//5352
f  2952//5353 2944//5353 2954//5353
f  2954//5354 2944//5354 2934//5354
f  2954//5355 2934//5355 2956//5355
f  2956//5356 2934//5356 2937//5356
f  2956//5357 2937//5357 2958//5357
f  2958//5358 2937//5358 2940//5358
f  2958//5359 2940//5359 2943//5359
f  2943//5360 2940//5360 2920//5360
f  2943//5361 2920//5361 2942//5361
f  2942//5362 2920//5362 2869//5362
f  2942//5363 2869//5363 2868//5363
f  2915//5364 2914//5364 2933//5364
f  2933//5365 2914//5365 2912//5365
f  2933//5366 2912//5366 2931//5366
f  2931//5367 2912//5367 2911//5367
f  2931//5368 2911//5368 2929//5368
f  2929//5369 2911//5369 2917//5369
f  2929//5370 2917//5370 2927//5370
f  2927//5371 2917//5371 2918//5371
f  2927//5372 2918//5372 2925//5372
f  2925//5373 2918//5373 2916//5373
f  2925//5374 2916//5374 2923//5374
f  2923//5375 2916//5375 2877//5375
f  2923//5376 2877//5376 2862//5376
f  2871//5377 2915//5377 2961//5377
f  2961//5378 2915//5378 2933//5378
f  2961//5379 2933//5379 2960//5379
f  2960//5380 2933//5380 2932//5380
f  2960//5381 2932//5381 2959//5381
f  2959//5382 2932//5382 2930//5382
f  2959//5383 2930//5383 2957//5383
f  2957//5384 2930//5384 2928//5384
f  2957//5385 2928//5385 2955//5385
f  2955//5386 2928//5386 2926//5386
f  2955//5387 2926//5387 2953//5387
f  2953//5388 2926//5388 2924//5388
f  2953//5389 2924//5389 2951//5389
f  2951//5390 2924//5390 2861//5390
f  2951//5391 2861//5391 2860//5391
f  888//5392 2843//5392 2921//5392
f  888//5393 2921//5393 889//5393
f  889//5394 2921//5394 2941//5394
f  889//5395 2941//5395 890//5395
f  890//5396 2941//5396 2939//5396
f  890//5397 2939//5397 891//5397
f  891//5398 2939//5398 2938//5398
f  891//5399 2938//5399 881//5399
f  881//5400 2938//5400 2936//5400
f  881//5401 2936//5401 882//5401
f  2936//5402 2935//5402 882//5402
f  882//5403 2935//5403 2950//5403
f  882//5404 2950//5404 884//5404
f  884//5405 2950//5405 2949//5405
f  2949//5406 2948//5406 884//5406
f  884//5407 2948//5407 2946//5407
f  884//5408 2946//5408 885//5408
f  885//5409 2946//5409 2947//5409
f  885//5410 2947//5410 886//5410
f  886//5411 2947//5411 2844//5411
f  886//5412 2844//5412 879//5412
f  858//5413 860//5413 2962//5413
f  2962//5414 860//5414 877//5414
f  2962//5415 877//5415 2963//5415
f  2963//5416 877//5416 876//5416
f  2963//5417 876//5417 2964//5417
f  2962//5418 2965//5418 858//5418
f  858//5419 2965//5419 2966//5419
f  858//5420 2966//5420 857//5420
f  2966//5421 2967//5421 857//5421
f  857//5422 2967//5422 2968//5422
f  857//5423 2968//5423 856//5423
f  2968//5424 2969//5424 856//5424
f  856//5425 2969//5425 2970//5425
f  856//5426 2970//5426 854//5426
f  854//5427 2970//5427 2971//5427
f  2971//5428 2972//5428 854//5428
f  854//5429 2972//5429 2973//5429
f  854//5430 2973//5430 861//5430
f  861//5431 2973//5431 2974//5431
f  861//5432 2974//5432 862//5432
f  2975//5433 2976//5433 2977//5433
f  2978//5434 2979//5434 2980//5434
f  2980//5435 2979//5435 2981//5435
f  2980//5436 2981//5436 2982//5436
f  2983//5437 2981//5437 2984//5437
f  2984//5438 2981//5438 2979//5438
f  2984//5439 2979//5439 2985//5439
f  2985//5440 2979//5440 2978//5440
f  2985//5441 2978//5441 2986//5441
f  2963//5442 2964//5442 2987//5442
f  2988//5443 2989//5443 2990//5443
f  2990//5444 2989//5444 2991//5444
f  2990//5445 2991//5445 2992//5445
f  2992//5446 2991//5446 2993//5446
f  2992//5447 2993//5447 2994//5447
f  2994//5448 2993//5448 2995//5448
f  2994//5449 2995//5449 2996//5449
f  2996//5450 2995//5450 2997//5450
f  2996//5451 2997//5451 2998//5451
f  2998//5452 2997//5452 2999//5452
f  2998//5453 2999//5453 3000//5453
f  3001//5454 2983//5454 3002//5454
f  3002//5455 2983//5455 2984//5455
f  3002//5456 2984//5456 3003//5456
f  3003//5457 2984//5457 2985//5457
f  3003//5458 2985//5458 3004//5458
f  3004//5459 2985//5459 2986//5459
f  3004//5460 2986//5460 3005//5460
f  2976//5461 3001//5461 2977//5461
f  2977//5462 3001//5462 3002//5462
f  2977//5463 3002//5463 3006//5463
f  3006//5464 3002//5464 3003//5464
f  3006//5465 3003//5465 3007//5465
f  3007//5466 3003//5466 3004//5466
f  3007//5467 3004//5467 3008//5467
f  3008//5468 3004//5468 3005//5468
f  3008//5469 3005//5469 3009//5469
f  3010//5470 3011//5470 3012//5470
f  3013//5471 3014//5471 3015//5471
f  3015//5472 3014//5472 3016//5472
f  3015//5473 3016//5473 3017//5473
f  3017//5474 3016//5474 3018//5474
f  3017//5475 3018//5475 3019//5475
f  3019//5476 3018//5476 3020//5476
f  3021//5477 3010//5477 3022//5477
f  3022//5478 3010//5478 3012//5478
f  3022//5479 3012//5479 3023//5479
f  3023//5480 3012//5480 3024//5480
f  3023//5481 3024//5481 3025//5481
f  3026//5482 3027//5482 3011//5482
f  3011//5483 3027//5483 3028//5483
f  3011//5484 3028//5484 3012//5484
f  3012//5485 3028//5485 3029//5485
f  3012//5486 3029//5486 3024//5486
f  3024//5487 3029//5487 2963//5487
f  3024//5488 2963//5488 3025//5488
f  3025//5489 2963//5489 2987//5489
f  3025//5490 2987//5490 3030//5490
f  3031//5491 3026//5491 3019//5491
f  3019//5492 3026//5492 3011//5492
f  3019//5493 3011//5493 3017//5493
f  3017//5494 3011//5494 3010//5494
f  3017//5495 3010//5495 3015//5495
f  3015//5496 3010//5496 3021//5496
f  3015//5497 3021//5497 3013//5497
f  3014//5498 3032//5498 3016//5498
f  3016//5499 3032//5499 3033//5499
f  3016//5500 3033//5500 3018//5500
f  3018//5501 3033//5501 3034//5501
f  3018//5502 3034//5502 3020//5502
f  3020//5503 3034//5503 3035//5503
f  3020//5504 3035//5504 3036//5504
f  3036//5505 3037//5505 3020//5505
f  3020//5506 3037//5506 3038//5506
f  3020//5507 3038//5507 3019//5507
f  3019//5508 3038//5508 3039//5508
f  3019//5509 3039//5509 3031//5509
f  3040//5510 2988//5510 3041//5510
f  3041//5511 2988//5511 2990//5511
f  3041//5512 2990//5512 3042//5512
f  3042//5513 2990//5513 2992//5513
f  3042//5514 2992//5514 3043//5514
f  3043//5515 2992//5515 2994//5515
f  3043//5516 2994//5516 3044//5516
f  3044//5517 2994//5517 2996//5517
f  3044//5518 2996//5518 3045//5518
f  3045//5519 2996//5519 2998//5519
f  3036//5520 2972//5520 3037//5520
f  3037//5521 2972//5521 2971//5521
f  3037//5522 2971//5522 3038//5522
f  3038//5523 2971//5523 2970//5523
f  3038//5524 2970//5524 3039//5524
f  3039//5525 2970//5525 2969//5525
f  3039//5526 2969//5526 3031//5526
f  3031//5527 2969//5527 2968//5527
f  3031//5528 2968//5528 3026//5528
f  3026//5529 2968//5529 2967//5529
f  3026//5530 2967//5530 3027//5530
f  3027//5531 2967//5531 2966//5531
f  3027//5532 2966//5532 3028//5532
f  3028//5533 2966//5533 2965//5533
f  3028//5534 2965//5534 3029//5534
f  3029//5535 2965//5535 2962//5535
f  3029//5536 2962//5536 2963//5536
f  3032//5537 3046//5537 3033//5537
f  3033//5538 3046//5538 3047//5538
f  3033//5539 3047//5539 3034//5539
f  3034//5540 3047//5540 3048//5540
f  3034//5541 3048//5541 3035//5541
f  3035//5542 3048//5542 3049//5542
f  3035//5543 3049//5543 3036//5543
f  3036//5544 3049//5544 3050//5544
f  3036//5545 3050//5545 2972//5545
f  2972//5546 3050//5546 2973//5546
f  3000//5547 2974//5547 2998//5547
f  2998//5548 2974//5548 2973//5548
f  2998//5549 2973//5549 3045//5549
f  3045//5550 2973//5550 3050//5550
f  3045//5551 3050//5551 3044//5551
f  3044//5552 3050//5552 3049//5552
f  3044//5553 3049//5553 3043//5553
f  3043//5554 3049//5554 3048//5554
f  3043//5555 3048//5555 3042//5555
f  3042//5556 3048//5556 3047//5556
f  3042//5557 3047//5557 3041//5557
f  3041//5558 3047//5558 3046//5558
f  3041//5559 3046//5559 3040//5559
f  3040//5560 3046//5560 3032//5560
f  3040//5561 3032//5561 3051//5561
f  3051//5562 3032//5562 3014//5562
f  3051//5563 3014//5563 3009//5563
f  3009//5564 3014//5564 3013//5564
f  3009//5565 3013//5565 3008//5565
f  3008//5566 3013//5566 3021//5566
f  3008//5567 3021//5567 3007//5567
f  3007//5568 3021//5568 3022//5568
f  3007//5569 3022//5569 3006//5569
f  3006//5570 3022//5570 3023//5570
f  3006//5571 3023//5571 2977//5571
f  2977//5572 3023//5572 3025//5572
f  2977//5573 3025//5573 2975//5573
f  2975//5574 3025//5574 3030//5574
f  2980//5575 2982//5575 3052//5575
f  2978//5576 2980//5576 3053//5576
f  3053//5577 2980//5577 3052//5577
f  3053//5578 3052//5578 3054//5578
f  3054//5579 3052//5579 3055//5579
f  2982//5580 3056//5580 3052//5580
f  3052//5581 3056//5581 3057//5581
f  3052//5582 3057//5582 3055//5582
f  3053//5583 3058//5583 2978//5583
f  2978//5584 3058//5584 3059//5584
f  2978//5585 3059//5585 3060//5585
f  3061//5586 2988//5586 3062//5586
f  3060//5587 3063//5587 2978//5587
f  2978//5588 3063//5588 3061//5588
f  2978//5589 3061//5589 2986//5589
f  2986//5590 3061//5590 3062//5590
f  2986//5591 3062//5591 3005//5591
f  3005//5592 3062//5592 3009//5592
f  2988//5593 3040//5593 3062//5593
f  3062//5594 3040//5594 3051//5594
f  3062//5595 3051//5595 3009//5595
f  3064//5596 3065//5596 3066//5596
f  3067//5597 3068//5597 3069//5597
f  2975//5598 3030//5598 3070//5598
f  2987//5599 2964//5599 3071//5599
f  2982//5600 2981//5600 3069//5600
f  2982//5601 3069//5601 3056//5601
f  3056//5602 3069//5602 3068//5602
f  3056//5603 3068//5603 3057//5603
f  3072//5604 3059//5604 3058//5604
f  2988//5605 3061//5605 3073//5605
f  2988//5606 3073//5606 2989//5606
f  2989//5607 3073//5607 3074//5607
f  2989//5608 3074//5608 2991//5608
f  2991//5609 3074//5609 2993//5609
f  2993//5610 3074//5610 3075//5610
f  2993//5611 3075//5611 2995//5611
f  2995//5612 3075//5612 2997//5612
f  2997//5613 3075//5613 3076//5613
f  2997//5614 3076//5614 2999//5614
f  2999//5615 3076//5615 3000//5615
f  3000//5616 3076//5616 3077//5616
f  3000//5617 3077//5617 2974//5617
f  3078//5618 2983//5618 3001//5618
f  3055//5619 3057//5619 3079//5619
f  3079//5620 3057//5620 3068//5620
f  3079//5621 3068//5621 3080//5621
f  3080//5622 3068//5622 3067//5622
f  3080//5623 3067//5623 3066//5623
f  3081//5624 3078//5624 3082//5624
f  3082//5625 3078//5625 3001//5625
f  3082//5626 3001//5626 2976//5626
f  3060//5627 3059//5627 3083//5627
f  3083//5628 3059//5628 3072//5628
f  3083//5629 3072//5629 3084//5629
f  3084//5630 3072//5630 3085//5630
f  3084//5631 3085//5631 3086//5631
f  3086//5632 3085//5632 3087//5632
f  3086//5633 3087//5633 3088//5633
f  3088//5634 3087//5634 3089//5634
f  3058//5635 3053//5635 3072//5635
f  3072//5636 3053//5636 3090//5636
f  3072//5637 3090//5637 3085//5637
f  3085//5638 3090//5638 3091//5638
f  3085//5639 3091//5639 3087//5639
f  3087//5640 3091//5640 3092//5640
f  3087//5641 3092//5641 3089//5641
f  3089//5642 3092//5642 3093//5642
f  3090//5643 3094//5643 3091//5643
f  3091//5644 3094//5644 3095//5644
f  3091//5645 3095//5645 3092//5645
f  3092//5646 3095//5646 3096//5646
f  3092//5647 3096//5647 3093//5647
f  3093//5648 3096//5648 3097//5648
f  3053//5649 3054//5649 3090//5649
f  3090//5650 3054//5650 3055//5650
f  3090//5651 3055//5651 3094//5651
f  3094//5652 3055//5652 3079//5652
f  3094//5653 3079//5653 3095//5653
f  3095//5654 3079//5654 3080//5654
f  3095//5655 3080//5655 3096//5655
f  3096//5656 3080//5656 3066//5656
f  3096//5657 3066//5657 3097//5657
f  3097//5658 3066//5658 3065//5658
f  2981//5659 2983//5659 3069//5659
f  3069//5660 2983//5660 3078//5660
f  3069//5661 3078//5661 3067//5661
f  3067//5662 3078//5662 3081//5662
f  3067//5663 3081//5663 3066//5663
f  3066//5664 3081//5664 3098//5664
f  3066//5665 3098//5665 3064//5665
f  2976//5666 2975//5666 3082//5666
f  3082//5667 2975//5667 3070//5667
f  3082//5668 3070//5668 3081//5668
f  3081//5669 3070//5669 3099//5669
f  3081//5670 3099//5670 3098//5670
f  3061//5671 3063//5671 3073//5671
f  3073//5672 3063//5672 3100//5672
f  3073//5673 3100//5673 3074//5673
f  3074//5674 3100//5674 3101//5674
f  3074//5675 3101//5675 3075//5675
f  3075//5676 3101//5676 3102//5676
f  3075//5677 3102//5677 3076//5677
f  3076//5678 3102//5678 3103//5678
f  3076//5679 3103//5679 3077//5679
f  3077//5680 3103//5680 3104//5680
f  3065//5681 3105//5681 3097//5681
f  3097//5682 3105//5682 3106//5682
f  3097//5683 3106//5683 3093//5683
f  3093//5684 3106//5684 3107//5684
f  3093//5685 3107//5685 3089//5685
f  3089//5686 3107//5686 3104//5686
f  3089//5687 3104//5687 3088//5687
f  3088//5688 3104//5688 3103//5688
f  3088//5689 3103//5689 3086//5689
f  3086//5690 3103//5690 3102//5690
f  3086//5691 3102//5691 3084//5691
f  3084//5692 3102//5692 3101//5692
f  3084//5693 3101//5693 3083//5693
f  3083//5694 3101//5694 3100//5694
f  3083//5695 3100//5695 3060//5695
f  3060//5696 3100//5696 3063//5696
f  3030//5697 2987//5697 3070//5697
f  3070//5698 2987//5698 3071//5698
f  3070//5699 3071//5699 3099//5699
f  3099//5700 3071//5700 3108//5700
f  3099//5701 3108//5701 3098//5701
f  3098//5702 3108//5702 3109//5702
f  3098//5703 3109//5703 3064//5703
f  3064//5704 3109//5704 3110//5704
f  3064//5705 3110//5705 3065//5705
f  3065//5706 3110//5706 3111//5706
f  3065//5707 3111//5707 3105//5707
f  862//5708 2974//5708 863//5708
f  863//5709 2974//5709 3077//5709
f  863//5710 3077//5710 864//5710
f  864//5711 3077//5711 3104//5711
f  864//5712 3104//5712 865//5712
f  865//5713 3104//5713 3107//5713
f  865//5714 3107//5714 866//5714
f  866//5715 3107//5715 3106//5715
f  866//5716 3106//5716 872//5716
f  872//5717 3106//5717 3105//5717
f  872//5718 3105//5718 871//5718
f  871//5719 3105//5719 3111//5719
f  871//5720 3111//5720 869//5720
f  869//5721 3111//5721 873//5721
f  3111//5722 3110//5722 873//5722
f  873//5723 3110//5723 3109//5723
f  873//5724 3109//5724 874//5724
f  874//5725 3109//5725 3108//5725
f  3108//5726 3071//5726 874//5726
f  874//5727 3071//5727 2964//5727
f  874//5728 2964//5728 876//5728
f  3112//5729 3113//5729 3114//5729
f  3114//5730 3113//5730 3115//5730
f  3116//5731 3117//5731 3115//5731
f  3115//5732 3117//5732 3118//5732
f  3115//5733 3118//5733 3114//5733
f  3119//5734 3120//5734 3121//5734
f  3121//5735 3120//5735 3122//5735
f  3121//5736 3122//5736 3116//5736
f  3116//5737 3122//5737 3123//5737
f  3116//5738 3123//5738 3117//5738
f  815//5739 814//5739 1351//5739
f  827//5740 828//5740 1355//5740
f  1355//5741 828//5741 3119//5741
f  1355//5742 3119//5742 1354//5742
f  1354//5743 3119//5743 3121//5743
f  1354//5744 3121//5744 1353//5744
f  1353//5745 3121//5745 3116//5745
f  1353//5746 3116//5746 1352//5746
f  3113//5747 3124//5747 3115//5747
f  3115//5748 3124//5748 815//5748
f  3115//5749 815//5749 3116//5749
f  3116//5750 815//5750 1351//5750
f  3116//5751 1351//5751 1352//5751
f  986//5752 987//5752 3125//5752
f  974//5753 976//5753 3126//5753
f  3126//5754 976//5754 978//5754
f  3126//5755 978//5755 3127//5755
f  3127//5756 978//5756 979//5756
f  3127//5757 979//5757 981//5757
f  2835//5758 970//5758 3126//5758
f  3126//5759 970//5759 969//5759
f  3126//5760 969//5760 974//5760
f  828//5761 2835//5761 3119//5761
f  3119//5762 2835//5762 3126//5762
f  3119//5763 3126//5763 3120//5763
f  3120//5764 3126//5764 3122//5764
f  3114//5765 3127//5765 3125//5765
f  3125//5766 3127//5766 981//5766
f  3125//5767 981//5767 986//5767
f  3114//5768 3118//5768 3127//5768
f  3127//5769 3118//5769 3117//5769
f  3127//5770 3117//5770 3126//5770
f  3126//5771 3117//5771 3123//5771
f  3126//5772 3123//5772 3122//5772
f  3112//5773 3114//5773 3128//5773
f  3128//5774 3114//5774 3125//5774
f  3128//5775 3125//5775 3129//5775
f  3129//5776 3125//5776 987//5776
f  3129//5777 987//5777 988//5777
f  1605//5778 474//5778 3130//5778
f  3130//5779 474//5779 2525//5779
f  3131//5780 3132//5780 3133//5780
f  1890//5781 1414//5781 1413//5781
f  3134//5782 897//5782 896//5782
f  3134//5783 896//5783 3135//5783
f  897//5784 3134//5784 899//5784
f  899//5785 3134//5785 3136//5785
f  899//5786 3136//5786 901//5786
f  901//5787 3136//5787 1625//5787
f  901//5788 1625//5788 903//5788
f  1626//5789 1625//5789 3137//5789
f  3137//5790 1625//5790 3136//5790
f  3137//5791 3136//5791 3138//5791
f  3138//5792 3136//5792 3134//5792
f  3139//5793 3140//5793 3141//5793
f  3141//5794 3140//5794 3142//5794
f  3141//5795 3142//5795 3143//5795
f  3144//5796 3145//5796 3146//5796
f  3146//5797 3147//5797 3144//5797
f  3144//5798 3147//5798 3148//5798
f  3144//5799 3148//5799 3141//5799
f  3141//5800 3148//5800 3149//5800
f  3141//5801 3149//5801 3139//5801
f  3150//5802 3151//5802 3152//5802
f  3152//5803 3151//5803 3153//5803
f  3152//5804 3153//5804 3154//5804
f  3154//5805 3153//5805 3155//5805
f  3156//5806 3157//5806 1416//5806
f  1416//5807 3157//5807 3158//5807
f  1416//5808 3158//5808 1415//5808
f  1415//5809 3158//5809 3159//5809
f  1415//5810 3159//5810 1413//5810
f  3160//5811 1844//5811 1890//5811
f  1845//5812 3161//5812 1847//5812
f  1847//5813 3161//5813 3162//5813
f  1861//5814 1863//5814 3162//5814
f  3162//5815 1863//5815 1848//5815
f  3162//5816 1848//5816 1847//5816
f  1859//5817 1861//5817 3131//5817
f  3131//5818 3133//5818 1859//5818
f  1859//5819 3133//5819 3163//5819
f  1859//5820 3163//5820 1882//5820
f  3164//5821 1856//5821 3165//5821
f  3165//5822 1856//5822 1858//5822
f  896//5823 1854//5823 3135//5823
f  3135//5824 1854//5824 1855//5824
f  3135//5825 1855//5825 3164//5825
f  3164//5826 1855//5826 1850//5826
f  3164//5827 1850//5827 1856//5827
f  1861//5828 3162//5828 3131//5828
f  3131//5829 3162//5829 3166//5829
f  3131//5830 3166//5830 3132//5830
f  1890//5831 1413//5831 3160//5831
f  3160//5832 1413//5832 3159//5832
f  3160//5833 3159//5833 3167//5833
f  3167//5834 3159//5834 3158//5834
f  3167//5835 3158//5835 3168//5835
f  3168//5836 3158//5836 3157//5836
f  3168//5837 3157//5837 3150//5837
f  3150//5838 3157//5838 3156//5838
f  3150//5839 3156//5839 3151//5839
f  3169//5840 3154//5840 3145//5840
f  3145//5841 3154//5841 3155//5841
f  3145//5842 3155//5842 3146//5842
f  1858//5843 3169//5843 3165//5843
f  3165//5844 3169//5844 3145//5844
f  3165//5845 3145//5845 3164//5845
f  3164//5846 3145//5846 3144//5846
f  3164//5847 3144//5847 3135//5847
f  3135//5848 3144//5848 3141//5848
f  3135//5849 3141//5849 3134//5849
f  3134//5850 3141//5850 3143//5850
f  3134//5851 3143//5851 3138//5851
f  1858//5852 1882//5852 3169//5852
f  3169//5853 1882//5853 3163//5853
f  3169//5854 3163//5854 3154//5854
f  3154//5855 3163//5855 3133//5855
f  3154//5856 3133//5856 3152//5856
f  3152//5857 3133//5857 3132//5857
f  3152//5858 3132//5858 3150//5858
f  3150//5859 3132//5859 3166//5859
f  3150//5860 3166//5860 3168//5860
f  3168//5861 3166//5861 3162//5861
f  3168//5862 3162//5862 3167//5862
f  3167//5863 3162//5863 3161//5863
f  3167//5864 3161//5864 3160//5864
f  3160//5865 3161//5865 1845//5865
f  3160//5866 1845//5866 1844//5866
f  3170//5867 3140//5867 3139//5867
f  1647//5868 1652//5868 3171//5868
f  1630//5869 3172//5869 1629//5869
f  1629//5870 3172//5870 3173//5870
f  1629//5871 3173//5871 3174//5871
f  3174//5872 3173//5872 3175//5872
f  1633//5873 3176//5873 1631//5873
f  1631//5874 3176//5874 3177//5874
f  1631//5875 3177//5875 1630//5875
f  1630//5876 3177//5876 3178//5876
f  1630//5877 3178//5877 3172//5877
f  1634//5878 3179//5878 1633//5878
f  1633//5879 3179//5879 3180//5879
f  1633//5880 3180//5880 3176//5880
f  3181//5881 3182//5881 1637//5881
f  1637//5882 3182//5882 3179//5882
f  1637//5883 3179//5883 1636//5883
f  1636//5884 3179//5884 1634//5884
f  3181//5885 1637//5885 3183//5885
f  3183//5886 1637//5886 1639//5886
f  3183//5887 1639//5887 1644//5887
f  3184//5888 3185//5888 1643//5888
f  1643//5889 3185//5889 3186//5889
f  1643//5890 3186//5890 1644//5890
f  1644//5891 3186//5891 3187//5891
f  1644//5892 3187//5892 3183//5892
f  3171//5893 1652//5893 3188//5893
f  1643//5894 1641//5894 3184//5894
f  3184//5895 1641//5895 1640//5895
f  3184//5896 1640//5896 3171//5896
f  3171//5897 1640//5897 1645//5897
f  3171//5898 1645//5898 1647//5898
f  3189//5899 3190//5899 3191//5899
f  3192//5900 3193//5900 3191//5900
f  3191//5901 3193//5901 3194//5901
f  3191//5902 3194//5902 3189//5902
f  3195//5903 3143//5903 3170//5903
f  3170//5904 3143//5904 3142//5904
f  3170//5905 3142//5905 3140//5905
f  3170//5906 3193//5906 3195//5906
f  3195//5907 3193//5907 3192//5907
f  3195//5908 3192//5908 3143//5908
f  3143//5909 3192//5909 3138//5909
f  3190//5910 3188//5910 3191//5910
f  3191//5911 3188//5911 1652//5911
f  3191//5912 1652//5912 3192//5912
f  3192//5913 1652//5913 1651//5913
f  1626//5914 3137//5914 1653//5914
f  1653//5914 3137//5914 3138//5914
f  1653//5915 3138//5915 1648//5915
f  1648//5916 3138//5916 3192//5916
f  1648//5917 3192//5917 1649//5917
f  1649//5918 3192//5918 1651//5918
f  1681//5919 1683//5919 3196//5919
f  3197//5920 3198//5920 1694//5920
f  3199//5921 3200//5921 3196//5921
f  1753//5922 3201//5922 1752//5922
f  1675//5923 1677//5923 1757//5923
f  1757//5924 1677//5924 1756//5924
f  1754//5925 1755//5925 3202//5925
f  3202//5926 1755//5926 1756//5926
f  3202//5927 1756//5927 3203//5927
f  3201//5928 1753//5928 3204//5928
f  3199//5929 3196//5929 3205//5929
f  1683//5930 3206//5930 3196//5930
f  3196//5931 3206//5931 3207//5931
f  3196//5932 3207//5932 3205//5932
f  1683//5933 1688//5933 3206//5933
f  3206//5934 1688//5934 1687//5934
f  3206//5935 1687//5935 3208//5935
f  3208//5936 1687//5936 1685//5936
f  3208//5937 1685//5937 3209//5937
f  3209//5938 1685//5938 1684//5938
f  3209//5939 1684//5939 3210//5939
f  1684//5940 1689//5940 3210//5940
f  3210//5941 1689//5941 1691//5941
f  3210//5942 1691//5942 3211//5942
f  1694//5943 3198//5943 1692//5943
f  1692//5944 3198//5944 3212//5944
f  1692//5945 3212//5945 1691//5945
f  1691//5946 3212//5946 3213//5946
f  1691//5947 3213//5947 3211//5947
f  3174//5948 3175//5948 3214//5948
f  3197//5949 1694//5949 3215//5949
f  3215//5950 1694//5950 1695//5950
f  3215//5951 1695//5951 3216//5951
f  3216//5952 1695//5952 1697//5952
f  3216//5953 1697//5953 3217//5953
f  3217//5954 1697//5954 1698//5954
f  3217//5955 1698//5955 3218//5955
f  3218//5956 1698//5956 1700//5956
f  3218//5957 1700//5957 3214//5957
f  3214//5958 1700//5958 1629//5958
f  3214//5959 1629//5959 3174//5959
f  1756//5960 1677//5960 3203//5960
f  3203//5961 1677//5961 1679//5961
f  3203//5962 1679//5962 1680//5962
f  1753//5963 1754//5963 3204//5963
f  3204//5964 1754//5964 3202//5964
f  3204//5965 3202//5965 3200//5965
f  3200//5966 3202//5966 3203//5966
f  3200//5967 3203//5967 3196//5967
f  3196//5968 3203//5968 1680//5968
f  3196//5969 1680//5969 1681//5969
f  1182//5970 3218//5970 1180//5970
f  1180//5971 3218//5971 3214//5971
f  1180//5972 3214//5972 1178//5972
f  1178//5973 3214//5973 3175//5973
f  1178//5974 3175//5974 1175//5974
f  3198//5975 3197//5975 1155//5975
f  1155//5976 3197//5976 3215//5976
f  1155//5977 3215//5977 1156//5977
f  1156//5978 3215//5978 3216//5978
f  1156//5979 3216//5979 1182//5979
f  1182//5980 3216//5980 3217//5980
f  1182//5981 3217//5981 3218//5981
f  3198//5982 1155//5982 3212//5982
f  3212//5983 1155//5983 1184//5983
f  3212//5984 1184//5984 3213//5984
f  3213//5985 1184//5985 3211//5985
f  3211//5986 1184//5986 1185//5986
f  3211//5987 1185//5987 3210//5987
f  3210//5988 1185//5988 3209//5988
f  3209//5989 1185//5989 1186//5989
f  3209//5990 1186//5990 3208//5990
f  3208//5991 1186//5991 3206//5991
f  3206//5992 1186//5992 1187//5992
f  3206//5993 1187//5993 3207//5993
f  3207//5994 1187//5994 1189//5994
f  3207//5995 1189//5995 3205//5995
f  3205//5996 1189//5996 3199//5996
f  3199//5997 1189//5997 1190//5997
f  3199//5998 1190//5998 3200//5998
f  3200//5999 1190//5999 1192//5999
f  3200//6000 1192//6000 3204//6000
f  1192//6001 1194//6001 3204//6001
f  3204//6002 1194//6002 1196//6002
f  3204//6003 1196//6003 3201//6003
f  3201//6004 1196//6004 1752//6004
f  1752//6005 1196//6005 1199//6005
f  1752//6006 1199//6006 1201//6006
f  1203//6007 1751//6007 1201//6007
f  1201//6008 1751//6008 1750//6008
f  1201//6009 1750//6009 1752//6009
f  1743//6010 1744//6010 1211//6010
f  1211//6011 1744//6011 1748//6011
f  1211//6012 1748//6012 1205//6012
f  1205//6013 1748//6013 1746//6013
f  1205//6014 1746//6014 1203//6014
f  1203//6015 1746//6015 1745//6015
f  1203//6016 1745//6016 1751//6016
f  1211//6017 1209//6017 1743//6017
f  1743//6018 1209//6018 1207//6018
f  1743//6019 1207//6019 1741//6019
f  1741//6020 1207//6020 1206//6020
f  1206//6021 1212//6021 1741//6021
f  1741//6022 1212//6022 1214//6022
f  1741//6023 1214//6023 1740//6023
f  1740//6024 1214//6024 1215//6024
f  1740//6025 1215//6025 1739//6025
f  1739//6026 1215//6026 1217//6026
f  1218//6027 1804//6027 1220//6027
f  1220//6028 1804//6028 1778//6028
f  1778//6029 1777//6029 1220//6029
f  1220//6030 1777//6030 1735//6030
f  1220//6031 1735//6031 1217//6031
f  1217//6032 1735//6032 1737//6032
f  1217//6033 1737//6033 1739//6033
f  1783//6034 1122//6034 1124//6034
f  1175//6035 3175//6035 3173//6035
f  1175//6036 3173//6036 1172//6036
f  3177//6037 1170//6037 3178//6037
f  3178//6038 1170//6038 1172//6038
f  3178//6039 1172//6039 3172//6039
f  3172//6040 1172//6040 3173//6040
f  3177//6041 3176//6041 1170//6041
f  1170//6042 3176//6042 3180//6042
f  1170//6043 3180//6043 1167//6043
f  3180//6044 3179//6044 1167//6044
f  1167//6045 3179//6045 3182//6045
f  1167//6046 3182//6046 1165//6046
f  1165//6047 3182//6047 3181//6047
f  1165//6048 3181//6048 1163//6048
f  3171//6049 1144//6049 1157//6049
f  3181//6050 3183//6050 1163//6050
f  1163//6051 3183//6051 3187//6051
f  1163//6052 3187//6052 1161//6052
f  1161//6053 3187//6053 3186//6053
f  1161//6054 3186//6054 1159//6054
f  1159//6055 3186//6055 3185//6055
f  1159//6056 3185//6056 1157//6056
f  1157//6057 3185//6057 3184//6057
f  1157//6058 3184//6058 3171//6058
f  3171//6059 3188//6059 1144//6059
f  1144//6060 3188//6060 3190//6060
f  1144//6061 3190//6061 1145//6061
f  1145//6062 3190//6062 3189//6062
f  1145//6063 3189//6063 1152//6063
f  1152//6064 3189//6064 3194//6064
f  1152//6065 3194//6065 1153//6065
f  1153//6066 3194//6066 3193//6066
f  1153//6067 3193//6067 1147//6067
f  1147//6068 3193//6068 3170//6068
f  1147//6069 3170//6069 1143//6069
f  1143//6070 3170//6070 1141//6070
f  1141//6071 3170//6071 3139//6071
f  1141//6072 3139//6072 1139//6072
f  3139//6073 3149//6073 1139//6073
f  1139//6074 3149//6074 3148//6074
f  1139//6075 3148//6075 1138//6075
f  1138//6076 3148//6076 3147//6076
f  1138//6077 3147//6077 1137//6077
f  1137//6078 3147//6078 3146//6078
f  1137//6079 3146//6079 1136//6079
f  1136//6080 3146//6080 1134//6080
f  1134//6081 3146//6081 3155//6081
f  1134//6082 3155//6082 1132//6082
f  1132//6083 3155//6083 3153//6083
f  1132//6084 3153//6084 1130//6084
f  1130//6085 3153//6085 1128//6085
f  1128//6086 3153//6086 3151//6086
f  1128//6087 3151//6087 1126//6087
f  1126//6088 3151//6088 3156//6088
f  1126//6089 3156//6089 1124//6089
f  1404//6090 1783//6090 1405//6090
f  1405//6091 1783//6091 1124//6091
f  1405//6092 1124//6092 1416//6092
f  1416//6093 1124//6093 3156//6093
f  1040//6094 1782//6094 1046//6094
f  1038//6095 1037//6095 3219//6095
f  3219//6096 1037//6096 1780//6096
f  3219//6097 1780//6097 1116//6097
f  1116//6098 1780//6098 1114//6098
f  1046//6094 1782//6094 1037//6094
f  1037//6099 1782//6099 1781//6099
f  1037//6100 1781//6100 1780//6100
f  1072//6101 1806//6101 1073//6101
f  1072//6101 1071//6101 1806//6101
f  1806//6102 1071//6102 3220//6102
f  1806//6103 3220//6103 1805//6103
f  1805//6104 3220//6104 1030//6104
f  1805//6105 1030//6105 1029//6105
f  1012//6106 1014//6106 1010//6106
f  1010//6107 1009//6107 1012//6107
f  1602//1465 3221//1465 982//1465
f  982//1465 3221//1465 3222//1465
f  982//1465 3222//1465 983//1465
f  983//1465 3222//1465 988//1465
f  3222//1465 867//1465 815//1465
f  815//1465 3124//1465 3222//1465
f  3222//1465 3124//1465 3113//1465
f  3222//1465 3113//1465 3112//1465
f  3112//1465 3128//1465 3222//1465
f  3222//1465 3128//1465 3129//1465
f  3222//1465 3129//1465 988//1465
f  679//1393 680//1393 3223//1393
f  3224//1393 477//1393 3223//1393
f  3223//1393 477//1393 476//1393
f  679//1393 3223//1393 713//1393
f  476//1393 804//1393 3223//1393
f  3223//1393 804//1393 742//1393
f  3223//1393 742//1393 743//1393
f  743//1393 744//1393 3223//1393
f  3223//1393 744//1393 714//1393
f  3223//1393 714//1393 713//1393
f  868//6108 867//6108 3222//6108
f  3223//6108 680//6108 681//6108
f  868//6108 3222//6108 612//6108
f  571//6109 515//6109 575//6109
f  575//6110 515//6110 606//6110
f  606//6108 515//6108 513//6108
f  606//6108 513//6108 512//6108
f  527//6111 612//6111 518//6111
f  518//6108 612//6108 516//6108
f  3223//6108 681//6108 3222//6108
f  3222//6108 681//6108 606//6108
f  3222//6108 606//6108 612//6108
f  612//6108 606//6108 512//6108
f  612//6108 512//6108 516//6108
f  574//6112 591//6112 575//6112
f  575//6113 591//6113 583//6113
f  575//6114 583//6114 571//6114
f  530//6112 528//6112 532//6112
f  532//6111 528//6111 527//6111
f  532//6115 527//6115 534//6115
f  534//6109 527//6109 518//6109
f  2526//6116 472//6116 3224//6116
f  3224//6117 472//6117 478//6117
f  3224//6117 478//6117 477//6117
f  3221//6117 1602//6117 1617//6117
f  1617//6117 1605//6117 3221//6117
f  3221//6118 1605//6118 3130//6118
f  3221//6117 3130//6117 3224//6117
f  3224//6117 3130//6117 2525//6117
f  3224//6117 2525//6117 2526//6117
f  3222//6119 3221//6119 3223//6119
f  3223//6119 3221//6119 3224//6119
f  261//1393 260//1393 3225//1393
f  3226//1393 223//1393 249//1393
f  249//1393 251//1393 3226//1393
f  3226//1393 251//1393 252//1393
f  3226//1393 252//1393 3225//1393
f  3225//1393 252//1393 253//1393
f  3225//1393 253//1393 261//1393
f  371//6120 405//6120 3227//6120
f  3225//6121 260//6121 173//6121
f  3227//6122 3225//6122 65//6122
f  65//6122 3225//6122 194//6122
f  104//6123 103//6123 101//6123
f  41//6124 40//6124 38//6124
f  65//6122 8//6122 9//6122
f  9//6125 2//6125 65//6125
f  65//6122 2//6122 1//6122
f  65//6125 1//6125 15//6125
f  368//6126 371//6126 375//6126
f  375//6127 371//6127 3227//6127
f  375//6125 3227//6125 446//6125
f  446//6122 3227//6122 447//6122
f  106//6128 105//6128 145//6128
f  38//6129 37//6129 41//6129
f  41//6130 37//6130 35//6130
f  41//6131 35//6131 65//6131
f  65//6132 35//6132 34//6132
f  65//6122 34//6122 8//6122
f  447//6122 3227//6122 60//6122
f  60//6122 3227//6122 65//6122
f  60//6122 65//6122 12//6122
f  12//6122 65//6122 15//6122
f  12//6133 15//6133 14//6133
f  105//6134 104//6134 145//6134
f  145//6131 104//6131 101//6131
f  145//6135 101//6135 175//6135
f  175//6122 101//6122 177//6122
f  175//6136 177//6136 173//6136
f  173//6137 177//6137 180//6137
f  173//6138 180//6138 3225//6138
f  3225//6125 180//6125 195//6125
f  3225//6122 195//6122 194//6122
f  375//6139 374//6139 368//6139
f  368//6140 374//6140 330//6140
f  368//6135 330//6135 335//6135
f  335//6141 330//6141 323//6141
f  335//6142 323//6142 322//6142
f  322//6143 325//6143 335//6143
f  335//6142 325//6142 340//6142
f  335//6144 340//6144 339//6144
f  138//6145 137//6145 145//6145
f  145//6146 137//6146 142//6146
f  142//6144 141//6144 145//6144
f  145//6122 141//6122 140//6122
f  145//6144 140//6144 106//6144
f  331//6135 333//6135 336//6135
f  336//6147 333//6147 335//6147
f  336//6144 335//6144 337//6144
f  337//6122 335//6122 339//6122
f  228//6148 3226//6148 69//6148
f  69//6148 3226//6148 3228//6148
f  228//6149 227//6149 3226//6149
f  3226//6148 227//6148 225//6148
f  3226//6148 225//6148 223//6148
f  246//6150 266//6150 245//6150
f  245//6150 266//6150 417//6150
f  2565//6151 2568//6151 246//6151
f  246//6152 2568//6152 2580//6152
f  280//6153 269//6153 264//6153
f  264//6154 269//6154 266//6154
f  2580//6155 2583//6155 246//6155
f  246//6148 2583//6148 2582//6148
f  246//6148 2582//6148 2581//6148
f  2694//6156 2695//6156 2696//6156
f  283//6148 282//6148 264//6148
f  264//6157 282//6157 281//6157
f  264//6149 281//6149 280//6149
f  266//6148 269//6148 417//6148
f  417//6148 269//6148 2699//6148
f  417//6156 2699//6156 2681//6156
f  2681//6149 2699//6149 2694//6149
f  2681//6149 2694//6149 2698//6149
f  2698//6149 2694//6149 2696//6149
f  2698//6158 2696//6158 2697//6158
f  2581//6148 2584//6148 246//6148
f  246//6148 2584//6148 84//6148
f  246//6159 84//6159 83//6159
f  83//6153 85//6153 246//6153
f  246//6159 85//6159 86//6159
f  246//6160 86//6160 87//6160
f  388//6148 414//6148 3228//6148
f  3228//6148 414//6148 266//6148
f  3228//6148 266//6148 69//6148
f  69//6150 266//6150 246//6150
f  69//6159 246//6159 70//6159
f  70//6148 246//6148 87//6148
f  413//1465 388//1465 3228//1465
f  407//1465 3227//1465 409//1465
f  409//1465 3227//1465 405//1465
f  407//1465 406//1465 3227//1465
f  3227//1465 406//1465 411//1465
f  3227//1465 411//1465 3228//1465
f  3228//1465 411//1465 412//1465
f  3228//1465 412//1465 413//1465
f  3227//6161 3228//6161 3225//6161
f  3225//6161 3228//6161 3226//6161

# Mesh 'right_middle_2-1' with 486 faces
g right_middle_2-1
usemtl white
f  1094//6162 1131//6162 1129//6162
f  1125//6163 3229//6163 1127//6163
f  1127//6164 3229//6164 3230//6164
f  1127//6165 3230//6165 1129//6165
f  1129//6166 3230//6166 3231//6166
f  1129//6167 3231//6167 1094//6167
f  1096//6168 1135//6168 1094//6168
f  1094//6169 1135//6169 1133//6169
f  1094//6170 1133//6170 1131//6170
f  3232//6171 3233//6171 3234//6171
f  3235//6172 3236//6172 3237//6172
f  1140//6173 1095//6173 3238//6173
f  3239//6174 3240//6174 3232//6174
f  3232//6175 3240//6175 3241//6175
f  3232//6176 3241//6176 3233//6176
f  3233//6177 3241//6177 3242//6177
f  3233//6178 3242//6178 1174//6178
f  1174//6179 3242//6179 1176//6179
f  3230//6180 3229//6180 3243//6180
f  3244//6181 1094//6181 3245//6181
f  3245//6182 1094//6182 3231//6182
f  3245//6183 3231//6183 3230//6183
f  1099//6184 1098//6184 1150//6184
f  1099//6185 1150//6185 1149//6185
f  1097//6186 1099//6186 1151//6186
f  1151//6187 1099//6187 3246//6187
f  1151//6188 3246//6188 1146//6188
f  1166//6189 1164//6189 3247//6189
f  3247//6190 1164//6190 1162//6190
f  3247//6191 1162//6191 3248//6191
f  3248//6192 1162//6192 1160//6192
f  3248//6193 1160//6193 3249//6193
f  3249//6194 1160//6194 1158//6194
f  3249//6195 1158//6195 1146//6195
f  1168//6196 1166//6196 3234//6196
f  3234//6197 1166//6197 3247//6197
f  3234//6198 3247//6198 3250//6198
f  3250//6199 3247//6199 3248//6199
f  1174//6200 1173//6200 3233//6200
f  3233//6201 1173//6201 1171//6201
f  3233//6202 1171//6202 3234//6202
f  3234//6203 1171//6203 1169//6203
f  3234//6204 1169//6204 1168//6204
f  3251//6205 3252//6205 3253//6205
f  3253//6206 3252//6206 3254//6206
f  3253//6207 3254//6207 3255//6207
f  3255//6208 3254//6208 3256//6208
f  3255//6209 3256//6209 3257//6209
f  3257//6210 3256//6210 3258//6210
f  3257//6211 3258//6211 3259//6211
f  3259//6212 3258//6212 3260//6212
f  3259//6213 3260//6213 3261//6213
f  3261//6214 3260//6214 3262//6214
f  3261//6215 3262//6215 3263//6215
f  3263//6216 3262//6216 3264//6216
f  3263//6217 3264//6217 3265//6217
f  3265//6218 3264//6218 3266//6218
f  3254//6219 3267//6219 3256//6219
f  3256//6220 3267//6220 3268//6220
f  3256//6221 3268//6221 3258//6221
f  3258//6222 3268//6222 3269//6222
f  3258//6223 3269//6223 3260//6223
f  3260//6224 3269//6224 3270//6224
f  3260//6225 3270//6225 3262//6225
f  3262//6226 3270//6226 3271//6226
f  3262//6227 3271//6227 3264//6227
f  3264//6228 3271//6228 3272//6228
f  3264//6229 3272//6229 3266//6229
f  3266//6230 3272//6230 3273//6230
f  3274//6231 3252//6231 3275//6231
f  3275//6232 3252//6232 3251//6232
f  3275//6233 3251//6233 3235//6233
f  3235//6234 3237//6234 3275//6234
f  3275//6235 3237//6235 3276//6235
f  3275//6236 3276//6236 3274//6236
f  3230//6237 3243//6237 3245//6237
f  3245//6238 3243//6238 3277//6238
f  3245//6239 3277//6239 3278//6239
f  3278//6240 3279//6240 3245//6240
f  3245//6241 3279//6241 3280//6241
f  3245//6242 3280//6242 3244//6242
f  3244//6243 3280//6243 3281//6243
f  3244//6244 3281//6244 1094//6244
f  3278//6245 3282//6245 3279//6245
f  3279//6246 3282//6246 3283//6246
f  3279//6247 3283//6247 3284//6247
f  1095//6248 1094//6248 3238//6248
f  3238//6249 1094//6249 3281//6249
f  3238//6250 3281//6250 3285//6250
f  3285//6251 3281//6251 3280//6251
f  3285//6252 3280//6252 3236//6252
f  3236//6253 3280//6253 3279//6253
f  3236//6254 3279//6254 3237//6254
f  3237//6255 3279//6255 3284//6255
f  3237//6256 3284//6256 3276//6256
f  1146//6257 3246//6257 3249//6257
f  3249//6258 3246//6258 3286//6258
f  3249//6259 3286//6259 3248//6259
f  3248//6260 3286//6260 3287//6260
f  3248//6261 3287//6261 3250//6261
f  3250//6262 3287//6262 3288//6262
f  3250//6263 3288//6263 3234//6263
f  3234//6264 3288//6264 3289//6264
f  3234//6265 3289//6265 3232//6265
f  3232//6266 3289//6266 3290//6266
f  3232//6267 3290//6267 3239//6267
f  3291//6268 3240//6268 3292//6268
f  3292//6269 3240//6269 3239//6269
f  3292//6270 3239//6270 3293//6270
f  3293//6271 3239//6271 3290//6271
f  3293//6272 3290//6272 3294//6272
f  3294//6273 3295//6273 3296//6273
f  3296//6274 3295//6274 3297//6274
f  3296//6275 3297//6275 3298//6275
f  3298//6276 3297//6276 3299//6276
f  3298//6277 3299//6277 3300//6277
f  3300//6278 3299//6278 3301//6278
f  3300//6279 3301//6279 3302//6279
f  3302//6280 3301//6280 3303//6280
f  3302//6281 3303//6281 3304//6281
f  3294//6282 3290//6282 3295//6282
f  3295//6283 3290//6283 3289//6283
f  3295//6284 3289//6284 3297//6284
f  3297//6285 3289//6285 3288//6285
f  3297//6286 3288//6286 3299//6286
f  3299//6287 3288//6287 3287//6287
f  3299//6288 3287//6288 3301//6288
f  3301//6289 3287//6289 3286//6289
f  3301//6290 3286//6290 3303//6290
f  3303//6291 3286//6291 3246//6291
f  3303//6292 3246//6292 3304//6292
f  3304//6293 3246//6293 1099//6293
f  3304//6294 1099//6294 3305//6294
f  3305//6295 1099//6295 1149//6295
f  3305//6296 1149//6296 3306//6296
f  3306//6297 1149//6297 1148//6297
f  3306//6298 1148//6298 1142//6298
f  3274//6299 3307//6299 3252//6299
f  3252//6300 3307//6300 3308//6300
f  3252//6301 3308//6301 3254//6301
f  3254//6302 3308//6302 3309//6302
f  3254//6303 3309//6303 3267//6303
f  3265//6304 3291//6304 3263//6304
f  3263//6305 3291//6305 3292//6305
f  3263//6306 3292//6306 3261//6306
f  3261//6307 3292//6307 3293//6307
f  3261//6308 3293//6308 3259//6308
f  3259//6309 3293//6309 3294//6309
f  3259//6310 3294//6310 3257//6310
f  3257//6311 3294//6311 3296//6311
f  3257//6312 3296//6312 3255//6312
f  3255//6313 3296//6313 3298//6313
f  3255//6314 3298//6314 3253//6314
f  3253//6315 3298//6315 3300//6315
f  3253//6316 3300//6316 3251//6316
f  3251//6317 3300//6317 3302//6317
f  3251//6318 3302//6318 3235//6318
f  3235//6319 3302//6319 3304//6319
f  3235//6320 3304//6320 3236//6320
f  3236//6321 3304//6321 3305//6321
f  3236//6322 3305//6322 3285//6322
f  3285//6323 3305//6323 3306//6323
f  3285//6324 3306//6324 3238//6324
f  3238//6325 3306//6325 1142//6325
f  3238//6326 1142//6326 1140//6326
f  1102//6327 1204//6327 1100//6327
f  1208//6328 1210//6328 1100//6328
f  1100//6329 1210//6329 1101//6329
f  1208//6330 1100//6330 1213//6330
f  1213//6331 1100//6331 3310//6331
f  1213//6332 3310//6332 1216//6332
f  1216//6333 3310//6333 3311//6333
f  1216//6334 3311//6334 1222//6334
f  1222//6335 3311//6335 3312//6335
f  1222//6336 3312//6336 1221//6336
f  3313//6337 3314//6337 3315//6337
f  1181//6338 1179//6338 3316//6338
f  1177//6339 1176//6339 3242//6339
f  3317//6340 1100//6340 1204//6340
f  3312//6341 3311//6341 3318//6341
f  3318//6342 3311//6342 3319//6342
f  3320//6343 3266//6343 3273//6343
f  3321//6344 3240//6344 3291//6344
f  1179//6345 1177//6345 3316//6345
f  3316//6346 1177//6346 3242//6346
f  3316//6347 3242//6347 3322//6347
f  3322//6348 3242//6348 3241//6348
f  1111//6349 3323//6349 1154//6349
f  1154//6350 3323//6350 1183//6350
f  1183//6351 3323//6351 1103//6351
f  1103//6352 3323//6352 1104//6352
f  1191//6353 1188//6353 3324//6353
f  3324//6354 1188//6354 1112//6354
f  3324//6355 1112//6355 3325//6355
f  1106//6356 1108//6356 1193//6356
f  3326//6357 1195//6357 1106//6357
f  1106//6358 1195//6358 1107//6358
f  1198//6359 1197//6359 3327//6359
f  3317//6360 1204//6360 3328//6360
f  3328//6361 1204//6361 1202//6361
f  3328//6362 1202//6362 3327//6362
f  3327//6363 1202//6363 1200//6363
f  3327//6364 1200//6364 1198//6364
f  3329//6365 3330//6365 3331//6365
f  3273//6366 3332//6366 3320//6366
f  3320//6367 3332//6367 3333//6367
f  3320//6368 3333//6368 3334//6368
f  3334//6369 3333//6369 3335//6369
f  3334//6370 3335//6370 3336//6370
f  3336//6371 3335//6371 3337//6371
f  3336//6372 3337//6372 3338//6372
f  3338//6373 3337//6373 3339//6373
f  3338//6374 3339//6374 3330//6374
f  3330//6375 3339//6375 3340//6375
f  3330//6376 3340//6376 3331//6376
f  3265//6377 3266//6377 3341//6377
f  3341//6378 3266//6378 3320//6378
f  3341//6379 3320//6379 3342//6379
f  3342//6380 3320//6380 3334//6380
f  3342//6381 3334//6381 3343//6381
f  3343//6382 3334//6382 3336//6382
f  3343//6383 3336//6383 3344//6383
f  3344//6384 3336//6384 3338//6384
f  3344//6385 3338//6385 3345//6385
f  3345//6386 3338//6386 3330//6386
f  3345//6387 3330//6387 3346//6387
f  3346//6388 3330//6388 3329//6388
f  3346//6389 3329//6389 3347//6389
f  3347//6390 3329//6390 3348//6390
f  3347//6391 3348//6391 3349//6391
f  3349//6392 3348//6392 3350//6392
f  3314//6393 3351//6393 3315//6393
f  3315//6394 3351//6394 3319//6394
f  3315//6395 3319//6395 3310//6395
f  3310//6396 3319//6396 3311//6396
f  3352//6397 3353//6397 3351//6397
f  3351//6398 3353//6398 3354//6398
f  3351//6399 3354//6399 3319//6399
f  3319//6400 3354//6400 3355//6400
f  3319//6401 3355//6401 3318//6401
f  3356//6402 3357//6402 3358//6402
f  3359//6403 3360//6403 3361//6403
f  3361//6404 3360//6404 3362//6404
f  3361//6405 3362//6405 3363//6405
f  1197//6406 1195//6406 3327//6406
f  3327//6407 1195//6407 3326//6407
f  3327//6408 3326//6408 3328//6408
f  3328//6409 3326//6409 3313//6409
f  3328//6410 3313//6410 3317//6410
f  3317//6411 3313//6411 3315//6411
f  3317//6412 3315//6412 1100//6412
f  1100//6413 3315//6413 3310//6413
f  1106//6414 3359//6414 3326//6414
f  3326//6415 3359//6415 3361//6415
f  3326//6416 3361//6416 3313//6416
f  3313//6417 3361//6417 3364//6417
f  3313//6418 3364//6418 3314//6418
f  3314//6419 3364//6419 3356//6419
f  3314//6420 3356//6420 3351//6420
f  3351//6421 3356//6421 3358//6421
f  3351//6422 3358//6422 3352//6422
f  1110//6423 3365//6423 3366//6423
f  3366//6424 3365//6424 3367//6424
f  3367//6425 3368//6425 3366//6425
f  3366//6426 3368//6426 3360//6426
f  3366//6427 3360//6427 3325//6427
f  3325//6428 3360//6428 3359//6428
f  3325//6429 3359//6429 3324//6429
f  3324//6430 3359//6430 1106//6430
f  3324//6431 1106//6431 1191//6431
f  1191//6432 1106//6432 1193//6432
f  1111//6433 1110//6433 3366//6433
f  1111//6434 3366//6434 3323//6434
f  3323//6435 3366//6435 3325//6435
f  3323//6436 3325//6436 1104//6436
f  1104//6437 3325//6437 1112//6437
f  1109//6438 1181//6438 1110//6438
f  1110//6439 1181//6439 3316//6439
f  1110//6440 3316//6440 3365//6440
f  3365//6441 3316//6441 3322//6441
f  3365//6442 3322//6442 3321//6442
f  3321//6443 3322//6443 3241//6443
f  3321//6444 3241//6444 3240//6444
f  3369//6445 3370//6445 3371//6445
f  3371//6446 3370//6446 3372//6446
f  3371//6447 3372//6447 3373//6447
f  3373//6448 3372//6448 3374//6448
f  3373//6449 3374//6449 3375//6449
f  3375//6450 3374//6450 3376//6450
f  3375//6451 3376//6451 3377//6451
f  3377//6452 3376//6452 3378//6452
f  3377//6453 3378//6453 3379//6453
f  3291//6454 3379//6454 3321//6454
f  3321//6455 3379//6455 3378//6455
f  3321//6456 3378//6456 3365//6456
f  3365//6457 3378//6457 3376//6457
f  3365//6458 3376//6458 3367//6458
f  3367//6459 3376//6459 3374//6459
f  3367//6460 3374//6460 3368//6460
f  3368//6461 3374//6461 3372//6461
f  3368//6462 3372//6462 3360//6462
f  3360//6463 3372//6463 3370//6463
f  3360//6464 3370//6464 3362//6464
f  3362//6465 3370//6465 3369//6465
f  3362//6466 3369//6466 3363//6466
f  3380//6467 3350//6467 3381//6467
f  3381//6468 3350//6468 3348//6468
f  3381//6469 3348//6469 3382//6469
f  3382//6470 3348//6470 3329//6470
f  3382//6471 3329//6471 3383//6471
f  3383//6472 3329//6472 3331//6472
f  3291//6473 3265//6473 3379//6473
f  3379//6474 3265//6474 3341//6474
f  3379//6475 3341//6475 3377//6475
f  3377//6476 3341//6476 3342//6476
f  3377//6477 3342//6477 3375//6477
f  3375//6478 3342//6478 3343//6478
f  3375//6479 3343//6479 3373//6479
f  3373//6480 3343//6480 3344//6480
f  3373//6481 3344//6481 3371//6481
f  3371//6482 3344//6482 3345//6482
f  3371//6483 3345//6483 3369//6483
f  3369//6484 3345//6484 3346//6484
f  3369//6485 3346//6485 3363//6485
f  3363//6486 3346//6486 3347//6486
f  3363//6487 3347//6487 3361//6487
f  3361//6488 3347//6488 3349//6488
f  3361//6489 3349//6489 3364//6489
f  3364//6490 3349//6490 3350//6490
f  3364//6491 3350//6491 3356//6491
f  3356//6492 3350//6492 3380//6492
f  3356//6493 3380//6493 3357//6493
f  3384//6494 1077//6494 1074//6494
f  1076//6495 1219//6495 1075//6495
f  1075//6496 1219//6496 3385//6496
f  3386//6497 1051//6497 3387//6497
f  3387//6498 1051//6498 1053//6498
f  3387//6499 1053//6499 3384//6499
f  3384//6500 1053//6500 1078//6500
f  3384//6501 1078//6501 1077//6501
f  3388//6502 1054//6502 3389//6502
f  3389//6503 1054//6503 1055//6503
f  3389//6504 1055//6504 3390//6504
f  3390//6505 1055//6505 1035//6505
f  3390//6506 1035//6506 3386//6506
f  3386//6507 1035//6507 1034//6507
f  3386//6508 1034//6508 1051//6508
f  1062//6509 1064//6509 3391//6509
f  3391//6510 1064//6510 1063//6510
f  3391//6511 1063//6511 3392//6511
f  3392//6512 1063//6512 1056//6512
f  3392//6513 1056//6513 3388//6513
f  3388//6514 1056//6514 1033//6514
f  3388//6515 1033//6515 1054//6515
f  3391//6516 3393//6516 1062//6516
f  1062//6517 3393//6517 3394//6517
f  1062//6518 3394//6518 1061//6518
f  1061//6519 3394//6519 3395//6519
f  1061//6520 3395//6520 1059//6520
f  3273//6521 3395//6521 3332//6521
f  3332//6522 3395//6522 3394//6522
f  3332//6523 3394//6523 3333//6523
f  3333//6524 3394//6524 3393//6524
f  3333//6525 3393//6525 3335//6525
f  3331//6526 3340//6526 3396//6526
f  3396//6527 3340//6527 3339//6527
f  3396//6528 3339//6528 3397//6528
f  3397//6529 3339//6529 3337//6529
f  3397//6530 3337//6530 3398//6530
f  3398//6531 3337//6531 3335//6531
f  3331//6532 3396//6532 3383//6532
f  3383//6533 3396//6533 3399//6533
f  3383//6534 3399//6534 3382//6534
f  3382//6535 3399//6535 3400//6535
f  3382//6536 3400//6536 3381//6536
f  3381//6537 3400//6537 3380//6537
f  3380//6538 3400//6538 3401//6538
f  3380//6539 3401//6539 3357//6539
f  3357//6540 3401//6540 3402//6540
f  3357//6541 3402//6541 3358//6541
f  3358//6542 3402//6542 3352//6542
f  3352//6543 3402//6543 3403//6543
f  3352//6544 3403//6544 3353//6544
f  3385//6545 3318//6545 3355//6545
f  3385//6546 3355//6546 3403//6546
f  3403//6547 3355//6547 3354//6547
f  3403//6548 3354//6548 3353//6548
f  3318//6549 3385//6549 3312//6549
f  3312//6550 3385//6550 1219//6550
f  3312//6551 1219//6551 1221//6551
f  3335//6552 3393//6552 3398//6552
f  3398//6553 3393//6553 3391//6553
f  3398//6554 3391//6554 3397//6554
f  3397//6555 3391//6555 3392//6555
f  3397//6556 3392//6556 3396//6556
f  3396//6557 3392//6557 3388//6557
f  3396//6558 3388//6558 3399//6558
f  3399//6559 3388//6559 3389//6559
f  3399//6560 3389//6560 3400//6560
f  3400//6561 3389//6561 3390//6561
f  3400//6562 3390//6562 3401//6562
f  3401//6563 3390//6563 3386//6563
f  3401//6564 3386//6564 3402//6564
f  3402//6565 3386//6565 3387//6565
f  3402//6566 3387//6566 3403//6566
f  3403//6567 3387//6567 3384//6567
f  3403//6568 3384//6568 3385//6568
f  3385//6569 3384//6569 1074//6569
f  3385//6570 1074//6570 1075//6570
f  3284//6571 3404//6571 3405//6571
f  3277//6572 3243//6572 3406//6572
f  3229//6573 1125//6573 1123//6573
f  1059//6574 3395//6574 1065//6574
f  1065//6575 3395//6575 3407//6575
f  1065//6576 3407//6576 1066//6576
f  1066//6577 3407//6577 1067//6577
f  1067//6578 3407//6578 3408//6578
f  1067//6579 3408//6579 1068//6579
f  1068//6580 3409//6580 1069//6580
f  1069//6581 3409//6581 3410//6581
f  1069//6582 3410//6582 1070//6582
f  1070//6583 3410//6583 3411//6583
f  1070//6584 3411//6584 1057//6584
f  1057//6585 3411//6585 3412//6585
f  1057//6586 3412//6586 1058//6586
f  1058//6587 3412//6587 3413//6587
f  1058//6588 3413//6588 1031//6588
f  3414//6589 3415//6589 1049//6589
f  1049//6590 1050//6590 3414//6590
f  3414//6591 1050//6591 1048//6591
f  3414//6592 1048//6592 3413//6592
f  3413//6593 1048//6593 1032//6593
f  3413//6594 1032//6594 1031//6594
f  1044//6595 1043//6595 3416//6595
f  3416//6596 1043//6596 1042//6596
f  3416//6597 1042//6597 3415//6597
f  3415//6598 1042//6598 1041//6598
f  3415//6599 1041//6599 1049//6599
f  1123//6600 1045//6600 1044//6600
f  3277//6601 3406//6601 3278//6601
f  3278//6602 3406//6602 3417//6602
f  3278//6603 3417//6603 3282//6603
f  3404//6604 3284//6604 3417//6604
f  3417//6605 3284//6605 3283//6605
f  3417//6606 3283//6606 3282//6606
f  3307//6607 3274//6607 3405//6607
f  3405//6608 3274//6608 3276//6608
f  3405//6609 3276//6609 3284//6609
f  3309//6610 3308//6610 3418//6610
f  3418//6611 3308//6611 3307//6611
f  3418//6612 3307//6612 3419//6612
f  3419//6613 3307//6613 3405//6613
f  3309//6614 3418//6614 3267//6614
f  3267//6615 3418//6615 3420//6615
f  3267//6616 3420//6616 3268//6616
f  3268//6617 3420//6617 3421//6617
f  3268//6618 3421//6618 3269//6618
f  3269//6619 3421//6619 3422//6619
f  3269//6620 3422//6620 3270//6620
f  3270//6621 3422//6621 3408//6621
f  3270//6622 3408//6622 3271//6622
f  3271//6623 3408//6623 3407//6623
f  3271//6624 3407//6624 3272//6624
f  3272//6625 3407//6625 3395//6625
f  3272//6626 3395//6626 3273//6626
f  1068//6627 3408//6627 3409//6627
f  3409//6628 3408//6628 3422//6628
f  3409//6629 3422//6629 3410//6629
f  3410//6630 3422//6630 3421//6630
f  3410//6631 3421//6631 3411//6631
f  3411//6632 3421//6632 3420//6632
f  3411//6633 3420//6633 3412//6633
f  3412//6634 3420//6634 3418//6634
f  3412//6635 3418//6635 3413//6635
f  3413//6636 3418//6636 3419//6636
f  3413//6637 3419//6637 3414//6637
f  3414//6638 3419//6638 3405//6638
f  3414//6639 3405//6639 3415//6639
f  3415//6640 3405//6640 3404//6640
f  3415//6641 3404//6641 3416//6641
f  3416//6642 3404//6642 3417//6642
f  3416//6643 3417//6643 1044//6643
f  1044//6644 3417//6644 3406//6644
f  1044//6645 3406//6645 1123//6645
f  1123//6646 3406//6646 3243//6646
f  1123//6647 3243//6647 3229//6647

# Mesh 'right_middle_2-2' with 487 faces
g right_middle_2-2
usemtl white metal
f  3423//6648 3424//6648 3425//6648
f  3423//6648 3425//6648 3426//6648
f  3426//6649 3425//6649 3427//6649
f  3426//6649 3427//6649 3428//6649
f  3428//6650 3427//6650 3429//6650
f  3428//6650 3429//6650 3430//6650
f  3430//6651 3429//6651 3431//6651
f  3430//6651 3431//6651 3432//6651
f  3432//6652 3431//6652 3433//6652
f  3432//6652 3433//6652 3434//6652
f  3434//6653 3433//6653 3435//6653
f  3434//6653 3435//6653 3436//6653
f  3436//6654 3435//6654 991//6654
f  3436//6654 991//6654 3437//6654
f  991//1389 990//1389 3437//1389
f  990//6655 989//6655 3438//6655
f  3438//6655 989//6655 3439//6655
f  3438//6656 3439//6656 3440//6656
f  3440//6656 3439//6656 3441//6656
f  3440//6657 3441//6657 3442//6657
f  3442//6657 3441//6657 3443//6657
f  3442//6658 3443//6658 3444//6658
f  3444//6658 3443//6658 3445//6658
f  1005//6659 1006//6659 999//6659
f  999//6659 1006//6659 3446//6659
f  999//6659 3446//6659 998//6659
f  998//6659 3446//6659 3447//6659
f  998//6659 3447//6659 1001//6659
f  1001//6659 3447//6659 1008//6659
f  999//1465 997//1465 1005//1465
f  1005//1465 997//1465 3448//1465
f  1005//1465 3448//1465 1003//1465
f  996//1393 998//1393 1000//1393
f  1000//1393 998//1393 1001//1393
f  3449//1465 3450//1465 1036//1465
f  3451//1465 3437//1465 3452//1465
f  3452//1465 3437//1465 990//1465
f  3452//1465 990//1465 3453//1465
f  3453//1465 990//1465 3438//1465
f  3454//1465 3432//1465 3455//1465
f  3455//1465 3432//1465 3434//1465
f  3455//1465 3434//1465 3451//1465
f  3451//1465 3434//1465 3436//1465
f  3451//1465 3436//1465 3437//1465
f  1036//1465 3450//1465 1052//1465
f  1052//1465 3450//1465 3456//1465
f  1052//1465 3456//1465 1071//1465
f  1071//1465 3456//1465 3457//1465
f  1071//1465 3457//1465 3453//1465
f  3438//1465 3440//1465 3453//1465
f  3453//1465 3440//1465 3442//1465
f  3453//1465 3442//1465 1071//1465
f  1071//1465 3442//1465 3444//1465
f  1071//1465 3444//1465 3220//1465
f  3458//1465 3459//1465 3460//1465
f  3460//1465 3459//1465 3461//1465
f  3458//1465 3423//1465 3459//1465
f  3459//1465 3423//1465 3426//1465
f  3459//1465 3426//1465 3462//1465
f  3462//1465 3426//1465 3428//1465
f  3462//1465 3428//1465 3454//1465
f  3454//1465 3428//1465 3430//1465
f  3454//1465 3430//1465 3432//1465
f  3461//1465 3463//1465 3460//1465
f  3460//1465 3463//1465 3464//1465
f  3460//1465 3464//1465 3465//1465
f  3465//1465 3464//1465 3466//1465
f  3465//1465 3466//1465 3456//1465
f  3456//1465 3466//1465 3467//1465
f  3456//1465 3467//1465 3457//1465
f  3449//1465 1036//1465 3468//1465
f  3468//1465 1036//1465 3469//1465
f  3468//1465 3469//1465 3470//1465
f  3470//1465 3469//1465 3471//1465
f  3470//1465 3471//1465 3472//1465
f  3472//1465 3471//1465 3473//1465
f  3472//1465 3473//1465 3474//1465
f  3474//1465 3473//1465 3475//1465
f  3474//1465 3475//1465 3476//1465
f  3476//1465 3475//1465 3477//1465
f  3476//1465 3477//1465 3478//1465
f  3478//1465 3477//1465 3479//1465
f  3478//1465 3479//1465 3480//1465
f  3480//1465 3479//1465 3481//1465
f  3480//1465 3481//1465 3482//1465
f  3482//1465 3481//1465 3483//1465
f  3482//1465 3483//1465 3460//1465
f  3460//1465 3483//1465 3484//1465
f  3460//1465 3484//1465 3458//1465
f  1038//1393 3219//1393 3485//1393
f  3486//1393 1047//1393 3487//1393
f  3488//1393 3489//1393 3490//1393
f  3490//1393 3489//1393 3491//1393
f  3490//1393 3491//1393 3492//1393
f  3492//1393 3491//1393 3493//1393
f  3492//1393 3493//1393 3494//1393
f  3494//1393 3493//1393 3495//1393
f  3494//1393 3495//1393 3496//1393
f  3496//1393 3495//1393 3497//1393
f  3496//1393 3497//1393 3498//1393
f  3498//1393 3497//1393 3499//1393
f  3498//1393 3499//1393 3500//1393
f  3487//1393 3501//1393 3486//1393
f  3486//1393 3501//1393 3502//1393
f  3486//1393 3502//1393 3503//1393
f  3503//1393 3502//1393 3504//1393
f  3503//1393 3504//1393 3505//1393
f  3505//1393 3504//1393 3500//1393
f  3505//1393 3500//1393 3506//1393
f  3506//1393 3500//1393 3499//1393
f  3485//1393 3507//1393 1038//1393
f  1038//1393 3507//1393 3508//1393
f  1038//1393 3508//1393 1039//1393
f  1039//1393 3508//1393 3509//1393
f  1039//1393 3509//1393 1047//1393
f  1047//1393 3509//1393 3510//1393
f  1047//1393 3510//1393 3487//1393
f  3487//1393 3510//1393 3511//1393
f  3487//1393 3511//1393 3512//1393
f  3512//1393 3511//1393 3513//1393
f  3507//1393 3514//1393 3508//1393
f  3508//1393 3514//1393 3515//1393
f  3508//1393 3515//1393 3516//1393
f  3516//1393 3515//1393 1081//1393
f  3516//1393 1081//1393 3517//1393
f  3517//1393 1081//1393 1080//1393
f  3517//1393 1080//1393 3518//1393
f  3518//1393 1080//1393 3519//1393
f  3518//1393 3519//1393 1083//1393
f  1083//1393 3519//1393 3520//1393
f  1083//1393 3520//1393 1085//1393
f  3520//1393 3521//1393 1085//1393
f  1085//1393 3521//1393 3522//1393
f  1085//1393 3522//1393 1087//1393
f  1087//1393 3522//1393 3523//1393
f  1087//1393 3523//1393 1089//1393
f  1089//1393 3523//1393 3524//1393
f  1089//1393 3524//1393 1091//1393
f  1091//1393 3524//1393 3488//1393
f  1091//1393 3488//1393 3525//1393
f  3525//1393 3488//1393 3490//1393
f  3525//1393 3490//1393 3511//1393
f  3511//1393 3490//1393 3526//1393
f  3511//1393 3526//1393 3513//1393
f  3527//1389 1080//1389 1079//1389
f  3528//6660 3529//6660 3508//6660
f  3508//6661 3529//6661 3509//6661
f  3508//6660 3516//6660 3528//6660
f  3528//6662 3516//6662 3517//6662
f  3528//6663 3517//6663 3530//6663
f  3530//6664 3517//6664 3518//6664
f  3530//6665 3518//6665 1082//6665
f  1082//6665 3518//6665 1083//6665
f  1088//1464 1089//1464 1090//1464
f  1090//6666 1091//6666 3531//6666
f  3531//6666 1091//6666 3525//6666
f  3531//6667 3525//6667 3532//6667
f  3532//6667 3525//6667 3511//6667
f  3532//6668 3511//6668 3533//6668
f  3533//6668 3511//6668 3510//6668
f  3533//6669 3510//6669 3534//6669
f  3534//6670 3510//6670 3509//6670
f  3534//6671 3509//6671 3535//6671
f  3535//6661 3509//6661 3529//6661
f  3454//6672 3536//6672 3462//6672
f  3462//6673 3536//6673 3537//6673
f  3462//1463 3537//1463 3459//1463
f  3459//1463 3537//1463 3538//1463
f  3459//1464 3538//1464 3461//1464
f  3461//1464 3538//1464 3539//1464
f  3461//6674 3539//6674 3463//6674
f  3463//6675 3539//6675 3540//6675
f  3463//6676 3540//6676 3464//6676
f  3464//6667 3540//6667 3466//6667
f  3466//6667 3540//6667 3541//6667
f  3466//6668 3541//6668 3467//6668
f  3467//6668 3541//6668 3542//6668
f  3467//6677 3542//6677 3457//6677
f  3457//6677 3542//6677 3543//6677
f  3457//6661 3543//6661 3453//6661
f  3453//6661 3543//6661 3544//6661
f  3453//6660 3544//6660 3452//6660
f  3452//6660 3544//6660 3545//6660
f  3452//6678 3545//6678 3451//6678
f  3451//6678 3545//6678 3546//6678
f  3451//6665 3546//6665 3455//6665
f  3455//6665 3546//6665 3547//6665
f  3455//1461 3547//1461 3454//1461
f  3454//1461 3547//1461 3548//1461
f  3454//6679 3548//6679 3536//6679
f  3549//6648 3488//6648 3524//6648
f  3549//6648 3524//6648 3550//6648
f  3550//6649 3524//6649 3523//6649
f  3550//6649 3523//6649 3551//6649
f  3551//6650 3523//6650 3522//6650
f  3551//6650 3522//6650 3552//6650
f  3552//6651 3522//6651 3521//6651
f  3552//6651 3521//6651 3553//6651
f  3553//6652 3521//6652 3520//6652
f  3553//6652 3520//6652 3554//6652
f  3554//6653 3520//6653 3519//6653
f  3554//6653 3519//6653 3555//6653
f  3555//6654 3519//6654 1080//6654
f  3555//6654 1080//6654 3527//6654
f  1079//6655 1081//6655 3556//6655
f  3556//6655 1081//6655 3515//6655
f  3556//6656 3515//6656 3557//6656
f  3557//6656 3515//6656 3514//6656
f  3557//6657 3514//6657 3558//6657
f  3558//6657 3514//6657 3507//6657
f  3558//6658 3507//6658 3559//6658
f  3559//6658 3507//6658 3485//6658
f  1006//1465 1092//1465 3560//1465
f  3561//1465 3562//1465 3563//1465
f  1084//1465 3553//1465 1082//1465
f  1082//1465 3553//1465 3554//1465
f  1082//1465 3554//1465 3530//1465
f  3563//1465 3562//1465 3564//1465
f  3564//1465 3562//1465 3565//1465
f  3564//1465 3565//1465 3566//1465
f  3446//1465 1006//1465 3559//1465
f  3559//1465 1006//1465 3558//1465
f  3565//1465 3567//1465 3566//1465
f  3566//1465 3567//1465 3568//1465
f  3566//1465 3568//1465 3569//1465
f  3569//1465 3568//1465 3570//1465
f  3569//1465 3570//1465 3571//1465
f  3571//1465 3570//1465 3572//1465
f  3571//1465 3572//1465 3573//1465
f  3573//1465 3572//1465 3574//1465
f  3573//1465 3574//1465 3575//1465
f  3532//1465 3533//1465 3560//1465
f  3560//1465 3533//1465 3534//1465
f  3560//1465 3534//1465 1006//1465
f  1006//1465 3534//1465 3535//1465
f  1006//1465 3535//1465 3529//1465
f  3554//1465 3555//1465 3530//1465
f  3530//1465 3555//1465 3527//1465
f  3530//1465 3527//1465 3528//1465
f  3528//1465 3527//1465 1079//1465
f  3528//1465 1079//1465 3529//1465
f  3529//1465 1079//1465 3556//1465
f  3529//1465 3556//1465 1006//1465
f  1006//1465 3556//1465 3557//1465
f  1006//1465 3557//1465 3558//1465
f  3563//1465 3576//1465 3561//1465
f  3561//1465 3576//1465 3577//1465
f  3561//1465 3577//1465 3560//1465
f  3560//1465 3577//1465 3578//1465
f  3560//1465 3578//1465 3532//1465
f  3532//1465 3578//1465 3579//1465
f  3532//1465 3579//1465 3531//1465
f  3531//1465 3579//1465 3580//1465
f  3531//1465 3580//1465 3575//1465
f  3574//1465 3581//1465 3575//1465
f  3575//1465 3581//1465 3582//1465
f  3575//1465 3582//1465 3531//1465
f  3531//1465 3582//1465 3583//1465
f  3531//1465 3583//1465 1090//1465
f  1090//1465 3583//1465 3549//1465
f  1090//1465 3549//1465 1088//1465
f  1088//1465 3549//1465 3550//1465
f  1088//1465 3550//1465 1086//1465
f  1086//1465 3550//1465 3551//1465
f  1086//1465 3551//1465 1084//1465
f  1084//1465 3551//1465 3552//1465
f  1084//1465 3552//1465 3553//1465
f  3584//1393 1093//1393 1008//1393
f  3585//1393 3586//1393 3587//1393
f  3542//1393 3541//1393 3588//1393
f  3588//1393 3541//1393 3540//1393
f  3588//1393 3540//1393 3586//1393
f  3543//1393 3584//1393 3544//1393
f  3544//1393 3584//1393 3439//1393
f  3544//1393 3439//1393 3545//1393
f  3447//1393 3445//1393 1008//1393
f  1008//1393 3445//1393 3443//1393
f  1008//1393 3443//1393 3584//1393
f  3584//1393 3443//1393 3441//1393
f  3584//1393 3441//1393 3439//1393
f  3587//1393 3589//1393 3585//1393
f  3585//1393 3589//1393 3590//1393
f  3585//1393 3590//1393 3591//1393
f  3591//1393 3590//1393 3592//1393
f  3591//1393 3592//1393 3593//1393
f  3593//1393 3592//1393 3594//1393
f  3593//1393 3594//1393 3595//1393
f  3595//1393 3594//1393 3596//1393
f  3595//1393 3596//1393 3597//1393
f  3597//1393 3596//1393 3598//1393
f  3597//1393 3598//1393 3599//1393
f  3599//1393 3598//1393 3600//1393
f  3599//1393 3600//1393 3601//1393
f  3601//1393 3600//1393 3584//1393
f  3601//1393 3584//1393 3602//1393
f  3602//1393 3584//1393 3543//1393
f  3602//1393 3543//1393 3603//1393
f  3603//1393 3543//1393 3542//1393
f  3603//1393 3542//1393 3604//1393
f  3604//1393 3542//1393 3588//1393
f  3439//1393 989//1393 3545//1393
f  3545//1393 989//1393 991//1393
f  3545//1393 991//1393 3546//1393
f  3546//1393 991//1393 3435//1393
f  3546//1393 3435//1393 3547//1393
f  3547//1393 3435//1393 3433//1393
f  3547//1393 3433//1393 3548//1393
f  3548//1393 3433//1393 3431//1393
f  3548//1393 3431//1393 3536//1393
f  3536//1393 3431//1393 3429//1393
f  3536//1393 3429//1393 3537//1393
f  3537//1393 3429//1393 3427//1393
f  3537//1393 3427//1393 3538//1393
f  3538//1393 3427//1393 3425//1393
f  3538//1393 3425//1393 3539//1393
f  3539//1393 3425//1393 3424//1393
f  3539//1393 3424//1393 3540//1393
f  3424//1393 3605//1393 3540//1393
f  3540//1393 3605//1393 3606//1393
f  3540//1393 3606//1393 3586//1393
f  3586//1393 3606//1393 3607//1393
f  3586//1393 3607//1393 3587//1393
f  1030//6680 3220//6680 3444//6680
f  1013//6681 1015//6681 3447//6681
f  3447//6681 1015//6681 1023//6681
f  3447//6681 1023//6681 3445//6681
f  3445//6681 1023//6681 1025//6681
f  3445//6681 1025//6681 3444//6681
f  3444//6681 1025//6681 1028//6681
f  3444//6681 1028//6681 1030//6681
f  1013//6681 3447//6681 1018//6681
f  1018//6681 3447//6681 3446//6681
f  1018//6681 3446//6681 1019//6681
f  1019//6681 3446//6681 3559//6681
f  1019//6681 3559//6681 3485//6681
f  3485//6681 3219//6681 1116//6681
f  1113//6681 1019//6681 3485//6681
f  1113//6681 3485//6681 1117//6681
f  1117//6681 3485//6681 1116//6681
f  1000//6682 1002//6682 1003//6682
f  1007//6683 1093//6683 1002//6683
f  1002//6683 1093//6683 1092//6683
f  1002//6683 1092//6683 1003//6683
f  1003//6683 1092//6683 1004//6683
f  1003//6682 3448//6682 1000//6682
f  1000//6684 3448//6684 997//6684
f  1000//6684 997//6684 996//6684
f  3608//6685 3609//6685 1047//6685
f  1047//6685 3609//6685 3610//6685
f  1047//6685 3610//6685 3611//6685
f  3611//6685 3612//6685 1047//6685
f  1047//6685 3612//6685 3613//6685
f  1047//6685 3613//6685 1036//6685
f  1036//6685 3613//6685 3614//6685
f  1036//6685 3614//6685 3615//6685
f  3615//6685 3616//6685 1036//6685
f  1036//6685 3616//6685 3617//6685
f  1036//6685 3617//6685 3469//6685
f  3469//6685 3617//6685 3600//6685
f  3469//6685 3600//6685 3598//6685
f  3608//6685 1047//6685 3561//6685
f  3561//6685 1047//6685 3486//6685
f  3561//6685 3486//6685 3562//6685
f  3618//6681 1093//6681 3619//6681
f  3619//6681 1093//6681 3584//6681
f  3620//6681 3621//6681 1092//6681
f  1092//6681 3621//6681 3622//6681
f  3618//6681 3623//6681 1093//6681
f  1093//6681 3623//6681 3624//6681
f  1093//6681 3624//6681 1092//6681
f  1092//6681 3624//6681 3625//6681
f  1092//6681 3625//6681 3620//6681
f  3622//6681 3626//6681 1092//6681
f  1092//6681 3626//6681 3627//6681
f  1092//6681 3627//6681 3560//6681
f  3608//6686 3561//6686 3560//6686
f  3608//6687 3560//6687 3609//6687
f  3625//6688 3613//6688 3620//6688
f  3620//6688 3613//6688 3612//6688
f  3620//6689 3612//6689 3621//6689
f  3621//6690 3612//6690 3611//6690
f  3621//6691 3611//6691 3622//6691
f  3622//6691 3611//6691 3610//6691
f  3622//6692 3610//6692 3626//6692
f  3626//6692 3610//6692 3609//6692
f  3626//6693 3609//6693 3627//6693
f  3627//6694 3609//6694 3560//6694
f  3624//6695 3614//6695 3625//6695
f  3625//6695 3614//6695 3613//6695
f  3614//6696 3624//6696 3623//6696
f  3614//6696 3623//6696 3615//6696
f  3615//6697 3623//6697 3618//6697
f  3615//6697 3618//6697 3616//6697
f  3616//6698 3618//6698 3619//6698
f  3616//6698 3619//6698 3617//6698
f  3617//6699 3619//6699 3584//6699
f  3617//6699 3584//6699 3600//6699
f  3475//6700 3592//6700 3590//6700
f  3475//6700 3590//6700 3477//6700
f  3477//6701 3590//6701 3589//6701
f  3477//6701 3589//6701 3479//6701
f  3479//6702 3589//6702 3587//6702
f  3479//6702 3587//6702 3481//6702
f  3481//6703 3587//6703 3607//6703
f  3481//6703 3607//6703 3483//6703
f  3483//6704 3607//6704 3484//6704
f  3484//6704 3607//6704 3606//6704
f  3484//6705 3606//6705 3458//6705
f  3458//6705 3606//6705 3605//6705
f  3458//6706 3605//6706 3423//6706
f  3423//6706 3605//6706 3424//6706
f  3568//6700 3506//6700 3499//6700
f  3568//6700 3499//6700 3570//6700
f  3570//6701 3499//6701 3497//6701
f  3570//6701 3497//6701 3572//6701
f  3572//6702 3497//6702 3495//6702
f  3572//6702 3495//6702 3574//6702
f  3574//6703 3495//6703 3493//6703
f  3574//6703 3493//6703 3581//6703
f  3581//6704 3493//6704 3582//6704
f  3582//6704 3493//6704 3491//6704
f  3582//6705 3491//6705 3583//6705
f  3583//6705 3491//6705 3489//6705
f  3583//6706 3489//6706 3549//6706
f  3549//6706 3489//6706 3488//6706
f  3472//6707 3474//6707 3591//6707
f  3591//6708 3474//6708 3476//6708
f  3591//6709 3476//6709 3585//6709
f  3585//6710 3476//6710 3478//6710
f  3585//6711 3478//6711 3586//6711
f  3586//6711 3478//6711 3480//6711
f  3586//6712 3480//6712 3588//6712
f  3588//6712 3480//6712 3482//6712
f  3588//6713 3482//6713 3604//6713
f  3604//6713 3482//6713 3460//6713
f  3604//6714 3460//6714 3603//6714
f  3603//6714 3460//6714 3465//6714
f  3603//6715 3465//6715 3602//6715
f  3602//6715 3465//6715 3456//6715
f  3602//6716 3456//6716 3601//6716
f  3601//6716 3456//6716 3450//6716
f  3601//6717 3450//6717 3599//6717
f  3599//6717 3450//6717 3449//6717
f  3599//6718 3449//6718 3597//6718
f  3597//6718 3449//6718 3468//6718
f  3597//6719 3468//6719 3595//6719
f  3595//6719 3468//6719 3470//6719
f  3595//6720 3470//6720 3593//6720
f  3593//6720 3470//6720 3472//6720
f  3593//6707 3472//6707 3591//6707
f  3487//6721 3512//6721 3578//6721
f  3578//6722 3512//6722 3513//6722
f  3578//6723 3513//6723 3579//6723
f  3579//6724 3513//6724 3526//6724
f  3579//6725 3526//6725 3580//6725
f  3580//6725 3526//6725 3490//6725
f  3580//6726 3490//6726 3575//6726
f  3575//6726 3490//6726 3492//6726
f  3575//6727 3492//6727 3573//6727
f  3573//6727 3492//6727 3494//6727
f  3573//6728 3494//6728 3571//6728
f  3571//6728 3494//6728 3496//6728
f  3571//6729 3496//6729 3569//6729
f  3569//6729 3496//6729 3498//6729
f  3569//6730 3498//6730 3566//6730
f  3566//6730 3498//6730 3500//6730
f  3566//6731 3500//6731 3564//6731
f  3564//6731 3500//6731 3504//6731
f  3564//6732 3504//6732 3563//6732
f  3563//6732 3504//6732 3502//6732
f  3563//6733 3502//6733 3576//6733
f  3576//6733 3502//6733 3501//6733
f  3576//6734 3501//6734 3577//6734
f  3577//6734 3501//6734 3487//6734
f  3577//6721 3487//6721 3578//6721
f  3562//6735 3486//6735 3503//6735
f  3562//6735 3503//6735 3565//6735
f  3565//6736 3503//6736 3505//6736
f  3565//6736 3505//6736 3567//6736
f  3567//6737 3505//6737 3506//6737
f  3567//6737 3506//6737 3568//6737
f  3469//6735 3598//6735 3596//6735
f  3469//6735 3596//6735 3471//6735
f  3471//6736 3596//6736 3594//6736
f  3471//6736 3594//6736 3473//6736
f  3473//6737 3594//6737 3592//6737
f  3473//6737 3592//6737 3475//6737

