# File produced by Open Asset Import Library (http://www.assimp.sf.net)
# (assimp v5.3.0)

mtllib pinky2.mtl

# 3797 vertex positions
v -0.00863208063 0.0404091552 -0.00618087547
v -0.008633825 0.0404060706 -0.00610040268
v -0.00871960353 0.0404838473 -0.00610040454
v -0.00839116517 0.0413041785 -0.00677980343
v -0.00841347873 0.0412153639 -0.00689314073
v -0.00855557062 0.0409931019 -0.00679415744
v -0.0085255336 0.0410985723 -0.00671176892
v -0.00867144205 0.0408007354 -0.00660047401
v -0.00865073036 0.0408956222 -0.00652080867
v -0.00873973034 0.0406810045 -0.00635036267
v -0.00871619117 0.0407844447 -0.00625404716
v -0.00873258151 0.0405984148 -0.00637293467
v -0.00875454675 0.0405581295 -0.00610040501
v -0.00876156799 0.0406103358 -0.0061004064
v -0.00869680569 0.0405261926 -0.00638813386
v -0.00873569306 0.0405095741 -0.00610040454
v -0.00861208234 0.0404468738 -0.00638890546
v -0.00856356975 0.040535979 -0.00660679489
v -0.00862059742 0.0406633206 -0.00667598424
v -0.00853383355 0.0405889936 -0.00669355365
v -0.00849026442 0.0408832841 -0.00689883064
v -0.00841523614 0.0407909341 -0.00690680509
v -0.00824243203 0.0410649106 -0.00703848386
v -0.0083292881 0.0411368906 -0.00701266062
v -0.00823803805 0.04107159 -0.00704001868
v -0.00838596188 0.0412997417 -0.00682505453
v -0.00835860614 0.0412764512 -0.00692745531
v -0.008323038 0.041246172 -0.00698713027
v -0.0087255314 0.0407682694 -0.00610040687
v -0.00865930598 0.0407288894 -0.00664562127
v -0.008534397 0.0409383029 -0.00685679261
v -0.00838060584 0.0411799066 -0.00696471194
v -0.00827443879 0.0412047952 -0.00702794269
v -0.00819463655 0.0411368497 -0.00705100503
v -0.00869680569 0.0405261889 -0.00581266033
v -0.00863208063 0.0404091552 -0.00601993268
v -0.00873258151 0.0405984111 -0.00582786277
v -0.00871745776 0.0407822765 -0.00595881231
v -0.00838596188 0.041299738 -0.00537574431
v -0.00839116424 0.0413041674 -0.00542097352
v -0.00841347221 0.0412153713 -0.00530766137
v -0.00853202492 0.0410883054 -0.00549517572
v -0.00855556317 0.0409931056 -0.00540664047
v -0.00865373947 0.0408905968 -0.00568771781
v -0.00867144298 0.0408007354 -0.00560032297
v -0.00873973034 0.0406810045 -0.00585043477
v -0.00832928158 0.0411368944 -0.00518814288
v -0.00827443134 0.0412047841 -0.00517286034
v -0.00832303055 0.0412461646 -0.00521367276
v -0.00819463748 0.0411368497 -0.00514979893
v -0.0082380306 0.0410715938 -0.00516078575
v -0.00824243203 0.0410648994 -0.00516232383
v -0.00849025697 0.0408832878 -0.00530197192
v -0.00841523614 0.0407909229 -0.00529400213
v -0.00862058997 0.0406633206 -0.00552481692
v -0.0085338261 0.0405889936 -0.00550724706
v -0.00861082692 0.0404492281 -0.00580381323
v -0.00856357068 0.040535979 -0.00559401326
v -0.00865929853 0.0407288931 -0.00555517757
v -0.00853438955 0.0409383029 -0.00534400903
v -0.00838059839 0.0411799066 -0.00523609109
v -0.00835859869 0.0412764437 -0.00527334679
v -0.00839443225 0.0413069539 -0.00569104264
v -0.00839624181 0.0413084887 -0.00610041572
v -0.00856623333 0.041041974 -0.0061004106
v -0.00839443225 0.0413069502 -0.00650977669
v -0.00732304621 0.0416215844 -0.0103615522
v -0.00746172387 0.041550573 -0.0100694271
v -0.00697307382 0.0420237109 -0.0101620229
v -0.00726584811 0.0415989459 -0.0106447991
v -0.00722743571 0.0416055284 -0.0107516861
v -0.00728287967 0.0415037535 -0.0108975368
v -0.00719919289 0.0412842892 -0.0117718466
v -0.00752318371 0.0411395319 -0.011232134
v -0.00743953697 0.0412463211 -0.0111838225
v -0.00676482636 0.0418431275 -0.0113377199
v -0.00732324133 0.0414218083 -0.0110231433
v -0.00730728311 0.0414513052 -0.0109830238
v -0.00646184105 0.0422358848 -0.0109183034
v -0.00643533701 0.042271886 -0.0108722448
v -0.00623322744 0.0425672829 -0.0104223713
v -0.00679827249 0.0423520803 -0.0094756186
v -0.00607939297 0.0428347476 -0.00986337475
v -0.00597715564 0.0430575013 -0.00921310764
v -0.00681931851 0.042388089 -0.00921310857
v -0.00747092115 0.0417351164 -0.00921311043
v -0.0075289798 0.0416084826 -0.00950748473
v -0.00762276724 0.0414129831 -0.00988250319
v -0.00923151802 0.0370659381 -0.00974133611
v -0.00919641089 0.0368203893 -0.00991614629
v -0.0091919098 0.0367698744 -0.00954978447
v -0.00880730804 0.0397952385 -0.00824609771
v -0.00885495637 0.0397060327 -0.00792835001
v -0.00879142899 0.0398617126 -0.00793545321
v -0.00763758644 0.0406942368 -0.0121196276
v -0.00761037972 0.0408783294 -0.0117105739
v -0.00869605225 0.03629601 -0.0131313335
v -0.00867925212 0.0362193696 -0.0131352907
v -0.0088342987 0.03611793 -0.0126496293
v -0.00915642455 0.0366763324 -0.0107517373
v -0.00918137655 0.0368726328 -0.0110174594
v -0.00915806834 0.0367881246 -0.0112396758
v -0.00855100155 0.0404549539 -0.00648086751
v -0.00845764391 0.0405411795 -0.00795966014
v -0.00845514424 0.0406257771 -0.00677264621
v -0.00832926203 0.04083566 -0.00695303967
v -0.00858913828 0.0403836481 -0.00610040408
v -0.00858873315 0.0403842777 -0.00613767095
v -0.00893290713 0.0395139605 -0.00766725
v -0.00899715163 0.0393272452 -0.00753978034
v -0.00899203587 0.0393811055 -0.00610041525
v -0.00901389681 0.0392738283 -0.00751732104
v -0.00908472389 0.0390194692 -0.00747873075
v -0.00921663735 0.038308382 -0.00610042317
v -0.00914938375 0.038735088 -0.00752017274
v -0.00919589587 0.0384756103 -0.00768540148
v -0.00922345743 0.0382417813 -0.00645858701
v -0.0092539452 0.0374400206 -0.00702691451
v -0.00925440993 0.0377835743 -0.00694164727
v -0.0092232395 0.0382849164 -0.0079545062
v -0.009239804 0.0380589738 -0.00673597818
v -0.00923332945 0.0382112749 -0.00826689601
v -0.00922820158 0.0382675901 -0.00857439823
v -0.00926907267 0.0376322456 -0.00955083873
v -0.00920281094 0.0384362862 -0.00956400018
v -0.00922972709 0.0370544903 -0.00697067473
v -0.00925221294 0.0373829827 -0.00703071197
v -0.00910122041 0.0362494737 -0.00610044599
v -0.00914541073 0.0364628285 -0.00610041386
v -0.00914643332 0.0364694893 -0.00621625595
v -0.00916287955 0.0365595259 -0.00651735859
v -0.0090507539 0.0360454284 -0.00745904958
v -0.00904945564 0.036035303 -0.00610040547
v -0.00902596209 0.0359713323 -0.00902548991
v -0.0091792047 0.036657773 -0.00667551765
v -0.00919495337 0.0367631987 -0.00679056533
v -0.00921337213 0.0369041562 -0.00689658383
v -0.00902251434 0.0359686576 -0.00935159344
v -0.00902600866 0.0360106491 -0.00996062905
v -0.00916776806 0.0366680957 -0.0101514896
v -0.00915730093 0.0366244465 -0.0102888234
v -0.00901378691 0.0360331871 -0.0107676592
v -0.0091510741 0.0366077349 -0.0104382625
v -0.00896727666 0.0359582417 -0.011408166
v -0.0088901436 0.0360895135 -0.0123813972
v -0.0089364741 0.0360393785 -0.0120020732
v -0.00908618234 0.0368209928 -0.0121260593
v -0.00891251396 0.0373783037 -0.0130389975
v -0.00899490435 0.0368601643 -0.012610239
v -0.00910107046 0.0377172939 -0.012530718
v -0.00895759277 0.0377686843 -0.012976842
v -0.00878824666 0.0392064527 -0.0119532142
v -0.00860268064 0.0392446443 -0.0126590878
v -0.00909351837 0.0385122001 -0.0119967284
v -0.00876424834 0.0389422029 -0.0127316602
v -0.00886702538 0.0386784598 -0.0127914865
v -0.00889590755 0.0385778174 -0.0128135048
v -0.00901202951 0.0385425463 -0.0124347433
v -0.00891326275 0.0385067947 -0.0128288269
v -0.00896708108 0.0380047709 -0.0129325632
v -0.00807266682 0.0402886681 -0.0118396366
v -0.00776724238 0.0405150689 -0.0122084105
v -0.00829823688 0.0397449583 -0.0125153773
v -0.00850537699 0.0394106992 -0.0126160504
v -0.00763664115 0.0410051644 -0.0112539092
v -0.00781295914 0.0408121534 -0.0112110889
v -0.00800237339 0.0406271368 -0.01104098
v -0.0081663793 0.0406816192 -0.00996586587
v -0.00822965521 0.0405277088 -0.0102305282
v -0.00836669933 0.0404425859 -0.00964716543
v -0.00819749571 0.0403375439 -0.0111411689
v -0.00821871962 0.0404713042 -0.0105250701
v -0.00813680422 0.0405129492 -0.0108070839
v -0.00769576477 0.041338291 -0.00982700102
v -0.0079318285 0.0410843194 -0.00962173659
v -0.00757761206 0.0416115597 -0.00921311043
v -0.00789077207 0.0411076546 -0.00976116583
v -0.00791979674 0.0410697609 -0.00975971576
v -0.00806382392 0.0408608764 -0.00981711689
v -0.00804605801 0.0410103537 -0.0092131095
v -0.00812236499 0.0410753228 -0.00803382415
v -0.00885374192 0.0396173522 -0.00884719845
v -0.00880756136 0.039761398 -0.00856511667
v -0.00871803239 0.0398076698 -0.00963380467
v -0.00891153514 0.0394532159 -0.00900612026
v -0.00920314528 0.0384426415 -0.00884727482
v -0.0091476962 0.0387094878 -0.00903620664
v -0.00899572298 0.0391629599 -0.00960114039
v -0.00905791018 0.0390257016 -0.00911712833
v -0.00905273668 0.0390417799 -0.00911771134
v -0.00898793433 0.0392363891 -0.00910511333
v -0.00893585477 0.0393847562 -0.00904848427
v -0.00925703533 0.0373340137 -0.00968696084
v -0.00925932173 0.0373684205 -0.00968807936
v -0.00925218314 0.0379099175 -0.0109765138
v -0.00925211608 0.0379129909 -0.0109736491
v -0.00916497782 0.0384762585 -0.0111756446
v -0.00924923271 0.0379885882 -0.0108926632
v -0.00924078468 0.0381345637 -0.0106170569
v -0.00924127363 0.0381550118 -0.0103612449
v -0.00925167277 0.0380719714 -0.010107385
v -0.00926408265 0.0379020125 -0.00988917612
v -0.00926916394 0.0376424044 -0.00972893834
v -0.00921012647 0.0371130146 -0.0111556146
v -0.00923449546 0.0373500511 -0.0111863157
v -0.00924936868 0.0376538895 -0.0112022674
v -0.00925012305 0.0376092903 -0.0111535573
v -0.00925286021 0.0378753841 -0.0110068461
v -0.00815623347 0.041104164 -0.00704882061
v -0.00918559823 0.0376837663 -0.0120622842
v -0.00857565552 0.0397592448 -0.0111718494
v -0.00889186282 0.0391845293 -0.011176331
v -0.00858874526 0.0403843485 -0.0060611479
v -0.0081562167 0.0411041416 -0.00515192188
v -0.00833267905 0.0408301912 -0.00525117759
v -0.00847248733 0.0405954123 -0.00546584651
v -0.00855447073 0.0404482856 -0.00573829794
v -0.00918089412 0.0385616198 -0.00325079612
v -0.00921820849 0.0383456275 -0.00347551098
v -0.00920220371 0.0384395644 -0.00263671321
v -0.00719919289 0.0412842855 -0.000428959611
v -0.00760485698 0.0408851057 -0.000492107938
v -0.00747614074 0.0409137532 -0.000199631322
v -0.00836311467 0.0404483974 -0.00255367602
v -0.00792664103 0.0410913602 -0.0025796697
v -0.00804815069 0.0410121381 -0.00301310979
v -0.00746853463 0.0417401977 -0.00300066033
v -0.00746647827 0.0417450517 -0.00301311049
v -0.00822296366 0.0405503884 -0.00202607224
v -0.0082264794 0.0404740721 -0.00173173193
v -0.00819370709 0.0403429084 -0.00106012681
v -0.00815195683 0.0405023731 -0.00143037632
v -0.00800174102 0.0406277068 -0.0011589512
v -0.00762277516 0.0414129831 -0.00231830403
v -0.00752707012 0.0416123606 -0.00270191859
v -0.00769645162 0.0413376279 -0.00237428118
v -0.00789077207 0.0411076508 -0.00243964139
v -0.00803335011 0.0409087315 -0.00240668422
v -0.00815080758 0.0407116264 -0.00226793555
v -0.00781295449 0.0408121943 -0.000989804626
v -0.00806884188 0.0402937718 -0.000362040795
v -0.00763664115 0.0410051607 -0.000946897082
v -0.00801676419 0.0401622131 0.000162726996
v -0.00752318325 0.0411395244 -0.000968675013
v -0.00878641289 0.0392096899 -0.000247805117
v -0.0086005507 0.0392473936 0.000457349437
v -0.00850052293 0.0394167416 0.000413170754
v -0.00880152266 0.0388556197 0.00055031426
v -0.00901105721 0.0385459661 0.000233515224
v -0.00909256935 0.0385156311 -0.000204330339
v -0.00867925119 0.0362193584 0.000934479234
v -0.00887535885 0.0371447913 0.00086234638
v -0.00882732403 0.0361211747 0.000475706533
v -0.00899505243 0.0368609279 0.000409361179
v -0.00888939667 0.0360896401 0.00018051939
v -0.00908632297 0.0368217565 -7.48099555e-05
v -0.00893351808 0.0360452272 -0.000165718797
v -0.00915820152 0.0367888957 -0.000961172802
v -0.00896432996 0.0359582566 -0.000753693748
v -0.00917712506 0.0368394963 -0.00121415791
v -0.00915501919 0.0366668366 -0.00147088396
v -0.00901355688 0.0360330828 -0.00142741867
v -0.00915110763 0.0366078056 -0.00176394661
v -0.00902567524 0.0360122919 -0.00219111657
v -0.00915715657 0.036624264 -0.00191203307
v -0.00916827656 0.036671441 -0.0020571358
v -0.00920109078 0.0368487723 -0.00231362088
v -0.0090226382 0.0359694026 -0.00284934998
v -0.00921304431 0.0369041674 -0.00530416705
v -0.00919441506 0.0367623791 -0.00541100511
v -0.0091920346 0.0367706418 -0.00265104161
v -0.00916226394 0.0365587883 -0.00568550173
v -0.00914650876 0.0364698954 -0.00598033518
v -0.0090508014 0.0360452123 -0.0047549298
v -0.0090278592 0.0359766856 -0.00328907953
v -0.00925351866 0.0374268144 -0.00517279143
v -0.00925221294 0.0373829864 -0.00517009757
v -0.00926909223 0.0376343243 -0.0026499792
v -0.00922922883 0.0370537154 -0.00523070246
v -0.00922554545 0.0382899716 -0.00357455271
v -0.0092318058 0.0382338949 -0.00373087171
v -0.00923193432 0.0382188708 -0.00402328186
v -0.00925475266 0.0377716981 -0.00525356643
v -0.00922889728 0.0382417738 -0.00412970083
v -0.00922064018 0.0383056477 -0.00428901566
v -0.00924085733 0.038047675 -0.00545270368
v -0.00919046532 0.0385096148 -0.00454610633
v -0.00922361761 0.038240511 -0.00573924603
v -0.0091425078 0.0387687311 -0.00469223643
v -0.00908472389 0.0390194692 -0.00472207787
v -0.00900650211 0.0392966121 -0.00467458321
v -0.00892076269 0.0395463891 -0.00450177584
v -0.00878923479 0.0398668908 -0.00426514912
v -0.00891657267 0.0395573862 -0.00449015852
v -0.00807885267 0.0410382785 -0.00341946818
v -0.00845420361 0.0405473039 -0.00424102228
v -0.00920698047 0.0370804332 -0.00105670583
v -0.00923109241 0.0373115502 -0.00101344287
v -0.00925211702 0.0379131399 -0.00122726429
v -0.00925135426 0.0376449712 -0.00105967291
v -0.00924941152 0.0376559831 -0.000998640899
v -0.00923449546 0.0373500474 -0.00101449445
v -0.00926363189 0.0379116796 -0.00230253418
v -0.00924881827 0.0380989313 -0.0020385047
v -0.00926921889 0.0376484394 -0.00246958039
v -0.00923993345 0.0381598547 -0.00176417339
v -0.00924315583 0.0380982943 -0.0014846687
v -0.0091641387 0.0384796523 -0.00102522119
v -0.00924741011 0.0380290449 -0.00136169686
v -0.00923494529 0.0370943546 -0.00247095921
v -0.00925932173 0.0373684168 -0.00251272833
v -0.00899429061 0.0391668193 -0.00259945961
v -0.00905274414 0.0390417762 -0.00308309798
v -0.00911195669 0.0388455763 -0.00311369402
v -0.00884520542 0.0397269763 -0.00422623381
v -0.00884441659 0.0397286192 -0.00422230363
v -0.00880382396 0.0397981778 -0.0039014353
v -0.0087156808 0.0398124494 -0.00256682909
v -0.00881172344 0.0397456475 -0.003588886
v -0.00886611175 0.0395816006 -0.00331024267
v -0.00891154818 0.0394533202 -0.00319455122
v -0.00895025861 0.0393442847 -0.00313237403
v -0.00904209912 0.039075017 -0.00308065373
v -0.00889014639 0.0391879901 -0.00102447334
v -0.00896204729 0.0378573872 0.000757995702
v -0.0089363372 0.0383802727 0.000655931479
v -0.00910114218 0.0377193578 0.000329678762
v -0.0090899989 0.0381303728 0.000283132074
v -0.00918565504 0.0376858488 -0.000138703384
v -0.00917131081 0.038099248 -0.000172565618
v -0.00857306179 0.0397635587 -0.00102907489
v -0.00665473007 0.0412309952 -0.0122767128
v -0.00636291504 0.0416743495 -0.0119157452
v -0.00622896431 0.0417916365 -0.0118158795
v -0.00665646372 0.0417299941 -0.0117141278
v -0.00694868388 0.0413065255 -0.0120728603
v -0.00718305074 0.0412897319 -0.0117971301
v -0.00592135079 0.0421947539 -0.0113821458
v -0.00585714448 0.0423060916 -0.0112390807
v -0.00584204542 0.0423024409 -0.0112449238
v -0.00566470204 0.0425585285 -0.0108668851
v -0.00552023249 0.0428118668 -0.010396638
v -0.00551037677 0.0428104401 -0.0103988796
v -0.00539189391 0.0430588983 -0.00980544556
v -0.00548085524 0.0428626351 -0.0102866851
v -0.00534640858 0.0431281105 -0.00960290059
v -0.00545426738 0.0432462431 -0.00921310857
v -0.00529625453 0.0432449207 -0.00921311229
v -0.0057725315 0.0431713648 -0.0092131095
v -0.00574197434 0.0430440381 -0.00973020308
v -0.00586367771 0.0428103022 -0.0102921398
v -0.00617733831 0.0423371792 -0.0110770157
v -0.00722246151 0.0367147326 -0.0137672042
v -0.00744295912 0.0366224796 -0.013738093
v -0.00766844209 0.0375871398 -0.0136343976
v -0.00407631276 0.0385567434 -0.013840707
v -0.00392446527 0.0380807258 -0.0139264595
v -0.00557787437 0.0373990834 -0.0139108524
v -0.00533886347 0.0410699435 -0.0128019098
v -0.00406146608 0.0407986343 -0.0131969154
v -0.00555772102 0.040575996 -0.0130703999
v -0.00414047763 0.0400077291 -0.0134970052
v -0.00590211013 0.0396204069 -0.0134391626
v -0.00415845122 0.0395596027 -0.0136236511
v -0.00603276817 0.0391196124 -0.0135770859
v -0.00415500067 0.0392602533 -0.0136961434
v -0.00604748679 0.0385595746 -0.0136999013
v -0.00593957305 0.0379173979 -0.0138098001
v -0.00510207098 0.0415683687 -0.0124461483
v -0.00396875292 0.0416615754 -0.0126825031
v -0.00398513395 0.0414819196 -0.0128147136
v -0.00391885685 0.0428489633 -0.0111839212
v -0.00391980214 0.0426649787 -0.0115301162
v -0.00466515729 0.042508103 -0.0113774333
v -0.00392307574 0.0424755327 -0.0118267415
v -0.00486650178 0.0420561247 -0.0119784847
v -0.00392922806 0.0422867164 -0.0120756766
v -0.00394284632 0.0420177914 -0.0123691335
v -0.0045253667 0.0428934433 -0.0106424754
v -0.00391939189 0.0430219434 -0.0107836211
v -0.00443899073 0.0431824736 -0.00983283017
v -0.00392026734 0.0431554541 -0.0104044639
v -0.00438633794 0.0433884151 -0.00896277651
v -0.00392134441 0.0433993787 -0.00943137612
v -0.00435519079 0.0435254835 -0.0080147041
v -0.00391961168 0.043571841 -0.00818150491
v -0.00391706591 0.0436552055 -0.00654082745
v -0.00433892896 0.043599911 -0.007002817
v -0.00391681492 0.0436585806 -0.00610040547
v -0.004712041 0.0435213 -0.0073167556
v -0.00475571398 0.0435565375 -0.00610040594
v -0.00433372939 0.0436189882 -0.00610040873
v -0.004882148 0.0431126058 -0.00952179637
v -0.00484948931 0.0432008468 -0.00921310857
v -0.00447354373 0.043318253 -0.00921311229
v -0.00464346027 0.0434629209 -0.00805863924
v -0.00500237709 0.0428508185 -0.0102402335
v -0.00506829657 0.0427290387 -0.0105068916
v -0.00520620868 0.0425013117 -0.0109304916
v -0.0066820127 0.0405458398 -0.0127980951
v -0.00623139599 0.0411494784 -0.0124202939
v -0.00580122229 0.0416949838 -0.0119594233
v -0.00545913167 0.0421385579 -0.0114630917
v -0.00533341989 0.0423123389 -0.0112261381
v -0.00776541885 0.0381976627 -0.0135506224
v -0.00774110667 0.0386538617 -0.0134661375
v -0.007590055 0.039069429 -0.0133662252
v -0.0071617621 0.0398285799 -0.0131255668
v -0.0069633266 0.0401369482 -0.0129986862
v -0.00246741576 0.0193956606 -0.0136235729
v -0.00252401293 0.0198202226 -0.0137162618
v -0.0017031834 0.0192631427 -0.0137961721
v -0.00272891438 0.0203665067 -0.0137437861
v -0.00185724581 0.0202166345 -0.0139307091
v -0.00176788226 0.0199609771 -0.013918912
v -0.00775555009 0.0393657349 -0.0132375164
v -0.0073919571 0.0401004255 -0.0129367849
v -0.00734112458 0.0401907414 -0.0128933163
v -0.0069647152 0.0407898948 -0.0125672938
v -0.00806765724 0.0385485366 -0.013459377
v -0.00803675316 0.0386679657 -0.0134332078
v -0.00806401018 0.0375602469 -0.0136170452
v -0.0080970563 0.0379483104 -0.0135657554
v -0.00810387358 0.0382087864 -0.013524144
v -0.00790607464 0.036431741 -0.0136977127
v -0.00789191388 0.0363380052 -0.0137028378
v -0.00706554903 0.0351738483 -0.0137926284
v -0.00763178756 0.0351284705 -0.013708448
v -0.00697976165 0.0348725393 -0.0137955509
v -0.00677932519 0.0341795199 -0.0137986774
v -0.0065850243 0.0313716158 -0.0137216188
v -0.00647639949 0.0331047066 -0.0138077373
v -0.00567134516 0.0304391216 -0.01383451
v -0.00572052971 0.0286075454 -0.0137280794
v -0.00498972042 0.0283961631 -0.0138530061
v -0.00568608334 0.0285029765 -0.0137283215
v -0.00470750267 0.027593473 -0.0138615295
v -0.00422062539 0.0243263878 -0.0137368748
v -0.00429323362 0.0264651421 -0.0138738751
v -0.00317205628 0.0214261375 -0.0137443766
v -0.00350865978 0.022335263 -0.0137412772
v -0.00234018499 0.0212652255 -0.0139211817
v -0.00295044552 0.0228593964 -0.0139090084
v -0.00172840827 0.019782519 -0.0139002781
v -0.00255705626 0.0199355762 -0.0137274638
v -0.00269025238 0.0202726033 -0.0137418928
v -0.00246939412 0.0189797059 -0.0134362597
v -0.00246894709 0.0189951677 -0.0134448921
v -0.0017577376 0.0187448282 -0.0136079192
v -0.0024643396 0.0192718934 -0.0135779679
v -0.00246569957 0.0193487797 -0.0136073381
v -0.00247850711 0.0187691487 -0.0133048324
v -0.00184656761 0.0182092302 -0.0132838404
v -0.00249887677 0.0185356122 -0.0131229339
v -0.0018651014 0.0181158166 -0.0132085532
v -0.00252207532 0.0183543041 -0.012948907
v -0.00188617921 0.0180206597 -0.0131237591
v -0.00255831727 0.0181320924 -0.0126829455
v -0.00197962229 0.017730834 -0.012785092
v -0.00258184993 0.0180152152 -0.0125086913
v -0.00203868933 0.0176230017 -0.0125984019
v -0.00210965332 0.0175322555 -0.0123797208
v -0.00262332452 0.0178431161 -0.012176278
v -0.00220102561 0.017451752 -0.0120794298
v -0.00226261769 0.0174154956 -0.0118558314
v -0.00268700672 0.0176759381 -0.0116091976
v -0.00245196465 0.0173538122 -0.0109362043
v -0.00278703822 0.0176190622 -0.0108760912
v -0.00261623319 0.0172969718 -0.00944529474
v -0.00293048588 0.0175715219 -0.00929436553
v -0.00282137445 0.017608583 -0.0106037883
v -0.00264869584 0.0172868799 -0.0089431759
v -0.002703971 0.0172669366 -0.00737155136
v -0.00299945637 0.0175516177 -0.00727650849
v -0.0027119955 0.0172592569 -0.00610041292
v -0.00301006879 0.01755004 -0.00610041246
v -0.00513271475 0.0432291292 -0.00921310857
v -0.00375264534 0.0195976589 -0.00702380668
v -0.00380315771 0.0195826124 -0.0070064757
v -0.00389237865 0.0198736824 -0.00693855667
v -0.00406021858 0.0203227997 -0.00627287384
v -0.00402540714 0.0203351881 -0.00634287763
v -0.00402849494 0.0202953313 -0.00644274196
v -0.00408494845 0.0203134716 -0.0061004092
v -0.00408400409 0.0203143377 -0.00613243505
v -0.00410485361 0.0202821027 -0.00610041106
v -0.00408713846 0.0202284288 -0.00642211828
v -0.00411330769 0.0201471597 -0.00639049895
v -0.00412655249 0.020216411 -0.0061004106
v -0.0041023693 0.020038357 -0.00639262376
v -0.00406725518 0.0200051218 -0.00664275652
v -0.0040518376 0.0198805705 -0.00662341528
v -0.00399965886 0.019791685 -0.00681076013
v -0.00399247231 0.0196895115 -0.0067360769
v -0.00383513048 0.0195730999 -0.00698851375
v -0.00387666863 0.0195607711 -0.00695201522
v -0.00396006182 0.0198333319 -0.00688814651
v -0.00390349096 0.0195528287 -0.00691459049
v -0.00370697118 0.0196112879 -0.00703146262
v -0.00373039907 0.0196042955 -0.00702832034
v -0.00378129026 0.0198544133 -0.00698535005
v -0.0037991195 0.0199113227 -0.00696087768
v -0.00385546032 0.0200883541 -0.00684384909
v -0.00397328474 0.020126896 -0.00674038008
v -0.00388284819 0.0201730896 -0.00675815111
v -0.00398912514 0.0203481037 -0.00637960201
v -0.00394549035 0.0203636345 -0.00639829133
v -0.00391828781 0.0202815365 -0.00659867236
v -0.00394747732 0.0195399802 -0.00675848546
v -0.00403560279 0.0200705696 -0.00670185313
v -0.00412093149 0.0200952999 -0.00610041153
v -0.0037303993 0.0196042992 -0.00517250085
v -0.00370697118 0.0196112841 -0.00516935857
v -0.00379919261 0.0199118275 -0.00523907132
v -0.00375264557 0.0195976608 -0.00517701264
v -0.00389237865 0.0198736843 -0.00526226312
v -0.00380315795 0.0195826162 -0.00519434549
v -0.00383513072 0.0195731036 -0.00521230791
v -0.00396006182 0.0198333301 -0.00531267514
v -0.0038766684 0.0195607673 -0.00524880458
v -0.00399965886 0.0197916795 -0.0053900606
v -0.00390349072 0.0195528269 -0.00528622838
v -0.00400720863 0.0197375659 -0.00548317656
v -0.00394747732 0.0195399784 -0.00544233294
v -0.00410276838 0.0200394876 -0.00581118418
v -0.00411330769 0.0201471634 -0.00581032084
v -0.00408713892 0.0202284306 -0.00577870337
v -0.00402849494 0.020295335 -0.0057580783
v -0.00393993501 0.0203467887 -0.00574854854
v -0.00394549035 0.0203636326 -0.0058025294
v -0.00408400409 0.020314334 -0.00606838567
v -0.00406021858 0.0203227997 -0.00592794642
v -0.0040254076 0.0203351937 -0.00585794216
v -0.0039891256 0.0203481037 -0.00582121732
v -0.00406358438 0.0199176203 -0.00561465323
v -0.00406725518 0.0200051237 -0.00555806328
v -0.00403560279 0.0200705696 -0.00549896806
v -0.00397328474 0.020126896 -0.00546043972
v -0.00388284796 0.0201730859 -0.00544267148
v -0.00365882553 0.019625688 -0.0051688659
v -0.00368262012 0.0197054278 -0.00517398911
v -0.0037719605 0.0199927706 -0.00527601317
v -0.00384771358 0.0202273931 -0.00549152866
v -0.00389806926 0.0203804448 -0.00580818532
v -0.00389826763 0.0203803871 -0.0063926531
v -0.00384775596 0.0202272199 -0.0067093214
v -0.00378067908 0.0200193208 -0.00690796552
v -0.00369142066 0.0197335761 -0.00702210702
v -0.00365882576 0.0196256898 -0.00703195343
v -0.00394183956 0.0203649327 -0.00422108686
v -0.00389461406 0.0203817729 -0.00422391249
v -0.00392245501 0.0203117002 -0.00392446993
v -0.00387484976 0.0203277525 -0.00393373333
v -0.00392238609 0.0203116648 -0.00391498394
v -0.00389119866 0.0203830134 -0.00360869523
v -0.00393853988 0.0203661062 -0.00361034484
v -0.00398989208 0.0202975888 -0.00390408724
v -0.0039899624 0.0202975124 -0.00391900679
v -0.00405008532 0.0203264095 -0.00370809017
v -0.00408319198 0.0203146245 -0.00383822201
v -0.00399876293 0.0202972945 -0.00390407722
v -0.0039589894 0.0203588288 -0.00421998743
v -0.00398850348 0.0203483216 -0.00420765672
v -0.00399883371 0.02029722 -0.00391894625
v -0.00405661156 0.0203240849 -0.00410939287
v -0.00401273509 0.0203396976 -0.00418638811
v -0.00398464035 0.0203496981 -0.00362207973
v -0.00401470345 0.0203390028 -0.00364865805
v -0.00396135962 0.020357985 -0.00361214345
v -0.00389505131 0.0203815848 -0.00433904212
v -0.0038789406 0.0203873161 -0.00247467216
v -0.00380912516 0.0201703645 -0.00276326458
v -0.0042659021 0.0216088351 -0.000615622615
v -0.00449166168 0.0225175675 0.000297610648
v -0.00557132578 0.0251483619 -0.00061562215
v -0.00613790611 0.0269962102 0.000265703944
v -0.00736043788 0.0303452443 -0.000615622208
v -0.00672187516 0.0283866916 -0.000615622557
v -0.00622952776 0.0269626435 -0.000615621859
v -0.0083095599 0.0339089967 0.000214597691
v -0.00875308271 0.0351768248 -0.000615621218
v -0.00880519021 0.035158284 -0.00237852032
v -0.00881143101 0.03515606 -0.00310771936
v -0.00885388069 0.0353151783 -0.00313024549
v -0.00881800149 0.0351537205 -0.00610041339
v -0.0088170208 0.0351540782 -0.00473624142
v -0.00893458351 0.0355947278 -0.00610041013
v -0.00888723321 0.0354196541 -0.00466965232
v -0.00894773472 0.0356512442 -0.00447365129
v -0.0089876838 0.035807021 -0.00417630561
v -0.0089947246 0.0358354561 -0.00405566348
v -0.00899611041 0.0358435437 -0.00385004561
v -0.0089714257 0.0357540399 -0.00353151024
v -0.00891987048 0.0355622694 -0.00327413529
v -0.00857196748 0.0357683711 0.000938877172
v -0.0076419157 0.0315910541 0.000231951431
v -0.00680049509 0.0295639727 0.000931015995
v -0.00778065575 0.0328095667 0.000928148744
v -0.00810199603 0.0339678526 0.000933128933
v -0.00833879318 0.0348536931 0.000941347622
v -0.00834241416 0.0336665511 -0.00061562052
v -0.00595900929 0.0270612687 0.000931227289
v -0.00359539781 0.0202063154 0.000348903879
v -0.00416531926 0.0221332498 0.000937483215
v -0.00567414844 0.0262589585 0.000931841554
v -0.00300744642 0.0192263965 0.000851145945
v -0.00311157131 0.0195519961 0.000937796663
v -0.00311586796 0.0191122871 0.000423347694
v -0.00312660541 0.0195904505 0.000942203216
v -0.00351790222 0.0204909593 0.000954004761
v -0.00294770766 0.0183361806 -1.87095793e-05
v -0.00292183505 0.018540889 0.00032561805
v -0.00292098173 0.0186501965 0.000455110363
v -0.0029354908 0.0188433733 0.000629826973
v -0.00297087966 0.0190634672 0.00077260239
v -0.00332313124 0.0190651156 -0.000721650023
v -0.00301892986 0.018196499 -0.000540247886
v -0.00295406091 0.0183121245 -7.5196207e-05
v -0.00338167045 0.0190156605 -0.00151312351
v -0.00338270213 0.018981725 -0.00167884969
v -0.0031435003 0.0181476697 -0.00152648962
v -0.00345471641 0.0190529171 -0.00273074443
v -0.00325366366 0.0181181971 -0.00330755627
v -0.00343477586 0.0190683398 -0.00213412009
v -0.00339167006 0.0189806316 -0.00182504719
v -0.0034453515 0.018830752 -0.00610041153
v -0.00336328382 0.018462101 -0.00610041199
v -0.0034455657 0.0188319106 -0.00604532985
v -0.00329879858 0.0181069337 -0.00610041106
v -0.00346421101 0.0189115107 -0.00569191668
v -0.00350959389 0.0190932788 -0.00540813059
v -0.00357863819 0.0193494745 -0.00522676716
v -0.00340960431 0.0191702116 -0.00122859667
v -0.00347118685 0.0193923246 -0.00105698558
v -0.00381444651 0.0204102676 -0.000615623372
v -0.0037859811 0.0202082638 -0.00143002206
v -0.00373629341 0.0201727618 -0.000783782103
v -0.00370921474 0.0200321414 -0.00117558637
v -0.0036292579 0.0198354311 -0.00104826223
v -0.00355349225 0.0196333509 -0.0010158543
v -0.00350457197 0.0194948651 -0.00102372596
v -0.00350181502 0.01925545 -0.00237756153
v -0.00357814133 0.0194873884 -0.00249881111
v -0.00362298335 0.0196265988 -0.00251041795
v -0.00369816669 0.0198587812 -0.00247100601
v -0.00376820425 0.0200775675 -0.00230808835
v -0.00381541112 0.020232752 -0.00204218784
v -0.00382346613 0.0202807579 -0.00173548993
v -0.00381009839 0.0202587303 -0.00157770189
v -0.00393853988 0.0203661062 -0.00859047472
v -0.00389112462 0.0203830209 -0.00859213248
v -0.00392238609 0.0203116667 -0.00828583725
v -0.00387489819 0.0203275513 -0.00828216039
v -0.00392245501 0.0203117002 -0.00827634893
v -0.00387495267 0.0203275904 -0.00827528257
v -0.00389459124 0.0203817654 -0.00797690079
v -0.0039418391 0.0203649271 -0.0079797348
v -0.00398996286 0.0202975161 -0.0082818158
v -0.00405661156 0.0203240868 -0.00809142739
v -0.00399883371 0.02029722 -0.00828187261
v -0.00401272811 0.020339705 -0.00801443309
v -0.00398850348 0.0203483216 -0.00799316261
v -0.0039589894 0.0203588307 -0.0079808319
v -0.00399876339 0.0202972945 -0.00829673652
v -0.00398464035 0.0203496981 -0.00857874006
v -0.00398989255 0.0202975962 -0.0082967272
v -0.00396135962 0.0203579832 -0.00858867541
v -0.00408319198 0.0203146245 -0.00836259872
v -0.00405008579 0.0203264114 -0.00849272776
v -0.00401470345 0.0203390028 -0.00855215732
v -0.00348825613 0.0192156266 -0.00986033399
v -0.00342851225 0.0190533772 -0.0100987852
v -0.00345471641 0.019052919 -0.00947008003
v -0.00342141255 0.0202726033 -0.013159859
v -0.00359539781 0.0202063192 -0.0125497254
v -0.00449166214 0.0225175768 -0.01249843
v -0.00346359657 0.0189091992 -0.00650400436
v -0.0035084968 0.0190891474 -0.00678829895
v -0.0038091254 0.0201703701 -0.00943755824
v -0.00388306705 0.0203858502 -0.00943292212
v -0.00357729429 0.0193446651 -0.00697223749
v -0.00325341988 0.0181174409 -0.00891415495
v -0.00344556733 0.0188316703 -0.00614974368
v -0.0031442598 0.0181484409 -0.0106636314
v -0.00292388583 0.0185039733 -0.0124756256
v -0.00294835772 0.0183368661 -0.0121817337
v -0.00332313147 0.0190651212 -0.0114791738
v -0.00296342536 0.0182844084 -0.0120531097
v -0.00303246872 0.0181816258 -0.0115626622
v -0.00292092143 0.0186500531 -0.0126560768
v -0.00311586098 0.0191122983 -0.0126241706
v -0.00293032848 0.0187967848 -0.0127937486
v -0.00297064008 0.019063456 -0.0129735284
v -0.00337451766 0.0201661456 -0.013160619
v -0.00310396845 0.0195319075 -0.0131378034
v -0.00299218483 0.0191635061 -0.01302421
v -0.00781730749 0.0329320617 -0.0131301498
v -0.00686313445 0.0297627226 -0.0131344628
v -0.0076419157 0.0315910578 -0.0124327652
v -0.00595783768 0.0270616729 -0.0131356148
v -0.00613790657 0.0269962158 -0.0124665201
v -0.00571831362 0.0263851658 -0.0131355496
v -0.00401398959 0.0217175037 -0.0131405555
v -0.00837805495 0.034974955 -0.0131263733
v -0.00810347032 0.0339674018 -0.0131289577
v -0.00830955245 0.0339090005 -0.0124154091
v -0.00875143707 0.0351774134 -0.0116106002
v -0.00876871776 0.0351712592 -0.0112980315
v -0.00880431943 0.0351585932 -0.00989384018
v -0.00880814623 0.0351572298 -0.00953715295
v -0.00881140959 0.0351560712 -0.00909308996
v -0.00899726991 0.0358463861 -0.00828127004
v -0.00887650624 0.0353994817 -0.00903652888
v -0.00893866643 0.0356318988 -0.00885527395
v -0.00898098852 0.0357887484 -0.00858960394
v -0.00898412243 0.0357922018 -0.00798059255
v -0.00894081127 0.0356239602 -0.00769473612
v -0.00888538547 0.035412129 -0.00752735278
v -0.00881699193 0.0351540819 -0.00746473251
v -0.00769903883 0.0314501263 -0.011610602
v -0.0066739223 0.0282498915 -0.0116106002
v -0.00634990865 0.0273093507 -0.0116106002
v -0.00485251844 0.0232205205 -0.011610603
v -0.00458186073 0.0224833824 -0.011610603
v -0.00390036055 0.0206384491 -0.011610602
v -0.00381266861 0.0204109009 -0.0116106039
v -0.00369798392 0.0198585857 -0.00972976629
v -0.00369534735 0.0198504161 -0.00972632319
v -0.0036229759 0.0196266025 -0.00969040394
v -0.00356300292 0.019440284 -0.00971577875
v -0.00338984956 0.0189791732 -0.0103975721
v -0.00338302599 0.0190293342 -0.0107273925
v -0.00341507234 0.019192826 -0.0109974928
v -0.00347127626 0.01939312 -0.0111440755
v -0.00362420664 0.0198218618 -0.0111574503
v -0.00373629341 0.0201727636 -0.0114170406
v -0.00355349248 0.0196333546 -0.0111849671
v -0.00347810588 0.0194148608 -0.0111531606
v -0.00371408695 0.0200437177 -0.0110139502
v -0.00378782046 0.0202127267 -0.0107611883
v -0.00386040076 0.0203939136 -0.010582027
v -0.00382348988 0.0202807859 -0.0104647987
v -0.00381564209 0.0202335436 -0.0101608252
v -0.00376903056 0.0200801957 -0.00989571679
v 0.00306482473 0.00378923886 -0.00475041382
v 0.00306482473 0.00378923886 -0.00360041438
v 0.00222352264 0.00429110462 -0.00475041429
v 0.00203190488 0.00440542027 -0.00360041368
v 0.00222352264 0.00429110415 -0.00745041575
v 0.00203190488 0.00440541981 -0.00860041473
v 0.00306482473 0.0037892384 -0.00745041482
v 0.00306482473 0.0037892384 -0.00860041473
v 0.00222033728 0.00433224626 -0.00745041529
v 0.00222033705 0.00433224719 -0.00475041382
v 0.00305223744 0.00381225185 -0.00475041382
v 0.00306358747 0.00380519708 -0.00475041568
v 0.00305223768 0.00381225138 -0.00745041482
v 0.00306358747 0.00380519615 -0.00745041482
v 0.00306358747 0.00380519684 -0.00360041438
v 0.00306358747 0.00380519638 -0.00860041659
v 0.0029678389 0.0038647363 0.00204159436
v 0.00296788267 0.00386475516 0.00194115029
v 0.00298493006 0.00700600632 0.00199787947
v 0.00296768313 0.0103534022 0.00185298081
v 0.00293514621 0.0155766057 0.00189266342
v 0.00292933569 0.0153332092 0.00189551141
v 0.00292523601 0.0150779244 0.0017991506
v 0.00293284818 0.0137611283 0.0019141084
v 0.00296096504 0.011135038 0.00184354407
v 0.00295410096 0.0120552722 0.00193305919
v 0.00297669205 0.0090645561 0.00196975842
v 0.00293543003 0.0155765992 0.00179322669
v 0.00298301736 0.0164337121 0.00178189005
v 0.00301531935 0.0167767331 0.00187829835
v 0.00313813542 0.0175923929 0.00176163553
v 0.00313973287 0.0175998397 0.00186522282
v 0.00313972682 0.0175998192 0.00176150096
v 0.00314758345 0.0176401976 0.00186444842
v 0.00321664335 0.0179621931 0.00185754267
v 0.00338509679 0.0185848847 0.00173534476
v 0.00350407325 0.0189416166 0.00182353507
v 0.00364770344 0.0193182267 0.00170302822
v 0.00364778168 0.019318426 0.00180353748
v 0.0036989192 0.0194421932 0.0016957504
v 0.00389952841 0.0198909119 0.00176265277
v 0.0039108335 0.0199147612 0.00166164665
v 0.00413206965 0.0203599874 0.00161803002
v 0.00447351532 0.0209889058 0.00163144141
v 0.00446613505 0.0209758542 0.00153288897
v 0.00464987243 0.0212956332 0.00157656823
v 0.00560288876 0.0228414591 0.000967521337
v 0.00598494476 0.0234315954 0.0006114227
v 0.00591880968 0.0233301818 0.000803017814
v 0.00457454287 0.0211659949 0.0014988028
v 0.00464947708 0.0212949626 0.00147425628
v 0.00503683882 0.0219409168 0.00142362807
v 0.00516047841 0.022141153 0.00125441153
v 0.00549810985 0.0226775166 0.00115909358
v 0.0056700767 0.022946056 0.00102951005
v 0.00684421789 0.0247297231 -0.000926831213
v 0.00683625787 0.0247178301 -0.000697331852
v 0.0066157314 0.0243873987 -0.000360677077
v 0.00656976085 0.0243183207 -0.000100656325
v 0.00631390093 0.0239323359 0.000184967794
v 0.00627420517 0.0238722079 0.000379277248
v 0.00614929665 0.0236824844 0.000543862523
v 0.00703149056 0.0250091683 -0.00155994704
v 0.00706970273 0.0250660814 -0.00143319077
v 0.00691515021 0.0248356797 -0.000917674392
v 0.00734051503 0.0254684873 -0.00343074952
v 0.00734338118 0.0254727397 -0.00286190817
v 0.00720855035 0.0252725855 -0.00241959072
v 0.0072581172 0.0253462028 -0.00230213301
v 0.00717007695 0.0252154134 -0.00185141247
v 0.00745386817 0.0256365594 -0.00610040501
v 0.00752028404 0.0257348213 -0.0061004064
v 0.00742587633 0.0255950112 -0.00468352949
v 0.0074784779 0.0256729312 -0.00441102963
v 0.00739092194 0.0255432222 -0.00326388073
v -0.00782273896 0.0413285047 -0.0110353688
v -0.00787404738 0.0412642658 -0.0110522518
v -0.00811492279 0.041112829 -0.0105682127
v -0.00792063214 0.0414641537 -0.0101517029
v -0.00779862795 0.0415730439 -0.0102877878
v -0.00769356359 0.0416242704 -0.0105320886
v -0.00767049985 0.0415834151 -0.0107582631
v -0.00771870837 0.0414775647 -0.0109318206
v -0.00793434121 0.0414500535 -0.0101409508
v -0.00808600523 0.0412758514 -0.0100813368
v -0.00818840228 0.0411363915 -0.0101061091
v -0.00828136597 0.0409802608 -0.0102322046
v -0.00831591804 0.0408925153 -0.0103934733
v -0.00829177815 0.0408638939 -0.0106307017
v -0.00789260119 0.0412417985 -0.0110549796
v -0.00789419841 0.0412399396 -0.0110549862
v -0.00791222788 0.0412190296 -0.0110546313
v -0.00803723931 0.0410804413 -0.0110192094
v -0.00819600467 0.0409295075 -0.0108533492
v -0.00787604414 0.0410388336 -0.0112412591
v -0.00797012914 0.0409394912 -0.0112009076
v -0.00781913195 0.0411578305 -0.0112274401
v -0.00805757474 0.0412405618 -0.00987617951
v -0.00807361957 0.0412553549 -0.00991712324
v -0.00821415242 0.0410574861 -0.00995258708
v -0.00821368303 0.0411014669 -0.0100368327
v -0.00808769464 0.0412719063 -0.0100052031
v -0.00830516126 0.0409490578 -0.0101584904
v -0.00811339635 0.0411156826 -0.00984508544
v -0.00802352931 0.0412117392 -0.00982673839
v -0.00801133271 0.0410257466 -0.00977441669
v -0.00792996958 0.0411378555 -0.00976877846
v -0.00794162229 0.0411468521 -0.00977291632
v -0.00809297897 0.040700376 -0.0110530984
v -0.00818262901 0.0405361168 -0.0107990876
v -0.00823135767 0.0405818075 -0.0108070113
v -0.00826255791 0.0404997654 -0.0105116749
v -0.00831135549 0.040544942 -0.0105222519
v -0.00827010721 0.0405608527 -0.0102249775
v -0.00781593472 0.0409818217 -0.0112625677
v -0.00786482822 0.0408330522 -0.0112154754
v -0.00791449938 0.0408779681 -0.011220674
v -0.00804398675 0.040654771 -0.0110470727
v -0.00772392377 0.0410812907 -0.0112708155
v -0.00770994881 0.0410694666 -0.0112712989
v -0.00767312059 0.0410375968 -0.0112651326
v -0.00784623437 0.0411779247 -0.0111992583
v -0.00818873383 0.0410045832 -0.00988170598
v -0.0083182957 0.0408824682 -0.010092238
v -0.00835064519 0.0408419855 -0.0103411702
v -0.00831922423 0.0406049527 -0.0102386167
v -0.00825944077 0.0407472812 -0.00999572594
v -0.0083593661 0.0406771749 -0.010265979
v -0.00835132413 0.0406204872 -0.0105353398
v -0.00836244971 0.0407081097 -0.0105468119
v -0.00827406347 0.0406561121 -0.0108062113
v -0.00829090644 0.0407405756 -0.0107936747
v -0.00814104266 0.040769618 -0.0110407248
v -0.00816842448 0.0408441201 -0.0110076936
v -0.00801179279 0.0409994647 -0.011154199
v -0.00803451147 0.0410506614 -0.0110863363
v -0.00817187689 0.0409148149 -0.0109580876
v -0.00827984791 0.0408247523 -0.0107709458
v -0.00834326539 0.0407968499 -0.0105552366
v -0.00837033615 0.040759638 -0.0103016375
v -0.00830232352 0.0408122204 -0.0100356312
v -0.00814061146 0.0409493409 -0.00983296987
v -0.00806196593 0.0410660021 -0.00979404338
v -0.00797981955 0.0411766581 -0.00979141332
v -0.00778556755 0.0411317386 -0.0112512503
v -0.00820972491 0.0407044888 -0.00997908227
v -0.00786404312 0.0411905125 -0.0111749116
v -0.00809034426 0.0409082882 -0.00981406774
v -0.00817519985 0.0408634283 -0.00987063535
v -0.00797254592 0.0413984656 -0.00998541806
v -0.00793460384 0.041389741 -0.00990642235
v -0.00784746185 0.0415160544 -0.0100234943
v -0.00781422853 0.0415182486 -0.00998594891
v -0.00778166018 0.0415124595 -0.00995663181
v -0.00788545143 0.0413641855 -0.0098508317
v -0.00775147183 0.0415016152 -0.00993461441
v -0.0077973092 0.0413029529 -0.00980161037
v -0.00773750525 0.0413683355 -0.00983418152
v -0.00768814515 0.0414657518 -0.00990086515
v -0.00766037311 0.0414450131 -0.00989101548
v -0.00752793159 0.0415622033 -0.0100366669
v -0.00780112436 0.0415308885 -0.00999670476
v -0.00785090961 0.041525647 -0.0100632254
v -0.00772484997 0.0416338071 -0.0102127576
v -0.00761634996 0.0416929722 -0.0104362583
v -0.00756723341 0.041684974 -0.0106470725
v -0.00757032633 0.0416221693 -0.0108453482
v -0.00762230763 0.0415152013 -0.011009722
v -0.00771395117 0.041379068 -0.011121924
v -0.00784306601 0.0412730835 -0.0111005073
v -0.00757942162 0.0413321778 -0.0112041552
v -0.00766441273 0.0412452668 -0.0112409629
v -0.00774708809 0.0412735194 -0.0112002455
v -0.00755880028 0.0411725566 -0.0112441722
v -0.00748617807 0.0412644669 -0.0112042762
v -0.00740830647 0.041374173 -0.0111236842
v -0.0074701719 0.0414933152 -0.0110695278
v -0.0073725488 0.0414310768 -0.0110648032
v -0.00740810484 0.0416204482 -0.0108733252
v -0.0073178648 0.0415377542 -0.010909413
v -0.00734232366 0.0414852314 -0.0109948628
v -0.00730382279 0.0416402183 -0.0106218075
v -0.00729948934 0.0416003019 -0.0107689099
v -0.00730871409 0.0415624939 -0.0108605837
v -0.00740421982 0.0416960195 -0.0106373047
v -0.00746245589 0.0417073593 -0.010386819
v -0.00737877795 0.0416501574 -0.0103160115
v -0.00759110088 0.041639477 -0.0101215774
v -0.00749644777 0.041585505 -0.0100826155
v -0.00774034671 0.0415125526 -0.00994422659
v -0.00766096404 0.0416505635 -0.0101629933
v -0.00754019292 0.0417152643 -0.0104114832
v -0.00748549914 0.0417054854 -0.0106459511
v -0.00748900697 0.0416351743 -0.0108666485
v -0.00754703023 0.0415161699 -0.011049848
v -0.00764925824 0.0413650349 -0.011175219
v -0.0077940193 0.0412781946 -0.0111595113
v -0.00770420022 0.0411786363 -0.0112560969
v -0.00761404634 0.0411060043 -0.0112598697
v -0.00776549289 0.0412202924 -0.0112234699
v -0.00781849306 0.0412484482 -0.0111646578
v -0.00780136976 0.0415709652 -0.00191707851
v -0.00792063214 0.04146415 -0.00204910408
v -0.00811492186 0.0411128215 -0.00163259683
v -0.0076988982 0.0416238494 -0.00168798945
v -0.0076702754 0.041585397 -0.00144825992
v -0.00771368528 0.0414860621 -0.0012785102
v -0.00781827699 0.0413343646 -0.00116781262
v -0.00787404738 0.0412642583 -0.0011485538
v -0.0079122344 0.0412190221 -0.0011461745
v -0.00793525577 0.0414491892 -0.00206065341
v -0.00808600523 0.041275844 -0.00211947085
v -0.00819739141 0.0411218144 -0.00208923197
v -0.00827643927 0.0409898162 -0.00197979016
v -0.00804125797 0.0410777219 -0.0011831366
v -0.00819308218 0.0409318171 -0.00134437985
v -0.00829331763 0.04086392 -0.00157956756
v -0.00831603445 0.0408864617 -0.00178112893
v -0.00826255791 0.040499758 -0.00168913393
v -0.00831135549 0.0405449346 -0.00167855457
v -0.00831922423 0.0406049527 -0.0019621884
v -0.00830516871 0.0409490503 -0.0020423173
v -0.00835064519 0.0408419818 -0.00185963663
v -0.00808148924 0.0412630253 -0.00225712056
v -0.00821368303 0.0411014557 -0.00216397503
v -0.00834327284 0.0407968462 -0.00164556922
v -0.00803451147 0.0410506576 -0.0011144696
v -0.00801179279 0.0409994572 -0.00104660867
v -0.00784872565 0.0411796309 -0.00100567017
v -0.00788823981 0.0412058979 -0.00107620622
v -0.00781593472 0.0409818105 -0.00093823974
v -0.00772369979 0.0410808846 -0.000932908326
v -0.007787643 0.0411333479 -0.000951324124
v -0.00769202691 0.041053921 -0.000933198957
v -0.00786482822 0.0408330448 -0.000985329971
v -0.00767312804 0.041037593 -0.000935677206
v -0.00791449845 0.0408779606 -0.000980131561
v -0.00809297897 0.0407003686 -0.00114770676
v -0.0080439942 0.0406547636 -0.0011537337
v -0.00827011466 0.040560849 -0.00197583134
v -0.0082605537 0.0407484844 -0.00220445055
v -0.00820972584 0.0407044888 -0.00222172355
v -0.00806328375 0.0410671383 -0.00240592612
v -0.00798095297 0.0411774293 -0.00241206144
v -0.00796763599 0.0411669649 -0.00241944846
v -0.00805755891 0.0412405394 -0.00232465751
v -0.00818873383 0.0410045795 -0.00231910287
v -0.00821415242 0.0410574824 -0.00224822084
v -0.00800633989 0.0411976911 -0.00239300472
v -0.00803265162 0.0412192568 -0.0023645442
v -0.00811339542 0.0411156751 -0.00235571945
v -0.00827984791 0.0408247523 -0.00142986188
v -0.00836244971 0.0407081023 -0.0016539956
v -0.00837033615 0.0407596342 -0.00189917174
v -0.0083182957 0.0408824608 -0.00210856902
v -0.00817187782 0.0409148149 -0.00124272087
v -0.00829091389 0.0407405682 -0.00140713074
v -0.00835132506 0.0406204872 -0.00166546926
v -0.00835937262 0.0406771675 -0.00193483033
v -0.00830232352 0.0408122167 -0.00216517737
v -0.00816842355 0.0408441164 -0.00119311712
v -0.00827406347 0.0406561121 -0.0013945956
v -0.00814188831 0.0409505479 -0.00236703688
v -0.00818262901 0.0405361131 -0.00140172103
v -0.0082313586 0.0405818112 -0.00139379618
v -0.00787604414 0.0410388298 -0.000959546887
v -0.00814104266 0.0407696143 -0.00116008322
v -0.00797012914 0.0409394838 -0.000999900745
v -0.00781913288 0.0411578305 -0.000973368762
v -0.00809034426 0.0409082845 -0.00238673785
v -0.00817519985 0.0408634283 -0.00233017048
v -0.00801133271 0.0410257354 -0.00242639123
v -0.00792996958 0.0411378555 -0.00243202737
v -0.00755879981 0.0411725454 -0.000956633885
v -0.00770419976 0.0411786325 -0.000944712083
v -0.00776549289 0.041220285 -0.000977335847
v -0.00781849306 0.0412484407 -0.00103615085
v -0.0076718214 0.0412498973 -0.000964024803
v -0.00772398571 0.0412695296 -0.000987481442
v -0.0077576628 0.0412764587 -0.00101026928
v -0.00785578974 0.0412700288 -0.00111903669
v -0.00768825272 0.041465003 -0.00229896419
v -0.00775138941 0.0415008031 -0.00226537883
v -0.00774033926 0.0415125489 -0.00225657946
v -0.00778097473 0.0415115431 -0.00224392186
v -0.0075252275 0.0415645465 -0.00216090726
v -0.00766037358 0.0414450131 -0.00230979221
v -0.00759110088 0.041639477 -0.00207922771
v -0.00749633135 0.0415858217 -0.0021183521
v -0.00746245589 0.0417073518 -0.00181398424
v -0.00737707876 0.0416507199 -0.00187962793
v -0.00740421936 0.041696012 -0.00156350038
v -0.0073033995 0.0416390561 -0.00157259102
v -0.00729964301 0.0416005068 -0.0014318286
v -0.00740810484 0.0416204445 -0.00132748228
v -0.00730904238 0.0415626243 -0.00134019309
v -0.00731929718 0.0415354781 -0.00128715194
v -0.0074701719 0.0414933078 -0.00113128009
v -0.00737329712 0.0414311104 -0.00113629585
v -0.00757942162 0.0413321778 -0.000996652525
v -0.00748616224 0.0412648506 -0.000995867769
v -0.00740741519 0.0413766466 -0.00107950473
v -0.00764925824 0.0413650312 -0.00102558697
v -0.00771395117 0.0413790606 -0.001078884
v -0.00762230763 0.0415151939 -0.00119108381
v -0.00757032633 0.0416221656 -0.00135545677
v -0.00784775708 0.0415154472 -0.00217635231
v -0.00785090961 0.0415256396 -0.00213757949
v -0.00772484997 0.0416338034 -0.0019880489
v -0.00761634996 0.0416929647 -0.00176454906
v -0.00756723294 0.0416849665 -0.00155373174
v -0.00754703023 0.0415161625 -0.00115095871
v -0.00748900743 0.0416351706 -0.00133415905
v -0.00748549914 0.0417054817 -0.00155485386
v -0.00754019292 0.0417152569 -0.00178932003
v -0.00766096404 0.0416505598 -0.00203781156
v -0.00780111691 0.0415308848 -0.00220410014
v -0.00781386252 0.0415175743 -0.00221451139
v -0.00793458149 0.0413897298 -0.00229441375
v -0.00773769105 0.0413681827 -0.00236672326
v -0.00787390769 0.0413570069 -0.00235919189
v -0.00744867744 0.0415597185 -0.00211108569
v -0.00731516536 0.0416228957 -0.00181416294
v -0.00726368045 0.0415870175 -0.00150915282
v -0.00730100926 0.0414635912 -0.00123611023
v -0.00741617614 0.041278217 -0.00103749253
v -0.00597418332 0.0430647843 -0.00301310886
v -0.00670065638 0.0424978882 -0.00301311072
v -0.00605169171 0.0428895988 -0.00247639092
v -0.00679515256 0.0423583239 -0.00274100015
v -0.00696979696 0.0420292877 -0.00204811851
v -0.00620899443 0.0426066555 -0.0018502539
v -0.00611145888 0.0427741483 -0.00219340646
v -0.0067555611 0.0418550298 -0.000874146295
v -0.00722523592 0.0416088812 -0.00145283737
v -0.00644037733 0.0422651432 -0.00131895521
v -0.00637249742 0.0423595197 -0.00144721172
v -0.00815356057 0.0385731421 -0.0134424567
v -0.00819045678 0.0379436947 -0.0135565586
v -0.00841497257 0.0394115001 -0.0128050512
v -0.0080365669 0.0400886461 -0.0124707958
v -0.00872691162 0.0386833437 -0.0130512211
v -0.0088001471 0.0382748507 -0.0131452493
v -0.00880440511 0.0378750749 -0.0132185696
v -0.00837260485 0.0367300399 -0.0135505125
v -0.00846188422 0.0362885036 -0.0134435678
v -0.00864317175 0.0366539843 -0.0133145722
v -0.00864575338 0.0362317488 -0.0132036172
v -0.00805517565 0.036807701 -0.0136676235
v -0.00819578022 0.036360316 -0.0136231566
v -0.0079057049 0.0392423905 -0.0132619236
v -0.00755673042 0.039968811 -0.0129766008
v -0.00715050707 0.0406511761 -0.0126258433
v -0.00873979181 0.0372454971 -0.0132904304
v -0.00852017291 0.0379169919 -0.0134475091
v -0.00741438754 0.0407226942 -0.0124085266
v -0.00782219227 0.0400650986 -0.0127712507
v -0.00818367861 0.0393559374 -0.0130864903
v -0.00846338831 0.0386469625 -0.0133044487
v -0.00851997361 0.0382843837 -0.0133830691
v -0.00352872023 0.0188153051 -0.00610041106
v -0.00361220515 0.0188196469 -0.00610041013
v -0.0036117814 0.0188802797 -0.00643937988
v -0.0037026396 0.018858131 -0.00610041013
v -0.00374834542 0.0189030059 -0.0061004106
v -0.00376188289 0.0189562999 -0.00638173101
v -0.00378168467 0.0189586431 -0.00610041013
v -0.00378814549 0.0189734008 -0.00610041013
v -0.00368214725 0.0188449249 -0.0061004106
v -0.00369729544 0.0189059246 -0.00641416991
v -0.00373813789 0.019065788 -0.00669146422
v -0.00350347068 0.0188595746 -0.00639645709
v -0.00349393371 0.0188190769 -0.0061004106
v -0.00351156038 0.0188168287 -0.00610041013
v -0.00365513866 0.0190525316 -0.00673749112
v -0.00355249806 0.0190579109 -0.00676830951
v -0.00372290239 0.0193042532 -0.00693512056
v -0.003674682 0.0193115957 -0.00695468532
v -0.00362689677 0.0193349589 -0.00697420631
v -0.00385608734 0.0193079542 -0.00680181757
v -0.00380142941 0.0192994885 -0.00687947962
v -0.00388537184 0.0193253178 -0.00670285011
v -0.00379874697 0.0190980323 -0.00663080858
v -0.00382743729 0.0191149097 -0.00651387218
v -0.00379719958 0.0190003514 -0.0062312223
v -0.00379419024 0.018988857 -0.00610041199
v -0.00380142941 0.0192994885 -0.00532134017
v -0.00373813813 0.0190657917 -0.00550935697
v -0.00365513866 0.0190525334 -0.00546332914
v -0.00350347022 0.018859569 -0.00580436271
v -0.00379719934 0.0190003477 -0.00596960029
v -0.00376188289 0.0189563036 -0.00581908878
v -0.0037987472 0.019098036 -0.00557001261
v -0.00385608734 0.0193079561 -0.00539900362
v -0.00382743706 0.0191149078 -0.00568694901
v -0.00388537184 0.0193253178 -0.00549796876
v -0.00372290215 0.0193042513 -0.00526569923
v -0.003674682 0.0193115938 -0.00524613634
v -0.00362689677 0.0193349589 -0.00522661489
v -0.00361178117 0.0188802779 -0.00576144038
v -0.00369729544 0.0189059265 -0.00578665081
v -0.0035524983 0.0190579128 -0.00543250982
v -0.00347550586 0.0188503191 -0.00633620797
v -0.00350521295 0.0189736541 -0.00664356537
v -0.00355688902 0.0191739816 -0.00687237689
v -0.00361813884 0.0193968099 -0.00699550472
v -0.00347550632 0.0188503247 -0.00586461369
v -0.00350521272 0.0189736504 -0.00555725582
v -0.00355688878 0.019173976 -0.0053284443
v -0.00361813861 0.0193968061 -0.00520531647
v -0.00910181738 0.0350588225 -0.00446256343
v -0.00910033379 0.0350532457 -0.00446254853
v -0.00909899455 0.0350537188 -0.00392019982
v -0.00915057305 0.0352429859 -0.00441517914
v -0.009195772 0.0354153328 -0.00426377822
v -0.0092217261 0.0355167091 -0.00402722927
v -0.00922356173 0.0355256237 -0.00388182723
v -0.009096778 0.0350545086 -0.00337646669
v -0.00910849031 0.035098549 -0.00337888021
v -0.00915819965 0.0352846831 -0.00344851799
v -0.00920428429 0.0354559198 -0.00363943423
v -0.0090966681 0.0350545496 -0.00336518628
v -0.00910007302 0.0350608453 -0.00450225221
v -0.00913745537 0.0352017134 -0.00447879545
v -0.0089315651 0.0353906043 -0.00467772176
v -0.00891548488 0.0353296064 -0.00470356829
v -0.00897857081 0.0353105627 -0.00469578663
v -0.00886446796 0.035137184 -0.00473644817
v -0.00891412422 0.0351195149 -0.00473174779
v -0.00891851354 0.035117954 -0.00473064603
v -0.0089267157 0.0351150297 -0.00472827675
v -0.00897160266 0.0355432853 -0.00457431609
v -0.00903416798 0.0355222672 -0.00456778007
v -0.00900135376 0.0356576815 -0.00444831233
v -0.00908306707 0.0357109867 -0.00432096561
v -0.00901865587 0.0357247703 -0.00434220629
v -0.00910597201 0.0358020216 -0.00403444562
v -0.00904131774 0.0358142518 -0.00409998
v -0.00910164881 0.0357897319 -0.00373659586
v -0.00903993379 0.0358140543 -0.0037389237
v -0.00901059154 0.0357064232 -0.00346646621
v -0.00907018594 0.0356742069 -0.00345458277
v -0.00899442937 0.035646379 -0.00337841175
v -0.00901811011 0.0354800634 -0.00323968427
v -0.00896300655 0.0355291814 -0.00325617706
v -0.00896875747 0.0352952406 -0.00314199296
v -0.00890556537 0.0353141278 -0.00313487812
v -0.00892207678 0.0351166837 -0.00311502535
v -0.00885892194 0.0351391584 -0.00310735963
v -0.00889163278 0.0352618992 -0.00312058604
v -0.00903497636 0.0350765064 -0.0031955149
v -0.00898161717 0.0350954905 -0.00314446655
v -0.0090523744 0.0352591835 -0.00318995956
v -0.00907778461 0.03506127 -0.00327141327
v -0.00906517822 0.0350657552 -0.00324294926
v -0.00910707563 0.0352228805 -0.00326572126
v -0.00917770155 0.0353546627 -0.00438647019
v -0.00921312626 0.035490945 -0.00420843204
v -0.0092297392 0.0355566442 -0.00400166446
v -0.00922661275 0.0355477296 -0.00378658436
v -0.00920384191 0.0354642794 -0.0035828054
v -0.00916615129 0.035324052 -0.00342742773
v -0.00913045742 0.0351905487 -0.00335673708
v -0.00914854649 0.0353780985 -0.00334784249
v -0.00919233542 0.035541147 -0.00352840126
v -0.00921879243 0.0356381685 -0.00376526336
v -0.00922241621 0.0356485099 -0.00401532277
v -0.00920313597 0.035572093 -0.00425577816
v -0.00916199107 0.0354136154 -0.00446285727
v -0.00911523961 0.0352357998 -0.00457024574
v -0.00907180738 0.0350720622 -0.00459752185
v -0.00908616185 0.0350582898 -0.00455667498
v -0.00909866579 0.0354325213 -0.0032816038
v -0.00914752856 0.0356145948 -0.00348315807
v -0.00917705148 0.0357229374 -0.00374761783
v -0.00918110088 0.0357344672 -0.00402687769
v -0.00915959477 0.0356490985 -0.00429547066
v -0.00911370479 0.0354721285 -0.00452681538
v -0.00906153861 0.0352735706 -0.00464679347
v -0.00901306048 0.0350907706 -0.00467726123
v -0.00904551148 0.0350727588 -0.00463782949
v -0.00898683537 0.0352886505 -0.00314816344
v -0.00903579127 0.0354719944 -0.00324507384
v -0.00908745918 0.0356645845 -0.00345824799
v -0.00911866874 0.0357791819 -0.00373799098
v -0.00912295654 0.035791371 -0.00403343327
v -0.00910022575 0.0357010625 -0.00431763427
v -0.00905171782 0.0355138667 -0.00456244173
v -0.00899656676 0.035303846 -0.00468940893
v -0.00894477963 0.0351086035 -0.00472161174
v -0.00897777639 0.0350968614 -0.00470389659
v -0.00353395985 0.0191950686 -0.00233220053
v -0.00356441829 0.0192835983 -0.00240898761
v -0.00361342612 0.0194319002 -0.00248557026
v -0.00367051293 0.0196111929 -0.00250883354
v -0.0035026453 0.0191083048 -0.00222442346
v -0.00345655787 0.0189960096 -0.0019807166
v -0.00342982262 0.0189678092 -0.00167023588
v -0.00343065732 0.0190173388 -0.00146169565
v -0.00344123133 0.0190830044 -0.00132551021
v -0.00346364267 0.0191844068 -0.00119140279
v -0.00352058699 0.0193868615 -0.00104828575
v -0.00360033475 0.0196163319 -0.00101191096
v -0.00356196193 0.0193574987 -0.00105381163
v -0.00350441015 0.0191479307 -0.00121572008
v -0.00360236666 0.0194807779 -0.00101578934
v -0.00364568993 0.0195999425 -0.00101158302
v -0.00369068421 0.0195840355 -0.00102290674
v -0.00381366559 0.019542668 -0.00113119022
v -0.00383956032 0.0195348226 -0.00118783675
v -0.00376505521 0.0193493776 -0.00119409128
v -0.00386516214 0.0194279775 -0.00221856055
v -0.00389964436 0.0195335858 -0.00223155017
v -0.00382375135 0.0193506759 -0.00229387241
v -0.00389650837 0.0195354167 -0.00228860509
v -0.00388542446 0.0195396356 -0.00233411742
v -0.003813433 0.0192786511 -0.0021262099
v -0.00376677094 0.0191881992 -0.0021596984
v -0.00379497046 0.0192288179 -0.0020685941
v -0.00372317084 0.0190786142 -0.0019631614
v -0.00375285815 0.0191303398 -0.00184535678
v -0.00369844446 0.0190383177 -0.00173656514
v -0.00374189136 0.0191203952 -0.00170165359
v -0.00369706866 0.0190782268 -0.00151201338
v -0.00374947558 0.0191863738 -0.00147597305
v -0.00371947396 0.0191873815 -0.00132081914
v -0.00376715721 0.0192599632 -0.00137415482
v -0.00380408019 0.0193864945 -0.00128468894
v -0.00385366241 0.0195315983 -0.00126258691
v -0.00369727868 0.0193390492 -0.00111443747
v -0.00377150369 0.0195563883 -0.00107664114
v -0.00377327693 0.0195558034 -0.00107843766
v -0.0037339183 0.0195690766 -0.00104552659
v -0.00365518732 0.0193405692 -0.00108494842
v -0.0036453635 0.0191520341 -0.00126021774
v -0.00347739528 0.0190057848 -0.00145927898
v -0.00348038087 0.0189527851 -0.00174508127
v -0.00351185491 0.0190034993 -0.00203340664
v -0.00356650352 0.0191439334 -0.00228331005
v -0.00363805285 0.019352939 -0.00245353603
v -0.0037274214 0.0193390939 -0.00241199345
v -0.00380132766 0.0195684601 -0.0024600476
v -0.00372375315 0.0194646213 -0.00247913925
v -0.00376122282 0.0195817333 -0.00248688483
v -0.00371616939 0.0195964482 -0.00250382884
v -0.00362056657 0.0190257672 -0.00148001779
v -0.00362289674 0.0189793184 -0.00173812511
v -0.00365134375 0.019025417 -0.00199859124
v -0.00370096625 0.0191515293 -0.00222445838
v -0.00376581191 0.0193387792 -0.00237853057
v -0.00384894083 0.0195524134 -0.00240757363
v -0.0036782003 0.0194765516 -0.00249587651
v -0.00368442456 0.0193437692 -0.00243750424
v -0.00361427572 0.019139383 -0.00227036071
v -0.00356064551 0.0190019403 -0.00202509877
v -0.00352974143 0.0189520773 -0.00174218509
v -0.00352681638 0.01900349 -0.00146178761
v -0.00355328666 0.0191420484 -0.00122290873
v -0.0036095921 0.0193466861 -0.00106426107
v -0.00387853873 0.0195322111 -0.0017145857
v -0.00394734787 0.0196805857 -0.00220748479
v -0.00399470283 0.0198305547 -0.00209053978
v -0.00402219174 0.0199270844 -0.00190408481
v -0.00401810044 0.0199404992 -0.00166547694
v -0.00387610053 0.01959325 -0.00126607285
v -0.00393470051 0.0197472032 -0.00133432331
v -0.0039757262 0.0198482722 -0.00144104008
v -0.00363746332 0.0197144337 -0.00101693743
v -0.00364585174 0.0197362937 -0.00102085713
v -0.00370852253 0.0197121017 -0.00102390768
v -0.00386165967 0.0202514865 -0.00162158592
v -0.0038715913 0.0202646591 -0.00176661951
v -0.00393193867 0.0202350896 -0.0017643933
v -0.00397006981 0.019848004 -0.00137951307
v -0.00392569555 0.0196177773 -0.00226853252
v -0.00395349273 0.0197038259 -0.00224134233
v -0.00399971101 0.0198497511 -0.00212694658
v -0.00390438223 0.0196423959 -0.00236198376
v -0.00377208833 0.0197098758 -0.00249316287
v -0.00370927225 0.0197320096 -0.0025031229
v -0.00381183624 0.0198330209 -0.00245400658
v -0.00374500384 0.0198427346 -0.00246974174
v -0.00387899391 0.0200419556 -0.00229092059
v -0.00381766981 0.0200686101 -0.00229844218
v -0.00392207364 0.020183146 -0.00204783585
v -0.00386733655 0.0202337373 -0.00198559207
v -0.00382189336 0.0200819261 -0.00228241133
v -0.00384209584 0.0202127658 -0.00147992489
v -0.00366520253 0.0197863951 -0.00103380647
v -0.00373274973 0.0199568663 -0.00112324394
v -0.00375623 0.0198346619 -0.00106647902
v -0.00377964671 0.0200706907 -0.00123235595
v -0.00384077313 0.0200427696 -0.00123445084
v -0.00377022289 0.019827757 -0.00107020966
v -0.00372287002 0.0197060611 -0.00102784147
v -0.00379110663 0.0196743887 -0.00106586399
v -0.00383539428 0.0197887905 -0.00110608293
v -0.00391185097 0.0197016485 -0.00125977455
v -0.00401319331 0.0199472215 -0.00155408354
v -0.00395824807 0.0199144408 -0.00131587277
v -0.0038890338 0.0197420511 -0.00117519009
v -0.00385414856 0.0200344324 -0.00123721547
v -0.00391404377 0.0199832059 -0.00126401358
v -0.00397177367 0.0201148409 -0.0014945704
v -0.00400928268 0.0200312622 -0.00152102194
v -0.00403396552 0.0200745091 -0.00175780465
v -0.00403429894 0.0199840255 -0.00175547833
v -0.00402857503 0.0199481882 -0.0019557178
v -0.00379591505 0.0201090612 -0.0012821377
v -0.00390261528 0.0201834701 -0.00148016564
v -0.00394472294 0.0202255286 -0.00176383811
v -0.00393498689 0.020174019 -0.00204541208
v -0.00399058778 0.0201152693 -0.00202619284
v -0.00395084033 0.0199838765 -0.00225342996
v -0.0039920113 0.0199159756 -0.00219499203
v -0.00388849527 0.0197893139 -0.00240564509
v -0.00393714756 0.0197438672 -0.0023298366
v -0.00385146681 0.0196746197 -0.00244206097
v -0.00389227294 0.0200338941 -0.00228684698
v -0.00382563565 0.0198265202 -0.00244878675
v -0.00378618506 0.0197042879 -0.00248764479
v -0.00391557347 0.020174209 -0.00148142083
v -0.00399937993 0.0201633852 -0.00176091702
v -0.00402666675 0.0200321339 -0.0019933884
v -0.00258202595 0.0180207547 0.000309904077
v -0.00255795242 0.0181418285 0.000490430219
v -0.00260093645 0.0181840751 0.000497961242
v -0.00764196552 0.0352218226 0.00151105772
v -0.00782060809 0.0349938534 0.00144834467
v -0.00709068496 0.0323505327 0.00145743974
v -0.0050445497 0.0248948894 0.00115581497
v -0.00292105624 0.01795917 -0.000548568845
v -0.00306299701 0.0179107059 -0.00159483752
v -0.0032032954 0.0178708863 -0.0040488462
v -0.00282252906 0.0181481242 9.65849467e-05
v -0.00282860547 0.0190150049 0.000976677868
v -0.00277913827 0.0185247101 0.00062311691
v -0.00298387487 0.0195752699 0.00115682371
v -0.00324330456 0.0201813858 0.00117946242
v -0.00371007295 0.0212672725 0.00116549409
v -0.00400103629 0.0220385212 0.00116068416
v -0.00667708134 0.0296010785 0.00115212682
v -0.0074834954 0.032236062 0.00114759605
v -0.0082181422 0.0348864309 0.00114201591
v -0.00866094884 0.0362263359 0.000972829584
v -0.00846880767 0.0362866186 0.0012357285
v -0.00680573983 0.032139305 0.00151865988
v -0.00629023183 0.0297275167 0.00146486657
v -0.00594310416 0.0292922594 0.00152554235
v -0.00469571678 0.0256372951 0.00153304893
v -0.00466812029 0.0250349566 0.00147545163
v -0.00350951846 0.0223433934 0.00154063164
v -0.00362718082 0.0221779142 0.00148370746
v -0.00321651576 0.0215569213 0.00154446124
v -0.00333906407 0.021415256 0.00148786616
v -0.00287000579 0.0203373767 0.00149520708
v -0.00287593761 0.0207223035 0.00154604367
v -0.00259254454 0.0196901876 0.00146768591
v -0.00248135882 0.0193452407 0.00140006922
v -0.00246723788 0.0193494633 0.00140389788
v -0.00247591594 0.0194972996 0.00145069731
v -0.00255908631 0.0199395753 0.00152964017
v -0.00268520066 0.0202795342 0.00154331606
v -0.00246529095 0.0192748886 0.00137621141
v -0.00280606863 0.0196226351 0.00133879855
v -0.00246747187 0.0189945418 0.00124629156
v -0.00263583753 0.0189927127 0.00114804658
v -0.00246763299 0.0189891607 0.0012433735
v -0.00258471654 0.0184270777 0.000763132237
v -0.00252264505 0.0183576792 0.000751770567
v -0.0025013783 0.018522853 0.000913672091
v -0.00247833063 0.0187710579 0.00110960926
v -0.00264211115 0.0177773871 -0.000193488522
v -0.00269770552 0.0178417303 -0.000160498006
v -0.00267232955 0.0177063271 -0.00044575514
v -0.00276034139 0.0177577734 -0.000532461738
v -0.00275568548 0.017629249 -0.00109423755
v -0.00291529973 0.0176991131 -0.0015943828
v -0.00282163639 0.0176075269 -0.00159698923
v -0.00306787691 0.017651096 -0.00404817238
v -0.0031992544 0.0178051498 -0.00610041246
v -0.00300751626 0.0175510943 -0.00546017382
v -0.00296820048 0.0175615344 -0.0036709432
v -0.0029424231 0.01756908 -0.00311000273
v -0.00290647382 0.0175800715 -0.0025321776
v -0.00261576311 0.0178757105 4.27211053e-05
v -0.00264113513 0.0179870687 0.000191077939
v -0.00803853758 0.0349350125 0.00132225337
v -0.00730638811 0.0322877802 0.00132941722
v -0.00650296174 0.0296581723 0.0013352508
v -0.00487577822 0.0249578077 0.00134203921
v -0.003833747 0.0221009888 0.00134842214
v -0.00354403583 0.0213337075 0.00135294034
v -0.00307528395 0.0202509109 0.00136391923
v -0.00819308963 0.0363610312 0.00142309163
v -0.00790607464 0.0364317298 0.00149690185
v -0.00282252184 0.0181481279 -0.012297404
v -0.00259254477 0.0196901914 -0.0136685073
v -0.00248135882 0.0193452444 -0.0136008896
v -0.00320329564 0.0178708937 -0.00815194193
v -0.00291529973 0.0176991168 -0.0106064305
v -0.00306787668 0.0176510941 -0.00815261714
v -0.00276033371 0.0177577734 -0.0116683561
v -0.00269770529 0.0178417303 -0.0120403208
v -0.0026358373 0.0189927109 -0.0133488672
v -0.00258471654 0.0184270814 -0.0129639497
v -0.00280606071 0.0196226276 -0.0135396207
v -0.00287000556 0.0203373767 -0.0136960298
v -0.00333905616 0.0214152485 -0.0136886844
v -0.00362717267 0.0221779086 -0.0136845252
v -0.00466812076 0.0250349641 -0.0136762699
v -0.00629022438 0.0297275204 -0.0136656798
v -0.00709068542 0.0323505402 -0.0136582525
v -0.00782060064 0.0349938646 -0.0136491591
v -0.0082181422 0.0348864384 -0.0133428285
v -0.0074834954 0.032236062 -0.013348409
v -0.0050445497 0.0248948913 -0.0133566335
v -0.00667708181 0.0296010878 -0.0133529417
v -0.0040010279 0.0220385082 -0.0133615034
v -0.00371006457 0.0212672595 -0.0133663146
v -0.00324329711 0.0201813877 -0.0133802807
v -0.00298387487 0.0195752699 -0.013357644
v -0.00282860547 0.0190150067 -0.0131774954
v -0.00277913827 0.0185247157 -0.0128239375
v -0.00306299725 0.0179107096 -0.0106059741
v -0.0029210567 0.0179591794 -0.0116522498
v -0.00264113513 0.0179870687 -0.0123918951
v -0.00260093622 0.0181840751 -0.012698778
v -0.00803853851 0.0349350199 -0.0135230655
v -0.00730638113 0.0322877839 -0.0135302301
v -0.00650296174 0.029658176 -0.0135360667
v -0.00487577869 0.0249578133 -0.013542857
v -0.00383373862 0.0221009739 -0.0135492422
v -0.00354402768 0.0213336982 -0.01355376
v -0.00307527604 0.0202509034 -0.0135647403
v -0.0091350954 0.0351982079 -0.00879720133
v -0.009096778 0.0350545123 -0.00882434379
v -0.00909899455 0.0350537226 -0.0082806116
v -0.00922251213 0.0355199464 -0.00819245633
v -0.00921599753 0.0354989059 -0.0084606437
v -0.00917903334 0.0353623107 -0.00868805032
v -0.00910033379 0.0350532457 -0.00773826009
v -0.00915099401 0.035244368 -0.00778629677
v -0.00919674151 0.0354190655 -0.00794219319
v -0.00900135376 0.0356576853 -0.00775249768
v -0.0090209581 0.035733752 -0.00787569676
v -0.00908306614 0.035710983 -0.00787984487
v -0.00889163278 0.035261903 -0.00908022653
v -0.00885892194 0.0351391584 -0.00909345318
v -0.00892207678 0.0351166874 -0.00908578373
v -0.00891412422 0.0351195112 -0.00746906316
v -0.00897857081 0.0353105627 -0.00750502432
v -0.00891850702 0.035117954 -0.00747016305
v -0.0089267157 0.0351150297 -0.00747253466
v -0.00913045742 0.0351905487 -0.00884407572
v -0.00916615129 0.0353240483 -0.00877338462
v -0.00910706818 0.0352228768 -0.00893508736
v -0.0090966681 0.0350545496 -0.00883562677
v -0.00907778461 0.03506127 -0.0089294007
v -0.00906517822 0.0350657515 -0.00895786192
v -0.00903497636 0.0350765027 -0.00900529604
v -0.00890925992 0.0353279896 -0.00906123035
v -0.00890556537 0.0353141278 -0.00906593259
v -0.00896875747 0.0352952369 -0.00905881915
v -0.00901811011 0.0354800597 -0.00896112714
v -0.00896300655 0.0355291851 -0.00894463155
v -0.00907018594 0.0356742106 -0.00874622632
v -0.00899442937 0.0356463753 -0.00882240012
v -0.00910164975 0.0357897356 -0.00846421625
v -0.00903993379 0.035814058 -0.00846188795
v -0.00910597201 0.0358020216 -0.00816636812
v -0.00904336292 0.0358226672 -0.00814534631
v -0.00904131029 0.0358142555 -0.00810083095
v -0.00897160266 0.0355432816 -0.00762649486
v -0.00903416798 0.0355222709 -0.00763303274
v -0.0089315651 0.0353906043 -0.00752308825
v -0.00891548488 0.0353296064 -0.00749724265
v -0.00886446796 0.0351371877 -0.00746436091
v -0.00922241714 0.0356485136 -0.00818548631
v -0.00921312626 0.035490945 -0.00799237844
v -0.00920313597 0.0355720893 -0.00794503279
v -0.00917770248 0.0353546664 -0.00781434122
v -0.00916199107 0.0354136191 -0.00773795415
v -0.00913745537 0.0352017134 -0.00772201596
v -0.00911523961 0.0352357998 -0.00763056567
v -0.00910007302 0.0350608453 -0.00769855641
v -0.00907180738 0.0350720584 -0.00760329003
v -0.00898161717 0.0350954942 -0.00905634649
v -0.0090523744 0.0352591909 -0.00901085231
v -0.00914854649 0.0353781022 -0.00885296892
v -0.00920383446 0.0354642831 -0.00861800555
v -0.00917705148 0.0357229374 -0.00845319591
v -0.00918110088 0.0357344709 -0.00817393325
v -0.00915959477 0.0356490985 -0.00790534168
v -0.00911370479 0.0354721248 -0.00767399697
v -0.00906153861 0.0352735706 -0.00755401654
v -0.00901306048 0.0350907706 -0.00752354925
v -0.00898683537 0.0352886543 -0.00905264635
v -0.00909866579 0.0354325213 -0.00891920924
v -0.00919233635 0.035541147 -0.00867240783
v -0.00922661368 0.035547737 -0.00841422658
v -0.00908745918 0.0356645808 -0.00874256529
v -0.00911866874 0.0357791819 -0.008462823
v -0.00912295654 0.0357913747 -0.0081673786
v -0.00910022575 0.0357010625 -0.007883179
v -0.00905171782 0.0355138667 -0.00763837015
v -0.00899656676 0.0353038497 -0.00751139922
v -0.00894477963 0.0351086035 -0.00747920107
v -0.00903579127 0.0354719907 -0.00895573851
v -0.00914752763 0.0356145948 -0.00871765241
v -0.00921879243 0.0356381722 -0.00843554735
v -0.0092297392 0.0355566442 -0.00819914788
v -0.00908616185 0.0350582898 -0.00764413504
v -0.00904551148 0.0350727551 -0.00756298052
v -0.00897777639 0.0350968614 -0.00749691529
v -0.00360033475 0.0196163338 -0.0111889085
v -0.00355673069 0.0194964241 -0.0111844623
v -0.00352058723 0.0193868652 -0.0111525329
v -0.0034636429 0.0191844124 -0.0110094212
v -0.00344123156 0.01908301 -0.0108753098
v -0.00343465037 0.0190457255 -0.0108057912
v -0.00342982262 0.018967811 -0.0105305845
v -0.00345655787 0.0189960115 -0.0102201048
v -0.00353395985 0.0191950686 -0.00986861996
v -0.00359189115 0.0193659887 -0.00974223576
v -0.00361342612 0.019431904 -0.00971525256
v -0.0036705127 0.0196111929 -0.00969198532
v -0.00377328438 0.0195558053 -0.0111223767
v -0.00377150415 0.0195563957 -0.0111241797
v -0.00369727192 0.0193390604 -0.011086382
v -0.00363805308 0.0193529427 -0.0097472854
v -0.00356650376 0.019143939 -0.0099175116
v -0.00389650837 0.0195354167 -0.00991221331
v -0.00389964436 0.0195335876 -0.00996927079
v -0.00386516238 0.0194279831 -0.00998226088
v -0.00385366264 0.019531602 -0.0109382318
v -0.00383956055 0.0195348281 -0.0110129789
v -0.00376504776 0.0193493795 -0.0110067297
v -0.00380408019 0.0193864964 -0.0109161325
v -0.00371947419 0.0191873852 -0.0108800009
v -0.00376715721 0.0192599632 -0.0108266668
v -0.00369706843 0.0190782249 -0.0106888078
v -0.00374947581 0.0191863813 -0.0107248491
v -0.00369844423 0.0190383177 -0.0104642576
v -0.00374189112 0.0191203933 -0.0104991663
v -0.00372317107 0.0190786216 -0.0102376584
v -0.00375285093 0.0191303417 -0.0103554623
v -0.00376677094 0.0191882011 -0.0100411223
v -0.00379497046 0.0192288216 -0.0101322271
v -0.00388542446 0.0195396356 -0.00986670237
v -0.00382375158 0.0193506796 -0.00990694948
v -0.00381343323 0.0192786567 -0.0100746118
v -0.0038013279 0.0195684657 -0.00974077359
v -0.00384893338 0.0195524134 -0.0097932443
v -0.0037274214 0.0193390958 -0.0097888289
v -0.00376581191 0.0193387792 -0.00982229225
v -0.00370096625 0.0191515312 -0.00997636281
v -0.00351185491 0.0190034993 -0.0101674143
v -0.00348038087 0.0189527851 -0.0104557415
v -0.00347739551 0.0190057885 -0.0107415421
v -0.00350441015 0.0191479344 -0.0109850997
v -0.00356196193 0.0193575025 -0.0111470111
v -0.00360236666 0.0194807798 -0.0111850305
v -0.00373391854 0.019569084 -0.0111552943
v -0.00369068445 0.0195840392 -0.0111779105
v -0.00365518755 0.0193405747 -0.0111158714
v -0.0036095921 0.0193466879 -0.011136557
v -0.00355327921 0.0191420466 -0.0109779127
v -0.00381366606 0.0195426773 -0.0110696293
v -0.00364536373 0.0191520415 -0.010940602
v -0.00362056657 0.0190257709 -0.0107208034
v -0.00362289674 0.0189793203 -0.0104626929
v -0.00365134398 0.0190254245 -0.0102022309
v -0.0036782003 0.0194765534 -0.00970494188
v -0.00372375292 0.0194646213 -0.00972168148
v -0.00366358622 0.0195935816 -0.0111861369
v -0.00352681614 0.0190034918 -0.010739035
v -0.00352974189 0.0189520884 -0.010458637
v -0.00356064574 0.0190019477 -0.0101757217
v -0.00361427572 0.0191393849 -0.00993045978
v -0.00368442456 0.019343771 -0.00976331811
v -0.00376122305 0.0195817389 -0.00971393473
v -0.00387610029 0.0195932463 -0.0109347478
v -0.00387853896 0.0195322167 -0.0104862358
v -0.00394734042 0.0196805894 -0.00999333337
v -0.00399470236 0.0198305529 -0.0101102786
v -0.00393470004 0.0197471995 -0.0108664958
v -0.00397572666 0.0198482815 -0.0107597802
v -0.00401810044 0.0199405048 -0.0105353417
v -0.00402219174 0.0199270882 -0.0102967359
v -0.00385146681 0.0196746234 -0.00975876115
v -0.00388903404 0.0197420567 -0.0110256318
v -0.00392569602 0.019617781 -0.00993228983
v -0.00399971101 0.019849753 -0.0100738741
v -0.00402857503 0.0199481864 -0.0102451025
v -0.00403429894 0.0199840274 -0.0104453424
v -0.00401319331 0.0199472234 -0.0106467362
v -0.00397006981 0.0198480077 -0.0108213071
v -0.00391185097 0.0197016504 -0.0109410444
v -0.00379110663 0.0196743924 -0.0111349542
v -0.00383539451 0.0197887961 -0.0110947369
v -0.00363746332 0.0197144337 -0.0111838831
v -0.00370852277 0.0197121054 -0.0111769112
v -0.00364585221 0.0197363012 -0.0111799622
v -0.00379591505 0.0201090612 -0.0109186824
v -0.00377963949 0.0200706962 -0.0109684663
v -0.00384077337 0.0200427771 -0.010966369
v -0.00373274228 0.01995687 -0.0110775754
v -0.00384209584 0.0202127676 -0.0107208937
v -0.00390261575 0.0201834794 -0.0107206553
v -0.00386165967 0.0202514883 -0.0105792331
v -0.00393193867 0.0202350914 -0.0104364278
v -0.00387159153 0.0202646647 -0.0104342001
v -0.00387899391 0.0200419575 -0.00990989711
v -0.00382189313 0.0200819261 -0.00991840754
v -0.00392207364 0.020183146 -0.0101529844
v -0.00386733678 0.020233741 -0.0102152275
v -0.00387263112 0.0202596467 -0.0103471018
v -0.00368841458 0.0196671318 -0.00969077833
v -0.00377208856 0.0197098795 -0.00970765669
v -0.00370927271 0.0197320171 -0.00969769806
v -0.00374500407 0.0198427401 -0.00973107759
v -0.00395824807 0.0199144427 -0.0108849462
v -0.00400928315 0.0200312696 -0.0106797954
v -0.00403395854 0.0200745165 -0.0104430141
v -0.00402666628 0.020032132 -0.0102074323
v -0.00399201177 0.0199159831 -0.0100058261
v -0.00395349273 0.0197038278 -0.00995947607
v -0.00372287049 0.0197060704 -0.0111729801
v -0.00375622977 0.0198346619 -0.0111343395
v -0.00377022335 0.0198277682 -0.0111306086
v -0.00385414902 0.0200344436 -0.0109636066
v -0.00391404377 0.0199832097 -0.0109368069
v -0.00391556602 0.0201742109 -0.010719398
v -0.00397177367 0.0201148428 -0.0107062506
v -0.0039447234 0.0202255342 -0.010436981
v -0.00399938039 0.0201633908 -0.0104399035
v -0.0039349799 0.0201740265 -0.0101554096
v -0.00399058778 0.0201152712 -0.0101746283
v -0.00389226549 0.0200338997 -0.00991397165
v -0.00395084033 0.0199838784 -0.0099473903
v -0.00388849527 0.0197893158 -0.009795174
v -0.00393714756 0.0197438691 -0.00987098087
v -0.00390437478 0.0196423996 -0.0098388344
v -0.00378618506 0.0197042916 -0.00971317664
v -0.00381183624 0.0198330209 -0.00974681135
v -0.00381766981 0.0200686119 -0.00990237761
v -0.00382563542 0.0198265184 -0.00975203514
v -0.00366520276 0.0197864007 -0.0111670131
v -0.00955076236 0.0373704471 -0.00543418946
v -0.0095288828 0.0373716541 -0.00533499289
v -0.00953120086 0.0376625098 -0.00539835868
v -0.00943542458 0.0382414162 -0.00592963165
v -0.0094309058 0.0382683761 -0.00610044366
v -0.00947891548 0.0382191762 -0.00610045157
v -0.0093964776 0.0382895954 -0.00610043481
v -0.00935385656 0.0382805988 -0.00591587089
v -0.00934913754 0.0383059941 -0.00610042689
v -0.00927292462 0.0382546932 -0.00576407043
v -0.00926630665 0.0383141264 -0.00610040501
v -0.00935465191 0.0377408341 -0.00525693735
v -0.00935462769 0.0373786502 -0.0051794108
v -0.00930254813 0.0373806357 -0.00517029548
v -0.00929957349 0.037922401 -0.0053394041
v -0.00938329659 0.0380208977 -0.00546706375
v -0.0093059754 0.0377506912 -0.00524550024
v -0.00930741429 0.0376361236 -0.00520663522
v -0.00950363092 0.0373725891 -0.00528332684
v -0.00947875716 0.0373733528 -0.00525062066
v -0.0094773937 0.0377014577 -0.00532543659
v -0.00943341851 0.0373748578 -0.00521255936
v -0.00940082315 0.0377295539 -0.00527431769
v -0.00955699664 0.0376072004 -0.00548723945
v -0.00952222198 0.0379196741 -0.00555829611
v -0.0095518725 0.037869107 -0.00565261953
v -0.00950920489 0.0381058306 -0.00580005487
v -0.00954445358 0.0380077399 -0.00585629372
v -0.00953853223 0.0380742773 -0.00610046182
v -0.0095410198 0.0380570143 -0.00610046042
v -0.00946216285 0.0379818305 -0.00550544215
v -0.00955167506 0.0373703577 -0.00544423563
v -0.00944310334 0.0381815992 -0.0057688416
v -0.00928936806 0.0380798839 -0.00548082916
v -0.00936214905 0.0382220261 -0.00574478041
v -0.00944314431 0.0381815434 -0.00643199869
v -0.00946220476 0.0379817747 -0.0066953646
v -0.00952225458 0.0379195958 -0.00664248411
v -0.00935387798 0.0382805802 -0.00628499966
v -0.00943546742 0.0382413715 -0.00627123145
v -0.00950925145 0.0381057374 -0.00640076911
v -0.00954443868 0.0380077474 -0.00634448836
v -0.00955167506 0.0373703614 -0.00675657298
v -0.0095569957 0.0376162417 -0.00671015959
v -0.00955082849 0.0373704359 -0.00676596444
v -0.00953123625 0.0376624651 -0.0068023908
v -0.0095039364 0.0373725742 -0.0069169905
v -0.00947742909 0.0377014242 -0.00687534781
v -0.00947875716 0.0373733528 -0.00695018889
v -0.00935466494 0.037740808 -0.00694387499
v -0.00930597447 0.0377506763 -0.00695531443
v -0.00930742268 0.0376361385 -0.00699416827
v -0.00940084457 0.0377295353 -0.0069264886
v -0.0094339624 0.0373748392 -0.00698790839
v -0.00935463607 0.0373786576 -0.00702138618
v -0.00930254813 0.0373806357 -0.00703051221
v -0.00929958187 0.0379224122 -0.00686139148
v -0.00938332453 0.0380208604 -0.00673375884
v -0.00928937551 0.0380798802 -0.00671998505
v -0.00936216954 0.0382219963 -0.00645607198
v -0.00927293114 0.0382546894 -0.00643675169
v -0.00955239963 0.0378564149 -0.00656043133
v -0.0095512718 0.0373786055 -0.00610037707
v -0.00949583203 0.0367482826 -0.00637581712
v -0.00948725548 0.0366871059 -0.00610045996
v -0.00951544568 0.0369060449 -0.00658736704
v -0.00953764189 0.0371377319 -0.00672192872
v -0.00949582458 0.0367482826 -0.0058249915
v -0.00951544568 0.0369060375 -0.00561344903
v -0.00953764189 0.0371377245 -0.00547888223
v -0.00919453427 0.0364535004 -0.00610039616
v -0.00919574685 0.036461018 -0.00597820198
v -0.00931010395 0.036463242 -0.00610040966
v -0.00931815989 0.0365084782 -0.00581884105
v -0.00933756866 0.0364735648 -0.00610040873
v -0.0093902247 0.0365444608 -0.00583420927
v -0.00938280206 0.0365012176 -0.00610041339
v -0.00944604352 0.0366065577 -0.0058567021
v -0.00941923633 0.0365376472 -0.0061004255
v -0.00946591049 0.0367375389 -0.00561884046
v -0.00949260313 0.036952775 -0.00543442369
v -0.00951669365 0.0372297391 -0.00533381291
v -0.00940524321 0.0372150578 -0.00521439686
v -0.00929379091 0.037217129 -0.00518387929
v -0.0092705451 0.0369609781 -0.00526943104
v -0.00937586278 0.0369008258 -0.00533076096
v -0.00926324818 0.0368979871 -0.00530438917
v -0.00934285857 0.0366568342 -0.00554394908
v -0.00920248497 0.0364968367 -0.00581732625
v -0.00922491215 0.036625959 -0.00555761019
v -0.00922878925 0.036650151 -0.00552496454
v -0.00941298157 0.036686264 -0.00557436096
v -0.00944345258 0.036919415 -0.00537288468
v -0.00947073381 0.0372196175 -0.0052629523
v -0.00919574685 0.0364610106 -0.00622256054
v -0.00939023402 0.0365444906 -0.00636668457
v -0.00931816921 0.0365085043 -0.00638205837
v -0.00920297485 0.0364994593 -0.00639163004
v -0.00922491122 0.0366259478 -0.00664319098
v -0.00934286229 0.0366569012 -0.00665694429
v -0.00922880042 0.0366502143 -0.0066759293
v -0.00937586743 0.0369009078 -0.00687009702
v -0.00926326029 0.0368980728 -0.00689647207
v -0.0094052488 0.0372151621 -0.00698642991
v -0.0092705451 0.0369609818 -0.00693137944
v -0.00929375552 0.0372166336 -0.00701684132
v -0.00947073847 0.0372197069 -0.00693787262
v -0.00951669831 0.0372298285 -0.00686701061
v -0.00949260779 0.0369528532 -0.00676642964
v -0.00944605283 0.0366065875 -0.00634418288
v -0.00946592167 0.0367375948 -0.00658204034
v -0.00944346469 0.0369194895 -0.00682797283
v -0.00941299181 0.0366863236 -0.0066265231
v -0.00916164462 0.0388556421 -0.0090869721
v -0.00910028163 0.039056886 -0.0091190869
v -0.00926831644 0.0383514725 -0.00872305129
v -0.00924850535 0.038472835 -0.00886893272
v -0.00923319999 0.0385530032 -0.0089367656
v -0.00921049621 0.0386595055 -0.0090055801
v -0.00927466713 0.0383047238 -0.0086425906
v -0.00927569252 0.0382965095 -0.00862601772
v -0.00928312726 0.0382183641 -0.0083371792
v -0.00926143304 0.0383775085 -0.00780598447
v -0.00927865133 0.0382474326 -0.0080708405
v -0.00928060245 0.0382319055 -0.0081338631
v -0.00913336221 0.0390318371 -0.00747921085
v -0.00918789022 0.0387962461 -0.00750358682
v -0.00921061728 0.0386828408 -0.00754691614
v -0.00923144538 0.0385681652 -0.00761521328
v -0.00929367915 0.0385842621 -0.00762275141
v -0.00932663679 0.0383740179 -0.00783904269
v -0.00919671822 0.0390481204 -0.00748935202
v -0.00923308637 0.0390576534 -0.00750480685
v -0.00925571565 0.0388141088 -0.00751449866
v -0.00934168976 0.0391250141 -0.0089034196
v -0.00938283652 0.0389654413 -0.00890279748
v -0.00934719201 0.039124798 -0.00885304343
v -0.00942035019 0.0388578326 -0.00878230482
v -0.00940808468 0.038909018 -0.00769709563
v -0.00936849695 0.0390965566 -0.00770651735
v -0.00942303706 0.0388830118 -0.00778972264
v -0.0093716532 0.0390985571 -0.00775692798
v -0.00932681002 0.0390833281 -0.00759310136
v -0.00936348177 0.0390946828 -0.00768075138
v -0.00932184234 0.0390818976 -0.00758548221
v -0.00937679876 0.038873259 -0.00761324912
v -0.0094458824 0.0387293734 -0.00778035168
v -0.00946746301 0.0386639647 -0.00794700533
v -0.00924997963 0.0388122946 -0.0075126742
v -0.00934553612 0.0382395759 -0.00838227104
v -0.00934275985 0.0382515676 -0.00811942946
v -0.00933700334 0.0383215658 -0.00863851979
v -0.0093088029 0.0384992547 -0.00887092203
v -0.00929179695 0.0385863595 -0.00894112047
v -0.00913073123 0.0390665382 -0.00911791343
v -0.00922295824 0.0388747454 -0.00907940418
v -0.00916319061 0.0390766412 -0.00911143702
v -0.00934992824 0.038935218 -0.00898393616
v -0.00923580118 0.0390983969 -0.00907570031
v -0.00929472409 0.038904082 -0.00904402696
v -0.0092001548 0.0390878804 -0.00909724459
v -0.00922863092 0.0388767719 -0.00907773804
v -0.00933578983 0.0391241312 -0.0089278724
v -0.00929046981 0.0391135737 -0.00902093295
v -0.00946823787 0.0383639783 -0.00837085862
v -0.0094831055 0.0385270678 -0.00855975877
v -0.00945847109 0.0384384729 -0.00859528687
v -0.00945570972 0.0386687517 -0.00873980764
v -0.00943004712 0.0385985598 -0.00879944675
v -0.00944042765 0.0387377739 -0.00879444182
v -0.00941363443 0.0386768244 -0.00886132848
v -0.00926906243 0.0390672572 -0.00752836233
v -0.00932212174 0.038840197 -0.0075504696
v -0.00941784494 0.0386697948 -0.00770848105
v -0.00947619509 0.038564086 -0.00794530194
v -0.00948708691 0.0385568291 -0.00814033207
v -0.00941423327 0.0382997729 -0.0081273634
v -0.00941679534 0.0382886305 -0.00837777555
v -0.00940768793 0.0383683667 -0.00862213876
v -0.00937910471 0.0385406613 -0.00884409714
v -0.00936215557 0.038625069 -0.00891126692
v -0.00936509669 0.0386202931 -0.0076548513
v -0.0094499262 0.0384824052 -0.00789660867
v -0.00949169975 0.0384685583 -0.008160064
v -0.00948855933 0.0385494344 -0.00839377381
v -0.00933235977 0.0383764096 -0.00784006622
v -0.00934850797 0.0382541269 -0.00811979361
v -0.00935127027 0.0382421687 -0.00838204008
v -0.0093427049 0.0383241028 -0.00863771793
v -0.00931446627 0.0385016352 -0.00886963122
v -0.00929744821 0.0385886692 -0.00893969089
v -0.00929939374 0.0385863706 -0.00762429461
v -0.00939796399 0.0384176224 -0.00786047801
v -0.00946605299 0.0383737274 -0.00814114045
v -0.0094933575 0.038460575 -0.00836210232
v -0.00946972426 0.0386445262 -0.00859903079
v -0.00930386223 0.0393122658 -0.0082295537
v -0.00922200363 0.0395135731 -0.00869420543
v -0.00923801586 0.0395287313 -0.00797685795
v -0.00919012539 0.0396426469 -0.00823725108
v -0.00918702316 0.0396302976 -0.00847852137
v -0.00930998009 0.0393177085 -0.00780169945
v -0.00923781749 0.0394639075 -0.00874366425
v -0.00929992646 0.0392714478 -0.0088441167
v -0.0094145732 0.0388980359 -0.00840297341
v -0.00885236915 0.0398155488 -0.00826123171
v -0.00884913187 0.0398178361 -0.00831880886
v -0.00891332142 0.0398344807 -0.00832167454
v -0.00884934701 0.039800629 -0.00849060994
v -0.00886073429 0.039758414 -0.00863364618
v -0.0089247711 0.0397757851 -0.00863317028
v -0.00896980427 0.0394342355 -0.00903221872
v -0.00900035724 0.0393462442 -0.00907678623
v -0.00903061498 0.0393564627 -0.00907621812
v -0.00906924251 0.039147269 -0.00912158005
v -0.00915644504 0.0396757573 -0.00856386404
v -0.00919673871 0.0395470485 -0.00876619201
v -0.00920864195 0.0393732376 -0.00897969119
v -0.00926052965 0.039352905 -0.00889817905
v -0.00906365551 0.0393653475 -0.00907062646
v -0.00910200085 0.0393727496 -0.00905786268
v -0.0091389697 0.0393767506 -0.0090388516
v -0.00897865929 0.0396114662 -0.00889731664
v -0.0088976305 0.0396443121 -0.00883939117
v -0.00894506555 0.0396037772 -0.0089010587
v -0.00891495403 0.0395932198 -0.00890093949
v -0.0089498274 0.0396100506 -0.00775273144
v -0.00888658781 0.0397552922 -0.0080006076
v -0.00895068422 0.0397714563 -0.00800660718
v -0.0088687595 0.039790038 -0.00810763892
v -0.00904577319 0.0393423773 -0.00754066743
v -0.0089680301 0.0395636 -0.00770073477
v -0.00902335066 0.0396016203 -0.0077328966
v -0.00896389876 0.0395743139 -0.00771198515
v -0.00895948242 0.0395856537 -0.00772436569
v -0.00905655231 0.0393083431 -0.00752578676
v -0.00915820058 0.0391961485 -0.00749880821
v -0.00923005398 0.0392097272 -0.00753642293
v -0.00918639079 0.0393560901 -0.00758160604
v -0.00925178826 0.0393509939 -0.00764364423
v -0.00929724984 0.0393311679 -0.00772568537
v -0.00911288429 0.0393476263 -0.00754577154
v -0.00914770272 0.0397204347 -0.00832465291
v -0.0091750836 0.0396686569 -0.00808223709
v -0.00911021791 0.0397319943 -0.00804901402
v -0.00907804165 0.0397898257 -0.00832534395
v -0.00903104246 0.0397664718 -0.00802291743
v -0.00899539981 0.0398281068 -0.00832420588
v -0.00908802077 0.0397387072 -0.00859813392
v -0.00913474616 0.0395928025 -0.0088289734
v -0.00900631025 0.0397721715 -0.00862183236
v -0.00905774068 0.0396140777 -0.00887391903
v -0.00922925491 0.0395327099 -0.00787114073
v -0.0091732759 0.0395788476 -0.00780856051
v -0.00910050608 0.0396017991 -0.0077609634
v -0.00930923875 0.0373652652 -0.00968823675
v -0.0092842821 0.0373458937 -0.0111883506
v -0.00922680926 0.0368368514 -0.0109937564
v -0.00925443973 0.0370640494 -0.0111421421
v -0.00920458231 0.0366089977 -0.0103219198
v -0.00919919088 0.0366077349 -0.0105577968
v -0.00920145027 0.0366338119 -0.0106665371
v -0.00920820236 0.0366908088 -0.0108006438
v -0.00922341179 0.0368101783 -0.0109667368
v -0.0092344787 0.0367475711 -0.00999580137
v -0.00922927354 0.0367196612 -0.0100371148
v -0.00920641143 0.0366152897 -0.0102898441
v -0.0092887776 0.0371312313 -0.00971585605
v -0.00927763525 0.0370345116 -0.0097533185
v -0.00926121138 0.0369121246 -0.00982754398
v -0.00952063873 0.0373294652 -0.0110289333
v -0.0094775511 0.0373315848 -0.0111002475
v -0.00950047746 0.0372699611 -0.0110589406
v -0.00946326461 0.0373324566 -0.0111159654
v -0.0093803471 0.0373382382 -0.0111716129
v -0.0093716858 0.0372683406 -0.0111742942
v -0.00953571871 0.0373291783 -0.010981326
v -0.00953471102 0.0372781493 -0.010962991
v -0.00954221841 0.037329711 -0.0109275728
v -0.00951817539 0.0371106043 -0.0109259477
v -0.00952060614 0.0370947197 -0.010878575
v -0.00950201042 0.0369607322 -0.0108294068
v -0.00950271636 0.0369347073 -0.0107504791
v -0.00949036796 0.0368554853 -0.0106957108
v -0.00948485918 0.0367960408 -0.0105273221
v -0.00949237216 0.0368362367 -0.0105537567
v -0.00948881265 0.0367998816 -0.0103526441
v -0.00949639268 0.0368355401 -0.0103495615
v -0.00950368401 0.0368787237 -0.0101660611
v -0.00951062609 0.0369125865 -0.0101756854
v -0.00952389929 0.0370185748 -0.0100205485
v -0.00953715295 0.0371123478 -0.0100061055
v -0.00954180118 0.0371772051 -0.00994284544
v -0.00955737103 0.0373454988 -0.00995832961
v -0.00944789406 0.0371329486 -0.0097750444
v -0.00948534999 0.0373530351 -0.00976764504
v -0.00952606276 0.0373495594 -0.00982651208
v -0.00935092755 0.0371266529 -0.00972287543
v -0.00937142316 0.0373612903 -0.0096952701
v -0.00940235611 0.0373591855 -0.00970636308
v -0.00932341814 0.0369072109 -0.00983379502
v -0.00929159205 0.0367146172 -0.0100417538
v -0.00926788244 0.0366068333 -0.0103085451
v -0.00926164538 0.036602471 -0.0105584171
v -0.00933969859 0.0372701362 -0.0111843254
v -0.00931446068 0.0370384976 -0.0111300787
v -0.00928917248 0.0368311368 -0.0109911319
v -0.00927062053 0.0366852805 -0.0107994555
v -0.00933135394 0.037342038 -0.0111856172
v -0.00943775102 0.0372669064 -0.0111342501
v -0.00948012527 0.037073046 -0.0110147754
v -0.00946002267 0.0368970968 -0.0109001417
v -0.00944542605 0.0367736146 -0.0107415598
v -0.00943844207 0.0367038324 -0.0105419457
v -0.00944335945 0.0367080979 -0.0103349742
v -0.00946197938 0.0368001685 -0.0101139806
v -0.00948715303 0.0369640514 -0.00994165894
v -0.00950920023 0.0371504687 -0.0098496275
v -0.00954941753 0.0373471156 -0.00988814887
v -0.00941438414 0.0370481536 -0.0110841915
v -0.00939112436 0.0368526317 -0.0109551298
v -0.00937414169 0.036715325 -0.0107768495
v -0.00936595909 0.0366376005 -0.0105525702
v -0.00937166996 0.0366420411 -0.0103200777
v -0.00939334091 0.0367439464 -0.0100718653
v -0.00942252763 0.0369257927 -0.00987835135
v -0.00934678875 0.0370389335 -0.0111209312
v -0.00932188146 0.0368337035 -0.010984025
v -0.00930362754 0.0366894342 -0.0107950987
v -0.00929481164 0.036607597 -0.0105575034
v -0.00930093974 0.0366120189 -0.0103112152
v -0.0093242554 0.0367187634 -0.010048259
v -0.00935557112 0.0369094498 -0.00984327961
v -0.00938267726 0.037126746 -0.00973390881
v -0.00944764912 0.0373559408 -0.0097331116
v -0.00955236889 0.0373369232 -0.0104422364
v -0.00956110284 0.0377931818 -0.0107019329
v -0.0095567042 0.0375838764 -0.0108724982
v -0.00956711546 0.0377883464 -0.0101703014
v -0.00956368353 0.0378716215 -0.0103467461
v -0.00956167933 0.0378712714 -0.0105332425
v -0.00956757087 0.0375886932 -0.010009706
v -0.0095361881 0.0375757106 -0.0109917121
v -0.00954013318 0.0377921052 -0.0108614946
v -0.00948224403 0.037860889 -0.0109237935
v -0.00954899844 0.0378002375 -0.0100239171
v -0.00954260584 0.0379448012 -0.0102181369
v -0.00949240569 0.0378683098 -0.00996090379
v -0.00939736143 0.0376389995 -0.0111257397
v -0.00944158807 0.037628036 -0.0111036571
v -0.00948048662 0.0376134738 -0.0110731777
v -0.00929316506 0.0380973145 -0.0107299639
v -0.00929820258 0.0380064771 -0.010876013
v -0.00934897177 0.0379134417 -0.0109737366
v -0.00930171926 0.0379146114 -0.0109758172
v -0.00930326805 0.0376899876 -0.0111243026
v -0.0093460232 0.0381000228 -0.0101561518
v -0.00929933693 0.0380945243 -0.0101425033
v -0.00929296389 0.038146995 -0.0102873575
v -0.00932032708 0.0376476347 -0.00973110739
v -0.00949638896 0.037626531 -0.00980993733
v -0.00945837144 0.0376408361 -0.00977825094
v -0.00941482 0.0376514569 -0.00975473784
v -0.00936744642 0.0376580656 -0.00974034052
v -0.00954990555 0.0375887938 -0.00989297871
v -0.0095382547 0.0379409157 -0.01066845
v -0.00953751802 0.0379973091 -0.0104436008
v -0.00947471801 0.0380953811 -0.0104439612
v -0.00948196929 0.0380344689 -0.0101845907
v -0.00943264086 0.0381304584 -0.010443951
v -0.0094408337 0.0380666479 -0.0101717459
v -0.00938592572 0.0381544046 -0.0104437768
v -0.00939484406 0.0380887501 -0.0101621458
v -0.00933668949 0.0381663851 -0.0104434201
v -0.0093104858 0.0379641391 -0.00994927622
v -0.00936036836 0.0379198566 -0.00990805868
v -0.00940838922 0.0379104316 -0.00991901383
v -0.00928935967 0.038165912 -0.010442894
v -0.0093495911 0.0376459882 -0.0111385398
v -0.00939726364 0.0379037708 -0.010963968
v -0.00928989705 0.0381475352 -0.0105902161
v -0.00934048276 0.0380973071 -0.010729054
v -0.00938943122 0.0380859114 -0.0107239084
v -0.00943562575 0.0380635969 -0.0107148495
v -0.0094770221 0.0380311459 -0.0107022533
v -0.00913336128 0.0390318371 -0.00472159917
v -0.00918789022 0.0387962461 -0.00469721993
v -0.00921061728 0.0386828408 -0.00465389155
v -0.00922910497 0.0385816731 -0.00459508877
v -0.00926143304 0.0383775085 -0.00439482089
v -0.00928060245 0.0382319055 -0.00406694645
v -0.00928313378 0.0382183567 -0.00386362965
v -0.00927466713 0.0383047163 -0.00355822034
v -0.00926832389 0.0383514687 -0.0034777557
v -0.00924690813 0.0384816118 -0.00332358945
v -0.00921049621 0.0386594944 -0.00319522899
v -0.00916164462 0.0388556384 -0.00311383489
v -0.00910028163 0.0390568785 -0.00308172428
v -0.00934719201 0.0391247906 -0.00334776449
v -0.0094204694 0.038865149 -0.0034185301
v -0.00934168976 0.0391250104 -0.00329739065
v -0.00938284304 0.0389654301 -0.00329801068
v -0.00933566131 0.0391241051 -0.00327248592
v -0.00929046981 0.0391135737 -0.0031798745
v -0.00934992824 0.0389352106 -0.00321687385
v -0.00944042765 0.0387377664 -0.00340636657
v -0.00947027747 0.0386492051 -0.00359861902
v -0.00916296244 0.039076563 -0.00308930827
v -0.0092001548 0.0390878804 -0.00310356519
v -0.00922863837 0.0388767645 -0.00312306848
v -0.00923580118 0.0390983932 -0.00312510924
v -0.00913073123 0.0390665345 -0.00308289728
v -0.0093088029 0.0384992473 -0.00332988752
v -0.00929179601 0.0385863557 -0.00325969048
v -0.00922295824 0.0388747379 -0.00312140607
v -0.00929367915 0.0385842621 -0.00457805721
v -0.00932663679 0.0383740216 -0.0043617636
v -0.0093427673 0.0382515639 -0.00408138148
v -0.00934553612 0.0382395722 -0.00381853664
v -0.00933700241 0.0383215584 -0.00356228952
v -0.00919539295 0.0390477777 -0.00471188081
v -0.00937679876 0.038873259 -0.00458755903
v -0.00926906243 0.0390672609 -0.00467244536
v -0.00932212081 0.0388401933 -0.00465034135
v -0.00923308637 0.0390576497 -0.0046960013
v -0.00925571565 0.0388141088 -0.00468631089
v -0.00924997963 0.0388122946 -0.00468813581
v -0.00942615513 0.0388710089 -0.0044071367
v -0.00937165413 0.0390985608 -0.00444388017
v -0.00940808374 0.0389090143 -0.00450371206
v -0.00936849695 0.0390965566 -0.00449429173
v -0.00936358795 0.0390947163 -0.00451959763
v -0.00932681002 0.0390833318 -0.0046077068
v -0.00932184234 0.0390818976 -0.00461532408
v -0.00941363443 0.0386768207 -0.00333947758
v -0.00945570972 0.0386687443 -0.00346100167
v -0.00943004712 0.0385985598 -0.00340136117
v -0.0094831055 0.038527064 -0.00364104891
v -0.00945847854 0.0384384654 -0.00360552245
v -0.0094933575 0.0384605788 -0.00383870583
v -0.00946823694 0.0383639708 -0.00382995326
v -0.00949170813 0.0384685621 -0.00404074509
v -0.00946605299 0.0383737274 -0.0040596677
v -0.00947619509 0.0385640934 -0.00425550574
v -0.0094499262 0.0384824052 -0.00430419995
v -0.0094458824 0.0387293734 -0.00442045508
v -0.00941784494 0.0386697948 -0.00449232664
v -0.00929472409 0.038904082 -0.00315678096
v -0.00936216302 0.0386250615 -0.00328954356
v -0.00937910471 0.0385406613 -0.00335671101
v -0.00940768886 0.0383683667 -0.00357867102
v -0.00941679534 0.0382886305 -0.0038230326
v -0.00941423234 0.0382997692 -0.00407344569
v -0.00939796399 0.0384176224 -0.0043403306
v -0.00936509669 0.0386202969 -0.00454595685
v -0.00929744821 0.0385886654 -0.00326111726
v -0.00931446627 0.0385016315 -0.00333117717
v -0.0093427049 0.0383241028 -0.00356309069
v -0.00935127027 0.0382421724 -0.00381876761
v -0.00934850797 0.0382541232 -0.00408101361
v -0.00933235977 0.0383764058 -0.00436074333
v -0.00929939374 0.0385863669 -0.00457651587
v -0.00948854443 0.0385511592 -0.00380554586
v -0.00948887505 0.0385482684 -0.00401647063
v -0.00946899317 0.0386607721 -0.00424844585
v -0.00941493735 0.0388964079 -0.00379520492
v -0.00923781749 0.0394639075 -0.00345714507
v -0.00929992646 0.0392714441 -0.00335669122
v -0.00918702316 0.0396302938 -0.00372228771
v -0.00919012539 0.0396426432 -0.003963558
v -0.00923801586 0.0395287238 -0.00422395114
v -0.00922200363 0.0395135619 -0.00350660342
v -0.00930386223 0.0393122658 -0.00397125026
v -0.00930998009 0.0393177085 -0.00439910777
v -0.00908802077 0.0397387035 -0.00360267214
v -0.00913474616 0.0395928025 -0.00337183475
v -0.00905774068 0.0396140702 -0.00332688889
v -0.00906924997 0.0391472615 -0.0030792281
v -0.00900035724 0.039346233 -0.00312402006
v -0.00903061498 0.0393564552 -0.00312458817
v -0.00884934701 0.0398006327 -0.00371019612
v -0.00884913187 0.0398178287 -0.00388199789
v -0.00891332142 0.039834477 -0.00387913384
v -0.0088687595 0.0397900306 -0.00409316784
v -0.0088913599 0.0397453569 -0.00422444567
v -0.00895068422 0.0397714488 -0.00419420144
v -0.0089498274 0.0396100469 -0.00444807624
v -0.00895948242 0.03958565 -0.00447644014
v -0.00902335811 0.0396016128 -0.00446791109
v -0.00922925491 0.0395327061 -0.00432966789
v -0.00929740723 0.0393310338 -0.00447469391
v -0.00926034339 0.0393530354 -0.00330219837
v -0.00919673871 0.0395470411 -0.00343461754
v -0.00915644504 0.0396757573 -0.00363694457
v -0.00925178826 0.0393509902 -0.00455716345
v -0.00905655231 0.0393083431 -0.00467502046
v -0.00915820058 0.0391961522 -0.00470200228
v -0.00911288429 0.0393476263 -0.00465503894
v -0.00896389876 0.0395743139 -0.00448882114
v -0.0089680301 0.0395635962 -0.00450007431
v -0.00904577225 0.0393423699 -0.00466014305
v -0.00885236915 0.0398155451 -0.00393957598
v -0.0088976305 0.0396443084 -0.00336141675
v -0.00886073429 0.0397584066 -0.00356716081
v -0.00892477203 0.0397757888 -0.00356763671
v -0.0088527631 0.0397864915 -0.00365152094
v -0.00906365551 0.0393653363 -0.00313018193
v -0.00920864195 0.0393732302 -0.00322111789
v -0.0091389697 0.0393767431 -0.00316195632
v -0.00910200085 0.0393727385 -0.00314294524
v -0.00914770272 0.0397204347 -0.00387615408
v -0.0091750836 0.0396686569 -0.00411857199
v -0.00907804165 0.039789822 -0.00387546467
v -0.00900631025 0.0397721641 -0.00357897533
v -0.00897865929 0.0396114625 -0.00330348988
v -0.00903104246 0.0397664681 -0.00417789025
v -0.00910050608 0.0396017954 -0.00443984335
v -0.0091732759 0.0395788513 -0.00439224765
v -0.00918639172 0.0393560901 -0.00461920071
v -0.00923005491 0.0392097309 -0.00466438569
v -0.00896980427 0.0394342281 -0.0031685906
v -0.00891496055 0.0395932123 -0.0032998703
v -0.00894506555 0.0396037661 -0.00329974713
v -0.00899539981 0.039828103 -0.00387660414
v -0.00911021791 0.0397319905 -0.00415179366
v -0.00930923875 0.0373652577 -0.0025125714
v -0.00928877667 0.0371312313 -0.0024849535
v -0.00927763525 0.0370345153 -0.00244749337
v -0.0092344787 0.0367475748 -0.00220500818
v -0.00926318951 0.036925856 -0.00238331757
v -0.00920145027 0.0366338119 -0.00153427187
v -0.00919918995 0.0366077274 -0.00164301228
v -0.00920458231 0.036608994 -0.00187889161
v -0.00922927354 0.0367196649 -0.00216369587
v -0.00928428117 0.0373458862 -0.00101245998
v -0.00925443973 0.0370640382 -0.00105866592
v -0.00922680926 0.0368368439 -0.00120705157
v -0.00922341179 0.0368101746 -0.00123407017
v -0.00920820236 0.0366908014 -0.00140016549
v -0.00954180118 0.0371772051 -0.00225796248
v -0.00952389929 0.0370185636 -0.00218026107
v -0.00954077486 0.0371512957 -0.00221207994
v -0.00951545779 0.0369474106 -0.00206713448
v -0.00950368401 0.0368787125 -0.00203474658
v -0.00948881265 0.0367998779 -0.00184816553
v -0.00949640665 0.0368368551 -0.00185064762
v -0.00948485918 0.0367960408 -0.00167348771
v -0.00949254353 0.0368353054 -0.00165801751
v -0.00949037541 0.0368554778 -0.00150509924
v -0.00950311776 0.0369408019 -0.00144404487
v -0.00953163765 0.0373291746 -0.0012028967
v -0.00954221841 0.0373297073 -0.00127323554
v -0.00953471847 0.0372781456 -0.00123782002
v -0.00952297263 0.0371280275 -0.00130628597
v -0.00951817539 0.0371105969 -0.00127486
v -0.00950201042 0.0369607247 -0.00137140288
v -0.00942426082 0.0373350084 -0.00105162442
v -0.00946326461 0.0373324491 -0.00108484412
v -0.00943775009 0.0372668989 -0.00106656051
v -0.00950615108 0.0373300612 -0.00114237808
v -0.00933969859 0.0372701362 -0.00101648539
v -0.00933154393 0.0373419635 -0.00101387501
v -0.00931445975 0.0370384902 -0.00107072946
v -0.00928917248 0.0368311368 -0.00120967755
v -0.00929159205 0.0367146172 -0.00215905695
v -0.00926788244 0.0366068259 -0.00189226377
v -0.00926164538 0.0366024673 -0.00164239353
v -0.00927062053 0.0366852768 -0.00140135409
v -0.00935092755 0.0371266492 -0.00247793482
v -0.00937110744 0.0373612531 -0.00250409893
v -0.00935622305 0.0373622328 -0.00250777858
v -0.00932341814 0.0369072147 -0.00236701453
v -0.0094471937 0.0373559333 -0.00246706977
v -0.00940464996 0.0373589694 -0.00249179685
v -0.00938267726 0.0371267386 -0.00246690027
v -0.00949971657 0.0373518653 -0.00241610454
v -0.00946678966 0.0373544767 -0.00245138467
v -0.00944789406 0.0371329449 -0.00242576678
v -0.00950920023 0.037150465 -0.00235118181
v -0.00952618197 0.0373495519 -0.00237434916
v -0.00955737103 0.0373454951 -0.00224248064
v -0.00955309719 0.037346594 -0.00229477743
v -0.00948715303 0.0369640477 -0.00225915154
v -0.00946197938 0.036800161 -0.0020868287
v -0.00944335945 0.0367080905 -0.00186583365
v -0.00943844207 0.0367038287 -0.00165886304
v -0.00944542512 0.0367736034 -0.00145924767
v -0.00946002267 0.0368970968 -0.00130066671
v -0.00948012527 0.0370730422 -0.00118603499
v -0.00950047746 0.0372699536 -0.00114186993
v -0.00952064618 0.0373294577 -0.00117187318
v -0.00942252763 0.0369257927 -0.00232245633
v -0.00939334091 0.0367439389 -0.0021289438
v -0.00937166996 0.0366420336 -0.0018807312
v -0.00936595909 0.0366375968 -0.00164824084
v -0.00937414169 0.0367153212 -0.00142396125
v -0.00939112436 0.0368526243 -0.00124568027
v -0.00941438321 0.0370481461 -0.00111661828
v -0.00935557112 0.0369094498 -0.0023575318
v -0.00932425447 0.0367187597 -0.0021525512
v -0.00930093974 0.0366120152 -0.00188959565
v -0.00929481164 0.0366075933 -0.00164330692
v -0.00930362754 0.0366894305 -0.00140570977
v -0.00932188146 0.0368336998 -0.00121678656
v -0.00934678875 0.0370389335 -0.00107987621
v -0.0093716858 0.0372683369 -0.00102651573
v -0.00937654637 0.0373384543 -0.0010260269
v -0.0095618777 0.0378686897 -0.00166425854
v -0.0095637301 0.0378707089 -0.00185141631
v -0.00955236889 0.0373369195 -0.00175857462
v -0.00956790056 0.0377605334 -0.00206225854
v -0.00956148189 0.0377558507 -0.00145654299
v -0.00955555774 0.0375345014 -0.00130468432
v -0.00956707634 0.0375520252 -0.00220972463
v -0.009549913 0.0375887938 -0.00230782852
v -0.00954899844 0.0378002301 -0.00217689388
v -0.00949240569 0.037868306 -0.0022399046
v -0.00928989705 0.0381475277 -0.00161059096
v -0.00928935874 0.0381659046 -0.00175791583
v -0.00933668856 0.0381663777 -0.00175738742
v -0.00929296296 0.0381469876 -0.00191345217
v -0.00929934438 0.0380945243 -0.00205830554
v -0.0093460232 0.0381000228 -0.00204465841
v -0.00954013318 0.0377920978 -0.00133931253
v -0.00953825377 0.0379409082 -0.00153235672
v -0.00948225148 0.0378608853 -0.00127701531
v -0.00941482 0.0376514569 -0.00244607171
v -0.00945837144 0.0376408324 -0.00242255675
v -0.00949638896 0.0376265272 -0.00239087106
v -0.00936036836 0.0379198566 -0.00229275064
v -0.0093104858 0.0379641354 -0.00225153123
v -0.00932032708 0.037647631 -0.0024697003
v -0.0092905378 0.0381618962 -0.00183052616
v -0.00929316506 0.0380973071 -0.00147084345
v -0.0093032755 0.0376899801 -0.0010765068
v -0.00948049407 0.0376134701 -0.00112763268
v -0.00944159552 0.0376280248 -0.00109715224
v -0.00939736143 0.0376389921 -0.00107506965
v -0.0093495911 0.037645977 -0.00106226746
v -0.0095361881 0.0375757068 -0.00120909512
v -0.00938593317 0.0381544046 -0.00175703014
v -0.00939484313 0.0380887389 -0.00203866302
v -0.00943264086 0.038130451 -0.00175685866
v -0.0094408337 0.0380666405 -0.00202906225
v -0.00947471801 0.0380953737 -0.00175684842
v -0.00948197674 0.0380344652 -0.00201621931
v -0.00954260584 0.0379447974 -0.0019826733
v -0.00936745387 0.0376580581 -0.00246046833
v -0.00940838922 0.0379104279 -0.00228179502
v -0.00930171926 0.0379146002 -0.00122499326
v -0.0092982091 0.0380064659 -0.00132479414
v -0.00934897177 0.0379134417 -0.00122707349
v -0.00934048276 0.0380973034 -0.00147175684
v -0.00939726271 0.0379037671 -0.00123684353
v -0.00953752548 0.0379973054 -0.00175720733
v -0.0094770221 0.0380311422 -0.00149855507
v -0.00943562575 0.0380635895 -0.00148595963
v -0.00938943122 0.038085904 -0.00147690182
v -0.00678944122 0.0410429537 0.000205807053
v -0.00665473007 0.0412309915 7.59040777e-05
v -0.00694135576 0.041305583 -0.000121468154
v -0.0088001471 0.0382748432 0.000944443629
v -0.00880440511 0.0378750674 0.00101776188
v -0.00873979181 0.0372454859 0.00108962203
v -0.0080365669 0.0400886387 0.000269991375
v -0.00841497164 0.0394114889 0.000604246801
v -0.00872690417 0.0386833437 0.000850413518
v -0.00717691705 0.0412917323 -0.000394122879
v -0.00700371806 0.0413105153 -0.000180977688
v -0.00699264929 0.0407459848 0.000393197784
v -0.0071505066 0.0406511612 0.000425036385
v -0.00755672297 0.0399688073 0.000775792927
v -0.00744405715 0.0400004908 0.000782959803
v -0.0079057049 0.0392423831 0.00106111646
v -0.0077785668 0.0393161103 0.00105332094
v -0.00804012921 0.0386531055 0.0012358611
v -0.00815356057 0.0385731347 0.00124165055
v -0.0080672605 0.0385483727 0.0012586955
v -0.00810563844 0.0382087156 0.00132319878
v -0.00819045585 0.0379436873 0.00135575118
v -0.00809904188 0.0379481837 0.00136491132
v -0.00806362554 0.037551254 0.00141707098
v -0.00805517472 0.0368076935 0.00146681454
v -0.00864317082 0.0366539694 0.00111376541
v -0.0083725974 0.0367300324 0.00134970364
v -0.00852016546 0.0379169844 0.00124670274
v -0.00851997361 0.0382843763 0.00118226069
v -0.00846338086 0.0386469588 0.00110364368
v -0.00818367768 0.0393559299 0.000885686371
v -0.00782219227 0.0400650874 0.000570443866
v -0.00741437962 0.0407226868 0.00020772127
v -0.00664700195 0.0417417102 -0.000496655004
v -0.00616929913 0.0423480533 -0.00113819237
v -0.00585887209 0.0428186953 -0.00192626426
v -0.0057384586 0.0430516116 -0.00249181176
v -0.00579770142 0.0431661606 -0.00301311049
v -0.0052942778 0.0432518609 -0.00301310723
v -0.00548454421 0.0432505459 -0.00301311025
v -0.00530857034 0.0432201996 -0.00290192408
v -0.00538822822 0.0430668555 -0.00241751573
v -0.00543366373 0.0429532044 -0.00212303572
v -0.0055063949 0.0428194143 -0.00182097009
v -0.00584854512 0.0423176214 -0.000977199292
v -0.00562499836 0.0426203869 -0.00144167338
v -0.00583070889 0.0423130654 -0.00097054895
v -0.00635305746 0.04168633 -0.000295527047
v -0.00619705068 0.0418271124 -0.000418686628
v -0.00587195391 0.0422556847 -0.000894879224
v -0.00392016163 0.0435506292 -0.00380331534
v -0.00392151577 0.0433848575 -0.00269705686
v -0.00296920608 0.0435515195 -0.00314121321
v -0.00107996888 0.0388334095 0.00115586945
v -0.000849799078 0.0388567857 0.00103918812
v -0.00164266629 0.0390715301 0.00129247783
v -0.000175217705 0.0424974523 -0.00610044971
v -0.000595840451 0.042842783 -0.00610045483
v -0.000685159815 0.0429123752 -0.00522642257
v -0.0039177197 0.0436434336 -0.0051721409
v -0.0039195111 0.0435833707 -0.00414636312
v -0.00299848942 0.043623209 -0.00410654163
v -0.00308936532 0.0436657071 -0.00610045064
v -0.00219413964 0.0435471572 -0.00515443971
v -0.00237110537 0.0435801558 -0.00610046601
v -0.0014083517 0.0433041342 -0.00519169029
v -0.00137278321 0.0432803668 -0.00610046461
v -0.00120722689 0.0432048701 -0.00610046415
v 0.00134538731 0.0400597341 -0.00582707208
v 0.00134550163 0.0400622226 -0.00610040594
v 0.00100919895 0.0407789722 -0.00610042596
v 0.00096033921 0.0408525728 -0.00531037571
v 0.000907936017 0.0408614166 -0.00447488343
v 0.00134163152 0.0399861187 -0.00472809793
v 0.000861070759 0.0407838039 -0.00367685826
v 0.0013317659 0.0397924595 -0.00364496489
v 0.000828965858 0.0406096242 -0.00294561381
v 0.00132580183 0.0396532975 -0.00316078239
v 0.00032094543 0.0411499478 -0.00196747878
v 0.000844265625 0.0399365425 -0.00171221572
v 0.00131990598 0.0394575112 -0.00264799478
v 0.00132185675 0.0395356417 -0.0028351869
v 0.00132061867 0.0390350781 -0.00188704929
v 0.00131799118 0.0391836055 -0.00211652648
v 0.00131768687 0.0392545685 -0.00223904615
v 0.00133172423 0.0387907661 -0.00157312199
v 0.000936850673 0.0388432518 -0.000737839204
v 0.000894851633 0.0394168198 -0.00121043634
v 0.000426896237 0.0392991528 -0.000274322985
v -0.000202272204 0.0394350588 0.000354030984
v 6.82923637e-05 0.0388937853 0.000376942073
v 0.000519540044 0.0388791859 -0.000117150128
v -0.00168904092 0.0387439393 0.00139617233
v -0.00245927344 0.0389216207 0.00150818808
v -0.00244116946 0.03858063 0.00158504874
v -0.00285186432 0.0384649113 0.00164989138
v -0.00329550868 0.0386882424 0.00162282796
v -0.00327394437 0.0383275785 0.00169398519
v -0.00335172401 0.0391611308 0.0015293092
v -0.00414271327 0.0390305407 0.00154592004
v -0.00409810059 0.0387014858 0.00161273754
v -0.00310029439 0.0418865383 0.00042050911
v -0.00397755159 0.0415660813 0.000553810271
v -0.00404730719 0.040917255 0.00094044162
v -0.00303697377 0.0425129011 -0.000198400434
v -0.00392986415 0.042287942 -0.000124259022
v -0.00394049333 0.0420620926 0.000126599596
v -0.00391949248 0.0430220105 -0.00141713547
v -0.00391908782 0.042843096 -0.0010070873
v -0.00300321099 0.0429614484 -0.000899304636
v -0.00392024452 0.0426648781 -0.000670724665
v -0.00392381987 0.0424754918 -0.000372375158
v -0.00298238336 0.0432310291 -0.0015547385
v -0.00296953041 0.0433882847 -0.00212488696
v -0.00392042473 0.0431622565 -0.00181750476
v -0.00215119147 0.0435376503 -0.00418524211
v -0.00140149728 0.0433140509 -0.00425562728
v -0.000722769357 0.0429418087 -0.00431600679
v -0.00147732534 0.0418377668 6.03171975e-05
v -0.000798500725 0.0415530391 -0.000265196257
v -0.00142665708 0.042389743 -0.000532175589
v -0.000768992701 0.0420386344 -0.000810875616
v -0.00139704929 0.0427843146 -0.00118679495
v -0.000751438027 0.0423936769 -0.00140323245
v -0.00137893844 0.0430211425 -0.00180258462
v -0.000739149575 0.042618677 -0.00196391577
v -0.00137023127 0.0431579575 -0.00234942138
v -0.000731577922 0.0427595116 -0.00247305329
v -0.00225116429 0.0419532843 0.000288159295
v -0.00218681456 0.0425540879 -0.000328155234
v -0.00214905827 0.0429802351 -0.00101963431
v -0.00212481339 0.0432303771 -0.00166771491
v -0.00211101607 0.0433703773 -0.00223473157
v -0.00392446481 0.0380807221 0.00172564771
v -0.0024998833 0.0393710323 0.00141239667
v -0.00167384441 0.039485652 0.00119103433
v -0.000914774835 0.0395032242 0.000851588673
v -0.000469982624 0.0388821885 0.000808567915
v -0.00013798436 0.0388928056 0.000559296866
v -0.000196706882 0.0411234871 -0.000690211076
v 0.000344565051 0.040576376 -0.00118389016
v -0.00019327701 0.0415315181 -0.0011614369
v 0.000329123461 0.0408954211 -0.00156319537
v -0.00019071791 0.0418412089 -0.00166633097
v 0.000385793974 0.0397706702 -0.000537682616
v -0.00021936094 0.0400588214 7.06536302e-05
v -0.00090294762 0.0402599201 0.000567506475
v -0.00164602953 0.0403535068 0.000918354606
v -0.00246451655 0.0403273292 0.00114888791
v -0.00332485558 0.0401800089 0.00127030292
v -0.00416145474 0.0393750519 0.00146823539
v 0.000362576189 0.0402064025 -0.000845542818
v -0.00020731987 0.0406393446 -0.000283150701
v -0.000846592768 0.0409687981 0.00018982547
v -0.00155544817 0.041170191 0.000537163694
v -0.00234977948 0.0412261896 0.000770453014
v -0.00320307491 0.0411300287 0.000896071899
v -0.00413455022 0.0400895998 0.00127026369
v -0.000176028756 0.0421959832 -0.00260537909
v -0.000728160667 0.0429053716 -0.0034170337
v -0.00137823401 0.0432845503 -0.00333536905
v -0.00211541611 0.0434987321 -0.00324347359
v 0.000616256089 0.0415241197 -0.00610043621
v 7.07906511e-05 0.0422489084 -0.00610044645
v 0.000514759449 0.0416641533 -0.00527663715
v -3.61643397e-05 0.0423611663 -0.0052521145
v 0.000434334332 0.0417087115 -0.00440688385
v -0.00010830121 0.0424068347 -0.00436052866
v 0.000371459028 0.0416524708 -0.003566097
v -0.000150572931 0.0423613787 -0.00348691409
v 0.000331425195 0.0414771624 -0.00275837258
v 0.000861070992 0.0407838039 -0.00852401089
v 0.000828959572 0.0406096056 -0.00925523695
v 0.000331425952 0.0414771549 -0.00944248121
v -0.00320308004 0.0411299914 -0.0130968997
v -0.00310029206 0.041886501 -0.0126213524
v -0.00225116964 0.0419532508 -0.0124890003
v -0.0014266551 0.0423897132 -0.0116686802
v -0.00139704789 0.0427842923 -0.0110140741
v -0.000751436513 0.0423936509 -0.010797631
v -0.00332485372 0.0401799791 -0.0134711191
v -3.61724778e-05 0.0423611775 -0.00694879331
v 0.000514751358 0.0416641645 -0.00692426832
v 0.000960338861 0.0408525802 -0.00689052697
v -0.0029984815 0.0436232015 -0.00809435826
v -0.00296952948 0.0433882698 -0.0100759855
v -0.0029823822 0.0432310142 -0.0106461328
v -0.00300321705 0.0429614261 -0.0113015678
v -0.00303697889 0.0425128676 -0.0120024607
v -0.00245927321 0.0389216244 -0.0137090003
v -0.00269217603 0.0385106727 -0.013824855
v -0.00349232019 0.0382489972 -0.0139073646
v -0.00164266629 0.0390715301 -0.0134932864
v -0.00158840464 0.0387620516 -0.0135614686
v -0.00191257941 0.0387018323 -0.0136608649
v -0.0012471911 0.0388131738 -0.0134323444
v -2.37355416e-05 0.0388879851 -0.0126545206
v -0.000614187447 0.0388720073 -0.0130997282
v -0.000914774428 0.0395032167 -0.0130523993
v -0.000849887903 0.0388555788 -0.0132397329
v -0.00167384371 0.0394856445 -0.0133918449
v -0.000202272189 0.0394350626 -0.012554842
v 0.000426896702 0.0392991453 -0.0119264871
v 0.000518244808 0.0388726033 -0.012086954
v 0.000927255547 0.0388395004 -0.0114818113
v 0.00084426644 0.0399365313 -0.010488607
v 0.00131838431 0.039254114 -0.00996155292
v 0.00131856441 0.0392026827 -0.0100512328
v 0.00032094674 0.0411499292 -0.0102333669
v 0.00132059923 0.0394569971 -0.00955258496
v 0.00132189621 0.0395098999 -0.00942800939
v 0.00132667273 0.0396528095 -0.00903991703
v 0.001332563 0.0397906229 -0.00856370199
v 0.00134540012 0.0400583073 -0.00645301631
v 0.00134125666 0.0399761647 -0.00757070538
v 0.000907928683 0.0408614203 -0.00772600388
v -0.000731577165 0.0427595042 -0.0097278161
v -0.00137823378 0.0432845503 -0.00886551291
v -0.000728160318 0.0429053679 -0.00878384523
v -0.00140149728 0.0433140509 -0.00794526469
v -0.000722769299 0.0429418087 -0.00788488612
v -0.00140835927 0.0433041342 -0.00700922124
v -0.000685167557 0.0429123789 -0.0069744871
v -0.00215118378 0.0435376428 -0.00801565405
v -0.00219413964 0.0435471609 -0.00704647833
v -0.00073914876 0.0426186696 -0.0102369487
v -0.00137893716 0.0430211201 -0.0103982836
v -0.00137023046 0.0431579463 -0.00985144917
v -0.00211541611 0.0434987359 -0.00895740744
v -0.00296920538 0.0435515121 -0.00905966945
v -0.00211101538 0.0433703661 -0.00996614341
v -0.00212481222 0.0432303622 -0.0105331605
v -0.00214906386 0.042980209 -0.0111812344
v -0.00218681991 0.0425540544 -0.0118727069
v 0.000329131901 0.0408954062 -0.0106376428
v -0.000193275191 0.0415314883 -0.011039407
v -0.000196705092 0.0411234573 -0.0115106218
v -0.000798499212 0.0415530168 -0.011935642
v -0.000846598414 0.0409687683 -0.0123906545
v -0.00155545375 0.0411701612 -0.0127379894
v -0.00164603593 0.0403534919 -0.0131191704
v -0.00246451539 0.0403273106 -0.0133497054
v -0.00249988236 0.0393710211 -0.0136132091
v -0.00335172331 0.0391611196 -0.0137301208
v -0.00329550868 0.0386882499 -0.0138236387
v -0.000207318764 0.0406393297 -0.0119176731
v 0.000344566099 0.0405763611 -0.0110169407
v 0.000362577412 0.0402063876 -0.0113552781
v 0.000894852274 0.0394168124 -0.0109903784
v 0.00132138457 0.039034728 -0.0103134941
v -0.000902946747 0.0402599089 -0.0127683235
v -0.000219359979 0.0400588065 -0.0122714713
v 0.000385794672 0.0397706628 -0.0116631323
v 0.00133173179 0.0387907661 -0.0106276842
v 0.000434326939 0.0417087153 -0.00779400673
v 0.000371459319 0.0416524708 -0.00863477308
v -0.000108308894 0.0424068421 -0.00784036238
v -0.000150580046 0.0423613749 -0.00871396158
v -0.000176035435 0.0421959721 -0.0095954854
v -0.00019071663 0.0418411903 -0.0105345231
v -0.000768998172 0.0420386009 -0.0113899792
v -0.00147732324 0.0418377332 -0.0122611569
v -0.00234978506 0.0412261598 -0.0129712801
v -0.00447815936 0.0433221795 -0.00301311072
v -0.00484714704 0.0432075225 -0.00301310909
v -0.00487303268 0.0431373045 -0.0027601507
v -0.00433892943 0.0435999148 -0.00519795716
v -0.00435519079 0.0435254835 -0.00418607378
v -0.00438634492 0.043388404 -0.00323800324
v -0.00443899026 0.0431824625 -0.0023679554
v -0.00452537369 0.0428934321 -0.00155831221
v -0.00466515636 0.0425080843 -0.000823357026
v -0.00486650877 0.0420561135 -0.000222311952
v -0.00510207051 0.0415683575 0.00024534922
v -0.00555772753 0.0405759737 0.000869593699
v -0.00590211712 0.0396203995 0.00123835506
v -0.00603276771 0.0391195975 0.00137627753
v -0.00604748679 0.0385595709 0.00149909069
v -0.00557383522 0.0374022312 0.00171178521
v -0.00593957258 0.0379173867 0.00160898978
v -0.00711878529 0.036757566 0.00158008409
v -0.00770322559 0.037745811 0.00141495641
v -0.00744296657 0.0366224758 0.00153728342
v -0.00776328426 0.0381100103 0.00136316649
v -0.00777638098 0.0382871702 0.00133476651
v -0.0077388878 0.0386546142 0.00126424292
v -0.00755670015 0.0391429737 0.00114528358
v -0.00533887045 0.0410699286 0.000601106032
v -0.00695573958 0.0401549712 0.000789218699
v -0.0071589225 0.0398367718 0.000920915511
v -0.0061728931 0.0412272885 0.000161022006
v -0.00635376805 0.0409945399 0.00032657705
v -0.00667239027 0.0405657515 0.000586167385
v -0.0051734061 0.0425546132 -0.00136213668
v -0.00542054651 0.0421937406 -0.000809493067
v -0.00575297792 0.0417579673 -0.000303229783
v -0.00506919995 0.0427289158 -0.00169421756
v -0.00471234694 0.0435215645 -0.00488841068
v -0.00468365895 0.0434971377 -0.0045347549
v -0.00452881912 0.0433653109 -0.00330885453
v -0.00499039283 0.0428754613 -0.00201913528
v -0.00347546674 0.0369162932 0.00186291686
v -0.00554110389 0.0370367132 0.00175371417
v -0.00534305396 0.0364153199 0.00180124538
v -0.00495573645 0.0352234095 0.0018286251
v -0.0031958078 0.0361904465 0.00189484924
v -0.00416528294 0.0328797139 0.00185389118
v -0.00136608013 0.0315167904 0.00193971838
v -0.00258350442 0.0283152834 0.00189730572
v -0.000395969255 0.0290591475 0.00196123775
v -0.00716882478 0.0355855264 0.00158935331
v -0.00677932519 0.0341795161 0.00159786525
v -0.00647640694 0.0331046991 0.00160692399
v -0.00581560703 0.0308933444 0.0016293095
v -0.00499390112 0.0284077823 0.00165260164
v -0.0047075022 0.0275934692 0.00166071428
v 0.00567810098 0.024213247 -0.0131720593
v 0.00565808732 0.0241827462 -0.0131923957
v 0.00318424916 0.0302863661 -0.0131245879
v 0.00528624374 0.0236234386 -0.0135136228
v 0.00517538795 0.0239173342 -0.0135100055
v 0.00550280884 0.0239478573 -0.013338807
v 0.00147915375 0.0243336316 -0.0142035801
v -0.000395969604 0.0290591549 -0.0141620543
v 0.000969067565 0.0295247678 -0.0140488315
v 0.00646401988 0.0286622792 -0.00610040966
v 0.00732264994 0.0266916398 -0.0061004078
v 0.00729010627 0.0266325101 -0.00767839979
v 0.00542077329 0.0310591441 -0.00610040873
v 0.00271277386 0.020858869 -0.0142340353
v 0.00230374956 0.0221550521 -0.0142227011
v 0.00357977161 0.0208397843 -0.0141803743
v 0.00386866997 0.0217925962 -0.0141077777
v 0.00414460851 0.0218488257 -0.0140582081
v 0.00297710695 0.0196985062 -0.0142441364
v 0.00307417498 0.0197649896 -0.0142393522
v 0.00299776532 0.0195751153 -0.014245647
v 0.00455918349 0.0238660667 -0.0137642724
v 0.00177233294 0.0235819723 -0.0142101841
v 0.0032019827 0.0237352923 -0.0140983444
v 0.00390039408 0.0238050334 -0.0139598399
v 0.00474394672 0.0228035953 -0.013836639
v 0.00528076245 0.0236152504 -0.0135176564
v 0.00255796197 0.0300703533 -0.013522624
v 0.00647842558 0.0265066922 -0.0112147368
v 0.00676820753 0.0265102908 -0.0105498517
v 0.0068633263 0.0260197744 -0.0108436663
v 0.00607561087 0.0248312373 -0.0126814321
v 0.00574152172 0.0264580362 -0.0123239448
v 0.00638778647 0.0253148936 -0.0121439649
v 0.00613668002 0.0264891759 -0.0118047902
v 0.00663915882 0.0256906636 -0.0115601504
v 0.00670678681 0.0257904716 -0.0113686835
v 0.00719347503 0.0264926944 -0.0089594759
v 0.00714166882 0.0264193676 -0.00939064473
v 0.00700749038 0.0264996681 -0.00980618503
v 0.00704826601 0.026286792 -0.00999355689
v 0.00696490845 0.0261671189 -0.0104180314
v 0.00510878628 0.0309518781 -0.00967632234
v 0.00526721124 0.031006597 -0.008748753
v 0.00726863742 0.0266005453 -0.00806760415
v 0.0053494256 0.0310349222 -0.00798654649
v 0.00534985727 0.0310350731 -0.00798139721
v 0.00131820026 0.0296443217 -0.0139771616
v 0.0022071444 0.0299495738 -0.0136888297
v 0.00593920518 0.0246168487 -0.0128704719
v 0.00324173062 0.0303062219 -0.0130800316
v 0.0035359147 0.0304078627 -0.0128253959
v 0.00406918628 0.0305922851 -0.0122149689
v 0.00433049444 0.030682683 -0.0118126338
v 0.00468663871 0.0308058895 -0.0110839615
v 0.00489872508 0.0308792535 -0.0104890615
v 0.00510361744 0.0309500955 -0.00970048551
v 0.00434400328 0.0221676435 0.00179707143
v 0.00386866252 0.0217925962 0.00190695853
v 0.00376142305 0.0211792104 0.00194874383
v 0.00570702925 0.0242740382 0.000936564524
v 0.00318464544 0.0302863512 0.000924301916
v 0.00268563256 0.0301141944 0.00125302759
v 0.00718917232 0.0264889132 -0.00319702015
v 0.00700749038 0.0264996681 -0.00239463011
v 0.00705598295 0.026297031 -0.00224584877
v 0.00730538368 0.0266616475 -0.00499116117
v 0.00534770079 0.0310342778 -0.00421436643
v 0.00728098629 0.0266242735 -0.00438211206
v 0.00726709375 0.0266034529 -0.00413348572
v 0.0052976911 0.031017052 -0.00370848388
v 0.00696477853 0.0261669084 -0.00178291241
v 0.00676820707 0.0265102945 -0.00165096612
v 0.00687796436 0.0260416716 -0.00141849474
v 0.00647842558 0.026506694 -0.00098607922
v 0.00665033842 0.0257080924 -0.000676652184
v 0.00613668002 0.0264891759 -0.00039602755
v 0.00574152172 0.0264580362 0.000123130012
v 0.00638893433 0.0253167786 -5.97507278e-05
v 0.00607169373 0.0248307008 0.000482934178
v 0.00598344859 0.0246957038 0.000606351357
v 0.00403207028 0.0305793397 6.45919499e-05
v 0.00368186296 0.0304581877 0.000479465059
v 0.00364461658 0.0304453056 0.000517944049
v 0.00363414851 0.0304416846 0.000528589648
v 0.00324209011 0.0303061921 0.000879714498
v 0.00545086293 0.0238838028 0.00118085882
v 0.00517538795 0.0239173342 0.00130918738
v 0.00530617684 0.0236632358 0.00129721256
v 0.00455918349 0.0238660611 0.00156345405
v 0.00486478768 0.0229886565 0.00157647883
v 0.00390039431 0.0238050241 0.00175902294
v 0.00296754693 0.0197596587 0.00204277434
v 0.00299776555 0.0195751116 0.00204482698
v 0.00325541617 0.0201822016 0.00202335371
v 0.00320198317 0.0237352811 0.00189752912
v 0.002156829 0.0225618966 0.00201830827
v 0.0026544719 0.0210681055 0.00203137915
v 0.00293494598 0.0199353117 0.0020412486
v 0.00122507382 0.0249771886 0.00199709926
v 0.00177259813 0.0235821642 0.00200935593
v 0.00257737073 0.0300768875 0.00131231907
v 0.00220726104 0.0299494881 0.00148826651
v 0.00213935692 0.0299261324 0.00151646975
v 0.00133567979 0.0296502616 0.00177111477
v 0.000916263321 0.0295066722 0.00185557758
v 0.00510874484 0.0309518147 -0.00252450816
v 0.0051036058 0.0309500396 -0.00250033336
v 0.00495661842 0.0308992174 -0.00190481171
v 0.00466992939 0.0308000501 -0.00107401237
v 0.00441414816 0.030711554 -0.000536266714
v 0.00406916207 0.0305921808 1.41040664e-05
v 0.0032277659 0.0358220823 -0.00401961524
v 0.00344558782 0.0355597101 -0.00610041013
v 0.00247160927 0.0340461321 0.000181437747
v 0.00286451215 0.0340513289 -0.000328328199
v 0.00321045611 0.0340389274 -0.000913689262
v 0.00350980624 0.0340089314 -0.00157858641
v 0.00376290502 0.0339613594 -0.00232695416
v 0.00397010986 0.033896219 -0.00316222198
v 0.00413177954 0.0338135138 -0.00408601994
v 0.00431859028 0.0335991941 -0.00610041199
v 0.00203180616 0.0340234786 0.000619372469
v 0.00154676242 0.0339841247 0.000988545595
v 0.00101853127 0.0339289792 0.00129186315
v 0.00044916675 0.03385894 0.00153222249
v -0.000159263494 0.033774931 0.00171252654
v -0.00232025771 0.0372485183 0.00178756495
v -0.00179504848 0.0360141806 0.00183110603
v -0.000627864327 0.0375402793 0.00131052826
v -0.00116268918 0.0374549739 0.0015255179
v 0.00033852426 0.0376692899 0.00069023174
v -0.000126431798 0.0376121029 0.00103359192
v 0.000763940683 0.0377107114 0.000275972066
v 0.00114715088 0.037735343 -0.000213876658
v 0.00148717803 0.0377427749 -0.000784856209
v 0.00178347749 0.0377327353 -0.00144272274
v 0.00203547557 0.0377049409 -0.00219323044
v 0.00304723973 0.0359323509 -0.00307574007
v -0.000804712821 0.0336778425 0.00183567801
v -0.000566596224 0.0361331329 0.00155560323
v -1.03293951e-06 0.0361745879 0.0013311475
v 0.000528454955 0.0362023748 0.00104378525
v 0.00101912231 0.0362152755 0.00068968744
v 0.00146824028 0.0362120494 0.000265029521
v 0.00187349506 0.0361916423 -0.000234222607
v 0.0022342361 0.0361536779 -0.000812917715
v 0.00255025877 0.0360979438 -0.00147611147
v 0.0028213358 0.0360242352 -0.00222886167
v 0.00203547557 0.0377049446 -0.0100075845
v 0.00413177907 0.033813525 -0.00811480172
v 0.00322775822 0.0358220823 -0.00818120595
v 0.0030472395 0.0359323546 -0.00912507717
v 0.00178346981 0.0377327427 -0.0107580908
v 0.00148717768 0.0377427824 -0.0114159547
v 0.00114715053 0.0377353542 -0.0119869346
v 0.0007639408 0.0377107151 -0.0124767851
v 0.000338524056 0.0376692973 -0.0128910439
v -0.000126432147 0.0376121104 -0.0132344011
v -0.00062786456 0.0375402831 -0.0135113411
v -0.00116268953 0.0374549851 -0.0137263285
v -0.00232025795 0.0372485258 -0.0139883747
v -0.00347546674 0.0369162969 -0.0140637271
v -0.00179504871 0.0360141881 -0.014031915
v -0.000804712705 0.0336778462 -0.0140364915
v -0.0031958078 0.0361904502 -0.0140956584
v -0.00136608013 0.0315167904 -0.0141405324
v 0.00101852394 0.0339289792 -0.0134926746
v 0.000449166342 0.0338589512 -0.0137330331
v 0.00350979879 0.0340089351 -0.0106222294
v 0.00321045611 0.0340389274 -0.0112871258
v 0.00286450447 0.0340513326 -0.0118724862
v 0.00247160904 0.0340461321 -0.0123822531
v 0.00203180616 0.0340234824 -0.0128201852
v 0.00154676253 0.0339841284 -0.0131893577
v 0.00397010986 0.033896219 -0.00903859921
v 0.00376289757 0.0339613594 -0.00987386238
v -0.000159263582 0.0337749347 -0.0139133409
v -0.000566596631 0.0361331441 -0.0137564121
v -1.03293655e-06 0.0361745916 -0.0135319578
v 0.000528454606 0.036202386 -0.0132445954
v 0.00101911474 0.0362152793 -0.0128905
v 0.00146823248 0.0362120606 -0.0124658421
v 0.00187348714 0.0361916535 -0.0119665917
v 0.00223423587 0.0361536853 -0.0113878967
v 0.00255025853 0.0360979475 -0.0107247019
v 0.00282133557 0.0360242389 -0.009971953
v -0.00495573645 0.0352234133 -0.0140294349
v -0.00416528294 0.0328797176 -0.0140547045
v -0.00258350465 0.0283152927 -0.0140981218
v -0.00554109691 0.0370367244 -0.0139545221
v -0.00534305396 0.0364153273 -0.014002054
v -0.00185724557 0.0202166289 0.00172989001
v -0.00229503796 0.0211653206 0.00172138691
v -0.00286839623 0.0226285346 0.00171000231
v -0.00398614304 0.0256094225 0.00167944795
v -0.00173930672 0.0188775081 0.00146508391
v -0.00170563033 0.0192298274 0.00158587133
v -0.00170035136 0.0194147825 0.0016331838
v -0.00172274932 0.0197454412 0.00169439078
v -0.0017703058 0.0199668054 0.00171819434
v -0.00176502601 0.0186924413 0.00138235465
v -0.00184659474 0.018209314 0.001082915
v -0.00193096837 0.0178568382 0.000751319749
v -0.00204450311 0.0176144857 0.000380338985
v -0.00218728208 0.0174617711 -7.37253067e-05
v -0.00234201062 0.0173852928 -0.000677921693
v -0.00244986685 0.0173541978 -0.001251871
v -0.00254165358 0.0173226446 -0.00193870452
v -0.00264963158 0.0172869302 -0.00327392714
v -0.00271100877 0.0172624215 -0.00540934363
v -0.00512993056 0.0432359092 -0.00301311049
v 0.00240534474 0.0169821531 0.00205853651
v 0.00263221795 0.0182283781 0.00204977021
v 0.00212502456 0.0179398432 0.00205398118
v -0.00174448802 0.00841454603 0.00185799797
v -0.000533380196 0.00846134778 0.00201533781
v 6.91465975e-05 0.014072773 0.00190484116
v 0.000269830809 0.00552177895 0.00218474446
v 0.00161274709 0.00471327873 0.00226312317
v 0.00203745556 0.00620972179 0.00223888457
v -0.00196845946 0.00667111669 0.00187514222
v -0.00114192674 0.00627423683 0.00202710228
v -0.000571640907 0.0154455509 0.00180232001
v -0.000658034638 0.0148059949 0.00180807838
v -0.000903448265 0.013266677 0.00181981723
v 0.0011690706 0.0167988893 0.0019824449
v -0.000547176925 0.0164852366 0.00177367264
v 0.00116981147 0.015967438 0.00199733442
v -0.00054217258 0.0157324579 0.0017986024
v 0.000985239632 0.0184554234 0.00196044636
v -0.00090744358 0.018055154 0.00174648769
v -0.0006689367 0.0172433555 0.00175476016
v -0.00104729529 0.0184290633 0.00174412096
v 0.00079543062 0.0192593783 0.00195551314
v -0.0013911787 0.0192278437 0.00173821475
v 0.000235576823 0.0209428072 0.00194635394
v -0.000414289912 0.0226330832 0.00193835108
v -0.00106725912 0.0243512988 0.00192923215
v 0.000164336496 0.0244812779 0.0019908878
v 0.000814265339 0.0228109378 0.00200605253
v 0.00141912582 0.0211712997 0.0020211977
v 0.00189737161 0.0195137244 0.00203735521
v 0.00227335328 0.00429887231 0.00226496416
v 0.00227006176 0.00688356487 0.00223057205
v 0.00208892301 0.00852001645 0.00219664001
v 0.00223488011 0.0134987328 0.00211830717
v 0.00218204735 0.0147076268 0.00209999923
v 0.00227490533 0.0155853014 0.00207922491
v 0.00218655099 0.016294729 0.00207903935
v 0.00234864978 0.0165300239 0.00206412328
v 0.00110177451 0.0143712703 0.00201941328
v 0.000778072455 0.00845460687 0.00213760603
v 0.000667433196 0.00622096378 0.00219471869
v -0.000711864093 0.00628294051 0.00207315828
v 0.00110755081 0.0176399089 0.00196682638
v -0.000500775001 0.00594468135 0.00210438087
v 0.00405950472 0.0202189684 -0.0139328074
v 0.00461851014 0.0212405939 -0.0137878796
v 0.00449571852 0.0210285429 -0.0137239452
v 0.00654829433 0.0242860392 -0.0119786458
v 0.00624075765 0.023821488 -0.0124929706
v 0.00634922553 0.0239853859 -0.0124725364
v 0.00748517411 0.0256832745 -0.00765086105
v 0.00742338877 0.0255913343 -0.00757559948
v 0.00740212994 0.0255606733 -0.00882791635
v 0.00734656444 0.0254774541 -0.00870773662
v 0.00734327128 0.0254734959 -0.00933904666
v 0.00722133648 0.0252915807 -0.00970299356
v 0.00703304727 0.0250114892 -0.0106346821
v 0.00716977101 0.0252158083 -0.0103494637
v 0.00725711929 0.0253456347 -0.00990334898
v 0.00657335296 0.0243231971 -0.0120943962
v 0.00662610307 0.0244025923 -0.0119905863
v 0.00680203736 0.0246666558 -0.0113919238
v 0.00686038099 0.0247542318 -0.0114373909
v 0.00707351416 0.0250725131 -0.0107511207
v 0.00550407032 0.0226868764 -0.0132423844
v 0.00562484423 0.0228756629 -0.0132663753
v 0.00588851655 0.0232836362 -0.0129140681
v 0.00600120286 0.0234565474 -0.012917337
v 0.00614944613 0.0236826185 -0.0127449594
v 0.0054728766 0.0226378869 -0.0132644679
v 0.00513726613 0.0221024808 -0.0135758417
v 0.00508139655 0.0220133644 -0.0134956734
v 0.00506624533 0.02198877 -0.0135031128
v 0.00464941841 0.0212934781 -0.0137776947
v 0.00464922469 0.0212945435 -0.0136751598
v 0.0045745573 0.0211660061 -0.0136996824
v 0.00413055113 0.0203581918 -0.0138187744
v 0.00391083397 0.0199147537 -0.0138624692
v 0.00364785013 0.0193181392 -0.0140045136
v 0.00364778866 0.0193184391 -0.0139038209
v 0.00363738905 0.019292146 -0.0140060745
v 0.00350337639 0.0189396702 -0.013922601
v 0.00330935349 0.0183263738 -0.0140483743
v 0.00323026627 0.0180199239 -0.0139526278
v 0.00314707216 0.0176400021 -0.0140650887
v 0.00313972658 0.0175998248 -0.0139623219
v 0.00313929329 0.0175999645 -0.0140658766
v 0.00313762156 0.0175899789 -0.0139625082
v 0.00307061733 0.0171974581 -0.0140730292
v 0.00298654358 0.016488919 -0.0139814699
v 0.00295465277 0.0160350651 -0.0140881315
v 0.00293514598 0.0155766131 -0.0139938341
v 0.00292552612 0.0150402468 -0.0140003534
v 0.00293457834 0.0155766215 -0.0140934354
v 0.00293749874 0.0156639498 -0.0140924128
v 0.00297517586 0.00930833071 -0.0140664298
v 0.00296788244 0.00386476028 -0.0141419806
v 0.00297972956 0.0085326964 -0.0141774425
v 0.00296784658 0.00386473699 -0.0142424228
v 0.0029762811 0.00911784265 -0.0141697628
v 0.00297585642 0.00918429811 -0.0141689032
v 0.00296644075 0.0105664507 -0.0140509773
v 0.00296257716 0.0111350361 -0.0141440788
v 0.00296214386 0.0111350408 -0.0140444972
v 0.00293294783 0.0137622813 -0.0141149452
v 0.00292462669 0.014522979 -0.0141059551
v 0.00259607262 0.0180846266 -0.0142689198
v 0.00235823379 0.0166196246 -0.0142825292
v 0.00226238812 0.0151688522 -0.0142978653
v 0.00223676744 0.0120923184 -0.0143402815
v 0.00227335305 0.00429887697 -0.014465794
v 0.00203695614 0.0062097148 -0.0144397132
v 0.00171648245 0.00464850338 -0.0144657837
v 0.000666394015 0.00622100011 -0.0143954782
v 0.000325840199 0.005489856 -0.0143905366
v -0.000713407062 0.00628304528 -0.0142738298
v -0.000500767026 0.0059446753 -0.0143053029
v -0.00109338085 0.00624992792 -0.0142343016
v 0.0021816513 0.0147075029 -0.0143008064
v 0.00218616938 0.0162946135 -0.0142798442
v 0.00212464272 0.0179397333 -0.0142547842
v 0.00189696602 0.0195136387 -0.0142381582
v 0.00141868985 0.0211712252 -0.0142220007
v 0.000813806197 0.0228108764 -0.0142068537
v 0.000163876262 0.0244812351 -0.0141916927
v -0.00106817903 0.024351202 -0.0141299851
v -0.000415207644 0.0226329491 -0.0141391028
v 0.000234691179 0.0209426321 -0.0141470982
v 0.000794612803 0.0192591939 -0.0141562531
v -0.00109498377 0.0185495578 -0.013944502
v 0.000984460115 0.0184552204 -0.0141611844
v -0.000769370061 0.0176220145 -0.0139496196
v 0.00110679446 0.0176396929 -0.014167564
v -0.000595757097 0.0168282352 -0.0139625929
v -0.000553467951 0.0164719243 -0.0139747504
v 0.0011683373 0.0167986602 -0.0141831851
v -0.000539408415 0.0160783175 -0.0139877591
v -0.00057560904 0.0154720265 -0.0140022915
v 0.00116906338 0.015967207 -0.0141980769
v -0.000600651605 0.0152470432 -0.0140058296
v 0.000777081121 0.00845458824 -0.0143383555
v 0.00208843988 0.00851998478 -0.0143974647
v 0.00110097451 0.0143710338 -0.0142201558
v 6.80442317e-05 0.0140724722 -0.0141055454
v -0.000534830906 0.00846140366 -0.0142160216
v -0.000869726704 0.0134806018 -0.0140208164
v -0.00170542079 0.00867197756 -0.0140585154
v -0.00196845946 0.00667112088 -0.0140759731
v -0.00174547953 0.0155973006 -0.0128508378
v -0.00187360786 0.01465136 -0.012859175
v -0.00221897638 0.0146971801 -0.0121591846
v -0.00184465072 0.0171797704 -0.0127759073
v -0.00263488293 0.017027406 -0.0089512812
v -0.0037526146 0.0095879063 -0.00762685854
v -0.00402343459 0.00752454111 -0.00842753891
v -0.00377044408 0.00958967302 -0.00610041292
v -0.0040719891 0.00754261529 -0.00610041432
v -0.00368302339 0.00958114583 -0.00901246443
v -0.0035711166 0.0095703071 -0.0101218205
v -0.00389678054 0.00747731328 -0.00998832192
v -0.00342727033 0.00955639035 -0.0109957699
v -0.00371067505 0.00740664452 -0.0111537259
v -0.00308530964 0.00952331442 -0.0121940672
v -0.00348237925 0.00731788762 -0.0120088123
v -0.00274019712 0.00948992278 -0.0128982915
v -0.00316655962 0.00719132228 -0.0127552412
v -0.00244865473 0.00946169905 -0.0133593716
v -0.00275436742 0.00701951096 -0.0134389726
v -0.00216853642 0.00943466183 -0.0136883259
v -0.00244048005 0.00688361423 -0.0137902955
v -0.00186191173 0.00940508954 -0.0139202205
v -0.00208299072 0.00672347192 -0.0140254479
v -0.000869929732 0.0155036217 -0.0138640329
v -0.00100051367 0.014535713 -0.0138739077
v -0.000850921089 0.0164484791 -0.0138339223
v -0.00101913756 0.0173851568 -0.0138062816
v -0.00133128744 0.0183207896 -0.013791021
v -0.00157973857 0.0172415413 -0.0132398792
v -0.00161406025 0.018211795 -0.0135508236
v -0.00214115391 0.0171185881 -0.012076593
v -0.00242584199 0.0170645583 -0.0108967926
v -0.00281879446 0.0147767207 -0.00899530854
v -0.00288867741 0.0147860218 -0.00761774648
v -0.00270873308 0.016330719 -0.00760744
v -0.00264122756 0.0163329486 -0.00897599384
v -0.00258210232 0.0156866498 -0.0100934179
v -0.00270640547 0.0147618046 -0.0100984024
v -0.00243696757 0.015671175 -0.0109615102
v -0.00256198249 0.0147426538 -0.0109675247
v -0.0020923221 0.0156344008 -0.0121517582
v -0.00285806973 0.012890677 -0.0109775215
v -0.0025160925 0.0128450543 -0.0121715283
v -0.00217148359 0.0127990702 -0.0128730107
v -0.0018811943 0.012760316 -0.0133319413
v -0.00172081764 0.0163813122 -0.012819536
v -0.00205877866 0.0163615122 -0.012121846
v -0.00239238655 0.0163441952 -0.0109362761
v -0.00253242627 0.0163375866 -0.0100722313
v -0.00160288066 0.0127232699 -0.0136593729
v -0.00158311252 0.0146127874 -0.0133169414
v -0.00145401852 0.0155660007 -0.0133078992
v -0.00143337739 0.0164012685 -0.013276956
v -0.00129833026 0.0126827694 -0.0138902701
v -0.00130489387 0.0145759722 -0.0136435498
v -0.00117507426 0.0155362114 -0.0136340037
v -0.00115557783 0.0164234787 -0.0136036193
v -0.00131364388 0.0173089784 -0.0135723809
v -0.0027735373 0.0157947671 -0.00610041246
v -0.0029065283 0.0147884395 -0.00610041339
v -0.00339888572 0.0117744161 -0.00610041292
v -0.00318366033 0.0129341809 -0.00762097118
v -0.00311401463 0.0129248509 -0.00900137704
v -0.00300201075 0.0129098846 -0.0101066912
v -0.00161405979 0.0182117838 0.00134999957
v -0.00263488293 0.0170274042 -0.0032495393
v -0.00288867741 0.0147860199 -0.00458307797
v -0.00242584175 0.0170645546 -0.00130403019
v -0.00184465048 0.0171797629 0.000575083541
v -0.00214115367 0.0171185825 -0.000124227969
v -0.00133128744 0.0183207896 0.00159019779
v -0.00101913756 0.0173851531 0.00160545832
v -0.000850920798 0.0164484717 0.00163310091
v -0.000869929907 0.0155036226 0.00166321208
v -0.00129833037 0.0126827694 0.00168944604
v -0.0021904076 0.00677177962 0.00176780776
v -0.00375261484 0.00958790816 -0.0045739701
v -0.00402237149 0.00752301654 -0.00375077198
v -0.00368302362 0.00958114956 -0.00318836491
v -0.00389436004 0.00747473119 -0.00218936498
v -0.00357111637 0.0095703043 -0.00207900908
v -0.0037070699 0.00740462914 -0.00102759199
v -0.0034272701 0.00955638476 -0.00120505795
v -0.00347987656 0.00731716817 -0.000183190161
v -0.00308530987 0.00952331442 -6.76076661e-06
v -0.00318154227 0.00719715049 0.000523793919
v -0.00274019688 0.00948991627 0.00069746346
v -0.00282988395 0.0070518502 0.00113011117
v -0.00244866218 0.00946169533 0.00115854596
v -0.00250511151 0.0069110631 0.00153076905
v -0.00216853619 0.00943465717 0.00148749875
v -0.00186191173 0.00940508675 0.0017193919
v -0.0031140144 0.0129248453 -0.00319944718
v -0.00300201098 0.0129098855 -0.00209413492
v -0.00270640547 0.0147618027 -0.00210242067
v -0.00256198249 0.0147426529 -0.00123329973
v -0.00270873308 0.0163307171 -0.00459338259
v -0.00264122733 0.0163329449 -0.00322482851
v -0.0025324265 0.0163375866 -0.00212859153
v -0.0031836601 0.0129341763 -0.00457985466
v -0.00281879446 0.0147767179 -0.00320551614
v -0.00258210255 0.0156866536 -0.00210740347
v -0.00243696733 0.0156711712 -0.00123931374
v -0.00221897662 0.0146971801 -4.16386283e-05
v -0.00209232233 0.0156344026 -4.90657367e-05
v -0.00187360786 0.0146513581 0.000658349309
v -0.00174547941 0.0155972969 0.000650017173
v -0.00239238655 0.0163441915 -0.00126454595
v -0.00205878611 0.0163615085 -7.89762707e-05
v -0.00172081729 0.0163813047 0.000618713268
v -0.00160288077 0.0127232689 0.00145854708
v -0.00100051344 0.0145357065 0.00167308445
v -0.00285806949 0.0128906723 -0.00122330582
v -0.0025160925 0.0128450515 -2.92961831e-05
v -0.00217148336 0.0127990674 0.000672185037
v -0.00158311217 0.0146127809 0.00111611665
v -0.00145402597 0.0155659989 0.00110707444
v -0.00143337704 0.0164012611 0.00107613276
v -0.00157973834 0.0172415357 0.00103905948
v -0.00186563993 0.0181163698 0.00100720848
v -0.00131364341 0.0173089691 0.00137156004
v -0.00115557795 0.0164234806 0.00140279543
v -0.00117507414 0.0155362086 0.00143317936
v -0.00130489352 0.0145759638 0.00144272461
v -0.00188120152 0.0127603104 0.00113111665
v -0.00335994223 0.00726933917 -0.00610041432
v -0.00301441667 0.007128275 -0.00610041339
v -0.00300448993 0.00712384563 -0.00498851854
v -0.00292451773 0.00709056249 -0.00320016011
v -0.00277447747 0.00702735689 -0.00182279258
v -0.00259253057 0.00694939913 -0.000918900594
v -0.0023769252 0.00685513113 -0.000275242346
v -0.00209791237 0.00673008012 0.000276392937
v -0.00180760247 0.00659625418 0.000699361204
v -0.00162041967 0.00650768867 0.000828803401
v -0.00116786605 0.0062876977 0.000908276765
v -0.000500691007 0.00594518054 0.000995873124
v 9.40567843e-05 0.00562101789 0.0010609529
v 0.00147208152 0.0048009553 0.00115551543
v 0.00151594554 0.00477363728 0.00115682022
v 0.00296786195 0.00386472582 0.00113676069
v -0.00300727179 0.00712581491 -0.00699799834
v -0.0021138892 0.00673754141 -0.0124531118
v -0.00180687767 0.00659583835 -0.0129009821
v -0.00236674189 0.00685105054 -0.0119487988
v -0.00260262121 0.00695436122 -0.0112365
v -0.00279040239 0.00703482563 -0.0102704633
v -0.00293496251 0.0070957141 -0.00884498563
v 0.00296788476 0.00386471907 -0.0133375013
v 0.00152896252 0.00476559671 -0.0133582344
v -0.00162389677 0.00650994852 -0.0130279213
v -0.0011464085 0.00627644779 -0.0131122665
v -0.000500905153 0.00594474236 -0.0131967152
v 0.000108843728 0.00561281992 -0.013263274
v 0.00389421009 0.00329282111 -0.00360041438
v 0.00389420986 0.0032928281 -0.00860041566
v 0.00203381851 0.0044493163 -0.00160041393
v 0.00203381828 0.00444931816 -0.0106004141
v 0.00697308965 0.00151848188 0.00121298071
v 0.00620868383 0.00193873851 0.00143597194
v 0.00696858484 0.0015207039 -0.00160041417
v 0.00484136865 0.0027234843 0.00172914308
v 0.00298133073 0.00385634461 -0.00160041358
v 0.0034089454 0.00359120127 0.00191012397
v 0.0032902963 0.00366457785 0.00191988517
v 0.00698366342 0.00151261978 -0.00160041475
v 0.00837976485 0.000829967612 0.000646371685
v 0.00826898031 0.000878051156 0.000700582692
v 0.00740906689 0.00128974312 0.00106223254
v 0.00811374839 0.000947607623 -0.0129741654
v 0.00698366389 0.00151261454 -0.0106004169
v 0.00724781398 0.00137301022 -0.0133210355
v 0.00696858484 0.00152070611 -0.0106004151
v 0.00811652839 0.000946346438 -0.0129728941
v 0.0088466676 0.000641284336 -0.0125940293
v 0.00884846412 0.000640793703 0.00039215514
v 0.00891557056 0.000615521043 -0.0125527577
v 0.0092875706 0.000487009733 -0.0123082958
v 0.00898587517 0.000590023003 0.000308715185
v 0.0095167812 0.00041708778 -0.0121360058
v 0.00955926068 0.000405020459 -9.86279847e-05
v 0.0108701028 0.000170226383 -0.0104077477
v 0.0111634582 0.000156921466 -0.00961224642
v 0.0109307542 0.000165982638 -0.0035075848
v 0.0101092905 0.000272858655 -0.000620774634
v 0.0100409361 0.000286719063 -0.0116548557
v 0.0103507768 0.000229980695 -0.000914756267
v 0.0103501901 0.000230060745 -0.0112870531
v 0.0105039971 0.000207500445 -0.0110695055
v 0.0112287821 0.00015639406 -0.00937267952
v 0.0113714114 0.000157284143 -0.00868874416
v 0.0114731342 0.000159997522 -0.00790711772
v 0.0112856515 0.000156413036 -0.00306814001
v 0.0111660315 0.00015681106 -0.00259736297
v 0.0109127983 0.000167346749 -0.00188892486
v 0.0105504813 0.000201484581 -0.00120294117
v 0.0115011586 0.000161120275 -0.00757627329
v 0.0115494821 0.000163559773 -0.00610041432
v 0.0115493862 0.000163550489 -0.0060133473
v 0.0114924544 0.000160775322 -0.00451160781
v 0.0113529479 0.000157046059 -0.0034057044
v 0.00443442538 0.0029655688 -0.0139938369
v 0.00480675371 0.00274421996 -0.0139355352
v 0.0029813312 0.00385633949 -0.0106004179
v 0.00614558393 0.00197388488 -0.0136531554
v 0.00697152223 0.00151928596 -0.0134143112
v 0.00329060247 0.00366457552 -0.0141206738
v 0.00786844082 0.00298406114 -0.0129924724
v 0.00865647476 0.00298825093 -0.0125716096
v 0.00548838358 0.0226622485 -0.0132535631
v 0.00549616199 0.0226392914 -0.0132534448
v 0.00431156671 0.017899191 -0.0138209043
v 0.00314016175 0.0175048131 -0.0139632607
v 0.00325795729 0.0119608268 0.00181408355
v 0.0032521789 0.012383773 0.00180976465
v 0.00314498181 0.0173744224 0.00176354137
v 0.00431567337 0.0177735407 0.00161993236
v 0.00551049551 0.0225948319 0.0010530483
v -0.00232650526 0.0209398028 -0.0116106011
v -0.00754612032 0.0356063731 -0.0116105974
v -0.00232650526 0.0209398009 -0.000615622848
v -0.00754612032 0.0356063619 -0.000615622324
v -0.00341071282 0.0424133874 -0.00301311049
v -0.00605117157 0.0393119678 -0.00301310956
v -0.00341071258 0.0424133874 -0.0092131095
v -0.00605117111 0.0393119678 -0.00921311229
v -0.00042673666 -0.00347388606 -0.010600416
v -0.000426736573 -0.00347388745 -0.00860041566
v -0.00168840098 -0.0030658266 -0.00860041566
v -0.00168840063 -0.00306583266 -0.0106004169
v -0.00270771142 -0.0022177191 -0.00860041473
v -0.00270771142 -0.00221771747 -0.0106004169
v -0.00333837862 -0.00105128938 -0.00860041566
v -0.00333837862 -0.00105128821 -0.0106004141
v -0.00348987803 0.00026603826 -0.00860041566
v -0.00348987826 0.000266039453 -0.0106004141
v -0.00314045278 0.00154517521 -0.00860041659
v -0.00314045302 0.00154517638 -0.0106004151
v -0.00234026159 0.00260253251 -0.00860041566
v -0.00234026182 0.00260253367 -0.0106004141
v -0.00120416761 0.00328633492 -0.00860041473
v -0.00120416761 0.00328633632 -0.0106004151
v 0.000104770399 0.00349843455 -0.00860041473
v 0.000104770348 0.00349843572 -0.0106004132
v 0.00100412418 0.00347149814 -0.00860041566
v 0.00100412418 0.00347149931 -0.0106004141
v 0.00168072339 0.000644338725 -0.00180041464
v 0.00113338069 0.00139837642 -0.00180041417
v 0.00113338057 0.0013983784 -0.00360041461
v 0.000282346999 0.00177771668 -0.00360041461
v 0.000282347115 0.0017777147 -0.00180041429
v -0.000644337677 0.00168071932 -0.00360041438
v -0.000644337968 0.00168072502 -0.00180041511
v -0.00139837503 0.00113337813 -0.00360041414
v -0.00139837491 0.00113337627 -0.00180041557
v -0.00177771738 0.000282350666 -0.00360041554
v -0.00177771726 0.000282348716 -0.00180041499
v -0.00179930776 -4.99396519e-05 -0.00180041406
v -0.00168072083 -0.000644336396 -0.00360041391
v -0.00168072071 -0.000644338143 -0.00180041534
v -0.00113337801 -0.00139837421 -0.00360041461
v -0.0011333779 -0.00139837596 -0.0018004158
v -0.000282344059 -0.00177771971 -0.00360041508
v -0.000282344379 -0.00177771423 -0.00180041394
v 0.000644340587 -0.00168072246 -0.00360041531
v 0.000644340704 -0.00168072444 -0.00180041487
v 0.00139837805 -0.00113338116 -0.00360041577
v 0.0013983777 -0.00113337568 -0.00180041441
v 0.00177771994 -0.000282346155 -0.00360041554
v 0.00177772006 -0.000282348163 -0.00180041499
v 0.00179931032 4.99419875e-05 -0.00360041461
v 0.00168072328 0.000644340704 -0.00360041508
v 0.00168072339 0.00064434018 -0.00860041473
v 0.00113338057 0.00139837794 -0.00860041473
v 0.00113338057 0.00139838015 -0.0104004163
v 0.000282346969 0.00177771819 -0.0104004173
v 0.000282347057 0.0017777161 -0.00860041473
v -0.000644337735 0.00168072106 -0.0104004163
v -0.000644338026 0.00168072653 -0.00860041566
v -0.00139837514 0.00113337953 -0.0104004145
v -0.00139837503 0.00113337778 -0.00860041566
v -0.00177771703 0.000282344758 -0.0104004163
v -0.00177771738 0.000282350171 -0.00860041566
v -0.00179930776 -4.99381676e-05 -0.00860041473
v -0.00168072083 -0.000644334883 -0.0104004135
v -0.00168072071 -0.000644336687 -0.00860041566
v -0.00113337813 -0.00139837246 -0.0104004163
v -0.00113337801 -0.00139837444 -0.00860041566
v -0.000282344117 -0.00177771796 -0.0104004173
v -0.000282344001 -0.00177771994 -0.00860041659
v 0.000644340529 -0.00168072083 -0.0104004173
v 0.000644340646 -0.00168072293 -0.00860041473
v 0.00139837794 -0.00113337976 -0.0104004154
v 0.0013983777 -0.00113337417 -0.00860041473
v 0.00177771994 -0.000282344903 -0.0104004135
v 0.00177771994 -0.000282346649 -0.00860041566
v 0.00179931032 4.9943661e-05 -0.0104004163
v 0.00168072328 0.000644342159 -0.0104004154
v -0.000426736631 -0.00347388722 -0.00360041484
v -0.000426736573 -0.00347388838 -0.00160041614
v -0.00168840098 -0.00306582754 -0.00160041545
v -0.00168840063 -0.00306583382 -0.00360041508
v -0.00270771142 -0.0022177198 -0.0016004144
v -0.00270771142 -0.0022177184 -0.00360041508
v -0.00333837862 -0.00105129019 -0.00160041568
v -0.00333837862 -0.00105128903 -0.00360041461
v -0.00348987803 0.000266037212 -0.0016004137
v -0.00348987826 0.000266038551 -0.00360041438
v -0.00314045278 0.00154517416 -0.00160041405
v -0.00314045302 0.00154517544 -0.00360041461
v -0.00234026159 0.00260253157 -0.00160041521
v -0.00234026182 0.00260253274 -0.00360041414
v -0.00120416761 0.00328633422 -0.0016004144
v -0.00120416761 0.00328633538 -0.00360041484
v 0.000104770399 0.00349843386 -0.00160041393
v 0.000104770341 0.00349843525 -0.00360041438
v 0.00100412418 0.00347149884 -0.00360041508
v 0.00100412418 0.00347149745 -0.00160041463
v 0.00412395084 -0.00146523525 -0.00360041531
v 0.00726254005 -0.00426313281 -0.00360041671
v 0.00589426979 -0.00461242441 -0.00360041461
v 0.00194857747 0.00406649942 -0.00360041438
v 0.000471751409 -0.00381729682 -0.00360041438
v 0.0027766549 -0.0045908438 -0.00360041531
v 0.00612919126 -0.00551407365 -0.00360041508
v 0.00731551042 -0.00536019681 -0.00360041554
v 0.00588181149 -0.0064123855 -0.00360041554
v 0.00709629338 -0.00663918955 -0.00360041601
v 0.00521841645 -0.00706665125 -0.00360041647
v 0.00635744724 -0.00770596368 -0.00360041531
v 0.00523720589 -0.00836091302 -0.00360041647
v 0.0043167714 -0.00730156852 -0.00360041484
v 0.00411976455 -0.00849429611 -0.00360041601
v 0.00341846212 -0.00705419155 -0.00360041601
v 0.00139082805 0.00353686302 -0.00360041414
v 0.00172266399 0.00374591211 -0.00360041531
v 0.00303179398 -0.00820654538 -0.00360041601
v 0.00212639733 -0.00753816124 -0.00360041624
v 0.00276418915 -0.00639079791 -0.00360041554
v 0.00153098593 -0.00658319006 -0.00360041508
v 0.00252927514 -0.00548915518 -0.00360041601
v 0.00132933888 -0.00547602726 -0.00360041554
v 0.00110600737 -0.00454043597 -0.00360041601
v 0.00524000451 -0.00394903729 -0.00360041508
v 0.00434169499 -0.00370165356 -0.00360041531
v 0.00344004249 -0.00393657805 -0.00360041647
v 0.00412395084 -0.00146523584 -0.00860041473
v 0.00503507396 -0.0038457776 -0.00860041473
v 0.00726253958 -0.00426312629 -0.00860041659
v 0.00576842902 -0.00442053843 -0.00860041566
v 0.00731551042 -0.00536019728 -0.00860041752
v 0.00611614715 -0.00528496923 -0.00860041566
v 0.00709629338 -0.00663919002 -0.00860041659
v 0.00598506304 -0.00620745402 -0.00860041659
v 0.00635744724 -0.00770596415 -0.00860041752
v 0.0054103029 -0.00694080722 -0.00860041659
v 0.00523720589 -0.00836091302 -0.00860041659
v 0.00454587117 -0.00728853093 -0.00860041566
v 0.00411976455 -0.00849428866 -0.00860041473
v 0.00362339243 -0.00715744495 -0.00860041659
v 0.00303179398 -0.00820654538 -0.00860041566
v 0.000471751468 -0.00381729729 -0.00860041566
v 0.00212639733 -0.00753816171 -0.00860041566
v 0.00289003737 -0.00658268388 -0.00860041659
v 0.00153098605 -0.00658319006 -0.00860041659
v 0.00254231924 -0.00571825309 -0.00860041659
v 0.00132933899 -0.00547602773 -0.00860041752
v 0.00110600737 -0.00454043644 -0.00860041659
v 0.00267339591 -0.00479576876 -0.00860041566
v 0.00324815605 -0.00406241603 -0.00860041566
v 0.00411258824 -0.0037146993 -0.00860041659
v 0.00194857758 0.00406649895 -0.00860041566
v 0.00172266399 0.00374591141 -0.00860041566
v 0.00139082817 0.00353686255 -0.00860041473
v 0.00139082817 0.00353686186 -0.0016004137
v 0.00172266399 0.00374591071 -0.00160041475
v 0.00194857758 0.00406649802 -0.00160041382
v 0.00194857747 0.00406650035 -0.0106004141
v 0.00172266399 0.00374591257 -0.0106004141
v 0.00139082805 0.00353686418 -0.0106004169
v 0.00712994765 -0.00151709619 -0.00699059619
v 0.00713764271 -0.00167642895 -0.00736578368
v 0.00716695143 -0.0022833494 -0.00418620091
v 0.00714546395 -0.00183840853 -0.00460041501
v 0.00716695189 -0.00228335476 -0.00801462959
v 0.00721081067 -0.00319168321 -0.00844817515
v 0.00731551042 -0.00536019588 -0.0106004179
v 0.00713195791 -0.00155870174 -0.00508277677
v 0.00712735206 -0.00146330497 -0.00560041517
v 0.00712735159 -0.00146330055 -0.00660041533
v 0.00731551042 -0.00536019821 -0.00160041475
v 0.00722755352 -0.00353848119 -0.00366856344
v 0.00719494605 -0.00286321784 -0.00386836543
v 0.000355279248 -0.00237355707 -0.00160041545
v -0.000788458798 -0.00226679002 -0.00160041463
v 0.000471751468 -0.00381729798 -0.0016004158
v 0.00110600702 -0.00454043038 -0.00160041475
v 0.00309360586 -0.00344413123 -0.00160041486
v 0.00284361537 -0.00738654053 -0.00160041556
v 0.00213781744 -0.00648023048 -0.00160041451
v 0.00153098605 -0.00658319099 -0.00160041463
v 0.00132933899 -0.00547602866 -0.00160041486
v -0.00175157818 -0.00164072553 -0.00160041463
v -0.00231342833 -0.00063879363 -0.0016004158
v 0.00196729857 -0.00592735363 -0.00160041591
v 0.00193404255 -0.00534973899 -0.0016004151
v 0.00227897661 -0.00425403379 -0.00160041475
v -0.00239907973 -6.65907282e-05 -0.00160041451
v -0.00234529912 0.000509484613 -0.00160041451
v -0.00183989177 0.00154103781 -0.00160041463
v 0.00141763163 -0.00193657505 -0.00160041451
v 0.0021552206 -0.00105594762 -0.00160041521
v 0.00419129198 -0.00310557964 -0.00160041568
v 0.00239907485 6.65918851e-05 -0.00160041347
v 0.00209333049 0.0011738654 -0.00160041568
v 0.00130803045 0.00201222789 -0.00160041382
v 0.00212639733 -0.00753816264 -0.00160041556
v 0.00303179398 -0.00820654631 -0.00160041545
v 0.00388975278 -0.00786103122 -0.0016004151
v 0.00411976455 -0.00849428959 -0.00160041486
v 0.00503657106 -0.00779501069 -0.00160041475
v 0.00523720589 -0.00836091395 -0.00160041603
v 0.00602134271 -0.00720360316 -0.00160041545
v 0.00635744724 -0.00770596508 -0.00160041673
v 0.0066184774 -0.00622228626 -0.0016004151
v 0.00709629338 -0.00663919095 -0.00160041568
v 0.0066911676 -0.00507587101 -0.00160041498
v 0.00622277148 -0.00402699225 -0.00160041591
v 0.00532058813 -0.00331592932 -0.00160041556
v 0.000223074894 0.00238961075 -0.0016004144
v -0.000912982854 0.00221956614 -0.00160041358
v 0.000788461766 0.00226678699 -0.0106004169
v -0.000355276658 0.00237356126 -0.0106004151
v 0.0023134239 0.000638789614 -0.0106004141
v 0.00175158074 0.00164072961 -0.010600416
v 0.00110600726 -0.00454043457 -0.0106004188
v 0.00203998922 -0.00478094351 -0.0106004179
v 0.00132933888 -0.0054760268 -0.010600416
v 0.00196729833 -0.0059273513 -0.0106004169
v 0.00581485126 -0.00361668854 -0.0106004169
v 0.00476871338 -0.0031421911 -0.010600416
v 0.00362189533 -0.00320821186 -0.0106004151
v 0.00183988735 -0.00154104177 -0.0106004141
v 0.00234530168 -0.000509480771 -0.0106004141
v 0.00709629338 -0.00663918909 -0.0106004151
v 0.0063794828 -0.00674919644 -0.0106004179
v 0.00239907531 6.65869302e-05 -0.0106004169
v -0.00209332746 -0.00117386878 -0.010600416
v -0.00239907973 -6.65882908e-05 -0.0106004169
v -0.00215522503 0.0010559439 -0.010600416
v -0.00141762896 0.00193657889 -0.0106004141
v 0.00556486053 -0.00755909085 -0.0106004169
v 0.00635744724 -0.00770596275 -0.010600416
v 0.00446716696 -0.00789764337 -0.010600416
v 0.000912985473 -0.00221956219 -0.0106004151
v 0.00047175138 -0.00381729589 -0.010600416
v 0.00263712392 -0.00379962637 -0.0106004151
v -0.000223072289 -0.00238960702 -0.0106004141
v -0.00130802789 -0.00201222394 -0.0106004169
v 0.00523720589 -0.00836091209 -0.0106004169
v 0.00411976455 -0.00849429518 -0.010600416
v 0.00333787873 -0.00768730044 -0.0106004151
v 0.00303179398 -0.00820654444 -0.010600416
v 0.00243569515 -0.00697623752 -0.0106004169
v 0.00212639733 -0.00753816031 -0.010600416
v 0.00153098593 -0.00658318913 -0.0106004151
v 0.00672442419 -0.00565349031 -0.0106004179
v 0.0066911676 -0.00507586868 -0.010600416
v 0.00652064895 -0.00452299137 -0.0106004179
v 0.00407221494 -0.000393793365 -0.00844817422
v 0.00402836315 0.00051453535 -0.00801462959
v 0.00399905443 0.00112146139 -0.00736578321
v 0.00399336917 0.00123918848 -0.0050827763
v 0.00400687521 0.000959481695 -0.00460041454
v 0.00402836269 0.000514540821 -0.00418620044
v 0.00399135891 0.00128079392 -0.00699059572
v 0.00398876285 0.00133458967 -0.00660041487
v 0.00398876332 0.00133458525 -0.0056004147
v 0.00405635731 -6.53276729e-05 -0.00386836473
v 0.00408896478 -0.000740590971 -0.00366856251
v 0.00503507396 -0.0038457755 -0.0104004163
v 0.00576842856 -0.0044205361 -0.0104004182
v 0.0061006872 -0.00518230954 -0.0104004173
v 0.00611614762 -0.00528497528 -0.0104004145
v 0.00598506304 -0.00620745216 -0.0104004173
v 0.0054103029 -0.00694080535 -0.0104004173
v 0.00454587117 -0.00728852861 -0.0104004163
v 0.00362339267 -0.00715745054 -0.0104004163
v 0.00289003784 -0.00658268994 -0.0104004154
v 0.00254231924 -0.00571825122 -0.0104004154
v 0.00267339614 -0.00479577435 -0.0104004163
v 0.00324815628 -0.00406242115 -0.0104004163
v 0.00411258778 -0.00371469767 -0.0104004163
v 0.0027766549 -0.00459084613 -0.00180041487
v 0.00252927491 -0.0054891496 -0.00180041464
v 0.00255777943 -0.00582091976 -0.00180041604
v 0.00276418915 -0.0063907993 -0.00180041522
v 0.00341846235 -0.00705419341 -0.00180041534
v 0.0043167714 -0.00730156992 -0.00180041615
v 0.00521841692 -0.00706665311 -0.00180041592
v 0.00588181196 -0.00641238736 -0.00180041522
v 0.00612919172 -0.00551407598 -0.00180041464
v 0.00589426979 -0.00461242627 -0.00180041604
v 0.00524000451 -0.00394903962 -0.00180041476
v 0.00434169499 -0.00370165543 -0.00180041487
v 0.00344004226 -0.00393657293 -0.00180041522
v 0.00476871338 -0.0031421904 -0.0104004163
v 0.00581485126 -0.00361668831 -0.0104004163
v 0.00652064895 -0.0045229909 -0.0104004173
v 0.00669116806 -0.00507587567 -0.0104004173
v 0.00672442419 -0.00565348985 -0.0104004173
v 0.0063794828 -0.00674919551 -0.0104004173
v 0.00556486053 -0.00755908992 -0.0104004173
v 0.00446716743 -0.00789764989 -0.0104004163
v 0.0033378785 -0.00768729951 -0.0104004154
v 0.00243569515 -0.00697623659 -0.0104004163
v 0.00196729833 -0.00592735084 -0.0104004163
v 0.00203998922 -0.00478094304 -0.0104004173
v 0.00263712392 -0.00379962591 -0.0104004145
v 0.00362189533 -0.00320821116 -0.0104004145
v -0.00239907973 -6.65876869e-05 -0.0104004173
v -0.00215522503 0.00105594448 -0.0104004163
v -0.00141762861 0.00193657214 -0.0104004154
v -0.000355276716 0.00237356173 -0.0104004154
v 0.000788461766 0.00226678723 -0.0104004173
v 0.00175158109 0.00164072262 -0.0104004163
v 0.0023134239 0.000638790254 -0.0104004135
v 0.00239907508 6.65875268e-05 -0.0104004163
v 0.00234530168 -0.000509480247 -0.0104004135
v 0.00183988723 -0.00154104119 -0.0104004145
v 0.000912985415 -0.00221956172 -0.0104004145
v -0.000223072333 -0.00238960632 -0.0104004135
v -0.00130802789 -0.00201222347 -0.0104004163
v -0.00209332746 -0.00117386819 -0.0104004154
v 0.000355279277 -0.00237355754 -0.00180041557
v 0.00141763163 -0.00193657563 -0.00180041464
v 0.0021552206 -0.0010559482 -0.00180041534
v 0.00239907485 6.65912885e-05 -0.00180041359
v 0.00209333049 0.00117386482 -0.0018004158
v 0.00130803045 0.00201222743 -0.00180041394
v 0.000223074923 0.00238961028 -0.00180041452
v -0.000912982854 0.00221956545 -0.00180041371
v -0.00183989166 0.00154103711 -0.00180041476
v -0.00234529912 0.000509484031 -0.00180041464
v -0.00239907973 -6.65913394e-05 -0.00180041452
v -0.00231342879 -0.000638786878 -0.00180041511
v -0.00175157806 -0.00164072611 -0.00180041476
v -0.000788458739 -0.00226679072 -0.00180041476
v 0.00503657106 -0.00779501116 -0.00180041487
v 0.00602134271 -0.00720360363 -0.00180041557
v 0.0066184774 -0.00622228673 -0.00180041522
v 0.00669116806 -0.00507587148 -0.00180041511
v 0.00622277148 -0.00402699271 -0.00180041604
v 0.00532058813 -0.00331593002 -0.00180041569
v 0.00419129198 -0.00310558034 -0.0018004158
v 0.00309360586 -0.00344413193 -0.00180041487
v 0.00227897661 -0.00425403425 -0.00180041487
v 0.00193404208 -0.00534973247 -0.00180041441
v 0.00196729857 -0.0059273541 -0.00180041592
v 0.00213781744 -0.00648023095 -0.00180041464
v 0.0028436156 -0.00738654099 -0.00180041569
v 0.00388975278 -0.00786103215 -0.00180041522
v 0.00497293891 0.00296850922 -0.0138998246
v 0.00637171324 0.0029760492 -0.013557394
v 0.00708944956 0.00297990348 -0.0133171622
v 0.00792643521 0.00298437336 -0.0129651437
v 0.00906925462 0.00299043464 -0.0122943362
v 0.009234122 0.00299130823 -0.0121682761
v 0.00966523774 0.00299359765 -0.0117838867
v 0.00982221961 0.00299442536 -0.0116192503
v 0.00994216185 0.00299506728 -0.0114820385
v 0.0103659602 0.00299731013 -0.0108834896
v 0.0106813861 0.00299897674 -0.0102388486
v 0.0108699016 0.00299997209 -0.00969842542
v 0.0109409289 0.00300034601 -0.00944221951
v 0.0111592561 0.00300148013 -0.00822136924
v 0.0111911781 0.00300164311 -0.00790221151
v 0.0112032341 0.00300169922 -0.00775505649
v 0.011260598 0.00300206966 -0.00610041479
v 0.00776095549 0.0178179014 -0.0122532239
v 0.00807168055 0.014679851 -0.0122342808
v 0.00757933594 0.0143809486 -0.0126285469
v 0.00696740719 0.0227483772 -0.0122053865
v 0.00652623782 0.022724539 -0.0126129575
v 0.0091220187 0.0213910658 -0.00610040827
v 0.00922152121 0.0210071839 -0.00610040361
v 0.0092047425 0.020962093 -0.00716549996
v 0.00923178997 0.0209638812 -0.00610040454
v 0.00953815319 0.0192064829 -0.0061004092
v 0.00950225722 0.0192664638 -0.00716806529
v 0.00329626072 0.00458040508 -0.0141078085
v 0.00480629178 0.00482993526 -0.0138946883
v 0.00632767798 0.00494217547 -0.0135119352
v 0.00774654699 0.00510411616 -0.0129487878
v 0.00840183068 0.00520068454 -0.0125872158
v 0.00900606718 0.00530587323 -0.0121563673
v 0.00920288078 0.00823746342 -0.0116841914
v 0.00961736031 0.00846944936 -0.0111126723
v 0.0099417679 0.00871251989 -0.0104505494
v 0.0101776142 0.00896544009 -0.00970602315
v 0.0103314016 0.00922706816 -0.0088882409
v 0.0104157254 0.00949665252 -0.00799796823
v 0.0104445191 0.0097734984 -0.00703501422
v 0.00979094114 0.016931545 -0.0061004078
v 0.0102786226 0.0116031365 -0.00610041013
v 0.0104744351 0.00964523759 -0.00610040966
v 0.00830238592 0.0236507505 -0.0061004078
v 0.00603563339 0.0226881411 -0.012961302
v 0.00587519864 0.0212207772 -0.0132653899
v 0.0053011938 0.0211139489 -0.0134994313
v 0.00426054187 0.0193921551 -0.0138193732
v 0.00547967432 0.0197246093 -0.013504304
v 0.00453103753 0.013025282 -0.0138300741
v 0.00324860285 0.0126093086 -0.0140083516
v 0.00323410146 0.0135281384 -0.0139993541
v 0.00850848947 0.014982908 -0.0117744729
v 0.00888386555 0.0152891027 -0.0112387314
v 0.00919315591 0.015597675 -0.0106171323
v 0.00943544507 0.015907824 -0.00990417507
v 0.00961135514 0.0162186623 -0.00909416936
v 0.00972362515 0.0165290087 -0.00817729533
v 0.00977550168 0.0168376379 -0.0071439594
v 0.00871062092 0.00801776908 -0.0121714557
v 0.00815549865 0.00781166134 -0.0125849508
v 0.00703815417 0.0140882432 -0.0129648335
v 0.00327794137 0.0101851802 -0.0140341483
v 0.00475450559 0.00704216724 -0.0138664283
v 0.00621129526 0.00729112513 -0.0134884603
v 0.00583772641 0.0135306017 -0.0134864608
v 0.00754820788 0.00762072718 -0.0129362028
v 0.0073300926 0.0214786697 -0.0122332266
v 0.00689255446 0.0214037318 -0.012634933
v 0.00640688417 0.0213176198 -0.0129778404
v 0.00604888517 0.0198831707 -0.0132726412
v 0.00658206176 0.0200345237 -0.0129886894
v 0.00707366131 0.0201774351 -0.0126500335
v 0.00751948822 0.0203110054 -0.0122527741
v 0.00318468479 0.0159286391 -0.0139771868
v 0.00438071834 0.0163706448 -0.0138211893
v 0.00561928283 0.0168561433 -0.0134942615
v 0.00735930633 0.022759635 -0.0117344018
v 0.00683258008 0.0241356064 -0.0116922911
v 0.0077032363 0.022758279 -0.0111929132
v 0.00717810309 0.0241156649 -0.0111433463
v 0.00800047163 0.0227441806 -0.0105729196
v 0.00747742085 0.0240831859 -0.0105173383
v 0.00825108029 0.0227169599 -0.00986570306
v 0.00773073547 0.0240374859 -0.00980720669
v 0.00845461432 0.0226761755 -0.00906224921
v 0.00793790445 0.0239779111 -0.00900584739
v 0.00860982761 0.0226214714 -0.00815327652
v 0.0080983527 0.023904087 -0.00810633227
v 0.00871528406 0.0225524753 -0.0071306536
v 0.00892432872 0.0216864962 -0.00818893407
v 0.00878321659 0.0216814354 -0.00910522323
v 0.00859059393 0.0216641128 -0.00991056487
v 0.00834836811 0.0216349587 -0.0106160156
v 0.00805744901 0.0215942506 -0.0112319198
v 0.00771823665 0.0215421673 -0.0117680952
v 0.00791625865 0.0204345845 -0.0117918402
v 0.00826294441 0.0205481257 -0.0112591479
v 0.008558915 0.0206517056 -0.010645546
v 0.00880296808 0.020745229 -0.00994074158
v 0.00899354555 0.0208284892 -0.00913377665
v 0.00912831258 0.0209009759 -0.00821244903
v 0.00818402879 0.018045539 -0.0117963431
v 0.00855230819 0.0182663463 -0.0112661151
v 0.00886307191 0.0184804369 -0.0106527722
v 0.0091146687 0.0186878312 -0.00994709413
v 0.00930576399 0.0188884009 -0.00913922023
v 0.00943528675 0.0190815199 -0.00821678434
v 0.00877791177 0.0224467795 -0.00610040547
v 0.00329747214 0.00500378804 0.00190102693
v 0.00329872058 0.00666751061 0.0018776611
v 0.00318894116 0.0157755427 0.00177769293
v 0.00480885617 0.00459448155 0.00169770629
v 0.00633640774 0.0046928525 0.00131532201
v 0.00622570608 0.00704149297 0.0012890189
v 0.0105073517 0.00287176832 -0.00155184721
v 0.010808046 0.00289170421 -0.00227316096
v 0.00998152979 0.00839305948 -0.00176052214
v 0.00684213592 0.0241120867 -0.000507845485
v 0.00718773482 0.024092121 -0.00105666392
v 0.00476182252 0.00680726534 0.00166801328
v 0.00438837614 0.0162202362 0.00162057928
v 0.00454030791 0.0127925491 0.00163013313
v 0.00426629884 0.0193004459 0.00161888776
v 0.00548403943 0.0196388364 0.00130376301
v 0.00531527214 0.0210432727 0.00129895564
v 0.00748712244 0.0240595974 -0.00168256846
v 0.00774051435 0.0240138508 -0.00239264988
v 0.00794775411 0.0239542257 -0.00319404062
v 0.00810825638 0.0238803495 -0.00409371313
v 0.00921552721 0.0209153015 -0.0050346572
v 0.00951558165 0.0191678274 -0.00503336592
v 0.00979405735 0.0166462865 -0.00505927252
v 0.0104841795 0.00940164365 -0.00517263077
v 0.0112601006 0.00299870269 -0.0059974161
v 0.0110582085 0.00291785249 -0.00324568059
v 0.0112030162 0.00294911745 -0.00436962908
v 0.0103715975 0.00888255332 -0.00332549913
v 0.0104555376 0.00913873594 -0.00421410194
v 0.00974333286 0.0163294841 -0.0040274784
v 0.00965540949 0.00816163886 -0.00109555444
v 0.0103273131 0.00286224415 -0.00123080588
v 0.00923783984 0.0079407366 -0.000521294482
v 0.0096264286 0.00283199316 -0.000362607214
v 0.0100935735 0.00285117095 -0.000889987161
v 0.00842615217 0.00492213992 0.000388657616
v 0.00831559859 0.00279444596 0.000578449049
v 0.00903546251 0.00281307288 0.000131566296
v 0.00617698859 0.00275035971 0.0014207752
v 0.00637306273 0.00275416812 0.00136364019
v 0.00728561729 0.00277212029 0.0010505229
v 0.0110246455 0.00291328481 -0.00307666883
v 0.0102179572 0.00863374118 -0.00250717392
v 0.0096323397 0.0160116628 -0.00311117317
v 0.0094492184 0.0189775098 -0.0039850357
v 0.00585177075 0.0132940402 0.00128527684
v 0.00705598621 0.0138517283 0.000762827054
v 0.00757048978 0.00735394284 0.000735383073
v 0.00776483444 0.00483630365 0.000751457177
v 0.00820072647 0.00279176212 0.000639034202
v 0.00654015224 0.022682501 0.000412911613
v 0.00604972709 0.0226448923 0.000761066447
v 0.00690583326 0.0213410724 0.00043502351
v 0.00642021606 0.021252146 0.000777699344
v 0.00707970327 0.0201015547 0.000450067455
v 0.00903667882 0.00501575181 -4.45292353e-05
v 0.00874157157 0.00773156853 -3.18199345e-05
v 0.00818210747 0.00753544364 0.00038315641
v 0.00809255242 0.0144472942 3.16934274e-05
v 0.00759879313 0.014145934 0.000426259532
v 0.00777592091 0.0176855698 5.1838575e-05
v 0.00752659747 0.0202385858 5.30474244e-05
v 0.00734340074 0.0214189459 3.35601508e-05
v 0.00698117074 0.022707561 5.55058614e-06
v 0.00658719754 0.0199552383 0.000788480567
v 0.00588876987 0.0211526249 0.00106505177
v 0.00605342258 0.0198005829 0.0010722297
v 0.00872704107 0.0225207005 -0.00506939972
v 0.00862207264 0.0225883182 -0.00404624082
v 0.00737291155 0.0227200519 -0.000465222576
v 0.00771665992 0.0227199309 -0.00100650894
v 0.00801367685 0.0227070842 -0.00162634184
v 0.00826402567 0.022681145 -0.00233348552
v 0.00846724771 0.0226416811 -0.00313700549
v 0.00807077158 0.0215406548 -0.000967305154
v 0.00773157738 0.0214854591 -0.000431333698
v 0.00792447664 0.020365674 -0.00040767077
v 0.00932039693 0.0187791865 -0.00306273438
v 0.00913936365 0.0208503697 -0.00398722757
v 0.00900456123 0.0207741186 -0.0030656273
v 0.00893622451 0.0216463748 -0.00401047338
v 0.00879572891 0.021637788 -0.00309388526
v 0.00945753045 0.015694093 -0.00230098586
v 0.00912994146 0.018573584 -0.00225478923
v 0.008813655 0.0206871349 -0.00225854432
v 0.00860353652 0.0216170419 -0.00228845724
v 0.0092158448 0.0153779788 -0.0015873441
v 0.00887875818 0.0183613449 -0.00154889957
v 0.00856899377 0.0205899496 -0.00155372766
v 0.00836157054 0.0215845723 -0.00158306048
v 0.00827218033 0.0204827674 -0.000940202735
v 0.00819954369 0.017917376 -0.000405029627
v 0.00856808294 0.0181426108 -0.000935346237
v 0.00853050686 0.0147537533 -0.000428544387
v 0.00890655816 0.0150642581 -0.000964921492

# 0 UV coordinates

# 6912 vertex normals
vn -0.671109319 -0.740110338 -0.0430006906
vn -0.863497615 0.465298802 -0.194599435
vn -0.843416274 0.458708942 -0.279705375
vn -0.908730149 0.384912848 -0.16140534
vn -0.90717566 0.36849016 -0.203094527
vn -0.946463585 0.302088439 -0.113795593
vn -0.945027649 0.310509145 -0.102502979
vn -0.986189842 -0.13269864 -0.0990990177
vn -0.839079678 -0.52468735 -0.143696606
vn -0.732219636 -0.654317558 -0.189005166
vn -0.675398171 -0.719998121 -0.159499675
vn -0.62510854 -0.663809061 -0.410605729
vn -0.69781214 -0.557109714 -0.450207949
vn -0.602791607 -0.572192013 -0.556092381
vn -0.521292627 -0.434993804 -0.734189689
vn -0.57731992 -0.407914042 -0.707324564
vn -0.35740605 -0.211803496 -0.909615517
vn -0.396821648 -0.154208317 -0.90484947
vn -0.300814778 -0.0212009307 -0.953447044
vn -0.900812089 0.409705549 -0.143801898
vn -0.786883831 0.522089362 -0.328993231
vn -0.732803822 0.321301818 -0.59980315
vn -0.974319756 0.222304523 -0.0358007029
vn -0.971224785 0.237506092 -0.0177004244
vn -0.992990375 -0.0577994362 -0.103099026
vn -0.963393211 -0.0101998979 -0.267898142
vn -0.965740204 -9.99732438e-05 -0.259510845
vn -0.898491561 0.114498988 -0.423796058
vn -0.902712762 0.122601792 -0.412405878
vn -0.805615187 0.283305436 -0.520309746
vn -0.809256434 0.285820037 -0.513235748
vn -0.715404451 0.437102854 -0.545103371
vn -0.534597993 0.185499415 -0.824496984
vn -0.265989989 0.0146995625 -0.96386385
vn -0.280315101 0.0104006762 -0.959851861
vn -0.538127005 0.25381285 -0.803740382
vn -0.648426354 0.0713029951 -0.757930934
vn -0.642373919 0.0679973364 -0.763369083
vn -0.776867926 -0.157393441 -0.609674931
vn -0.76748848 -0.166397437 -0.619090736
vn -0.861634612 -0.330213249 -0.385415584
vn -0.854312122 -0.340604842 -0.392605662
vn -0.898417115 -0.414407909 -0.145302817
vn -0.924577832 -0.358991414 -0.127597004
vn -0.839050055 -0.524731338 0.143708527
vn -0.671112239 -0.740113616 0.0429006927
vn -0.924577832 -0.358991444 0.127596915
vn -0.974399269 0.222299859 0.0336000063
vn -0.900825024 0.409711421 0.143704057
vn -0.85022372 0.482413501 0.210705966
vn -0.86266458 0.441981912 0.245890006
vn -0.905373514 0.386788726 0.175194949
vn -0.913306773 0.361802697 0.187001467
vn -0.950598419 0.291399539 0.106999874
vn -0.941978753 0.318992853 0.104497701
vn -0.972080112 0.233895227 0.018799644
vn -0.983510613 -0.132301465 0.123301335
vn -0.508225441 0.223411128 0.83174181
vn -0.266108543 0.0147003597 0.963831127
vn -0.280315101 0.0104004471 0.959851861
vn -0.300814778 -0.0212011579 0.953447044
vn -0.396821648 -0.154208526 0.90484947
vn -0.35740605 -0.211803719 0.909615517
vn -0.565591097 -0.397093862 0.722788632
vn -0.530008972 -0.448607773 0.719612241
vn -0.720482826 -0.675584018 0.156496212
vn -0.664882302 -0.719981015 0.19889465
vn -0.616322458 -0.635023236 0.465716928
vn -0.74104315 -0.544958293 0.392269909
vn -0.602728903 -0.572127521 0.556226671
vn -0.994100869 -0.0617000759 0.0892000794
vn -0.964319229 -0.0112002557 0.264505297
vn -0.964928031 0.00190002413 0.262507647
vn -0.900075436 0.112396896 0.42098856
vn -0.901332796 0.125604525 0.414515167
vn -0.806853652 0.281683773 0.519270241
vn -0.808197379 0.28779906 0.513798475
vn -0.75556314 0.378481537 0.534674048
vn -0.786883831 0.522089243 0.32899335
vn -0.898417115 -0.414407939 0.145302728
vn -0.855361164 -0.341784567 0.389282346
vn -0.860985339 -0.328294486 0.388493419
vn -0.76921773 -0.168703958 0.616314232
vn -0.775611818 -0.154502437 0.612009346
vn -0.643592596 0.0662991554 0.762491405
vn -0.647408545 0.0733008832 0.758610129
vn -0.562093318 0.218497321 0.79769057
vn -0.688894391 0.392196774 0.60959518
vn -0.843066752 0.537778854 0.00569983991
vn -0.839831412 0.542620361 0.0157006551
vn -0.864289701 0.502994061 -0.000499934191
vn -0.843688428 0.536792755 0.00659997435
vn -0.861778855 0.507187605 0.00989981834
vn -0.844831288 0.534819841 -0.0151004978
vn -0.839394271 0.543296337 -0.0156998299
vn -0.86428982 0.50299412 0.000400055287
vn -0.863701165 0.504000783 -0.00189994276
vn -0.85479176 0.51889503 -0.00889985356
vn -0.843109012 0.537705779 -0.00630000373
vn -0.843886554 0.536491454 -0.0056998455
vn -0.70202291 0.692822695 -0.164805308
vn -0.689874172 0.697174013 -0.194992632
vn -0.683499932 0.701300085 -0.202499911
vn -0.700475156 0.682175875 -0.209692508
vn -0.706011951 0.664211392 -0.245704129
vn -0.673701048 0.702301204 -0.230000302
vn -0.671914577 0.690515101 -0.267805755
vn -0.668785155 0.700484574 -0.249094412
vn -0.66710031 0.704600394 -0.241900042
vn -0.666216969 0.706218123 -0.239606053
vn -0.648204982 0.730305731 -0.215601593
vn -0.647794545 0.724793971 -0.234597951
vn -0.631532907 0.74403888 -0.218111306
vn -0.625923276 0.750627995 -0.211607814
vn -0.625020504 0.75412488 -0.201606557
vn -0.617009938 0.762412429 -0.195003077
vn -0.613408923 0.771711409 -0.16790238
vn -0.607119977 0.779225707 -0.155605033
vn -0.699601054 0.69820118 -0.151900157
vn -0.69998765 0.697087824 -0.155197188
vn -0.704097092 0.692097247 -0.158899263
vn -0.702184856 0.694785118 -0.155596569
vn -0.740031958 0.654228389 -0.156006679
vn -0.990562916 -0.136894882 -0.00669976603
vn -0.925902426 0.37630105 -0.0332000442
vn -0.698396206 0.668896437 -0.254598528
vn -0.924227178 -0.185405433 -0.333809853
vn -0.983919144 -0.174803406 -0.0367007367
vn -0.897568226 0.439784497 -0.030998854
vn -0.892775834 0.449487895 -0.0301991329
vn -0.869461119 0.49287805 -0.0332984552
vn -0.925960243 0.377583861 -0.0052997279
vn -0.927855253 0.372922271 -0.00370017625
vn -0.912339568 0.409117818 -0.0161006525
vn -0.928071678 0.372388691 -0.00309986155
vn -0.941272497 0.337090194 0.0193994772
vn -0.927808464 0.372903466 -0.0107000545
vn -0.955095351 0.296198577 -0.00769992778
vn -0.96353972 0.26751107 -0.00540019153
vn -0.97870779 0.204901665 0.0121001229
vn -0.975526631 0.219006002 0.0196005628
vn -0.984889805 0.173098221 0.00539996522
vn -0.993986011 0.109498471 -0.00139996735
vn -0.999592245 0.00559996068 -0.0279997885
vn -0.993730605 0.10930337 0.0235007387
vn -0.997682989 0.0657988861 -0.0172997005
vn -0.995429933 0.0954028815 -0.00420011533
vn -0.99753958 0.0700027868 -0.00380014302
vn -0.996573269 0.0818978101 -0.0115996804
vn -0.996011019 -0.0891010016 -0.00480006449
vn -0.99820286 0.056900166 0.0188000631
vn -0.999101222 0.0414000526 0.00910001714
vn -0.999524832 -0.0306007639 0.00370008871
vn -0.997664988 -0.0682976171 -0.000100004647
vn -0.979214966 -0.202803135 -0.00300007057
vn -0.979506493 -0.201301351 -0.00670006918
vn -0.97590363 -0.218200848 -0.000700028671
vn -0.969846427 -0.23441124 -0.0667032301
vn -0.978323281 -0.207004964 -0.00570016121
vn -0.982228339 -0.187105402 -0.0148004508
vn -0.984356344 -0.174392283 -0.0250989106
vn -0.980683208 -0.19559668 -0.001599996
vn -0.991433561 -0.130604446 -0.00140006305
vn -0.993994832 -0.109399438 -0.00250000018
vn -0.977899313 -0.208899885 -0.00860001985
vn -0.977359951 -0.210891381 -0.0170993265
vn -0.978618503 -0.205503926 -0.00860018749
vn -0.978294253 -0.20669882 0.0146998921
vn -0.977093518 -0.212698609 -0.0068999799
vn -0.975320041 -0.219804525 -0.0209004562
vn -0.974487901 -0.223897263 -0.0155998347
vn -0.977285206 -0.206696883 -0.0467993207
vn -0.967128336 -0.208406106 -0.145704299
vn -0.976796627 -0.199499324 -0.0778997615
vn -0.931931376 -0.158605322 -0.326111019
vn -0.905606925 -0.175501317 -0.386103034
vn -0.95191288 -0.0908012092 -0.292603999
vn -0.948228002 -0.0598017387 -0.311909229
vn -0.889621198 0.404509723 -0.212005034
vn -0.866868198 0.487782151 -0.102996171
vn -0.903180778 0.391791731 -0.175396249
vn -0.914550185 0.317317456 -0.250813782
vn -0.924482465 0.28139472 -0.257195115
vn -0.95849365 0.132799163 -0.252298295
vn -0.965117216 0.148102686 -0.215903863
vn -0.952420592 0.0188004449 -0.30420658
vn -0.73939842 0.630998731 -0.234799445
vn -0.736695349 0.640496075 -0.21689859
vn -0.75022012 0.614516616 -0.244006515
vn -0.812540829 0.555727959 -0.175908789
vn -0.812332571 0.556222379 -0.175306976
vn -0.825304508 0.532402992 -0.188200995
vn -0.717460036 0.647464037 -0.256985635
vn -0.701066494 0.675667822 -0.227989063
vn -0.744114101 0.631412089 -0.218204096
vn -0.744297326 0.63119787 -0.218199179
vn -0.768372059 0.610777915 -0.191192999
vn -0.832133174 0.542221725 -0.116404593
vn -0.809094071 0.567895949 -0.151198834
vn -0.758570671 0.63597554 -0.141794458
vn -0.783180296 0.612184703 -0.108897202
vn -0.773405075 0.622604132 -0.119200721
vn -0.743929386 0.642425537 -0.184007213
vn -0.774900675 0.619700611 -0.124500044
vn -0.789398849 0.599499226 -0.132099748
vn -0.818347812 0.559732795 -0.130407572
vn -0.817180395 0.574886262 -0.0414989404
vn -0.824904442 0.55610311 -0.101400502
vn -0.784166813 0.610974193 -0.108595341
vn -0.818694353 0.559896171 -0.127499074
vn -0.838816345 0.537910521 -0.0839015692
vn -0.911442161 0.407218903 -0.0587026738
vn -0.919817626 0.386907488 -0.0651012138
vn -0.99027735 0.139096826 -0.00169994484
vn -0.979403555 0.201900765 -0.00219998416
vn -0.961478889 0.271894068 -0.040399082
vn -0.964051843 0.260987014 -0.0498974845
vn -0.951710224 0.304903299 -0.0358003527
vn -0.947683215 0.317594409 -0.032099396
vn -0.918371618 0.393287927 -0.0437986031
vn -0.929300427 0.359100252 -0.086300008
vn -0.924489498 0.373995841 -0.0737991259
vn -0.993585825 -0.103698529 0.0450993478
vn -0.990388095 -0.0884989575 0.106298722
vn -0.996498704 -0.0644999295 0.0531999283
vn -0.98797369 0.116296932 -0.101897284
vn -0.988991082 0.124098897 -0.0805992633
vn -0.988493502 0.144099087 -0.0459996834
vn -0.991499066 0.130099893 0.00190001389
vn -0.994676054 0.100697584 0.021899486
vn -0.995231092 0.0829026029 0.0514016263
vn -0.999786437 0.0205997229 0.00169997965
vn -0.999346972 -0.0361017026 -0.0015000751
vn -0.988123894 -0.145903543 -0.0482011922
vn -0.982107639 -0.119800933 -0.145301163
vn -0.859089553 -0.068699114 -0.507193923
vn -0.996646047 -0.0521024093 -0.0631029382
vn -0.992172003 0.0993971899 0.0755978823
vn -0.978650868 0.0913954377 -0.184090763
vn -0.987592638 0.114099175 -0.107899189
vn -0.869077802 0.491987526 -0.0514986329
vn -0.88674438 0.459223032 -0.0529026017
vn -0.874222755 0.48261264 -0.0531013347
vn -0.896122336 0.437610954 -0.0739017949
vn -0.849213302 0.522508204 -0.07630115
vn -0.848929286 0.526518166 -0.0458015203
vn -0.846935213 0.529822111 -0.0446017943
vn -0.811407328 0.573805273 -0.111200951
vn -0.976893663 0.125499219 -0.172998875
vn -0.978241086 0.122005157 -0.167807043
vn -0.97744441 -0.104004718 -0.183808371
vn -0.97646147 -0.0982961133 -0.191992477
vn -0.960342109 -0.197308645 -0.197008684
vn -0.958910108 -0.18060191 -0.218802348
vn -0.790191889 0.589894116 -0.166198239
vn -0.785225153 0.591919065 -0.18180576
vn -0.818119586 0.54471314 -0.184304371
vn -0.813318551 0.555812716 -0.17200388
vn -0.87119472 0.480097145 -0.10259933
vn -0.907372534 0.405787796 -0.109596655
vn -0.931057036 0.358983487 -0.0652969554
vn -0.989886045 0.116398387 -0.0810988545
vn -0.992107332 0.104100786 -0.0699005052
vn -0.991086781 -0.108498551 -0.0772989839
vn -0.991335034 -0.100903571 -0.0841029957
vn -0.974597931 -0.206499562 -0.0866998434
vn -0.975549579 -0.214910939 -0.0460023694
vn -0.973501742 -0.226300433 -0.0329000913
vn -0.981656253 0.189891562 -0.0170992184
vn -0.982264996 0.186593384 -0.0183993243
vn -0.932980359 0.359692425 -0.0129996845
vn -0.96078968 0.270797133 -0.0595993325
vn -0.874834538 0.481719077 -0.0511019677
vn -0.915867984 0.389586449 -0.096996583
vn -0.830895483 0.548397064 -0.0941994339
vn -0.86849606 0.477797896 -0.131999359
vn -0.873400629 0.468800426 -0.131900057
vn -0.855605662 0.501603425 -0.127800807
vn 0.0559031554 -0.36722067 -0.928452551
vn -0.0212996509 -0.210396469 -0.97738415
vn -0.0545983873 -0.130296037 -0.989970863
vn -0.113794476 -0.840659261 -0.529474497
vn -0.181397781 -0.810190082 -0.557393312
vn -0.61972183 -0.263609201 -0.739226103
vn 0.0114000449 -0.729202867 -0.68420279
vn -0.386502236 -0.190001011 -0.902505338
vn -0.44840458 -0.893609285 -0.0199003126
vn -0.463976085 -0.884754598 -0.0439978428
vn -0.30730018 -0.924800575 -0.224300265
vn -0.159397051 -0.968582213 -0.190896615
vn -0.534000695 -0.73430109 -0.419100702
vn -0.448399186 -0.893598497 0.020499859
vn -0.446518779 -0.0363016352 0.894037664
vn -0.0157991871 -0.721663117 0.692064404
vn -0.476574659 -0.421577752 0.771459043
vn -0.305310369 -0.762426078 0.570519328
vn -0.157899454 -0.848197281 0.505598187
vn -0.505977988 -0.750867426 0.424481481
vn -0.264890403 -0.940165997 0.214292154
vn -0.333387971 -0.920566857 0.203492582
vn -0.464491546 -0.884483993 0.0439990982
vn -0.0556993149 -0.129698545 0.989987969
vn -0.0224011391 -0.209510803 0.977549911
vn 0.118798912 -0.489995658 0.863592148
vn -0.985339165 0.170606792 -0.000299991632
vn -0.69942373 0.672522902 0.241908312
vn -0.818303764 0.560602605 0.126900658
vn -0.778873444 0.61827898 0.1052965
vn -0.778324187 0.617719233 0.112403587
vn -0.845841169 0.518725336 0.124406129
vn -0.880025327 0.456213176 0.132003874
vn -0.815306067 0.559504211 0.149101198
vn -0.790377438 0.589983165 0.164995372
vn -0.758330762 0.636325896 0.141505823
vn -0.783119261 0.612315059 0.108602755
vn -0.774756849 0.621265471 0.117393553
vn -0.770600259 0.625000238 0.124700129
vn -0.794685066 0.591888905 0.134697556
vn -0.822683156 0.561988533 0.0857983157
vn -0.82349056 0.558993697 0.096898973
vn -0.830646276 0.544730425 0.115306504
vn -0.774028659 0.595922112 0.213908017
vn -0.776779115 0.603083909 0.181395218
vn -0.744130373 0.631425858 0.218109012
vn -0.732710779 0.639409482 0.233003527
vn -0.731094241 0.630795121 0.259998053
vn -0.743713319 0.631711364 0.218704015
vn -0.700756788 0.676158369 0.227486089
vn -0.717411518 0.647510409 0.257004231
vn -0.823312104 0.535407901 0.188402861
vn -0.872808933 0.474704891 0.113401234
vn -0.871777534 0.444488585 0.205994785
vn -0.902696908 0.406898618 0.139899582
vn -0.926532149 -0.170205966 0.335511655
vn -0.91865927 -0.176592216 0.353384316
vn -0.955061257 -0.196612656 0.22181423
vn -0.961861372 -0.190092415 0.196692109
vn -0.966630757 -0.207806662 0.149804756
vn -0.975527227 -0.202105656 0.0866023973
vn -0.974902272 -0.207100511 0.0817001686
vn -0.97509557 -0.213599056 0.0596997105
vn -0.975965917 -0.215792492 0.0303989165
vn -0.975082994 -0.220796183 0.0214996021
vn -0.976067543 -0.216892824 0.0157994498
vn -0.977121174 -0.212604627 0.00580010051
vn -0.97799474 -0.207798913 -0.0185999256
vn -0.978930056 -0.204006284 0.00880024675
vn -0.991356015 -0.131194204 0.00119993137
vn -0.987486601 -0.157697871 0.00129996368
vn -0.979214966 -0.202803135 0.00300002214
vn -0.9699983 -0.234399617 0.0644998625
vn -0.974980831 -0.221795663 0.0147996843
vn -0.977465868 -0.211092651 0.000599953986
vn -0.978937626 -0.204107881 0.0046001533
vn -0.97836864 -0.206793398 0.00559979584
vn -0.977922916 -0.20880492 0.00820016768
vn -0.999543071 -0.0300012957 -0.00370016345
vn -0.996037841 -0.0889033899 0.0022000731
vn -0.997468829 -0.0707977936 0.00659978623
vn -0.994072139 -0.108696967 0.00239992002
vn -0.99663204 0.0813026205 0.0107003553
vn -0.995277941 0.0948979035 0.0203995612
vn -0.998336494 0.0576021113 -0.00250008469
vn -0.998330772 0.0577017851 -0.00250007026
vn -0.999971271 -0.00489985943 -0.00579983415
vn -0.996644974 0.0811036751 -0.0110004889
vn -0.995736122 0.0910033137 -0.0151005397
vn -0.998521388 0.0541011691 0.00530012045
vn -0.991230905 0.131604135 -0.0119003579
vn -0.995228767 0.097402826 0.00570017705
vn -0.993570387 0.113196641 0.00209995103
vn -0.983935416 0.178406432 -0.00650021387
vn -0.978661835 0.204892039 -0.015499373
vn -0.974610806 0.223802522 -0.00680004992
vn -0.962673366 0.270592541 0.00629985891
vn -0.927786827 0.372894764 0.0126998667
vn -0.941522598 0.336408108 -0.0191004183
vn -0.896669745 0.441585153 0.0313989967
vn -0.932821035 0.360308141 -0.00480006589
vn -0.926114738 0.377206028 0.00520012854
vn -0.929271221 0.36938858 0.00269996072
vn -0.912487924 0.408794641 0.0158998407
vn -0.837593496 0.543195844 0.05809962
vn -0.847345471 0.529028416 0.0462025441
vn -0.976377666 -0.210695207 0.0478988849
vn -0.974982262 -0.220396012 0.0288994499
vn -0.987583101 -0.150897443 0.0436992347
vn -0.984774768 -0.125296816 0.120496906
vn -0.999459445 0.015299378 0.0290988274
vn -0.997871101 -0.0507985391 0.0408988111
vn -0.994391739 0.104199141 -0.0180998389
vn -0.996534348 0.0826028511 0.00980034936
vn -0.996531606 0.0829026401 -0.0072002192
vn -0.994851112 0.0684966445 -0.0746963322
vn -0.984722316 0.172103912 0.0265006237
vn -0.988030076 0.146504477 0.0483014993
vn -0.976959825 -0.212191299 0.0228990335
vn -0.990998685 -0.133799836 0.00439997902
vn -0.993057251 -0.0884961933 -0.0774966776
vn -0.98396343 -0.108995937 -0.141194791
vn -0.999364018 -0.0355987214 0.0020999203
vn -0.961098373 0.272399575 0.0456999615
vn -0.958200634 0.28030023 0.0573000833
vn -0.973020852 0.230404973 0.012000286
vn -0.927408218 0.373903334 0.0105001386
vn -0.925402582 0.378001064 0.0273001231
vn -0.924464703 0.379685551 0.0346987247
vn -0.913004398 0.403601974 0.0594003424
vn -0.920191407 0.385796458 0.0663994327
vn -0.925197124 0.371798873 0.0759998113
vn -0.917764366 0.393284738 0.0550979152
vn -0.944166422 0.327988386 0.0311989337
vn -0.952494979 0.302298456 0.0369998477
vn -0.871406555 0.489503711 0.0322003067
vn -0.897123635 0.440711677 0.0307008643
vn -0.896627724 0.43961364 0.0529016964
vn -0.881659329 0.468878418 0.0531976074
vn -0.889213204 0.454306811 0.0539008677
vn -0.990430653 0.138004273 0.00140005979
vn -0.981609404 0.19000183 0.0185002014
vn -0.961572051 0.274092048 0.0158995744
vn -0.93119061 0.360096395 0.0566994771
vn -0.917785227 0.393193722 0.0553991646
vn -0.95534718 0.101204976 0.277613729
vn -0.937063932 0.0642974973 0.343186826
vn -0.983615994 0.046400737 0.174202845
vn -0.98386097 0.0482980683 0.172293171
vn -0.996545434 0.0405018441 0.0725033209
vn -0.993836343 0.104103811 0.0381014086
vn -0.985639155 0.106304221 0.131205246
vn -0.989091396 0.1268989 0.0747993737
vn -0.892135024 -0.0667026788 0.446817607
vn -0.854213774 -0.0676011592 0.515508413
vn -0.991902232 -0.101000249 0.0770001635
vn -0.99061358 -0.107601501 0.0843011439
vn -0.978030562 -0.098903127 0.183505744
vn -0.975935161 -0.102803744 0.192306951
vn -0.939253211 -0.0851958022 0.33248347
vn -0.95217061 -0.0722978115 0.296890855
vn -0.825999975 0.547900081 0.132400081
vn -0.821357369 0.546571672 0.163191617
vn -0.810604095 0.555902839 0.184101015
vn -0.812032402 0.556122303 0.177007139
vn -0.781629682 0.58232218 0.223508582
vn -0.934947431 0.305315495 0.180709213
vn -0.89819634 0.216299102 0.382698536
vn -0.966356933 0.20249097 0.158592969
vn -0.966484904 0.195496947 0.166397452
vn -0.978593051 0.190898642 0.0768994763
vn -0.91175288 0.406079024 0.0616968647
vn -0.926638544 0.358314931 0.113804787
vn -0.870886266 0.480592489 0.102898456
vn -0.871494591 0.480897069 0.096099481
vn -0.871386826 0.481092781 0.0960986242
vn -0.872765839 0.482281208 0.0753971189
vn -0.842503667 0.53320241 0.0767004117
vn -0.862411916 0.496806949 0.0971014127
vn 0.0611021183 0.605721235 -0.79332757
vn -0.57629478 0.721993566 -0.382896513
vn -0.532961249 0.74134624 -0.407870322
vn -0.651929021 0.711131752 -0.263211668
vn -0.308505267 0.795913756 -0.520908892
vn -0.415490031 0.798680961 -0.435289532
vn -0.0403982885 0.797266424 -0.602274418
vn -0.0143003017 0.830917716 -0.55621171
vn -0.533307374 0.802211225 -0.268403679
vn 0.0182999503 0.877897799 -0.478498638
vn 0.0436007455 0.918415904 -0.393206686
vn -0.577615678 0.787621439 -0.214505747
vn 0.804390907 0.483094603 -0.345796078
vn -0.0730957538 0.948645115 -0.307782024
vn 0.0079999771 0.957597375 -0.287999064
vn -0.47459206 0.852885902 -0.217596292
vn -0.441996008 0.864592314 -0.238997757
vn -0.430298775 0.862697661 -0.265699178
vn -0.457409322 0.844617367 -0.278205603
vn -0.43400225 0.837704539 -0.331501663
vn -0.468188733 0.82038039 -0.328292042
vn -0.492187619 0.784380376 -0.377490461
vn -0.49100247 0.784104109 -0.379601896
vn -0.481602609 0.803204477 -0.350601852
vn -0.270094395 0.708585441 -0.651886463
vn -0.289610982 0.727127731 -0.62242353
vn -0.236393929 0.792079866 -0.562785506
vn -0.218596876 0.783188999 -0.58209157
vn -0.150096402 0.872979283 -0.464088857
vn -0.146099627 0.871997952 -0.467198819
vn -0.114302352 0.925219238 -0.361807346
vn -0.116601624 0.925713122 -0.359804928
vn -0.106703043 0.944727123 -0.310008734
vn -0.2220072 0.943630695 -0.245507866
vn -0.15880169 0.0688008592 -0.984910548
vn -0.072902225 0.154304847 -0.985330164
vn -0.148699626 0.522298872 -0.839697957
vn -0.132006407 0.363117784 -0.922344863
vn -0.116498262 0.393794268 -0.911786497
vn -0.091699183 0.274197698 -0.957291484
vn -0.0908989906 0.28639695 -0.953789532
vn -0.0789977089 0.233793348 -0.969071925
vn -0.0778993666 0.215498403 -0.973392248
vn -0.069597818 0.193294063 -0.978669405
vn -0.0701027289 0.156806245 -0.985138416
vn -0.0665030852 0.146006912 -0.987045944
vn -0.12879613 0.102397047 -0.986370504
vn -0.207710966 0.631733537 -0.746839464
vn -0.187902957 0.593209565 -0.782812417
vn -0.15890108 0.495403558 -0.854005873
vn -0.271401465 0.850204766 -0.451102406
vn -0.276294559 0.811384141 -0.51508975
vn -0.277116984 0.810249865 -0.51643157
vn -0.250691444 0.774273753 -0.581080139
vn -0.245706379 0.730119109 -0.637616515
vn -0.236585215 0.721755147 -0.650459349
vn -0.205504268 0.654813766 -0.727315068
vn -0.275990158 0.88216871 -0.381586343
vn -0.264103293 0.916911602 -0.299203664
vn -0.302687198 0.898762107 -0.317186505
vn -0.187506065 0.958331048 -0.215506867
vn -0.259006828 0.936824858 -0.23510614
vn -0.160193235 0.977658868 -0.136094153
vn -0.155792013 0.978549957 -0.134792984
vn -0.124702945 0.990923464 -0.0502010733
vn -0.0511979908 0.996061087 -0.0723970532
vn -0.121803179 0.992526054 -0.00750007806
vn -0.146294132 0.988660395 -0.0338985212
vn -0.307809412 0.922928393 -0.231206998
vn -0.290800035 0.93110019 -0.220199943
vn -0.146003693 0.964624524 -0.219505459
vn -0.294597834 0.94189316 -0.161398709
vn -0.190606996 0.972435832 -0.134304821
vn -0.19730565 0.975728035 -0.095002614
vn -0.148795962 0.986373305 -0.0701979846
vn -0.190305293 0.981527388 -0.0197004322
vn -0.0945012942 0.995313764 -0.0205001645
vn -0.333792984 0.902281165 -0.272894174
vn -0.323001534 0.901704371 -0.287401259
vn -0.346594185 0.882685304 -0.317394584
vn -0.293092132 0.868576884 -0.399589241
vn -0.331300318 0.860100925 -0.387900323
vn -0.350698411 0.867696166 -0.352298319
vn -0.212097958 0.537594974 -0.816092193
vn -0.252499908 0.64169997 -0.724199772
vn -0.253597736 0.638894439 -0.726293504
vn -0.288500756 0.740402102 -0.60710156
vn -0.295197725 0.731694579 -0.61439532
vn -0.321308851 0.805322349 -0.498213679
vn -0.321183443 0.805458546 -0.498074263
vn -0.342199922 0.834999979 -0.430899888
vn -0.339784622 0.851961613 -0.398381919
vn -0.117604405 0.0904035121 -0.98893714
vn -0.122103311 0.115903281 -0.985726893
vn -0.116601646 0.148502231 -0.982014
vn -0.124096431 0.187094748 -0.974472106
vn -0.121693626 0.215688854 -0.968849421
vn -0.137697965 0.278596044 -0.950486004
vn -0.137496993 0.296193659 -0.945179343
vn -0.163595453 0.380789578 -0.91007477
vn -0.157502651 0.404406935 -0.900915205
vn -0.192695707 0.476889521 -0.8575809
vn -0.211296305 0.543790638 -0.812185824
vn 0.0589023456 0.926637053 -0.371314704
vn -0.253101528 -0.238401338 -0.937605798
vn -0.228397116 -0.124398328 -0.965587914
vn -0.196595088 0.296192735 -0.934676647
vn -0.0973963365 0.350286961 -0.931564927
vn -0.185710549 0.449525684 -0.873749733
vn -0.165204987 0.464314193 -0.870126367
vn -0.16539745 0.501692474 -0.849087
vn -0.159605443 0.521117926 -0.838428617
vn -0.18229726 0.555791855 -0.811087906
vn -0.133002073 0.595309496 -0.79241246
vn -0.145201147 0.613404989 -0.776306152
vn -0.109598495 0.690490723 -0.714990199
vn -0.0802036896 0.18560867 -0.979345202
vn -0.0963966548 0.236791939 -0.966766536
vn -0.0911983177 0.302794546 -0.948682547
vn -0.0499990173 0.126697645 -0.990680635
vn -0.0720006004 0.15550144 -0.985208392
vn -0.0701990798 0.193997592 -0.978487313
vn -0.052097749 0.12759462 -0.990457356
vn -0.0500998311 0.0951998085 -0.994196773
vn -0.109404519 0.0556024238 -0.992441118
vn -0.10269545 0.038798403 -0.993956029
vn -0.0874961689 0.0146994768 -0.996056557
vn -0.144898385 -0.0265995897 -0.989089131
vn -0.144500017 -0.0315998867 -0.989000201
vn -0.147000924 -0.0380001254 -0.988406301
vn -0.146095693 -0.0371987931 -0.988571048
vn -0.166206583 -0.0385014154 -0.985339165
vn -0.161500916 -0.0389001071 -0.98610574
vn -0.174995363 -0.0523985028 -0.983174086
vn -0.182908982 -0.0521024466 -0.981748343
vn -0.184593678 -0.0585978851 -0.981066585
vn -0.184101179 -0.0543002337 -0.981406391
vn -0.19489485 -0.0663981289 -0.978574276
vn -0.219100535 -0.069800064 -0.973202527
vn -0.224193469 -0.0942971557 -0.969971955
vn -0.205108956 -0.0726030618 -0.976042688
vn -0.242913336 -0.10310556 -0.964553058
vn -0.219693869 -0.0763977617 -0.972572982
vn -0.22079289 -0.0770974159 -0.97226882
vn -0.212495729 -0.069598496 -0.974680483
vn -0.229787782 -0.201989174 -0.952049494
vn -0.229602158 -0.159001395 -0.960209191
vn -0.228491709 -0.150994435 -0.96176523
vn -0.22969003 -0.13209416 -0.964258254
vn -0.223498687 -0.111599244 -0.968294442
vn -0.346891671 -0.449489206 -0.823180437
vn -0.336987913 -0.403485447 -0.850669682
vn -0.26569286 -0.304291755 -0.91477555
vn -0.261996537 -0.348395318 -0.899988234
vn -0.261489511 -0.324386925 -0.909063637
vn -0.352990717 -0.484387279 -0.800479174
vn -0.360913336 -0.43821612 -0.823230565
vn -0.442579389 -0.526675463 -0.725766242
vn -0.43779847 -0.509898186 -0.74049753
vn -0.472695202 -0.577994168 -0.665193379
vn -0.470883161 -0.526481152 -0.707874775
vn -0.49548623 -0.632182419 -0.595683575
vn -0.51252377 -0.577426791 -0.635529578
vn -0.547794521 -0.658693373 -0.515794933
vn -0.549102008 -0.636602342 -0.541502118
vn -0.567280471 -0.679076552 -0.465884089
vn -0.585907042 -0.687508285 -0.429005265
vn -0.583896279 -0.721995473 -0.37119776
vn -0.61447835 -0.734374225 -0.288289994
vn -0.616299331 -0.733899295 -0.285599828
vn -0.586491823 -0.791089058 -0.173797682
vn -0.630000174 -0.762900293 -0.145200148
vn -0.682002723 -0.724102974 -0.102700517
vn -0.610006332 -0.7890082 -0.0732008666
vn -0.628910542 -0.769812942 -0.108901933
vn -0.67255348 -0.73774904 -0.0582960658
vn -0.689302862 -0.723703086 -0.0334002264
vn -0.698622465 -0.714823008 -0.0309010819
vn -0.695231855 -0.718732953 -0.00870048534
vn -0.69828403 -0.715783656 -0.00729991915
vn -0.0938019156 0.673713923 -0.733014941
vn -0.0520015582 0.749622583 -0.659819722
vn -0.0235006548 0.753421247 -0.65711832
vn -0.011400409 0.789828479 -0.613221943
vn 0.00630004751 0.804806173 -0.593504429
vn 0.00470007723 0.826913774 -0.562309206
vn 0.0644012392 0.89821744 -0.434808314
vn 0.0617027543 0.902040482 -0.427219003
vn 0.04260033 0.873806953 -0.484403729
vn 0.0420009382 0.874219716 -0.483710796
vn 0.0285011306 0.836633325 -0.547021627
vn 0.189097047 0.933685541 -0.304095179
vn 0.090597719 0.938176572 -0.334091514
vn 0.0126001397 0.938810587 -0.344203711
vn 0.0953002945 0.954403102 -0.28290078
vn -0.35149917 0.109199867 -0.929797888
vn -0.715580463 0.656082213 -0.23979342
vn -0.844285488 0.535790861 -0.0104997559
vn -0.884780943 0.449290365 -0.123697296
vn -0.957770407 0.270391673 -0.0977969691
vn -0.942969918 0.311490119 -0.117396228
vn -0.982897699 -0.140199676 -0.119399749
vn -0.96848768 -0.150698081 -0.198297516
vn -0.964711607 -0.196202368 -0.175602168
vn -0.655884862 -0.0238993596 -0.754482627
vn -0.797645032 -0.104905874 -0.593933642
vn -0.170603827 0.133003131 -0.976322055
vn -0.913669705 -0.11919602 -0.388587177
vn -0.24100554 0.156503737 -0.957822144
vn -0.286186129 0.14749299 -0.946754277
vn -0.370009035 0.427510589 -0.824820161
vn -0.518289149 0.418191373 -0.745984316
vn -0.428880721 0.570074558 -0.70076853
vn -0.56770128 0.770501852 -0.289900571
vn -0.452223778 0.802642345 -0.388920426
vn -0.451491773 0.802485466 -0.39009285
vn -0.929682314 -0.237595469 -0.281494707
vn -0.928898454 -0.25889957 -0.264799625
vn -0.854445755 -0.124806643 -0.504327059
vn -0.900476694 0.0543986522 -0.431488872
vn -0.902157962 0.0492977574 -0.428580105
vn -0.885816872 0.447408557 -0.1231023
vn -0.765500665 0.597200632 -0.239500165
vn -0.740552604 0.516636848 -0.429730535
vn -0.593677282 0.648175299 -0.476881742
vn -0.460375607 0.683164001 -0.566870034
vn -0.997450471 -0.0463023447 -0.0543027595
vn -0.994793236 -0.0995993316 -0.0215998664
vn -0.987333596 -0.0968032926 -0.125704303
vn -0.94011569 0.19350329 -0.28060469
vn -0.938296437 0.197199315 -0.284098923
vn -0.737072587 0.521380723 -0.429984003
vn -0.684112966 0.303105861 -0.663412631
vn -0.679198444 0.305399448 -0.667398512
vn -0.60388571 0.0173996836 -0.796881199
vn -0.500181079 0.0483982787 -0.864567459
vn -0.180496037 0.169396207 0.968878865
vn -0.240289167 0.153692976 0.958456933
vn -0.293794334 0.143197134 0.94508189
vn -0.351586789 0.109195806 0.929765165
vn -0.500106096 0.0484004915 0.864610612
vn -0.60388571 0.0173994936 0.796881199
vn -0.65582788 -0.0239011087 0.754532158
vn -0.848794222 -0.140199125 0.509796619
vn -0.804185927 -0.0669989064 0.590589702
vn -0.932795465 -0.273598731 0.234598845
vn -0.933129609 -0.223907173 0.281308949
vn -0.997483253 -0.046299234 0.0536991023
vn -0.994980574 -0.0975981057 0.0220995583
vn -0.957804263 0.266601235 0.107400522
vn -0.944405258 0.311901748 0.104000628
vn -0.502802968 0.8091048 0.304201901
vn -0.844285488 0.535790861 0.0104998844
vn -0.884404957 0.450302571 0.122700751
vn -0.885510266 0.447905213 0.123501495
vn -0.740706384 0.620105445 0.258502334
vn -0.766259193 0.604567885 0.217588514
vn -0.567684889 0.7704795 0.289992362
vn -0.452187479 0.80267787 0.388889402
vn -0.985889852 -0.0975990295 0.135998607
vn -0.986604393 -0.115700543 0.115000516
vn -0.94011569 0.193503216 0.28060475
vn -0.938269794 0.197193637 0.284190923
vn -0.740833163 0.517323196 0.428419292
vn -0.73702997 0.520421147 0.43121767
vn -0.47498998 0.725184679 0.498489618
vn -0.469725192 0.727138996 0.500626922
vn -0.967889369 -0.163898245 0.190597922
vn -0.969822347 -0.168303937 0.176404074
vn -0.902637064 0.0506020337 0.427417606
vn -0.900224924 0.0528014153 0.432212025
vn -0.684112966 0.303105712 0.66341275
vn -0.679198444 0.305399299 0.667398632
vn -0.39951393 0.482416779 0.779527366
vn -0.3927086 0.483810574 0.782117367
vn -0.0269989222 0.056097649 0.998060226
vn -0.305108041 0.125403211 0.94402504
vn 0.143693313 0.370482683 0.917657375
vn -0.385395497 0.487294286 0.783590972
vn -0.0143998107 0.673891187 0.738690376
vn -0.444618076 0.740730166 0.503620625
vn -0.0838993192 0.89189285 0.444396585
vn -0.284185857 0.906554878 0.312084585
vn -0.249399439 0.855598211 -0.453598946
vn 0.149202511 0.921915591 -0.357505888
vn 0.111401938 0.421807468 -0.899815738
vn -0.293209463 0.460515022 -0.837827146
vn 0.025199363 0.694882572 -0.718681812
vn -0.0803018734 0.695816398 -0.713716626
vn -0.33781147 0.741725385 -0.579419672
vn 0.196094602 0.415988714 -0.887975633
vn -0.43379271 -0.0488990769 -0.899684966
vn -0.0603004061 0.168201268 -0.983906746
vn 0.31989786 -0.928693831 -0.187598884
vn 0.279295087 -0.940383494 -0.194096729
vn 0.318500787 -0.947902441 -0.00620012963
vn 0.37649551 -0.909989297 0.173697844
vn 0.325011879 -0.927834094 0.1830066
vn 0.204798967 -0.97879523 0.00419986248
vn -0.110894449 -0.986850679 0.117594011
vn 0.205297366 -0.978687525 -0.00490005454
vn 0.318701565 -0.929104626 -0.18760106
vn 0.260803014 -0.947811007 -0.183402255
vn -0.196708992 -0.980444908 0.00580014847
vn -0.255294651 -0.965079963 -0.0586988963
vn 0.0695972815 -0.984661639 -0.159993872
vn 0.189010546 -0.966253996 0.175009653
vn 0.265111268 -0.949040413 0.170407116
vn 0.228107646 -0.957632184 0.175805777
vn 0.316785693 -0.930658102 0.18309164
vn 0.194404915 -0.966024578 -0.170304447
vn 0.189607844 -0.967240036 -0.168807104
vn 0.0313992463 -0.986876428 -0.158396333
vn 0.0330014154 -0.999442995 0.00500009535
vn 0.0332012475 -0.999437749 0.00470005814
vn 0.032899268 -0.986078143 0.162996262
vn 0.0726983547 -0.983577847 0.165196151
vn -0.946053624 -0.323984146 0.00409976114
vn -0.947312534 -0.320104271 0.0115001146
vn -0.943937242 -0.330013067 0.00860030111
vn -0.937885046 -0.346894473 0.00599986361
vn -0.946461856 -0.322787046 0.00429978874
vn -0.951249123 -0.308415949 0.00220007706
vn -0.932347 -0.343880504 0.111693621
vn -0.932377517 -0.341891825 0.117397152
vn -0.941455662 -0.306918204 0.139508247
vn -0.939368308 -0.324789107 0.109996267
vn -0.934329271 -0.339010656 0.110003419
vn -0.942600787 -0.247100264 0.224600196
vn -0.959211946 -0.253103226 0.12590155
vn -0.967735052 -0.25180915 0.0090002967
vn -0.96689111 -0.254897684 0.0121998591
vn -0.966613948 -0.255803734 0.0149001861
vn -0.947767019 -0.277990371 0.156394541
vn -0.965470433 -0.24559252 0.086897321
vn -0.966255784 -0.25568831 0.0311985444
vn -0.961322129 -0.272506297 0.0400008895
vn -0.966814637 -0.254503876 0.0223003086
vn -0.966783464 -0.255595684 0.000799956033
vn -0.966727555 -0.25580734 0.000699989498
vn -0.967645288 -0.252311826 0.00120002625
vn -0.967492461 -0.252898067 0.000899962964
vn -0.967492938 -0.252898186 0.000199968417
vn -0.967778921 -0.251794547 0.00189992879
vn -0.968136787 -0.250409544 0.00250006537
vn -0.96870333 -0.248200893 0.00319998199
vn -0.969133973 -0.246508673 0.00360009726
vn -0.968129098 -0.250407547 0.00470011169
vn -0.967411757 -0.253103107 0.00730005978
vn -0.967886925 -0.251296639 0.00669988059
vn -0.967351913 -0.253287464 0.00869953912
vn -0.915179789 -0.214395329 0.341292471
vn -0.904186308 -0.257896155 0.340494841
vn -0.925527215 -0.279308289 0.255707532
vn -0.922574043 -0.25719282 0.287591934
vn -0.924470425 -0.250292063 0.287590832
vn -0.923949122 -0.249686301 0.289784014
vn -0.915701628 -0.232600465 0.327700555
vn -0.958657384 -0.260688424 0.114094913
vn -0.952037036 -0.281511009 0.119904637
vn -0.957523406 -0.275106758 0.0864020884
vn -0.941471934 -0.307190925 0.138795838
vn -0.923121333 -0.300406992 0.240005538
vn -0.911337078 -0.306412548 0.274911195
vn -0.925892711 -0.356297255 0.125598982
vn -0.903711259 -0.344804347 0.253803164
vn -0.90610683 -0.331202567 0.263202012
vn -0.905874193 -0.330890656 0.264392465
vn -0.906098008 -0.321499377 0.27499941
vn -0.874813557 -0.364605725 0.319004923
vn -0.866165698 -0.376285195 0.328886956
vn -0.876644731 -0.362718552 0.316116124
vn -0.875510037 -0.384304494 0.292903304
vn -0.894318163 -0.349707216 0.279105663
vn -0.894805014 -0.351002067 0.275901556
vn -0.885271668 -0.352488816 0.303390324
vn -0.882261217 -0.350484669 0.314286172
vn -0.88209796 -0.347899318 0.317599297
vn -0.881315231 -0.350506127 0.316905499
vn -0.936773658 -0.28589201 0.201794326
vn -0.962364018 -0.264990091 0.0602977201
vn -0.971764326 -0.232791483 0.0384985656
vn -0.962838113 -0.262410402 0.0639025047
vn -0.962289453 -0.265597105 0.0587993339
vn -0.96234864 -0.264885873 0.0609967224
vn -0.976104319 -0.217300981 0.000799977744
vn -0.949817657 -0.172403187 -0.261004925
vn -0.980196714 -0.197899371 -0.00710000098
vn -0.977669239 -0.209493443 0.0165994558
vn -0.968985319 -0.247096285 0.00329992082
vn -0.975332677 -0.220107406 0.0167005342
vn -0.962592542 -0.270497948 0.0156998485
vn -0.953501999 -0.301300675 0.00719998032
vn -0.955569267 -0.294690549 0.0066997502
vn -0.953237236 -0.302111834 0.00820028502
vn -0.958406329 -0.28510192 0.0132000558
vn -0.959459662 -0.28148821 0.0141993705
vn -0.955184996 -0.264095902 0.133697882
vn -0.945693016 -0.312497765 0.0894993097
vn -0.937595665 -0.335798502 0.0902995542
vn -0.939134538 -0.331112206 0.0916033313
vn -0.936809003 -0.34580338 0.0530004762
vn -0.941644728 -0.332215846 0.0542025417
vn -0.93743962 -0.343214571 0.0584024377
vn -0.937810183 -0.342403799 0.0572005883
vn -0.936114073 -0.345505238 0.0657009482
vn -0.937933385 -0.336212009 0.0851029977
vn -0.938393354 -0.334097713 0.088299349
vn -0.955878913 -0.291093618 0.0394991003
vn -0.955213785 -0.293104261 0.0407005586
vn -0.952170908 -0.30039084 0.055998262
vn -0.951843202 -0.302413762 0.0504022613
vn -0.949611247 -0.312203735 0.0277002938
vn -0.947704911 -0.318501681 0.0203000698
vn -0.946705997 -0.32150209 0.0196000878
vn -0.943513751 -0.330704868 0.0204002615
vn -0.947359562 -0.319186419 0.0250988957
vn -0.967680514 -0.249495015 0.0366992354
vn -0.956933856 -0.2874102 0.0409014188
vn -0.94688046 -0.318293482 0.0458990186
vn -0.927020133 -0.349207669 0.136702955
vn -0.912755728 -0.388881207 0.125093907
vn -0.911816657 -0.391107172 0.12500225
vn -0.924702525 -0.334800959 0.18120046
vn -0.934510589 -0.306003511 0.181802034
vn -0.937271178 -0.270091742 0.220393226
vn 0.324593812 -0.92798233 -0.182996631
vn 0.324587911 -0.927965403 -0.183093295
vn 0.316792548 -0.948477805 0.00569975376
vn 0.316997766 -0.948393464 0.00789983198
vn 0.307706267 -0.932419121 0.189503789
vn 0.319688618 -0.928767025 0.187593237
vn 0.205200821 -0.978704035 0.00559990574
vn 0.0697036535 -0.984651744 0.160008281
vn 0.0318987295 -0.986860812 0.158393592
vn 0.195195407 -0.966077387 0.169095933
vn 0.189495414 -0.967176676 0.169295803
vn 0.260803014 -0.947811007 0.183402017
vn 0.318312556 -0.92923671 0.187607318
vn 0.0336002968 -0.982908785 -0.181001723
vn 0.264993101 -0.94907546 -0.170395702
vn -0.110795677 -0.986861646 -0.117595553
vn 0.072598882 -0.983585 -0.165197596
vn 0.193591997 -0.966260135 -0.169893101
vn -0.255294651 -0.965079963 0.0586986654
vn -0.196708992 -0.980444908 -0.00580038223
vn 0.0334009863 -0.999429703 -0.00500026718
vn 0.034000285 -0.999408424 -0.005200163
vn 0.204702988 -0.978814423 -0.00440018158
vn 0.227991 -0.957662344 -0.175793186
vn 0.316815168 -0.930644631 -0.183108896
vn -0.955305517 -0.292901725 -0.0400002673
vn -0.893900514 -0.340200216 -0.291900247
vn -0.964009881 -0.265402734 -0.0157001931
vn -0.953663766 -0.300788581 -0.00719976285
vn -0.945868671 -0.324389279 -0.0101997023
vn -0.951189816 -0.30859673 -0.00250001019
vn -0.947174847 -0.320691496 -0.00409992971
vn -0.937478304 -0.347991973 -0.00599990366
vn -0.936018765 -0.351907104 -0.00550015271
vn -0.944733083 -0.327711493 -0.00920036249
vn -0.962618649 -0.270405263 -0.0157003365
vn -0.959486604 -0.281396091 -0.0141998371
vn -0.953232348 -0.302110285 -0.00880033616
vn -0.957403004 -0.288700938 -0.00560005195
vn -0.955288112 -0.295596361 -0.00689995056
vn -0.979760647 -0.199491993 -0.0164993629
vn -0.941688776 -0.170998022 0.289796531
vn -0.976104617 -0.217301056 0.000199975068
vn -0.969614089 -0.244603574 -0.00420009065
vn -0.975857556 -0.217990533 -0.0134994406
vn -0.966982007 -0.246495426 -0.0646988377
vn -0.960174918 -0.276492804 -0.0401989855
vn -0.937594414 -0.262898415 -0.227598697
vn -0.937328458 -0.27020821 -0.220006734
vn -0.937350035 -0.290184528 -0.192789793
vn -0.945581853 -0.298894316 -0.128597572
vn -0.882573485 -0.350589484 -0.313290656
vn -0.882025063 -0.347709864 -0.318009079
vn -0.876165867 -0.383885026 -0.291488737
vn -0.876018405 -0.384208083 -0.291506231
vn -0.876482904 -0.362692893 -0.316593856
vn -0.875839472 -0.363616377 -0.317314357
vn -0.881181121 -0.350492477 -0.317293257
vn -0.913993955 -0.274798214 -0.298498094
vn -0.925153792 -0.309984505 -0.219089121
vn -0.91429466 -0.297298282 -0.275098443
vn -0.906215727 -0.320905566 -0.275304824
vn -0.9055143 -0.330905229 -0.265604258
vn -0.906542599 -0.330715567 -0.262312412
vn -0.904710054 -0.368204147 -0.214302465
vn -0.914011359 -0.223602772 -0.338504255
vn -0.92561692 -0.2515046 -0.282805234
vn -0.936968565 -0.268590987 -0.223492578
vn -0.926635921 -0.242283255 -0.287480175
vn -0.955966115 -0.252191067 -0.150094718
vn -0.958598256 -0.259299546 -0.117699839
vn -0.965833485 -0.245308518 -0.0836029351
vn -0.965990365 -0.251897484 -0.0583994538
vn -0.967427194 -0.249807045 -0.0410011858
vn -0.965743303 -0.258111626 -0.0268012378
vn -0.967141509 -0.253310919 -0.0217009634
vn -0.967473328 -0.252693087 -0.0118997041
vn -0.967400312 -0.25300011 -0.0113000348
vn -0.967223644 -0.253806233 -0.00780022144
vn -0.969514728 -0.24500376 -0.00380008738
vn -0.966739833 -0.255410552 -0.0134005845
vn -0.967536092 -0.252609462 -0.00790032558
vn -0.967460394 -0.252889693 -0.0081996955
vn -0.967789888 -0.251697391 -0.00559997139
vn -0.968414903 -0.249303862 -0.00450009946
vn -0.96837312 -0.249493107 -0.00259995786
vn -0.967828214 -0.251607358 -0.00150007405
vn -0.967749417 -0.251912892 -0.00100008131
vn -0.967332959 -0.253508687 -0.000500047347
vn -0.967645407 -0.252311856 -0.00110008172
vn -0.966597378 -0.256299317 -0.000500029244
vn -0.966783464 -0.255595684 -0.000800016918
vn -0.923247874 -0.254885614 -0.287483811
vn -0.924285054 -0.26419571 -0.275495589
vn -0.957020879 -0.275006026 -0.0921020508
vn -0.956238449 -0.270010889 -0.112704575
vn -0.945734739 -0.302911133 -0.117604375
vn -0.94137162 -0.307090759 -0.139695823
vn -0.939269125 -0.323589385 -0.114296287
vn -0.933714151 -0.341905206 -0.106201664
vn -0.933324695 -0.342309088 -0.108302921
vn -0.933214247 -0.34270525 -0.108001702
vn -0.932559431 -0.344485044 -0.107995361
vn -0.924622059 -0.355508506 -0.136703327
vn -0.924413204 -0.356205136 -0.136302009
vn -0.948499084 -0.31589973 -0.0236000195
vn -0.949739695 -0.31171304 -0.0288012438
vn -0.952223837 -0.300407529 -0.0550014228
vn -0.952665389 -0.299489141 -0.0522981435
vn -0.955498278 -0.292299479 -0.0397999659
vn -0.96228075 -0.265694708 -0.0584988706
vn -0.962311387 -0.265203178 -0.0602007508
vn -0.959681571 -0.266594917 -0.0890983269
vn -0.938313663 -0.333704889 -0.0906013623
vn -0.939313412 -0.330604762 -0.0916013569
vn -0.937450826 -0.343082041 -0.0589969531
vn -0.936114073 -0.345505208 -0.0657010376
vn -0.937984467 -0.335994452 -0.0853986293
vn -0.938867629 -0.33238858 -0.0896969512
vn -0.93776691 -0.342387974 -0.0579980016
vn -0.942269444 -0.330489308 -0.053898301
vn -0.944317877 -0.324506164 -0.0544010773
vn -0.939026475 -0.34210968 -0.0345010161
vn -0.943859398 -0.329685837 -0.0208991412
vn -0.950835347 -0.308811516 -0.0234009083
vn -0.945814013 -0.324104816 -0.0198003333
vn -0.946675599 -0.321591735 -0.0195995364
vn -0.947575808 -0.318891883 -0.0201995224
vn -0.938745916 -0.341080397 -0.0491972156
vn -0.910747647 -0.39362058 -0.124906585
vn -0.931768596 -0.340488553 -0.125995815
vn -0.905418873 -0.38460806 -0.179703817
vn -0.924303353 -0.33590126 -0.181200713
vn -0.886116743 -0.353006661 -0.300305724
vn -0.512302935 -0.858805001 -1.0237752e-07
vn 0.997015536 0.0772012174 9.20310139e-09
vn 0 1.1920929e-07 -1.00000012
vn -0.000199999995 -9.98808027e-05 -1.00000012
vn 0 -1.1920929e-07 1.00000012
vn 9.99999975e-05 -1.1920929e-07 1.00000012
vn 0.997007847 0.0773006156 9.21495058e-09
vn 0.999985337 -0.00539992144 0.000399993529
vn 0.985459805 -0.0022998862 -0.169893086
vn 0.999519408 -0.0236004647 0.0201003887
vn 0.998898208 0.00170000282 -0.0468999222
vn 0.999025583 0.00950023904 0.0431011058
vn 0.998866081 0.0118996026 -0.0460984409
vn 0.999909818 0.00850008614 -0.0104001025
vn 0.999945223 0.00760034379 0.0072003277
vn 0.999240756 0.00350014819 -0.0388015881
vn 0.999787629 -0.0203997493 0.00289996201
vn 0.998460114 -0.0553977937 0.00289987796
vn 0.993394315 -0.0674996153 -0.0927994847
vn 0.982952416 -0.129306912 0.130706966
vn 0.988750339 -0.149507627 -0.00450024754
vn 0.977808297 -0.209501803 -2.49745575e-08
vn 0.981609166 -0.190901816 -2.27572663e-08
vn 0.977780104 -0.209495753 0.00759982085
vn 0.963871062 -0.236892924 0.121796325
vn 0.949496627 -0.283299029 -0.134899572
vn 0.93958801 -0.332995802 0.0792989582
vn 0.934375286 -0.356290609 -4.24731468e-08
vn 0.924238384 -0.38181591 -4.55159963e-08
vn 0.91417104 -0.404187202 -0.0303990878
vn 0.912605703 -0.408802629 0.0055999863
vn 0.895314693 -0.445407391 -0.00490013417
vn 0.873088121 -0.471293628 -0.124898374
vn 0.878857672 -0.477077097 -0.00259993179
vn 0.867003024 -0.498301804 0.00109994458
vn 0.840305805 -0.542103827 0.00309995725
vn 0.86771661 -0.496909559 -0.012200295
vn 0.864626467 -0.502415419 -5.9892578e-08
vn 0.857607663 -0.514304638 -6.13098834e-08
vn 0.858142674 -0.513025582 0.0199009292
vn 0.844977558 -0.534585893 -0.0151996613
vn 0.846895039 -0.531696975 0.00819989014
vn 0.841794372 -0.539796472 -0.00150005461
vn 0.840379059 -0.541986525 0.00369984377
vn 0.831788659 -0.555092514 9.99324766e-05
vn 0.831511319 -0.5555076 -0.000600074476
vn 0.833784401 -0.552089751 0.000699921104
vn 0.833186686 -0.552991211 -0.000900051673
vn 0.836210787 -0.548407137 0.00109994889
vn 0.8370682 -0.547079265 0.00459976029
vn 0.836286247 -0.548291087 -0.00150004087
vn 0.830462396 -0.557074845 -0.000200057373
vn 0.830987215 -0.556291461 0.0004999261
vn 0.830987275 -0.55629158 -6.6315117e-08
vn 0.829379261 -0.558686078 -6.66005633e-08
vn 0.829425573 -0.558617294 9.99365075e-05
vn 0.829626918 -0.558318198 -0.000200073075
vn 0.830307662 -0.557305157 0.000499938265
vn 0.830106735 -0.557604611 9.99343465e-05
vn 0.828494906 -0.559996665 -0.000100066158
vn 0.828820884 -0.559514105 -6.66992719e-08
vn 0.828852177 -0.559467733 -6.66937439e-08
vn 0.829022527 -0.559215248 -6.66636453e-08
vn -0.747430801 0.641926587 -0.171107009
vn -0.757691562 0.628293097 -0.176497951
vn -0.751026332 0.632222295 -0.190406635
vn -0.750969112 0.632174134 -0.190792099
vn -0.750359952 0.636166155 -0.179590344
vn -0.747910202 0.641208887 -0.171702281
vn -0.767109036 0.619907439 -0.165101886
vn -0.770977259 0.616281867 -0.160595194
vn -0.779285789 0.602689147 -0.171696812
vn -0.786492765 0.598194659 -0.153598532
vn -0.78803134 0.595723808 -0.155306116
vn -0.787295103 0.59749639 -0.152199
vn -0.749088883 0.639590561 -0.172597364
vn -0.746984959 0.642687201 -0.170196518
vn -0.747611761 0.641610205 -0.17150262
vn -0.752893746 0.634394825 -0.17519848
vn -0.768762708 0.614670336 -0.176591367
vn -0.784953594 0.598164797 -0.161390409
vn -0.682790637 0.397694677 -0.612891614
vn -0.759814382 0.45670864 0.462708861
vn -0.844473302 0.534183204 -0.0388987102
vn -0.804643333 0.593732059 0.0056003728
vn -0.807089627 0.590292454 0.0126999086
vn -0.812359989 0.535673738 0.230488732
vn -0.796629071 0.53761971 0.276310205
vn -0.901923299 0.384909958 0.195905119
vn -0.841003478 0.539302289 -0.0432001203
vn -0.871713459 0.484007537 -0.0765011311
vn -0.602305889 0.435804248 0.668806672
vn -0.242804945 0.127802506 0.961619735
vn -0.500498533 -0.63569808 -0.5876984
vn -0.635387659 -0.724085987 -0.268294901
vn -0.622013986 -0.735016644 -0.269906193
vn -0.68870616 -0.71260649 0.133701116
vn -0.133900657 -0.258801162 -0.956604838
vn -0.325290173 -0.455686182 -0.828575075
vn 0.336995006 -0.382994235 -0.860087335
vn -0.147704393 -0.134603903 -0.979829311
vn -0.0230012368 -0.215411484 -0.976252615
vn -0.570489705 0.301694661 -0.763886213
vn -0.828154504 0.452529758 0.330721855
vn -0.731799841 0.393699884 0.556299984
vn -0.880222619 0.170404345 0.442911476
vn -0.903896272 0.377798438 0.200599238
vn -0.959544599 0.269712567 0.0808037892
vn -0.85901469 0.505308688 -0.0822013468
vn -0.878882587 0.454691052 -0.144297093
vn -0.856766701 -0.324287474 0.400984436
vn -0.883079886 -0.463789523 0.0711983293
vn -0.991987824 -0.126298472 -0.00299997884
vn -0.943924546 -0.157804087 -0.290007591
vn -0.945058465 -0.144993603 -0.292987198
vn -0.846641064 -0.0910043642 -0.52432549
vn -0.84812355 -0.0794021562 -0.523814619
vn -0.70887059 0.0512979627 -0.703470826
vn -0.797198117 0.322599322 -0.510298789
vn -0.794005454 0.549503863 -0.260001749
vn -0.843300402 0.47020033 -0.2603001
vn -0.837508738 0.503705382 -0.211802185
vn -0.87251687 0.446308702 -0.198803812
vn -0.853599131 0.502999544 -0.135499805
vn -0.977398932 0.197499827 -0.0753999054
vn -0.959888577 0.268396854 0.0810990706
vn -0.967821956 -0.0178004336 0.251005709
vn -0.87948972 0.160898089 0.447894841
vn -0.752573431 -0.0787973106 0.653777003
vn -0.608576834 0.156193972 0.777970433
vn -0.615200162 0.156899974 0.772600353
vn -0.499382079 0.312988698 0.807871222
vn -0.438296527 0.305297494 0.845393419
vn -0.29730615 0.198504016 0.93391937
vn -0.212694138 0.116296925 -0.970173419
vn -0.323385656 -0.456879705 -0.828663409
vn -0.512000084 -0.627500057 -0.586600184
vn -0.393709928 0.289607465 -0.87242204
vn -0.229206309 0.119403407 -0.966026664
vn -0.362895101 -0.0345994271 -0.93118763
vn -0.364005297 -0.030000329 -0.930913687
vn -0.538068831 -0.225586861 -0.812153101
vn -0.682379961 -0.718779027 0.133096024
vn -0.652501225 -0.573601186 0.495200962
vn -0.696076453 0.584180355 -0.417385876
vn -0.648696601 0.369198173 -0.665496469
vn -0.665632069 0.471422851 -0.578527868
vn -0.515993655 0.27369675 -0.811690092
vn -0.710399926 0.0530000813 -0.701799989
vn -0.53631258 -0.227005258 -0.812919199
vn -0.709091306 -0.386895239 -0.589492917
vn -0.704090893 -0.398294777 -0.587892473
vn -0.828843534 -0.473124892 -0.298615754
vn -0.822807312 -0.486304343 -0.294102699
vn -0.886701882 -0.45670104 0.0720001087
vn -0.656036317 -0.569531679 0.495227396
vn -0.536117375 -0.318810463 0.78162539
vn -0.26060465 0.138102368 0.955517232
vn -0.390820354 -0.0433023721 0.919448018
vn -0.387208074 -0.0503011644 0.920619309
vn -0.475096792 -0.185798854 0.860094249
vn -0.112901114 -0.689006984 0.715907097
vn -0.881069303 0.159494415 0.445284605
vn -0.74799788 -0.0897998363 0.657598138
vn -0.858331084 -0.320711702 0.400514543
vn -0.967676222 -0.0200995374 0.251393855
vn -0.991040826 -0.133505508 -0.00380017282
vn -0.976149857 0.20398955 -0.074296169
vn -0.950637341 0.181607187 -0.251609892
vn -0.947829664 0.193006098 -0.253707916
vn -0.888626635 0.224706814 -0.399812013
vn -0.88652879 0.235907733 -0.398012966
vn -0.796224177 0.321009845 -0.512815595
vn -0.793318093 0.54391253 -0.273506224
vn -0.74573046 0.597224474 -0.295312047
vn -0.578994036 0.732092559 0.358896464
vn -0.520208061 0.745311558 0.417006582
vn -0.389186233 0.720074475 0.574479818
vn -0.350387722 0.694075704 0.628878057
vn -0.260908872 0.675023019 0.690123677
vn -0.109800965 0.521904528 0.845907569
vn -0.0973009467 0.585505664 0.804807961
vn -0.106198281 0.597790301 0.794587314
vn 0.0958018154 0.528810024 0.843316197
vn -0.736811101 0.633309603 0.236703664
vn -0.600097775 0.647797644 0.469298422
vn -0.669593453 0.631293774 0.391296327
vn -0.502988815 0.5497877 0.666885257
vn -0.485791028 0.547589839 0.681287527
vn -0.330906063 0.432307839 0.83881551
vn -0.223398671 0.394797593 0.89119488
vn -0.182703823 0.338607043 0.923019469
vn -0.118300982 0.284302294 0.951408088
vn -0.751127958 0.659924626 0.0175007321
vn -0.742203712 0.669003427 0.0396002792
vn -0.687667429 0.72256583 0.070796743
vn -0.669067502 0.738564253 0.0828960761
vn 0.226088226 0.648166239 0.727162182
vn -0.470096946 0.801594853 0.36939773
vn -0.330086201 0.786367178 0.522178292
vn 0.0337993354 0.914182067 0.403892219
vn -0.663801432 0.747901678 0.00330009661
vn -0.782707512 0.586105645 0.209402114
vn -0.642879128 0.76587528 0.0118997078
vn -0.588909745 0.804913342 -0.0728011131
vn -0.597506464 0.79680866 -0.0899008736
vn -0.540326059 0.82664001 -0.157207489
vn -0.586983919 0.774378896 -0.236193463
vn -0.501800656 0.840801179 -0.203100175
vn -0.568076789 0.760269105 -0.31508711
vn -0.555189967 0.769686282 -0.315194279
vn -0.587983549 0.712080181 -0.383689225
vn -0.618538141 0.691242754 -0.373622984
vn -0.622902989 0.681003392 -0.385001808
vn -0.694028974 0.640626848 -0.328513652
vn -0.210902154 0.548805773 -0.808908343
vn 0.164406329 0.280610979 -0.945636451
vn 0.171197087 0.237496093 -0.956183851
vn 0.301301271 0.416401923 -0.857803762
vn 0.261011302 0.508522153 -0.8205356
vn 0.380004972 0.539007246 -0.751709878
vn 0.409181863 0.70126909 -0.583774149
vn 0.374289513 0.738379478 -0.560984254
vn 0.425507396 0.617210925 -0.661811531
vn 0.387418658 0.892543077 -0.230811045
vn 0.502693295 0.780189812 -0.372295022
vn 0.489584297 0.737376451 -0.46538505
vn 0.499208242 0.82281369 -0.271604419
vn 0.476182431 0.876467764 0.0710974783
vn 0.505107045 0.85771209 0.0959014595
vn 0.292303145 0.882809639 0.367704153
vn 0.323795557 0.857088327 0.400694668
vn 0.151308313 0.73914057 0.656336188
vn -0.0166994911 0.896372795 0.442986697
vn -0.4220981 0.872196138 0.247199014
vn -0.433514059 0.86392808 0.256308436
vn -0.430521637 0.863743424 0.2619133
vn -0.318303704 0.943611026 0.0910011679
vn -0.309385031 0.945654333 0.100095287
vn -0.249911696 0.963245153 -0.0985045135
vn -0.241206601 0.966026545 -0.0928024352
vn -0.229007557 0.928530693 -0.292209536
vn -0.224902824 0.929911733 -0.291003555
vn -0.257709116 0.845530093 -0.467616528
vn -0.260101467 0.844804883 -0.467602581
vn -0.331197739 0.724995255 -0.603895903
vn -0.338587582 0.723673582 -0.601377964
vn -0.430380881 0.594673693 -0.679069757
vn -0.609890163 0.651989639 -0.45049274
vn 0.087700367 0.760403156 0.643502831
vn 0.252992749 0.480386227 0.839776158
vn -0.263606369 0.773918629 0.575814068
vn -0.157702953 0.861016154 0.483509213
vn -0.153505579 0.858831227 0.488717884
vn 0.00520027382 0.968151033 0.250313312
vn 0.0159998648 0.965691864 0.25919795
vn 0.107401572 0.99401468 -0.0200001746
vn 0.11710234 0.993019938 -0.0141001651
vn 0.142008305 0.942055106 -0.303917676
vn 0.14650768 0.94184947 -0.302415758
vn 0.102694847 0.819659054 -0.563571632
vn 0.0993975922 0.81978035 -0.563986301
vn -0.00479987962 0.643084049 -0.765780807
vn -0.0139999725 0.643998861 -0.764898539
vn -0.169098169 0.424095571 -0.889690399
vn -0.457706749 0.654009819 -0.602308869
vn 0.0787025318 0.133404419 -0.987931907
vn 0.0826010182 0.163302153 -0.983112276
vn 0.132702097 -0.0383004956 -0.990415812
vn 0.0667004585 0.134201065 -0.988706946
vn 0.0935988054 0.167098001 -0.981487632
vn -0.243105188 0.350607634 -0.904419363
vn -0.260599703 0.460399598 -0.848599017
vn -0.674497426 0.607997775 -0.418798387
vn -0.810921311 0.370509833 -0.452911913
vn -0.636516273 0.606215596 -0.476812184
vn -0.691856802 0.589463294 -0.416973948
vn -0.68835336 0.593059957 -0.41767171
vn -0.675861716 0.605665863 -0.419976205
vn -0.528113902 0.532314122 -0.661617398
vn -0.394723028 0.525130808 -0.753944039
vn -0.161196768 0.17939654 -0.97048068
vn -0.290116251 0.414123327 -0.862748325
vn -0.281606942 0.299707532 -0.911522448
vn -0.518110991 0.489610553 -0.701314926
vn -0.52050668 0.486206412 -0.701909065
vn -0.51958549 0.541785002 -0.660681605
vn 0.249492303 -0.0539982244 -0.966870248
vn 0.36488685 -0.245991081 -0.897967815
vn 0.300009966 -0.0241006892 -0.953631699
vn 0.048098892 -0.2779935 -0.959378123
vn -0.45410347 -0.400603205 0.79580611
vn -0.517002404 -0.677703261 0.522902429
vn -0.496590644 -0.693487048 0.52199018
vn -0.614408135 -0.774810374 0.148901895
vn -0.507603467 -0.849505901 0.143800899
vn -0.580405474 -0.772007406 -0.259102553
vn -0.47139594 -0.842292845 -0.261397898
vn -0.446492881 -0.683989108 -0.576890886
vn -0.392188728 -0.717479348 -0.575683594
vn -0.234600693 -0.532601535 -0.81320262
vn -0.162598848 -0.572395921 -0.803694487
vn -0.0034000508 -0.213603094 -0.976914704
vn -0.102304392 0.11620488 0.987942517
vn -0.2041042 0.0991019383 0.973920166
vn -0.0413015038 -0.23820883 0.970335543
vn -0.212991729 -0.180893093 0.960162818
vn -0.513369441 -0.337880015 0.788853049
vn 0.192690298 0.45697695 0.868356466
vn -0.0247005168 0.214004382 0.976520479
vn 0.207805708 0.102102704 0.972826838
vn 0.104004189 0.365614653 0.924937427
vn 0.182104334 0.460610896 0.868720889
vn 0.319389403 0.575080872 0.753175139
vn 0.454999536 0.483499467 0.747799337
vn 0.42399171 0.656787157 0.623587906
vn 0.533889055 0.706285536 0.464890599
vn 0.674068332 0.717666388 -0.17489171
vn 0.770404398 0.614803553 0.168801054
vn 0.472096056 0.881192803 0.0249998998
vn 0.672976494 0.579079807 0.460184067
vn 0.900520504 0.362508327 -0.24010545
vn 0.818525374 0.517216146 -0.250007719
vn 0.701398313 0.574198723 -0.422298998
vn 0.680906951 0.520805478 -0.514905334
vn 0.679817855 0.522513866 -0.514613509
vn 0.642479062 0.446085602 -0.623079717
vn 0.611382663 0.501685858 -0.611982644
vn 0.646531641 0.313415468 -0.69553405
vn 0.721234024 0.142706841 -0.677832067
vn 0.474293441 0.277196288 -0.835588515
vn 0.424901158 0.0753003284 -0.90210259
vn 0.391511351 0.0883026794 -0.915926695
vn -0.757795095 0.628196001 0.176398963
vn -0.751203835 0.632103264 0.190101072
vn -0.735617816 0.649615824 0.19200477
vn -0.75208813 0.632390082 0.185597166
vn -0.747989416 0.64109093 0.171797648
vn -0.747589409 0.641690969 0.171297655
vn -0.748300433 0.6407004 0.171900183
vn -0.766217887 0.620714545 0.166203961
vn -0.771125197 0.616120219 0.16050534
vn -0.786080599 0.598685265 0.153796285
vn -0.786298156 0.598398626 0.153799713
vn -0.748274505 0.653677762 0.11309623
vn -0.763000309 0.620100319 0.182500154
vn -0.785342574 0.597432435 0.162208885
vn -0.787117302 0.597113192 0.154603481
vn -0.784982264 0.599686444 0.155496567
vn -0.68868351 -0.712982953 -0.131796941
vn -0.865496755 0.495298237 0.074799791
vn -0.794016659 0.602312624 -0.0822016522
vn -0.808700442 0.588000357 0.0161000825
vn -0.85798341 0.505390286 0.0918982923
vn -0.879017115 0.459508985 0.127202556
vn -0.858344555 0.490168363 0.151590288
vn -0.804018497 0.522011995 0.284706622
vn -0.67442131 0.483615309 0.557917774
vn -0.183796883 0.118597895 0.975783587
vn -0.0203997195 -0.0347996429 0.999186277
vn 0.163996622 -0.346293002 0.923680961
vn -0.0425000191 -0.197900221 0.979300559
vn -0.133900657 -0.258801401 0.956604719
vn -0.325012416 -0.455417544 0.828831732
vn -0.323717117 -0.45722428 0.828343809
vn -0.682558179 -0.718256056 -0.13499184
vn -0.652105093 -0.572404385 -0.497103959
vn -0.659034848 -0.567629993 -0.493426204
vn -0.345388591 0.20689331 -0.915369928
vn -0.795122504 0.432012349 -0.425612062
vn -0.701030612 0.427718818 -0.570624888
vn -0.815514743 0.514909446 -0.264204741
vn -0.428982764 0.272389203 -0.861265481
vn -0.561990261 0.320594579 -0.762486875
vn -0.498088837 0.319592983 -0.80608201
vn -0.635902584 0.441801906 -0.632802546
vn -0.834588528 0.50989306 0.208497226
vn -0.869186401 0.453592926 0.196897015
vn -0.949657977 0.180891976 0.255788743
vn -0.976050496 0.203610554 0.0766039938
vn -0.977341354 0.198608413 0.0732031316
vn -0.959797919 0.268599451 -0.0814998075
vn -0.959687173 0.269296438 -0.080498904
vn -0.790320337 0.555814385 0.257806718
vn -0.840737939 0.477521598 0.255211622
vn -0.88691467 0.225403711 0.403206736
vn -0.949027598 0.192205593 0.249807328
vn -0.942647517 -0.158208027 0.293914825
vn -0.991939068 -0.126604989 0.00530019403
vn -0.99118191 -0.132497594 0.00169995346
vn -0.967525005 -0.0197004825 -0.252006561
vn -0.967971385 -0.0182994325 -0.250392646
vn -0.733962119 0.576070249 0.359781533
vn -0.728692949 0.609694183 0.311897069
vn -0.658987105 0.477690667 0.580988705
vn -0.796610534 0.323404253 0.510706842
vn -0.796919048 0.320407629 0.512112319
vn -0.888313711 0.233903587 0.395206213
vn -0.844876647 -0.0902975798 0.527285457
vn -0.946141183 -0.145906389 0.289012581
vn -0.821395278 -0.486197323 0.298198283
vn -0.886724889 -0.457012892 -0.0697020218
vn -0.883200586 -0.463200361 -0.0735001042
vn -0.856427372 -0.323910356 -0.402012944
vn -0.860410392 -0.31900385 -0.397404879
vn -0.828117073 0.45260939 -0.330706775
vn -0.615117788 0.162904799 -0.771422327
vn -0.613387108 0.155196846 -0.774383843
vn -0.501933515 -0.636742592 0.585339069
vn -0.510701358 -0.626401782 0.588901639
vn -0.361498326 -0.0327999629 0.931795776
vn -0.223813027 0.125207186 0.966556311
vn -0.623105466 -0.735406578 0.266302258
vn -0.634403229 -0.723603785 0.271901309
vn -0.710591555 -0.388395488 0.586693048
vn -0.536691666 -0.227296606 0.812587559
vn -0.537701964 -0.225200951 0.812503099
vn -0.36561209 -0.0316011608 0.930230856
vn -0.68283242 0.397718877 0.612829208
vn -0.388986915 0.287690252 0.875170708
vn -0.283304006 -0.497806996 -0.819711745
vn -0.571902454 -0.374001563 -0.730103195
vn -0.829920471 -0.473811746 0.294507205
vn -0.70230037 -0.397300303 0.590700269
vn -0.849573255 -0.0811975226 0.52118367
vn -0.709429204 0.0510020182 0.70292896
vn -0.709979475 0.0535983741 0.70217979
vn -0.525199234 0.264899552 0.808699071
vn -0.566300929 0.342200547 0.749801457
vn -0.843186259 0.536291301 0.0377994478
vn -0.843189359 0.536293268 0.0376995914
vn -0.902534962 0.379814774 -0.20290786
vn -0.90332967 0.382312596 -0.194506377
vn -0.87789005 0.163198233 -0.450194925
vn -0.881629884 0.167505756 -0.441214949
vn -0.748122334 -0.0848024637 -0.658119738
vn -0.755999506 -0.0788998902 -0.649799705
vn -0.872767746 0.135395065 -0.468982697
vn -0.477273017 -0.181289688 -0.859851539
vn -0.388602525 -0.0450001881 -0.920306087
vn -0.395888209 -0.0433986038 -0.917272747
vn -0.271317005 0.130808339 -0.953559935
vn -0.230707377 0.118903928 -0.965730965
vn 0.0583002083 -0.267101109 0.961903512
vn -0.147499278 0.0573998429 -0.987395287
vn 0.00510022044 -0.167007104 -0.985942662
vn -0.328100353 -0.0965000093 -0.93970114
vn -0.295891225 -0.425587356 -0.855174899
vn -0.568611324 -0.290205717 -0.769715548
vn -0.375305206 -0.715609968 -0.589108288
vn -0.654203713 -0.572003245 -0.494802922
vn -0.438288927 -0.86877811 -0.230494305
vn -0.676397204 -0.723797023 -0.136399537
vn -0.414416105 -0.890834689 0.186207131
vn -0.5934062 -0.761308134 0.26130268
vn -0.338819832 -0.768745184 0.542431712
vn -0.393680751 -0.723964751 0.566472292
vn -0.230608419 -0.51891911 0.823130071
vn -0.166099831 -0.583699644 0.794799268
vn -0.0080003161 -0.228809193 0.973438561
vn 0.260004222 -0.0707012713 0.963015795
vn 0.249399856 -0.0539000891 0.966899514
vn 0.094799079 0.100698911 0.99039048
vn 0.22310698 0.111203365 0.96843034
vn 0.0848987103 0.0822986439 0.99298507
vn -0.158398673 0.149498641 0.975991964
vn -0.254310429 0.336113751 0.906837404
vn -0.340804905 0.348104954 0.873312771
vn -0.518136382 0.489534318 0.701349378
vn -0.428497136 0.516596556 0.741295159
vn -0.681965172 0.597869456 0.421278626
vn -0.625293851 0.699693203 0.345596761
vn -0.64160043 0.528300345 0.556100488
vn 0.0889021754 0.222705349 0.970823824
vn -0.265296489 0.362595141 0.893388391
vn -0.224392638 0.374487668 0.89967066
vn -0.410888493 0.502985895 0.760378897
vn -0.521799088 0.48439917 0.702198923
vn -0.521797478 0.738396525 0.427198112
vn -0.834706187 0.308602273 0.456103444
vn -0.0540974326 0.630670249 -0.774163365
vn -0.225098491 0.710995436 -0.666195512
vn 0.199992448 0.667474985 -0.717272878
vn 0.121601611 0.731409848 -0.671008885
vn 0.094304204 0.770334482 -0.630628049
vn 0.225190684 0.801567018 -0.553877056
vn 0.331122816 0.86305964 -0.381426275
vn 0.288111925 0.877836525 -0.382615805
vn 0.507999599 0.857699394 -0.0792998374
vn 0.484514892 0.8708269 -0.0831024572
vn 0.49488619 0.841376603 0.217194065
vn 0.428927094 0.858254313 0.281817913
vn 0.502893865 0.779390574 0.373695582
vn 0.489080667 0.734470963 0.470481515
vn 0.406897366 0.702495456 0.583896339
vn 0.449706465 0.651109338 0.611408889
vn 0.32840845 0.464511931 0.822421312
vn 0.207694992 0.487988234 0.847779751
vn 0.385087758 0.539482832 0.748776257
vn -0.196199834 0.491999567 0.848199487
vn -0.609468222 0.603468597 0.514173329
vn -0.348712325 0.61912185 0.703624964
vn -0.70146805 0.64267081 0.308086067
vn -0.627112389 0.668613255 0.399608046
vn -0.609367847 0.706662834 0.359581172
vn -0.598199248 0.698699176 0.392399639
vn -0.554209352 0.76681298 0.323805571
vn -0.564814866 0.767020226 0.304408103
vn -0.785580993 0.579686105 -0.216394722
vn -0.664488018 0.747286677 -0.00429983437
vn -0.64193511 0.766642034 -0.0134006422
vn -0.588708639 0.804611921 0.0776012465
vn -0.596389949 0.798886538 0.0780987889
vn -0.516687393 0.833579659 0.195395365
vn -0.590920269 0.789127171 0.167605862
vn -0.529285252 0.811177552 0.248693198
vn -0.425617844 0.602425277 0.675228417
vn -0.336900532 0.725601137 0.600001097
vn -0.332186818 0.72297132 0.605776072
vn -0.259703666 0.845311999 0.466906726
vn -0.257814914 0.845048964 0.468427241
vn -0.225193739 0.929374278 0.292492002
vn -0.229190826 0.928962886 0.290688485
vn -0.241097838 0.965691447 0.0964992642
vn -0.251097113 0.963288963 0.0949990302
vn -0.308385253 0.946354866 -0.0964952931
vn -0.320405096 0.942615151 -0.0939014032
vn -0.429596066 0.864692211 -0.260297567
vn -0.434891164 0.862882674 -0.257494718
vn -0.533427358 0.775239885 -0.338317275
vn -0.354098439 0.8969962 -0.264598757
vn 0.13860175 0.293003619 0.94601208
vn 0.148100927 0.216401264 0.965006113
vn -0.128701255 0.487104684 0.863808572
vn -0.0123003591 0.646018922 0.763222456
vn -0.00600000424 0.640900493 0.767600715
vn 0.0998033062 0.820327222 0.563118815
vn 0.10249532 0.81906271 0.564474404
vn 0.14630498 0.941432059 0.303810447
vn 0.142001674 0.942511141 0.302503705
vn 0.11760059 0.99290508 0.0176002085
vn 0.106398404 0.99418515 0.0165998712
vn 0.0172000546 0.9666031 -0.255700707
vn 0.00320009305 0.96732825 -0.253507286
vn -0.152398661 0.859892607 -0.487195671
vn -0.159104466 0.860024333 -0.484813601
vn -0.177008107 0.847139001 -0.501022875
vn -0.348878503 0.761353254 -0.546466291
vn -0.675596595 0.731496513 -0.092099458
vn -0.64842999 0.623128951 -0.437320232
vn 0.0692006424 0.548005223 -0.833607733
vn -0.0933016837 0.602411091 -0.792714357
vn -0.0872980803 0.595387042 -0.798682392
vn -0.258609116 0.672623873 -0.693324447
vn -0.383089274 0.721979976 -0.576183856
vn -0.667520463 0.728022397 -0.156204715
vn -0.568982124 0.676478863 -0.467585236
vn -0.716709852 0.691809595 -0.0879011303
vn -0.718715727 0.677714944 -0.155403346
vn -0.327712387 0.683526039 -0.65222466
vn -0.453112692 0.549415529 -0.702019691
vn -0.529989064 0.565088451 -0.632286966
vn -0.0659002736 0.322701484 -0.944203973
vn -0.163904384 0.421011388 -0.892123878
vn -0.0787004456 0.324501991 -0.942605436
vn -0.297996104 0.428694516 -0.852888882
vn -0.410701096 0.502801538 -0.760602057
vn 0.189799875 0.454099894 -0.870499551
vn 0.184504718 0.463412046 -0.866722286
vn 0.0162001718 0.260602891 -0.965310276
vn 0.0142002432 0.26180461 -0.965016544
vn 0.34920308 0.600905478 -0.7190063
vn 0.52380234 0.366001785 -0.769203544
vn 0.44649756 0.641496658 -0.623796582
vn 0.487791747 0.782986879 -0.385993451
vn 0.732514381 0.46900934 -0.493409693
vn 0.479190052 0.873881996 -0.081898205
vn 0.835645914 0.543829918 -0.0771041736
vn 0.662495315 0.726794899 0.181298807
vn 0.840878665 0.440688848 0.314192116
vn 0.924702048 0.308900684 0.222500548
vn 0.78162694 0.48091656 0.397213787
vn 0.567897201 0.567697227 0.595997214
vn 0.767193198 0.182198346 0.614994645
vn 0.388406277 0.0844012722 0.917614996
vn 0.505501151 0.03769999 0.862002075
vn 0.438589036 0.319491953 0.839979112
vn 0.73685956 0.208888501 0.64296478
vn -0.705105901 0.665505648 0.244802162
vn -0.606692493 0.77739042 0.166098043
vn -0.613632441 0.768540621 0.181109667
vn -0.624810696 0.754512906 0.200803548
vn -0.619071722 0.760665298 0.195291206
vn -0.61392802 0.767735064 0.183508486
vn -0.689125896 0.684125721 0.238909081
vn -0.666315734 0.70571667 0.24080579
vn -0.666183174 0.705982208 0.240394041
vn -0.647786498 0.73088479 0.214895636
vn -0.646792352 0.725591481 0.234897345
vn -0.629729569 0.746235073 0.215810239
vn -0.625027657 0.7524333 0.207809314
vn -0.70327729 0.704977274 0.0916971266
vn -0.701393187 0.692693412 0.167998478
vn -0.687607169 0.698507309 0.198202193
vn -0.699572623 0.682173371 0.212691784
vn -0.695852339 0.707851529 0.121391773
vn -0.699936092 0.696936071 0.156108171
vn -0.69978255 0.697382629 0.154796243
vn -0.703905821 0.69240576 0.158401415
vn -0.713097572 0.678897738 0.174899474
vn -0.12029589 0.242091864 -0.962767184
vn -0.104400873 0.154201418 -0.982508361
vn -0.760542989 0.539330602 -0.36152038
vn -0.743772924 0.567379475 -0.353387117
vn -0.706315935 0.588713408 -0.393108845
vn -0.765829504 0.609623611 -0.204607844
vn -0.596511841 0.658813238 -0.458409101
vn -0.762901843 0.504501343 -0.404300988
vn -0.740588248 0.477192551 -0.473092496
vn -0.805603325 0.410801828 -0.426901788
vn -0.823018312 0.198204502 -0.532311916
vn -0.83508563 0.303094864 -0.45909217
vn -0.831698835 0.335499614 -0.442399412
vn -0.889625847 0.247807279 -0.383611172
vn -0.843011677 0.105701543 -0.527407408
vn -0.855184376 0.0620989352 -0.514590681
vn -0.842339218 -0.0115004731 -0.538825154
vn -0.647779167 -0.0530982055 -0.759975672
vn -0.765097797 -0.159299478 -0.623898268
vn -0.033200901 0.0666019395 -0.997227252
vn -0.244700655 -0.0194999389 -0.96940273
vn -0.103198715 0.12169861 -0.987187803
vn -0.273293078 0.0612985715 -0.959975839
vn -0.356211513 0.0488016903 -0.933130264
vn -0.34970364 0.0168002881 -0.936709881
vn -0.539485097 -0.0935973227 -0.836776972
vn -0.202696189 0.339293778 -0.918582797
vn -0.0809984133 0.287394524 -0.954381406
vn -0.22840938 0.449018568 -0.863835454
vn -0.126198784 0.428696007 -0.894591391
vn -0.21459946 0.518998861 -0.827398002
vn -0.285101324 0.567002773 -0.772803664
vn -0.142294988 0.540581167 -0.829170942
vn -0.281696558 0.667992055 -0.688791573
vn -0.303603113 0.663706899 -0.683606982
vn -0.643529713 -0.0740033388 -0.761835337
vn -0.579192698 -0.00129988662 -0.815189779
vn -0.316807866 0.0428011864 -0.947523654
vn -0.322109878 0.187105864 -0.928028524
vn -0.211204916 0.186304465 -0.959522486
vn -0.134099886 0.199399963 -0.97069931
vn -0.679314077 0.674714088 -0.288605899
vn -0.60891372 0.683115482 -0.403209031
vn -0.626896083 0.656395972 -0.419697315
vn -0.602285266 0.638084531 -0.479688257
vn -0.630110264 0.597109854 -0.496408075
vn -0.582903683 0.559203684 -0.589503765
vn -0.630418956 0.477114469 -0.612318397
vn -0.589588702 0.44069165 -0.676887035
vn -0.64498806 0.279394954 -0.711286902
vn -0.63041085 0.257204533 -0.732412577
vn -0.643191338 0.14479816 -0.751890004
vn -0.563982069 0.700877845 -0.436686069
vn -0.359905154 0.663909674 -0.655509353
vn -0.39260149 0.618802547 -0.680402637
vn -0.352603912 0.585206687 -0.730208099
vn -0.388607055 0.532409847 -0.752013683
vn -0.322004825 0.47610727 -0.818312287
vn -0.365509599 0.402210742 -0.839422107
vn -0.309300035 0.35280019 -0.883100092
vn -0.343705714 0.24990429 -0.905215204
vn -0.283692122 0.165795535 -0.944473922
vn -0.633524656 0.134005323 -0.762029827
vn -0.629294515 0.0240998846 -0.776793361
vn -0.829297125 -0.0213998631 -0.558398128
vn -0.846372068 -0.116996087 -0.519582868
vn -0.856983125 -0.128797427 -0.498990297
vn -0.862691224 -0.123598702 -0.490395069
vn -0.872825325 -0.167704836 -0.458313376
vn -0.0510990396 -0.983081579 -0.175896823
vn -0.697018206 -0.709918559 -0.100902729
vn -0.856429517 -0.513217747 -0.0560019985
vn -0.91435957 -0.400282323 -0.0609973595
vn -0.335185707 -0.927360535 -0.166293025
vn -0.327599227 -0.930297911 -0.164999738
vn -0.372308314 -0.826718509 -0.421809554
vn 0.12530224 -0.982417643 -0.138402611
vn -0.0915998146 -0.883598268 -0.45919925
vn -0.190708816 -0.637429476 -0.746534646
vn -0.202593863 -0.641280591 -0.740077734
vn -0.0318996161 -0.601692736 -0.798090577
vn -0.385088712 -0.331790239 -0.861174881
vn -0.227405816 -0.302807689 -0.925523818
vn -0.318099201 -0.303699166 -0.898097932
vn -0.115901008 -0.263002217 -0.957808495
vn -0.242593452 -0.279892385 -0.928875148
vn -0.0646975711 -0.220391646 -0.973263562
vn -0.699790001 -0.406094164 -0.587691724
vn -0.77940917 -0.365704268 -0.508706093
vn -0.711304545 -0.547403514 -0.440902919
vn -0.9032498 -0.396378011 -0.164390922
vn -0.866585433 -0.477891982 -0.143697664
vn -0.895197332 -0.438098729 -0.0817998126
vn -0.852999568 -0.519699812 -0.0480000488
vn -0.931218505 -0.364307284 -0.0106002549
vn 0.087597318 -0.986269891 -0.139995843
vn -0.125004902 -0.979638577 -0.15710631
vn 0.0346008129 -0.863120258 -0.503811955
vn -0.367598951 -0.827397704 -0.424598932
vn -0.453186661 -0.622781634 -0.637781322
vn -0.420511216 -0.635116935 -0.64791739
vn -0.521917045 -0.370512038 -0.768325269
vn -0.550314069 -0.366709292 -0.750119328
vn -0.900007546 -0.333202809 -0.281002402
vn -0.931730807 -0.284409404 -0.225807518
vn -0.894604325 -0.402502 -0.194101036
vn -0.719685912 -0.545989335 -0.428891748
vn -0.661602318 -0.689602494 -0.294501156
vn -0.675016284 -0.677816391 -0.291407108
vn -0.648565054 -0.750759602 -0.125393361
vn -0.536673546 -0.832758904 -0.135993421
vn -0.45100534 -0.630407631 0.631807446
vn 0.12530224 -0.982417643 0.138402373
vn -0.827648878 -0.560433149 0.0302017219
vn -0.929344654 -0.363517523 0.0646030679
vn -0.907919049 -0.38430813 0.167303488
vn -0.889393449 -0.415696979 0.190198585
vn -0.550203025 -0.366702139 0.750204206
vn -0.715987384 -0.370493591 0.591689587
vn -0.385088712 -0.331790447 0.861174762
vn -0.313993722 -0.319693744 0.893982172
vn -0.232996434 -0.287895769 0.928885877
vn -0.115802348 -0.263005495 0.957819462
vn -0.242593452 -0.279892623 0.928875029
vn -0.0648034513 -0.220411897 0.973251998
vn 0.087597318 -0.986269891 0.139995605
vn -0.125004902 -0.979638577 0.157106072
vn -0.0510990396 -0.983081579 0.175896585
vn -0.328016281 -0.929846227 0.166708186
vn -0.335297495 -0.927693129 0.164198667
vn -0.91435957 -0.400282353 0.0609972626
vn -0.856429517 -0.513217747 0.0560018793
vn -0.697011173 -0.709911466 0.101001553
vn -0.834977984 -0.53528595 0.127596587
vn -0.909784496 -0.403993189 0.0952983424
vn -0.674629867 -0.680030227 0.287112623
vn -0.648565054 -0.750759661 0.125393182
vn -0.536673546 -0.832758963 0.135993212
vn -0.521917045 -0.370512247 0.76832515
vn -0.424719542 -0.627029002 0.653030038
vn -0.204112291 -0.637938619 0.74254477
vn -0.190301344 -0.639104664 0.745205224
vn -0.0317997225 -0.601694882 0.798093021
vn -0.900007546 -0.333202869 0.281002343
vn -0.931730807 -0.284409463 0.225807458
vn -0.774818301 -0.382009149 0.503711879
vn -0.709315181 -0.551411927 0.439109385
vn -0.720623255 -0.542517662 0.431713909
vn -0.663383961 -0.686383486 0.297992736
vn -0.367110074 -0.828222871 0.423411608
vn -0.372491479 -0.8259812 0.423090279
vn -0.100703999 -0.867734611 0.48671928
vn 0.0188004989 -0.881123602 0.472512484
vn -0.959060192 -0.283188283 0.00279985019
vn -0.958091676 -0.285797566 0.0194997992
vn -0.95865339 -0.284186214 0.0148992436
vn -0.959130406 -0.282909006 0.00560014416
vn -0.962471664 -0.271292031 0.00699976273
vn -0.959482491 -0.281394899 0.0144997034
vn -0.95812273 -0.285706788 0.0193004273
vn -0.959060192 -0.283188283 -0.00279991771
vn -0.959129333 -0.282908678 -0.00580021134
vn -0.958917916 -0.28290534 -0.0210004281
vn -0.960883081 -0.276795149 -0.00939986762
vn -0.958189368 -0.285496861 -0.0190998223
vn -0.958511651 -0.28450349 -0.0177002493
vn -0.956632078 -0.291109771 -0.0105003873
vn -0.462104499 -0.886708736 -0.0144002466
vn 0.722497165 -0.666797459 -0.182699367
vn -0.271094412 -0.90208149 -0.335793227
vn 0.685230374 -0.561624944 -0.463720679
vn -0.287005037 -0.751913249 -0.593510628
vn 0.630712926 -0.334306836 -0.700314462
vn -0.175796553 -0.512689948 -0.840383708
vn 0.427292019 -0.0675986335 -0.901583254
vn 0.232208848 -0.966436982 -0.109904312
vn -0.0386000872 -0.990202308 -0.134200439
vn 0.521206856 -0.773410261 -0.360804856
vn -0.463111609 -0.805920243 -0.368809402
vn 0.646877706 -0.495382935 -0.579780161
vn -0.439189434 -0.608885348 -0.660584211
vn 0.419203252 -0.348102659 -0.838506699
vn -0.291316748 -0.274315685 -0.916452825
vn 0.0350998342 -0.151099175 -0.987895429
vn 0.232208848 -0.966436982 0.109904088
vn -0.038200669 -0.990217507 0.134202257
vn 0.521484435 -0.773277044 0.360689193
vn -0.463190168 -0.80588299 0.368792117
vn 0.646819592 -0.495415121 0.579817593
vn -0.439299166 -0.608899057 0.660498738
vn 0.419203252 -0.348102868 0.838506579
vn -0.291408241 -0.274307936 0.916426003
vn -0.44698897 -0.894378066 0.0169994775
vn 0.724478006 -0.663279951 0.18759425
vn -0.261890143 -0.904166102 0.337487191
vn 0.688380182 -0.555784166 0.466086626
vn -0.280796379 -0.752690375 0.595492184
vn 0.624313653 -0.332207382 0.707015455
vn -0.150403142 -0.509510815 0.847217739
vn 0.407387972 -0.0724979714 0.910373151
vn 0.0350998342 -0.151099414 0.987895429
vn -0.966357768 -0.257188767 0.00259985565
vn -0.966452956 -0.256814092 0.0039001836
vn -0.966619015 -0.256205052 0.00260002096
vn -0.966802835 -0.255500793 0.00339998025
vn -0.966802537 -0.255500674 0.00349997915
vn -0.966458023 -0.25678888 0.00429978315
vn -0.966532409 -0.256508648 0.00430011423
vn -0.966720462 -0.255805463 0.00390005228
vn -0.96649009 -0.256497413 0.0102998652
vn -0.964815319 -0.257004112 -0.0555009171
vn -0.968643963 -0.242311031 -0.0549025312
vn -0.967388034 -0.250596941 -0.0368995741
vn -0.213808045 0.332812667 -0.91843462
vn -0.158593789 0.125295222 -0.979361713
vn -0.141505599 0.136805564 -0.980439007
vn -0.272002578 0.0886009634 -0.958209097
vn -0.302192122 0.0776980966 -0.950075448
vn -0.424003661 0.429003835 -0.797606945
vn -0.242301106 0.454602212 -0.857103944
vn -0.296499103 0.67119813 -0.679398
vn -0.49810189 0.638402522 -0.586802185
vn -0.34279412 0.76778698 -0.541290641
vn -0.295811713 0.903335869 -0.310612202
vn -0.496814817 0.797923923 -0.341310114
vn -0.143600792 0.988705575 0.0429003611
vn -0.366592109 0.930380046 0.00190007023
vn -0.327193171 0.866281986 0.377492279
vn -0.377703816 0.841308534 0.386704057
vn -0.297602296 0.762405813 0.574604571
vn -0.437695563 0.611893773 0.658793449
vn -0.352686882 0.62847662 0.693274319
vn -0.123598352 0.437694103 0.890588343
vn -0.227311566 0.431621879 0.872944593
vn -0.15730235 0.107201494 0.981714785
vn -0.25240469 0.0369005725 0.966918051
vn -0.172994122 0.216792554 0.960767448
vn -0.672468662 -0.0863960758 0.735065758
vn -0.456798702 0.0493997596 0.888197541
vn -0.889476717 -0.176095456 0.421688974
vn -0.820853472 -0.138592228 0.554068625
vn -0.973412931 -0.221902966 -0.0568007901
vn -0.973046243 -0.228610888 -0.0303014722
vn -0.980965018 -0.187093332 -0.0519981757
vn -0.977046371 -0.212410107 -0.0162007976
vn -0.98269403 -0.184098899 -0.0204999
vn -0.980503619 -0.196500763 -0.000300024578
vn -0.985793591 -0.167798907 0.00739993248
vn -0.977569461 -0.20989348 0.017399434
vn -0.982442856 -0.183308035 0.0347014926
vn -0.975135088 -0.218007877 0.0398014113
vn -0.975100338 -0.218200102 0.0395999923
vn -0.969974816 -0.233093962 0.0693981722
vn -0.970029116 -0.240307227 0.0360010527
vn -0.968408346 -0.24380213 0.0524004325
vn -0.946100891 -0.248000294 0.208300188
vn -0.935379624 -0.180196121 0.304293364
vn -0.95348984 -0.105398931 0.282397032
vn -0.953463018 -0.105395965 0.282489091
vn -0.974386752 -0.0130998502 0.224496976
vn -0.974364877 -0.0130995568 0.224591941
vn -0.989673853 0.0541985556 0.132696494
vn -0.989655316 0.0542975329 0.132794008
vn -0.996473551 0.0819978267 0.0177995376
vn -0.996463656 0.0820970088 0.0178993568
vn -0.992907524 0.0643005073 -0.100000769
vn -0.992923021 0.0639015064 -0.100102335
vn -0.980089128 0.00489996979 -0.198497832
vn -0.980130732 0.0043001594 -0.198306248
vn -0.959298134 -0.0907998085 -0.26739952
vn -0.959373832 -0.0911974907 -0.266992718
vn -0.933177412 -0.197495207 -0.30029279
vn -0.93316853 -0.197693303 -0.300189912
vn -0.939202785 0.234300762 -0.251000732
vn -0.684533477 -0.715135038 -0.141407013
vn -0.785400689 -0.0934001654 0.611900568
vn -0.825265169 0.0754967481 0.559676468
vn -0.825389445 0.0754989758 0.559492886
vn -0.861429453 0.255008698 0.439215124
vn -0.88729471 0.383497745 0.256198555
vn -0.899251461 0.436325043 0.031101834
vn -0.899212241 0.436405987 0.031100478
vn -0.893377423 0.402589887 -0.199494943
vn -0.893469512 0.402386338 -0.199493185
vn -0.871991634 0.289697319 -0.394596279
vn -0.872383237 0.288794547 -0.394392461
vn -0.837301373 0.104300246 -0.536700964
vn -0.837577999 0.103697352 -0.536386013
vn -0.788013697 -0.108001821 -0.606110632
vn -0.788090885 -0.108098686 -0.605993032
vn -0.798814833 0.309905827 -0.515609622
vn -0.65459615 -0.616096318 -0.438097507
vn -0.526299477 -0.0345000662 0.849599242
vn -0.597113252 0.244405344 0.764016986
vn -0.597223163 0.244409412 0.763929725
vn -0.646311045 0.481708258 0.591810226
vn -0.6808182 0.648017347 0.341409236
vn -0.680697143 0.648097396 0.341498703
vn -0.69663018 0.716331124 0.039701812
vn -0.69658035 0.716379821 0.0396989696
vn -0.689014733 0.673014522 -0.268905699
vn -0.689240336 0.672739506 -0.26901567
vn -0.660902858 0.527202368 -0.534102261
vn -0.661484838 0.526588082 -0.533987761
vn -0.614286304 0.283793807 -0.7362836
vn -0.614775062 0.283288658 -0.736070156
vn -0.546212792 -0.006700058 -0.837619781
vn -0.543917596 -0.00440004235 -0.839127243
vn -0.525705218 0.651306629 -0.547205508
vn -0.330097884 -0.725995362 -0.60329622
vn -0.339801013 0.0530000515 0.939002931
vn -0.411887139 0.33738938 0.846473694
vn -0.412005007 0.337404042 0.846410513
vn -0.47029084 0.595088422 0.651687503
vn -0.469923258 0.595329463 0.651732385
vn -0.510701001 0.774101615 0.374100864
vn -0.510587513 0.774181187 0.37409097
vn -0.5289042 0.847606778 0.0427004397
vn -0.528976202 0.847562015 0.0426981859
vn -0.520000875 0.801201463 -0.296100438
vn -0.520678043 0.800766468 -0.296087474
vn -0.487195462 0.644494116 -0.589294493
vn -0.487623364 0.644231021 -0.589228272
vn -0.43119058 0.38119182 -0.817782223
vn -0.431896538 0.380797118 -0.817593515
vn -0.353682905 0.0612971522 -0.933354914
vn -0.363395929 0.0569994822 -0.929889679
vn -0.0386989117 0.129896238 0.990772247
vn -0.0879006684 0.483703643 0.870806813
vn -0.0915023237 0.240106001 0.966424704
vn 0.0745968744 0.126494586 0.98915863
vn 0.193993807 0.826673627 0.528183281
vn -0.223993063 0.674079061 0.703878284
vn -0.0118001653 0.488806784 0.872312427
vn 0.0130000198 0.803101182 0.595701098
vn -0.53293556 0.80295372 0.266917944
vn 0.235597208 0.912289262 0.334996194
vn -0.617606401 0.785708308 -0.0350002721
vn -0.415903002 0.909406722 0.00210012402
vn -0.207704306 0.94931978 -0.235904798
vn -0.384895772 0.85349077 -0.351296097
vn 0.0777001753 0.887402236 -0.454400986
vn -0.159300104 0.822500706 -0.546000302
vn -0.0754027292 0.223708227 -0.971735239
vn 0.324887097 0.242390513 -0.914163828
vn -0.0755011812 0.372105986 -0.925114572
vn -0.245096117 0.588190854 -0.770687819
vn 0.378611594 0.585018098 -0.717221975
vn -0.23989965 0.689899147 -0.682999074
vn 0.101798594 -0.63159126 -0.768589556
vn 0.281200528 -0.365300626 -0.887401819
vn 0.261505038 -0.378207207 -0.888017297
vn -0.111800492 -0.16280061 -0.98030448
vn -0.00569984782 -0.0848976225 -0.996373534
vn 0.355395406 -0.67499131 -0.646591783
vn 0.443397403 -0.647496223 -0.619796455
vn 0.0293000694 -0.905702174 -0.422901154
vn 0.529513359 -0.793820083 -0.299107671
vn -0.0239999034 -0.995796084 -0.0883997679
vn 0.281502187 -0.959507585 -0.0101001933
vn 0.313112915 -0.923738122 0.220609009
vn 0.173294529 -0.965069652 0.1964937
vn 0.414503187 -0.806706309 0.421203226
vn 0.580120206 -0.69052422 0.432015032
vn 0.221307993 -0.759727597 0.611422062
vn 0.405318767 -0.485922664 0.774335921
vn 0.203593895 -0.526284397 0.825575292
vn 0.194397241 -0.244796678 0.94988662
vn -0.317516983 -0.165208966 0.933750153
vn 0.124100372 -0.113100469 0.985803068
vn 0.276200384 -0.538900912 0.795801103
vn -0.206101507 -0.109300926 0.972407222
vn -0.833018124 -0.349207699 0.429109365
vn -0.928941965 -0.325114727 -0.177108064
vn -0.929206669 -0.364202648 -0.06270051
vn -0.902784109 -0.348393857 -0.252195626
vn -0.916509449 -0.384903997 -0.108901188
vn -0.899808228 -0.418203831 -0.124301203
vn -0.897995591 -0.431597918 -0.085599646
vn -0.881889999 -0.466994792 -0.0646993294
vn -0.893816054 -0.447508067 -0.0288005732
vn -0.862993717 -0.505196393 0.00429990934
vn -0.877279341 -0.478788763 0.0337991491
vn -0.86291343 -0.49660778 0.0936013982
vn -0.880636513 -0.461919218 0.10540434
vn -0.863406658 -0.475003779 0.170001268
vn -0.876630723 -0.44921577 0.172405988
vn -0.881516218 -0.418707818 0.218204007
vn -0.886638641 -0.410017908 0.213909298
vn -0.898921549 -0.369108945 0.236005649
vn -0.92020911 -0.343103468 0.188401848
vn -0.613874495 -0.333986223 0.715270281
vn -0.537767529 -0.319880784 0.7800529
vn -0.536011934 -0.319007218 0.781617463
vn -0.43219924 -0.625999033 0.649098873
vn -0.532224476 -0.403918743 0.744034231
vn 0.0664003938 -0.274101794 0.95940578
vn 0.515822053 0.15780668 0.842036128
vn 0.0567018576 -0.13710463 0.98893255
vn -0.195093557 -0.889270782 0.413686305
vn 0.297390401 -0.736976385 0.606980383
vn 0.0235985555 -0.572665095 0.819449902
vn 0.231198043 -0.828893125 0.509395659
vn 0.24479486 -0.953780115 0.174296245
vn -0.052602537 -0.971646965 0.230511025
vn 0.54229641 -0.8153947 -0.20259881
vn -0.0530000925 -0.994901836 -0.0858002752
vn 0.31090337 -0.83950913 -0.44560495
vn -0.0434992574 -0.874985158 -0.48219192
vn 0.186002254 -0.738308966 -0.648307979
vn -0.108898148 -0.649888933 -0.752187371
vn -0.2189008 -0.681202531 -0.698602676
vn -0.636601925 -0.349201024 -0.687602162
vn -0.493493229 -0.213696986 -0.843088567
vn -0.301700503 -0.158700183 -0.940101743
vn -0.700143516 -0.348921806 0.622938752
vn -0.730603814 -0.370402068 0.573602974
vn -0.66256249 -0.56616807 0.490372211
vn -0.666468322 -0.566573262 0.48457703
vn -0.616220176 -0.710923433 0.338911057
vn -0.623920441 -0.707923293 0.331010759
vn -0.600396097 -0.786095023 0.146898985
vn -0.607396424 -0.781495512 0.142599091
vn -0.61479944 -0.785399377 -0.0719000474
vn -0.616407812 -0.78411001 -0.072201021
vn -0.653480768 -0.712879062 -0.25449264
vn -0.649929941 -0.715933025 -0.255011857
vn -0.713635325 -0.575628519 -0.3992199
vn -0.707572579 -0.580677509 -0.40268454
vn -0.789192975 -0.373396665 -0.487595737
vn -0.807995975 -0.362598181 -0.464397758
vn -0.0606011227 -0.147402629 -0.98721838
vn 0.143506274 -0.0202007666 -0.989443362
vn -0.303697586 -0.158498645 -0.939492583
vn -0.228600234 -0.38280037 -0.89510113
vn -0.430107862 -0.416007549 -0.801214814
vn -0.327384859 -0.662969351 -0.673269033
vn -0.213500276 -0.503000617 -0.837501228
vn 0.369887739 -0.191293582 -0.909170032
vn -0.233601853 -0.382102966 -0.894107282
vn -0.129198149 -0.652390659 -0.746789455
vn -0.138905451 -0.655025721 -0.742729247
vn -0.0471989401 -0.875180304 -0.481489331
vn -0.0536031723 -0.876051903 -0.479228556
vn 0.00190009305 -0.98484832 -0.173408613
vn 0.00390014565 -0.984736919 -0.174006626
vn 0.0247996543 -0.982986391 0.181997359
vn 0.0365002677 -0.983007371 0.179901227
vn 0.0143997781 -0.862886906 0.50519222
vn 0.0297997259 -0.86319226 0.503995299
vn -0.0410994105 -0.617891371 0.785188854
vn -0.0321000293 -0.617900729 0.785600781
vn -0.160492867 -0.222390234 0.961657405
vn -0.367199123 -0.279999495 0.886997998
vn -0.365494341 -0.279095829 0.887986302
vn -0.246794149 -0.635285079 0.731782675
vn -0.345211059 -0.648620963 0.678321779
vn -0.277486116 -0.844057918 0.458876997
vn -0.288503647 -0.843910813 0.452305675
vn -0.259903014 -0.949311137 0.17680195
vn -0.26951322 -0.947346628 0.172908381
vn -0.283509851 -0.949233055 -0.13630487
vn -0.285494417 -0.948581576 -0.136697471
vn -0.337909371 -0.850623667 -0.402811319
vn -0.332798183 -0.852595389 -0.402897954
vn -0.418188423 -0.671081483 -0.612183213
vn -0.49780947 -0.647312284 -0.577211082
vn -0.614733636 -0.346518934 -0.70853889
vn -0.641177893 -0.34278816 -0.686576486
vn -0.947982252 -0.312694192 0.0595988557
vn -0.948170841 -0.311890423 0.0607981011
vn -0.951304555 -0.305901498 0.0380001478
vn -0.955947161 -0.28871429 0.0530025847
vn -0.948576033 -0.313392103 0.0445988365
vn -0.950815618 -0.307305098 0.0389006063
vn -0.951275408 -0.305992097 0.0379989818
vn -0.950440526 -0.310613275 0.0135005405
vn -0.946362853 -0.320887446 0.0377984829
vn -0.943967581 -0.328588724 0.0308989026
vn -0.944391787 -0.326997191 0.0345996656
vn -0.939393103 -0.338997543 0.0511995852
vn -0.945268095 -0.322189152 0.0515982322
vn -0.938894272 -0.333698034 0.0843994543
vn -0.940673053 -0.335490465 0.050798513
vn -0.942216039 -0.331505716 0.0483007915
vn -0.943740189 -0.327813983 0.0435018167
vn -0.10119766 0.1377967 0.985277355
vn -0.433984876 0.894069016 0.11089626
vn -0.926186621 -0.326395363 0.188797265
vn -0.93577379 -0.242793262 0.25569284
vn -0.951535344 -0.295211017 0.0862031728
vn -0.953981936 -0.298194379 -0.0315994397
vn -0.958159566 -0.285387993 -0.0219991077
vn -0.957538307 -0.287611544 -0.020000834
vn -0.937588155 -0.240996957 -0.250696898
vn -0.329780817 -0.0740955845 -0.94114536
vn -0.112400368 0.0109001556 -0.993603349
vn -0.161205113 0.0133005409 -0.986831427
vn -0.230003938 0.226704001 -0.946416318
vn -0.252310514 0.203808635 -0.9459396
vn -0.266487062 0.538374066 -0.799461246
vn -0.318195641 0.505693257 -0.801889122
vn -0.183401868 0.835608661 -0.517805159
vn -0.462606907 0.758611441 -0.458806813
vn -0.368697226 0.664995193 -0.649495125
vn -0.710287392 0.647888541 0.275195241
vn -0.0915993899 0.433897048 0.896294236
vn -0.570504189 0.433603138 0.697505176
vn -0.271907926 0.53511554 0.799823523
vn -0.0099002663 0.0474011675 0.998826981
vn -0.333707213 0.191504031 0.923020005
vn -0.0992022529 0.0536011048 0.99362272
vn -0.250808418 -0.0342012681 0.967432559
vn -0.236301824 -0.0230002962 0.971407592
vn -0.593606114 -0.170401886 0.786508262
vn -0.879163325 -0.186092317 0.438681722
vn -0.691895247 -0.0995994136 0.715095103
vn -0.952372193 -0.279991895 0.120796457
vn -0.924323201 -0.378009528 0.0523012727
vn -0.881205976 -0.196401417 0.430002958
vn -0.954214573 -0.2931045 0.0597008877
vn -0.960524857 -0.264206856 0.0871022269
vn -0.974840879 -0.0370015837 0.219809249
vn -0.9438079 -0.125101104 0.30590257
vn -0.941830397 -0.122904025 0.312810123
vn -0.894805312 -0.257801622 0.364502162
vn -0.766207278 -0.151801541 0.62440598
vn -0.609239042 0.33672151 0.717946112
vn -0.683785558 0.546688437 0.483289927
vn -0.883164644 0.276388943 0.378984928
vn -0.918433785 0.361013293 0.161706001
vn -0.9944731 0.00639981497 0.104797177
vn -0.999572337 0.00289992359 -0.0290991999
vn -0.743294597 -0.120099217 0.6580953
vn -0.82188642 0.119897962 0.556890845
vn -0.826970518 0.116795786 0.549980462
vn -0.881684124 0.280794948 0.379193276
vn -0.97482127 -0.0409009233 0.219204813
vn -0.994449019 0.00490022963 0.105105191
vn -0.968583941 -0.24199602 0.0572990291
vn -0.953507364 -0.30020234 0.0265001729
vn -0.97435236 -0.223112017 0.0293015521
vn -0.379495084 0.779989898 0.497593671
vn -0.42720741 0.880815387 0.204103678
vn -0.580735087 0.788347721 0.203112409
vn -0.595292687 0.78649044 -0.164497897
vn -0.74187851 0.654581189 -0.145395726
vn -0.720203936 0.53850311 -0.437402397
vn -0.906947732 0.276014566 -0.318216741
vn -0.866202414 0.104700357 -0.488601416
vn -0.864909112 0.108301215 -0.490105212
vn -0.815822661 -0.0816022083 -0.572515965
vn -0.815909386 -0.0822008848 -0.572306633
vn -0.784626067 -0.183406055 -0.59221971
vn -0.839107335 -0.281102449 -0.465704173
vn -0.443801582 -0.0685003549 0.893503308
vn -0.454925239 -0.0841047838 0.886549294
vn -0.518675387 0.0977952704 0.84935981
vn -0.521904051 0.0922006369 0.848006725
vn -0.601312459 0.340106964 0.72301507
vn -0.557418346 0.67122221 -0.488616049
vn -0.493382484 0.431084841 -0.755473256
vn -0.490175694 0.433178663 -0.756362557
vn -0.411789775 0.152796328 -0.898377836
vn -0.412088454 0.152595848 -0.898274958
vn -0.337697744 -0.0745994002 -0.938293874
vn -0.526616156 -0.112503365 -0.842625976
vn -0.440022975 0.887946486 -0.133906901
vn -0.559081674 0.811873496 -0.168194413
vn -0.589813769 0.790418565 -0.165403783
vn -0.563195229 0.667494476 -0.487095863
vn -0.714978576 0.542283893 -0.441286802
vn -0.660290241 0.318795413 -0.679989934
vn -0.657818019 0.321908951 -0.680918634
vn -0.590568841 0.0650966689 -0.804357648
vn -0.590878248 0.0645977259 -0.804170489
vn -0.534687877 -0.110597409 -0.837781191
vn -0.691428959 -0.209408715 -0.691429019
vn -0.336806297 0.689312875 0.641412079
vn -0.48178184 0.702673554 0.523580372
vn -0.530063212 0.671453416 0.517864168
vn -0.58229804 0.787197411 0.203099445
vn -0.732019544 0.653017521 0.194205284
vn -0.746512294 0.649910808 -0.14260228
vn -0.926404119 0.363901705 -0.0967004001
vn -0.910145223 0.271513551 -0.312915564
vn -0.988230467 -0.0375011414 -0.148304597
vn -0.964605391 -0.125900686 -0.231701329
vn -0.964598179 -0.122399755 -0.233599603
vn -0.937752903 -0.216812238 -0.271315366
vn -0.937702 -0.21730046 -0.27110067
vn -0.924479187 -0.259594172 -0.279193759
vn -0.94152689 -0.336709648 0.0124003161
vn -0.952277064 -0.298892826 -0.0618985556
vn -0.12549834 0.202597231 0.971187234
vn -0.208396792 0.2475961 0.946185589
vn -0.338712275 0.188406736 0.921833515
vn -0.431717366 0.453818232 0.779531538
vn -0.440596849 0.449096739 0.777294636
vn -0.526992619 0.673690498 0.518092871
vn -0.686676085 0.542881131 0.483483285
vn -0.733503044 0.651202738 0.194700912
vn -0.917815626 0.362806201 0.161202803
vn -0.928984046 0.358193934 -0.093198359
vn -0.999441326 0.0082003437 -0.0324013419
vn -0.988877475 -0.0415990427 -0.14279677
vn -0.958585918 -0.284795851 0.00209993543
vn -0.964746475 -0.263112694 -0.00600032136
vn -0.271807402 0.605216503 0.748220503
vn 0.200501129 0.516302884 0.832604885
vn -0.264490426 0.445983827 0.85506928
vn 0.0313006938 0.261405706 0.96472156
vn 0.203695104 0.228994399 0.951877177
vn 0.23819764 0.259197354 0.93599093
vn 0.0574000441 0.0726999491 0.995700896
vn -0.0780012235 0.777112186 0.624509931
vn 0.0480018705 0.828032374 0.558621943
vn -0.379896671 0.779793203 0.497595757
vn -0.175100088 0.943300545 0.282000303
vn -0.41890043 0.836100876 0.354200482
vn -0.224094778 0.969077587 0.103297733
vn -0.404685766 0.900368392 0.159894496
vn -0.231204987 0.962720931 -0.140402928
vn -0.152304888 0.975831449 -0.156704932
vn -0.527629793 0.689539015 -0.496127993
vn -0.253794551 0.531288803 -0.808282733
vn -0.256498486 0.709195971 -0.656696081
vn -0.153405845 0.870033324 -0.46851781
vn -0.207295462 0.540688336 -0.815282166
vn -0.0756023154 0.143004537 -0.986830413
vn 0.392499775 0.379299909 -0.837899566
vn -0.0439992547 0.0330995657 -0.998483181
vn -0.554093242 -0.655292153 0.51339376
vn -0.25360167 -0.0667005628 0.965006471
vn -0.822096825 -0.299998969 0.483898193
vn -0.924122632 -0.354808748 0.141803443
vn -0.939203262 -0.337401241 0.0637001917
vn -0.928702831 -0.366101205 0.0590001456
vn -0.96881932 -0.247204944 0.0167003032
vn -0.868669152 -0.394386083 0.299789339
vn -0.869607329 -0.411403567 0.273002297
vn -0.867311418 -0.426105678 0.257303357
vn -0.899198651 -0.378499478 0.219499648
vn -0.914417446 -0.381807327 0.134402528
vn -0.791552722 -0.407975703 0.454972833
vn -0.808987558 -0.405893862 0.425193459
vn -0.824291527 -0.412595868 0.387696028
vn -0.791119337 -0.350308657 0.501412213
vn -0.78700757 -0.364703566 0.497604787
vn -0.782383978 -0.376392365 0.496189833
vn -0.788708091 -0.380704015 0.482704967
vn -0.793887436 -0.39929378 0.458592743
vn -0.800074279 -0.360388488 0.479584605
vn -0.794007242 -0.334803134 0.507404566
vn -0.838911653 -0.326304615 0.435606092
vn -0.823900282 -0.30790022 0.475800216
vn -0.824587822 -0.300395638 0.479392946
vn -0.803111553 -0.284704179 0.523407519
vn -0.777439654 -0.269213796 0.568428993
vn -0.819015265 -0.275305212 0.503409445
vn -0.826419353 -0.252005994 0.503511786
vn -0.841691315 -0.253797472 0.476595074
vn -0.826066792 -0.231390789 0.513879418
vn -0.814467251 -0.224591076 0.534978569
vn -0.818705916 -0.223801702 0.528803885
vn -0.868987501 -0.202297151 0.451593488
vn -0.822836041 -0.208309203 0.52872324
vn -0.787879467 -0.180495396 0.588784754
vn -0.770092905 -0.194698304 0.607494473
vn -0.257107824 -0.067402184 0.964029491
vn -0.264297277 -0.0778993294 0.9612903
vn -0.266089767 -0.0782971233 0.960763216
vn -0.286910444 -0.0960036144 0.953134775
vn -0.308609992 -0.104503505 0.945430636
vn -0.295807779 -0.104402877 0.949525177
vn -0.305196285 -0.108498804 0.946088612
vn -0.304609925 -0.108903684 0.946231008
vn -0.307899415 -0.111199915 0.944898307
vn -0.296003699 -0.122401655 0.947311938
vn -0.320211917 -0.128904939 0.938535094
vn -0.184394285 -0.245992526 0.95157063
vn -0.368302047 -0.300201803 0.879904926
vn -0.207407549 -0.209607765 0.955534935
vn -0.337698162 -0.183999121 0.923095047
vn -0.291806698 -0.146303505 0.945221901
vn -0.287603915 -0.129801899 0.948912919
vn -0.465098172 -0.36919868 0.804596901
vn -0.465390921 -0.369292945 0.804384351
vn -0.455391675 -0.41379261 0.788285673
vn -0.505016804 -0.620720744 0.599719942
vn -0.563928008 -0.597729862 0.569828331
vn -0.514394939 -0.565594494 0.644593596
vn -0.59339726 -0.488797873 0.639497042
vn -0.528586447 -0.495187461 0.689482331
vn -0.447104663 -0.451604813 0.772108018
vn -0.652286887 -0.705585957 0.276894361
vn -0.669700027 -0.692200124 0.268999934
vn -0.617085218 -0.768181682 0.17059584
vn -0.739702642 -0.657302439 0.144200444
vn -0.692202449 -0.711402595 0.121500358
vn -0.806955338 -0.59056741 0.00729952706
vn -0.803197443 -0.595698178 0.00419991603
vn -0.708418131 -0.705518126 0.019700421
vn -0.753688872 -0.655790329 0.0434992798
vn -0.829659045 -0.554772675 0.0623968579
vn -0.831591308 -0.551894307 0.0621992871
vn -0.695499599 -0.713599682 0.0839998722
vn -0.949646711 -0.313215435 0.00820036791
vn -0.851282954 -0.524489582 0.0150996372
vn -0.850062907 -0.523577213 0.0570974536
vn -0.818472147 -0.571180642 0.0620978326
vn -0.812479377 -0.566785693 0.136496469
vn -0.77881521 -0.609712064 0.147302821
vn -0.759813964 -0.583410859 0.286905259
vn -0.800312817 -0.541708827 0.257004082
vn -0.605178595 -0.708775043 0.362487108
vn -0.660605788 -0.650305867 0.375103235
vn -0.717246711 -0.595638931 0.361623555
vn -0.712879002 -0.541284204 0.44588685
vn -0.824686706 -0.425693244 0.372393966
vn -0.821798801 -0.432699472 0.370699435
vn -0.470821023 -0.127005801 0.873039126
vn -0.477888077 -0.129796892 0.868778467
vn -0.474294513 -0.142298475 0.86879003
vn -0.480021805 -0.144706696 0.865239382
vn -0.474389732 -0.161996603 0.865281343
vn -0.487992495 -0.167697534 0.856586933
vn -0.485603362 -0.174401328 0.856606007
vn -0.491994858 -0.177598253 0.852291167
vn -0.490878701 -0.180792287 0.852263153
vn -0.489897311 -0.179999143 0.852995455
vn -0.480620146 -0.203308642 0.853035867
vn -0.469102442 -0.194301128 0.861504614
vn -0.453302115 -0.231001213 0.860904098
vn -0.449581295 -0.227190688 0.863864183
vn -0.420323372 -0.303117007 0.855247617
vn -0.473001361 -0.377901256 0.795902371
vn -0.147104397 -0.347610563 0.926027775
vn -0.508799613 -0.727999508 0.459499598
vn -0.612594306 -0.626194298 0.482295513
vn -0.719426811 -0.53782022 0.439516395
vn -0.653607845 -0.537606597 0.532706439
vn -0.658312857 -0.482809573 0.577511251
vn -0.61271888 -0.481714964 0.626519322
vn -0.636513531 -0.39030844 0.665214121
vn -0.611896753 -0.376098156 0.695796371
vn -0.641709983 -0.301004797 0.705410898
vn -0.644389868 -0.304195315 0.701588988
vn -0.657510757 -0.273604602 0.702011466
vn -0.666589975 -0.281595886 0.6901896
vn -0.678469121 -0.251688659 0.69016856
vn -0.679194868 -0.252398223 0.689194798
vn -0.680978417 -0.247592255 0.689178169
vn -0.675805211 -0.244901985 0.69520539
vn -0.679393172 -0.235097721 0.695093036
vn -0.668321311 -0.23030746 0.707322598
vn -0.676351368 -0.205785304 0.707249224
vn -0.671732485 -0.20370996 0.712234497
vn -0.676827013 -0.186107531 0.712228417
vn -0.671074569 -0.183693141 0.718272805
vn -0.67501235 -0.168903187 0.718213201
vn -0.478797197 -0.0965995565 0.872595012
vn -0.533116102 -0.129804045 0.836025357
vn -0.267402321 -0.0551006012 0.962008417
vn -0.239390522 -0.0408984981 0.970061719
vn -0.869276285 -0.413688749 -0.27059269
vn -0.31001097 -0.179506272 -0.933633208
vn -0.297394544 -0.322094053 -0.898783684
vn -0.289294779 -0.346093714 -0.892484069
vn -0.949646711 -0.313215435 -0.00820044242
vn -0.836213052 -0.544808567 -0.0627010539
vn -0.678120255 -0.734322071 -0.0304010008
vn -0.789805949 -0.613304675 -0.00800013542
vn -0.732603788 -0.663603544 -0.151400879
vn -0.68777287 -0.716871738 -0.114295587
vn -0.690716565 -0.71891731 -0.0779019669
vn -0.685234845 -0.714836419 -0.139507204
vn -0.611374497 -0.743569076 -0.270788819
vn -0.523390114 -0.799584925 -0.294494539
vn -0.446306795 -0.426306427 -0.786812186
vn -0.440382272 -0.461581379 -0.770069122
vn -0.533087254 -0.508387864 -0.676283896
vn -0.625087261 -0.444990903 -0.641287088
vn -0.499686897 -0.565685153 -0.655982912
vn -0.45730564 -0.379204631 -0.80441016
vn -0.469386399 -0.369689256 -0.801876962
vn -0.460891277 -0.360393107 -0.81098479
vn -0.33831355 -0.173306867 -0.924937189
vn -0.300302237 -0.168701157 -0.93880707
vn -0.291592389 -0.139096275 -0.94637537
vn -0.295502245 -0.12210083 -0.947507262
vn -0.306182951 -0.128592744 -0.943247616
vn -0.307913095 -0.11080461 -0.944940269
vn -0.306089789 -0.110496216 -0.945568502
vn -0.308692336 -0.108297221 -0.944976687
vn -0.293908 -0.104302727 -0.950125933
vn -0.28370899 -0.0976029858 -0.953930318
vn -0.312589139 -0.105896227 -0.943967402
vn -0.284288913 -0.091496326 -0.954362929
vn -0.261992753 -0.0796976909 -0.961773515
vn -0.28009823 -0.0827993751 -0.956394076
vn -0.24870868 -0.0659021959 -0.966333866
vn -0.255095959 -0.0670988336 -0.964584827
vn -0.264911622 -0.0525021963 -0.962842464
vn -0.256906778 -0.0522012636 -0.965025485
vn -0.252614468 0.0147009585 -0.967455506
vn -0.86178726 -0.211896837 -0.460893273
vn -0.825440943 -0.208110288 -0.524726093
vn -0.825391412 -0.223597646 -0.518394709
vn -0.817222416 -0.225406155 -0.530414581
vn -0.821540058 -0.299478114 -0.485164672
vn -0.800178647 -0.2833924 -0.52858597
vn -0.775419533 -0.268506736 -0.571514547
vn -0.822887957 -0.275595903 -0.49689281
vn -0.820664585 -0.250289172 -0.513677955
vn -0.840004623 -0.252201378 -0.480402738
vn -0.816797674 -0.225099325 -0.531198561
vn -0.822411954 -0.299604356 -0.483607143
vn -0.816187382 -0.304895222 -0.490792483
vn -0.82847321 -0.3337892 -0.449685574
vn -0.795783341 -0.335592955 -0.504089653
vn -0.794529855 -0.346412957 -0.498718798
vn -0.790791512 -0.356996119 -0.497194767
vn -0.791912198 -0.374505788 -0.482307553
vn -0.774071336 -0.388885587 -0.499581605
vn -0.789336383 -0.354716301 -0.50112319
vn -0.804825127 -0.398412466 -0.439913869
vn -0.788026571 -0.42161423 -0.448615253
vn -0.793365777 -0.402282625 -0.456880391
vn -0.782598376 -0.510899007 -0.35569936
vn -0.821095884 -0.436997831 -0.367198229
vn -0.823886752 -0.414993316 -0.385993928
vn -0.848108053 -0.481804579 -0.220402181
vn -0.803186536 -0.595690072 -0.00669995882
vn -0.851327658 -0.524417102 -0.0151005555
vn -0.849762082 -0.523376763 -0.0630972534
vn -0.818767846 -0.571377635 -0.0560978726
vn -0.810918093 -0.56571269 -0.149603426
vn -0.779798806 -0.611499131 -0.134099886
vn -0.764505386 -0.589104235 -0.261701941
vn -0.525488675 -0.726984382 -0.441990614
vn -0.66999644 -0.641796589 -0.373098135
vn -0.717295289 -0.595596075 -0.361597717
vn -0.782283306 -0.555388212 -0.282094061
vn -0.903073311 -0.354889512 -0.241892919
vn -0.906778216 -0.397190511 -0.141396672
vn -0.928488255 -0.348495632 -0.128298432
vn -0.940106094 -0.335702211 -0.0592004284
vn -0.920348346 -0.385778368 -0.0642964393
vn -0.968594313 -0.248098582 -0.0164999347
vn -0.865575969 -0.370789677 -0.336590707
vn -0.716678083 -0.537983477 -0.443786532
vn -0.713206589 -0.543704987 -0.442404211
vn -0.596592784 -0.637592316 -0.487394273
vn -0.664497554 -0.575997829 -0.476098359
vn -0.533486903 -0.117697023 -0.837579548
vn -0.47442022 -0.113604754 -0.872937322
vn -0.470617384 -0.127804622 -0.873032331
vn -0.478091866 -0.128997698 -0.868785322
vn -0.474098921 -0.142899588 -0.868798137
vn -0.480217308 -0.144105107 -0.865231276
vn -0.474087834 -0.162895739 -0.865277946
vn -0.488286316 -0.166895226 -0.856576085
vn -0.485314667 -0.175105214 -0.856625974
vn -0.492283225 -0.17689389 -0.85227108
vn -0.490990102 -0.180396289 -0.852282941
vn -0.489709973 -0.180403605 -0.853017509
vn -0.481975049 -0.199989587 -0.853056014
vn -0.467697442 -0.197698832 -0.861495435
vn -0.454186469 -0.228993103 -0.860974491
vn -0.448895186 -0.229197472 -0.863690853
vn -0.420323372 -0.303116798 -0.855247736
vn -0.191398248 -0.247897625 -0.949691415
vn -0.476601154 -0.247700542 -0.843502223
vn -0.76050961 -0.177102178 -0.624707937
vn -0.675000966 -0.169000179 -0.718201101
vn -0.670926332 -0.184407189 -0.718228281
vn -0.677035928 -0.185309768 -0.712237835
vn -0.671492636 -0.204297706 -0.712292254
vn -0.676604927 -0.205101445 -0.707205236
vn -0.668071806 -0.231190175 -0.707270205
vn -0.679682136 -0.234293774 -0.69508177
vn -0.675526083 -0.245609447 -0.695226967
vn -0.681203544 -0.246901214 -0.68920356
vn -0.679317296 -0.252006352 -0.689217627
vn -0.678292811 -0.252097249 -0.690192759
vn -0.667900085 -0.278199971 -0.690300167
vn -0.656118095 -0.276907563 -0.702019513
vn -0.645209253 -0.302404255 -0.701610148
vn -0.641079307 -0.302890152 -0.705177367
vn -0.605517685 -0.390711397 -0.693320394
vn -0.639613032 -0.37590766 -0.670513809
vn -0.605422318 -0.504818618 -0.615322769
vn -0.659201384 -0.462900937 -0.592601359
vn -0.653607845 -0.537606478 -0.532706559
vn -0.553811669 -0.596712589 -0.580712378
vn -0.530800223 -0.613400221 -0.584800363
vn -0.966426611 -0.256907105 -0.00430014962
vn -0.966802835 -0.255500793 -0.00340004126
vn -0.966777503 -0.255594105 -0.00359994732
vn -0.966638863 -0.25611034 -0.00410019606
vn -0.966463685 -0.25679037 -0.00259993318
vn -0.966723442 -0.255806237 -0.00300010387
vn -0.322213382 0.7817325 0.533922374
vn -0.144103408 0.0680017397 -0.987223506
vn -0.271701068 0.0885002464 0.958303928
vn -0.302189767 0.0777972564 0.950067937
vn -0.973498762 -0.220599726 -0.0602999553
vn -0.970336556 -0.238509014 -0.0395015217
vn -0.953463018 -0.105395898 -0.282489091
vn -0.966679513 -0.255794615 -0.0099998191
vn -0.968165159 -0.243991256 -0.0558980256
vn -0.946100891 -0.248000234 -0.208300248
vn -0.935338616 -0.180207431 -0.304412633
vn -0.889492393 -0.175998464 -0.421696484
vn -0.820853472 -0.138592094 -0.554068625
vn -0.187111303 0.270516515 -0.944357157
vn -0.172994122 0.216792777 -0.960767448
vn -0.153098047 0.464594215 -0.872188926
vn -0.371893972 0.642189741 -0.670289159
vn -0.464082748 0.57677865 -0.672275007
vn -0.0461979061 0.922558367 -0.383082598
vn -0.316411793 0.844231665 -0.432616115
vn -0.364908576 0.930022001 -0.0436009206
vn -0.304188579 0.952164352 -0.0291987937
vn -0.345505029 0.886012971 0.309204668
vn -0.489508897 0.806114733 0.33250618
vn -0.364200026 0.911900103 0.189200148
vn -0.612726986 0.507722378 0.605626822
vn -0.307904482 0.725410521 0.61560905
vn -0.253392786 0.496085852 0.830476522
vn -0.372013658 0.406814843 0.834330738
vn -0.213808045 0.332812458 0.918434739
vn -0.159998849 0.13019897 0.978493154
vn -0.13949433 0.130694583 0.98156023
vn -0.99294287 0.0639027506 0.099904336
vn -0.980070055 0.00479983026 0.198593959
vn -0.980153263 0.00449976185 0.198190585
vn -0.959263861 -0.0908966139 0.26748997
vn -0.959391177 -0.0909992084 0.266997576
vn -0.933146 -0.197609812 0.300314814
vn -0.93323338 -0.197507128 0.300110728
vn -0.672468662 -0.0863959044 -0.735065758
vn -0.785487056 -0.0933984071 -0.611790001
vn -0.825311363 0.0755011141 -0.559607744
vn -0.953473032 -0.105297007 -0.282492042
vn -0.97438544 -0.0131997783 -0.224496692
vn -0.978556037 -0.197291151 -0.05919737
vn -0.975457191 -0.218490452 -0.0272988323
vn -0.899212241 0.436405987 -0.0311003737
vn -0.893359661 0.402581841 0.199591056
vn -0.893487394 0.402394354 0.199397266
vn -0.871973276 0.289491117 0.394787997
vn -0.872376382 0.289092183 0.394189417
vn -0.837243974 0.10410542 0.536828279
vn -0.837596893 0.103999563 0.536298096
vn -0.788005173 -0.108100794 0.606104076
vn -0.788099349 -0.107999995 0.605999589
vn -0.444686115 0.0050999485 -0.895672143
vn -0.538207114 0.00160012173 -0.842811227
vn -0.597098649 0.244499564 -0.763998389
vn -0.825317562 0.0754016861 -0.559611976
vn -0.861429453 0.255008817 -0.439215064
vn -0.974386752 -0.0130997971 -0.224496976
vn -0.989666045 0.0540981628 -0.132795453
vn -0.983169198 -0.178994402 -0.0365988798
vn -0.97862643 -0.20550558 -0.0076002311
vn -0.680720389 0.648119569 -0.34141016
vn -0.69663018 0.716331184 -0.0397016406
vn -0.69658035 0.716379881 -0.0396987982
vn -0.688977659 0.672978222 0.269091398
vn -0.689212501 0.672812283 0.268905014
vn -0.660810709 0.52710855 0.534308791
vn -0.66152066 0.526716471 0.533816814
vn -0.614213645 0.283606261 0.736416519
vn -0.614830732 0.283514112 0.73593688
vn -0.546705067 -0.00540015101 0.83730793
vn -0.543611109 -0.00580021925 0.839317262
vn -0.23189038 0.0856965706 -0.968959928
vn -0.339802802 0.0529005602 -0.939007938
vn -0.411887139 0.337389588 -0.846473575
vn -0.597192168 0.244296908 -0.763990104
vn -0.646311045 0.481708378 -0.591810107
vn -0.88729471 0.383497804 -0.256198436
vn -0.989655316 0.0542975664 -0.132794008
vn -0.996471763 0.0819976926 -0.0178994834
vn -0.980921686 -0.194304317 -0.0062001613
vn -0.981715918 -0.18870309 0.0250003878
vn -0.469970584 0.595262885 -0.651759207
vn -0.510833561 0.774050951 -0.37402451
vn -0.510701001 0.774101675 -0.374100685
vn -0.529020965 0.847533762 -0.0427015983
vn -0.528787315 0.847679794 -0.0426988788
vn -0.519912541 0.801219344 0.296207249
vn -0.520490587 0.800885558 0.296094745
vn -0.487119228 0.644525468 0.589323342
vn -0.487699568 0.644199491 0.589199662
vn -0.43119058 0.381191611 0.817782342
vn -0.431700915 0.381000757 0.817601919
vn -0.353200823 0.060300041 0.933602333
vn -0.363789707 0.0579982549 0.929673851
vn -0.254702181 0.397803575 -0.881407619
vn -0.412005007 0.337404251 -0.846410394
vn -0.470293492 0.595191896 -0.651591003
vn -0.680795014 0.647995353 -0.341497421
vn -0.887260675 0.383583069 -0.256188601
vn -0.899251461 0.436325043 -0.0311017297
vn -0.996465445 0.0820971653 -0.0177993756
vn -0.992893994 0.0641996041 0.100199409
vn -0.976430178 -0.215606689 0.00990028027
vn -0.980889678 -0.187598065 0.0515994467
vn -0.97319597 -0.227999076 0.0300998501
vn -0.973538339 -0.220908716 0.0585022829
vn -0.968304276 -0.246501118 0.0403001532
vn -0.967339158 -0.247710064 0.0538021587
vn -0.684431374 -0.715232909 0.141406402
vn -0.939145386 0.234411314 0.251112193
vn -0.654710531 -0.616110086 0.43790707
vn -0.798892319 0.309896976 0.515495121
vn -0.330186963 -0.72597152 0.603276193
vn -0.525676489 0.651270926 0.547275662
vn -0.712275565 0.548881292 -0.43748498
vn -0.0477009639 0.155903041 0.986620009
vn 0.182993978 0.277390778 0.943169117
vn 0.0670035779 0.629333615 0.774241567
vn -0.166402712 0.522708476 0.836113751
vn -0.0866005123 0.369202107 0.925305665
vn 0.0269992612 0.982873201 -0.182294905
vn -0.523282945 0.851672411 -0.0287989639
vn 0.0368989445 0.982272029 0.183794871
vn 0.00729988376 0.984184384 0.176997304
vn -0.38719967 0.856499374 0.341299832
vn 0.0539006963 0.864111245 0.500406682
vn -0.0319984555 0.848159134 0.528774679
vn -0.271313369 0.679833531 0.681333721
vn 0.00810023118 0.323109388 -0.94632709
vn -0.277895033 0.424992561 -0.861484706
vn 0.136293396 0.631669581 -0.76316309
vn -0.24100019 0.668900728 -0.703200579
vn -0.0143003035 0.905919433 -0.423208922
vn 0.110805482 0.289814472 -0.950647116
vn 0.2119039 0.274605215 -0.937917352
vn -0.0279007293 0.0997027382 -0.994626164
vn 0.0858989358 -0.00569981104 -0.996287763
vn 0.359194905 -0.0118997218 -0.933186889
vn 0.140105486 -0.23420909 -0.962037802
vn 0.199708313 -0.323713422 -0.924838662
vn 0.208397269 -0.538892865 -0.816189468
vn 0.287204653 -0.497708023 -0.818413436
vn 0.278198123 -0.743194938 -0.60849601
vn 0.583875656 -0.661972463 -0.469980597
vn 0.446998388 -0.769997299 -0.455298513
vn -0.0825999975 -0.985000134 -0.151500136
vn 0.779724956 -0.598719239 -0.183205962
vn -0.0139001077 -0.995907784 0.0893005803
vn 0.509110272 -0.817616582 0.268905342
vn -0.180688918 -0.87234658 0.454272062
vn 0.24140726 -0.773123443 0.586517572
vn 0.107194275 -0.567369878 0.816456437
vn 0.334202766 -0.428803682 0.83930701
vn 0.069297038 -0.358484805 0.930960238
vn 0.0310990494 -0.124996319 0.991669834
vn 0.00789979193 -0.126196817 0.991973996
vn -0.613304257 -0.334102273 -0.715705037
vn 0.0866993815 -0.611095846 0.786794484
vn -0.946485758 -0.316695303 0.0621990338
vn -0.909200311 -0.371700138 -0.187600151
vn -0.904655576 -0.346821278 -0.247615278
vn -0.885124564 -0.414511502 -0.211505935
vn -0.8818627 -0.415282458 -0.223290622
vn -0.874690533 -0.457895041 -0.158898339
vn -0.854385793 -0.480192065 -0.19859679
vn -0.884868324 -0.457683682 -0.0867969543
vn -0.855902195 -0.503401399 -0.11840038
vn -0.881573856 -0.471886039 -0.0122996923
vn -0.839776695 -0.542284966 -0.0264993329
vn -0.902450621 -0.4290241 0.0390021391
vn -0.870704591 -0.489102632 0.0515002199
vn -0.902784109 -0.348393917 0.252195567
vn -0.922820926 -0.359508187 0.138403103
vn -0.91275984 -0.397582561 0.0937958434
vn -0.90020889 -0.407204062 0.154301494
vn -0.898003221 -0.431601614 0.0855002627
vn -0.63826704 -0.349382102 0.685964584
vn -0.617083967 -0.336791366 0.711181521
vn -0.49780947 -0.647312403 0.577210963
vn -0.169797078 -0.622489512 0.763986945
vn 0.411921799 -0.752939999 0.513227046
vn 0.389793217 -0.761886954 0.51729095
vn 0.0352998488 -0.983595908 0.176899135
vn 0.440282941 -0.889965653 0.118795305
vn 0.0226004515 -0.98301971 -0.182103768
vn 0.429701418 -0.86680299 -0.253000945
vn 0.0980042219 -0.873137653 -0.477520704
vn -0.0143997865 -0.864287317 -0.502792716
vn 0.297408432 -0.73702091 -0.606917322
vn 0.0606973022 -0.599773347 -0.797864735
vn 0.25239715 -0.510194182 -0.822190881
vn 0.066499956 -0.274099708 -0.959399462
vn 0.0972957984 -0.248789176 -0.963658512
vn -0.367380679 -0.279585242 -0.887053549
vn -0.365399301 -0.279499412 -0.887898505
vn -0.24680981 -0.635225236 -0.731829166
vn -0.700170159 -0.348985076 -0.622873545
vn -0.832982421 -0.349192649 -0.429191023
vn -0.730603814 -0.370401919 -0.573603094
vn -0.661370754 -0.568674862 -0.489078492
vn -0.666998088 -0.564298391 -0.486498713
vn -0.614784718 -0.71378237 -0.335491806
vn -0.624116719 -0.705818951 -0.335109085
vn -0.599780619 -0.787174582 -0.143595472
vn -0.60697943 -0.781173587 -0.146095157
vn -0.614816606 -0.785321414 0.0726018772
vn -0.61621809 -0.784323215 0.0715020224
vn -0.653305113 -0.713605702 0.252901942
vn -0.650599778 -0.714899898 0.256199837
vn -0.7129004 -0.578000486 0.39710024
vn -0.709006727 -0.578005612 0.404003829
vn -0.791917562 -0.363008171 0.491010934
vn -0.802476168 -0.375288934 0.463886231
vn 0.00529988157 -0.377291739 0.926079452
vn -0.0924005583 -0.349402279 0.93240571
vn -0.229206264 -0.381210536 0.895624518
vn -0.0269011296 -0.0468018502 -0.998542011
vn 0.0133001087 -0.00259990245 -0.999908328
vn -0.241793245 -0.140695974 -0.960073352
vn -0.532184899 -0.403888494 -0.744078994
vn -0.160508305 -0.222411409 -0.961649895
vn -0.0327004828 -0.616709173 -0.786511838
vn -0.0407018103 -0.619127512 -0.78423512
vn 0.0293988902 -0.861867487 -0.506281018
vn 0.0146002695 -0.86421597 -0.502909422
vn 0.0364015438 -0.982641757 -0.181907833
vn 0.0243991353 -0.983365297 -0.179993764
vn 0.00370003399 -0.98480916 0.173601493
vn 0.00169999537 -0.984797418 0.173699424
vn -0.0539000668 -0.875501275 0.480200529
vn -0.0467020646 -0.875738919 0.480521202
vn -0.139301077 -0.653605163 0.743905723
vn -0.128498927 -0.653894722 0.745593786
vn -0.233090416 -0.383684397 0.893563271
vn -0.537995636 -0.31939736 -0.780093849
vn -0.536010146 -0.31950599 -0.781414986
vn -0.432280511 -0.625971794 -0.649070859
vn -0.345211059 -0.648620784 -0.678321898
vn -0.276297271 -0.846491635 -0.455095649
vn -0.288710833 -0.841731608 -0.456217259
vn -0.259491801 -0.950070083 -0.173294663
vn -0.269105136 -0.946818113 -0.176403493
vn -0.28339079 -0.949169219 0.136995435
vn -0.285310864 -0.94873631 0.136005089
vn -0.337690741 -0.851476789 0.40118897
vn -0.333385378 -0.851662815 0.404382229
vn -0.418188423 -0.671081662 0.612183094
vn -0.327406526 -0.662913382 0.673313498
vn -0.457190573 -0.321093529 0.829382956
vn -0.707626224 -0.424815863 0.564620912
vn -0.49350372 -0.213601738 0.843106508
vn -0.303510725 -0.159205765 0.939433336
vn -0.209209278 -0.0818037614 0.974443376
vn 0.0885002986 -0.100400463 0.991003394
vn -0.939393103 -0.338997513 -0.0511996672
vn -0.948669732 -0.313989997 -0.0378988311
vn -0.945099235 -0.32499975 -0.034100011
vn -0.939485848 -0.340394914 -0.038699463
vn -0.941502452 -0.333200902 -0.0505001843
vn -0.943740189 -0.327813983 -0.0435018912
vn -0.944530845 -0.326810688 -0.0325010978
vn -0.941316426 -0.335705906 -0.0350006558
vn -0.948369384 -0.313089937 -0.050698407
vn -0.951297283 -0.305899173 -0.0381999314
vn -0.951275408 -0.305992097 -0.0379990563
vn -0.950815618 -0.307305098 -0.0389006808
vn -0.949577689 -0.310692728 -0.0420990549
vn -0.949270546 -0.308990449 -0.0583982356
vn -0.94795388 -0.312684834 -0.0600971207
vn -0.946926832 -0.316408992 -0.056701649
vn -0.94261378 -0.329904854 -0.0514007956
vn -0.691481113 -0.20939438 0.691381156
vn -0.766195595 -0.15189907 -0.624396503
vn -0.945406675 -0.319902301 0.0622004047
vn -0.957698166 -0.287099481 0.0196999311
vn -0.963492334 -0.267597884 0.00859990064
vn -0.959753752 -0.28081578 -0.00390025252
vn -0.967911303 -0.250702947 -0.0172002334
vn -0.956895113 -0.288598537 -0.0325998701
vn -0.968560517 -0.242090151 -0.0572977029
vn -0.949894786 -0.306698352 -0.0602997132
vn -0.968981862 -0.230895698 -0.0880983919
vn -0.943657398 -0.316785723 -0.095695734
vn -0.927744687 -0.317415297 -0.196309522
vn -0.926186621 -0.326395333 -0.188797355
vn -0.871480703 -0.234394774 -0.430790514
vn -0.903373718 -0.237493068 -0.357089669
vn -0.942605078 -0.120000616 -0.311601698
vn -0.952372193 -0.279991865 -0.120796517
vn -0.951535344 -0.295210987 -0.0862032473
vn -0.593606114 -0.170401692 -0.786508262
vn -0.879140556 -0.186108559 -0.438720316
vn -0.0547021814 0.030401336 -0.998039961
vn -0.0988006964 0.0399004035 -0.994307101
vn -0.101098686 0.137798339 -0.985287309
vn -0.336806297 0.689313054 -0.64141196
vn -0.296994209 0.594188631 -0.747485459
vn -0.517606437 0.70210886 -0.489006042
vn -0.371096015 0.762492001 -0.529994249
vn -0.417503715 0.860207796 -0.292802572
vn -0.593495607 0.778894365 -0.202698439
vn -0.434023678 0.894048929 -0.110905968
vn -0.44190076 0.739501238 0.507800937
vn -0.247197643 0.846792042 0.470995635
vn -0.559081674 0.811873436 0.168194592
vn -0.593214214 0.785118818 0.178004369
vn -0.441004783 0.896309793 0.0463006124
vn -0.245193765 -0.0992976055 0.964375615
vn -0.173306718 0.049201794 0.983638227
vn -0.226004392 0.213604063 0.950418591
vn -0.691800535 -0.0995000005 -0.715200603
vn -0.743294597 -0.12009906 -0.6580953
vn -0.822512865 0.122902013 -0.555308759
vn -0.942850888 -0.127193362 -0.307984024
vn -0.974575996 -0.0380990393 -0.220794573
vn -0.975136817 -0.0403015018 -0.217908263
vn -0.994501293 0.00510001974 -0.104600146
vn -0.994408548 0.00650006952 -0.10540092
vn -0.999499261 0.00299999444 0.0314999819
vn -0.999501586 0.00920001231 0.0302000549
vn -0.988466561 -0.042698577 0.145295098
vn -0.988606572 -0.0354002565 0.146300986
vn -0.964989185 -0.124798641 0.230697438
vn -0.957974792 -0.285992503 0.022199383
vn -0.280114472 -0.0315015167 -0.959449708
vn -0.253297836 -0.0276996493 -0.966991842
vn -0.333410889 0.191006362 -0.923230231
vn -0.338793725 0.188996613 -0.921682954
vn -0.431504309 0.454404712 -0.779307842
vn -0.608313918 0.33460781 -0.719716489
vn -0.683667243 0.54587394 -0.484376788
vn -0.686918557 0.543614805 -0.482313037
vn -0.73349303 0.65139395 -0.194098115
vn -0.731921196 0.652919054 -0.194905624
vn -0.746388316 0.649589956 0.14469783
vn -0.741804898 0.655104399 0.143401042
vn -0.719799042 0.537499309 0.439299554
vn -0.715001822 0.543701351 0.439501256
vn -0.660628736 0.319713861 0.679229617
vn -0.864692092 0.106898971 0.490795553
vn -0.81566906 -0.0819969699 0.572678387
vn -0.937775195 -0.216994315 0.271092832
vn -0.928822577 -0.246306047 0.276806742
vn -0.929959655 -0.268288404 0.251389086
vn -0.440211326 -0.0800019577 -0.894323111
vn -0.457593113 -0.0773987398 -0.885786831
vn -0.517780304 0.0945965126 -0.850267828
vn -0.523116708 0.0952031463 -0.846927106
vn -0.601897597 0.342498779 -0.721397161
vn -0.825807989 0.114501186 -0.552205384
vn -0.881509483 0.27970311 -0.380404115
vn -0.883549094 0.277084142 -0.377578318
vn -0.918486893 0.361194909 -0.160997659
vn -0.917729318 0.362711638 -0.16190514
vn -0.928803742 0.3580015 0.0957004502
vn -0.926298559 0.36479947 0.0942999125
vn -0.909657598 0.270287395 0.315385371
vn -0.907084763 0.277995318 0.316094756
vn -0.866624713 0.105802976 0.487613976
vn -0.964263678 -0.123895377 0.234191194
vn -0.937654316 -0.217112631 0.27141574
vn -0.953959525 -0.298287362 0.0313986316
vn -0.952061415 -0.304987669 0.0236990061
vn -0.219308391 -0.0507020652 0.974337459
vn -0.303109199 -0.162905082 0.938928664
vn -0.412297785 0.152499095 0.898195267
vn -0.253499359 0.217799351 0.942497671
vn -0.266598552 0.526497066 0.80729574
vn -0.528306246 -0.106801368 0.842310071
vn -0.533504188 -0.113800995 0.838106692
vn -0.590979397 0.064897649 0.804072022
vn -0.412005424 0.152601928 0.898311973
vn -0.490391284 0.432892293 0.756386757
vn -0.321688473 0.516181409 0.793771684
vn -0.36869669 0.665094018 0.649394333
vn -0.839130938 -0.281010419 0.465717196
vn -0.784626067 -0.183406189 0.59221971
vn -0.816096425 -0.0817997158 0.57209754
vn -0.590402544 0.0648001954 0.80450362
vn -0.657602251 0.320901066 0.681602478
vn -0.493587077 0.431188673 0.755280375
vn -0.557494164 0.671392977 0.488295019
vn -0.563119769 0.66732347 0.487417281
vn -0.589694262 0.790592432 0.164998516
vn -0.595124304 0.786532223 0.164906859
vn -0.580611289 0.788415432 -0.203203887
vn -0.582823575 0.786831975 -0.203008145
vn -0.530683637 0.671179354 -0.517584026
vn -0.52669394 0.673692286 -0.518393993
vn -0.440311581 0.448811978 -0.777620554
vn -0.444594115 0.446194261 -0.776689827
vn 0.182194725 0.385188997 -0.904673815
vn -0.351403028 0.322002918 -0.879107654
vn -0.12549834 0.202597454 -0.971187234
vn 0.0254010316 0.834434092 -0.550522268
vn -0.0237997677 -0.0291998386 0.999290347
vn 0.0744992569 0.129398599 0.988790214
vn 0.177196681 0.211495951 0.961182117
vn -0.130203202 0.247406006 0.960123777
vn -0.142195821 0.344989836 0.927772999
vn -0.207213014 0.547934353 0.810451031
vn -0.238008261 0.53211844 0.812528372
vn -0.258605242 0.708414376 0.656713426
vn -0.194404587 0.833919704 0.516512394
vn -0.477912903 0.750220299 0.456912488
vn -0.159996301 0.974777579 0.155596539
vn 0.0360995382 0.980887592 0.191197708
vn -0.368896753 0.784993291 -0.497695595
vn -0.210695013 0.935177922 -0.284693152
vn -0.0564985089 0.971574545 -0.229893863
vn -0.377714753 0.919435978 -0.109404169
vn -0.287616402 0.956354618 0.0516030639
vn 0.00699995505 0.252798498 -0.967493832
vn -0.147598788 0.412996739 -0.898692667
vn 0.112502217 0.571411431 -0.8129161
vn -0.269806415 0.606114566 -0.748217762
vn -0.121996194 0.766476214 -0.630580246
vn 0.0270987246 0.154292867 -0.987653613
vn 0.355815828 0.181608215 -0.916740894
vn 0.12719892 0.222098246 -0.966691852
vn -0.975880086 0.038999185 0.214795649
vn -0.71272701 0.695526421 0.090903528
vn -0.324990004 0.937971294 0.120796412
vn 0.0584976226 0.988759935 0.137594551
vn -0.0962984636 0.980484426 0.171397388
vn -0.176306725 0.206007764 0.962536752
vn -0.590083241 0.404188484 0.698880255
vn -0.295107156 0.553913414 0.778519094
vn -0.276691288 0.311790138 0.908971548
vn -0.613199055 0.0997997597 0.7835989
vn -0.789710581 0.139501825 0.597408116
vn -0.636496723 0.173999026 0.751396239
vn -0.592487514 0.190695927 0.782683671
vn -0.388413489 0.192606598 0.901131392
vn -0.963116765 0.15690273 0.218603849
vn -0.950832486 0.268009156 0.155205354
vn -0.954664588 0.261090308 0.142994747
vn -0.949912429 0.306604058 0.0605008379
vn -0.989654839 0.142693505 0.0148993386
vn -0.895595968 0.0878995582 0.436098099
vn -0.830429316 0.135404736 0.540419161
vn -0.835286975 0.328494877 0.440893203
vn -0.603964329 0.453573197 0.655361414
vn -0.995879173 -0.00589988893 0.0904981196
vn -0.965129972 0.0328009911 0.259708107
vn -0.970560551 0.150693879 0.187892407
vn -0.794649363 0.340378284 0.502668023
vn -0.803714752 0.491609097 0.33520627
vn -0.772875667 0.531283259 0.346989185
vn -0.304090142 0.647379041 0.698877454
vn -0.423699796 0.7815997 0.457799941
vn -0.171298027 0.804090798 0.569293678
vn -0.270092428 0.914874434 0.300091743
vn -0.453509182 0.849717259 0.26890558
vn -0.448298573 0.881797194 0.146499649
vn -0.520898938 0.845198333 0.119599871
vn -0.386609316 0.193004578 0.901821852
vn -0.409311652 0.520414829 0.749421477
vn -0.564423025 0.47881946 0.672427475
vn -0.563216209 0.689019859 0.456113279
vn -0.50128895 0.706484437 0.499589115
vn -0.494420618 0.822134316 0.2822119
vn -0.777104735 0.601103723 0.18650122
vn -0.81186074 0.568572521 0.132693663
vn -0.923615217 0.380006284 0.0503008775
vn -0.802990496 0.501394212 -0.322196156
vn -0.0968022496 0.986323059 -0.133402988
vn -0.520892739 0.84518832 -0.119698241
vn -0.851906002 0.520303667 -0.0595003627
vn -0.70293206 0.685931385 -0.188108534
vn -0.923619866 0.380008221 -0.0502010435
vn -0.949980497 0.306393743 -0.0604987293
vn -0.989668846 0.14259553 -0.0148995165
vn -0.995948851 -0.0046002157 -0.0898044109
vn -0.966789007 0.0332996584 -0.253397167
vn -0.954774857 0.0270993263 -0.296092212
vn -0.830505192 0.135400921 -0.540303469
vn -0.790600538 0.139200181 -0.596300483
vn -0.276808769 0.311810017 -0.908928871
vn -0.636172235 0.188891858 -0.748067379
vn -0.386506647 0.192303449 -0.902015686
vn -0.389394939 0.192697629 -0.90068841
vn -0.50002408 0.181208849 -0.846840918
vn -0.176008165 0.135306418 -0.975045443
vn -0.30420059 0.647301435 -0.698901355
vn -0.399425209 0.756647944 -0.517632604
vn -0.197807536 0.839232206 -0.506519258
vn -0.59131813 0.181605682 -0.785724223
vn -0.60333699 0.464928657 -0.647939742
vn -0.409197778 0.520397305 -0.749495864
vn -0.51751858 0.479017347 -0.709025443
vn -0.290903389 0.467405617 -0.83480984
vn -0.953542471 0.262111753 -0.148506597
vn -0.95476824 0.258191466 -0.147495076
vn -0.77134341 0.523629546 -0.361720324
vn -0.777237773 0.60092932 -0.186509013
vn -0.453802884 0.842005491 -0.291701794
vn -0.448411435 0.881722569 -0.146603644
vn -0.324900538 0.938001692 -0.120800108
vn -0.0109002218 0.98472017 -0.173803434
vn -0.270201743 0.914806008 -0.300201833
vn -0.492299527 0.830499351 -0.260599703
vn -0.502025306 0.71813637 -0.481924266
vn -0.565083802 0.676480711 -0.472286403
vn -0.56328845 0.467790544 -0.681086063
vn -0.797535419 0.356015891 -0.487021655
vn -0.836692035 0.309997141 -0.451495737
vn -0.960139275 0.171007037 -0.221109062
vn -0.969512522 0.142701894 -0.199202597
vn -0.999761999 -0.0217991732 0.000899963256
vn -0.999825478 0.015100386 0.0110002831
vn -0.999539375 0.0198007803 0.0230009109
vn -0.999850273 0.0106994687 0.0135993268
vn -0.993142307 -0.116804995 0.00500019966
vn -0.995608628 -0.0922008231 0.0162001327
vn -0.996025383 -0.0882022679 0.0124003086
vn -0.998197496 -0.0599998571 0.00139998947
vn -0.995685279 -0.0921986476 -0.0104998564
vn -0.995133281 -0.0964032337 -0.0204006955
vn -0.996025383 -0.0882022604 -0.0124003291
vn -0.998197496 -0.0599998571 -0.00140000368
vn -0.999744177 -0.022601001 -0.000900042534
vn -0.999847233 0.0111005269 -0.0135006383
vn -0.999541342 0.0197008215 -0.0230009519
vn -0.999825478 0.0151003879 -0.0110002793
vn -0.993152082 -0.0733964741 0.0908956081
vn -0.0838042051 -0.994650006 0.0604029186
vn -0.180291608 -0.971954942 0.15099287
vn -0.348394334 -0.926985085 0.138997659
vn -0.517609239 -0.846715271 0.123102106
vn -0.701894164 -0.701894283 0.121198922
vn -0.908321142 -0.41340968 0.0636014417
vn -0.944198608 -0.329199553 -0.0108000245
vn -0.92865026 -0.352219135 0.116406277
vn -0.951023102 -0.28350693 0.123202972
vn -0.939562917 -0.282388926 0.193592355
vn -0.97623843 -0.143805698 0.162106395
vn -0.918074191 -0.261192709 0.298191637
vn -0.977655709 -0.0823962986 0.193391249
vn -0.971756339 -0.0961957127 0.215490326
vn -0.383387923 -0.0781976581 0.920271158
vn -0.635872364 -0.120894842 0.762266994
vn -0.168293968 -0.090596877 0.981564879
vn -0.259897292 -0.12439882 0.957590044
vn -0.243893832 -0.327091902 0.91297698
vn -0.310408235 -0.355509579 0.881623447
vn -0.210192084 -0.492981583 0.844268203
vn -0.186900154 -0.660600722 0.727100611
vn -0.100603364 -0.972032607 0.212207004
vn -0.0957000107 -0.894600213 0.436499983
vn -0.175801441 -0.872807324 0.455303729
vn -0.143301412 -0.803208113 0.578205585
vn -0.160000607 -0.668602765 0.726202726
vn -0.756010115 -0.649108768 0.0843010619
vn -0.763173521 -0.59297955 0.256791055
vn -0.774607897 -0.579106033 0.254202574
vn -0.788501203 -0.457900763 0.410600632
vn -0.802169144 -0.442783028 0.400584549
vn -0.818303645 -0.261801243 0.51170224
vn -0.827699244 -0.253799856 0.500499547
vn -0.840987802 -0.11029847 0.529692352
vn -0.895493686 -0.0732995421 0.438996971
vn -0.466108501 -0.873516023 0.140402481
vn -0.476703197 -0.790805399 0.38390252
vn -0.493699819 -0.780799806 0.382899821
vn -0.516694427 -0.601893544 0.608893394
vn -0.537602723 -0.59040308 0.602003038
vn -0.562995195 -0.332797259 0.756493568
vn -0.577482283 -0.326490104 0.748277068
vn -0.597110271 -0.0950017348 0.796513796
vn -0.791735411 -0.089804098 0.604227066
vn -0.0837963745 -0.994657099 -0.060297519
vn -0.703872442 -0.703972518 -0.0947963968
vn -0.348394334 -0.926985085 -0.138997868
vn -0.238196164 -0.949184775 -0.205696836
vn -0.0902008191 -0.983709037 -0.155501544
vn -0.10650517 -0.892043412 -0.439221531
vn -0.175898343 -0.872791827 -0.455295861
vn -0.143304631 -0.803125918 -0.578318834
vn -0.160692334 -0.661568463 -0.732465208
vn -0.185697585 -0.667491317 -0.721090734
vn -0.384482026 -0.0776962712 -0.919857144
vn -0.210195035 -0.492788345 -0.84438026
vn -0.310301542 -0.355401695 -0.881704509
vn -0.244602978 -0.327303946 -0.912711263
vn -0.259592652 -0.124396369 -0.957672954
vn -0.16850023 -0.0909000114 -0.98150146
vn -0.63942188 -0.0945031494 -0.763026237
vn -0.954792261 -0.0184998158 -0.296697617
vn -0.787305653 -0.139800951 -0.600504398
vn -0.993231177 -0.0733022988 -0.0901028439
vn -0.975384057 -0.0930984616 -0.199896783
vn -0.953421891 -0.172703952 -0.247305721
vn -0.965619981 -0.193403989 -0.173703641
vn -0.939174771 -0.340290904 -0.0463987999
vn -0.913413227 -0.362305284 -0.185502738
vn -0.955929279 -0.283508688 -0.0763023868
vn -0.939589441 -0.282296836 -0.193597883
vn -0.841405749 -0.0867005363 -0.533403695
vn -0.827002764 -0.258000821 -0.499501765
vn -0.81833607 -0.257711321 -0.513722777
vn -0.801213741 -0.447707683 -0.397006959
vn -0.788483262 -0.453590363 -0.415391296
vn -0.773823082 -0.582017422 -0.249907553
vn -0.763004124 -0.591003239 -0.261801481
vn -0.75762552 -0.645121753 -0.0991034284
vn -0.910022497 -0.41421029 -0.0170004722
vn -0.596776187 -0.114695333 -0.794168413
vn -0.576818049 -0.330510288 -0.747023463
vn -0.562922835 -0.328713268 -0.758330941
vn -0.536484361 -0.595182717 -0.598282695
vn -0.516699374 -0.597399235 -0.61329937
vn -0.49289906 -0.783398569 -0.378599435
vn -0.476685017 -0.788475275 -0.388687938
vn -0.466180205 -0.873462975 -0.140494153
vn -0.517609239 -0.846715212 -0.123102315
vn 0.0705990717 -0.593692124 -0.801589549
vn 0.0564988069 -0.479389846 -0.875781715
vn 0.119297765 -0.428391933 -0.895683408
vn 0.186199725 -0.980798662 -0.0580000393
vn 0.176796436 -0.982280314 -0.0621988699
vn 0.198096693 -0.936084449 -0.29069528
vn 0.556796491 -0.804494977 -0.206798807
vn -0.281304628 -0.827913702 -0.485208124
vn 0.272697777 -0.849793077 -0.451096416
vn 0.0323004983 -0.734711349 -0.677610636
vn 0.416687489 -0.705978751 -0.572682917
vn -0.204102218 -0.666407287 -0.717107952
vn -0.152103379 -0.325807184 -0.933120906
vn 0.507692993 -0.0444992892 -0.860388219
vn 0.00450021075 -0.179508328 -0.983746231
vn 0.186207503 -0.98053962 0.0622023977
vn 0.179607898 -0.981943309 0.0594025031
vn 0.182297289 -0.958085835 0.220996618
vn 0.4077802 -0.86795795 0.283486158
vn -0.062301904 -0.895827591 0.440013379
vn 0.411379933 -0.708365679 0.57357204
vn 0.410805047 -0.708508909 0.573807061
vn -0.202099368 -0.666598082 0.717497766
vn 0.0695987642 -0.594489634 0.80108583
vn 0.0552023798 -0.479620844 0.875737846
vn 0.119196787 -0.427388638 0.896175921
vn -0.145702541 -0.325305849 0.934316397
vn 0.296901166 -0.152800724 0.942603767
vn -9.9996636e-05 -0.082797341 0.996566594
vn 0.113000698 0.976106226 0.185601279
vn 0.190090895 0.9661538 0.174391776
vn -0.019100314 0.851314127 0.524308801
vn 0.212904662 0.804617703 0.554312348
vn 0.0118003245 0.667718351 0.744320571
vn 0.337193638 0.539689779 0.77138561
vn -0.0593984909 0.480687708 0.87487793
vn 0.0175002906 0.321005225 0.946915865
vn 0.267794967 0.220595747 0.937882483
vn -0.0805023164 0.138903886 0.987028539
vn -0.00680005783 0.0611004047 0.998108566
vn 0.113004915 0.978042662 -0.175107509
vn -0.00600000145 0.598500311 -0.801100254
vn 0.181803986 0.832018435 -0.52411145
vn -0.0244000088 0.835400462 -0.549100101
vn 0.171694249 0.967967689 -0.183193758
vn 0.0464019887 0.320413888 -0.946140587
vn -0.0750017613 0.480611444 -0.873720586
vn 0.530806601 0.546906948 -0.647408128
vn 0.48768279 0.132095456 -0.862969637
vn -0.216806889 0.234907597 -0.94753021
vn -0.0070998664 0.0661988854 -0.997781336
vn 0.223396882 -0.300695717 -0.927187264
vn -0.0574972853 -0.140193284 -0.988453448
vn 0.0158003438 -0.0413007848 -0.999021947
vn -0.18720676 -0.742526829 -0.643123388
vn -0.058398623 -0.638284922 -0.767582059
vn 0.168694362 -0.592680216 -0.787573874
vn 0.0268006753 -0.546513736 -0.837021291
vn -0.181296974 -0.338094294 -0.923484743
vn 0.287390828 -0.83787328 -0.46408534
vn 0.105500825 -0.841406703 -0.530004323
vn -0.0585980453 -0.893070281 -0.446085274
vn -0.367711812 -0.913629413 -0.173405677
vn 0.217998222 -0.943492413 -0.249598116
vn 0.192299634 -0.809798658 0.554298878
vn -0.342590511 -0.834277093 0.431988031
vn 0.186495528 -0.957577169 0.219694644
vn 0.22399576 -0.947882175 0.226595625
vn -0.233407959 -0.970033228 0.0675021932
vn -0.0438986048 -0.134295851 0.989968598
vn 0.189195961 -0.144297048 0.971279383
vn -0.124900326 -0.332201004 0.934902489
vn 0.104501829 -0.547409713 0.830314517
vn 0.234708682 -0.52851975 0.81583029
vn -0.311403811 -0.647208095 0.69580853
vn -0.257996976 -0.672892332 0.693291903
vn -0.391202033 -0.000300111307 0.920304894
vn -0.963178158 0.247894421 -0.104097627
vn -0.966483176 0.242495835 -0.0842985064
vn -0.97271198 0.210302606 0.0980012417
vn -0.972711205 0.221302569 0.0697008446
vn -0.898741424 0.180788189 0.399474055
vn -0.956253946 0.21198979 0.201590344
vn -0.817038238 0.140806556 0.559126198
vn -0.896016061 0.17400308 0.408507377
vn -0.932382107 0.0291994009 0.36029312
vn -0.981455088 0.152992994 0.115494743
vn -0.986188591 0.150798276 0.0684992298
vn -0.173192918 -0.0615976043 0.982959926
vn -0.160001859 -0.0613008365 0.985211611
vn -0.215695426 -0.310493559 0.925780416
vn -0.291389048 -0.955464244 0.0466981344
vn -0.24188979 -0.940360427 0.239189819
vn -0.351602942 -0.850307286 0.391603261
vn -0.177600607 -0.878703237 0.443101466
vn -0.31770581 -0.645211995 0.694812715
vn -0.256114602 -0.826847196 -0.500728726
vn -0.260793567 -0.858478904 -0.441589236
vn -0.308094472 -0.90308392 -0.299194783
vn -0.135501042 -0.955507457 -0.26200217
vn -0.363802493 -0.929106534 0.0664003566
vn -0.459901184 -0.650901735 -0.604001701
vn -0.303797692 -0.738694429 -0.601695597
vn -0.237902835 -0.60050714 -0.763409317
vn -0.268111348 -0.5722242 -0.775032938
vn -0.219895512 -0.495889872 -0.840083063
vn -0.0803024471 -0.133203954 -0.987830222
vn -0.158496633 -0.120497338 -0.979979336
vn -0.22129415 -0.088597551 -0.971174419
vn -0.706406534 0.10000103 -0.700706542
vn -0.513709128 0.0160003901 -0.857815385
vn -0.460793138 -0.0197996013 -0.887286901
vn -0.367800027 -0.0361998975 -0.929200172
vn -0.301488876 -0.0617976189 -0.95146507
vn -0.941212475 0.241803259 -0.235903114
vn -0.881919146 0.193604276 -0.429809362
vn -0.872232854 0.198007539 -0.447216868
vn -0.69368875 0.0828987584 -0.715488434
vn -0.967985094 -0.222596586 -0.115998261
vn -0.950576007 -0.156796023 -0.267993301
vn -0.958984315 -0.142397657 -0.245096043
vn -0.94000262 -0.0580001287 -0.336200982
vn -0.944025099 -0.0587015264 -0.324608684
vn -0.717723489 0.100603223 0.689022601
vn -0.723737061 0.099705033 0.682835042
vn -0.780423939 -0.12890406 0.61181885
vn -0.927903235 0.0128000015 0.3726013
vn -0.953152061 -0.107394643 0.282785803
vn -0.991668165 0.0882971659 0.0937970132
vn -0.994755864 0.0878961086 0.0522976965
vn -0.823996663 -0.565597773 0.0335997976
vn -0.815810561 -0.537307024 -0.213902861
vn -0.828298807 -0.522799313 -0.201499805
vn -0.800081789 -0.412890613 -0.435190231
vn -0.817510247 -0.399204999 -0.415105343
vn -0.789693356 -0.269997716 -0.550895512
vn -0.796502769 -0.270400882 -0.540801942
vn -0.5444929 0.0171996783 0.838589191
vn -0.468992919 0.0235995408 0.882886767
vn -0.538916945 -0.272908688 0.796925068
vn -0.769071102 -0.145094633 0.622476697
vn -0.808327556 -0.342411786 0.478916347
vn -0.947494328 -0.130799264 0.291798264
vn -0.963405252 -0.212101191 0.163900882
vn -0.997728467 0.0400011428 0.0542015582
vn -0.99867928 0.0511989444 0.00429991726
vn -0.559986651 -0.746782303 0.358791381
vn -0.573210776 -0.818315566 0.0423007049
vn -0.576000988 -0.816301525 0.0432999842
vn -0.568032563 -0.775944531 -0.274315864
vn -0.585435033 -0.766145885 -0.265115976
vn -0.555472136 -0.620668948 -0.553372383
vn -0.58118391 -0.61048311 -0.538085222
vn -0.549709558 -0.449807793 -0.703912318
vn -0.559182405 -0.450785786 -0.695778251
vn -0.310009897 -0.0240008831 0.950430453
vn -0.38139239 -0.341093361 0.859182954
vn -0.521901667 -0.287201017 0.803202629
vn -0.567722619 -0.539121568 0.622124732
vn -0.793609619 -0.365104496 0.486705929
vn -0.819038451 -0.502323687 0.277212977
vn -0.959994018 -0.22689864 0.164098978
vn -0.966058433 -0.25768894 0.0180991944
vn -0.998407125 0.0561004095 0.00600005034
vn -0.996495247 0.0253998917 -0.0796996281
vn -0.384511471 -0.63181901 0.673020065
vn -0.413698226 -0.825096607 0.384798318
vn -0.395410746 -0.833222806 0.386510491
vn -0.408788502 -0.911474466 0.0458986014
vn -0.409892529 -0.910983503 0.0457990617
vn -0.403799146 -0.867198229 -0.291399479
vn -0.422790229 -0.858980238 -0.288793445
vn -0.396508336 -0.704914868 -0.588112533
vn -0.424189329 -0.693882525 -0.581885457
vn -0.393592477 -0.528489947 -0.752185822
vn -0.404211402 -0.524814844 -0.749121308
vn -0.215704456 -0.328006744 -0.919719219
vn -0.396377563 -0.318281919 -0.861151397
vn -0.372098714 -0.327498794 -0.868497193
vn -0.35680443 -0.333004087 -0.872811019
vn -0.522515476 -0.263707787 -0.810824275
vn -0.50927943 -0.266289175 -0.818367124
vn -0.761166513 -0.11939469 -0.637472034
vn -0.751649261 -0.12220794 -0.648142517
vn -0.920271397 0.0422987379 -0.388987958
vn -0.914508641 0.0398004279 -0.402603865
vn -0.973459959 0.177392736 -0.144594058
vn -0.983545899 0.170507982 -0.0597027764
vn -0.98330754 0.168401331 -0.0689005107
vn -0.992816687 0.0850014538 -0.0842014179
vn -0.994012833 0.108201407 -0.0152001847
vn -0.962389469 -0.238497391 -0.130098611
vn -0.967184186 -0.253295898 0.0198996477
vn -0.821346045 -0.569531977 0.0320017301
vn -0.810398936 -0.516099453 0.277299613
vn -0.573988736 -0.73558563 0.359792888
vn -0.545089304 -0.55768919 0.625987768
vn -0.40968883 -0.62168318 0.667581737
vn -0.361790031 -0.347990543 0.864876211
vn -0.209910512 -0.392119795 0.895644903
vn -0.524780214 -0.363186479 0.769871056
vn -0.974203587 0.210900798 -0.0803002864
vn -0.968810499 0.240202636 -0.060900636
vn -0.945284188 0.324694604 -0.0317994393
vn -0.945350051 0.324782878 -0.0287984442
vn -0.944399893 0.327899992 -0.0242999606
vn -0.972568452 0.229892582 -0.0354988277
vn -0.96337831 0.26759401 -0.0171995834
vn -0.950675845 0.309692174 -0.0174995195
vn -0.951805294 0.30670175 0.000800041133
vn -0.98379451 0.179299012 0.00050001865
vn -0.978151977 0.207789823 0.0064997063
vn -0.97822988 0.207406357 -0.00700019021
vn -0.941826463 0.330609292 0.0605017468
vn -0.957000017 0.289700031 0.015000036
vn -0.952651083 0.303884417 0.0104994979
vn -0.965222538 0.261106133 -0.013000275
vn -0.97575891 0.218690827 -0.00829962548
vn 0.248503268 0.967212796 0.0524008088
vn 0.248393491 0.923475921 -0.292392254
vn 0.122894496 0.41418159 -0.901859641
vn -0.0426003784 -0.0128999976 -0.999009013
vn -0.956269026 0.28369081 0.0711977333
vn -0.860088885 0.508793533 -0.0370994657
vn -0.902544975 0.412020624 -0.125106215
vn -0.886294544 0.45199725 -0.100899339
vn -0.831166089 0.331386596 -0.446481824
vn -0.914533138 0.33101207 -0.232508406
vn -0.926724494 0.334008873 -0.172104508
vn -0.944997489 0.310799241 -0.101899706
vn -0.26910156 0.222301394 -0.937105477
vn -0.438596189 0.269597799 -0.857292593
vn -0.418998361 0.260899127 -0.869696677
vn -0.627529323 0.312714726 -0.713033319
vn -0.117302634 0.178504139 -0.976922035
vn -0.1360026 0.186903685 -0.97291857
vn 0.0264006294 0.133303314 -0.990723729
vn -0.510609686 0.353206873 -0.783915043
vn 0.112996995 0.788179219 -0.604983866
vn 0.251099616 0.708899081 -0.659098983
vn -0.138395369 0.985467076 -0.0984965935
vn 0.160594612 0.833172023 0.529182434
vn 0.201191738 0.921362281 0.332586497
vn -0.0542004742 0.597805262 0.799807191
vn 0.0779003724 0.707503378 0.702403486
vn 0.0875985473 0.718788087 0.689688683
vn 0.0953981131 0.738485396 0.667486906
vn -0.106296375 0.193793312 0.975266874
vn 0.263694763 -0.00699997693 0.964580953
vn -0.352909416 0.150803939 0.92342478
vn -0.426383942 0.192292675 0.883866787
vn -0.503093779 0.185497642 0.844089746
vn -0.748490155 0.361895233 0.555692852
vn -0.666127264 0.314412802 0.676327765
vn -0.860062361 0.316586137 0.400082588
vn -0.859669924 0.316888899 0.400686055
vn -0.107799873 0.323699564 0.939999044
vn -0.371108264 0.374508262 0.849719048
vn -0.373812228 0.373612136 0.848927915
vn -0.789826334 0.383412778 0.478716105
vn -0.685606956 0.226902232 0.691707075
vn -0.714610159 0.696209967 0.0680010542
vn -0.703863204 0.707263112 0.0659966394
vn -0.43290329 0.891106844 0.136101142
vn -0.418024451 0.89845264 0.134307966
vn -0.0988046899 0.977146506 0.188209072
vn -0.0818000659 0.979100943 0.186200276
vn 0.0227998924 0.979795456 0.198699191
vn 0.12879543 0.97596544 0.175793886
vn -0.898618162 0.428608745 -0.0937018469
vn -0.721308589 0.640407681 -0.263803065
vn -0.727920175 0.636517704 -0.254907012
vn -0.445088029 0.794878721 -0.412388861
vn -0.455280751 0.793166578 -0.404482871
vn -0.108998299 0.851986885 -0.512091935
vn -0.121604271 0.853730142 -0.506317675
vn 0.21539624 0.808886111 -0.547090411
vn -0.00889991131 0.87519151 -0.483695149
vn -0.52131331 0.595215321 -0.611515641
vn -0.776396215 0.512797594 -0.366398185
vn -0.767614126 0.513209581 -0.38390705
vn -0.920958281 0.374883085 -0.106295153
vn -0.899335146 0.391715378 -0.194307581
vn -0.144897565 0.602590024 -0.78478688
vn -0.20450145 0.616904557 -0.760005414
vn -0.30838117 0.611762881 -0.728455544
vn -0.536207557 0.597708583 -0.59600842
vn -0.624292195 0.310596257 -0.716790974
vn -0.832434714 0.332713962 -0.443118483
vn -0.793212414 0.508907914 0.334405303
vn -0.799776793 0.507585287 0.320490777
vn -0.560976982 0.603475273 0.566676855
vn -0.572572529 0.604470968 0.553873539
vn -0.264905095 0.627212048 0.732414186
vn -0.27989608 0.631391108 0.72318995
vn -0.0143995155 0.596379995 0.802573204
vn -0.0372012407 0.410213619 0.911230564
vn 0.047899399 0.842989504 0.535793424
vn -0.152900979 0.857405603 0.491403311
vn -0.176204398 0.85372138 0.490012407
vn -0.471385717 0.797575891 0.376388758
vn -0.491799772 0.787099719 0.372299939
vn -0.736480892 0.641283393 0.21529451
vn -0.750992537 0.625893831 0.210398018
vn 0.254407287 0.948627174 -0.18810527
vn -0.0688022301 0.980831861 -0.182305798
vn -0.0705998614 0.980798125 -0.181799516
vn -0.412302434 0.898005426 -0.153600827
vn -0.413597792 0.89749527 -0.15309909
vn -0.701491117 0.704691231 -0.10639859
vn -0.702287793 0.703987837 -0.105798095
vn -0.898787379 0.43569392 -0.048499275
vn -0.875997245 0.482298583 0.00410004519
vn -0.906896412 0.420998394 0.0172999837
vn -0.893656671 0.445078462 0.0572972819
vn -0.92745775 0.368583262 0.0629971847
vn -0.922851145 0.374920815 0.0882049426
vn -0.948976159 0.296892554 0.106297374
vn -0.932117999 0.299705774 0.203303978
vn 0.206392795 0.579679906 -0.7882725
vn -0.2448975 0.61529386 -0.749292314
vn 0.0386002585 0.568603933 -0.821705461
vn 0.0150996922 0.572188497 -0.819983363
vn -0.286910951 0.230408922 -0.929835558
vn 0.0304000936 0.157800376 0.987003088
vn -0.0607999414 0.166299731 0.984199166
vn 0.114198476 0.36749503 0.922987819
vn 0.0952024013 0.360409021 0.92792362
vn 0.1472947 0.5225811 0.839769959
vn 0.414417148 0.669627726 0.616325617
vn 0.245306656 0.6554178 0.714319527
vn 0.0377000906 0.57710135 0.815802097
vn 0.116603658 0.843626499 0.524116635
vn 0.675036669 0.430123329 0.599432647
vn 0.733290613 0.350695491 0.58249265
vn 0.478006572 0.808911204 0.342304826
vn 0.608588219 0.735485733 0.297794342
vn 0.349805444 0.917414308 0.189703092
vn 0.597119093 0.797625601 -0.0851026326
vn 0.580221534 0.810330212 -0.081902951
vn 0.393811822 0.917327642 0.0585018732
vn 0.479899555 0.454199702 -0.750599325
vn 0.305914223 0.688432157 -0.657630563
vn 0.400707573 0.787715077 -0.467908829
vn 0.572917581 0.668920636 -0.473614514
vn 0.325089633 0.899671376 -0.291390598
vn 0.109701149 0.67120719 -0.733107686
vn 0.24000448 0.447808534 -0.861316144
vn 0.155100897 0.402902484 -0.902005255
vn 0.35689801 0.0857996345 -0.930194914
vn -0.298812687 0.430018425 -0.851936221
vn 0.202898115 -0.00419984432 -0.979191005
vn 0.0181993265 -0.0337986313 -0.999263048
vn -0.00509985629 0.0320989788 0.999471843
vn 0.0507990308 -0.123197548 -0.991081238
vn -0.0545007512 -0.502406895 -0.862912118
vn 0.300084621 -0.495774537 -0.814958394
vn -0.107700996 -0.171901509 -0.979209185
vn 0.233103558 -0.965314865 0.1176017
vn -0.0126000959 -0.999907732 0.00509992056
vn 0.520116568 -0.828026414 -0.209406793
vn 0.447897285 -0.87179476 -0.198398933
vn 0.116698682 -0.911889732 -0.393495709
vn 0.33999908 -0.740897954 -0.579198539
vn 0.403791249 -0.724984288 -0.557988048
vn 0.176299706 -0.689298868 -0.702698946
vn 0.342582226 -0.76916033 0.539471984
vn 0.401088238 -0.7348786 0.546883941
vn -0.266293555 -0.924277782 0.27349329
vn 0.161002517 -0.90701437 0.389106005
vn 0.17559959 -0.964097798 0.199199438
vn -0.149396509 -0.210195214 0.966177523
vn 0.324785113 -0.0827963203 0.942156911
vn 0.00350011955 -0.360812455 0.93263191
vn 0.167203844 -0.555813015 0.814318776
vn 0.486406177 -0.404405266 0.774509907
vn -0.0719989315 -0.718789577 0.691489816
vn -0.85519886 -0.0287999045 -0.517499387
vn -0.555083752 -0.0368988253 -0.830975711
vn -0.990907371 -0.0624004565 -0.119200908
vn -0.992684364 -0.109298289 -0.0512992106
vn -0.990151107 -0.109294608 -0.0874956995
vn -0.978331149 -0.175905615 -0.109203517
vn -0.985340178 -0.15920651 -0.0613025241
vn -0.975824237 -0.204805106 -0.0763019323
vn -0.98440659 -0.173501179 -0.029000219
vn -0.973454118 -0.221012309 -0.059503343
vn -0.980619252 -0.195103839 -0.0179003738
vn -0.978305221 -0.206201121 -0.0200001337
vn -0.977924407 -0.208705232 0.010300233
vn -0.980028152 -0.198705733 0.00780020095
vn -0.981071115 -0.188394487 0.044798661
vn -0.989819765 -0.141802847 0.0122002289
vn -0.984822452 -0.152103499 0.0836018994
vn -0.995723486 -0.090302147 0.0195004512
vn -0.807995319 -0.156599179 0.56799674
vn -0.325990677 -0.138496175 0.935173333
vn -0.103596888 -0.125496358 0.986670494
vn -0.102296844 -0.124996275 0.986869633
vn -0.0775050148 -0.367823958 0.926660001
vn -0.328797162 -0.521595716 0.787293315
vn -0.0532992892 -0.455794066 0.888488173
vn -0.0136006679 -0.715935349 0.698034286
vn -0.110396445 -0.737576485 0.666178524
vn 0.0250998382 -0.826894879 0.561796308
vn 0.0460004769 -0.921809733 0.384903938
vn 0.0131998518 -0.926689804 0.375595748
vn 0.0748999417 -0.97769928 0.196199745
vn 0.0380003154 -0.999108434 0.0184000358
vn 0.0839040279 -0.99644798 0.00720022805
vn -0.0935967043 -0.236691579 -0.967066109
vn 0.061499659 -0.540496886 -0.839095473
vn 0.0159008577 -0.555229843 -0.831545055
vn 0.0353006087 -0.70901221 -0.704312265
vn -0.0301016867 -0.796844721 -0.603434026
vn 0.0604005754 -0.807907641 -0.586205721
vn 0.0772028565 -0.942034841 -0.326512218
vn -0.201494113 -0.905073643 -0.374489218
vn 0.0840000883 -0.968601048 -0.2340004
vn -0.275800705 0.0147001538 -0.961102545
vn -0.0570005849 -0.0112999985 -0.998310387
vn 0.129797846 -0.146997437 -0.980583727
vn -0.733734131 -0.0980044901 -0.672331333
vn -0.93949765 -0.167699561 -0.298699319
vn -0.936866403 -0.134495139 -0.322788477
vn -0.932900548 -0.167900085 -0.318600237
vn -0.929967642 -0.164494261 -0.328788608
vn -0.919087708 -0.283396214 -0.27379638
vn -0.914704978 -0.283901542 -0.28760165
vn -0.906077743 -0.370190948 -0.204895034
vn -0.901886344 -0.374094367 -0.215996817
vn -0.896835625 -0.426416993 -0.117704749
vn -0.894139826 -0.43061918 -0.122805536
vn -0.893902302 -0.448101223 -0.0120000867
vn -0.89527607 -0.445388168 -0.0104997735
vn -0.899134219 -0.425716251 0.101603828
vn -0.905103385 -0.412701607 0.102300353
vn -0.914116323 -0.352006346 0.20120357
vn -0.920880795 -0.336993039 0.195995897
vn -0.93273145 -0.242208228 0.267109007
vn -0.936784029 -0.233396083 0.260695547
vn -0.946675718 -0.136396542 0.291892529
vn -0.990154445 -0.0810962915 0.114094757
vn -0.763718963 -0.138503388 -0.630515754
vn -0.753588319 -0.222096518 -0.618690491
vn -0.746404529 -0.21820128 -0.628703892
vn -0.726076841 -0.436886042 -0.53098315
vn -0.716255128 -0.43653363 -0.544441998
vn -0.69919467 -0.59709549 -0.393197119
vn -0.690592408 -0.600093424 -0.403695673
vn -0.680163026 -0.69996202 -0.217788294
vn -0.675234199 -0.703335702 -0.222211391
vn -0.67479831 -0.737998188 -0.0025000819
vn -0.677511096 -0.735512078 -0.000900102488
vn -0.685112894 -0.692913115 0.224704161
vn -0.696303189 -0.681503236 0.225200966
vn -0.715209365 -0.559907436 0.418305457
vn -0.728383303 -0.546487629 0.41329056
vn -0.752708793 -0.36530441 0.547706425
vn -0.760955453 -0.35732615 0.541539431
vn -0.780799031 -0.136899918 0.609599352
vn -0.926811576 -0.119801551 0.35590446
vn -0.518618524 0.0364014097 -0.854230702
vn -0.498282403 -0.247391194 -0.830970764
vn -0.488610148 -0.243904993 -0.837717533
vn -0.459505677 -0.530806541 -0.71210891
vn -0.445912898 -0.529415309 -0.721721053
vn -0.42111671 -0.740029395 -0.524420917
vn -0.409691274 -0.741184175 -0.531788766
vn -0.394592017 -0.873182356 -0.286094308
vn -0.388892412 -0.874782979 -0.288994461
vn -0.388096958 -0.921592832 0.00689983647
vn -0.391600281 -0.920100749 0.007999897
vn -0.404086113 -0.859470606 0.313089192
vn -0.417918354 -0.852637529 0.313613713
vn -0.446302921 -0.688204706 0.572003782
vn -0.463689834 -0.679485202 0.568587542
vn -0.498668373 -0.438572347 0.747652531
vn -0.509920418 -0.433117509 0.743229806
vn -0.537517786 -0.155305266 0.82882756
vn -0.66319257 -0.137598574 0.735691845
vn -0.299197227 -0.000499881688 -0.954191267
vn -0.27719003 -0.247591019 -0.928366661
vn -0.267012179 -0.245711148 -0.931842685
vn -0.232393652 -0.560784698 -0.794678509
vn -0.217698082 -0.559695065 -0.799593151
vn -0.188708246 -0.790234447 -0.583025634
vn -0.176899284 -0.79039681 -0.586497784
vn -0.15929386 -0.935464084 -0.315487981
vn -0.153405651 -0.936034501 -0.316711813
vn -0.152404219 -0.988227546 0.0134002557
vn -0.15599373 -0.987660408 0.0138993254
vn -0.172797889 -0.91848892 0.355695516
vn -0.186999187 -0.915896118 0.355198324
vn -0.221195579 -0.732185543 0.644187152
vn -0.239888549 -0.728765428 0.641369402
vn -0.280502677 -0.460804552 0.842008173
vn -0.292893976 -0.45879072 0.838882864
vn -0.325487316 -0.138394743 0.93536365
vn -0.495606154 -0.143501908 0.856610775
vn -0.994881988 -0.0716987029 -0.0711987242
vn -0.992770433 -0.116296545 -0.0296991318
vn -0.989404559 -0.143800676 -0.0200001094
vn -0.99349618 -0.113199584 -0.0122999679
vn -0.993115902 -0.116901889 -0.00740013365
vn -0.995230496 -0.095602937 -0.0194006078
vn -0.999317348 -0.0308005363 -0.0204003602
vn -0.995768309 -0.0696977973 0.0598980933
vn -0.999499857 -0.0162999965 -0.0271000024
vn -0.999758422 -0.0191992037 -0.0106995581
vn -0.999851346 -0.0166991893 0.00429978967
vn -0.994624078 -0.103202514 -0.00850021932
vn -0.998990834 -0.0438996032 -0.00949991867
vn -0.999535739 -0.017700633 -0.0248008929
vn -0.835977018 0.271692604 -0.476786882
vn -0.988895297 0.0944995508 0.114699483
vn -0.982912362 0.173102185 0.0626008213
vn -0.976948678 0.185409248 0.105805315
vn -0.851053774 0.434227467 0.295218736
vn -0.953197956 -0.0144999344 -0.30199936
vn -0.465409636 0.107702345 -0.878518283
vn -0.559313476 0.0754019246 -0.825520039
vn -0.632872641 0.0784967095 -0.770266771
vn -0.740389764 0.0565993041 -0.669790804
vn -0.504202306 0.741003513 -0.443502009
vn -0.0479998589 0.735798001 -0.675497949
vn -0.0502994955 0.550994635 -0.832991719
vn 0.0109999897 0.939999163 0.340999812
vn -0.120297581 0.144396991 0.982180357
vn -0.657989144 0.0935983807 0.747187793
vn -0.51121676 0.115703702 0.851628006
vn -0.494288355 0.121397041 0.860779822
vn -0.342603713 0.139201432 0.929110229
vn -0.306309283 0.146904349 0.940528572
vn -0.158005163 0.150304794 0.975931942
vn -0.993639886 0.000199994611 0.112604529
vn -0.935193956 0.00519992504 0.354097754
vn -0.851272225 0.0599979833 0.521283031
vn -0.822735608 0.0543022901 0.565824568
vn -0.676513612 0.0858016461 0.731414735
vn -0.981914222 0.170502499 -0.0823011771
vn -0.9730739 0.224294007 -0.0530985594
vn -0.835054815 0.534271181 -0.13129285
vn -0.83750844 0.536705494 0.102601118
vn -0.632101893 0.758102298 0.160400584
vn -0.63847816 0.753374338 0.157394722
vn -0.448298067 0.873196304 0.191199318
vn -0.457011223 0.869321465 0.188204765
vn -0.232406795 0.948827803 0.213806391
vn -0.278598428 0.803495467 0.526097119
vn -0.0752007589 0.808908165 0.583106101
vn -0.280215412 0.784343123 0.553430557
vn -0.0354010463 0.567916751 0.822324514
vn 0.21760574 0.522313714 0.824521899
vn -0.314098388 0.518197238 0.795496106
vn -0.285608321 0.518415034 0.806023598
vn -0.505203724 0.471203387 0.723005354
vn -0.570199847 0.460799783 0.680099905
vn -0.670885503 0.40069133 0.623986661
vn -0.846640706 0.291813999 0.44502148
vn -0.86048305 0.270894647 0.431491584
vn -0.984140873 0.0964040011 0.148906216
vn -0.988697171 -0.00989999063 0.149599582
vn -0.980603158 0.19570066 -0.0109000131
vn -0.973550081 0.226388425 0.0307984501
vn -0.841533065 0.530020833 0.104404174
vn -0.838621378 0.455311656 0.299007714
vn -0.634291887 0.63449192 0.441694528
vn -0.572819054 0.662322044 0.482916206
vn -0.456792444 0.729287922 0.509391665
vn -0.250907332 0.787223041 0.563316703
vn -0.244401455 0.946505725 0.210701406
vn -0.316399246 0.926497877 0.203699648
vn 0.00860013068 0.992615163 0.121001966
vn -0.0715996474 0.178699255 -0.981295347
vn 0.147896275 0.159996107 -0.975975573
vn -0.230693728 0.510786295 -0.828177512
vn -0.267200559 0.506001234 -0.820101798
vn -0.00669991365 0.94108808 -0.338095546
vn -0.0117001329 0.799609303 -0.600406766
vn -0.242201984 0.779706538 -0.577404678
vn -0.270994216 0.771083713 -0.57618767
vn -0.450879604 0.718067706 -0.530176044
vn -0.567080975 0.650778294 -0.504883051
vn -0.629617095 0.62311703 -0.464012593
vn -0.846993566 0.430996805 -0.311197579
vn -0.28179583 0.130298212 -0.950586081
vn -0.274311483 0.129805565 -0.952839971
vn -0.291689396 0.498782009 -0.816170394
vn -0.485482752 0.45588398 -0.745973468
vn -0.556295037 0.444996178 -0.70179373
vn -0.654105484 0.387503356 -0.649605513
vn -0.848615587 0.26900503 -0.455508441
vn -0.834076047 0.0440988056 -0.54988426
vn -0.855964005 0.0239990558 -0.5164783
vn 0.0113004809 0.992242277 -0.123805158
vn -0.315405548 0.92331636 -0.219103783
vn -0.228800014 0.946900189 -0.22589992
vn -0.243392676 0.942871809 -0.227493078
vn -0.445590913 0.870882332 -0.207395688
vn -0.458208442 0.864116013 -0.208203748
vn -0.629912078 0.755614638 -0.179603383
vn -0.640210807 0.746812701 -0.180002972
vn -0.841975689 0.525284946 -0.123096399
vn -0.833631217 0.441316634 -0.332112432
vn -0.975099862 0.180100009 -0.129399985
vn -0.989600658 0.060500063 -0.130500108
vn -0.976545274 0.123305753 -0.176508173
vn -0.985575676 -0.00899975933 -0.168995842
vn -0.992337823 -0.0306011569 -0.119704582
vn -0.012399313 0.147091746 0.989045262
vn -0.0266993847 0.148996472 0.988477349
vn 0.0175997298 0.524891913 0.850987077
vn -0.280989528 0.550579488 0.786070883
vn 0.233794481 0.76058203 0.60568589
vn -0.0190997552 0.829289496 0.558493018
vn 0.208899781 0.926899076 0.311799824
vn 0.34030813 0.879221082 0.333408117
vn 0.214797139 0.973587096 -0.0773988515
vn 0.401020557 0.908846736 -0.114805788
vn 0.0193010103 0.992452025 0.121106476
vn 0.0537001491 0.729002178 -0.682401896
vn 0.037998341 0.734568119 -0.677470446
vn 0.159505978 0.870332778 -0.465917408
vn 0.496115357 0.729522705 -0.470814556
vn 0.0627976581 0.938765109 -0.338787287
vn 0.054202158 0.680727303 -0.73052907
vn 0.0517998412 0.658498168 -0.750797749
vn -0.0862026215 0.549816906 -0.830825388
vn 0.246908918 0.469817072 -0.847530663
vn -0.365483314 0.0949957818 -0.925957859
vn 0.024699023 0.184292853 -0.982561231
vn -0.0339995585 -0.0950986594 -0.994887173
vn 0.032701768 -0.125506684 -0.991553783
vn -0.101702265 -0.337207437 -0.935921013
vn 0.163591415 -0.507373333 -0.846055746
vn 0.116302431 -0.514910698 -0.849317908
vn -0.48933056 -0.654340804 -0.576536119
vn 0.416409105 -0.669414639 -0.615213573
vn -0.504086316 -0.792278528 -0.34379077
vn -0.321595937 -0.858289182 -0.399895072
vn -0.0710021257 -0.97472918 -0.211806461
vn -0.201106966 -0.977233946 -0.0676024631
vn 0.167399138 -0.98459506 0.050499633
vn -0.404883355 -0.876864076 0.259189248
vn -0.165298045 -0.926189244 0.338895917
vn -0.0895010233 -0.858110011 0.505605698
vn -0.122500524 -0.861303806 0.493102044
vn -0.116603136 -0.750920355 0.650017381
vn 0.135093778 -0.725466669 0.674868882
vn -0.245491132 -0.533680916 0.809270859
vn 0.136797085 -0.457390398 0.878681302
vn -0.0767019689 -0.36580953 0.927523851
vn -0.0320994891 -0.144497842 0.988984466
vn -0.0196006261 -0.151704982 0.988231659
vn -0.964224219 0.243706122 0.10430266
vn -0.964098394 0.248199597 0.0943998918
vn -0.941045344 0.241785958 0.236586317
vn -0.8719396 0.197708935 0.447920412
vn -0.882026613 0.193105802 0.429813057
vn -0.919462085 0.0467980281 0.390383959
vn -0.972116232 0.167902797 0.163702756
vn -0.983743727 0.161607191 0.0783035085
vn -0.367297888 -0.0362999067 0.929394841
vn -0.519202888 -0.00890015159 0.85460484
vn -0.08030352 -0.133105963 0.987843335
vn -0.0644966215 -0.618467808 0.783159077
vn -0.461786509 -0.239393145 0.854075193
vn -0.228104562 -0.37620765 0.898018003
vn -0.158496633 -0.120497577 0.979979336
vn -0.220793188 -0.088797383 0.971270144
vn -0.244293183 -0.453587264 -0.857076287
vn -0.215002522 -0.666307807 -0.714008451
vn -0.312694967 -0.656889439 -0.686089098
vn -0.159000412 -0.898802459 -0.408501238
vn -0.189897642 -0.895688951 -0.402095199
vn -0.286597431 -0.955691576 -0.0671995133
vn -0.351391733 -0.935078204 -0.0463990271
vn -0.126795605 -0.953567028 0.273190439
vn -0.267012954 -0.91524452 0.30171454
vn -0.256106257 -0.82692039 0.50061214
vn -0.414787024 -0.697878361 0.583881736
vn -0.269697458 -0.716993451 0.642793894
vn -0.235293671 -0.536585689 0.810378253
vn -0.170108229 -0.0624029078 -0.983447671
vn -0.722814083 0.102402084 -0.683413327
vn -0.538977563 0.0440982729 -0.841165125
vn -0.473597527 0.00900005829 -0.880695462
vn -0.388311744 -0.00059990841 -0.921527982
vn -0.310100287 -0.0239999127 -0.950401008
vn -0.160203621 -0.0622012913 -0.985122323
vn -0.97138834 0.217097431 -0.0962988287
vn -0.975365877 0.209392712 -0.0693975613
vn -0.956378102 0.211995184 -0.200995401
vn -0.898985505 0.181297153 -0.398693621
vn -0.896016061 0.174003184 -0.408507317
vn -0.816879392 0.140696526 -0.559385955
vn -0.718374968 0.0975966975 -0.688776076
vn -0.94172138 -0.0637014881 0.330307543
vn -0.958007097 -0.135701045 0.252601892
vn -0.952417076 -0.161002919 0.258804619
vn -0.967749059 -0.219288498 0.123993449
vn -0.963278294 -0.239494652 0.121397249
vn -0.967276156 -0.253093779 -0.0178995896
vn -0.966121018 -0.257305622 -0.0201004688
vn -0.959302366 -0.225700572 -0.169700474
vn -0.96356976 -0.214993268 -0.159095049
vn -0.945777357 -0.125496969 -0.299592882
vn -0.953988492 -0.114798591 -0.276996702
vn -0.752889216 -0.125398308 0.646090806
vn -0.795266092 -0.264588803 0.545476675
vn -0.791399002 -0.275499731 0.545699298
vn -0.816825747 -0.393212497 0.422113329
vn -0.801995218 -0.417397618 0.427297473
vn -0.828210413 -0.520106614 0.208702594
vn -0.81680572 -0.538803816 0.206201419
vn -0.824077249 -0.565584421 -0.0317991935
vn -0.821426213 -0.569318235 -0.0337011479
vn -0.809620798 -0.514713228 -0.282107323
vn -0.818998456 -0.504799068 -0.272799581
vn -0.791793108 -0.359896839 -0.493495792
vn -0.808811605 -0.349005014 -0.473306894
vn -0.456578732 -0.0065997988 0.88965863
vn -0.521981418 -0.260290861 0.812271118
vn -0.51029104 -0.269495398 0.816685736
vn -0.557978809 -0.445283234 0.700273335
vn -0.551116884 -0.455214083 0.699321389
vn -0.580578625 -0.605277836 0.544579923
vn -0.557024658 -0.625327826 0.546524286
vn -0.585433841 -0.764044285 0.271115631
vn -0.568808258 -0.777511418 0.268203855
vn -0.576028049 -0.81633991 -0.042202156
vn -0.573300302 -0.818200529 -0.043300122
vn -0.55930531 -0.745207071 -0.363103539
vn -0.574005425 -0.737607062 -0.355603456
vn -0.543728471 -0.552628994 -0.631633282
vn -0.568202376 -0.544702291 -0.616802692
vn -0.300700426 -0.0620002039 0.951701403
vn -0.371213973 -0.327612489 0.868832767
vn -0.356495082 -0.333395541 0.872788012
vn -0.403588265 -0.524784923 0.749478161
vn -0.393796653 -0.528895736 0.751793683
vn -0.424493045 -0.693188846 0.582490444
vn -0.397088557 -0.705279827 0.587283075
vn -0.423579693 -0.858458996 0.28918609
vn -0.4047997 -0.86689955 0.290899724
vn -0.410910934 -0.910524368 -0.0458013341
vn -0.409279346 -0.911254168 -0.0458977968
vn -0.396002769 -0.832805872 -0.386802852
vn -0.412594944 -0.825789928 -0.384495437
vn -0.383310527 -0.632017374 -0.673518598
vn -0.409091204 -0.622286677 -0.667385817
vn -0.69163394 0.0930044875 0.716235161
vn -0.709271729 0.0914962813 0.698972225
vn -0.760573745 -0.115596101 0.638878047
vn -0.915892661 0.0360996686 0.399796873
vn -0.942595959 -0.0523998216 0.329798639
vn -0.984822392 0.152703494 0.0825019032
vn -0.992920339 0.0713014603 0.0950019658
vn -0.995009124 0.0886008218 0.0459004343
vn -0.998493433 0.0388997458 0.0386997536
vn -0.998604774 0.0528002605 0.000800010224
vn -0.999270439 0.037598893 -0.00669979816
vn -0.996793687 0.0534996763 -0.0594996251
vn -0.996317983 0.0770014077 -0.0377006792
vn -0.984489679 0.0845991448 -0.153698385
vn -0.989129186 0.141504183 -0.0400011651
vn -0.980971217 0.148395672 -0.125196338
vn -0.925763249 0.0197992604 -0.377585083
vn -0.93371135 0.0211003013 -0.357404381
vn -0.767010152 -0.138501778 -0.626508355
vn -0.781516671 -0.136302844 -0.608813047
vn -0.520297289 -0.281098515 -0.806396067
vn -0.539803386 -0.279301703 -0.794105172
vn -0.361212313 -0.347711802 -0.865229666
vn -0.381392837 -0.341593534 -0.858984113
vn -0.378487736 -0.342588812 -0.859872282
vn -0.215695426 -0.31049335 -0.925780535
vn -0.977857828 0.208891019 -0.0125994328
vn -0.952221036 0.292606533 -0.0875019059
vn -0.942472339 0.329090416 -0.0586982444
vn -0.979728878 0.199905902 0.0130004091
vn -0.978020608 0.208504423 -0.00130000268
vn -0.970975578 0.237794057 0.0256993845
vn -0.95192039 0.306106597 -0.0121002244
vn -0.953010559 0.302803397 -0.00900006387
vn -0.943427086 0.33030951 0.0290008727
vn -0.944399893 0.327899992 0.0243000388
vn -0.945729733 0.32351023 0.030601006
vn -0.955491006 0.294997245 0.0037000007
vn -0.963285863 0.252296329 0.0917986855
vn -0.97081691 0.237704188 0.0318005905
vn -0.972540915 0.22910966 0.0409017466
vn -0.973814309 0.213103145 0.0792011917
vn -0.956911206 0.290003419 -0.0148001406
vn -0.456293523 0.790988863 0.407594353
vn 0.0502015986 0.202806368 0.977931261
vn 0.25389865 0.962395072 0.0965996236
vn 0.222906932 0.910528421 -0.348210722
vn 0.0953981131 0.738485575 -0.667486787
vn -0.930709898 0.360203862 -0.0635006353
vn -0.927364588 0.311488122 0.207292154
vn -0.936383128 0.336193979 0.100798234
vn -0.902507842 0.412103593 0.125101149
vn -0.896253884 0.43437764 0.0896954387
vn -0.88958627 0.444393218 0.105598442
vn -0.919308662 0.384203672 -0.0852007642
vn -0.949140906 0.296612859 -0.105604529
vn -0.95627588 0.283692837 -0.0710981712
vn -0.860131145 0.316611558 -0.399914503
vn -0.107701026 0.323703259 -0.940008998
vn -0.489911199 0.228405371 -0.841319382
vn -0.350402504 0.149401203 -0.92460674
vn 0.256510973 0.000100119505 -0.966541469
vn -0.103205696 0.193010777 -0.975753963
vn 0.0875985473 0.718788266 -0.689688563
vn 0.077800937 0.7076087 -0.702308476
vn -0.048099488 0.603393793 -0.7959916
vn -0.0152006429 0.58962512 -0.807534218
vn -0.0371978506 0.410176426 -0.911247373
vn -0.0249001868 0.986607492 -0.161201105
vn 0.222897902 0.83499217 0.503095448
vn 0.245307386 0.912627518 0.327009976
vn -0.0426003225 -0.0130002201 0.999007761
vn -0.399201304 0.26410079 0.878003061
vn -0.13550365 0.186704949 0.973026335
vn -0.117399156 0.178598627 0.976893127
vn -0.914278448 0.331092179 0.233394563
vn -0.832501769 0.331500709 0.443901032
vn -0.830516458 0.3327066 0.446708947
vn -0.628097117 0.311198533 0.713196874
vn -0.624096453 0.311898142 0.716396034
vn -0.439698339 0.266498923 0.857696891
vn -0.418302029 0.264301211 0.869004369
vn -0.2873936 0.227594838 0.930379391
vn -0.268396616 0.224897072 0.936688244
vn -0.893176794 0.448388398 0.034399163
vn -0.875203311 0.480301887 0.0577002838
vn -0.729200363 0.633800387 0.258000225
vn -0.721097827 0.642198145 0.259999335
vn -0.701471508 0.704771399 0.105995789
vn -0.875997245 0.482298583 -0.00409993064
vn -0.870726824 0.488815099 -0.0538016073
vn -0.916565359 0.399284989 -0.0218991265
vn -0.703544497 0.707044899 -0.0715044588
vn -0.702207267 0.704007328 0.106201202
vn -0.412207693 0.898116827 0.153202981
vn -0.444894344 0.796789885 0.408894926
vn -0.122597001 0.851879239 0.509187698
vn 0.136297584 0.961283028 0.239495903
vn 0.0282007214 0.982125223 0.186104894
vn -0.0980027467 0.978027582 -0.184005067
vn -0.153704852 0.854427218 -0.496315688
vn -0.489604414 0.790807188 -0.367303252
vn -0.56008631 0.607185304 -0.563586235
vn -0.574497402 0.600497365 -0.556197524
vn -0.665275455 0.31908831 -0.674975097
vn -0.764748216 0.319978446 -0.559262156
vn 0.0974037796 0.840032756 -0.533720613
vn 0.047799632 0.842993617 -0.535795748
vn -0.373395413 0.374795556 -0.848589599
vn -0.43200466 0.168401927 -0.886009574
vn 0.248505861 0.967222869 -0.052201122
vn 0.0977969319 0.973569572 -0.20639345
vn -0.174493685 0.856769145 -0.485282391
vn -0.264007837 0.630718887 -0.729721665
vn -0.281411231 0.628025234 -0.725528896
vn -0.371493489 0.373293608 -0.850085139
vn -0.789826334 0.383412868 -0.478715986
vn -0.685659945 0.226886854 -0.691659629
vn 0.20640476 0.579613328 0.788318276
vn 0.251194537 0.70878464 0.659185827
vn 0.113104627 0.78813225 0.605024934
vn 0.0389001667 0.844903708 0.53350246
vn -0.0705021322 0.980729759 0.182205647
vn -0.0817978606 0.978274584 -0.19049494
vn -0.431899369 0.892298877 -0.131399721
vn -0.471900761 0.794501424 -0.382200599
vn -0.748798311 0.630298674 -0.204999492
vn -0.79238075 0.51248765 -0.330891937
vn -0.802207828 0.502704978 -0.322103113
vn -0.86036092 0.316785693 -0.399281889
vn -0.144897565 0.602589846 0.784786999
vn -0.204609886 0.616829813 0.760036886
vn -0.308403641 0.611807227 0.728408694
vn -0.520297825 0.600197494 0.607497573
vn -0.538581967 0.592480123 0.599080026
vn -0.766560555 0.518273294 0.37918061
vn -0.778198004 0.507598758 0.369799167
vn -0.901634812 0.402915597 0.157206118
vn -0.922995448 0.363598228 0.125999451
vn 0.122992977 0.414176285 0.901848674
vn -0.244806752 0.615417004 0.749220788
vn 0.0158008095 0.574229419 0.818542123
vn 0.0380993932 0.566490889 0.823186994
vn -0.10869772 0.853882134 0.508989513
vn -0.0689012632 0.980918109 0.181803465
vn -0.413609505 0.897420704 0.153503656
vn -0.417798728 0.897797346 -0.139299482
vn -0.713508546 0.697808444 -0.063000679
vn -0.736997247 0.638397753 -0.221999139
vn -0.932304561 0.299601555 -0.202601001
vn 0.00499989279 -0.0748985186 0.997178733
vn -0.0108995354 -0.0237991083 0.999657452
vn 0.282287806 0.087196134 0.955358863
vn 0.168407813 0.160607368 0.972545266
vn 0.165904462 0.399210632 0.901724398
vn 0.25649482 0.408491641 0.875982404
vn 0.155393824 0.596576333 0.787368953
vn 0.298693359 0.578687131 0.758883238
vn 0.303507954 0.689318061 0.657817364
vn 0.567495346 0.672694445 0.474796236
vn 0.42348969 0.74208194 0.519587457
vn 0.370509595 0.870222569 0.324708521
vn 0.376211762 0.924729049 -0.0578017049
vn 0.449499071 0.87899828 0.159099787
vn 0.74837774 0.659880459 0.0669981018
vn 0.48571679 0.842929184 0.231408134
vn 0.461496741 0.86589402 -0.192998573
vn 0.616110027 0.750012279 -0.240603849
vn 0.328307986 0.875521421 -0.354508519
vn 0.321711451 0.848630369 -0.419914901
vn 0.290603787 0.78311044 -0.549807072
vn 0.409395218 0.713191807 -0.56899333
vn 0.240093216 0.694080591 -0.678680778
vn 0.22270228 0.678007126 -0.700507164
vn 0.218891233 0.668073416 -0.711171508
vn 0.216808036 0.666024864 -0.713726401
vn 0.166507006 0.538922846 -0.825734735
vn 0.260998428 0.486997187 -0.833495021
vn 0.0955019891 0.373207897 -0.922819257
vn 0.0451988801 0.156296253 -0.98667568
vn 0.0304000936 0.157800615 -0.987003088
vn 0.00430019712 -0.116805255 -0.993145645
vn 0.161897525 -0.134597838 -0.977585196
vn -0.00539989397 -0.361692816 -0.932281792
vn 0.242802769 -0.499305665 -0.831709683
vn 0.40207383 -0.72825259 -0.554964006
vn -0.103494041 -0.711659074 -0.694860101
vn 0.38099733 -0.432096899 -0.817394435
vn 0.386879295 -0.902951777 0.18708989
vn 0.526190579 -0.824385405 0.2085962
vn -0.243196175 -0.96508491 -0.0972985998
vn 0.298902541 -0.954208255 -0.012000218
vn 0.0851001143 -0.945601285 -0.314000577
vn -0.122306399 -0.928648651 -0.350218475
vn 0.372881562 -0.746363103 -0.55127281
vn 0.0382997952 0.0306997206 0.998794734
vn -0.0920032486 -0.170606151 0.981034756
vn 0.022200074 -0.181700751 0.983103395
vn 0.147900417 -0.528101683 0.836202383
vn 0.147794798 -0.528181553 0.836170673
vn 0.137897745 -0.696088791 0.704588473
vn 0.262210101 -0.790130615 0.554021299
vn 0.414419621 -0.720634282 0.555826306
vn 0.11190328 -0.912526906 0.393411458
vn -0.988636255 -0.13930513 -0.0565020926
vn -0.991806209 -0.127600819 -0.00620005513
vn -0.980715275 -0.189902961 -0.0462007448
vn -0.986286342 -0.164797738 0.00899985619
vn -0.979195237 -0.202199027 -0.017099943
vn -0.979632854 -0.200006738 0.0178005733
vn -0.979854584 -0.198890805 0.0180991385
vn -0.977368534 -0.20749335 0.0411986522
vn -0.984181941 -0.173296839 0.0367993079
vn -0.98805958 -0.0417983122 0.148293957
vn -0.992829323 -0.104303107 0.0584017225
vn -0.989398837 -0.116799884 0.0862998888
vn -0.986056507 -0.152893275 0.0656970963
vn -0.988503754 -0.141300559 0.0538001955
vn -0.978395581 -0.195099145 0.0683996752
vn -0.646398127 -0.0390999839 0.761997938
vn -0.790810704 -0.141802013 0.595408082
vn 0.129699528 -0.146999598 0.980596483
vn -0.0270994939 -0.0331995003 0.999081433
vn -0.0935967043 -0.236691818 0.967066109
vn 0.0667016134 -0.549813449 0.832620203
vn 0.0145998001 -0.545492709 0.837988555
vn 0.025198359 -0.826846242 -0.561863601
vn 0.048100315 -0.92960614 -0.36540252
vn 0.111896053 -0.91786772 -0.380786747
vn 0.035501793 -0.999350488 -0.00620043278
vn 0.0837000161 -0.99630028 -0.0195001252
vn 0.0838988274 -0.968586564 0.234096646
vn -0.0851978362 -0.943276227 0.320891768
vn 0.0736001655 -0.916502237 0.393200845
vn 0.0585000925 -0.791701436 0.608100891
vn -0.0439016931 -0.813131511 0.580422342
vn 0.03520073 -0.709014893 0.70431459
vn -0.230098203 -0.127398893 -0.96479255
vn -0.143204615 -0.711322963 -0.688122272
vn 0.0412003174 -0.729905605 -0.682305336
vn -0.0720984116 -0.514288604 -0.854581356
vn -0.224205285 -0.461910844 -0.858120441
vn -0.0775021613 -0.367910206 -0.926626027
vn -0.102000572 -0.127300605 -0.986605644
vn -0.0927949771 -0.124693148 -0.987846673
vn -0.490208268 -0.138602257 -0.860514641
vn -0.333417296 -0.131606743 -0.93354851
vn -0.718680263 -0.140096098 -0.681081414
vn -0.612095177 -0.142198801 -0.77789396
vn -0.833716869 -0.133502647 -0.535810888
vn -0.995584786 -0.0894986466 -0.0282995831
vn -0.992994547 -0.0841995403 -0.082899563
vn -0.937419176 -0.132502675 -0.322006673
vn -0.947490752 -0.115498848 -0.29819712
vn -0.935996532 -0.23849912 -0.258899093
vn -0.932975531 -0.237693772 -0.270292968
vn -0.919699132 -0.342699707 -0.191599891
vn -0.914302886 -0.347901136 -0.207400724
vn -0.904274225 -0.415788203 -0.0969973058
vn -0.898999751 -0.424499929 -0.107700042
vn -0.895160317 -0.445580304 0.0120994123
vn -0.89381808 -0.448309124 0.0104001584
vn -0.894306242 -0.431203067 0.119500794
vn -0.897118926 -0.425009072 0.120602518
vn -0.901855826 -0.37718159 0.210689664
vn -0.906849027 -0.365919888 0.209111288
vn -0.914579272 -0.288893491 0.282993585
vn -0.920014203 -0.277504355 0.276704252
vn -0.929819882 -0.169403687 0.326707006
vn -0.933569491 -0.162794739 0.319289565
vn -0.934529781 -0.155305013 0.320210218
vn -0.928357899 -0.170092359 0.330485046
vn -0.780688584 -0.15809761 -0.604591191
vn -0.760016322 -0.362207741 -0.539611697
vn -0.752824605 -0.36081174 -0.550518095
vn -0.726992965 -0.551694691 -0.408796191
vn -0.715238094 -0.555629551 -0.423922688
vn -0.695393801 -0.684093893 -0.220098138
vn -0.684892535 -0.691292524 -0.23029761
vn -0.677301168 -0.735701382 0.00259991712
vn -0.674591541 -0.73819083 0.000799902075
vn -0.675497055 -0.703997076 0.219299003
vn -0.68049252 -0.698792458 0.220497534
vn -0.690672815 -0.603276372 0.39878431
vn -0.70008868 -0.593190551 0.397493571
vn -0.716268182 -0.441780478 0.540175974
vn -0.72727257 -0.431083888 0.53407985
vn -0.746424317 -0.223207369 0.626920521
vn -0.754373908 -0.216892615 0.61957866
vn -0.768012285 -0.0671011582 0.63691026
vn -0.89388454 -0.0805986673 0.440992445
vn -0.537602246 -0.15190056 -0.829403579
vn -0.509299278 -0.436799347 -0.741499066
vn -0.498915136 -0.434913158 -0.749622881
vn -0.462707967 -0.683211744 -0.564909816
vn -0.446404815 -0.684707463 -0.576106369
vn -0.417216182 -0.854333222 -0.309912145
vn -0.403908104 -0.858117282 -0.317006499
vn -0.39139843 -0.920196354 -0.00680008344
vn -0.388093472 -0.921584606 -0.00809997506
vn -0.388985902 -0.875368416 0.287089497
vn -0.39488247 -0.872461438 0.287887186
vn -0.409804523 -0.743608415 0.528305829
vn -0.42168799 -0.737379193 0.527684987
vn -0.445768803 -0.533562839 0.718749702
vn -0.460271746 -0.526567817 0.714756131
vn -0.488498777 -0.247599512 0.836698055
vn -0.498908192 -0.243604138 0.831713855
vn -0.51729238 -0.0417994894 0.854787469
vn -0.464621812 -0.10090486 0.87974143
vn -0.32571736 -0.132406965 -0.936150014
vn -0.292600811 -0.460401177 -0.83810252
vn -0.280496448 -0.459194124 -0.842889488
vn -0.23949492 -0.730284512 -0.639786541
vn -0.221306995 -0.730623066 -0.645920515
vn -0.186706275 -0.916530848 -0.353712052
vn -0.172891542 -0.917855144 -0.357282668
vn -0.156107768 -0.987649262 -0.0134007847
vn -0.152403176 -0.988220751 -0.0139004085
vn -0.153396547 -0.936279058 0.315992802
vn -0.159400821 -0.935204923 0.316201508
vn -0.17679359 -0.791471481 0.585078716
vn -0.188895911 -0.78918314 0.584387302
vn -0.217496634 -0.561491489 0.798387647
vn -0.232789963 -0.559076011 0.795765698
vn -0.266895235 -0.247195706 0.931483507
vn -0.277400047 -0.246100187 0.928700328
vn -0.299197167 -0.000700107252 0.954191148
vn -0.258803755 -0.0247004777 0.9656142
vn -0.999760926 -0.0195992384 0.00969961938
vn -0.999465048 -0.016399432 0.0282990132
vn -0.998977363 -0.0404990874 -0.0200995523
vn -0.999837637 -0.0180006772 0.000800028036
vn -0.997884095 -0.061899025 0.0198996756
vn -0.994987667 -0.0980987996 0.019399751
vn -0.999531388 -0.02020064 0.0230007228
vn -0.998782933 -0.0483991839 0.00949983299
vn -0.99644345 -0.0838036686 0.00880037434
vn -0.994064927 -0.108696178 0.00449982844
vn -0.993156075 -0.116294876 0.0107995095
vn -0.993218184 -0.114702113 0.0190003365
vn -0.993116617 -0.115101941 0.0217003524
vn -0.9946208 -0.0962020233 0.038400799
vn -0.845376074 0.283892065 -0.45248723
vn 0.0113004809 0.992242277 0.123805396
vn 0.0109999897 0.939999282 -0.340999573
vn -0.984732449 0.0798026174 0.154705122
vn -0.983182192 0.15969713 0.0885984302
vn -0.976960063 0.173492908 0.124294959
vn -0.84747082 0.424385369 0.318889081
vn -0.349192172 0.132897139 -0.927579343
vn -0.505299151 0.116099924 -0.855098665
vn -0.493605196 0.115301326 -0.862009168
vn -0.626305521 0.0963009596 -0.773606956
vn -0.658137679 0.0945055038 -0.746942818
vn -0.731800258 0.0711001083 -0.677800298
vn -0.844611645 0.0591008812 -0.532107413
vn 0.179198861 0.554596663 -0.81259495
vn -0.424310803 0.893322885 -0.148103699
vn -0.538115799 0.797123492 0.273908168
vn -0.0443995968 0.18039827 0.982591212
vn -0.633536398 0.0821046308 0.76934433
vn -0.476020932 0.107504636 0.872838438
vn -0.465800196 0.110999964 0.877900541
vn -0.268192887 0.136996254 0.953574777
vn -0.274905115 0.135202408 0.951917887
vn 0.144295201 0.16389446 0.975867629
vn -0.942526758 -0.00900029577 0.334009498
vn -0.897500396 0.00999995321 0.440900266
vn -0.834621847 0.0470011719 0.548814416
vn -0.801903963 0.0416001379 0.596002996
vn -0.649399936 0.0753999129 0.756699979
vn 0.00940029137 0.998431087 -0.0552016012
vn -0.242206216 0.947024405 -0.210905313
vn -0.232305735 0.949323535 -0.211705148
vn -0.244807616 0.945929587 -0.212806523
vn -0.448613048 0.873425484 -0.189405441
vn -0.457102388 0.86890465 -0.189900905
vn -0.632237494 0.758345127 -0.158709347
vn -0.638508856 0.753010571 -0.159002125
vn -0.841313481 0.531008601 -0.101101577
vn -0.109703407 0.14500463 -0.983330607
vn -0.157994464 0.150094867 -0.975965917
vn -0.0453014374 0.539717317 -0.840626776
vn -0.285886854 0.52237618 -0.803363085
vn -0.246406063 0.143903688 -0.958423734
vn -0.305895478 0.142198026 -0.941386223
vn -0.314202517 0.514104307 -0.798106432
vn -0.505301952 0.471101969 -0.723002791
vn -0.570199847 0.460799962 -0.680099785
vn -0.670885503 0.400691479 -0.623986542
vn -0.859771907 0.280590922 -0.426686078
vn -0.851290882 0.0604994223 -0.521194458
vn -0.947202265 -0.00479997415 -0.320600808
vn -0.0648011193 0.828914464 -0.555609524
vn -0.239203885 0.792213082 -0.561409056
vn -0.251305491 0.790017426 -0.559212148
vn -0.280597597 0.781393468 -0.55739516
vn -0.456713289 0.729321361 -0.509414852
vn -0.572819054 0.662322164 -0.482916027
vn -0.634163857 0.634563923 -0.441774786
vn -0.850338399 0.440619975 -0.287712961
vn -0.837578118 0.451088309 -0.308191925
vn -0.0478003174 0.735804915 0.675504565
vn -0.315900087 0.763700187 0.563000321
vn -0.270901352 0.774003804 0.572303057
vn -0.980872273 0.194294527 0.0117996922
vn -0.97353369 0.222407699 0.0526018515
vn -0.842319071 0.52341193 0.128602982
vn -0.834969401 0.445683688 0.322788298
vn -0.629617095 0.62311691 0.464012712
vn -0.567013144 0.650815129 0.50491184
vn -0.450903505 0.718105614 0.53010422
vn -0.241999015 0.776796818 0.581397772
vn -0.259709269 0.53381902 0.804728925
vn -0.0503013544 0.524014056 0.850223064
vn -0.29158619 0.502276182 0.814061701
vn -0.267003655 0.502506852 0.822311461
vn -0.485406339 0.455905944 0.746009827
vn -0.556295037 0.444995999 0.701793849
vn -0.654080093 0.387588203 0.649580419
vn -0.837266266 0.278288752 0.470681131
vn -0.849012554 0.261003852 0.459406912
vn -0.983079851 0.0809983313 0.164296657
vn -0.978906512 -0.0129001122 0.20390138
vn -0.988067865 -0.0415986702 0.148295194
vn -0.0102995113 0.849259794 0.527875125
vn -0.00459993118 0.971985459 0.234996617
vn -0.24339807 0.943492591 0.224898383
vn -0.228410497 0.946343541 0.228610635
vn -0.458089232 0.864779711 0.205695301
vn -0.445591241 0.870282948 0.209896013
vn -0.639996171 0.747595608 0.177499041
vn -0.629577637 0.755273223 0.182193637
vn -0.83564949 0.534731686 0.125507504
vn -0.837157845 0.536573052 -0.106094614
vn -0.974095345 0.224098951 -0.030299833
vn -0.986322403 0.146103352 -0.0763017312
vn -0.974273682 0.207094431 -0.0888975784
vn -0.987362087 0.0864967033 -0.132794902
vn -0.986088634 0.093398951 -0.137498409
vn -0.985265136 0.00369988964 -0.170993969
vn -0.996050417 -0.0338017009 -0.0821041688
vn 0.181793705 0.521481931 0.833671331
vn -0.166094109 0.17159383 0.9710657
vn 0.0275988057 0.152893275 0.987857401
vn 0.118506171 0.863444984 0.49032566
vn 0.00640018284 0.849024355 0.528315306
vn 0.139493987 0.747567773 0.649372101
vn 0.0526009351 0.733813047 0.677312136
vn 0.0543015115 0.550415277 0.833123386
vn 0.145394817 0.965865672 0.214392498
vn 0.576004326 0.810906172 0.103200898
vn 0.0750969276 0.937861741 0.338786304
vn -0.243404865 0.555611312 -0.795015991
vn 0.285010546 0.786829352 -0.547420204
vn 0.156300634 0.801503479 -0.57720232
vn 0.0522006154 0.938211262 -0.342103928
vn 0.379090816 0.900678277 -0.212294787
vn 0.271508962 0.945831418 -0.178005785
vn 0.114204362 0.991837978 -0.0567020513
vn -0.00649976172 0.535880506 -0.844269037
vn -0.000100003381 0.15230529 -0.988333583
vn -0.0125995809 0.149595156 -0.98866719
vn -0.290485263 0.675965726 0.677265763
vn -0.853479147 0.102797434 0.510887623
vn -0.85371238 -0.027700467 0.52000761
vn -0.852981865 -0.0279994719 0.521188974
vn -0.690104604 0.64990443 0.318402231
vn -0.767783046 0.585587144 0.259994358
vn -0.736097574 0.58199805 0.345598936
vn -0.761102498 0.542401791 0.355701238
vn -0.764683425 0.474889696 0.435590684
vn -0.738425791 0.489017099 0.464316368
vn -0.853354335 0.331421137 0.402425706
vn -0.674378157 0.680878043 0.285690874
vn -0.59299612 0.686195612 0.421297371
vn -0.330883592 0.655067503 0.679266453
vn -0.259403676 0.66650939 0.698909998
vn -0.140697032 0.517589033 0.843982339
vn -0.205799341 0.548398137 0.810497582
vn -0.177909464 0.432622939 0.883847177
vn -0.204207972 0.444417298 0.872234225
vn -0.120403729 0.307409436 0.943929434
vn -0.175502688 0.316504806 0.932214499
vn -0.120901778 0.241203457 0.962914288
vn -0.134503037 0.199504405 0.970622063
vn -0.21439895 0.186398998 0.958795428
vn -0.105997331 0.154596001 0.982275367
vn -0.104797743 0.120397292 0.987178862
vn -0.275000215 0.061099939 0.959500849
vn -0.0340006873 0.0663012266 0.997220278
vn -0.777210891 -0.16760245 0.606508613
vn -0.563310981 0.00690003671 0.826216221
vn -0.625011027 -0.151802793 0.765713632
vn -0.263188809 0.0633971989 0.96265918
vn -0.33330071 -0.0569002405 0.941102147
vn -0.353882521 0.0370980613 0.934553981
vn -0.317493796 0.0546988212 0.946681559
vn -0.32169497 0.163697347 0.932585597
vn -0.299099773 0.187099755 0.935699344
vn -0.881000996 -0.15180026 0.448100537
vn -0.84537369 -0.135195866 0.516783953
vn -0.830402493 -0.113400422 0.545501709
vn -0.643529713 -0.0740035176 0.761835337
vn -0.538777351 0.0406981893 0.841464698
vn -0.626307547 -0.0102002174 0.779509485
vn -0.633511543 0.146102592 0.759814024
vn -0.644030988 0.132506296 0.753436387
vn -0.576000214 0.472300172 0.667200446
vn -0.64656955 0.445478976 0.61927098
vn -0.55827266 0.59657079 0.576571882
vn -0.653188765 0.559690416 0.509991348
vn -0.583795309 0.66309464 0.468496352
vn -0.665488303 0.631888926 0.39729318
vn -0.595104396 0.689105213 0.41350323
vn -0.501214325 0.643418372 0.578616619
vn -0.351592332 0.674685299 0.648985922
vn -0.407000393 0.597500622 0.690900803
vn -0.337201416 0.606302559 0.720203161
vn -0.410714358 0.497417361 0.764126956
vn -0.299701273 0.510902166 0.80570364
vn -0.382989258 0.370089561 0.846376479
vn -0.29712075 0.385726839 0.873461127
vn -0.343705714 0.249904081 0.905215204
vn -0.651070416 0.256488293 0.714367688
vn -0.626804352 0.279801875 0.727205157
vn -0.832396328 0.261698812 0.488497943
vn -0.876520097 0.133403003 0.462510705
vn -0.553182781 0.739077032 0.384388208
vn -0.650816739 0.711818337 0.264106899
vn -0.554314733 0.739719748 0.381510288
vn -0.490794152 0.785490692 0.376995653
vn -0.491188586 0.785581827 0.376291394
vn -0.429402053 0.864304185 0.261901379
vn -0.450499266 0.846098602 0.284899652
vn -0.436003745 0.837807298 0.32860294
vn -0.45021385 0.830925643 0.326910168
vn -0.476513743 0.80932343 0.343410015
vn -0.43300125 0.862202525 0.262900859
vn -0.436609507 0.867018878 0.240105361
vn -0.487404019 0.84840703 0.206501827
vn -0.00669975718 0.961965203 0.273090243
vn -0.0238008611 0.95423454 0.298110902
vn 0.968604445 0.141800657 0.204200983
vn -0.535283029 0.81247431 0.230992794
vn -0.586623907 0.778031707 0.224809274
vn 0.00880007632 0.835707247 0.549104929
vn -0.265505195 0.708913863 0.653412879
vn 0.106602095 0.585111499 0.803915918
vn -0.330407947 0.801819384 0.497912139
vn -0.297093928 0.801683605 0.518689573
vn -0.0182005651 0.801424861 0.597818732
vn -0.434610009 0.737716973 0.516611993
vn -0.287801176 0.728802979 0.621302605
vn -0.239306748 0.78832221 0.566816151
vn -0.213211522 0.790442705 0.574231148
vn -0.149501607 0.8737095 0.462905169
vn -0.14020434 0.874927044 0.463514447
vn -0.109000579 0.92710501 0.358602047
vn -0.116804279 0.925333917 0.360713363
vn -0.0895979851 0.970578313 0.223495141
vn -0.246302396 0.914208949 0.321803272
vn -0.103496112 0.983663142 0.147294611
vn 0.377096474 0.416396052 0.827292502
vn 0.634507775 0.772909522 0.00330013293
vn -0.0456978343 0.997252941 0.0582973659
vn 0.118299916 0.992899418 0.012500111
vn 0.294500798 0.955402672 -0.0217999462
vn 0.28758657 0.95765537 -0.0137992427
vn 0.475403994 0.879507482 -0.0214000791
vn 0.509484768 0.860274374 0.0187995415
vn 0.414913327 0.909829319 -0.00760013657
vn 0.905281544 0.424791396 0.00419996539
vn 0.903457165 0.428379744 0.015999293
vn 0.911370337 0.408186734 0.0527983382
vn 0.899275661 0.436188251 0.0322991796
vn 0.902605414 0.420102566 0.0939006358
vn 0.899008095 0.429603904 0.0850008279
vn 0.89252919 0.42831403 0.141204685
vn 0.891380966 0.432590783 0.135297164
vn 0.883242905 0.406119764 0.234411463
vn 0.875899315 0.425599724 0.227299914
vn 0.876987934 0.440094024 0.192897454
vn 0.876055062 0.45002833 0.173210964
vn 0.874200761 0.412100375 0.256800324
vn 0.874531269 0.420615077 0.241408706
vn 0.872791886 0.435295969 0.220798016
vn 0.802190661 0.484594375 0.34879601
vn 0.868989885 0.350995898 0.34879598
vn 0.786803901 0.425802112 0.446802318
vn 0.694678128 0.373288214 0.614880741
vn 0.687794089 0.382596701 0.616894841
vn 0.783169687 0.361985922 0.505580485
vn 0.32481575 0.243311703 0.913944364
vn 0.199301556 0.270002037 0.942007482
vn 0.190988496 0.225486338 0.955342591
vn 0.0902018696 0.223504543 0.970520258
vn 0.0643008575 0.244903177 0.967413068
vn 0.038700752 0.195603728 0.979919195
vn -0.012000584 0.197409511 0.980247796
vn -0.0584984869 0.515686572 0.854778051
vn -0.119202152 0.703912675 0.700212777
vn -0.0776012614 0.742612064 0.665210903
vn -0.124905847 0.652830601 0.747135103
vn -0.163297325 0.904185295 0.394693732
vn -0.16689387 0.871468067 0.46118322
vn -0.138901636 0.837109983 0.529106438
vn -0.139201313 0.836807907 0.529505193
vn -0.149796456 0.79048121 0.593886137
vn -0.149697497 0.916084766 0.371993959
vn -0.173998848 0.950293779 0.25819844
vn -0.116593882 0.937250912 0.328582913
vn -0.0086002592 0.999830246 0.0163006112
vn -0.00289990357 0.999766886 0.0213994104
vn 0.114696905 0.993273377 0.0158996936
vn 0.100997224 0.994872689 0.0052999733
vn 0.295299292 0.955397844 -0.00369987777
vn 0.284710646 0.958535969 -0.0122003434
vn 0.475783437 0.879469454 -0.0127994511
vn 0.480284482 0.877071798 -0.00849962234
vn 0.536585271 0.594083726 0.599283695
vn 0.561897993 0.602597833 0.566698074
vn 0.56121105 0.697413743 0.445708901
vn 0.568386436 0.698183298 0.435289711
vn 0.566101968 0.76370275 0.310301214
vn 0.560967982 0.763956428 0.318881899
vn 0.557992101 0.802888691 0.209797144
vn 0.546810448 0.804815412 0.230804518
vn 0.3003124 0.66712755 0.681728244
vn 0.323708951 0.678318739 0.659618318
vn 0.310395092 0.801587343 0.51099205
vn 0.320717514 0.804744005 0.499527425
vn 0.308499873 0.883499742 0.352500021
vn 0.311110377 0.883929551 0.349111795
vn 0.301688761 0.923865736 0.235491365
vn 0.301415503 0.923847556 0.235912263
vn 0.056200318 0.698903918 0.713004172
vn 0.0723982006 0.710382283 0.70008266
vn 0.0417011008 0.840622246 0.540014446
vn 0.055398982 0.84868449 0.525990546
vn 0.0334009342 0.923925936 0.381110847
vn 0.0483016483 0.931231856 0.361212462
vn 0.0357989632 0.963172138 0.266492426
vn 0.0509991907 0.969284654 0.240596339
vn -0.0180996321 0.173996359 0.98458004
vn -0.00919959974 0.19299151 0.981157422
vn -0.00919977762 0.192895249 0.981176376
vn 0.0773969889 0.20229204 0.976262152
vn 0.0807014406 0.21480374 0.973317444
vn 0.210701853 0.222001866 0.952008486
vn 0.218590334 0.247688964 0.943858385
vn 0.354994148 0.247595862 0.901485264
vn 0.384701431 0.292701036 0.875403464
vn 0.482777864 0.288486719 0.826862216
vn 0.558914065 0.348108739 0.752619147
vn 0.554971278 0.351281762 0.754061162
vn 0.621794164 0.340696752 0.70519352
vn 0.805921435 0.444611818 0.390910506
vn 0.820308626 0.453704804 0.348203748
vn 0.821414053 0.484308302 0.301205248
vn 0.82840389 0.326401532 0.455202222
vn 0.739883661 0.376091689 0.557787836
vn 0.704600215 0.309400052 0.63860029
vn 0.616290152 0.33969456 0.710488796
vn 0.567330003 0.28161484 0.773841083
vn 0.437615365 0.31001085 0.844029844
vn 0.388493389 0.264795452 0.882585168
vn 0.251691937 0.28279084 0.925570488
vn 0.217790291 0.251788676 0.942958176
vn 0.0908043832 0.261412531 0.96094656
vn 0.0725985393 0.243894994 0.967080653
vn -0.00799987931 0.246596172 0.969085455
vn -0.0156996343 0.219094813 0.975577474
vn 0.861816585 0.39320755 0.320406228
vn 0.844904602 0.411802232 0.341401935
vn 0.825911462 0.35400489 0.438806176
vn 0.779683053 0.388491571 0.491089463
vn 0.742422819 0.337310344 0.578817964
vn 0.668570399 0.376883239 0.641071677
vn 0.616591811 0.331495553 0.714090645
vn 0.491776973 0.378682196 0.784063458
vn 0.436193138 0.340394586 0.83298707
vn 0.28530845 0.379211187 0.880226254
vn 0.243599728 0.349799544 0.904599249
vn 0.0933024883 0.376209974 0.921824813
vn 0.0700976104 0.357787758 0.931168437
vn -0.0413996018 0.370796353 0.927791238
vn -0.0299994089 0.267894626 0.962981224
vn 0.708524942 0.507717907 0.490117341
vn 0.728581429 0.515186906 0.451388627
vn 0.73060751 0.575905979 0.366803885
vn 0.735225499 0.576119959 0.357112497
vn 0.737009406 0.621508002 0.265603483
vn 0.745284438 0.619787097 0.245794982
vn 0.720961452 0.665064454 0.194689691
vn 0.720514834 0.684914172 0.108402334
vn 0.542803824 0.829705894 0.130201027
vn 0.510880053 0.853166699 0.105396003
vn 0.290706217 0.949320436 0.119502679
vn 0.0367980823 0.991348505 0.12599358
vn 0.0797994807 0.984193683 0.158099085
vn -0.180410445 0.971156359 0.155909166
vn -0.0551029965 0.967952669 0.245013475
vn 0.799009144 0.601306915 -0.00379997236
vn 0.78472203 0.619617462 0.0169005506
vn 0.784576654 0.618681669 0.0408988595
vn 0.790191054 0.611993134 0.0325997099
vn 0.788812697 0.606509864 0.0996016935
vn 0.806969583 0.586477935 0.0695974529
vn 0.802959979 0.572971523 0.164191902
vn 0.7106933 0.703493416 -0.00349988369
vn 0.647604108 0.761804879 0.016200196
vn 0.647581637 0.761878431 0.0133997127
vn 0.656723082 0.754126668 0.00280018849
vn 0.657885134 0.749783218 0.0707985014
vn 0.884502411 0.466401309 0.0112000862
vn 0.876705289 0.480302989 0.0264002215
vn 0.876354575 0.479075193 0.0498974733
vn 0.873430908 0.483717203 0.0560020469
vn 0.872015238 0.479608476 0.0978017896
vn 0.872296929 0.479198337 0.0972997248
vn 0.869332492 0.470817626 0.150305688
vn 0.871499836 0.468499899 0.144900039
vn 0.867993057 0.454696387 0.199598491
vn -0.0470991358 0.994381905 0.0947983935
vn -0.0535001047 0.995702088 0.0756002739
vn 0.106699556 0.991796017 0.0703998357
vn 0.0662966222 0.997049391 0.0386981517
vn 0.288184285 0.957147956 0.02859856
vn 0.281611234 0.95923847 0.0236010607
vn 0.481892377 0.876086235 0.0158998556
vn 0.507005453 0.861109316 0.0379005149
vn 0.687403023 0.725503266 0.0335002393
vn 0.68727839 0.710077703 0.15309529
vn 0.822877228 0.553684711 0.127696544
vn 0.818877161 0.532585204 0.213994116
vn 0.827477574 0.514886141 0.223994032
vn 0.825418651 0.485110998 0.28870663
vn 0.868381977 0.427391171 0.251494884
vn 0.856448054 0.411723107 0.31141755
vn 0.855889678 0.371095538 0.360195696
vn 0.80561924 0.420710057 0.417110115
vn 0.779678166 0.392888993 0.487586468
vn 0.706518888 0.446311921 0.54921478
vn 0.669588447 0.421292692 0.611689568
vn 0.535487711 0.491088748 0.687084377
vn 0.492502838 0.46700266 0.734404325
vn 0.311414599 0.527924657 0.790137172
vn 0.275801599 0.505102873 0.817804873
vn 0.087595664 0.542373121 0.835558832
vn 0.0658001229 0.524600923 0.848801732
vn -0.0917963609 0.53887862 0.837367058
vn -0.0456020012 0.373916328 0.926340818
vn 0.871297181 0.467398584 -0.149599478
vn 0.09130463 0.521026611 -0.848643005
vn 0.568112493 0.69321537 -0.443509728
vn -0.0270989761 0.272889823 -0.961663723
vn -0.00860028714 0.999933481 -0.00770013873
vn 0.7106933 0.703493416 0.00350005133
vn 0.799009144 0.601306915 0.00380011578
vn 0.905188262 0.424694538 -0.0163997393
vn 0.118294388 0.992853045 -0.0157991331
vn -0.151703134 0.958719909 -0.240504876
vn -0.143899858 0.954799116 -0.260099649
vn -0.159604117 0.931024194 -0.328208387
vn -0.145000935 0.908206105 -0.392602503
vn -0.160000697 0.914704144 -0.371101528
vn -0.166402534 0.870913446 -0.462407023
vn -0.137504831 0.83542949 -0.532118618
vn -0.14020279 0.837016821 -0.528910458
vn -0.151294783 0.789372981 -0.594979465
vn -0.131304085 0.733922958 -0.666420698
vn -0.100602686 0.704419017 -0.702618778
vn -0.118897676 0.660687268 -0.741185486
vn -0.0981053561 0.595632732 -0.797243595
vn -0.061799366 0.537194669 -0.841191411
vn -0.0899012387 0.493806958 -0.864911973
vn 0.0128999939 0.264500022 -0.96429956
vn 0.241291463 0.248991311 -0.937966943
vn 0.308397293 0.25589788 -0.916191936
vn 0.56371063 0.325306237 -0.759214282
vn 0.474087179 0.288192302 -0.831977546
vn 0.384820461 0.291815668 -0.875646651
vn 0.562496245 0.322297961 -0.761394978
vn 0.699904323 0.342602223 -0.626703858
vn 0.673478186 0.382287711 -0.632679522
vn 0.782277703 0.358989865 -0.509085536
vn 0.874257982 0.421879828 -0.24018845
vn 0.867993057 0.454696447 -0.199598372
vn 0.876890481 0.439095318 -0.195597857
vn 0.876972258 0.427586585 -0.219293058
vn 0.889548242 0.425023139 -0.167509064
vn 0.890886307 0.431493402 -0.141897798
vn 0.892976046 0.429288566 -0.13529633
vn 0.900898695 0.433999419 -0.00509994151
vn 0.906598032 0.420599163 -0.0342998803
vn 0.900518596 0.431708962 -0.0519010238
vn 0.511777043 0.848762095 -0.132993951
vn 0.505188584 0.862880588 -0.0148995621
vn 0.483109593 0.874717474 -0.0384006649
vn 0.479989529 0.877180994 0.0127998265
vn 0.476000518 0.879401088 0.00880011544
vn 0.47662887 0.879053414 -0.00950047094
vn 0.509506285 0.860310733 0.0164003074
vn 0.287709534 0.957431853 -0.0234006625
vn 0.285492718 0.958375692 0.00320003298
vn 0.294913799 0.955444813 0.0123006906
vn 0.294909626 0.955431342 0.0134005528
vn 0.414913327 0.909829319 0.00760035357
vn 0.566500008 0.760400116 -0.317599952
vn 0.560988128 0.766983926 -0.311493367
vn 0.558989048 0.796984434 -0.228795439
vn 0.546505332 0.81030798 -0.211502001
vn 0.540775537 0.834862411 -0.102795273
vn 0.290706217 0.949320436 -0.119502455
vn 0.282205492 0.95891875 -0.0289004501
vn 0.103800625 0.993906081 -0.0371001065
vn 0.100997224 0.994872689 -0.00529973581
vn 0.111804031 0.993635952 -0.0137003772
vn 0.287517428 0.957558215 0.0204013549
vn 0.390087873 0.299890816 -0.870572984
vn 0.303901464 0.248201311 -0.919804513
vn 0.204708397 0.247410312 -0.947039068
vn 0.196203411 0.282405078 -0.939016402
vn 0.159099534 0.183299616 -0.970097303
vn 0.0143000921 0.998606563 -0.0508002155
vn -0.053399574 0.998292148 -0.0236996952
vn -0.0483989455 0.995978355 -0.075398244
vn 0.0700967014 0.994953275 -0.0717965066
vn 0.0761972144 0.989163935 -0.1254953
vn 0.301388234 0.923964024 -0.23549071
vn 0.301807016 0.923721492 -0.235905394
vn 0.311299115 0.882597625 -0.352298886
vn 0.30818221 0.884849012 -0.349379778
vn 0.321193159 0.79828316 -0.509489119
vn 0.309201032 0.808202863 -0.50120163
vn 0.32451573 0.66013217 -0.677432835
vn 0.0530986525 0.712282121 -0.699882209
vn 0.0751014724 0.697013915 -0.713114023
vn 0.0391003005 0.849706709 -0.525803983
vn 0.0576013252 0.839619517 -0.540112317
vn 0.030400252 0.932107925 -0.360902905
vn 0.0508976057 0.923056722 -0.381282002
vn 0.0323986746 0.970160425 -0.24029009
vn 0.0541990697 0.962283611 -0.266595334
vn 0.040800631 0.986515403 -0.15850234
vn -0.0954048708 0.982850313 -0.157807961
vn -0.104402095 0.985219836 -0.135802627
vn 0.821325779 0.490115464 -0.291909128
vn 0.818005919 0.431903213 -0.37990275
vn 0.707895577 0.531396866 -0.465297103
vn 0.701903641 0.400802195 -0.588803053
vn 0.490970731 0.509769738 -0.706457913
vn 0.488907427 0.323805064 -0.8100124
vn 0.238211364 0.388918728 -0.889942586
vn 0.255297184 0.248097405 -0.934489846
vn 0.0674013421 0.262705356 -0.962519169
vn 0.083899878 0.202899858 -0.975598752
vn -0.0178009272 0.191910133 -0.98125124
vn -0.012300225 0.200003803 -0.979718089
vn 0.777165174 0.444880188 -0.445080072
vn 0.855921447 0.37100938 -0.360209018
vn 0.844904602 0.411802322 -0.341401815
vn 0.872218013 0.381007969 -0.30670628
vn 0.847665131 0.450881541 -0.279588461
vn 0.612777948 0.401985645 -0.680375516
vn 0.777087867 0.315695167 -0.54449147
vn 0.735472202 0.416684389 -0.534279823
vn 0.825911462 0.354004979 -0.438806117
vn 0.380593985 0.319795072 -0.867686272
vn 0.616808176 0.268203676 -0.740009785
vn 0.5576877 0.355892271 -0.749883473
vn 0.743627369 0.29331091 -0.600822091
vn 0.689917743 0.397910357 -0.604715586
vn 0.82844162 0.326416492 -0.455122888
vn 0.787292004 0.42469579 -0.446995467
vn 0.869189084 0.347895741 -0.351395577
vn 0.800179303 0.486187518 -0.351190895
vn 0.876228511 0.42981407 -0.217907071
vn 0.873806953 0.426103473 -0.234301865
vn 0.868381977 0.427391231 -0.251494765
vn 0.856448054 0.411723197 -0.311417431
vn 0.805111527 0.469606787 -0.362305164
vn 0.80229646 0.37379846 -0.465397984
vn 0.66861546 0.469911009 -0.576313376
vn 0.663514316 0.310006797 -0.68091464
vn 0.432312012 0.397011191 -0.809622526
vn 0.438917845 0.256510556 -0.861135066
vn 0.210604832 0.286906749 -0.934521496
vn 0.223398343 0.222498491 -0.948993087
vn 0.0736988261 0.214296728 -0.97398454
vn 0.0943962112 0.145394295 -0.984860539
vn -0.0109005775 0.191910297 -0.981352031
vn -0.0227010772 0.170208201 -0.985146761
vn 0.884184897 0.466192096 -0.029699441
vn 0.876719296 0.480910629 -0.00940014981
vn 0.876168251 0.478682727 -0.0564979017
vn 0.873491764 0.484295487 -0.0496994816
vn 0.872081816 0.479590058 -0.0972979292
vn 0.78472203 0.619617462 -0.0169004016
vn 0.784680307 0.619084537 -0.0317991339
vn 0.790210545 0.611408234 -0.0418004878
vn 0.78987062 0.609277427 -0.0698973313
vn 0.806516707 0.582812071 -0.0993020013
vn 0.805197179 0.578198016 -0.131699473
vn 0.900684416 0.425592691 -0.0873984396
vn 0.897875488 0.429988325 -0.0944973826
vn 0.872254252 0.479174942 -0.0977948308
vn 0.869719625 0.471610695 -0.145503238
vn 0.822165668 0.546477258 -0.159393311
vn 0.817487121 0.528291821 -0.229396358
vn 0.82738018 0.52098763 -0.209794953
vn 0.82465899 0.480276227 -0.29878512
vn 0.730429053 0.580523193 -0.359814286
vn 0.726211011 0.49360764 -0.47850728
vn 0.535401881 0.616402268 -0.577402055
vn 0.532509267 0.449807972 -0.717012465
vn 0.272197038 0.537994325 -0.797791421
vn 0.287002563 0.340403169 -0.895407975
vn 0.0651030988 0.380118251 -0.92264396
vn 0.0946025178 0.242906615 -0.965425849
vn -0.00610013958 0.246505797 -0.969122291
vn -0.0120996684 0.2351937 -0.971873462
vn -0.0461012572 0.358409911 -0.932425439
vn -0.0347014032 0.370115131 -0.928337634
vn 0.0970001444 0.354000688 -0.930201411
vn 0.0614994951 0.545895696 -0.835593224
vn 0.312582314 0.49527216 -0.810554266
vn 0.297906935 0.685616136 -0.664215505
vn 0.560417831 0.58151859 -0.589718699
vn 0.560705304 0.702806711 -0.437804073
vn 0.734709501 0.572007537 -0.364704669
vn 0.737009406 0.621508062 -0.265603364
vn 0.745284438 0.619787157 -0.245794833
vn 0.721009314 0.665008724 -0.194702476
vn 0.721430659 0.676528871 -0.147806212
vn 0.688421428 0.716422498 -0.113203466
vn 0.6884287 0.721830249 -0.0709028766
vn 0.657697082 0.752496779 -0.0343997627
vn 0.657187521 0.753585815 -0.0145996362
vn 0.647374153 0.762169659 -0.00209982553
vn 0.647604108 0.761804938 -0.0162000135
vn 0.634507775 0.772909522 -0.00329994853
vn -0.288897485 0.92969197 0.228498146
vn -0.146403089 0.989020944 0.0201005414
vn -0.0944993421 0.995393276 0.0162000097
vn -0.103996702 0.994368613 0.0203994755
vn -0.106096663 0.992668867 0.0578983054
vn -0.137694821 0.987962902 0.0704974756
vn -0.139495805 0.985770404 0.0937973037
vn -0.184098855 0.972094119 0.145399243
vn -0.151496008 0.978974283 0.136596531
vn -0.237309977 0.948440015 0.210108981
vn -0.217609689 0.946142197 0.239710823
vn -0.279009193 0.913430095 0.296309888
vn -0.267310888 0.909237027 0.319113106
vn -0.276510358 0.880733073 0.3845146
vn -0.271293968 0.850881159 0.449890167
vn -0.276405275 0.81031549 0.516710043
vn -0.279702127 0.812106192 0.512104034
vn -0.252499074 0.774797142 0.57959801
vn -0.247395024 0.73018527 0.636887312
vn -0.24280104 0.72600311 0.643402874
vn -0.156500489 0.51790154 0.841002882
vn -0.132502705 0.398108065 0.907718718
vn -0.116995633 0.378285825 0.918265879
vn -0.0933996886 0.286898971 0.953397036
vn -0.0838982984 0.268994451 0.959480762
vn -0.07730297 0.215508193 0.973437548
vn -0.0771993771 0.215298161 0.973492265
vn -0.0735014081 0.158502936 0.984619021
vn -0.06589818 0.150095761 0.986472964
vn -0.128198579 0.105798729 0.98608923
vn -0.118002377 0.0954018161 0.98842001
vn -0.159303769 0.0703015476 0.984723449
vn -0.0819004774 0.187701017 0.97880584
vn -0.0633005053 0.15800117 0.985408008
vn -0.122298397 0.147397965 0.981487274
vn -0.110099159 0.122098967 0.986392617
vn -0.116793722 0.148791894 0.981947303
vn -0.12599954 0.215699121 0.968296528
vn -0.118099809 0.19879958 0.972898483
vn -0.143001989 0.297304064 0.944013298
vn -0.134700075 0.281700045 0.950000703
vn -0.162691846 0.525873601 0.834858418
vn -0.208698303 0.536795616 0.817493558
vn -0.174593389 0.408584446 0.895866215
vn -0.143499702 0.45529902 0.878698409
vn -0.16269961 0.386799008 0.907698035
vn -0.238298088 0.679094553 0.694294572
vn -0.246203572 0.629209161 0.73721087
vn -0.21641092 0.548527658 0.80764097
vn -0.345907241 0.848917842 0.399608523
vn -0.328894883 0.81168735 0.482692599
vn -0.316710323 0.80602634 0.50001651
vn -0.306287527 0.752469301 0.583076417
vn -0.2818892 0.731472015 0.620876312
vn -0.260697246 0.639893293 0.722892523
vn -0.190091118 0.628570616 0.754164934
vn -0.210302353 0.647007287 0.732908368
vn -0.291611075 0.868833065 0.400115371
vn -0.353606224 0.854415119 0.380706847
vn -0.30659762 0.878993273 0.365197331
vn -0.177598387 0.983491242 0.0346998051
vn -0.141098619 0.986790478 0.0795993507
vn -0.159195095 0.984769821 0.069897972
vn -0.223502338 0.965710223 0.132101521
vn -0.222405076 0.965922177 0.132403165
vn -0.24429898 0.952696145 0.18079938
vn -0.159902349 0.962714255 0.218203366
vn -0.29490611 0.930019379 0.219304681
vn -0.347894847 0.894086838 0.282095969
vn -0.306409985 0.911729813 0.273609072
vn -0.345994592 0.883886218 0.314695239
vn -0.0467988998 0.0990975723 0.993976772
vn -0.0532003231 0.109100558 0.992606163
vn -0.126600757 0.101900503 0.986706018
vn -0.049197495 0.0605968051 0.996949375
vn -0.0359995663 0.011299747 0.999288082
vn -0.0509004146 0.0243000817 0.998408198
vn -0.0367009193 -0.00160015933 0.999325156
vn -0.0320993625 -0.0030000601 0.999480307
vn -0.0313002914 -0.00130013132 0.999509335
vn -0.0283998176 -0.00250010332 0.999593675
vn -0.0930007473 -0.0909008458 0.991508067
vn -0.117104687 0.0189006403 0.99293983
vn -0.130494624 0.0341984741 0.99085921
vn -0.104901753 -0.0230005048 0.994216681
vn -0.117001809 -0.015200356 0.993015468
vn -0.112398878 -0.0232998878 0.993390143
vn -0.108703725 -0.026001012 0.993734181
vn -0.108395405 -0.0222991742 0.99385792
vn -0.10349784 -0.0263995696 0.994279385
vn -0.101899534 -0.0244000107 0.994495571
vn -0.10199438 -0.0259986892 0.994445324
vn 0.512918174 0.217107818 -0.830529571
vn 0.442878246 0.177891389 -0.87875694
vn 0.0701972917 0.0365987122 -0.996861637
vn 0.916230977 0.399213582 -0.0339011028
vn 0.916391253 0.398896247 -0.0332996398
vn 0.0624029301 0.0284014568 -0.997646987
vn 0.0847038925 0.0501024239 -0.995145857
vn 0.172296703 0.0227996856 -0.984781325
vn 0.0622996725 0.0229000021 -0.997794867
vn 0.01719933 0.046698302 -0.998761177
vn 0.0366984196 0.0183993299 -0.999157131
vn 0.366509646 0.149504066 -0.918324292
vn 0.0822030082 0.0394015647 -0.995836556
vn 0.0747029409 0.0305013247 -0.996739388
vn 0.164398938 0.0611997284 -0.984493792
vn 0.186995149 0.0725982413 -0.979674697
vn 0.234095141 0.0779985115 -0.969080031
vn 0.273185521 0.11259415 -0.955349445
vn 0.359609425 0.125503406 -0.924624383
vn 0.376876533 0.193888068 -0.905743718
vn 0.474808991 0.201903954 -0.856616318
vn 0.845006049 0.385702848 -0.370402634
vn 0.692896724 0.287598759 -0.661196828
vn 0.742222428 0.327610016 -0.584617615
vn 0.776184559 0.322493672 -0.541789234
vn 0.802792549 0.359496742 -0.47569561
vn 0.805871129 0.358287275 -0.471383154
vn 0.841674328 0.355689228 -0.40628764
vn 0.858230233 0.478916943 -0.184606448
vn 0.903478503 0.367391288 -0.220794722
vn 0.870706022 0.408202916 -0.274301887
vn 0.875027716 0.393012524 -0.282608896
vn 0.867285907 0.36859411 -0.334594578
vn 0.900209725 0.38960427 -0.194502085
vn 0.902161717 0.393283367 -0.177292451
vn 0.910483181 0.394392759 -0.124397665
vn 0.911097705 0.396399081 -0.112999685
vn 0.914012194 0.397105366 -0.0830010697
vn 0.913737237 0.39661625 -0.0882035643
vn 0.915360749 0.400682867 -0.0395982563
vn 0.0738968104 0.0375984982 -0.996557057
vn 0.0736995563 0.0369998999 -0.996594012
vn 0.186206043 0.080202736 -0.979231954
vn 0.17589213 0.0748967826 -0.981556237
vn 0.272600263 0.117700242 -0.95490104
vn 0.270095497 0.116298184 -0.955784142
vn 0.36610952 0.152904108 -0.917923987
vn 0.377588928 0.158695489 -0.912273347
vn 0.441607982 0.186003506 -0.877716005
vn 0.485697359 0.208098978 -0.848995447
vn 0.557000399 0.234900281 -0.796600699
vn 0.545692742 0.228997067 -0.806089342
vn 0.614822924 0.264109969 -0.743127704
vn 0.584310353 0.246104464 -0.77331382
vn 0.670991182 0.287896335 -0.683291078
vn 0.675203741 0.291001767 -0.677803814
vn 0.74540931 0.317004085 -0.586407304
vn 0.757909596 0.325404227 -0.565407157
vn 0.807110667 0.346804678 -0.47780636
vn 0.815363169 0.353784114 -0.458279312
vn 0.852202296 0.366501093 -0.373401016
vn 0.858722568 0.372309864 -0.352109283
vn 0.881687999 0.381094903 -0.278196186
vn 0.88442874 0.38461259 -0.264308542
vn 0.89495945 0.388082474 -0.220090017
vn 0.201496437 0.0314993337 0.978982806
vn 0.48761797 0.20630753 0.848331332
vn 0.909027338 0.365111023 0.200906128
vn 0.9150002 0.398800075 0.0611000657
vn 0.913770914 0.397387385 0.0842973664
vn 0.914064884 0.40478453 0.0251990855
vn 0.916021585 0.399109423 0.0402009971
vn 0.916141093 0.398774385 0.040797431
vn 0.909684777 0.396293402 0.12419799
vn 0.913536191 0.393315583 0.103704162
vn 0.896387041 0.396794319 0.197597235
vn 0.862281263 0.417190969 0.287093848
vn 0.876033068 0.395314902 0.276210517
vn 0.867732644 0.368613869 0.333412617
vn 0.846356153 0.382225364 0.370924711
vn 0.844332635 0.34171322 0.412716061
vn 0.803530931 0.357413769 0.476018429
vn 0.754705012 0.283801854 0.591504037
vn 0.764407933 0.346503586 0.543705761
vn 0.692604959 0.28690204 0.661804855
vn 0.602595031 0.2868976 0.744693995
vn 0.655943036 0.282018453 0.700146079
vn 0.688083112 0.289492816 0.665383816
vn 0.643939376 0.272916645 0.714743853
vn 0.638696074 0.270898283 0.720195651
vn 0.568377078 0.242990121 0.78606832
vn 0.596290112 0.250795811 0.762587547
vn 0.545711994 0.230604976 0.80561775
vn 0.433302015 0.181400761 0.882804275
vn 0.366984993 0.145593956 0.918762565
vn 0.366186857 0.14119485 0.919767082
vn 0.248793855 0.100997403 0.963276327
vn 0.27499184 0.096697025 0.956571758
vn 0.172298253 0.0694991797 0.982590139
vn 0.0411996134 0.0178997125 0.998990715
vn 0.187409222 0.0691032931 0.979848325
vn 0.0792035535 0.032001324 0.996344805
vn 0.0882025287 0.0523013882 0.994728625
vn 0.0712025315 0.0324010365 0.996935606
vn 0.0704969764 0.0387982205 0.996757329
vn 0.0411988571 0.0188993569 0.998972356
vn 0.0430015996 0.0166004989 0.99893719
vn 0.0742008463 0.0382003188 0.996511519
vn 0.0739036053 0.0378017277 0.996548772
vn 0.0739990026 0.0365993939 0.99658668
vn 0.433606386 0.256203711 0.86391288
vn 0.470716923 0.196906999 0.860031068
vn 0.36569491 0.155297756 0.917687297
vn 0.426889151 0.172095537 0.887777567
vn 0.379100591 0.157800153 0.911801577
vn 0.337605417 0.142002195 0.930514991
vn 0.272711486 0.116304792 0.955040216
vn 0.264294714 0.113997631 0.95768106
vn 0.186195239 0.0796978623 0.979275167
vn 0.172002494 0.0753009766 0.982214391
vn 0.0685966462 0.0343982056 0.997051358
vn 0.905333102 0.390914291 0.166006118
vn 0.895200253 0.388200134 0.218900129
vn 0.880785704 0.383393764 0.2778956
vn 0.88928777 0.381594777 0.252096623
vn 0.850026369 0.372411519 0.372511595
vn 0.863409102 0.370703906 0.342203677
vn 0.806293845 0.349397331 0.477296442
vn 0.822177529 0.350290447 0.448687851
vn 0.743706465 0.322802782 0.585405171
vn 0.767892659 0.325196862 0.551894903
vn 0.726805031 0.310202122 0.612804353
vn 0.908474863 0.416788518 0.0309991967
vn 0.906320155 0.420509428 0.0419009849
vn 0.906267166 0.422684729 0.00419989834
vn 0.750883579 0.312193155 0.581987441
vn 0.821044385 0.353019059 0.448624343
vn 0.811999619 0.342499822 0.472599864
vn 0.862897038 0.371898711 0.342198879
vn 0.856733739 0.359814197 0.369514614
vn 0.887251139 0.386378765 0.251986206
vn 0.884104192 0.377801776 0.275001377
vn 0.896037161 0.386316031 0.218809128
vn 0.900386274 0.389994055 0.192897126
vn 0.907084644 0.386793464 0.166097239
vn 0.909872472 0.395988047 0.123796314
vn 0.912985504 0.394593775 0.10369841
vn 0.916044116 0.398819208 0.0425020978
vn 0.916606665 0.397702932 0.0408003516
vn 0.64491576 0.270406514 0.714817524
vn 0.687174797 0.29188925 0.665275693
vn 0.670404911 0.278602004 0.687705159
vn 0.728043854 0.307018489 0.612937093
vn 0.766806185 0.327902615 0.551804543
vn 0.639800012 0.267999947 0.720300138
vn 0.575998485 0.237799317 0.782098114
vn 0.5958184 0.25210771 0.762523711
vn 0.54661268 0.228105217 0.80571878
vn 0.473078907 0.194591254 0.859261811
vn 0.488194197 0.204697475 0.848389983
vn 0.425186247 0.176794201 0.887671471
vn 0.368207008 0.153902829 0.916917503
vn 0.378409177 0.15990378 0.911722243
vn 0.337806553 0.141502649 0.930518091
vn 0.268200159 0.111399963 0.956900716
vn 0.265692651 0.109896854 0.957773626
vn 0.110100441 0.159100533 0.981104076
vn 0.0585980788 0.137495399 0.988767684
vn 0.0490989536 0.0287992693 0.998378813
vn 0.0525975414 0.0575971939 0.996953487
vn 0.0471980944 0.0619973801 0.996959805
vn 0.0319010764 0.114303753 0.992933631
vn 0.00339986593 0.118395224 0.99296093
vn 0.331779212 0.227385655 0.915542722
vn 0.202809036 0.179407895 0.962642968
vn 0.626630783 0.320115656 0.71053499
vn 0.566111982 0.302506357 0.766816378
vn 0.545911014 0.287105739 0.78711611
vn 0.484890223 0.278094351 0.829183519
vn 0.439989626 0.25179401 0.861979842
vn 0.417415619 0.250409335 0.873532891
vn 0.328882843 0.224688187 0.917252183
vn 0.644794643 0.319897294 0.694194317
vn 0.721109092 0.374304712 0.583007514
vn 0.701489687 0.331495106 0.630890906
vn 0.788077831 0.392288983 0.474386781
vn 0.780996025 0.369098097 0.503797531
vn 0.836874247 0.402687609 0.370788664
vn 0.836928189 0.403013557 0.370312542
vn 0.868283272 0.405892164 0.285194576
vn 0.871426523 0.404412329 0.277608544
vn 0.874822915 0.411210775 0.256106794
vn 0.878716052 0.414007574 0.237604409
vn 0.890241027 0.417719275 0.181608438
vn 0.888061464 0.409882247 0.208191037
vn 0.90225631 0.422979563 0.0837960094
vn 0.899375856 0.417088866 0.13099654
vn 0.899602413 0.419001132 0.123100385
vn 0.894216418 0.417407691 0.16170302
vn 0.89149189 0.414696276 0.182398409
vn 0.068102926 0.0356014147 0.997043014
vn 0.0643025488 0.0313011259 0.997439563
vn 0.0673972964 0.0304986592 0.997260094
vn 0.209594175 0.0906973779 0.973573029
vn 0.205910176 0.121905915 0.9709481
vn 0.189792842 0.164393708 0.967963636
vn 0.200291067 0.112494878 0.973256707
vn 0.34290418 0.175602049 0.922811329
vn 0.351999909 0.175499871 0.919399858
vn 0.447611094 0.218505353 0.867121637
vn 0.456579804 0.218390271 0.862461984
vn 0.552203417 0.262201548 0.791405082
vn 0.560228765 0.261913419 0.785840511
vn 0.649386466 0.303693593 0.697185576
vn 0.655889988 0.303195328 0.691289544
vn 0.732384741 0.339892864 0.589987814
vn 0.737120092 0.339109212 0.584516048
vn 0.796601415 0.36850065 0.479200959
vn 0.799815953 0.367607325 0.474509567
vn 0.842083275 0.38929224 0.373292655
vn 0.844115376 0.388407081 0.369606823
vn 0.871885478 0.403293282 0.277795434
vn 0.873187423 0.402394205 0.274996132
vn 0.89041096 0.412305117 0.192802459
vn 0.171901569 0.0756005719 0.982209027
vn 0.175599739 0.0775997788 0.981398582
vn 0.172792405 0.0950957164 0.980356991
vn 0.268401682 0.110000581 0.957006097
vn 0.355289578 0.149195537 0.922773063
vn 0.368597507 0.151298881 0.91719389
vn 0.460092217 0.193696648 0.866485476
vn 0.472903371 0.195701331 0.859106243
vn 0.564086616 0.239294261 0.790281355
vn 0.575409114 0.240803748 0.781612515
vn 0.66007781 0.282690436 0.695976675
vn 0.669290364 0.283495843 0.686790228
vn 0.741693795 0.320897281 0.588995218
vn 0.748503923 0.321101665 0.580203176
vn 0.804641962 0.351518303 0.478525043
vn 0.809277892 0.351190418 0.470887244
vn 0.849018931 0.374108374 0.373108417
vn 0.852081239 0.373391777 0.366791993
vn 0.87798506 0.38969335 0.277995348
vn 0.880016685 0.38870737 0.27290526
vn 0.895618379 0.399508238 0.195604086
vn 0.897015452 0.398406893 0.191403374
vn 0.905569136 0.405086219 0.125895768
vn 0.906516075 0.404007226 0.122502238
vn 0.911573052 0.408787936 0.0438987575
vn 0.912747383 0.406421125 0.0414022021
vn 0.875255108 0.411526024 -0.254115969
vn 0.915828466 0.399612486 -0.0396011882
vn 0.916517973 0.39770788 -0.0427007936
vn 0.906263828 0.422683179 -0.00499975029
vn 0.906560361 0.419981658 -0.0419981182
vn 0.908088982 0.417394996 -0.0339995436
vn 0.902197599 0.422498971 -0.0867997259
vn 0.88811636 0.409807563 -0.208103806
vn 0.891209722 0.414104581 -0.185101986
vn 0.897972584 0.422687143 -0.122396231
vn 0.897931337 0.409314364 -0.161805615
vn 0.899405658 0.416802675 -0.131700799
vn 0.870515645 0.402207315 -0.283605069
vn 0.870789647 0.40599525 -0.277296662
vn 0.83677417 0.402987659 -0.370688528
vn 0.835422456 0.404110968 -0.372509986
vn 0.793781042 0.376591116 -0.477588624
vn 0.774582863 0.384091586 -0.502488852
vn 0.728774428 0.351287812 -0.587779403
vn 0.680020869 0.358411074 -0.639619589
vn 0.643129885 0.325715244 -0.693032205
vn 0.539205432 0.312103242 -0.782207906
vn 0.439902544 0.252201587 -0.861905038
vn 0.477013797 0.273908049 -0.835124195
vn 0.568699539 0.301999867 -0.765099406
vn 0.33260113 0.223900899 -0.916103244
vn 0.317905545 0.212003827 -0.924116194
vn 0.40070945 0.24970603 -0.881520927
vn 0.161808133 0.173508853 -0.971448958
vn 0.0547027104 0.144107282 -0.98804909
vn 0.0310986601 0.116895102 -0.992657363
vn -0.00149998441 0.116498925 -0.993189812
vn 0.0482991226 0.0223997124 -0.998581886
vn 0.0590013117 0.0327008478 -0.997722268
vn 0.367999613 0.155099973 -0.916799128
vn 0.271795928 0.111398451 -0.955885768
vn 0.854324937 0.366910785 -0.368110716
vn 0.818897843 0.345099181 -0.458598852
vn 0.811300576 0.344700336 -0.472200364
vn 0.759849131 0.320620865 -0.565536618
vn 0.749240577 0.31841737 -0.580731452
vn 0.679022372 0.281209379 -0.678122342
vn 0.670107305 0.279803157 -0.68750751
vn 0.584889591 0.244495749 -0.7733863
vn 0.575181484 0.241792336 -0.781474948
vn 0.546205759 0.227702513 -0.806108654
vn 0.473088115 0.194495231 -0.8592785
vn 0.476603806 0.196801677 -0.856806993
vn 0.377899915 0.157800093 -0.912299871
vn 0.913826227 0.396411419 -0.0882024914
vn 0.911970675 0.394387364 -0.112996332
vn 0.909872472 0.395988077 -0.123796225
vn 0.904350638 0.388178885 -0.177390277
vn 0.900386274 0.389994085 -0.192897037
vn 0.895796359 0.386198491 -0.21999909
vn 0.884104192 0.377801865 -0.275001258
vn 0.885615051 0.381806582 -0.264404476
vn 0.860918939 0.367108166 -0.35220775
vn 0.0534994118 0.0643994212 -0.996489227
vn 0.0489015877 0.0560019463 -0.997232497
vn 0.198989868 0.118994072 -0.972750604
vn 0.189699218 0.164899454 -0.967896044
vn 0.252696991 0.201697737 -0.946288884
vn 0.0701975524 0.0364988483 -0.996865332
vn 0.0655976683 0.0309990216 -0.9973647
vn 0.175498724 0.0778995603 -0.98139298
vn 0.17579253 0.0763968825 -0.981458485
vn 0.208409294 0.100704618 -0.972843528
vn 0.20669736 0.115298659 -0.971587718
vn 0.351512313 0.179406404 -0.918832242
vn 0.343715668 0.171707958 -0.923242211
vn 0.45598805 0.222294301 -0.861777544
vn 0.448475629 0.214588463 -0.867652953
vn 0.5595783 0.265589833 -0.785069644
vn 0.553084075 0.258592695 -0.791977286
vn 0.655168474 0.306385368 -0.690566719
vn 0.650204837 0.30050236 -0.697805166
vn 0.736424088 0.341811299 -0.583819091
vn 0.733208656 0.337204099 -0.590506971
vn 0.799178481 0.369790137 -0.473887265
vn 0.797318995 0.366408825 -0.479611486
vn 0.843541801 0.390019387 -0.36921826
vn 0.842719376 0.387609005 -0.373608559
vn 0.872682929 0.403692186 -0.274694592
vn 0.872413218 0.402006179 -0.278004169
vn 0.89041096 0.412305146 -0.19280237
vn 0.890088975 0.420894831 -0.17489779
vn 0.885796189 0.403298348 -0.229598999
vn 0.912617266 0.406407744 -0.0443007946
vn 0.911610723 0.409004867 -0.041000437
vn 0.906166852 0.403685272 -0.126095355
vn 0.905928671 0.405412912 -0.122203834
vn 0.896275461 0.397889137 -0.195894614
vn 0.896339834 0.400017828 -0.191208482
vn 0.878696024 0.387798339 -0.278398722
vn 0.879313409 0.390506059 -0.272604138
vn 0.849720776 0.372009218 -0.373609155
vn 0.851347864 0.375521183 -0.36632055
vn 0.805386782 0.348894328 -0.479192138
vn 0.808516979 0.353707522 -0.470309883
vn 0.742481768 0.317792296 -0.5896855
vn 0.747712195 0.324005425 -0.579609454
vn 0.66079998 0.279200107 -0.696699977
vn 0.668475151 0.286889464 -0.686174512
vn 0.564692259 0.235496879 -0.79098928
vn 0.57467711 0.244290382 -0.781068981
vn 0.460582316 0.189892828 -0.86706686
vn 0.472217202 0.199407369 -0.858631432
vn 0.355706781 0.145402908 -0.923217714
vn 0.368010998 0.154904753 -0.9168275
vn 0.268401682 0.110000812 -0.957006097
vn 0.268310845 0.110804603 -0.956938803
vn 0.174902648 0.0777013078 -0.98151505
vn -0.112398878 -0.0232996512 -0.993390143
vn -0.108703725 -0.0260007754 -0.993734181
vn -0.108404942 -0.0228009243 -0.993845403
vn -0.103796773 -0.0255990867 -0.994269192
vn -0.0283998232 -0.00239986624 -0.999593914
vn -0.056300398 0.113800935 -0.991907179
vn -0.0467988998 0.0990978032 -0.993976772
vn -0.049197495 0.0605970435 -0.996949375
vn -0.0405989774 0.028299408 -0.998774886
vn -0.0425979011 0.00909967255 -0.999050975
vn -0.035298869 -0.00419974653 -0.999368072
vn -0.0304011479 0.000500138092 -0.999537826
vn -0.0313002914 -0.00129989302 -0.999509335
vn -0.102202706 -0.0259005707 -0.994426489
vn -0.102204025 -0.0254008826 -0.994439244
vn -0.11010468 -0.0274010487 -0.993542314
vn -0.110997446 -0.0219993778 -0.993577242
vn -0.111200996 -0.0133000035 -0.993709087
vn -0.124205492 0.00500033982 -0.992244005
vn -0.120994173 0.0372983292 -0.99195236
vn -0.0931965187 -0.0900965333 -0.991563082
vn -0.13009505 0.10559611 -0.985862613
vn -0.167201459 0.00529992906 0.985908687
vn -0.172797799 -0.0499994867 0.98368752
vn -0.156596333 -0.0367992632 0.986977041
vn -0.151402786 -0.0386008359 0.987718284
vn -0.135797977 -0.0298996754 0.990285337
vn -0.138798207 -0.0324997045 0.98978734
vn -0.226100147 -0.103400193 0.96860075
vn -0.221607536 -0.093603313 0.970633149
vn -0.224413067 -0.089705348 0.970356643
vn -0.220099449 -0.0786999315 0.972297668
vn -0.222099796 -0.0780000538 0.971899152
vn -0.223804742 -0.0740016922 0.971820712
vn -0.204205811 -0.0713021606 0.976327956
vn -0.204097956 -0.0649994761 0.976790369
vn -0.196393684 -0.0649980307 0.97836864
vn -0.181903958 -0.0542013049 0.981821477
vn -0.177706808 -0.0495020188 0.982837796
vn -0.295097858 -0.339297682 0.893193543
vn -0.265288025 -0.289887071 0.919558525
vn -0.266400069 -0.305100203 0.914300323
vn -0.246187702 -0.233588472 0.940653145
vn -0.245306611 -0.214905933 0.945325553
vn -0.232409045 -0.19220762 0.953437269
vn -0.218599066 -0.120099612 0.968395948
vn -0.235997468 -0.153898478 0.959489822
vn -0.2271014 -0.12430089 0.965906024
vn -0.32201159 -0.396014392 0.859930992
vn -0.322687328 -0.443882734 0.835967302
vn -0.321507752 -0.348808587 0.880321324
vn -0.352191865 -0.449389756 0.820981026
vn -0.383510113 -0.469112515 0.795521021
vn -0.441093206 -0.530492008 0.723888874
vn -0.446813017 -0.553916335 0.70252049
vn -0.488622844 -0.577827156 0.653730571
vn -0.524573982 -0.620269299 0.58317101
vn -0.524597287 -0.630296826 0.572297037
vn -0.559687018 -0.651784956 0.51178807
vn -0.576376021 -0.685471654 0.444881469
vn -0.57020998 -0.707612455 0.417307258
vn -0.593719423 -0.717223585 0.364811897
vn -0.595966041 -0.751457334 0.283083826
vn -0.580577731 -0.775870323 0.24689047
vn -0.622369647 -0.763862848 0.170791596
vn -0.614316583 -0.773220956 0.157304168
vn -0.629208505 -0.768010497 0.119401544
vn -0.63506335 -0.76365608 0.116293214
vn -0.659999549 -0.746799588 0.0817998573
vn -0.651411891 -0.755213916 0.0729012415
vn -0.676401317 -0.734401524 0.0560000278
vn -0.681274891 -0.730873168 0.0410984047
vn -0.672328174 -0.739731133 0.0278010797
vn -0.699180067 -0.714679658 0.0194993615
vn -0.697941124 -0.716142237 0.00430016872
vn -0.698297083 -0.715797067 0.00399989868
vn -0.0704002902 0.396101594 0.915503979
vn -0.143199131 0.314798027 0.93829447
vn -0.0917000696 0.267800093 0.959100902
vn -0.092302449 0.234906137 0.967625797
vn -0.0798009112 0.19570215 0.97741127
vn -0.080701381 0.194803253 0.97751689
vn -0.0710002407 0.152800396 0.985703409
vn -0.0700976849 0.155994743 0.98526758
vn -0.0580972359 0.131193653 0.989653051
vn -0.061499957 0.124599807 0.990299404
vn -0.0468020625 0.0974041969 0.994143963
vn -0.109296083 0.055397898 0.992464542
vn -0.0841029212 -0.00670035183 0.996434689
vn -0.200297579 0.403495073 0.892789423
vn -0.157296926 0.461690903 0.872983158
vn -0.181198701 0.539596081 0.822194278
vn -0.191805378 0.538015008 0.820823252
vn -0.141306236 0.595626354 0.790735185
vn -0.153299943 0.592699766 0.790699899
vn -0.141803712 0.629416466 0.764020145
vn -0.128997579 0.639388025 0.757986009
vn -0.121199206 0.687295496 0.716195405
vn -0.0792003796 0.691103339 0.718403578
vn -0.0449012257 0.771521032 0.634617507
vn -0.0219001081 0.750503719 0.660503447
vn 0.12439964 0.895797491 0.426698953
vn 0.0442988351 0.878876925 0.474987656
vn 0.0235996488 0.832187653 0.553991973
vn 0.0247010253 0.832334578 0.553723097
vn -0.00450011017 0.798019528 0.602614939
vn 0.0926027894 0.954428792 0.283708692
vn -0.00140003033 0.885619223 0.464410245
vn 0.0596025847 0.90443927 0.422418505
vn 0.0858960897 0.93815732 0.335384876
vn 0.0670960918 0.937345386 0.341880202
vn 0.0905972868 0.955571473 0.28049174
vn 0.096004881 0.956548691 0.275314152
vn 0.00479985261 0.00619969144 0.999969363
vn -0.130006164 0.033501476 0.990947187
vn -0.041502025 0.0279012453 0.998748899
vn -0.16629748 0.0310994145 0.985585213
vn -0.108402938 0.0236005243 0.993826985
vn -0.107400969 0.0247001071 0.993909061
vn -0.108998165 0.026699435 0.993683457
vn -0.123904526 0.0177005306 0.992136359
vn -0.119600371 0.0320999846 0.992303193
vn -0.107804298 -0.0215009786 0.993939757
vn -0.105397791 -0.0330994315 0.993879259
vn -0.105603255 -0.0188007001 0.994230747
vn -0.0983040258 -0.0350015573 0.994540811
vn -0.0984963328 -0.0272991061 0.994763076
vn -0.0909957588 -0.0344985127 0.995253742
vn -0.0913961157 -0.0332987122 0.995257854
vn -0.0911974162 -0.0302992631 0.995371878
vn -0.0925995857 -0.0284999944 0.995295584
vn -0.0925958008 -0.0298987646 0.995254934
vn -0.0963014662 -0.0259005167 0.995015323
vn -0.0977972597 -0.0293993 0.994772196
vn -0.101396531 -0.0274991803 0.994466066
vn -0.00840041693 0.0055001541 0.999949753
vn -0.00820040144 0.00590017112 0.999949098
vn -0.00809960347 0.00569960196 0.999951124
vn -0.00800038595 0.00630018534 0.999948263
vn -0.0076996237 0.00619957875 0.999951243
vn -0.00770036411 0.00680020312 0.999947369
vn -0.0069003161 0.00780023914 0.999945939
vn -0.00680033676 0.0074002482 0.999949634
vn 0.00210008072 0.0109003009 0.999938548
vn -0.00709970994 0.00559965195 0.99995923
vn -0.00730017805 0.00990012288 0.999924481
vn 0.00629985193 0.0143995443 0.999876618
vn -0.00280002132 0.0132999849 0.999907792
vn -0.0183991883 0.0186990574 0.999656022
vn -0.0357007608 0.0168002397 0.999221444
vn 0.00810038112 0.0155006116 0.999847174
vn 0.0569014065 0.0176003184 0.998224795
vn 0.10109926 0.012899789 0.994792879
vn 0.077396214 0.00989939831 0.996951342
vn -0.118701808 0.0250002667 0.992615283
vn -0.1170047 0.0195006691 0.992940009
vn -0.11560227 0.0187002514 0.993119657
vn -0.119500637 0.0324000604 0.992305398
vn -0.0926981717 0.0249993932 0.99538058
vn -0.0926047415 0.0300014187 0.995251
vn -0.130300209 0.0415999517 0.990601659
vn -0.107102655 0.035200756 0.993624747
vn -0.0862012431 0.0335003696 0.995714486
vn -0.0887981951 0.0117996437 0.995979905
vn 0.0661966652 0.0176989902 0.997649789
vn 0.0181996971 0.0100997128 0.999783456
vn -0.11639481 -0.00969968736 0.993155837
vn -0.0838968754 -0.00479994109 0.99646306
vn -0.0883978084 -0.0147997532 0.995975435
vn -0.0739969239 -0.000200110575 0.997258663
vn -0.0699991733 -0.0177999102 0.997388363
vn -0.0615980923 -0.00799987279 0.998069167
vn -0.0595974065 -0.0181993302 0.99805665
vn -0.0535006747 -0.0105002522 0.998512745
vn -0.0528994836 -0.0147999767 0.998490334
vn -0.0488977395 -0.00999965705 0.998753905
vn -0.0489022657 -0.0107006161 0.998746395
vn -0.0129000358 0.0150999241 0.999802887
vn -0.106895261 0.0249987766 0.993956029
vn -0.081203714 0.0412017703 0.995845675
vn -0.086197421 0.0347988419 0.995670319
vn -0.0321991481 0.00399977574 0.999473631
vn -0.0320006534 0.0271004383 0.999120533
vn -0.0458981507 0.0192991067 0.998759866
vn -0.0460992381 0.0224995129 0.998683572
vn -0.0795988292 0.0167996362 0.996685505
vn -0.0796976611 0.0171993785 0.996670902
vn -0.0844035223 0.013400441 0.996341646
vn -0.0857960135 0.0177990552 0.996153831
vn -0.0885995701 0.0119998241 0.995995224
vn -0.122502804 0.00950009935 0.992422819
vn -0.119699404 0.00549985468 0.992795169
vn 0.871771514 -0.48588419 0.0626979023
vn 0.833907127 -0.551904798 -0.00020006753
vn 0.829983056 -0.55778867 -6.6493584e-08
vn 0.829828143 -0.558019042 -0.000400080142
vn 0.831311047 -0.555807412 -0.000500072958
vn 0.831110418 -0.556107044 -0.000800076406
vn 0.831434011 -0.555622816 -0.000900103187
vn 0.831911087 -0.554907441 -0.00130008359
vn 0.831710994 -0.555207372 -0.00130008347
vn 0.831788063 -0.555092156 -0.00120004918
vn 0.832186878 -0.554491341 0.00209990097
vn 0.831787169 -0.55509156 0.00189990492
vn 0.83171159 -0.555207729 0.000499940827
vn 0.832234859 -0.554423332 -6.60924044e-08
vn 0.831988335 -0.554792225 -0.00110005075
vn 0.832234144 -0.554422855 -0.00130011968
vn 0.832064748 -0.554676592 -0.00150000292
vn 0.842022061 -0.539414167 -0.00560021121
vn 0.837824464 -0.545915961 0.005100084
vn 0.837785065 -0.545990288 -0.00330000673
vn 0.836727381 -0.547617972 -0.00140011124
vn 0.833782852 -0.552088678 0.00209989096
vn 0.842549324 -0.538331568 0.0176009703
vn 0.847306609 -0.531104207 9.99374752e-05
vn 0.850318789 -0.526211679 0.00770010846
vn 0.853866816 -0.520079851 0.020699136
vn 0.856428981 -0.51621753 0.00700017624
vn 0.862755656 -0.505574048 0.00689958641
vn 0.864252448 -0.503030598 0.00530026201
vn 0.866643786 -0.498825282 0.0101004513
vn 0.874641716 -0.482723057 0.044502072
vn 0.896582067 -0.442491204 -0.0184996836
vn 0.902879536 -0.419890553 0.0921978727
vn 0.914891362 -0.403696239 0.00179993513
vn 0.927673221 -0.373389304 0.00169990677
vn 0.934436083 -0.356113762 -0.00350017799
vn 0.936328232 -0.324009836 0.135304049
vn 0.95401895 -0.279805571 -0.107502177
vn 0.970925391 -0.231106073 0.0624016114
vn 0.977535069 -0.210407585 -0.0124004725
vn 0.981655777 -0.190610841 -0.00440027332
vn 0.977905512 -0.209001213 -0.00440005027
vn 0.985754192 -0.168192193 -0.000300006155
vn 0.98328042 -0.13279736 -0.124597549
vn 0.986315429 -0.100101605 0.131002054
vn 0.996499181 -0.0552999564 -0.0626999661
vn 0.999823511 -0.0179004222 -0.00570013653
vn 0.999425828 -0.0334008634 -0.0057001519
vn 0.998798549 -0.0459999368 -0.0168999825
vn 0.998445213 -0.00210010214 0.0557025298
vn 0.999996901 -0.00249999249 -0.000399999088
vn 0.999982595 0.00589989824 -0.000199995848
vn 0.9999789 0.00639986573 -0.00109997613
vn 0.999973893 0.00699981861 -0.00179995236
vn 0.999976873 0.00679984363 9.99985059e-05
vn 0.999962211 0.00749971671 0.00439983513
vn 0.99992758 0.0112003097 0.00440012338
vn 0.998915315 0.00990015827 -0.0455006994
vn 0.997764409 0.0116995918 -0.0657976642
vn 0.999150515 -0.00990050565 0.0400020257
vn 0.979124427 0.202205062 0.0207005441
vn 0.981270075 0.190094218 0.0311990734
vn 0.978132248 0.201506659 0.0515017286
vn 0.977049828 0.200689703 0.0713963658
vn 0.976430535 0.193106055 0.0964030474
vn 0.974035919 0.200307399 0.105503924
vn 0.546494603 -0.0108999936 0.837391853
vn 0.597768784 0.00409969082 0.801658273
vn 0.612113774 0.0155002568 0.790617943
vn 0.648319781 0.0288007911 0.760823369
vn 0.656407118 0.0407003537 0.753308237
vn 0.705303788 0.0583002381 0.706503868
vn 0.715913713 0.0744013488 0.694213331
vn 0.746487796 0.0814986005 0.660389245
vn 0.760276616 0.0910971314 0.643180251
vn 0.800133049 0.105204284 0.590524435
vn 0.805327177 0.122104071 0.58011961
vn 0.866888344 0.137398109 0.479193628
vn 0.870995224 0.153799102 0.466597527
vn 0.898984313 0.160297185 0.407592982
vn 0.915400982 0.178100184 0.361000448
vn 0.918771088 0.175194472 0.353788912
vn 0.940996289 0.180599272 0.286198914
vn 0.93947947 0.181796014 0.29039371
vn 0.952244461 0.188108772 0.240511283
vn 0.952203631 0.188200712 0.240600988
vn 0.965177238 0.194895402 0.174495935
vn 0.958579183 0.20919545 0.193295866
vn 0.969178617 0.196195677 0.148996755
vn 0.311705738 -0.0989019498 0.945017576
vn 0.341288835 -0.0831973925 0.936269403
vn 0.334299922 -0.0995001048 0.937199891
vn 0.384787053 -0.091397047 0.91846925
vn 0.386093974 -0.0865987614 0.918385744
vn 0.421312451 -0.0806025043 0.903326809
vn 0.467108428 -0.0592011809 0.882216036
vn 0.447413892 -0.0567018725 0.892527819
vn 0.5380885 -0.0344993658 0.8421821
vn 0.297801882 -0.0396003686 0.953806102
vn 0.294590533 -0.0426987447 0.954669356
vn 0.281496793 -0.072899282 0.956789136
vn 0.330889374 -0.0643980503 0.941469848
vn 0.321806103 -0.0726014972 0.944018066
vn 0.307089001 -0.0312989987 0.951166093
vn 0.270006865 -0.0424011908 0.961924493
vn 0.281113684 -0.00730047096 0.959646821
vn 0.251209438 -0.0195008498 0.967736483
vn 0.287097394 0.00439984631 0.957891405
vn 0.268305093 -0.00550022023 0.963318408
vn 0.274503261 0.012000028 0.961511433
vn 0.276389062 0.0126993842 0.960962117
vn 0.275895506 0.0140996575 0.961084425
vn 0.282711715 0.0178006254 0.959039867
vn 0.307904631 0.0140000982 0.95131439
vn 0.313499749 0.0129998792 0.949499488
vn 0.307703733 0.0116000287 0.951411605
vn 0.307301968 0.0141999796 0.951506257
vn 0.402611554 -0.0911025181 -0.910826266
vn 0.613006115 0.0164002609 -0.789908051
vn 0.976107121 0.198001474 -0.0895006359
vn 0.979321539 0.200404435 -0.0277005881
vn 0.978917062 0.202203542 -0.0289004818
vn 0.969674408 0.196594864 -0.145196155
vn 0.973380864 0.202896044 -0.1065979
vn 0.981962562 0.176193312 -0.0685973689
vn 0.678416252 0.00940031372 -0.734617651
vn 0.693487763 0.0902985036 -0.714787424
vn 0.659399748 0.0243000835 -0.751399815
vn 0.689531982 0.030001482 -0.723633647
vn 0.709432542 0.0654030815 -0.701732218
vn 0.757175386 0.0832973793 -0.647878945
vn 0.758986592 0.0860985667 -0.645388663
vn 0.805111885 0.116801806 -0.581508636
vn 0.806632876 0.12200506 -0.578323662
vn 0.839875281 0.130796224 -0.526784539
vn 0.870073557 0.148295566 -0.47008574
vn 0.874275386 0.145895973 -0.462987006
vn 0.901498914 0.160299867 -0.401999563
vn 0.919225454 0.160104483 -0.359709948
vn 0.921468198 0.170394167 -0.349087924
vn 0.940011203 0.180302203 -0.289603472
vn 0.940398991 0.181799859 -0.287399709
vn 0.952178419 0.187695801 -0.241094545
vn 0.95230943 0.188301906 -0.240102366
vn 0.961968124 0.195193574 -0.191093668
vn 0.961951733 0.194590285 -0.191790372
vn 0.96858114 0.198296189 -0.150097057
vn 0.591389298 0.00120007456 -0.806385517
vn 0.559481084 -0.0211991873 -0.828572154
vn 0.530383229 -0.0176993422 -0.84757334
vn 0.451705962 -0.0773009211 -0.888811827
vn 0.446100086 -0.045999907 -0.893800318
vn 0.422111273 -0.072701849 -0.903624237
vn 0.327408761 -0.0747018903 -0.941925347
vn 0.340794921 -0.109098278 -0.933786213
vn 0.361997992 -0.0902994126 -0.927795053
vn 0.327100277 -0.0750999525 -0.942000866
vn 0.33030057 -0.0710000172 -0.941201746
vn 0.280413717 -0.0811038613 -0.956446826
vn 0.350598335 -0.0600996092 -0.934595644
vn 0.299087852 -0.0656972304 -0.951961458
vn 0.316088021 -0.0427982695 -0.947764158
vn 0.320108891 -0.0378009416 -0.946626425
vn 0.313097358 -0.0419995375 -0.9487921
vn 0.294802189 -0.017000014 -0.955407143
vn 0.307091802 -0.00319980131 -0.9516747
vn 0.297492534 -0.00959964655 -0.954676092
vn 0.290098667 0.00150010723 -0.956995666
vn 0.286089122 0.00869978499 -0.958163679
vn 0.291306078 0.0145004187 -0.95652014
vn 0.284293056 0.0107998522 -0.958676696
vn 0.277810633 0.0138006443 -0.960536897
vn 0.278205276 0.014100384 -0.960418284
vn 0.278600603 0.0142001472 -0.960302234
vn 0.288206309 0.0168004818 -0.957421064
vn 0.303296477 0.0142999496 -0.952789068
vn 0.313201874 0.0124001885 -0.949605763
vn -0.0321004167 0.0233004242 -0.999213159
vn -0.0453984216 0.0143996198 -0.998865366
vn -0.0863004997 0.0335003175 -0.995705903
vn -0.0791030601 0.0430017896 -0.995938659
vn -0.105695605 0.0259990394 -0.994058728
vn -0.0444006361 0.0141003234 -0.99891448
vn -0.0414020158 0.0137007879 -0.999048769
vn -0.0344997793 0.0149000268 -0.999293804
vn -0.0379018337 0.0258013718 -0.998948455
vn -0.00730020646 0.00950038806 -0.999928355
vn -0.00740008987 0.0110002542 -0.999912262
vn -0.0069003161 0.00780047756 -0.999945939
vn -0.00760035496 0.00700044725 -0.999946773
vn -0.00780038303 0.0064004343 -0.999949217
vn -0.00790038705 0.00630042888 -0.999949098
vn -0.00809959881 0.00579983182 -0.999950528
vn -0.00820040144 0.00590040907 -0.999949098
vn -0.00840041693 0.00550039252 -0.999949753
vn -0.00679991022 0.0194998626 -0.999786913
vn -0.0283998176 -0.0024998649 -0.999593675
vn -0.0961028188 -0.0261006504 -0.99502933
vn -0.0930010304 -0.0301002152 -0.995211065
vn -0.0927994251 -0.0278997105 -0.995293915
vn -0.091098249 -0.0302993041 -0.995380998
vn -0.0914958864 -0.0330983996 -0.995255411
vn -0.0940035358 -0.0258008577 -0.995237589
vn -0.0978035554 -0.0365012102 -0.994536281
vn -0.104494907 -0.0185989775 -0.994351685
vn -0.104997531 -0.0313991457 -0.993976772
vn -0.115298845 -0.00899979193 -0.993290186
vn -0.128196672 0.0185996406 -0.991574466
vn -0.121998139 0.00949997362 -0.992484987
vn -0.125400335 0.0283001941 -0.991702676
vn -0.126693353 0.0312984809 -0.991448164
vn -0.11650382 0.017700702 -0.993032634
vn -0.119600177 0.0289001632 -0.9924016
vn -0.0458008088 0.0163004082 -0.998817742
vn 0.0145996334 0.0153997336 -0.999774992
vn -0.00209993334 0.0160996113 -0.999868393
vn -0.0405995287 0.0131999664 -0.999088466
vn -0.0397009179 0.0133004272 -0.999123216
vn -0.0786012635 0.0134003358 -0.996816218
vn -0.0819034129 0.0244011376 -0.996341586
vn -0.117700107 0.0263001453 -0.992700994
vn -0.0926957503 0.0295987688 -0.995254576
vn -0.106400385 0.0351002514 -0.993703783
vn -0.0926020965 0.0340008922 -0.995122612
vn -0.086500518 0.0298003014 -0.995806158
vn -0.0464016683 0.0278011225 -0.99853605
vn -0.0321001299 0.0190001968 -0.999304175
vn 0.031701345 0.0176008679 -0.999342561
vn 0.00930043869 0.0148008196 -0.999847353
vn -0.0823998749 -0.00139987911 -0.996598542
vn -0.0715982169 -0.0107996138 -0.99737525
vn -0.0715981349 -0.0108995996 -0.997374177
vn -0.060298413 -0.0145994984 -0.998073816
vn -0.0605985634 -0.0130995717 -0.998076439
vn -0.0527991168 -0.0155996215 -0.998483419
vn -0.0534002483 -0.0116999364 -0.998504758
vn -0.0486015081 -0.0132002924 -0.998731136
vn -0.0489022657 -0.0107003786 -0.998746395
vn -0.098400645 -0.0296000801 -0.99470669
vn -0.101795137 -0.0264986176 -0.994452536
vn -0.115298323 -0.00949974451 -0.993285716
vn -0.0839961618 -0.00479966262 -0.996454656
vn -0.088897191 0.0119997412 -0.99596864
vn -0.0886988789 0.0118999705 -0.995987535
vn -0.0857960135 0.0177992936 -0.996153831
vn -0.0856973529 0.0173995849 -0.996169388
vn -0.115503609 0.0187007058 -0.993131101
vn -0.115504041 0.0185007695 -0.993134856
vn -0.105304047 0.0245010629 -0.9941383
vn -0.109499335 0.0312999338 -0.993494093
vn -0.128002599 0.0300007258 -0.991320133
vn -0.126199275 0.040099889 -0.991194308
vn -0.163902849 0.0301006436 -0.986017287
vn -0.886602283 0.124000385 -0.445601195
vn -0.884732127 -0.22350809 -0.40901494
vn -0.972946048 -0.230910957 -0.00750038307
vn -0.990830362 0.134604141 -0.0117003433
vn -0.989088893 0.145698369 -0.0217997413
vn -0.987540901 0.149106219 -0.0503020696
vn -0.985774159 0.134496495 -0.100797355
vn -0.985394597 0.147899225 -0.0843995288
vn -0.97642529 0.141503692 -0.16300422
vn -0.976293385 0.140799075 -0.164398879
vn -0.95031172 0.145501837 -0.275203407
vn -0.951455176 0.14869304 -0.269487292
vn -0.888831794 0.123004466 -0.441415846
vn -0.902697623 0.14219968 -0.406098962
vn -0.835560083 0.121594273 -0.53577441
vn -0.836107254 0.12210115 -0.534804702
vn -0.751582384 0.115297385 -0.649484813
vn -0.721262753 0.10429471 -0.684764743
vn -0.594578147 0.0952965915 -0.798370719
vn -0.523799717 0.0765000656 -0.848399639
vn -0.449489594 0.0719984472 -0.890379548
vn -0.380604506 0.058100801 -0.922911048
vn -0.41551742 0.0653028637 -0.907238185
vn -0.426608413 0.0726015493 -0.901517868
vn -0.406495988 0.0372997448 -0.91289103
vn -0.4206146 0.0468017347 -0.906031549
vn -0.419015795 0.060902413 -0.905934274
vn -0.369588107 -0.0656977817 -0.926870286
vn -0.426609129 -0.0198003165 -0.904219508
vn -0.42879343 0.0144998869 -0.903286338
vn -0.456608325 -0.0558009148 -0.887916327
vn -0.405621976 -0.12060643 -0.906049192
vn -0.434297353 -0.147599012 -0.888594687
vn -0.416399479 -0.169199705 -0.893299043
vn -0.444098711 -0.196799353 -0.874097645
vn -0.424788117 -0.186494678 -0.885875344
vn -0.442304552 -0.19500193 -0.875409126
vn -0.835965455 -0.213191152 -0.505679131
vn -0.847387791 -0.264696151 -0.460293442
vn -0.832620025 -0.254106075 -0.492111921
vn -0.754760087 -0.224288076 -0.616467476
vn -0.702823997 -0.356612146 -0.615521133
vn -0.72619921 -0.26369971 -0.634899437
vn -0.902673662 -0.165595129 -0.397188485
vn -0.894346178 -0.281614542 -0.347618014
vn -0.891561866 -0.235289916 -0.386983514
vn -0.998005211 -0.052000273 -0.0358001962
vn -0.996548772 -0.0509973802 -0.0654966459
vn -0.985517323 -0.130402297 -0.108401939
vn -0.988085628 -0.104598477 -0.112898387
vn -0.96386385 -0.119495496 -0.238091111
vn -0.949627519 -0.231606722 -0.211106181
vn -0.942279577 -0.171796262 -0.287393838
vn -0.991944849 0.115905263 -0.051102303
vn -0.992304385 0.113800526 -0.0488002114
vn -0.986435235 0.114004098 -0.118104219
vn -0.985831797 0.133004323 -0.102203295
vn -0.977276206 0.132196814 -0.16569598
vn -0.977276206 0.132696792 -0.165295973
vn -0.951316237 0.129902259 -0.279504776
vn -0.948302329 0.154000416 -0.277500689
vn -0.883569896 0.144695148 -0.44538483
vn -0.884188056 0.145498112 -0.443894029
vn -0.831754684 0.137792557 -0.537770748
vn -0.899044991 0.0593030304 -0.433821797
vn -0.958588123 0.0556993522 -0.279296577
vn -0.96028918 0.0736992061 -0.269097
vn -0.983588517 0.071399197 -0.165698066
vn -0.984023035 0.0803019106 -0.158903703
vn -0.992043257 0.0789034665 -0.0981042832
vn -0.748823345 0.125804022 -0.650720358
vn -0.830949962 0.138108373 -0.538932502
vn -0.83391434 0.118102118 -0.539109349
vn -0.833637297 0.117705353 -0.539624214
vn -0.841192186 0.0407996923 -0.539195061
vn -0.592310548 0.102101922 -0.799214363
vn -0.748116195 0.125902817 -0.651514173
vn -0.750770926 0.107995905 -0.651674807
vn -0.750601947 0.107800372 -0.651901782
vn -0.757576823 0.0389988869 -0.651580095
vn -0.762485743 0.0427992828 -0.645587981
vn -0.753270388 -0.111595541 -0.648174524
vn -0.857478857 -0.105497353 -0.503587663
vn -0.892763257 -0.114695244 -0.435682148
vn -0.915579259 -0.0759982392 -0.394891113
vn -0.958536029 -0.0881032869 -0.27101019
vn -0.971269906 -0.0321989767 -0.235792726
vn -0.986391187 -0.036999654 -0.160198584
vn -0.994017065 0.0251004454 -0.106301837
vn -0.995037138 0.0126004834 -0.0987036973
vn -0.9995597 0.0100995973 -0.027898876
vn -0.995903134 0.0760002509 -0.0490001552
vn -0.998725116 0.0420010649 -0.0280007031
vn -0.993283212 0.115698054 -0.00159995933
vn -0.991310716 0.131001428 -0.0119001158
vn -0.986781061 0.161196917 -0.0166996624
vn -0.987479746 0.157296792 -0.0118997395
vn -0.986260474 0.15719372 -0.0507979542
vn -0.986211658 0.15740189 -0.0511005968
vn -0.982365549 0.156894535 -0.101696432
vn -0.982265651 0.15719454 -0.102196425
vn -0.97394532 0.156207308 -0.164407641
vn -0.973729551 0.156604797 -0.165305018
vn -0.948096812 0.153099537 -0.27869907
vn -0.951399982 0.130800039 -0.278800011
vn -0.886337996 0.123305351 -0.446319193
vn -0.89390415 0.0459002703 -0.445902139
vn -0.846663773 0.0477980226 -0.529977322
vn -0.837899864 -0.122499935 -0.531899989
vn -0.765881479 -0.105397396 -0.634284675
vn -0.736579061 -0.229893431 -0.636081994
vn -0.548499346 -0.233799636 -0.802799165
vn -0.576368988 -0.231687486 -0.783657968
vn -0.59580785 -0.179502293 -0.78281045
vn -0.582401931 -0.181400523 -0.792402744
vn -0.607069969 -0.0804959387 -0.79056102
vn -0.59652251 -0.0836030766 -0.79823029
vn -0.604599535 0.0405000672 -0.795499444
vn -0.598985851 0.0374992155 -0.79988122
vn -0.593605876 0.0882009789 -0.799908042
vn -0.593665361 0.0882949531 -0.799853504
vn -0.591678143 0.102196328 -0.799670577
vn -0.415301532 0.0748003945 -0.906603396
vn -0.42530787 0.081001617 -0.901416779
vn -0.420824975 0.0806049034 -0.903553784
vn -0.591324329 0.109004594 -0.799032986
vn -0.592883468 0.108997069 -0.797877908
vn -0.747472763 0.13429518 -0.650576353
vn -0.749017954 0.134203315 -0.648815632
vn -0.83022368 0.147304282 -0.537615359
vn -0.831932902 0.147105888 -0.535021245
vn -0.882601261 0.155100301 -0.443800658
vn -0.884267628 0.15449442 -0.440683901
vn -0.946632624 0.164105713 -0.277409554
vn -0.947503269 0.163300619 -0.274900943
vn -0.972172856 0.16689539 -0.164395407
vn -0.972524405 0.166504219 -0.16270408
vn -0.980605543 0.167600989 -0.101600565
vn -0.980777979 0.167196289 -0.100597732
vn -0.984527528 0.167704716 -0.0508014075
vn -0.984588504 0.167498082 -0.0502993986
vn -0.985786021 0.167597637 -0.0116998153
vn -0.98576957 0.167694837 -0.0116996197
vn -0.622707725 -0.245603174 0.742909312
vn -0.958286762 -0.285796076 0.00269992906
vn -0.986848712 0.161207974 0.0119006094
vn -0.979014933 -0.172502667 0.108501643
vn -0.995447993 -0.0489023738 0.0818039402
vn -0.99811095 -0.0540006049 0.0293003209
vn -0.883098483 -0.220399708 0.414199352
vn -0.896966636 -0.248590842 0.3655864
vn -0.89998579 -0.179397255 0.397293776
vn -0.949912906 -0.166602314 0.264403611
vn -0.946405768 -0.217901379 0.238401443
vn -0.975121856 -0.115002617 0.189504266
vn -0.984919786 -0.106302164 0.136502743
vn -0.404500306 -0.18320027 0.896000803
vn -0.40187642 -0.181889459 0.897447467
vn -0.418080956 -0.192591354 0.887759686
vn -0.427120835 -0.212610498 0.87884295
vn -0.42992124 -0.178508952 0.885043859
vn -0.419297189 -0.168399006 0.892094135
vn -0.425006777 -0.153302565 0.892114282
vn -0.403510243 -0.109302901 0.908423185
vn -0.432912916 -0.129903987 0.892026722
vn -0.4075948 -0.0462995246 0.911988497
vn -0.415186971 -0.0439987332 0.908671618
vn -0.42338872 0.0373988971 0.905175924
vn -0.398108661 0.0277004968 0.916920066
vn -0.406796753 0.0717993304 0.910692871
vn -0.411708087 0.0618011095 0.909217954
vn -0.989260495 0.145694196 0.0116995508
vn -0.990158558 0.138194233 0.0220990945
vn -0.987540901 0.149106205 0.0503021069
vn -0.986565053 0.139395073 0.0851970017
vn -0.984072626 0.146495938 0.100697234
vn -0.975894749 0.141799241 0.165899143
vn -0.976586044 0.140397996 0.162997708
vn -0.951398849 0.146099806 0.271099746
vn -0.949948013 0.147891894 0.275185019
vn -0.905489504 0.129598469 0.404095411
vn -0.886894643 0.137299135 0.441097409
vn -0.845330834 0.123304456 0.519819021
vn -0.834989548 0.125798374 0.535693407
vn -0.75250113 0.111400098 0.649101019
vn -0.752083242 0.111397453 0.649585605
vn -0.57332021 0.0904030949 0.81432879
vn -0.595333457 0.0889049172 0.798545003
vn -0.445773065 0.0719955489 0.892246187
vn -0.982300282 0.15730004 0.101700068
vn -0.973795593 0.156199306 0.165299281
vn -0.99137485 0.130996689 -0.00399988331
vn -0.993201256 0.115800157 0.011900031
vn -0.99206686 0.115896143 0.0486983992
vn -0.994545698 0.0340015553 0.0986045524
vn -0.994218111 0.0129002249 0.106601961
vn -0.998729408 0.0109003168 0.049201455
vn -0.998443186 0.0465020165 0.0308013428
vn -0.998725116 0.0420010574 0.0280007143
vn -0.986226737 0.157404274 0.0508014038
vn -0.982311904 0.156901911 0.102201283
vn -0.985831797 0.133004293 0.102203324
vn -0.977340937 0.132205546 0.165306956
vn -0.977219999 0.132602707 0.165703431
vn -0.951521099 0.129902855 0.278806239
vn -0.951195121 0.130799308 0.279498637
vn -0.886689484 0.123398513 0.445594817
vn -0.886261344 0.123994552 0.446280599
vn -0.986391187 -0.0369996913 0.160198584
vn -0.962090492 -0.0297997408 0.271097362
vn -0.967114687 -0.0910014138 0.237503603
vn -0.896866739 -0.0714974105 0.43648389
vn -0.910273015 -0.119496509 0.396388292
vn -0.987353504 0.157292604 0.0197990872
vn -0.986242652 0.157206818 0.0511022396
vn -0.992188871 0.11379873 0.0510994494
vn -0.986435235 0.114004068 0.118104249
vn -0.992043257 0.0789034441 0.0981042981
vn -0.982877314 0.0803981274 0.165796205
vn -0.984692037 0.0711994171 0.159098729
vn -0.957297742 0.0738997981 0.279499382
vn -0.961345673 0.055402603 0.269712836
vn -0.892962635 0.0594974682 0.446181417
vn -0.899513602 0.0456006452 0.434506625
vn -0.592298448 0.102299653 0.799198031
vn -0.416314006 0.0749024227 0.906130552
vn -0.409593344 0.0644988492 0.909985363
vn -0.411610752 0.0638015643 0.909123838
vn -0.413292676 0.0541989394 0.908983946
vn -0.973884344 0.15659748 0.164397374
vn -0.948443413 0.153106987 0.277512759
vn -0.947970152 0.15389514 0.278691292
vn -0.884299695 0.144799933 0.44389993
vn -0.883436263 0.145405933 0.445418358
vn -0.830982029 0.137696996 0.538988411
vn -0.833984077 0.117697708 0.539089739
vn -0.833607852 0.118001059 0.539605141
vn -0.840686262 0.0479991585 0.53939122
vn -0.846781969 0.0405990742 0.530388713
vn -0.840370655 -0.101196542 0.532481492
vn -0.854096115 -0.126499504 0.504497766
vn -0.829682767 -0.237295166 0.505289555
vn -0.84097147 -0.25749132 0.475883842
vn -0.964568317 -0.0168994758 0.263291359
vn -0.724903226 -0.270301342 0.633602858
vn -0.702828407 -0.357114553 0.615224838
vn -0.751176476 -0.235192731 0.616780758
vn -0.739764869 -0.218589738 0.636369824
vn -0.764302015 -0.114000395 0.634701788
vn -0.754315495 -0.102802202 0.64841342
vn -0.76250875 0.0389003754 0.645807505
vn -0.757278621 0.0428987183 0.651681662
vn -0.750585735 0.107997887 0.651887715
vn -0.750778973 0.107896909 0.65168184
vn -0.748179018 0.125696421 0.651481807
vn -0.831722677 0.138203725 0.53771472
vn -0.550911725 -0.223004863 0.804217219
vn -0.571902573 -0.243001223 0.783503711
vn -0.593728244 -0.185308933 0.783037424
vn -0.584101677 -0.17540063 0.792502403
vn -0.605979145 -0.0854971632 0.790872872
vn -0.597112596 -0.0784017518 0.798316956
vn -0.604574084 0.0374983028 0.795665979
vn -0.598723352 0.0405014902 0.799931347
vn -0.593605876 0.0882007927 0.799908042
vn -0.593670607 0.0881955549 0.799860537
vn -0.591690302 0.10199824 0.799686968
vn -0.74880451 0.126000702 0.650703967
vn -0.410984337 0.0783969164 0.908265471
vn -0.417195022 0.0799989477 0.905289352
vn -0.592870533 0.109194487 0.797860503
vn -0.591343641 0.108707942 0.799059093
vn -0.748943806 0.134507805 0.648838043
vn -0.747502744 0.134000435 0.65060246
vn -0.831871569 0.147594899 0.534981787
vn -0.830315769 0.146802738 0.537610233
vn -0.884153426 0.155309349 0.440626711
vn -0.882754624 0.154292047 0.443777293
vn -0.947353423 0.164191917 0.274886549
vn -0.946808219 0.163101405 0.277402461
vn -0.972459555 0.16689305 0.162693262
vn -0.972259402 0.166393057 0.164393172
vn -0.980708539 0.167601481 0.100600913
vn -0.980675101 0.167195767 0.101597458
vn -0.984555542 0.167692438 0.050297752
vn -0.984563649 0.167493835 0.0507981479
vn -0.985786021 0.167597637 0.0116998544
vn -0.98576957 0.167694837 0.0116996588
vn -0.358302176 -0.93360579 -0.000200112539
vn -0.356585711 -0.934262693 0.000299876643
vn -0.373096943 -0.92779249 -0.000100109792
vn -0.360017568 -0.932945609 0.000199898554
vn -0.354310453 -0.935127735 0.000699909229
vn -0.378001928 -0.925804913 -0.000300111948
vn -0.377916217 -0.925839901 -0.000300123269
vn -0.380820245 -0.924649239 0.000199900416
vn -0.386205375 -0.922412932 -0.000300114159
vn -0.389714837 -0.920935154 -0.00100014801
vn -0.393591881 -0.919281185 -0.00280005205
vn -0.387812495 -0.921729803 0.00400001928
vn -0.404884338 -0.914364696 -0.00250001228
vn -0.400125146 -0.916457772 0.00230003567
vn -0.414682001 -0.909960687 -0.00329996576
vn -0.407294512 -0.913287818 0.00409983611
vn -0.425519437 -0.90494144 -0.00380028179
vn -0.4147183 -0.909940243 0.00420007715
vn -0.432391018 -0.901681423 -0.00300004589
vn -0.43710497 -0.899410367 -0.000700115226
vn -0.457106203 -0.889412224 -0.000100107398
vn -0.456708401 -0.889616489 -0.000400113466
vn -0.481085539 -0.876673758 -0.00040009254
vn -0.478296816 -0.878194273 -0.00270008715
vn -0.515988231 -0.856580615 0.00509978272
vn -0.511224747 -0.859441638 -0.00310025294
vn -0.528631866 -0.848851323 -0.000100107238
vn -0.530610085 -0.847616196 0.000199902774
vn -0.530681908 -0.847571194 -1.01038346e-07
vn -0.531404972 -0.847108066 -0.00410013972
vn -0.530187666 -0.847880363 -0.000400091842
vn -0.378001899 -0.925804853 -0.000500113005
vn -0.394200087 -0.919000387 -0.00670011155
vn -0.411291361 -0.911480963 0.00649975613
vn -0.397611171 -0.917525887 0.00720009347
vn -0.39391765 -0.919141293 0.00290002045
vn -0.389594167 -0.920986295 0.000999875367
vn -0.376092702 -0.926582098 0.000399881828
vn -0.404502094 -0.914504826 -0.00770014944
vn -0.410317332 -0.911938667 -0.00280022714
vn -0.424105495 -0.905611873 0.00139991031
vn -0.416715086 -0.909033 -0.00280020968
vn -0.438423872 -0.898749053 0.00590021536
vn -0.433602005 -0.901104212 0.00079989637
vn -0.457106143 -0.889412045 -0.000600114174
vn -0.457901508 -0.889003098 -1.05977414e-07
vn -0.478102267 -0.878304303 -1.04702018e-07
vn -0.481790155 -0.876282215 0.00279983855
vn -0.512605727 -0.858609736 -0.00500015868
vn -0.517490566 -0.855684519 0.00279984716
vn -0.53072685 -0.847543001 -0.000300116255
vn -0.531707883 -0.846912622 0.00509997504
vn -0.530187666 -0.847880363 0.000399889686
vn -0.356880814 -0.934149861 -0.000700073724
vn -0.357886553 -0.933765054 -0.000500092574
vn -0.3857086 -0.922620714 0.000299896754
vn -0.379119545 -0.925347805 -0.000200120645
vn -0.371804446 -0.928311229 9.98905452e-05
vn -0.362788856 -0.931871474 -0.000100108024
vn 9.99999975e-05 9.98808027e-05 1.00000012
vn -0.999053597 0.0434979796 5.18536281e-09
vn -0.999049187 0.0435977839 5.1972604e-09
vn -0.525000989 -0.851101756 -1.01459221e-07
vn -0.527902901 -0.849304855 -1.01245014e-07
vn -0.529998958 -0.8479985 -1.01089284e-07
vn -0.481792063 -0.876285672 9.98939067e-05
vn -0.498606354 -0.866811156 -0.00550017413
vn -0.505405426 -0.86280942 -0.011200224
vn -0.518298924 -0.855198383 -0.0015000992
vn -0.525993109 -0.850488961 -0.000200098788
vn -0.407821745 -0.912748814 -0.023901388
vn -0.472415179 -0.88112843 0.020900568
vn -0.433996171 -0.900892198 -0.00640005199
vn -0.46460849 -0.885516346 -1.0556176e-07
vn -0.44192341 -0.897047639 0.00310005783
vn -0.472787291 -0.881176472 -0.000700086297
vn -0.419178665 -0.907753944 0.0164990537
vn -0.398012161 -0.916928053 0.0288007725
vn -0.423701018 -0.90580225 -1.07980028e-07
vn -0.423498541 -0.905896962 -1.07991319e-07
vn -0.390988022 -0.919671953 -0.0364989936
vn -0.350191802 -0.936678231 -1.11660732e-07
vn -0.326588452 -0.945166767 0.000199880291
vn -0.346900612 -0.937901795 -0.000600112951
vn -0.292307347 -0.956324279 0.000799906265
vn -0.307002813 -0.951708794 9.98874675e-05
vn -0.0447000191 -0.999000549 -0.000200119204
vn -0.233796537 -0.972285748 -0.000100114441
vn -0.241594359 -0.970377445 0.000299877342
vn -0.174994558 -0.98456949 -0.000200111172
vn -0.180205315 -0.983629167 -1.1725772e-07
vn -0.109696157 -0.993965328 -1.18489886e-07
vn -0.149298146 -0.98878783 0.00299984543
vn -0.101800494 -0.994804919 0.0002998829
vn -0.0119003421 -0.999928832 0.000999909709
vn -0.00129999733 -0.999998093 0.00159987772
vn 0.00829968974 -0.999962807 0.0023997915
vn -0.021299202 -0.999762714 -0.00459994748
vn -0.0404991694 -0.999179602 0.000399872719
vn -0.0941956192 -0.995553792 -0.000200109411
vn -0.156195164 -0.987669468 -0.0105997892
vn 0.00980047695 -0.99994874 0.00260000746
vn 0.0025999879 -0.99999547 0.00159987353
vn -0.0043999576 -0.999990463 -0.000100118254
vn -0.0135000814 -0.999906123 -0.00240013399
vn -0.0196997747 -0.999788702 -0.00590005284
vn -0.0197997447 -0.999787271 -0.0058000451
vn -0.511717737 -0.859129965 0.00640012091
vn -0.500893652 -0.865389228 0.0143997166
vn -0.505420148 -0.862834513 0.00820022542
vn -0.482183605 -0.87607038 -0.000100101053
vn -0.467892319 -0.883785605 -1.0535544e-07
vn -0.527101457 -0.849802434 -1.0130433e-07
vn -0.517301857 -0.855803072 -1.02019662e-07
vn -0.478490591 -0.878082812 -0.00420002267
vn -0.524693549 -0.85128969 0.0016998779
vn -0.528703868 -0.848806322 0.000599903287
vn -0.5304932 -0.847689331 9.9897683e-05
vn -0.530610085 -0.847616196 -1.0104371e-07
vn -0.527407706 -0.849612474 -1.01281685e-07
vn -0.527479827 -0.849567711 -1.01276349e-07
vn -0.51260668 -0.858611345 -0.00460016308
vn -0.530681908 -0.847571194 -0.000100097641
vn -0.5304932 -0.847689331 -1.01052429e-07
vn -0.521522701 -0.853237271 0.000699928787
vn -0.456708461 -0.889616609 -1.0605055e-07
vn -0.457106203 -0.889412224 -1.06026185e-07
vn -0.478613883 -0.878025651 -1.046688e-07
vn -0.511491835 -0.859286427 0.001799869
vn -0.424790382 -0.905279636 0.00469978573
vn -0.44028765 -0.897574961 0.022499267
vn -0.438890159 -0.898379982 0.0169995148
vn -0.439998746 -0.897797585 0.0189998411
vn -0.436294556 -0.89968884 0.0143997138
vn -0.430518568 -0.902539015 0.0088002719
vn -0.419279337 -0.907855392 0.00189979852
vn -0.414518595 -0.910040975 9.98960168e-05
vn -0.414601415 -0.910003245 9.98918767e-05
vn -0.417491138 -0.908680856 -0.000800091424
vn -0.419685334 -0.907668412 -0.00160005246
vn -0.425195485 -0.905090511 -0.00450006034
vn -0.43120563 -0.902211905 -0.00870022178
vn -0.430113345 -0.90272814 -0.00920039508
vn -0.442297935 -0.896595955 -0.0221000053
vn -0.440601826 -0.897503793 -0.0189001858
vn -0.437099725 -0.899299562 -0.0143001005
vn 0.431195259 0.043899633 -0.901190221
vn 0.527092695 0.0507993996 -0.848288298
vn 0.417108029 0.136702746 -0.89851737
vn 0.121803448 -0.00720008649 -0.9925282
vn 0.0500995554 0.0103000291 -0.99869132
vn 0.0581029132 0.0110004339 0.998250186
vn 0.0527974144 0.0103993732 0.99855119
vn 0.12069492 -0.00789978635 0.992658317
vn 0.230607331 0.24060756 0.942830086
vn -0.335214853 0.942141831 1.12312044e-07
vn -0.357619762 0.933751762 0.0147009259
vn -0.314684927 0.949054658 -0.0163991023
vn -0.335303605 0.9421103 1.12308285e-07
vn -0.335303605 0.9421103 0.000100113401
vn -0.335481137 0.942047119 1.12300754e-07
vn -0.336406082 0.941717088 -0.000299893203
vn -0.335392356 0.94207865 1.12304512e-07
vn -0.335899293 0.941898108 1.1228299e-07
vn -0.33631739 0.941748798 1.12265191e-07
vn -0.335183263 0.942153037 0.000100107332
vn -0.33500573 0.942216218 1.12320912e-07
vn -0.334289163 0.942469537 -0.00149983924
vn -0.334707767 0.942322075 -0.000399896991
vn -0.334916949 0.942247808 -9.98927499e-05
vn -0.3356902 0.941972554 1.12291865e-07
vn -0.332888126 0.942966521 1.12410355e-07
vn -0.339887708 0.940466166 1.12112289e-07
vn -0.334289521 0.942470551 1.12351231e-07
vn -0.335987985 0.941866457 1.12279217e-07
vn -0.335183263 0.942153037 1.1231338e-07
vn -0.335094482 0.942184627 1.12317146e-07
vn 0.335303605 -0.9421103 -1.12308285e-07
vn 0.334885389 -0.942259014 -1.12326013e-07
vn 0.335899293 -0.941898108 -0.000100112084
vn 0.335183263 -0.942153037 -1.1231338e-07
vn 0.335392356 -0.94207865 -1.12304512e-07
vn 0.335392296 -0.942078531 0.000599874067
vn 0.33500573 -0.942216218 9.98894029e-05
vn 0.335214853 -0.942141831 -1.12312044e-07
vn 0.335392356 -0.94207865 0.000199883158
vn 0.335303605 -0.94211024 -0.000300115586
vn 0.335303605 -0.9421103 9.98887772e-05
vn 0.335214823 -0.942141771 -0.000300125626
vn 0.335214853 -0.942141831 9.98921314e-05
vn 0.335303605 -0.94211024 -0.000200114475
vn 0.335303605 -0.94211024 0.000199889852
vn 0.335512727 -0.942035794 -1.12299404e-07
vn 0.335183263 -0.942153037 -0.000200102353
vn 0.335214853 -0.942141831 -0.000100116755
vn -0.942110181 -0.335303634 -3.99713045e-08
vn 0.648292661 0.761391461 9.07649209e-08
vn 0.648234606 0.761440814 9.07708042e-08
vn 0.648292661 0.761391461 -0.000199906994
vn 0.648292661 0.761391461 0.000100089645
vn 0.648185194 0.761482775 -0.000199904694
vn 0.648185194 0.761482775 -9.99069598e-05
vn 0.648399949 0.761300027 -0.000199909235
vn 0.648185194 0.761482775 9.07758064e-08
vn -0.648292661 -0.761391461 -9.07649209e-08
vn -0.648234606 -0.761440814 -9.07708042e-08
vn -0.649315417 -0.760518193 0.0012999404
vn -0.647590339 -0.761988819 -9.08361315e-08
vn -0.649315417 -0.760518193 -0.00130012177
vn -0.761391342 0.64829272 7.72825075e-08
vn -0.30769518 -0.951485157 -1.13425855e-07
vn -0.639603853 -0.768704772 -9.16367355e-08
vn -0.879670322 -0.47558403 -5.66940273e-08
vn -0.993447065 -0.114293925 -1.36248959e-08
vn -0.964662254 0.263489723 3.14104192e-08
vn -0.797376513 0.603482306 7.19406898e-08
vn -0.515686393 0.856777549 1.02135829e-07
vn -0.160002679 0.987116694 1.17673466e-07
vn 0.0298985913 0.999553025 1.19155992e-07
vn -0.80929786 -0.587398529 -7.00233542e-08
vn -0.407093912 -0.913386524 -1.08884144e-07
vn 0.104096569 -0.994567394 -1.18561658e-07
vn 0.587398469 -0.809297979 -9.64758229e-08
vn 0.913386405 -0.407093972 -4.85293761e-08
vn 0.99789834 -0.0647998974 -7.72474884e-09
vn 0.994080782 0.104097992 0.0310994163
vn 0.980665207 0.195693076 2.3328429e-08
vn 0.80929786 0.587398529 7.00233542e-08
vn 0.407093912 0.913386524 1.08884144e-07
vn -0.104096569 0.994567394 1.18561658e-07
vn -0.587398469 0.809297979 9.64758229e-08
vn -0.913386405 0.407093972 4.85293761e-08
vn -0.99789834 0.0647998974 7.72474884e-09
vn -0.994080782 -0.104097992 -0.0310994163
vn -0.980665207 -0.195693076 -2.3328429e-08
vn -0.166701272 0.986007571 1.17541248e-07
vn -0.533006907 0.846111059 1.00864284e-07
vn -0.817433178 0.576023459 6.86673403e-08
vn -0.971070588 0.238792807 2.84663173e-08
vn -0.976097584 0.217299476 -0.00379996514
vn -0.971084833 0.238696307 0.00429996196
vn -0.976104677 0.217301071 2.59043027e-08
vn 0.99883759 0.0482018217 5.74610404e-09
vn 0 -0.000100119221 1.00000012
vn -0.000199999995 1.1920929e-07 -1.00000012
vn -0.99883759 -0.0482018217 -5.74610404e-09
vn -0.086903818 -0.0974041745 -0.991443634
vn -0.211993903 -0.286691695 -0.934273362
vn -0.131198749 -0.0990989506 -0.98639071
vn -0.254688829 -0.285687357 -0.923859656
vn -0.40508604 -0.454384327 -0.79337281
vn -0.495015264 -0.604718685 -0.623919368
vn -0.659705818 -0.740106642 -0.130501255
vn -0.614804149 -0.689604759 -0.382702738
vn -0.52789557 -0.592195034 -0.608795047
vn -0.441205263 -0.447605342 -0.777809501
vn -0.665393531 -0.746492803 -8.89888696e-08
vn -0.662195623 -0.742895246 0.0979992822
vn -0.636795938 -0.714295566 0.290298104
vn -0.553272188 -0.620668888 0.555572033
vn -0.369691432 -0.414690524 0.831480742
vn -0.129798964 -0.145598978 0.980792284
vn 0.118494608 -0.99295485 -1.18369428e-07
vn -0.255689174 -0.966759205 -1.15246664e-07
vn -0.593918622 -0.804525256 -9.590687e-08
vn -0.848570824 -0.529081881 -6.3071468e-08
vn -0.983812273 -0.179202244 -2.13625704e-08
vn -0.97266984 -0.232192829 -2.76795387e-08
vn -0.751795709 -0.659396291 -7.86061563e-08
vn -0.357001483 -0.934103966 -1.11353856e-07
vn -0.616871655 -0.787063897 -9.38253137e-08
vn -0.916602015 -0.399800956 -4.76599809e-08
vn -0.927661836 -0.373184681 -0.0132994996
vn -0.988853335 -0.148892984 -1.7749425e-08
vn -0.990053296 0.140693367 1.67719545e-08
vn -0.787063777 0.616871715 7.35368317e-08
vn -0.373183012 0.927757859 1.10597341e-07
vn 0.140693352 0.990053415 1.1802355e-07
vn 0.616871655 0.787063897 9.38253137e-08
vn 0.92775774 0.373183042 4.44868817e-08
vn 0.990053296 -0.140693367 -1.67719545e-08
vn 0.787063777 -0.616871715 -7.35368317e-08
vn 0.373183012 -0.927757859 -1.10597341e-07
vn -0.140693352 -0.990053415 -1.1802355e-07
vn 0.964110136 -0.26550281 -3.16503979e-08
vn 0.996329367 0.0856025368 1.02046167e-08
vn 0.967225611 0.25200671 0.031100858
vn 0.94023937 0.340514302 4.05924645e-08
vn 0.71198976 0.702189922 8.37075547e-08
vn 0.265502781 0.964110255 1.14930884e-07
vn -0.252100289 0.967701256 1.15358965e-07
vn -0.702189863 0.71198982 8.48757935e-08
vn -0.964110136 0.26550281 3.16503979e-08
vn -0.967701137 -0.252100319 -3.00526963e-08
vn -0.71198976 -0.702189922 -8.37075547e-08
vn -0.265502781 -0.964110255 -1.14930884e-07
vn 0.252100289 -0.967701256 -1.15358965e-07
vn 0.702189863 -0.71198982 -8.48757935e-08
vn 0.997994542 -0.0632996559 -7.54590612e-09
vn 0.85429126 -0.519794762 -6.19643572e-08
vn 0.514804602 -0.857307732 -1.02199031e-07
vn 0.0575026125 -0.998345494 -1.19012043e-07
vn -0.41309458 -0.910688221 -1.08562482e-07
vn -0.788996696 -0.614397526 -7.32418854e-08
vn -0.955590665 -0.294697136 -3.51306326e-08
vn -0.998345375 -0.0575026199 -6.85484558e-09
vn -0.953849852 0.300284237 3.5796667e-08
vn -0.953840792 0.300312877 3.58000811e-08
vn -0.705003619 0.70920378 8.45436716e-08
vn -0.294697106 0.955590785 1.13915284e-07
vn 0.183098972 0.983094633 1.17193999e-07
vn 0.618995667 0.785394549 9.3626312e-08
vn 0.913076043 0.40778935 4.86122715e-08
vn 0.977204323 -0.212300986 -2.53082462e-08
vn 0.766612291 -0.642110348 -7.65455113e-08
vn 0.38040778 -0.924818993 -1.10247001e-07
vn -0.0929968655 -0.995666504 -1.18692682e-07
vn -0.545016468 -0.838425457 -9.99480889e-08
vn -0.872221053 -0.489111871 -5.83066715e-08
vn -0.988987625 -0.147998169 -1.76427548e-08
vn -0.995675683 0.0928977355 1.10742722e-08
vn -0.897998154 0.439999163 5.24519805e-08
vn -0.590695798 0.806894481 9.61893036e-08
vn -0.147998154 0.988987744 1.17896512e-07
vn 0.328501225 0.944503725 1.12593604e-07
vn 0.729830265 0.68362844 8.14948535e-08
vn 0.9639166 0.266204596 3.17340572e-08
vn -0.9639166 -0.266204596 -3.17340572e-08
vn -0.729830265 -0.68362844 -8.14948535e-08
vn -0.328501225 -0.944503725 -1.12593604e-07
vn 0.147998154 -0.988987744 -1.17896512e-07
vn 0.590695798 -0.806894481 -9.61893036e-08
vn 0.897998154 -0.439999163 -5.24519805e-08
vn 0.995666385 -0.092996873 -1.10860903e-08
vn 0.988987625 0.147998169 1.76427548e-08
vn 0.872221053 0.489111871 5.83066715e-08
vn 0.545016468 0.838425457 9.99480889e-08
vn 0.0928977281 0.995675802 1.18693791e-07
vn -0.38040778 0.924818993 1.10247001e-07
vn -0.766612291 0.642110348 7.65455113e-08
vn -0.977204323 0.212300986 2.53082462e-08
vn -0.913076043 -0.40778935 -4.86122715e-08
vn -0.618995667 -0.785394549 -9.3626312e-08
vn -0.183098972 -0.983094633 -1.17193999e-07
vn 0.294697106 -0.955590785 -1.13915284e-07
vn 0.705003619 -0.70920378 -8.45436716e-08
vn 0.953849852 -0.300284237 -3.5796667e-08
vn 0.998345375 0.0575026199 6.85484558e-09
vn 0.955590665 0.294697136 3.51306326e-08
vn 0.788996696 0.614397526 7.32418854e-08
vn 0.41309458 0.910688221 1.08562482e-07
vn -0.0575026125 0.998345494 1.19012043e-07
vn -0.514804602 0.857307732 1.02199031e-07
vn -0.85429126 0.519794762 6.19643572e-08
vn -0.997994542 0.0632996559 7.54590612e-09
vn 0.985632241 -0.168905541 -2.01351078e-08
vn 0.8220734 -0.569381654 -6.78755754e-08
vn 0.50469774 -0.863296211 -1.02912914e-07
vn 0.842611015 -0.538507104 0.00409998978
vn 0.842607975 -0.538505197 0.00489998283
vn 0.171701267 0.0295003392 -0.984707415
vn 0.207506686 0.00200018147 -0.978231668
vn 0.237404764 0.0392009057 -0.970619619
vn 0.317280412 0.0189989414 -0.948141575
vn 0.297502428 0.0394004397 -0.953907847
vn 0.33641696 0.0354018994 -0.941047549
vn 0.384192437 0.0400993265 -0.922381997
vn 0.387815505 0.0384016521 -0.920936882
vn 0.425714374 0.043101564 -0.903830647
vn 0.475705534 0.0477006696 -0.878310382
vn 0.473795027 0.0467996188 -0.879390895
vn 0.556604922 0.0542005859 -0.829007506
vn 0.561288357 0.0535989925 -0.825883031
vn 0.606221795 0.0573021658 -0.793228686
vn 0.610981345 0.0571983531 -0.789576054
vn 0.663961828 0.0635964498 -0.745057285
vn 0.683073997 0.0600978099 -0.727872431
vn 0.721903622 0.0674004257 -0.688703537
vn 0.750934482 0.0693032742 -0.656730235
vn 0.768799663 0.0686000511 -0.635799766
vn 0.813428342 0.0794028491 -0.576220155
vn 0.817811012 0.0785011351 -0.570107758
vn 0.895709932 0.0736008808 -0.438504934
vn 0.873782396 0.0868983194 -0.478490442
vn 0.935456216 0.082896173 -0.343583941
vn 0.940546811 0.0871951282 -0.328281492
vn 0.960794508 0.0912995264 -0.261798531
vn 0.95965445 0.0905957446 -0.2661874
vn 0.974601746 0.0937002003 -0.203400373
vn 0.979253471 0.10180559 -0.175209567
vn 0.987128198 0.0948027372 -0.128803685
vn 0.990200341 0.0984000564 -0.0991000384
vn 0.991810381 0.098501049 -0.0813008398
vn 0.991539478 0.0987039506 -0.0843033493
vn 0.99417603 0.102097556 -0.0344991609
vn 0.994328201 0.101202883 -0.0327009186
vn 0.603594244 0.054999575 -0.795392573
vn 0.643158495 0.280382037 -0.712554038
vn 0.967692852 0.250798196 -0.0258997828
vn 0.984869957 0.171694785 -0.0234992653
vn 0.118200235 0.0132001471 -0.99290216
vn 0.135604411 0.025600953 -0.990432382
vn 0.171891212 0.0180991944 -0.984949768
vn 0.242204577 0.0244005807 -0.96991843
vn 0.363591909 0.0487990342 -0.930279493
vn 0.317114621 0.0290014539 -0.947943866
vn 0.237591952 0.0277991779 -0.970967233
vn 0.477208734 0.0473009758 -0.87751615
vn 0.384212285 0.0411014259 -0.922329545
vn 0.663695574 0.0691996366 -0.744795084
vn 0.60600096 0.0638002008 -0.792901397
vn 0.571899712 0.0643000752 -0.817799687
vn 0.556434035 0.0582036637 -0.828850806
vn 0.473802894 0.0483004078 -0.879305482
vn 0.720242858 0.0946057215 -0.687240958
vn 0.681714714 0.0715016499 -0.728115797
vn 0.750289142 0.0804989263 -0.656190574
vn 0.789127529 0.0878031552 -0.607921302
vn 0.812878191 0.0870977417 -0.57588464
vn 0.878366649 0.100596242 -0.467282295
vn 0.893697262 0.0994997621 -0.437498719
vn 0.938476264 0.10929729 -0.327591747
vn 0.936539054 0.108304568 -0.333413929
vn 0.957670093 0.110796586 -0.265691757
vn 0.969048977 0.114305809 -0.218811065
vn 0.978254855 0.111306272 -0.175009802
vn 0.987737 0.120804563 -0.0989037082
vn 0.98496443 0.115695849 -0.128295362
vn 0.989814699 0.117001764 -0.0811012015
vn 0.991004884 0.117800601 -0.0635003075
vn 0.99278152 0.114897877 -0.0343993492
vn 0.995839953 0.0911036655 -0.00170005765
vn 0.994871378 0.0994971544 -0.018199468
vn 0.992948115 0.117505707 -0.0157007463
vn 0.91913718 0.392715931 -0.0310012121
vn 0.709773183 0.256490439 -0.65607518
vn 0.551794946 0.231197998 -0.801292777
vn 0.601417184 0.209706113 -0.770922124
vn 0.460125536 0.151408523 -0.874848664
vn 0.464677751 0.103095181 -0.879457951
vn 0.459281057 0.182392597 -0.869364262
vn 0.36120972 0.0921025947 -0.92792505
vn 0.269510925 -0.0106003154 -0.962939143
vn 0.266800046 0.0171001218 -0.963600338
vn 0.267484397 0.0283984579 -0.963143826
vn 0.277784318 0.0705961436 -0.958046138
vn 0.326405734 0.0837015882 -0.941516638
vn 0.135505021 0.00890044868 -0.990736783
vn 0.153502896 0.0213005207 -0.987918735
vn 0.241602644 0.0331004821 -0.969810665
vn 0.116600327 0.0123001542 -0.993102908
vn 0.120599568 -0.00309987087 -0.992696524
vn 0.120599456 -0.00339986663 -0.99269563
vn 0.13390328 0.0118004084 -0.990924299
vn 0.792901337 0.0735002011 -0.604901075
vn 0.796166182 0.0744969249 -0.600474536
vn 0.881783783 0.0862984806 -0.463691533
vn 0.874979258 0.0835980847 -0.476888746
vn 0.939408422 0.0942008942 -0.329602987
vn 0.930546165 0.0893044844 -0.355117679
vn 0.971903265 0.097800374 -0.214100748
vn 0.96512717 0.0922026336 -0.245006919
vn 0.987520754 0.0981020853 -0.123202585
vn 0.983995557 0.0929996073 -0.15199931
vn 0.993695974 0.0962996259 -0.0573997647
vn 0.992656887 0.0927959979 -0.0775966346
vn 0.995311201 0.0939010754 -0.0232002512
vn 0.60540545 0.0506005511 -0.794307232
vn 0.585710227 0.0460009053 -0.809214234
vn 0.511995852 0.0391997918 -0.858093143
vn 0.138498276 0.0121999662 -0.990287721
vn 0.134199113 0.0110000456 -0.990893483
vn 0.24869068 0.0151995486 -0.968463898
vn 0.248808578 0.0152006419 -0.968433559
vn 0.376889825 0.0228994973 -0.925975144
vn 0.643784463 0.200095281 -0.738582194
vn 0.659834504 0.195110306 -0.725638032
vn 0.548996627 0.165899098 -0.819195032
vn 0.563211381 0.162303418 -0.810216486
vn 0.452603668 0.133201197 -0.881707251
vn 0.462884605 0.131095752 -0.876670957
vn 0.374887824 0.107896611 -0.920770109
vn 0.423404366 0.0690008253 -0.903309405
vn 0.242202997 0.034500543 -0.969612122
vn 0.368981332 0.0506975539 -0.9280532
vn 0.363889366 0.0522985868 -0.929972947
vn 0.465476573 0.0651968345 -0.88265574
vn 0.453520209 0.0694032013 -0.888539732
vn 0.564772904 0.083996065 -0.820960641
vn 0.546871603 0.0909953937 -0.832256973
vn 0.662385106 0.106997691 -0.74148339
vn 0.641008377 0.116701633 -0.75861007
vn 0.124899149 0.0123000359 -0.992093384
vn 0.118800282 0.00560013251 -0.992902517
vn 0.251004577 0.011500326 -0.96791774
vn 0.492114931 0.0350011699 -0.869826496
vn 0.387992293 0.0264995862 -0.921281755
vn 0.389304936 0.0234004073 -0.920811772
vn 0.249187797 0.0140994266 -0.968352675
vn 0.250105232 0.0138004068 -0.968120456
vn 0.132702485 0.00860028062 -0.991118729
vn 0.125096917 0.0116998302 -0.992075622
vn 0.653270423 0.0633972287 -0.754465938
vn 0.626718044 0.0518015958 -0.777522504
vn 0.557694912 0.0455996916 -0.828792632
vn 0.513399243 0.0359000526 -0.857398808
vn 0.462716728 0.031901259 -0.885932148
vn 0.374589592 0.0146997049 -0.927074373
vn 0.373382956 0.0148994327 -0.927557766
vn 0.248897627 0.00870003365 -0.968490899
vn 0.247791514 0.00949979108 -0.968766987
vn 0.131794915 0.00549990684 -0.991261959
vn 0.136897281 -0.00309982104 -0.990580499
vn 0.799625099 0.321610183 -0.507115901
vn 0.804463804 0.329285264 -0.494377792
vn 0.849894226 0.343397766 -0.399697304
vn 0.852334738 0.349114329 -0.38941592
vn 0.884392917 0.357897222 -0.299597621
vn 0.885184705 0.361793816 -0.292494923
vn 0.906214356 0.366405874 -0.211003333
vn 0.906224608 0.368710071 -0.206905603
vn 0.918989718 0.370595902 -0.134598464
vn 0.918883264 0.371293306 -0.133397534
vn 0.925682664 0.371693105 -0.0703986436
vn 0.944216788 0.320505768 -0.0757013187
vn 0.936748087 0.320482284 -0.140692174
vn 0.937437534 0.31601274 -0.146105826
vn 0.92382437 0.314608365 -0.218105733
vn 0.923895061 0.307598412 -0.227598771
vn 0.901609659 0.303903311 -0.307803303
vn 0.899992168 0.294697493 -0.321197212
vn 0.866202474 0.287500918 -0.408701181
vn 0.861786425 0.276495725 -0.425293326
vn 0.814211428 0.265103817 -0.516507268
vn 0.806423724 0.252507508 -0.534715712
vn 0.812040687 0.157207966 -0.562028229
vn 0.824073672 0.175894469 -0.538482845
vn 0.872986078 0.183297157 -0.45199281
vn 0.880475879 0.201394543 -0.429188251
vn 0.915813327 0.206403077 -0.344505042
vn 0.919093847 0.223098576 -0.324797839
vn 0.942603588 0.225900918 -0.245900944
vn 0.942909956 0.240202591 -0.23070243
vn 0.957310379 0.241402671 -0.159001708
vn 0.956068277 0.252691686 -0.148595065
vn 0.963770926 0.252792388 -0.0850974172
vn 0.954099238 0.294799805 -0.0527999289
vn 0.954544187 0.294713646 -0.0446020328
vn 0.799828172 0.0908032805 -0.593320966
vn 0.822896361 0.106099613 -0.558197618
vn 0.870177686 0.111797199 -0.479887754
vn 0.885123968 0.125503466 -0.44811216
vn 0.921174049 0.130296394 -0.366689682
vn 0.929401636 0.141900301 -0.340700597
vn 0.954106092 0.145400971 -0.26180166
vn 0.957797825 0.154799685 -0.242199466
vn 0.972941995 0.15700683 -0.169507325
vn 0.974023759 0.164704069 -0.155403793
vn 0.981843889 0.16589056 -0.0919947326
vn 0.981631815 0.172405615 -0.0817026347
vn 0.984631002 0.172805473 -0.0253007784
vn 0.972723544 0.230605617 -0.0251005832
vn 0.794323325 0.079902418 -0.602217674
vn 0.801710963 0.0838012323 -0.59180814
vn 0.872301459 0.0927002206 -0.48010087
vn 0.874430656 0.0942033678 -0.475916743
vn 0.927579045 0.101797752 -0.359491885
vn 0.927274346 0.101397254 -0.360390067
vn 0.962269723 0.107196666 -0.250092149
vn 0.961480975 0.105797954 -0.253695011
vn 0.981437624 0.109704234 -0.15730603
vn 0.981092989 0.108299255 -0.160398856
vn 0.990409732 0.110601112 -0.0828008056
vn 0.993457973 0.111495301 -0.0246989466
vn 0.993514776 0.11040166 -0.0272003971
vn 0.137599453 0.0135000646 -0.990396142
vn 0.146497071 0.0160997976 -0.98908031
vn 0.242707655 0.0181006882 -0.969930708
vn 0.247603565 0.0219004322 -0.968613982
vn 0.366090506 0.0273994021 -0.9301759
vn 0.374379188 0.0340982229 -0.926648617
vn 0.477902025 0.042100288 -0.877403796
vn 0.48900938 0.04690101 -0.8710168
vn 0.573372245 0.0547974519 -0.817460537
vn 0.582204461 0.0589005537 -0.810906291
vn 0.68561852 0.0707020015 -0.72451961
vn 0.688815057 0.0592013896 -0.722515881
vn 0.702604175 0.0628004596 -0.708804309
vn 0.701691508 0.0651993081 -0.709491551
vn 0.714082301 0.0706983358 -0.696482778
vn 0.714497447 0.0692998469 -0.696197569
vn 0.743813217 0.084601596 -0.663011849
vn 0.733881652 0.130196825 -0.666683376
vn 0.749312937 0.147802636 -0.64551121
vn 0.733123004 0.223507121 -0.642320275
vn 0.744067669 0.236689836 -0.624772966
vn 0.732143283 0.290417284 -0.616136432
vn 0.751145244 0.305418551 -0.585235298
vn 0.749849498 0.357876003 -0.556462526
vn 0.80529809 0.32629931 -0.494998842
vn 0.826084614 0.373393148 -0.422092199
vn 0.849565804 0.357685655 -0.387684405
vn 0.876493096 0.382597089 -0.292197675
vn 0.87839973 0.380799949 -0.288799882
vn 0.904960573 0.382983387 -0.185391903
vn 0.896610618 0.393804729 -0.202502385
vn 0.918520153 0.382308424 -0.100802183
vn 0.906170726 0.402887046 -0.128595814
vn 0.922506332 0.383302689 -0.0454002731
vn 0.920582771 0.387992799 -0.0445991233
vn 0.929910839 0.367304355 -0.0188001767
vn 0.950441718 0.309813648 -0.0260011088
vn 0.0742038414 0.0135008208 -0.997151852
vn 0.0683991164 0.0118999658 -0.997587204
vn 0.0747012943 0.0133003509 -0.9971174
vn 0.0664994046 0.013799997 -0.997691154
vn 0.0695000812 0.012700134 -0.997501254
vn 0.0505982749 0.0102997692 -0.998666108
vn 0.0516005978 0.0106002428 -0.998611689
vn 0.0508023389 0.0112006348 -0.99864608
vn 0.053799931 0.0103001064 -0.998498797
vn 0.0613029599 0.011900696 -0.998048365
vn 0.0698996186 0.0109000606 -0.997494638
vn 0.0670987368 0.0113999052 -0.99768132
vn 0.0742037445 0.0136005701 0.99715054
vn 0.0732013881 0.0140001485 0.997219026
vn 0.0764983371 0.0134995906 0.996978462
vn 0.0646021217 0.0125002945 0.997832954
vn 0.0639981106 0.0125995101 0.997870624
vn 0.0661028549 0.0118003925 0.99774313
vn 0.0536004454 0.0103999693 0.998508453
vn 0.052697476 0.0107993651 0.998552263
vn 0.0531019159 0.0103002544 0.99853611
vn 0.053301353 0.0103001446 0.998525441
vn 0.241393387 0.0221992768 0.970173538
vn 0.917191505 0.101899013 0.385196477
vn 0.785757363 0.389278889 0.480674028
vn 0.113598391 0.0515991598 0.992186069
vn 0.140597358 0.0129996408 0.989981592
vn 0.140497833 0.0137996711 0.98998493
vn 0.13539356 0.00879946444 0.990752995
vn 0.134393945 0.0119993426 0.990855455
vn 0.134598583 -0.00460007042 0.990889728
vn 0.117598094 0.0123996818 0.992983997
vn 0.117697284 0.0119996052 0.992977142
vn 0.153896645 0.0202994421 0.987878561
vn 0.136694595 0.0101994807 0.990560889
vn 0.134795949 0.00249980693 0.990870357
vn 0.262897909 0.0348996073 0.96419245
vn 0.28148517 0.0784957632 0.95634973
vn 0.264906257 0.0295005869 0.963822961
vn 0.263897449 0.0223996714 0.964290798
vn 0.793802381 0.322700948 0.515501678
vn 0.843306899 0.37620306 0.383803248
vn 0.8435902 0.352495909 0.405095398
vn 0.877300978 0.38370043 0.288300395
vn 0.877465069 0.377184987 0.296288282
vn 0.900141478 0.384817749 0.204109475
vn 0.899852633 0.391079426 0.193189904
vn 0.912884831 0.38659361 0.131097883
vn 0.91166991 0.397986889 0.102296688
vn 0.922708631 0.382803619 0.0455004722
vn 0.919152915 0.392779887 0.0296985283
vn 0.972693741 0.230698541 0.0253998674
vn 0.985319734 0.169203401 0.0227004774
vn 0.984777212 0.171696052 0.0270993989
vn 0.993672788 0.109497003 0.0249993317
vn 0.993512094 0.110401347 0.0273003485
vn 0.995598674 0.0910998881 0.021999985
vn 0.995487213 0.0947987884 0.00429995637
vn 0.994913578 0.0995013639 0.0157002266
vn 0.992837071 0.117704406 0.0205007829
vn 0.993035197 0.117504179 0.00860031974
vn 0.984797537 0.115099706 0.130099699
vn 0.985197306 0.11579968 0.126399681
vn 0.988162577 0.09469641 0.120695457
vn 0.866821706 0.0974023938 0.489012301
vn 0.744897306 0.0771996602 0.662697673
vn 0.525885761 0.0483985916 0.849177122
vn 0.136704102 0.0190004539 0.990429819
vn 0.224491835 0.0202991497 0.974264741
vn 0.240709767 0.0329012237 0.970039487
vn 0.279104799 0.0292003918 0.959816635
vn 0.323907703 0.029700594 0.945622504
vn 0.97341311 0.117701583 0.1965027
vn 0.969479322 0.114497542 0.21679543
vn 0.972819448 0.0945018679 0.211404264
vn 0.983429193 0.0974028856 0.15290457
vn 0.982003748 0.106600404 0.155900627
vn 0.13480112 0.011299978 0.990808368
vn 0.24880819 0.0153003912 0.968432069
vn 0.249400556 0.013799917 0.96830225
vn 0.375401318 0.0257999822 0.92650336
vn 0.374999613 0.0280998629 0.926599085
vn 0.363992602 0.0339992046 0.930781305
vn 0.362293839 0.0506990328 0.930684268
vn 0.409196347 0.0370995626 0.911691964
vn 0.562289715 0.166596875 0.80998528
vn 0.550197124 0.156199113 0.820295811
vn 0.563320875 0.0890032127 0.821430564
vn 0.570802033 0.0651001409 0.818503022
vn 0.571694732 0.0582993738 0.818392634
vn 0.582090378 0.0560989864 0.81118679
vn 0.583993196 0.0487993397 0.810290635
vn 0.605381072 0.0481983982 0.794475198
vn 0.603005469 0.0540004037 0.795907378
vn 0.623909056 0.0513006598 0.779811442
vn 0.651879489 0.0632979274 0.755676329
vn 0.643632591 0.0995049626 0.758838594
vn 0.660393536 0.114798799 0.742092788
vn 0.645610809 0.188203081 0.740112424
vn 0.65848583 0.200895607 0.725284398
vn 0.548890054 0.0775985047 0.832285047
vn 0.557887256 0.0393990055 0.828981161
vn 0.510382116 0.0409984663 0.858970046
vn 0.512114406 0.0369009413 0.858124316
vn 0.49031806 0.0376012847 0.870732188
vn 0.488884926 0.0432985649 0.87127322
vn 0.475814253 0.0463012867 0.878326416
vn 0.474995136 0.0529993586 0.878391147
vn 0.464810044 0.0547010787 0.883719206
vn 0.231002316 0.00919997785 0.972909808
vn 0.242203489 0.0315003432 0.969714105
vn 0.24828656 0.00869941432 0.968647659
vn 0.127195656 0.00479971804 0.991866231
vn 0.119996153 -0.00350000663 0.992768288
vn 0.462312847 0.133403614 0.876624525
vn 0.453405321 0.126301408 0.88231051
vn 0.464784384 0.0671976432 0.882870436
vn 0.454904944 0.0601005554 0.88850981
vn 0.462003946 0.0318001732 0.886307716
vn 0.390884548 0.0179991815 0.920263827
vn 0.388599664 0.0237998739 0.921099365
vn 0.248290583 0.0153993024 0.968563378
vn 0.247903064 0.0183001142 0.968612075
vn 0.13759394 0.0161991697 0.990356445
vn 0.136801466 0.0132000241 0.990510643
vn 0.967662156 0.250790238 0.0270989742
vn 0.955385208 0.291695505 0.0463993177
vn 0.953256905 0.291786849 0.0784965008
vn 0.731804907 0.266601771 0.627204299
vn 0.721619248 0.294307828 0.626616895
vn 0.806221724 0.32260868 0.495913446
vn 0.798043907 0.326117903 0.506727993
vn 0.854019344 0.343507797 0.390708983
vn 0.848578215 0.346991122 0.399389863
vn 0.886675537 0.357390165 0.293391973
vn 0.883438945 0.360315889 0.299513251
vn 0.907358348 0.365623534 0.207413405
vn 0.905725718 0.367610455 0.21100606
vn 0.919484317 0.369693756 0.133697778
vn 0.919032991 0.370413333 0.134804904
vn 0.927589178 0.370595694 0.0472995006
vn 0.912361503 0.40388298 0.0668972284
vn 0.929898441 0.367299408 0.0195000153
vn 0.950482786 0.309794426 0.0246995948
vn 0.827667177 0.153993845 0.539678633
vn 0.975645065 0.154707149 0.155507207
vn 0.95527786 0.248494267 0.160296336
vn 0.959957063 0.236989424 0.149393365
vn 0.981315255 0.16860263 0.0927014723
vn 0.99065268 0.108705781 0.0824044049
vn 0.990697742 0.108599752 0.0819998384
vn 0.992277861 0.096197851 0.0782982782
vn 0.99404794 0.0938045308 0.0554026887
vn 0.991064906 0.11809583 0.0619978271
vn 0.992592216 0.115299098 0.038299717
vn 0.961588085 0.105298683 0.253496915
vn 0.952842474 0.151206717 0.2631118
vn 0.959404528 0.144000664 0.242501199
vn 0.939825654 0.235306427 0.247706831
vn 0.947230816 0.221507207 0.231707603
vn 0.929798782 0.0930998474 0.356099546
vn 0.928149343 0.0997945219 0.35858044
vn 0.927481353 0.100197949 0.360192776
vn 0.919214904 0.138202205 0.368706048
vn 0.930983245 0.130097628 0.341093928
vn 0.912465215 0.217291698 0.34668684
vn 0.923463881 0.202192068 0.326087296
vn 0.808015347 0.168303147 0.564610779
vn 0.824189365 0.0931987464 0.558592856
vn 0.796111524 0.101901412 0.596508682
vn 0.802425742 0.0796024948 0.591419041
vn 0.793331027 0.0814031288 0.603323638
vn 0.7957865 0.0743986815 0.600989878
vn 0.792672515 0.074497357 0.605079055
vn 0.789071977 0.0885967985 0.607878506
vn 0.820010483 0.0895010903 0.565307319
vn 0.878805816 0.101300627 0.46630317
vn 0.882505059 0.0853004456 0.462502718
vn 0.874317765 0.0858016983 0.47770977
vn 0.872391462 0.0923990533 0.47999537
vn 0.874884367 0.091598317 0.47559157
vn 0.867368758 0.121595576 0.482582688
vn 0.886547327 0.113005996 0.448624015
vn 0.869205713 0.194701254 0.454503059
vn 0.884585977 0.179397121 0.430493265
vn 0.817022443 0.251606882 0.518814445
vn 0.803827226 0.259208769 0.535418272
vn 0.869308114 0.274702519 0.410903901
vn 0.859391391 0.282797128 0.425995827
vn 0.904794157 0.292398125 0.309598058
vn 0.897991419 0.300097138 0.321796983
vn 0.926730514 0.305010051 0.219407275
vn 0.922424972 0.311608434 0.22810623
vn 0.93904686 0.31331566 0.141507119
vn 0.936689496 0.317996442 0.146598414
vn 0.947786748 0.317295611 0.0319995955
vn 0.964791238 0.248697758 0.085599266
vn 0.983279705 0.162796661 0.0815983489
vn 0.972131312 0.161005184 0.170405507
vn 0.981181264 0.107797936 0.160196975
vn 0.962986231 0.104198493 0.248596489
vn 0.964431703 0.0967031643 0.246008143
vn 0.940422654 0.0917021781 0.327407926
vn 0.938919842 0.0996020809 0.329407007
vn 0.957804263 0.119500518 0.261401206
vn 0.639104307 0.0609003231 0.766705334
vn 0.671604574 0.0740004182 0.737205088
vn 0.685085535 0.0710984245 0.724984765
vn 0.687590241 0.0614990517 0.723489821
vn 0.702423155 0.0612019412 0.709123433
vn 0.699802279 0.0679001436 0.711102307
vn 0.714921236 0.0656018704 0.696120739
vn 0.710191309 0.0804989338 0.699391484
vn 0.744868457 0.0723968744 0.663271964
vn 0.729987919 0.139897615 0.668989003
vn 0.752292871 0.127398714 0.646393895
vn 0.730618 0.22990562 0.642915905
vn 0.746299922 0.223399922 0.626999974
vn 0.727701962 0.306500793 0.613601804
vn 0.649592102 0.248596922 0.718491316
vn 0.604600668 0.247500211 0.75710094
vn 0.557100117 0.199199975 0.806200325
vn 0.482580334 0.201891705 0.852265358
vn 0.462705046 0.130801335 0.876809657
vn 0.385896683 0.108898975 0.916092277
vn 0.361604691 0.0886010528 0.92811209
vn 0.368996203 0.0498993844 0.928090572
vn 0.364799649 0.0469998494 0.929899216
vn 0.372013927 0.0189005993 0.928034842
vn 0.24430801 0.0113002565 0.96963197
vn 0.24590528 0.0119001409 0.969220936
vn 0.12760064 0.00639991462 0.991805077
vn 0.125601485 0.011700023 0.992011905
vn 0.224405035 0.0270004943 0.974121988
vn 0.994832754 0.101203345 0.00810028054
vn 0.994834602 0.101503544 0.00110005052
vn 0.994143426 0.101204425 0.0379016735
vn 0.994133353 0.101303406 0.037901286
vn 0.987504244 0.0961004123 0.124900565
vn 0.986705065 0.0978004932 0.129800707
vn 0.976432025 0.0929030329 0.194806442
vn 0.976103365 0.0930003002 0.196400717
vn 0.965112329 0.0921011642 0.245103195
vn 0.960542917 0.0947042108 0.261511713
vn 0.938788652 0.083198972 0.334296018
vn 0.91841805 0.089701727 0.38530764
vn 0.883307576 0.0747005939 0.462804019
vn 0.86857301 0.0779975206 0.48938483
vn 0.823070168 0.0748972297 0.562979698
vn 0.821229637 0.0752026513 0.565620422
vn 0.77583003 0.0702026486 0.627024293
vn 0.745178223 0.0736977831 0.662780702
vn 0.694696188 0.0587995984 0.716896117
vn 0.63888979 0.0656988695 0.766487896
vn 0.589298427 0.0510997772 0.806298018
vn 0.5331164 0.0554016083 0.844226122
vn 0.525503933 0.0566003285 0.848906457
vn 0.49058491 0.0460984856 0.870173335
vn 0.465208232 0.045800712 0.884015799
vn 0.454706967 0.0448005833 0.889513791
vn 0.405108333 0.0438007973 0.913218975
vn 0.408999771 0.0412998684 0.911599576
vn 0.343399704 0.0359998606 0.938499331
vn 0.30378437 0.0475974493 0.951551259
vn 0.324201763 0.0185999908 0.945805252
vn 0.279107243 0.0289006382 0.959825039

# Mesh 'right_little_2-0' with 6384 faces
g right_little_2-0
usemtl rubber
f  1//1 2//1 3//1
f  4//2 5//2 6//2
f  4//3 6//3 7//3
f  7//4 6//4 8//4
f  7//5 8//5 9//5
f  9//6 8//6 10//6
f  9//7 10//7 11//7
f  12//8 13//8 14//8
f  15//9 3//9 16//9
f  1//10 3//10 17//10
f  17//11 3//11 15//11
f  17//12 15//12 18//12
f  18//13 15//13 19//13
f  18//14 19//14 20//14
f  20//15 19//15 21//15
f  20//16 21//16 22//16
f  22//17 21//17 23//17
f  23//18 21//18 24//18
f  23//19 24//19 25//19
f  4//20 26//20 5//20
f  5//21 26//21 27//21
f  5//22 27//22 28//22
f  29//23 11//23 14//23
f  14//24 11//24 10//24
f  14//25 10//25 12//25
f  12//26 10//26 8//26
f  12//27 8//27 30//27
f  30//28 8//28 6//28
f  30//29 6//29 31//29
f  31//30 6//30 5//30
f  31//31 5//31 32//31
f  32//32 5//32 28//32
f  32//33 28//33 33//33
f  34//34 25//34 33//34
f  33//35 25//35 24//35
f  33//36 24//36 32//36
f  32//37 24//37 21//37
f  32//38 21//38 31//38
f  31//39 21//39 19//39
f  31//40 19//40 30//40
f  30//41 19//41 15//41
f  30//42 15//42 12//42
f  12//43 15//43 16//43
f  12//44 16//44 13//44
f  16//45 3//45 35//45
f  3//46 2//46 36//46
f  37//47 13//47 16//47
f  38//48 29//48 14//48
f  39//49 40//49 41//49
f  41//50 40//50 42//50
f  41//51 42//51 43//51
f  43//52 42//52 44//52
f  43//53 44//53 45//53
f  45//54 44//54 38//54
f  45//55 38//55 46//55
f  46//56 38//56 14//56
f  46//57 14//57 13//57
f  47//58 48//58 49//58
f  50//59 48//59 51//59
f  51//60 48//60 47//60
f  51//61 47//61 52//61
f  52//62 47//62 53//62
f  52//63 53//63 54//63
f  54//64 53//64 55//64
f  54//65 55//65 56//65
f  3//66 36//66 35//66
f  35//67 36//67 57//67
f  35//68 57//68 55//68
f  55//69 57//69 58//69
f  55//70 58//70 56//70
f  13//71 37//71 46//71
f  46//72 37//72 59//72
f  46//73 59//73 45//73
f  45//74 59//74 60//74
f  45//75 60//75 43//75
f  43//76 60//76 61//76
f  43//77 61//77 41//77
f  41//78 61//78 62//78
f  41//79 62//79 39//79
f  16//80 35//80 37//80
f  37//81 35//81 55//81
f  37//82 55//82 59//82
f  59//83 55//83 53//83
f  59//84 53//84 60//84
f  60//85 53//85 47//85
f  60//86 47//86 61//86
f  61//87 47//87 49//87
f  61//88 49//88 62//88
f  63//89 64//89 65//89
f  42//90 40//90 63//90
f  65//91 29//91 38//91
f  63//92 65//92 42//92
f  42//93 65//93 38//93
f  42//94 38//94 44//94
f  66//95 4//95 7//95
f  11//96 29//96 65//96
f  11//97 65//97 9//97
f  9//98 65//98 7//98
f  7//99 65//99 64//99
f  7//100 64//100 66//100
f  67//101 68//101 69//101
f  67//102 69//102 70//102
f  70//103 69//103 71//103
f  70//104 71//104 72//104
f  73//105 74//105 75//105
f  73//106 75//106 76//106
f  76//107 75//107 77//107
f  76//108 77//108 78//108
f  78//109 72//109 76//109
f  76//110 72//110 71//110
f  76//111 71//111 79//111
f  79//112 71//112 69//112
f  79//113 69//113 80//113
f  80//114 69//114 81//114
f  81//115 69//115 82//115
f  81//116 82//116 83//116
f  84//117 83//117 85//117
f  85//118 83//118 82//118
f  85//119 82//119 86//119
f  86//120 82//120 69//120
f  86//121 69//121 87//121
f  87//122 69//122 68//122
f  87//123 68//123 88//123
f  89//124 90//124 91//124
f  92//125 93//125 94//125
f  95//126 96//126 73//126
f  97//127 98//127 99//127
f  100//128 101//128 102//128
f  94//129 103//129 104//129
f  104//130 103//130 105//130
f  104//131 105//131 106//131
f  93//132 107//132 94//132
f  94//133 107//133 108//133
f  94//134 108//134 103//134
f  93//135 109//135 107//135
f  107//136 109//136 110//136
f  107//137 110//137 111//137
f  110//138 112//138 111//138
f  111//139 112//139 113//139
f  111//140 113//140 114//140
f  113//141 115//141 114//141
f  114//142 115//142 116//142
f  114//143 116//143 117//143
f  118//144 119//144 120//144
f  120//145 119//145 116//145
f  116//146 119//146 121//146
f  116//147 121//147 117//147
f  122//148 123//148 124//148
f  124//149 123//149 125//149
f  124//150 91//150 126//150
f  120//151 122//151 118//151
f  118//152 122//152 124//152
f  118//153 124//153 127//153
f  127//154 124//154 126//154
f  128//155 129//155 130//155
f  131//156 132//156 130//156
f  130//157 132//157 133//157
f  130//158 133//158 128//158
f  91//159 134//159 132//159
f  131//160 135//160 132//160
f  132//161 135//161 136//161
f  132//162 136//162 91//162
f  91//163 136//163 137//163
f  91//164 137//164 126//164
f  134//165 91//165 138//165
f  138//166 91//166 90//166
f  138//167 90//167 139//167
f  90//168 140//168 139//168
f  139//169 140//169 141//169
f  139//170 141//170 142//170
f  142//171 141//171 143//171
f  142//172 143//172 144//172
f  145//173 146//173 147//173
f  147//174 146//174 144//174
f  97//175 99//175 148//175
f  99//176 149//176 148//176
f  148//177 149//177 150//177
f  148//178 150//178 151//178
f  152//179 153//179 154//179
f  154//180 153//180 155//180
f  154//181 155//181 156//181
f  156//182 157//182 158//182
f  158//183 157//183 159//183
f  158//184 159//184 150//184
f  150//185 159//185 160//185
f  150//186 160//186 151//186
f  96//187 95//187 161//187
f  95//188 162//188 161//188
f  161//189 162//189 163//189
f  161//190 163//190 152//190
f  152//191 163//191 164//191
f  152//192 164//192 153//192
f  74//193 73//193 165//193
f  165//194 73//194 96//194
f  165//195 96//195 166//195
f  166//196 96//196 161//196
f  166//197 161//197 167//197
f  168//198 169//198 170//198
f  171//199 172//199 173//199
f  87//200 88//200 174//200
f  87//201 174//201 86//201
f  86//202 174//202 175//202
f  86//203 175//203 176//203
f  174//204 177//204 175//204
f  175//205 177//205 178//205
f  175//206 178//206 170//206
f  170//207 178//207 179//207
f  170//208 179//208 168//208
f  176//209 175//209 180//209
f  180//210 175//210 170//210
f  180//211 170//211 181//211
f  182//212 183//212 184//212
f  182//213 184//213 185//213
f  123//214 186//214 125//214
f  125//215 186//215 187//215
f  125//216 187//216 188//216
f  188//217 187//217 189//217
f  189//218 190//218 188//218
f  188//219 190//219 191//219
f  188//220 191//220 184//220
f  184//221 191//221 192//221
f  184//222 192//222 185//222
f  89//223 91//223 193//223
f  193//224 91//224 124//224
f  193//225 124//225 194//225
f  195//226 196//226 197//226
f  197//227 196//227 198//227
f  197//228 198//228 199//228
f  200//229 201//229 125//229
f  125//230 201//230 202//230
f  125//231 202//231 124//231
f  124//232 202//232 203//232
f  124//233 203//233 194//233
f  101//234 204//234 102//234
f  102//235 204//235 205//235
f  102//236 205//236 206//236
f  206//237 205//237 207//237
f  206//238 207//238 197//238
f  197//239 207//239 208//239
f  197//240 208//240 195//240
f  183//241 92//241 184//241
f  184//242 92//242 94//242
f  184//243 94//243 170//243
f  170//244 94//244 104//244
f  170//245 104//245 181//245
f  181//246 104//246 106//246
f  181//247 106//247 209//247
f  156//248 158//248 154//248
f  154//249 158//249 150//249
f  154//250 150//250 210//250
f  210//251 150//251 149//251
f  210//252 149//252 147//252
f  147//253 149//253 99//253
f  147//254 99//254 145//254
f  173//255 167//255 171//255
f  171//256 167//256 161//256
f  171//257 161//257 211//257
f  211//258 161//258 152//258
f  211//259 152//259 212//259
f  212//260 152//260 154//260
f  212//261 154//261 197//261
f  197//262 154//262 210//262
f  197//263 210//263 206//263
f  206//264 210//264 147//264
f  206//265 147//265 102//265
f  102//266 147//266 144//266
f  102//267 144//267 100//267
f  100//268 144//268 143//268
f  199//269 200//269 197//269
f  197//270 200//270 125//270
f  197//271 125//271 212//271
f  212//272 125//272 188//272
f  212//273 188//273 211//273
f  211//274 188//274 184//274
f  211//275 184//275 171//275
f  171//276 184//276 170//276
f  171//277 170//277 172//277
f  172//278 170//278 169//278
f  106//279 23//279 209//279
f  209//280 23//280 25//280
f  209//281 25//281 34//281
f  103//282 18//282 105//282
f  105//283 18//283 20//283
f  105//284 20//284 106//284
f  106//285 20//285 22//285
f  106//286 22//286 23//286
f  107//287 2//287 108//287
f  108//288 2//288 1//288
f  108//289 1//289 103//289
f  103//290 1//290 17//290
f  103//291 17//291 18//291
f  2//292 107//292 213//292
f  214//293 54//293 215//293
f  215//294 54//294 56//294
f  215//295 56//295 216//295
f  216//296 56//296 58//296
f  216//297 58//297 217//297
f  217//298 58//298 57//298
f  217//299 57//299 213//299
f  213//300 57//300 36//300
f  213//301 36//301 2//301
f  50//302 51//302 214//302
f  214//303 51//303 52//303
f  214//304 52//304 54//304
f  218//305 219//305 220//305
f  221//306 222//306 223//306
f  224//307 225//307 226//307
f  226//308 225//308 227//308
f  226//309 227//309 228//309
f  229//310 224//310 230//310
f  230//311 224//311 231//311
f  230//312 231//312 232//312
f  232//313 231//313 233//313
f  234//314 235//314 236//314
f  236//315 235//315 227//315
f  236//316 227//316 237//316
f  237//317 227//317 225//317
f  237//318 225//318 238//318
f  238//319 225//319 224//319
f  238//320 224//320 239//320
f  239//321 224//321 229//321
f  233//322 231//322 240//322
f  240//323 231//323 241//323
f  240//324 241//324 242//324
f  243//325 223//325 241//325
f  241//326 223//326 222//326
f  241//327 222//327 242//327
f  242//328 222//328 221//328
f  242//329 221//329 244//329
f  245//330 246//330 247//330
f  248//331 246//331 249//331
f  249//332 246//332 245//332
f  249//333 245//333 250//333
f  251//334 252//334 253//334
f  253//335 252//335 254//335
f  253//336 254//336 255//336
f  255//337 254//337 256//337
f  255//338 256//338 257//338
f  257//339 256//339 258//339
f  257//340 258//340 259//340
f  260//341 261//341 262//341
f  262//342 261//342 263//342
f  262//343 263//343 264//343
f  264//344 263//344 265//344
f  265//345 266//345 264//345
f  264//346 266//346 267//346
f  264//347 267//347 268//347
f  269//348 270//348 271//348
f  271//349 270//349 272//349
f  129//350 128//350 273//350
f  273//351 128//351 133//351
f  273//352 133//352 272//352
f  272//353 133//353 274//353
f  272//354 274//354 271//354
f  271//355 274//355 275//355
f  271//356 275//356 268//356
f  276//357 277//357 278//357
f  278//358 277//358 271//358
f  271//359 277//359 279//359
f  271//360 279//360 269//360
f  280//361 281//361 278//361
f  280//362 278//362 219//362
f  281//363 282//363 278//363
f  278//364 282//364 283//364
f  278//365 283//365 276//365
f  282//366 284//366 283//366
f  283//367 284//367 285//367
f  283//368 285//368 286//368
f  286//369 285//369 287//369
f  286//370 287//370 288//370
f  288//371 287//371 114//371
f  114//372 287//372 289//372
f  114//373 289//373 111//373
f  289//374 290//374 111//374
f  111//375 290//375 291//375
f  111//376 291//376 107//376
f  107//377 291//377 292//377
f  216//378 217//378 293//378
f  292//379 294//379 107//379
f  107//380 294//380 293//380
f  107//381 293//381 213//381
f  213//382 293//382 217//382
f  295//383 214//383 296//383
f  296//384 214//384 215//384
f  262//385 259//385 260//385
f  260//386 259//386 258//386
f  260//387 258//387 297//387
f  297//388 258//388 298//388
f  299//389 300//389 301//389
f  301//390 300//390 302//390
f  303//391 304//391 220//391
f  219//392 278//392 220//392
f  220//393 278//393 305//393
f  220//394 305//394 303//394
f  306//395 307//395 308//395
f  308//396 307//396 309//396
f  268//397 267//397 271//397
f  271//398 267//398 310//398
f  271//399 310//399 278//399
f  278//400 310//400 311//400
f  278//401 311//401 305//401
f  312//402 313//402 220//402
f  220//403 313//403 314//403
f  220//404 314//404 218//404
f  294//405 315//405 293//405
f  293//406 315//406 316//406
f  293//407 316//407 317//407
f  318//408 319//408 320//408
f  320//409 321//409 318//409
f  318//410 321//410 322//410
f  318//411 322//411 312//411
f  312//412 322//412 323//412
f  312//413 323//413 313//413
f  215//414 216//414 296//414
f  296//415 216//415 293//415
f  296//416 293//416 318//416
f  318//417 293//417 317//417
f  318//418 317//418 319//418
f  304//419 306//419 220//419
f  220//420 306//420 308//420
f  220//421 308//421 312//421
f  312//422 308//422 324//422
f  312//423 324//423 318//423
f  325//424 326//424 327//424
f  327//425 326//425 328//425
f  327//426 328//426 329//426
f  329//427 328//427 330//427
f  329//428 330//428 301//428
f  301//429 330//429 308//429
f  301//430 308//430 299//430
f  299//431 308//431 309//431
f  302//432 298//432 301//432
f  301//433 298//433 258//433
f  301//434 258//434 329//434
f  329//435 258//435 256//435
f  329//436 256//436 327//436
f  327//437 256//437 254//437
f  327//438 254//438 325//438
f  325//439 254//439 252//439
f  224//440 331//440 231//440
f  231//441 331//441 245//441
f  231//442 245//442 241//442
f  241//443 245//443 247//443
f  241//444 247//444 243//444
f  326//445 248//445 328//445
f  328//446 248//446 249//446
f  328//447 249//447 330//447
f  330//448 249//448 250//448
f  330//449 250//449 308//449
f  308//450 250//450 245//450
f  308//451 245//451 324//451
f  324//452 245//452 331//452
f  324//453 331//453 318//453
f  318//454 331//454 224//454
f  318//455 224//455 296//455
f  296//456 224//456 226//456
f  296//457 226//457 295//457
f  332//458 333//458 334//458
f  335//459 336//459 76//459
f  76//460 336//460 337//460
f  76//461 337//461 73//461
f  334//462 333//462 338//462
f  338//463 333//463 339//463
f  338//464 339//464 340//464
f  340//465 339//465 341//465
f  341//466 339//466 342//466
f  341//467 342//467 343//467
f  343//468 342//468 344//468
f  343//469 344//469 345//469
f  345//470 344//470 346//470
f  346//471 344//471 347//471
f  346//472 347//472 348//472
f  83//473 84//473 349//473
f  349//474 350//474 83//474
f  83//475 350//475 351//475
f  83//476 351//476 81//476
f  81//477 351//477 352//477
f  81//478 352//478 80//478
f  335//479 76//479 352//479
f  352//480 76//480 79//480
f  352//481 79//481 80//481
f  332//482 336//482 333//482
f  333//483 336//483 335//483
f  333//484 335//484 339//484
f  339//485 335//485 352//485
f  339//486 352//486 342//486
f  342//487 352//487 351//487
f  342//488 351//488 344//488
f  344//489 351//489 350//489
f  344//490 350//490 347//490
f  347//491 350//491 349//491
f  353//492 354//492 355//492
f  356//493 357//493 358//493
f  359//494 360//494 361//494
f  361//495 360//495 362//495
f  361//496 362//496 363//496
f  363//497 362//497 364//497
f  363//498 364//498 365//498
f  365//499 364//499 366//499
f  365//500 366//500 367//500
f  367//501 366//501 356//501
f  367//502 356//502 368//502
f  368//503 356//503 358//503
f  368//504 358//504 353//504
f  369//505 370//505 359//505
f  359//506 370//506 371//506
f  359//507 371//507 360//507
f  372//508 373//508 374//508
f  374//509 373//509 375//509
f  374//510 375//510 376//510
f  376//511 375//511 377//511
f  376//512 377//512 369//512
f  369//513 377//513 378//513
f  369//514 378//514 370//514
f  372//515 379//515 380//515
f  380//516 379//516 381//516
f  380//517 381//517 382//517
f  382//518 381//518 383//518
f  382//519 383//519 384//519
f  384//520 383//520 385//520
f  384//521 385//521 386//521
f  386//522 385//522 387//522
f  387//523 385//523 388//523
f  387//524 388//524 389//524
f  390//525 391//525 392//525
f  393//526 394//526 381//526
f  381//527 394//527 395//527
f  381//528 395//528 383//528
f  383//529 395//529 396//529
f  383//530 396//530 385//530
f  385//531 396//531 390//531
f  385//532 390//532 388//532
f  388//533 390//533 392//533
f  388//534 392//534 389//534
f  393//535 381//535 397//535
f  397//536 381//536 379//536
f  397//537 379//537 398//537
f  372//538 374//538 379//538
f  379//539 374//539 399//539
f  379//540 399//540 398//540
f  361//541 400//541 359//541
f  359//542 400//542 401//542
f  359//543 401//543 369//543
f  369//544 401//544 402//544
f  369//545 402//545 376//545
f  376//546 402//546 403//546
f  376//547 403//547 374//547
f  374//548 403//548 404//548
f  374//549 404//549 399//549
f  353//550 355//550 368//550
f  368//551 355//551 405//551
f  368//552 405//552 367//552
f  367//553 405//553 406//553
f  367//554 406//554 365//554
f  365//555 406//555 407//555
f  365//556 407//556 363//556
f  363//557 407//557 408//557
f  363//558 408//558 361//558
f  361//559 408//559 409//559
f  361//560 409//560 400//560
f  397//561 345//561 346//561
f  410//562 411//562 412//562
f  413//563 414//563 415//563
f  416//564 407//564 406//564
f  407//565 416//565 408//565
f  408//566 416//566 417//566
f  408//567 417//567 409//567
f  409//568 417//568 418//568
f  409//569 418//569 400//569
f  400//570 418//570 419//570
f  400//571 419//571 401//571
f  401//572 419//572 332//572
f  401//573 332//573 402//573
f  405//574 420//574 406//574
f  406//575 420//575 421//575
f  406//576 421//576 416//576
f  422//577 423//577 405//577
f  405//578 423//578 424//578
f  405//579 424//579 420//579
f  405//580 355//580 422//580
f  422//581 355//581 354//581
f  422//582 354//582 425//582
f  425//583 354//583 426//583
f  426//584 354//584 427//584
f  426//585 427//585 428//585
f  427//586 429//586 428//586
f  428//587 429//587 430//587
f  428//588 430//588 431//588
f  430//589 432//589 431//589
f  431//590 432//590 433//590
f  431//591 433//591 434//591
f  434//592 433//592 435//592
f  434//593 435//593 436//593
f  436//594 435//594 437//594
f  436//595 437//595 438//595
f  438//596 437//596 439//596
f  413//597 440//597 414//597
f  414//598 440//598 441//598
f  414//599 441//599 442//599
f  442//600 441//600 438//600
f  442//601 438//601 443//601
f  443//602 438//602 439//602
f  412//603 411//603 444//603
f  444//604 411//604 445//604
f  444//605 445//605 415//605
f  415//606 445//606 446//606
f  415//607 446//607 413//607
f  447//608 448//608 449//608
f  449//609 448//609 450//609
f  449//610 450//610 412//610
f  412//611 450//611 451//611
f  412//612 451//612 410//612
f  447//613 449//613 452//613
f  452//614 449//614 453//614
f  452//615 453//615 454//615
f  454//616 453//616 455//616
f  454//617 455//617 456//617
f  456//618 455//618 457//618
f  456//619 457//619 458//619
f  458//620 457//620 459//620
f  458//621 459//621 460//621
f  459//622 461//622 460//622
f  460//623 461//623 462//623
f  460//624 462//624 463//624
f  462//625 464//625 463//625
f  463//626 464//626 465//626
f  463//627 465//627 466//627
f  466//628 465//628 467//628
f  466//629 467//629 468//629
f  469//630 470//630 467//630
f  467//631 470//631 471//631
f  467//632 471//632 468//632
f  469//633 472//633 470//633
f  470//634 472//634 473//634
f  470//635 473//635 474//635
f  474//636 473//636 475//636
f  474//637 475//637 476//637
f  332//638 334//638 402//638
f  402//639 334//639 338//639
f  402//640 338//640 403//640
f  403//641 338//641 340//641
f  403//642 340//642 404//642
f  404//643 340//643 341//643
f  345//644 397//644 343//644
f  343//645 397//645 398//645
f  343//646 398//646 341//646
f  341//647 398//647 399//647
f  341//648 399//648 404//648
f  346//649 348//649 397//649
f  397//650 348//650 477//650
f  397//651 477//651 393//651
f  393//652 477//652 394//652
f  478//653 479//653 480//653
f  481//654 482//654 483//654
f  484//655 485//655 486//655
f  485//656 487//656 486//656
f  486//657 487//657 488//657
f  486//658 488//658 489//658
f  490//659 491//659 492//659
f  492//660 491//660 493//660
f  492//661 493//661 494//661
f  495//662 496//662 497//662
f  497//663 496//663 498//663
f  499//664 500//664 501//664
f  501//665 500//665 502//665
f  500//666 478//666 502//666
f  502//667 478//667 480//667
f  502//668 480//668 503//668
f  503//669 480//669 504//669
f  503//670 504//670 505//670
f  482//671 506//671 483//671
f  483//672 506//672 507//672
f  483//673 507//673 508//673
f  509//674 494//674 498//674
f  498//675 494//675 493//675
f  498//676 493//676 497//676
f  497//677 493//677 491//677
f  497//678 491//678 510//678
f  485//679 481//679 487//679
f  487//680 481//680 483//680
f  487//681 483//681 504//681
f  504//682 483//682 508//682
f  504//683 508//683 505//683
f  511//684 489//684 490//684
f  490//685 489//685 488//685
f  490//686 488//686 491//686
f  491//687 488//687 487//687
f  491//688 487//688 510//688
f  510//689 487//689 504//689
f  510//690 504//690 497//690
f  497//691 504//691 480//691
f  497//692 480//692 495//692
f  495//693 480//693 479//693
f  512//694 513//694 514//694
f  512//695 514//695 515//695
f  515//696 514//696 516//696
f  515//697 516//697 517//697
f  517//698 516//698 518//698
f  518//699 516//699 519//699
f  518//700 519//700 520//700
f  520//701 519//701 521//701
f  520//702 521//702 522//702
f  522//703 521//703 523//703
f  522//704 523//704 524//704
f  489//705 511//705 525//705
f  525//706 526//706 489//706
f  489//707 526//707 527//707
f  489//708 527//708 486//708
f  528//709 529//709 530//709
f  531//710 484//710 486//710
f  531//711 486//711 532//711
f  532//712 486//712 527//712
f  532//713 527//713 533//713
f  533//714 527//714 528//714
f  533//715 528//715 534//715
f  534//716 528//716 530//716
f  525//717 535//717 526//717
f  526//718 535//718 536//718
f  526//719 536//719 527//719
f  527//720 536//720 537//720
f  527//721 537//721 528//721
f  528//722 537//722 538//722
f  528//723 538//723 529//723
f  529//724 538//724 539//724
f  535//725 523//725 536//725
f  536//726 523//726 521//726
f  536//727 521//727 537//727
f  537//728 521//728 519//728
f  537//729 519//729 538//729
f  538//730 519//730 516//730
f  538//731 516//731 539//731
f  539//732 516//732 514//732
f  513//733 540//733 541//733
f  513//734 541//734 514//734
f  514//735 541//735 542//735
f  514//736 542//736 539//736
f  539//737 542//737 543//737
f  539//738 543//738 529//738
f  529//739 543//739 544//739
f  529//740 544//740 530//740
f  545//741 546//741 507//741
f  507//742 546//742 508//742
f  501//743 502//743 547//743
f  547//744 502//744 503//744
f  547//745 503//745 546//745
f  546//746 503//746 505//746
f  546//747 505//747 508//747
f  547//748 548//748 501//748
f  501//749 548//749 549//749
f  501//750 549//750 499//750
f  550//751 551//751 552//751
f  552//752 551//752 553//752
f  552//753 553//753 554//753
f  554//754 553//754 555//754
f  554//755 555//755 556//755
f  554//756 557//756 558//756
f  559//757 560//757 561//757
f  554//758 558//758 552//758
f  550//759 552//759 562//759
f  562//760 552//760 563//760
f  561//761 560//761 564//761
f  564//762 560//762 565//762
f  564//763 565//763 566//763
f  557//764 567//764 568//764
f  567//765 557//765 569//765
f  569//766 557//766 554//766
f  569//767 554//767 556//767
f  563//768 552//768 566//768
f  566//769 552//769 558//769
f  566//770 558//770 564//770
f  564//771 558//771 557//771
f  564//772 557//772 561//772
f  561//773 557//773 568//773
f  561//774 568//774 559//774
f  553//775 551//775 570//775
f  571//776 555//776 572//776
f  572//777 555//777 553//777
f  572//778 553//778 543//778
f  543//779 553//779 570//779
f  543//780 570//780 544//780
f  573//781 574//781 575//781
f  575//782 574//782 576//782
f  577//783 578//783 576//783
f  576//784 578//784 579//784
f  576//785 579//785 575//785
f  253//786 255//786 580//786
f  580//787 255//787 581//787
f  582//788 264//788 583//788
f  583//789 264//789 268//789
f  583//790 268//790 584//790
f  255//791 257//791 581//791
f  581//792 257//792 259//792
f  581//793 259//793 582//793
f  582//794 259//794 262//794
f  582//795 262//795 264//795
f  585//796 586//796 587//796
f  587//797 586//797 588//797
f  587//798 588//798 133//798
f  133//799 588//799 274//799
f  274//800 588//800 589//800
f  274//801 589//801 590//801
f  590//802 591//802 274//802
f  274//803 591//803 592//803
f  274//804 592//804 275//804
f  275//805 592//805 593//805
f  275//806 593//806 268//806
f  268//807 593//807 594//807
f  268//808 594//808 584//808
f  595//809 251//809 253//809
f  580//810 596//810 597//810
f  597//811 598//811 580//811
f  580//812 598//812 599//812
f  580//813 599//813 253//813
f  253//814 599//814 600//814
f  253//815 600//815 595//815
f  581//816 601//816 580//816
f  580//817 601//817 577//817
f  580//818 577//818 596//818
f  596//819 577//819 576//819
f  596//820 576//820 597//820
f  597//821 576//821 602//821
f  573//822 603//822 574//822
f  574//823 603//823 604//823
f  574//824 604//824 576//824
f  576//825 604//825 605//825
f  576//826 605//826 602//826
f  606//827 607//827 608//827
f  608//828 607//828 609//828
f  608//829 609//829 603//829
f  603//830 609//830 610//830
f  603//831 610//831 604//831
f  611//832 612//832 608//832
f  608//833 612//833 613//833
f  613//834 614//834 608//834
f  608//835 614//835 615//835
f  608//836 615//836 606//836
f  616//837 617//837 618//837
f  619//838 620//838 621//838
f  622//839 623//839 624//839
f  624//840 623//840 621//840
f  624//841 621//841 625//841
f  625//842 621//842 620//842
f  626//843 627//843 628//843
f  628//844 627//844 629//844
f  628//845 629//845 630//845
f  630//846 629//846 623//846
f  630//847 623//847 631//847
f  631//848 623//848 622//848
f  631//849 622//849 632//849
f  543//850 542//850 572//850
f  572//851 542//851 541//851
f  572//852 541//852 622//852
f  622//853 541//853 540//853
f  622//854 540//854 632//854
f  621//855 617//855 619//855
f  619//856 617//856 616//856
f  619//857 616//857 633//857
f  633//858 616//858 634//858
f  635//859 636//859 637//859
f  637//860 636//860 638//860
f  638//861 639//861 637//861
f  637//862 639//862 640//862
f  637//863 640//863 616//863
f  616//864 640//864 641//864
f  616//865 641//865 634//865
f  624//866 642//866 622//866
f  622//867 642//867 643//867
f  622//868 643//868 572//868
f  572//869 643//869 644//869
f  572//870 644//870 645//870
f  645//871 646//871 572//871
f  572//872 646//872 647//872
f  572//873 647//873 571//873
f  571//874 647//874 648//874
f  571//875 648//875 635//875
f  635//876 648//876 649//876
f  635//877 649//877 636//877
f  573//878 635//878 603//878
f  603//879 635//879 637//879
f  603//880 637//880 608//880
f  608//881 637//881 616//881
f  608//882 616//882 611//882
f  611//883 616//883 618//883
f  650//884 651//884 652//884
f  652//885 651//885 653//885
f  652//886 653//886 654//886
f  653//887 655//887 654//887
f  654//888 655//888 656//888
f  654//889 656//889 657//889
f  658//890 652//890 654//890
f  659//891 660//891 661//891
f  661//892 660//892 658//892
f  661//893 658//893 662//893
f  662//894 658//894 654//894
f  662//895 654//895 663//895
f  663//896 654//896 657//896
f  664//897 665//897 666//897
f  666//898 665//898 667//898
f  668//899 669//899 664//899
f  664//900 669//900 670//900
f  664//901 670//901 665//901
f  659//902 668//902 660//902
f  660//903 668//903 664//903
f  660//904 664//904 658//904
f  658//905 664//905 666//905
f  658//906 666//906 652//906
f  652//907 666//907 667//907
f  652//908 667//908 650//908
f  671//909 672//909 673//909
f  674//910 675//910 676//910
f  677//911 678//911 673//911
f  547//912 546//912 679//912
f  651//913 680//913 679//913
f  545//914 656//914 546//914
f  546//915 656//915 655//915
f  546//916 655//916 679//916
f  679//917 655//917 653//917
f  679//918 653//918 651//918
f  678//919 681//919 673//919
f  673//920 681//920 549//920
f  673//921 549//921 679//921
f  679//922 549//922 548//922
f  679//923 548//923 547//923
f  682//924 629//924 683//924
f  683//925 629//925 627//925
f  683//926 627//926 626//926
f  683//927 677//927 682//927
f  682//928 677//928 673//928
f  682//929 673//929 684//929
f  684//930 673//930 672//930
f  685//931 686//931 687//931
f  686//932 688//932 687//932
f  687//933 688//933 689//933
f  687//934 689//934 684//934
f  690//935 691//935 692//935
f  692//936 691//936 693//936
f  674//937 694//937 675//937
f  675//938 694//938 695//938
f  675//939 695//939 691//939
f  691//940 695//940 696//940
f  691//941 696//941 693//941
f  697//942 698//942 699//942
f  699//943 698//943 700//943
f  699//944 700//944 701//944
f  701//945 700//945 702//945
f  701//946 702//946 676//946
f  676//947 702//947 703//947
f  676//948 703//948 674//948
f  98//949 704//949 99//949
f  99//950 704//950 705//950
f  99//951 705//951 145//951
f  145//952 705//952 706//952
f  145//953 706//953 146//953
f  146//954 706//954 707//954
f  146//955 707//955 144//955
f  144//956 707//956 708//956
f  144//957 708//957 142//957
f  142//958 708//958 709//958
f  142//959 709//959 139//959
f  139//960 709//960 138//960
f  138//961 709//961 710//961
f  138//962 710//962 711//962
f  712//963 132//963 134//963
f  711//964 713//964 138//964
f  138//965 713//965 714//965
f  138//966 714//966 134//966
f  134//967 714//967 715//967
f  134//968 715//968 712//968
f  712//969 716//969 132//969
f  132//970 716//970 717//970
f  132//971 717//971 133//971
f  133//972 717//972 718//972
f  133//973 718//973 587//973
f  587//974 718//974 719//974
f  587//975 719//975 585//975
f  705//976 697//976 706//976
f  706//977 697//977 699//977
f  706//978 699//978 707//978
f  707//979 699//979 720//979
f  720//980 699//980 721//980
f  721//981 699//981 701//981
f  721//982 701//982 722//982
f  722//983 701//983 723//983
f  723//984 701//984 676//984
f  723//985 676//985 724//985
f  724//986 676//986 725//986
f  725//987 676//987 675//987
f  725//988 675//988 726//988
f  727//989 728//989 679//989
f  679//990 728//990 729//990
f  679//991 729//991 673//991
f  673//992 729//992 730//992
f  673//993 730//993 671//993
f  672//994 731//994 684//994
f  684//995 731//995 732//995
f  684//996 732//996 687//996
f  687//997 732//997 733//997
f  687//998 733//998 734//998
f  735//999 736//999 737//999
f  737//1000 736//1000 687//1000
f  737//1001 687//1001 738//1001
f  738//1002 687//1002 734//1002
f  735//1003 739//1003 736//1003
f  736//1004 739//1004 740//1004
f  736//1005 740//1005 741//1005
f  741//1006 740//1006 742//1006
f  741//1007 742//1007 680//1007
f  680//1008 742//1008 743//1008
f  680//1009 743//1009 679//1009
f  679//1010 743//1010 744//1010
f  679//1011 744//1011 727//1011
f  741//1012 726//1012 736//1012
f  736//1013 726//1013 675//1013
f  736//1014 675//1014 687//1014
f  687//1015 675//1015 691//1015
f  687//1016 691//1016 685//1016
f  685//1017 691//1017 690//1017
f  745//1018 746//1018 747//1018
f  747//1018 746//1018 748//1018
f  747//1018 748//1018 749//1018
f  749//1018 748//1018 750//1018
f  749//1018 750//1018 751//1018
f  751//1018 750//1018 752//1018
f  753//1019 754//1019 749//1019
f  749//1019 754//1019 747//1019
f  747//1020 754//1020 745//1020
f  745//1020 754//1020 755//1020
f  745//1021 755//1021 756//1021
f  753//1022 749//1022 757//1022
f  757//1022 749//1022 751//1022
f  757//1023 751//1023 758//1023
f  756//1024 759//1024 745//1024
f  745//1024 759//1024 746//1024
f  760//1024 758//1024 752//1024
f  752//1024 758//1024 751//1024
f  761//1025 762//1025 763//1025
f  763//1026 762//1026 764//1026
f  765//1027 766//1027 767//1027
f  767//1028 766//1028 768//1028
f  767//1029 768//1029 769//1029
f  769//1030 768//1030 770//1030
f  769//1031 770//1031 764//1031
f  764//1032 770//1032 771//1032
f  764//1033 771//1033 763//1033
f  767//1034 772//1034 765//1034
f  765//1035 772//1035 773//1035
f  765//1036 773//1036 774//1036
f  774//1037 773//1037 775//1037
f  774//1038 775//1038 776//1038
f  776//1039 775//1039 777//1039
f  776//1040 777//1040 778//1040
f  778//1041 777//1041 779//1041
f  779//1042 777//1042 780//1042
f  779//1043 780//1043 781//1043
f  781//1044 780//1044 782//1044
f  781//1045 782//1045 783//1045
f  783//1046 782//1046 784//1046
f  783//1047 784//1047 785//1047
f  784//1048 786//1048 785//1048
f  785//1049 786//1049 787//1049
f  785//1050 787//1050 788//1050
f  788//1051 787//1051 789//1051
f  788//1052 789//1052 790//1052
f  791//1053 792//1053 793//1053
f  789//1054 794//1054 790//1054
f  790//1055 794//1055 795//1055
f  790//1056 795//1056 796//1056
f  796//1057 795//1057 797//1057
f  796//1058 797//1058 798//1058
f  798//1059 797//1059 791//1059
f  798//1060 791//1060 799//1060
f  799//1061 791//1061 793//1061
f  800//1062 801//1062 802//1062
f  802//1063 801//1063 803//1063
f  802//1064 803//1064 804//1064
f  804//1065 803//1065 805//1065
f  804//1066 805//1066 792//1066
f  792//1067 805//1067 806//1067
f  792//1068 806//1068 793//1068
f  807//1069 808//1069 800//1069
f  800//1070 808//1070 809//1070
f  800//1071 809//1071 801//1071
f  810//1072 811//1072 812//1072
f  812//1073 811//1073 813//1073
f  812//1074 813//1074 807//1074
f  807//1075 813//1075 814//1075
f  807//1076 814//1076 808//1076
f  815//1077 816//1077 817//1077
f  817//1078 816//1078 818//1078
f  817//1079 818//1079 810//1079
f  810//1080 818//1080 819//1080
f  810//1080 819//1080 811//1080
f  820//1081 821//1081 822//1081
f  823//1082 824//1082 822//1082
f  822//1083 824//1083 825//1083
f  825//1084 826//1084 822//1084
f  822//1085 826//1085 827//1085
f  822//1086 827//1086 820//1086
f  828//1087 823//1087 822//1087
f  828//1088 822//1088 829//1088
f  830//1089 829//1089 831//1089
f  831//1090 829//1090 822//1090
f  831//1091 822//1091 832//1091
f  832//1092 822//1092 833//1092
f  821//1093 834//1093 822//1093
f  822//1094 834//1094 835//1094
f  822//1095 835//1095 836//1095
f  836//1096 837//1096 822//1096
f  822//1097 837//1097 838//1097
f  822//1098 838//1098 833//1098
f  839//1099 840//1099 841//1099
f  842//1100 843//1100 844//1100
f  831//1101 845//1101 830//1101
f  830//1102 845//1102 846//1102
f  830//1103 846//1103 829//1103
f  843//1104 846//1104 844//1104
f  844//1105 846//1105 845//1105
f  844//1106 845//1106 847//1106
f  847//1107 845//1107 831//1107
f  847//1108 831//1108 832//1108
f  848//1109 849//1109 842//1109
f  850//1110 851//1110 852//1110
f  853//1111 854//1111 855//1111
f  855//1112 854//1112 856//1112
f  855//1113 856//1113 857//1113
f  857//1114 856//1114 858//1114
f  859//1115 860//1115 861//1115
f  861//1116 860//1116 862//1116
f  859//1117 863//1117 860//1117
f  860//1118 863//1118 864//1118
f  860//1119 864//1119 865//1119
f  841//1120 840//1120 866//1120
f  848//1121 842//1121 867//1121
f  867//1122 842//1122 844//1122
f  867//1123 844//1123 868//1123
f  868//1124 844//1124 847//1124
f  868//1125 847//1125 869//1125
f  869//1126 847//1126 832//1126
f  869//1127 832//1127 833//1127
f  870//1128 871//1128 872//1128
f  870//1129 872//1129 873//1129
f  873//1130 872//1130 874//1130
f  873//1131 874//1131 875//1131
f  875//1132 874//1132 876//1132
f  875//1133 876//1133 877//1133
f  877//1134 876//1134 878//1134
f  877//1135 878//1135 879//1135
f  879//1136 878//1136 880//1136
f  837//1137 881//1137 838//1137
f  838//1138 881//1138 882//1138
f  838//1139 882//1139 833//1139
f  833//1140 882//1140 883//1140
f  833//1141 883//1141 869//1141
f  869//1142 883//1142 884//1142
f  869//1143 884//1143 868//1143
f  868//1144 884//1144 885//1144
f  868//1145 885//1145 867//1145
f  867//1146 885//1146 886//1146
f  867//1147 886//1147 848//1147
f  848//1148 886//1148 887//1148
f  848//1149 887//1149 849//1149
f  849//1150 887//1150 888//1150
f  888//1151 887//1151 852//1151
f  889//1152 863//1152 859//1152
f  853//1153 861//1153 862//1153
f  853//1154 862//1154 854//1154
f  841//1155 889//1155 839//1155
f  839//1156 889//1156 859//1156
f  839//1157 859//1157 840//1157
f  840//1158 859//1158 861//1158
f  840//1159 861//1159 853//1159
f  870//1160 857//1160 858//1160
f  870//1161 858//1161 890//1161
f  836//1162 891//1162 880//1162
f  880//1163 891//1163 866//1163
f  880//1164 866//1164 879//1164
f  879//1165 866//1165 840//1165
f  879//1166 840//1166 877//1166
f  877//1167 840//1167 853//1167
f  877//1168 853//1168 875//1168
f  875//1169 853//1169 855//1169
f  875//1170 855//1170 873//1170
f  873//1171 855//1171 857//1171
f  873//1172 857//1172 870//1172
f  871//1173 870//1173 890//1173
f  871//1174 890//1174 892//1174
f  852//1175 887//1175 850//1175
f  850//1176 887//1176 886//1176
f  850//1177 886//1177 892//1177
f  892//1178 886//1178 893//1178
f  892//1179 893//1179 871//1179
f  871//1180 893//1180 886//1180
f  871//1181 886//1181 885//1181
f  871//1182 885//1182 872//1182
f  872//1183 885//1183 884//1183
f  872//1184 884//1184 874//1184
f  874//1185 884//1185 883//1185
f  874//1186 883//1186 876//1186
f  876//1187 883//1187 882//1187
f  876//1188 882//1188 878//1188
f  878//1189 882//1189 881//1189
f  878//1190 881//1190 880//1190
f  880//1191 881//1191 837//1191
f  880//1192 837//1192 836//1192
f  894//1193 895//1193 896//1193
f  896//1194 895//1194 897//1194
f  897//1195 895//1195 898//1195
f  898//1196 895//1196 899//1196
f  898//1197 899//1197 900//1197
f  899//1198 901//1198 902//1198
f  900//1199 899//1199 903//1199
f  903//1200 899//1200 902//1200
f  903//1201 902//1201 904//1201
f  846//1202 843//1202 894//1202
f  894//1203 843//1203 842//1203
f  894//1204 842//1204 895//1204
f  895//1205 842//1205 849//1205
f  895//1206 849//1206 899//1206
f  899//1207 849//1207 888//1207
f  899//1208 888//1208 901//1208
f  901//1209 888//1209 852//1209
f  901//1210 852//1210 851//1210
f  829//1211 846//1211 828//1211
f  828//1212 846//1212 894//1212
f  828//1213 894//1213 823//1213
f  823//1214 894//1214 896//1214
f  903//1215 904//1215 905//1215
f  896//1216 897//1216 906//1216
f  906//1217 897//1217 898//1217
f  906//1218 898//1218 900//1218
f  824//1219 823//1219 907//1219
f  907//1220 823//1220 896//1220
f  907//1221 908//1221 824//1221
f  824//1222 908//1222 909//1222
f  824//1223 909//1223 825//1223
f  909//1224 910//1224 825//1224
f  825//1225 910//1225 911//1225
f  825//1226 911//1226 826//1226
f  826//1227 911//1227 912//1227
f  826//1228 912//1228 827//1228
f  827//1229 912//1229 913//1229
f  827//1230 913//1230 820//1230
f  820//1231 913//1231 914//1231
f  820//1232 914//1232 821//1232
f  915//1233 916//1233 917//1233
f  918//1234 916//1234 919//1234
f  919//1235 916//1235 915//1235
f  919//1236 915//1236 920//1236
f  920//1237 915//1237 921//1237
f  920//1238 921//1238 922//1238
f  923//1239 924//1239 921//1239
f  921//1240 924//1240 925//1240
f  921//1241 925//1241 922//1241
f  926//1242 927//1242 923//1242
f  923//1243 927//1243 928//1243
f  923//1244 928//1244 924//1244
f  923//1245 929//1245 926//1245
f  926//1246 929//1246 930//1246
f  926//1247 930//1247 931//1247
f  931//1248 930//1248 932//1248
f  931//1249 932//1249 933//1249
f  933//1250 932//1250 934//1250
f  933//1251 934//1251 905//1251
f  896//1252 906//1252 907//1252
f  907//1253 906//1253 935//1253
f  907//1254 935//1254 908//1254
f  908//1255 935//1255 936//1255
f  908//1256 936//1256 909//1256
f  909//1257 936//1257 937//1257
f  909//1258 937//1258 910//1258
f  910//1259 937//1259 938//1259
f  910//1260 938//1260 911//1260
f  911//1261 938//1261 939//1261
f  911//1262 939//1262 912//1262
f  912//1263 939//1263 940//1263
f  912//1264 940//1264 913//1264
f  913//1265 940//1265 941//1265
f  913//1266 941//1266 914//1266
f  903//1267 905//1267 900//1267
f  900//1268 905//1268 934//1268
f  900//1269 934//1269 906//1269
f  906//1270 934//1270 932//1270
f  906//1271 932//1271 935//1271
f  935//1272 932//1272 930//1272
f  935//1273 930//1273 936//1273
f  936//1274 930//1274 929//1274
f  936//1275 929//1275 937//1275
f  937//1276 929//1276 923//1276
f  937//1277 923//1277 938//1277
f  938//1278 923//1278 921//1278
f  938//1279 921//1279 939//1279
f  939//1280 921//1280 915//1280
f  939//1281 915//1281 940//1281
f  940//1282 915//1282 917//1282
f  940//1283 917//1283 941//1283
f  864//1284 863//1284 942//1284
f  916//1285 918//1285 943//1285
f  865//1286 864//1286 943//1286
f  943//1287 864//1287 942//1287
f  943//1288 942//1288 916//1288
f  916//1289 942//1289 944//1289
f  916//1290 944//1290 917//1290
f  834//1291 821//1291 945//1291
f  945//1292 821//1292 914//1292
f  945//1293 914//1293 941//1293
f  891//1294 836//1294 835//1294
f  835//1295 834//1295 891//1295
f  891//1296 834//1296 945//1296
f  891//1297 945//1297 866//1297
f  866//1298 945//1298 841//1298
f  863//1299 889//1299 942//1299
f  942//1300 889//1300 841//1300
f  942//1301 841//1301 944//1301
f  944//1302 841//1302 945//1302
f  944//1303 945//1303 917//1303
f  917//1304 945//1304 941//1304
f  165//1305 865//1305 74//1305
f  74//1306 865//1306 943//1306
f  74//1307 943//1307 918//1307
f  860//1308 865//1308 165//1308
f  179//1309 890//1309 168//1309
f  168//1310 890//1310 858//1310
f  168//1311 858//1311 169//1311
f  169//1312 858//1312 856//1312
f  169//1313 856//1313 172//1313
f  172//1314 856//1314 854//1314
f  172//1315 854//1315 173//1315
f  173//1316 854//1316 862//1316
f  173//1317 862//1317 167//1317
f  167//1318 862//1318 860//1318
f  167//1319 860//1319 166//1319
f  166//1320 860//1320 165//1320
f  177//1321 851//1321 178//1321
f  178//1322 851//1322 850//1322
f  178//1323 850//1323 179//1323
f  179//1324 850//1324 892//1324
f  179//1325 892//1325 890//1325
f  174//1326 88//1326 904//1326
f  851//1327 177//1327 901//1327
f  901//1328 177//1328 174//1328
f  901//1329 174//1329 902//1329
f  902//1330 174//1330 904//1330
f  904//1331 88//1331 905//1331
f  905//1332 88//1332 68//1332
f  905//1333 68//1333 933//1333
f  933//1334 68//1334 931//1334
f  927//1335 926//1335 70//1335
f  70//1336 926//1336 931//1336
f  70//1337 931//1337 67//1337
f  67//1338 931//1338 68//1338
f  927//1339 70//1339 928//1339
f  928//1340 70//1340 72//1340
f  928//1341 72//1341 924//1341
f  924//1342 72//1342 925//1342
f  925//1343 72//1343 78//1343
f  925//1344 78//1344 922//1344
f  922//1345 78//1345 77//1345
f  922//1346 77//1346 920//1346
f  920//1347 77//1347 75//1347
f  920//1348 75//1348 919//1348
f  919//1349 75//1349 74//1349
f  919//1350 74//1350 918//1350
f  946//1351 947//1351 948//1351
f  946//1352 948//1352 949//1352
f  950//1353 949//1353 951//1353
f  951//1354 949//1354 948//1354
f  951//1355 948//1355 952//1355
f  952//1356 948//1356 953//1356
f  954//1357 953//1357 948//1357
f  948//1358 947//1358 955//1358
f  955//1359 956//1359 948//1359
f  948//1360 956//1360 957//1360
f  948//1361 957//1361 958//1361
f  959//1362 954//1362 960//1362
f  960//1363 954//1363 948//1363
f  960//1364 948//1364 961//1364
f  961//1365 948//1365 958//1365
f  961//1366 958//1366 962//1366
f  963//1367 964//1367 965//1367
f  958//1368 966//1368 967//1368
f  968//1369 969//1369 956//1369
f  956//1370 969//1370 957//1370
f  958//1371 967//1371 962//1371
f  962//1372 967//1372 970//1372
f  962//1373 970//1373 961//1373
f  971//1374 959//1374 960//1374
f  972//1375 973//1375 974//1375
f  975//1376 976//1376 977//1376
f  976//1377 975//1377 978//1377
f  978//1378 975//1378 979//1378
f  978//1379 979//1379 980//1379
f  975//1380 981//1380 979//1380
f  979//1381 981//1381 982//1381
f  979//1382 982//1382 983//1382
f  963//1383 965//1383 984//1383
f  984//1384 965//1384 985//1384
f  984//1385 985//1385 986//1385
f  987//1386 988//1386 989//1386
f  990//1387 991//1387 968//1387
f  968//1388 991//1388 992//1388
f  968//1389 992//1389 969//1389
f  988//1390 987//1390 993//1390
f  993//1391 987//1391 994//1391
f  994//1392 987//1392 995//1392
f  994//1393 995//1393 990//1393
f  960//1394 961//1394 996//1394
f  996//1395 961//1395 970//1395
f  996//1396 970//1396 997//1396
f  997//1397 970//1397 967//1397
f  997//1398 967//1398 998//1398
f  998//1399 967//1399 966//1399
f  998//1400 966//1400 999//1400
f  971//1401 960//1401 1000//1401
f  1000//1402 960//1402 996//1402
f  1000//1403 996//1403 1001//1403
f  1001//1404 996//1404 997//1404
f  1001//1405 997//1405 1002//1405
f  1002//1406 997//1406 998//1406
f  1002//1407 998//1407 1003//1407
f  1003//1408 998//1408 999//1408
f  1003//1409 999//1409 1004//1409
f  954//1410 959//1410 974//1410
f  974//1411 959//1411 971//1411
f  974//1412 971//1412 972//1412
f  972//1413 971//1413 1000//1413
f  972//1414 1000//1414 1005//1414
f  1005//1415 1000//1415 1001//1415
f  1005//1416 1001//1416 1006//1416
f  1006//1417 1001//1417 1002//1417
f  1006//1418 1002//1418 964//1418
f  964//1419 1002//1419 1003//1419
f  964//1420 1003//1420 965//1420
f  965//1421 1003//1421 1004//1421
f  965//1422 1004//1422 985//1422
f  990//1423 995//1423 991//1423
f  991//1424 995//1424 987//1424
f  991//1425 987//1425 1007//1425
f  1008//1426 983//1426 1009//1426
f  1009//1427 983//1427 982//1427
f  981//1428 975//1428 1010//1428
f  1010//1429 975//1429 977//1429
f  963//1430 1008//1430 964//1430
f  964//1431 1008//1431 1009//1431
f  1009//1432 982//1432 1011//1432
f  1011//1433 982//1433 981//1433
f  1011//1434 981//1434 1012//1434
f  1012//1435 981//1435 1010//1435
f  1012//1436 1010//1436 1013//1436
f  1013//1437 1010//1437 977//1437
f  1014//1438 986//1438 1015//1438
f  1015//1439 986//1439 985//1439
f  964//1440 1009//1440 1006//1440
f  1006//1441 1009//1441 1011//1441
f  1006//1442 1011//1442 1005//1442
f  1005//1443 1011//1443 1012//1443
f  1005//1444 1012//1444 972//1444
f  972//1445 1012//1445 1013//1445
f  972//1446 1013//1446 973//1446
f  958//1447 957//1447 966//1447
f  966//1448 957//1448 969//1448
f  966//1449 969//1449 999//1449
f  999//1450 969//1450 992//1450
f  999//1451 992//1451 1004//1451
f  1004//1452 992//1452 991//1452
f  1004//1453 991//1453 985//1453
f  985//1454 991//1454 1007//1454
f  985//1455 1007//1455 1015//1455
f  1015//1456 1007//1456 1014//1456
f  1014//1457 1007//1457 987//1457
f  1014//1458 987//1458 1016//1458
f  1016//1459 987//1459 989//1459
f  1016//1460 989//1460 1017//1460
f  240//1461 242//1461 980//1461
f  1017//1462 237//1462 1016//1462
f  1016//1463 237//1463 238//1463
f  1016//1464 238//1464 1014//1464
f  1014//1465 238//1465 239//1465
f  1014//1466 239//1466 986//1466
f  986//1467 239//1467 229//1467
f  986//1468 229//1468 984//1468
f  984//1469 229//1469 230//1469
f  984//1470 230//1470 963//1470
f  963//1471 230//1471 232//1471
f  963//1472 232//1472 1008//1472
f  1008//1473 232//1473 233//1473
f  1008//1474 233//1474 983//1474
f  983//1475 233//1475 240//1475
f  983//1476 240//1476 979//1476
f  979//1477 240//1477 980//1477
f  1018//1478 980//1478 244//1478
f  244//1479 980//1479 242//1479
f  976//1480 978//1480 1019//1480
f  1019//1481 978//1481 980//1481
f  1019//1482 980//1482 1018//1482
f  976//1483 1019//1483 977//1483
f  977//1484 1019//1484 1020//1484
f  977//1485 1020//1485 1013//1485
f  1013//1486 1020//1486 1021//1486
f  1013//1487 1021//1487 973//1487
f  953//1488 954//1488 1021//1488
f  1021//1489 954//1489 974//1489
f  1021//1490 974//1490 973//1490
f  1018//1491 1022//1491 1019//1491
f  1019//1492 1022//1492 1023//1492
f  1019//1493 1023//1493 1020//1493
f  1020//1494 1023//1494 1024//1494
f  1020//1495 1024//1495 1021//1495
f  1021//1496 1024//1496 1025//1496
f  1021//1497 1025//1497 953//1497
f  1026//1498 1027//1498 1028//1498
f  1028//1499 1027//1499 1029//1499
f  1030//1500 1031//1500 1026//1500
f  1026//1501 1028//1501 1030//1501
f  1030//1502 1028//1502 1032//1502
f  1030//1503 1032//1503 1033//1503
f  1033//1504 1032//1504 1034//1504
f  1033//1505 1034//1505 1035//1505
f  1035//1506 1034//1506 1036//1506
f  1035//1507 1036//1507 1037//1507
f  1037//1508 1036//1508 1038//1508
f  1038//1509 1036//1509 1039//1509
f  1038//1510 1039//1510 1040//1510
f  1040//1511 1039//1511 1041//1511
f  1041//1512 1039//1512 1042//1512
f  1041//1513 1042//1513 1043//1513
f  1044//1514 1045//1514 1042//1514
f  1042//1515 1045//1515 1046//1515
f  1042//1516 1046//1516 1043//1516
f  1047//1517 1023//1517 1022//1517
f  1025//1518 1024//1518 1048//1518
f  1048//1519 1024//1519 1023//1519
f  952//1520 953//1520 1025//1520
f  1025//1521 1048//1521 952//1521
f  952//1522 1048//1522 1049//1522
f  952//1523 1049//1523 951//1523
f  951//1524 1049//1524 1050//1524
f  951//1525 1050//1525 950//1525
f  1051//1526 947//1526 1052//1526
f  1052//1527 947//1527 946//1527
f  1052//1528 946//1528 1053//1528
f  1053//1529 946//1529 949//1529
f  1053//1530 949//1530 1054//1530
f  1054//1531 949//1531 950//1531
f  1054//1532 950//1532 1055//1532
f  1055//1533 950//1533 1050//1533
f  1023//1534 1047//1534 1048//1534
f  1048//1535 1047//1535 1056//1535
f  1048//1536 1056//1536 1049//1536
f  1049//1537 1056//1537 1057//1537
f  1049//1538 1057//1538 1050//1538
f  1050//1539 1057//1539 1058//1539
f  1050//1540 1058//1540 1055//1540
f  1055//1541 1058//1541 1059//1541
f  1055//1542 1059//1542 1054//1542
f  1054//1543 1059//1543 1060//1543
f  1054//1544 1060//1544 1053//1544
f  1053//1545 1060//1545 1061//1545
f  1053//1546 1061//1546 1052//1546
f  1052//1547 1061//1547 1062//1547
f  1052//1548 1062//1548 1051//1548
f  1018//1549 1045//1549 1022//1549
f  1022//1550 1045//1550 1044//1550
f  1022//1551 1044//1551 1047//1551
f  1047//1552 1044//1552 1042//1552
f  1047//1553 1042//1553 1056//1553
f  1056//1554 1042//1554 1039//1554
f  1056//1555 1039//1555 1057//1555
f  1057//1556 1039//1556 1036//1556
f  1057//1557 1036//1557 1058//1557
f  1058//1558 1036//1558 1034//1558
f  1058//1559 1034//1559 1059//1559
f  1059//1560 1034//1560 1032//1560
f  1059//1561 1032//1561 1060//1561
f  1060//1562 1032//1562 1028//1562
f  1060//1563 1028//1563 1061//1563
f  1061//1564 1028//1564 1029//1564
f  1061//1565 1029//1565 1062//1565
f  955//1566 947//1566 1051//1566
f  1063//1567 990//1567 968//1567
f  1031//1568 1064//1568 1026//1568
f  1026//1569 1064//1569 1065//1569
f  1026//1570 1065//1570 1027//1570
f  1027//1571 1065//1571 1029//1571
f  1029//1572 1063//1572 1062//1572
f  1062//1573 1063//1573 968//1573
f  1062//1574 968//1574 1051//1574
f  1051//1575 968//1575 956//1575
f  1051//1576 956//1576 955//1576
f  1029//1577 1065//1577 1063//1577
f  1063//1578 1065//1578 994//1578
f  1063//1579 994//1579 990//1579
f  1017//1580 989//1580 1064//1580
f  1064//1581 989//1581 988//1581
f  1064//1582 988//1582 1065//1582
f  1065//1583 988//1583 993//1583
f  1065//1584 993//1584 994//1584
f  1064//1585 1031//1585 234//1585
f  234//1586 236//1586 1064//1586
f  1064//1587 236//1587 237//1587
f  1064//1588 237//1588 1017//1588
f  1066//1589 234//1589 1031//1589
f  1031//1590 1030//1590 1066//1590
f  1066//1591 1030//1591 1033//1591
f  1066//1592 1033//1592 1067//1592
f  1033//1593 1035//1593 1067//1593
f  1067//1594 1035//1594 1037//1594
f  1067//1595 1037//1595 1068//1595
f  1068//1596 1037//1596 1038//1596
f  1068//1597 1038//1597 1069//1597
f  1069//1598 1038//1598 1040//1598
f  1040//1599 1041//1599 1069//1599
f  1069//1600 1041//1600 1043//1600
f  1069//1601 1043//1601 1070//1601
f  1018//1602 244//1602 1045//1602
f  1045//1603 244//1603 1070//1603
f  1045//1604 1070//1604 1046//1604
f  1046//1605 1070//1605 1043//1605
f  1070//1606 244//1606 221//1606
f  1071//1607 1072//1607 1073//1607
f  1073//1608 1072//1608 1074//1608
f  1075//1609 1076//1609 1074//1609
f  1074//1610 1076//1610 1077//1610
f  1074//1611 1077//1611 1073//1611
f  1070//1612 221//1612 1069//1612
f  1069//1613 221//1613 1078//1613
f  1069//1614 1078//1614 1079//1614
f  1079//1615 1078//1615 1080//1615
f  1079//1616 1080//1616 1075//1616
f  1075//1617 1080//1617 1081//1617
f  1075//1618 1081//1618 1076//1618
f  234//1619 1066//1619 1075//1619
f  1075//1620 1066//1620 1067//1620
f  1075//1621 1067//1621 1079//1621
f  1079//1621 1067//1621 1068//1621
f  1079//1622 1068//1622 1069//1622
f  1072//1623 228//1623 1074//1623
f  1074//1624 228//1624 227//1624
f  1074//1625 227//1625 1075//1625
f  1075//1626 227//1626 235//1626
f  1075//1627 235//1627 234//1627
f  421//1628 420//1628 1082//1628
f  424//1629 423//1629 1083//1629
f  153//1630 164//1630 1084//1630
f  1084//1631 164//1631 163//1631
f  1084//1632 163//1632 1085//1632
f  1085//1633 163//1633 162//1633
f  1085//1634 162//1634 95//1634
f  153//1635 1084//1635 155//1635
f  155//1636 1084//1636 1086//1636
f  155//1637 1086//1637 156//1637
f  160//1638 159//1638 1086//1638
f  1086//1639 159//1639 157//1639
f  1086//1640 157//1640 156//1640
f  1086//1641 1087//1641 160//1641
f  160//1642 1087//1642 1088//1642
f  160//1643 1088//1643 151//1643
f  151//1644 1088//1644 148//1644
f  1089//1645 1090//1645 1091//1645
f  1091//1646 1090//1646 1092//1646
f  422//1647 425//1647 1093//1647
f  1093//1648 425//1648 1094//1648
f  423//1649 422//1649 1083//1649
f  1083//1650 422//1650 1093//1650
f  1083//1651 1093//1651 1089//1651
f  1089//1652 1093//1652 1094//1652
f  1089//1653 1094//1653 1090//1653
f  421//1654 1082//1654 416//1654
f  1082//1655 1095//1655 416//1655
f  416//1656 1095//1656 1096//1656
f  416//1657 1096//1657 417//1657
f  417//1658 1096//1658 418//1658
f  418//1659 1096//1659 1097//1659
f  418//1660 1097//1660 419//1660
f  419//1661 1097//1661 336//1661
f  419//1662 336//1662 332//1662
f  1091//1663 1098//1663 1089//1663
f  1089//1664 1098//1664 1099//1664
f  1089//1665 1099//1665 1083//1665
f  1083//1666 1099//1666 1082//1666
f  1083//1667 1082//1667 424//1667
f  424//1668 1082//1668 420//1668
f  73//1669 337//1669 95//1669
f  95//1670 337//1670 1100//1670
f  95//1671 1100//1671 1085//1671
f  1085//1672 1100//1672 1101//1672
f  1085//1673 1101//1673 1084//1673
f  1084//1674 1101//1674 1102//1674
f  1084//1675 1102//1675 1086//1675
f  1086//1676 1102//1676 1103//1676
f  1086//1677 1103//1677 1087//1677
f  1087//1678 1103//1678 1104//1678
f  1087//1679 1104//1679 1088//1679
f  337//1680 336//1680 1100//1680
f  1100//1681 336//1681 1097//1681
f  1100//1682 1097//1682 1101//1682
f  1101//1683 1097//1683 1096//1683
f  1101//1684 1096//1684 1102//1684
f  1102//1685 1096//1685 1095//1685
f  1102//1686 1095//1686 1103//1686
f  1103//1687 1095//1687 1082//1687
f  1103//1688 1082//1688 1104//1688
f  1104//1689 1082//1689 1099//1689
f  1104//1690 1099//1690 1088//1690
f  1088//1691 1099//1691 1098//1691
f  1088//1692 1098//1692 148//1692
f  148//1693 1098//1693 1091//1693
f  148//1694 1091//1694 97//1694
f  97//1695 1091//1695 1092//1695
f  97//1696 1092//1696 98//1696
f  1105//1697 1106//1697 1107//1697
f  1108//1698 1109//1698 1110//1698
f  1110//1699 1109//1699 1111//1699
f  1110//1700 1111//1700 1112//1700
f  1106//1701 1113//1701 1107//1701
f  1107//1702 1113//1702 1114//1702
f  1107//1703 1114//1703 1115//1703
f  1116//1704 1117//1704 1118//1704
f  1119//1705 1120//1705 1116//1705
f  1119//1706 1121//1706 1120//1706
f  1120//1707 1121//1707 1122//1707
f  1120//1708 1122//1708 1123//1708
f  495//1709 479//1709 1121//1709
f  1121//1710 479//1710 478//1710
f  1121//1711 478//1711 1122//1711
f  1122//1712 478//1712 500//1712
f  1122//1713 500//1713 1123//1713
f  1123//1714 500//1714 499//1714
f  498//1715 496//1715 1124//1715
f  1124//1716 496//1716 1125//1716
f  1124//1717 1125//1717 1115//1717
f  1126//1718 1127//1718 1128//1718
f  1128//1719 1127//1719 1110//1719
f  1128//1720 1110//1720 1129//1720
f  1129//1721 1110//1721 1112//1721
f  1129//1722 1112//1722 1130//1722
f  1118//1723 1105//1723 1116//1723
f  1116//1724 1105//1724 1107//1724
f  1116//1725 1107//1725 1119//1725
f  1119//1726 1107//1726 1115//1726
f  1119//1727 1115//1727 1121//1727
f  1121//1728 1115//1728 1125//1728
f  1121//1729 1125//1729 495//1729
f  495//1730 1125//1730 496//1730
f  509//1731 498//1731 1126//1731
f  1126//1732 498//1732 1124//1732
f  1126//1733 1124//1733 1127//1733
f  1127//1734 1124//1734 1115//1734
f  1127//1735 1115//1735 1110//1735
f  1110//1736 1115//1736 1114//1736
f  1110//1737 1114//1737 1108//1737
f  1108//1738 1114//1738 1113//1738
f  1131//1739 1132//1739 1133//1739
f  1118//1740 1117//1740 1134//1740
f  1135//1741 1130//1741 1136//1741
f  1136//1742 1130//1742 1112//1742
f  1137//1743 1138//1743 1139//1743
f  1139//1744 1138//1744 1140//1744
f  518//1745 520//1745 1131//1745
f  1131//1746 520//1746 522//1746
f  518//1747 1141//1747 517//1747
f  517//1748 1141//1748 1142//1748
f  517//1749 1142//1749 515//1749
f  515//1750 1142//1750 512//1750
f  512//1751 1142//1751 1143//1751
f  512//1752 1143//1752 513//1752
f  1118//1753 1134//1753 1105//1753
f  1105//1754 1134//1754 1144//1754
f  1105//1755 1144//1755 1106//1755
f  1106//1756 1144//1756 1145//1756
f  1106//1757 1145//1757 1113//1757
f  1112//1758 1111//1758 1136//1758
f  1136//1759 1111//1759 1109//1759
f  1136//1760 1109//1760 1108//1760
f  1139//1761 1135//1761 1137//1761
f  1137//1762 1135//1762 1136//1762
f  1137//1763 1136//1763 1145//1763
f  1145//1764 1136//1764 1108//1764
f  1145//1765 1108//1765 1113//1765
f  518//1766 1131//1766 1141//1766
f  1141//1767 1131//1767 1133//1767
f  1141//1768 1133//1768 1142//1768
f  1142//1769 1133//1769 1146//1769
f  1142//1770 1146//1770 1143//1770
f  524//1771 1140//1771 522//1771
f  522//1772 1140//1772 1138//1772
f  522//1773 1138//1773 1131//1773
f  1131//1774 1138//1774 1137//1774
f  1131//1775 1137//1775 1132//1775
f  1132//1776 1137//1776 1145//1776
f  1132//1777 1145//1777 1133//1777
f  1133//1778 1145//1778 1144//1778
f  1133//1779 1144//1779 1146//1779
f  1146//1780 1144//1780 1134//1780
f  511//1781 1130//1781 1135//1781
f  523//1782 535//1782 1135//1782
f  1135//1783 535//1783 525//1783
f  1135//1784 525//1784 511//1784
f  1139//1785 1140//1785 1135//1785
f  1135//1786 1140//1786 524//1786
f  1135//1787 524//1787 523//1787
f  1130//1788 511//1788 1129//1788
f  1129//1789 511//1789 490//1789
f  1126//1790 1128//1790 509//1790
f  509//1791 1128//1791 1129//1791
f  509//1792 1129//1792 494//1792
f  494//1793 1129//1793 490//1793
f  494//1794 490//1794 492//1794
f  683//1795 626//1795 1147//1795
f  683//1796 1147//1796 677//1796
f  677//1797 1147//1797 1148//1797
f  677//1798 1148//1798 678//1798
f  678//1799 1148//1799 1149//1799
f  678//1800 1149//1800 681//1800
f  681//1801 1149//1801 1150//1801
f  681//1802 1150//1802 549//1802
f  626//1803 1117//1803 1147//1803
f  1147//1804 1117//1804 1116//1804
f  1147//1805 1116//1805 1148//1805
f  1148//1806 1116//1806 1120//1806
f  1148//1807 1120//1807 1149//1807
f  1149//1808 1120//1808 1123//1808
f  1149//1809 1123//1809 1150//1809
f  1150//1810 1123//1810 499//1810
f  1150//1811 499//1811 549//1811
f  1117//1812 626//1812 1151//1812
f  1117//1813 1151//1813 1134//1813
f  1134//1814 1151//1814 1152//1814
f  1134//1815 1152//1815 1146//1815
f  1146//1816 1152//1816 1153//1816
f  1146//1817 1153//1817 1143//1817
f  1143//1818 1153//1818 1154//1818
f  1143//1819 1154//1819 513//1819
f  626//1820 628//1820 1151//1820
f  1151//1821 628//1821 630//1821
f  1151//1822 630//1822 1152//1822
f  1152//1823 630//1823 631//1823
f  1152//1824 631//1824 1153//1824
f  1153//1825 631//1825 632//1825
f  1153//1826 632//1826 1154//1826
f  1154//1827 632//1827 540//1827
f  1154//1828 540//1828 513//1828
f  1155//1829 1156//1829 1157//1829
f  1158//1830 1155//1830 1159//1830
f  1159//1831 1155//1831 1157//1831
f  1159//1832 1157//1832 1160//1832
f  1160//1833 1157//1833 1161//1833
f  1157//1834 1162//1834 1163//1834
f  1163//1835 1164//1835 1157//1835
f  1157//1836 1164//1836 1165//1836
f  1157//1832 1165//1832 1161//1832
f  1163//1837 1162//1837 1166//1837
f  1156//1838 1155//1838 1167//1838
f  1167//1839 1155//1839 1158//1839
f  1167//1840 1158//1840 1168//1840
f  1169//1841 1170//1841 1171//1841
f  1171//1842 1170//1842 1172//1842
f  1172//1843 1173//1843 1171//1843
f  1171//1844 1173//1844 1174//1844
f  1171//1845 1174//1845 1175//1845
f  1169//1846 1171//1846 1176//1846
f  1176//1847 1171//1847 1177//1847
f  1176//1848 1177//1848 1178//1848
f  1178//1849 1177//1849 1179//1849
f  1178//1850 1179//1850 1180//1850
f  1180//1851 1179//1851 1181//1851
f  1180//1852 1181//1852 1182//1852
f  1182//1853 1181//1853 1183//1853
f  1182//1854 1183//1854 1184//1854
f  1184//1855 1183//1855 1185//1855
f  1185//1856 1183//1856 1186//1856
f  1185//1857 1186//1857 1187//1857
f  1187//1858 1186//1858 1188//1858
f  1187//1859 1188//1859 1189//1859
f  1189//1860 1188//1860 1190//1860
f  1189//1861 1190//1861 1191//1861
f  1192//1862 1193//1862 1190//1862
f  1190//1863 1193//1863 1194//1863
f  1190//1864 1194//1864 1191//1864
f  1195//1865 1196//1865 1197//1865
f  1197//1866 1196//1866 1192//1866
f  1198//1867 1199//1867 1200//1867
f  1200//1868 1199//1868 1195//1868
f  1168//1869 1158//1869 1201//1869
f  1201//1870 1158//1870 1159//1870
f  1201//1871 1159//1871 1202//1871
f  1202//1872 1159//1872 1160//1872
f  1202//1873 1160//1873 1203//1873
f  1203//1874 1160//1874 1161//1874
f  1203//1875 1161//1875 1204//1875
f  1204//1876 1161//1876 1165//1876
f  1204//1877 1165//1877 1205//1877
f  1205//1878 1165//1878 1164//1878
f  1205//1879 1164//1879 1206//1879
f  1206//1880 1164//1880 1163//1880
f  1206//1881 1163//1881 1207//1881
f  1207//1882 1163//1882 1166//1882
f  1207//1883 1166//1883 1198//1883
f  1198//1884 1200//1884 1207//1884
f  1207//1885 1200//1885 1208//1885
f  1207//1886 1208//1886 1206//1886
f  1206//1887 1208//1887 1209//1887
f  1206//1888 1209//1888 1205//1888
f  1205//1889 1209//1889 1210//1889
f  1205//1890 1210//1890 1204//1890
f  1204//1891 1210//1891 1211//1891
f  1204//1892 1211//1892 1203//1892
f  1203//1893 1211//1893 1212//1893
f  1203//1894 1212//1894 1202//1894
f  1202//1895 1212//1895 1213//1895
f  1202//1896 1213//1896 1201//1896
f  1201//1897 1213//1897 1214//1897
f  1201//1898 1214//1898 1168//1898
f  1168//1899 1214//1899 1215//1899
f  1168//1900 1215//1900 1167//1900
f  1167//1901 1215//1901 1216//1901
f  1167//1902 1216//1902 1156//1902
f  1195//1903 1197//1903 1200//1903
f  1200//1904 1197//1904 1217//1904
f  1200//1905 1217//1905 1208//1905
f  1208//1906 1217//1906 1218//1906
f  1208//1906 1218//1906 1209//1906
f  1209//1907 1218//1907 1219//1907
f  1209//1907 1219//1907 1210//1907
f  1210//1908 1219//1908 1220//1908
f  1210//1909 1220//1909 1211//1909
f  1211//1910 1220//1910 1221//1910
f  1211//1911 1221//1911 1212//1911
f  1212//1912 1221//1912 1222//1912
f  1212//1913 1222//1913 1213//1913
f  1213//1914 1222//1914 1223//1914
f  1213//1915 1223//1915 1214//1915
f  1214//1916 1223//1916 1224//1916
f  1214//1917 1224//1917 1215//1917
f  1215//1918 1224//1918 1225//1918
f  1215//1919 1225//1919 1216//1919
f  1192//1920 1226//1920 1197//1920
f  1197//1921 1226//1921 1227//1921
f  1197//1922 1227//1922 1217//1922
f  1217//1923 1227//1923 1228//1923
f  1217//1923 1228//1923 1218//1923
f  1218//1924 1228//1924 1229//1924
f  1218//1925 1229//1925 1219//1925
f  1219//1926 1229//1926 1230//1926
f  1219//1927 1230//1927 1220//1927
f  1220//1928 1230//1928 1231//1928
f  1220//1929 1231//1929 1221//1929
f  1221//1930 1231//1930 1232//1930
f  1221//1931 1232//1931 1222//1931
f  1222//1932 1232//1932 1233//1932
f  1222//1933 1233//1933 1223//1933
f  1223//1934 1233//1934 1234//1934
f  1223//1935 1234//1935 1224//1935
f  1224//1936 1234//1936 1235//1936
f  1224//1937 1235//1937 1225//1937
f  1192//1938 1190//1938 1226//1938
f  1226//1939 1190//1939 1188//1939
f  1226//1940 1188//1940 1227//1940
f  1227//1941 1188//1941 1186//1941
f  1227//1942 1186//1942 1228//1942
f  1228//1943 1186//1943 1183//1943
f  1228//1944 1183//1944 1229//1944
f  1229//1945 1183//1945 1181//1945
f  1229//1946 1181//1946 1230//1946
f  1230//1947 1181//1947 1179//1947
f  1230//1948 1179//1948 1231//1948
f  1231//1949 1179//1949 1177//1949
f  1231//1950 1177//1950 1232//1950
f  1232//1951 1177//1951 1171//1951
f  1232//1952 1171//1952 1233//1952
f  1233//1953 1171//1953 1175//1953
f  1233//1954 1175//1954 1234//1954
f  1193//1955 583//1955 584//1955
f  594//1956 1191//1956 584//1956
f  584//1957 1191//1957 1194//1957
f  584//1958 1194//1958 1193//1958
f  1185//1959 1187//1959 594//1959
f  594//1960 1187//1960 1189//1960
f  594//1961 1189//1961 1191//1961
f  594//1962 593//1962 1185//1962
f  1185//1963 593//1963 592//1963
f  1185//1964 592//1964 1184//1964
f  1184//1965 592//1965 591//1965
f  1184//1966 591//1966 1182//1966
f  1182//1967 591//1967 590//1967
f  1182//1968 590//1968 1180//1968
f  1180//1969 590//1969 589//1969
f  1180//1970 589//1970 1178//1970
f  588//1971 586//1971 1172//1971
f  1172//1972 1170//1972 588//1972
f  588//1973 1170//1973 1169//1973
f  588//1974 1169//1974 589//1974
f  589//1975 1169//1975 1176//1975
f  589//1976 1176//1976 1178//1976
f  1236//1977 1237//1977 642//1977
f  642//1978 1237//1978 1238//1978
f  642//1979 1238//1979 643//1979
f  643//1980 1238//1980 1239//1980
f  643//1981 1239//1981 644//1981
f  1236//1982 642//1982 1240//1982
f  1240//1983 642//1983 624//1983
f  1240//1984 624//1984 1241//1984
f  1241//1985 624//1985 625//1985
f  1241//1986 625//1986 1242//1986
f  1242//1987 625//1987 620//1987
f  1242//1988 620//1988 1243//1988
f  1243//1989 620//1989 619//1989
f  1243//1990 619//1990 1244//1990
f  1244//1991 619//1991 633//1991
f  1244//1992 633//1992 1245//1992
f  1245//1993 633//1993 634//1993
f  1245//1994 634//1994 1246//1994
f  634//1995 641//1995 1246//1995
f  1246//1996 641//1996 640//1996
f  1246//1997 640//1997 1247//1997
f  1246//1998 1248//1998 1249//1998
f  1250//1999 1251//1999 1252//1999
f  1253//2000 1254//2000 1255//2000
f  1256//2001 1257//2001 1258//2001
f  1258//2002 1257//2002 1259//2002
f  1258//2003 1259//2003 1260//2003
f  1256//2004 1258//2004 1261//2004
f  1261//2005 1258//2005 1262//2005
f  1261//2006 1262//2006 1263//2006
f  1263//2007 1262//2007 1264//2007
f  1263//2008 1264//2008 1265//2008
f  1265//2009 1264//2009 1266//2009
f  1265//2010 1266//2010 1267//2010
f  1267//2011 1266//2011 1268//2011
f  1267//2012 1268//2012 1269//2012
f  1269//2013 1268//2013 1270//2013
f  1269//2014 1270//2014 1271//2014
f  1271//2015 1270//2015 1255//2015
f  1271//2016 1255//2016 1272//2016
f  1272//2017 1255//2017 1254//2017
f  1272//2018 1254//2018 1273//2018
f  1274//2019 1275//2019 1276//2019
f  1277//2020 1275//2020 1278//2020
f  1278//2021 1275//2021 1274//2021
f  1278//2022 1274//2022 1279//2022
f  1252//2023 1248//2023 1250//2023
f  1250//2024 1248//2024 1246//2024
f  1250//2025 1246//2025 1251//2025
f  1251//2026 1246//2026 1247//2026
f  1243//2027 1244//2027 1249//2027
f  1249//2028 1244//2028 1245//2028
f  1249//2029 1245//2029 1246//2029
f  1249//2030 1280//2030 1243//2030
f  1243//2031 1280//2031 1281//2031
f  1243//2032 1281//2032 1242//2032
f  1242//2033 1281//2033 1282//2033
f  1242//2034 1282//2034 1241//2034
f  1241//2035 1282//2035 1240//2035
f  1240//2036 1282//2036 1283//2036
f  1240//2037 1283//2037 1236//2037
f  1236//2038 1283//2038 1284//2038
f  1236//2039 1284//2039 1237//2039
f  1285//2040 1286//2040 1287//2040
f  1287//2041 1286//2041 1288//2041
f  1287//2042 1288//2042 1289//2042
f  1276//2043 1253//2043 1274//2043
f  1274//2044 1253//2044 1255//2044
f  1274//2045 1255//2045 1279//2045
f  1279//2046 1255//2046 1270//2046
f  1279//2047 1270//2047 1290//2047
f  1290//2048 1270//2048 1268//2048
f  1290//2049 1268//2049 1291//2049
f  1291//2050 1268//2050 1266//2050
f  1291//2051 1266//2051 1292//2051
f  1292//2052 1266//2052 1264//2052
f  1292//2053 1264//2053 1293//2053
f  1293//2054 1264//2054 1262//2054
f  1293//2055 1262//2055 1294//2055
f  1294//2056 1262//2056 1258//2056
f  1294//2057 1258//2057 1295//2057
f  1295//2058 1258//2058 1260//2058
f  1239//2059 1238//2059 1289//2059
f  1289//2060 1238//2060 1296//2060
f  1289//2061 1296//2061 1287//2061
f  1287//2062 1296//2062 1297//2062
f  1287//2063 1297//2063 1285//2063
f  1285//2064 1297//2064 1298//2064
f  1238//2065 1237//2065 1296//2065
f  1296//2066 1237//2066 1284//2066
f  1296//2067 1284//2067 1297//2067
f  1297//2068 1284//2068 1283//2068
f  1297//2069 1283//2069 1298//2069
f  1298//2070 1283//2070 1282//2070
f  1298//2071 1282//2071 1299//2071
f  1299//2072 1282//2072 1281//2072
f  1299//2073 1281//2073 1300//2073
f  1300//2074 1281//2074 1280//2074
f  1300//2075 1280//2075 1301//2075
f  1301//2076 1280//2076 1249//2076
f  1301//2077 1249//2077 1302//2077
f  1302//2078 1249//2078 1248//2078
f  1302//2079 1248//2079 1303//2079
f  1303//2080 1248//2080 1252//2080
f  1252//2081 1277//2081 1303//2081
f  1303//2082 1277//2082 1278//2082
f  1303//2083 1278//2083 1302//2083
f  1302//2084 1278//2084 1279//2084
f  1302//2085 1279//2085 1301//2085
f  1301//2086 1279//2086 1290//2086
f  1301//2087 1290//2087 1300//2087
f  1300//2088 1290//2088 1291//2088
f  1300//2089 1291//2089 1299//2089
f  1299//2090 1291//2090 1292//2090
f  1299//2091 1292//2091 1298//2091
f  1298//2092 1292//2092 1293//2092
f  1298//2093 1293//2093 1285//2093
f  1285//2094 1293//2094 1294//2094
f  1285//2095 1294//2095 1286//2095
f  1286//2096 1294//2096 1295//2096
f  1267//2097 1269//2097 1304//2097
f  1304//2098 1269//2098 1271//2098
f  1304//2099 1257//2099 1256//2099
f  1265//2100 1267//2100 1263//2100
f  1263//2101 1267//2101 1304//2101
f  1263//2102 1304//2102 1261//2102
f  1261//2103 1304//2103 1256//2103
f  1305//2104 1257//2104 1306//2104
f  1306//2105 1257//2105 1304//2105
f  1306//2106 1304//2106 1307//2106
f  1307//2107 1304//2107 1308//2107
f  1309//2108 1304//2108 1273//2108
f  1273//2109 1304//2109 1271//2109
f  1273//2110 1271//2110 1272//2110
f  1309//2111 1310//2111 1304//2111
f  1304//2112 1310//2112 1311//2112
f  1304//2113 1311//2113 1308//2113
f  1312//2114 1313//2114 1314//2114
f  1315//2115 1316//2115 1317//2115
f  1309//2116 1273//2116 1254//2116
f  1309//2117 1254//2117 1310//2117
f  1318//2118 1311//2118 1310//2118
f  1319//2119 1305//2119 1320//2119
f  1320//2120 1305//2120 1306//2120
f  1320//2121 1306//2121 1321//2121
f  1322//2122 1260//2122 1259//2122
f  1323//2123 1289//2123 1288//2123
f  1324//2124 1239//2124 1289//2124
f  1289//2125 1323//2125 1324//2125
f  1324//2126 1323//2126 1325//2126
f  1324//2127 1325//2127 1326//2127
f  1326//2128 1325//2128 1327//2128
f  1326//2129 1327//2129 1328//2129
f  1329//2130 1330//2130 1327//2130
f  1327//2131 1330//2131 1331//2131
f  1327//2132 1331//2132 1328//2132
f  1315//2133 1317//2133 1332//2133
f  1333//2134 1334//2134 1335//2134
f  1335//2135 1334//2135 1336//2135
f  1335//2136 1336//2136 1337//2136
f  1251//2137 1247//2137 1312//2137
f  1338//2138 1339//2138 1314//2138
f  1312//2139 1314//2139 1251//2139
f  1251//2140 1314//2140 1339//2140
f  1251//2141 1339//2141 1252//2141
f  1277//2142 1340//2142 1275//2142
f  1275//2143 1340//2143 1341//2143
f  1275//2144 1341//2144 1276//2144
f  1318//2145 1310//2145 1342//2145
f  1342//2146 1310//2146 1254//2146
f  1342//2147 1254//2147 1253//2147
f  1308//2148 1311//2148 1343//2148
f  1343//2149 1311//2149 1318//2149
f  1343//2150 1318//2150 1344//2150
f  1344//2151 1318//2151 1342//2151
f  1344//2152 1342//2152 1345//2152
f  1345//2153 1342//2153 1253//2153
f  1345//2154 1253//2154 1276//2154
f  1341//2155 1346//2155 1347//2155
f  1347//2156 1346//2156 1348//2156
f  1347//2157 1348//2157 1349//2157
f  1349//2158 1348//2158 1350//2158
f  1349//2159 1350//2159 1351//2159
f  1351//2160 1350//2160 1352//2160
f  1276//2161 1341//2161 1345//2161
f  1345//2162 1341//2162 1347//2162
f  1345//2163 1347//2163 1344//2163
f  1344//2164 1347//2164 1349//2164
f  1344//2165 1349//2165 1343//2165
f  1343//2166 1349//2166 1351//2166
f  1343//2167 1351//2167 1308//2167
f  1308//2168 1351//2168 1352//2168
f  1308//2169 1352//2169 1307//2169
f  1353//2170 1332//2170 1354//2170
f  1354//2171 1332//2171 1317//2171
f  1354//2172 1317//2172 1355//2172
f  1355//2173 1317//2173 1356//2173
f  1355//2174 1356//2174 1357//2174
f  1357//2175 1356//2175 1358//2175
f  1357//2176 1358//2176 1359//2176
f  1359//2177 1358//2177 1360//2177
f  1359//2178 1360//2178 1361//2178
f  1361//2179 1360//2179 1362//2179
f  1361//2180 1362//2180 1322//2180
f  1322//2181 1362//2181 1295//2181
f  1322//2182 1295//2182 1260//2182
f  1277//2183 1252//2183 1340//2183
f  1340//2184 1252//2184 1339//2184
f  1340//2185 1339//2185 1341//2185
f  1341//2186 1339//2186 1338//2186
f  1341//2187 1338//2187 1346//2187
f  1329//2188 1327//2188 1363//2188
f  1363//2189 1327//2189 1325//2189
f  1363//2190 1325//2190 1364//2190
f  1364//2191 1325//2191 1323//2191
f  1364//2192 1323//2192 1365//2192
f  1365//2193 1323//2193 1288//2193
f  1365//2194 1288//2194 1286//2194
f  1316//2195 1330//2195 1317//2195
f  1317//2196 1330//2196 1329//2196
f  1317//2197 1329//2197 1356//2197
f  1356//2198 1329//2198 1363//2198
f  1356//2199 1363//2199 1358//2199
f  1358//2200 1363//2200 1364//2200
f  1358//2201 1364//2201 1360//2201
f  1360//2202 1364//2202 1365//2202
f  1360//2203 1365//2203 1362//2203
f  1362//2204 1365//2204 1286//2204
f  1362//2205 1286//2205 1295//2205
f  1336//2206 1353//2206 1337//2206
f  1337//2207 1353//2207 1354//2207
f  1337//2208 1354//2208 1366//2208
f  1366//2209 1354//2209 1355//2209
f  1366//2210 1355//2210 1367//2210
f  1367//2211 1355//2211 1357//2211
f  1367//2212 1357//2212 1368//2212
f  1368//2213 1357//2213 1359//2213
f  1368//2214 1359//2214 1321//2214
f  1321//2215 1359//2215 1361//2215
f  1321//2216 1361//2216 1320//2216
f  1320//2217 1361//2217 1322//2217
f  1320//2218 1322//2218 1319//2218
f  1319//2219 1322//2219 1259//2219
f  1319//2220 1259//2220 1305//2220
f  1305//2221 1259//2221 1257//2221
f  1313//2222 1333//2222 1314//2222
f  1314//2223 1333//2223 1335//2223
f  1314//2224 1335//2224 1338//2224
f  1338//2225 1335//2225 1337//2225
f  1338//2226 1337//2226 1346//2226
f  1346//2227 1337//2227 1366//2227
f  1346//2228 1366//2228 1348//2228
f  1348//2229 1366//2229 1367//2229
f  1348//2230 1367//2230 1350//2230
f  1350//2231 1367//2231 1368//2231
f  1350//2232 1368//2232 1352//2232
f  1352//2233 1368//2233 1321//2233
f  1352//2234 1321//2234 1307//2234
f  1307//2235 1321//2235 1306//2235
f  1336//2236 1334//2236 638//2236
f  638//2237 1334//2237 1333//2237
f  638//2238 1333//2238 639//2238
f  639//2239 1333//2239 1313//2239
f  639//2240 1313//2240 640//2240
f  640//2241 1313//2241 1312//2241
f  640//2242 1312//2242 1247//2242
f  1336//2243 638//2243 1353//2243
f  1353//2244 638//2244 636//2244
f  1353//2245 636//2245 1332//2245
f  1332//2246 636//2246 1315//2246
f  1315//2247 636//2247 649//2247
f  1315//2248 649//2248 1316//2248
f  1316//2249 649//2249 648//2249
f  1316//2250 648//2250 1330//2250
f  1330//2251 648//2251 647//2251
f  1330//2252 647//2252 646//2252
f  1326//2253 1328//2253 646//2253
f  646//2254 1328//2254 1331//2254
f  646//2255 1331//2255 1330//2255
f  646//2256 645//2256 1326//2256
f  1326//2257 645//2257 644//2257
f  1326//2258 644//2258 1324//2258
f  1324//2259 644//2259 1239//2259
f  1369//2260 1370//2260 1371//2260
f  1372//2261 1373//2261 1374//2261
f  1375//2262 605//2262 604//2262
f  1376//2263 621//2263 1377//2263
f  1377//2264 621//2264 623//2264
f  1377//2265 623//2265 1378//2265
f  1378//2266 623//2266 629//2266
f  612//2267 611//2267 1379//2267
f  1379//2268 611//2268 618//2268
f  1379//2269 618//2269 1376//2269
f  1376//2270 618//2270 617//2270
f  1376//2271 617//2271 621//2271
f  1380//2272 615//2272 1381//2272
f  1381//2273 615//2273 614//2273
f  1381//2274 614//2274 613//2274
f  610//2275 609//2275 1382//2275
f  1382//2276 609//2276 607//2276
f  1382//2277 607//2277 1380//2277
f  1380//2278 607//2278 606//2278
f  1380//2279 606//2279 615//2279
f  1382//2280 1383//2280 610//2280
f  610//2281 1383//2281 1384//2281
f  610//2282 1384//2282 604//2282
f  604//2283 1384//2283 1385//2283
f  604//2284 1385//2284 1375//2284
f  605//2285 1375//2285 602//2285
f  602//2286 1375//2286 1386//2286
f  602//2287 1386//2287 597//2287
f  597//2288 1386//2288 1387//2288
f  597//2289 1387//2289 598//2289
f  598//2290 1387//2290 599//2290
f  599//2291 1387//2291 1388//2291
f  599//2292 1388//2292 600//2292
f  1389//2293 251//2293 595//2293
f  600//2294 1388//2294 595//2294
f  595//2295 1388//2295 1390//2295
f  595//2296 1390//2296 1389//2296
f  1372//2297 1374//2297 1391//2297
f  1391//2298 1374//2298 1392//2298
f  1391//2299 1392//2299 1393//2299
f  1393//2300 1392//2300 1394//2300
f  1394//2301 1392//2301 1395//2301
f  1394//2302 1395//2302 1396//2302
f  1396//2303 1395//2303 1397//2303
f  1396//2304 1397//2304 1398//2304
f  1397//2305 1399//2305 1398//2305
f  1398//2306 1399//2306 1400//2306
f  1398//2307 1400//2307 1401//2307
f  1402//2308 1403//2308 1404//2308
f  1404//2309 1405//2309 1402//2309
f  1402//2310 1405//2310 1406//2310
f  1402//2311 1406//2311 1400//2311
f  1400//2312 1406//2312 1407//2312
f  1400//2313 1407//2313 1401//2313
f  1408//2314 1409//2314 1410//2314
f  1410//2315 1409//2315 1411//2315
f  1410//2316 1411//2316 1412//2316
f  1371//2317 1370//2317 1413//2317
f  1370//2318 1414//2318 1413//2318
f  1413//2319 1414//2319 1415//2319
f  1413//2320 1415//2320 1411//2320
f  1411//2321 1415//2321 1416//2321
f  1411//2322 1416//2322 1412//2322
f  1417//2323 1418//2323 1419//2323
f  1419//2324 1418//2324 1420//2324
f  1419//2325 1420//2325 1421//2325
f  1421//2326 1420//2326 1422//2326
f  1421//2327 1422//2327 1423//2327
f  1424//2328 1425//2328 1426//2328
f  1426//2329 1425//2329 476//2329
f  1426//2330 1427//2330 1424//2330
f  1424//2331 1427//2331 1428//2331
f  1424//2332 1428//2332 1422//2332
f  1422//2333 1428//2333 1429//2333
f  1422//2334 1429//2334 1423//2334
f  629//2335 1425//2335 1378//2335
f  1378//2336 1425//2336 1424//2336
f  1378//2337 1424//2337 1377//2337
f  1377//2338 1424//2338 1422//2338
f  1377//2339 1422//2339 1376//2339
f  1376//2340 1422//2340 1420//2340
f  1376//2341 1420//2341 1379//2341
f  1379//2342 1420//2342 1418//2342
f  1417//2343 1430//2343 1418//2343
f  1418//2344 1430//2344 1431//2344
f  1418//2345 1431//2345 1379//2345
f  1379//2346 1431//2346 1381//2346
f  1379//2347 1381//2347 612//2347
f  612//2348 1381//2348 613//2348
f  1373//2349 1432//2349 1374//2349
f  1374//2350 1432//2350 1433//2350
f  1374//2351 1433//2351 1392//2351
f  1392//2352 1433//2352 1434//2352
f  1392//2353 1434//2353 1395//2353
f  1395//2354 1434//2354 1435//2354
f  1395//2355 1435//2355 1397//2355
f  1397//2356 1435//2356 1436//2356
f  1397//2357 1436//2357 1399//2357
f  1399//2358 1436//2358 1437//2358
f  1399//2359 1437//2359 1400//2359
f  1400//2360 1437//2360 1438//2360
f  1400//2361 1438//2361 1402//2361
f  1402//2362 1438//2362 1409//2362
f  1402//2363 1409//2363 1403//2363
f  1403//2364 1409//2364 1408//2364
f  1403//2365 1408//2365 1404//2365
f  1430//2366 1369//2366 1431//2366
f  1431//2367 1369//2367 1371//2367
f  1431//2368 1371//2368 1381//2368
f  1381//2369 1371//2369 1413//2369
f  1381//2370 1413//2370 1380//2370
f  1380//2371 1413//2371 1411//2371
f  1380//2372 1411//2372 1382//2372
f  1382//2373 1411//2373 1409//2373
f  1382//2374 1409//2374 1383//2374
f  1383//2375 1409//2375 1438//2375
f  1383//2376 1438//2376 1384//2376
f  1384//2377 1438//2377 1437//2377
f  1384//2378 1437//2378 1385//2378
f  1385//2379 1437//2379 1436//2379
f  1385//2380 1436//2380 1375//2380
f  1375//2381 1436//2381 1435//2381
f  1375//2382 1435//2382 1386//2382
f  1386//2383 1435//2383 1434//2383
f  1386//2384 1434//2384 1387//2384
f  1387//2385 1434//2385 1433//2385
f  1387//2386 1433//2386 1388//2386
f  1388//2387 1433//2387 1432//2387
f  1388//2388 1432//2388 1390//2388
f  1390//2389 1432//2389 1373//2389
f  1390//2390 1373//2390 1439//2390
f  1439//2391 1373//2391 1372//2391
f  1439//2392 1372//2392 1440//2392
f  688//2393 686//2393 1441//2393
f  445//2394 411//2394 1442//2394
f  410//2395 451//2395 1443//2395
f  1443//2396 451//2396 450//2396
f  1444//2397 1425//2397 629//2397
f  1445//2398 470//2398 1446//2398
f  1446//2399 470//2399 474//2399
f  1446//2400 474//2400 476//2400
f  466//2401 468//2401 1445//2401
f  1445//2402 468//2402 471//2402
f  1445//2403 471//2403 470//2403
f  1445//2404 1447//2404 466//2404
f  466//2405 1447//2405 1448//2405
f  466//2406 1448//2406 463//2406
f  448//2407 447//2407 1449//2407
f  1449//2408 447//2408 452//2408
f  1449//2409 452//2409 1450//2409
f  1450//2410 452//2410 454//2410
f  1450//2411 454//2411 456//2411
f  448//2412 1449//2412 450//2412
f  450//2413 1449//2413 1451//2413
f  450//2414 1451//2414 1443//2414
f  445//2415 1442//2415 446//2415
f  446//2416 1442//2416 1452//2416
f  446//2417 1452//2417 413//2417
f  413//2418 1452//2418 1453//2418
f  413//2419 1453//2419 440//2419
f  440//2420 1453//2420 441//2420
f  441//2421 1453//2421 1454//2421
f  441//2422 1454//2422 438//2422
f  438//2423 1454//2423 1455//2423
f  438//2424 1455//2424 436//2424
f  436//2425 1455//2425 1456//2425
f  436//2426 1456//2426 434//2426
f  434//2427 1456//2427 431//2427
f  431//2428 1456//2428 1457//2428
f  431//2429 1457//2429 428//2429
f  428//2430 1457//2430 1458//2430
f  428//2431 1458//2431 426//2431
f  426//2432 1458//2432 1094//2432
f  426//2433 1094//2433 425//2433
f  98//2434 1092//2434 704//2434
f  704//2435 1092//2435 1459//2435
f  704//2436 1459//2436 705//2436
f  705//2437 1459//2437 1460//2437
f  703//2438 702//2438 1461//2438
f  1461//2439 702//2439 700//2439
f  1461//2440 700//2440 1462//2440
f  1462//2441 700//2441 698//2441
f  1462//2442 698//2442 1460//2442
f  1460//2443 698//2443 697//2443
f  1460//2444 697//2444 705//2444
f  1461//2445 1463//2445 703//2445
f  703//2446 1463//2446 1464//2446
f  703//2447 1464//2447 674//2447
f  674//2448 1464//2448 1465//2448
f  674//2449 1465//2449 694//2449
f  694//2450 1465//2450 1466//2450
f  1467//2451 696//2451 1466//2451
f  1466//2452 696//2452 695//2452
f  1466//2453 695//2453 694//2453
f  1468//2454 692//2454 1467//2454
f  1467//2455 692//2455 693//2455
f  1467//2456 693//2456 696//2456
f  686//2457 685//2457 1468//2457
f  1468//2458 685//2458 690//2458
f  1468//2459 690//2459 692//2459
f  688//2460 1441//2460 689//2460
f  476//2461 1425//2461 1446//2461
f  1446//2462 1425//2462 1444//2462
f  1446//2463 1444//2463 1445//2463
f  1445//2464 1444//2464 1469//2464
f  1445//2465 1469//2465 1447//2465
f  1447//2466 1469//2466 1470//2466
f  1447//2467 1470//2467 1448//2467
f  460//2468 463//2468 1471//2468
f  1471//2469 463//2469 1448//2469
f  1471//2470 1448//2470 1441//2470
f  1441//2471 1448//2471 1470//2471
f  1441//2472 1470//2472 689//2472
f  689//2473 1470//2473 1469//2473
f  689//2474 1469//2474 684//2474
f  684//2475 1469//2475 1444//2475
f  684//2476 1444//2476 682//2476
f  682//2477 1444//2477 629//2477
f  686//2478 1468//2478 1441//2478
f  1441//2479 1468//2479 1472//2479
f  1441//2480 1472//2480 1471//2480
f  1471//2481 1472//2481 458//2481
f  1471//2482 458//2482 460//2482
f  1090//2483 1094//2483 1473//2483
f  1473//2484 1094//2484 1458//2484
f  1473//2485 1458//2485 1474//2485
f  1474//2486 1458//2486 1457//2486
f  1474//2487 1457//2487 1475//2487
f  1475//2488 1457//2488 1456//2488
f  1475//2489 1456//2489 1476//2489
f  1476//2490 1456//2490 1455//2490
f  1476//2491 1455//2491 1477//2491
f  1477//2492 1455//2492 1454//2492
f  1477//2493 1454//2493 1478//2493
f  1478//2494 1454//2494 1453//2494
f  1478//2495 1453//2495 1479//2495
f  1479//2496 1453//2496 1452//2496
f  1479//2497 1452//2497 1451//2497
f  1451//2498 1452//2498 1442//2498
f  1451//2499 1442//2499 1443//2499
f  1443//2500 1442//2500 411//2500
f  1443//2501 411//2501 410//2501
f  1092//2502 1090//2502 1459//2502
f  1459//2503 1090//2503 1473//2503
f  1459//2504 1473//2504 1460//2504
f  1460//2505 1473//2505 1474//2505
f  1460//2506 1474//2506 1462//2506
f  1462//2507 1474//2507 1475//2507
f  1462//2508 1475//2508 1461//2508
f  1461//2509 1475//2509 1476//2509
f  1461//2510 1476//2510 1463//2510
f  1463//2511 1476//2511 1477//2511
f  1463//2512 1477//2512 1464//2512
f  1464//2513 1477//2513 1478//2513
f  1464//2514 1478//2514 1465//2514
f  1465//2515 1478//2515 1479//2515
f  1465//2516 1479//2516 1466//2516
f  1466//2517 1479//2517 1451//2517
f  1466//2518 1451//2518 1467//2518
f  1467//2519 1451//2519 1449//2519
f  1467//2520 1449//2520 1468//2520
f  1468//2521 1449//2521 1450//2521
f  1468//2522 1450//2522 1472//2522
f  1472//2523 1450//2523 456//2523
f  1472//2524 456//2524 458//2524
f  1480//2525 1481//2525 1482//2525
f  1483//2526 1484//2526 1482//2526
f  1482//2527 1484//2527 1485//2527
f  1482//2528 1485//2528 1480//2528
f  1486//2529 1487//2529 1482//2529
f  1482//2530 1487//2530 1488//2530
f  1482//2526 1488//2526 1483//2526
f  1489//2531 1490//2531 1491//2531
f  1492//2532 1493//2532 1494//2532
f  1495//2533 1496//2533 1497//2533
f  1497//2534 1496//2534 1498//2534
f  1480//2535 1485//2535 1499//2535
f  1499//2536 1485//2536 1500//2536
f  1499//2537 1500//2537 1501//2537
f  1481//2538 1480//2538 1502//2538
f  1502//2539 1480//2539 1499//2539
f  1502//2540 1499//2540 1503//2540
f  1503//2541 1499//2541 1501//2541
f  1503//2542 1501//2542 1504//2542
f  1504//2543 1501//2543 1505//2543
f  1506//2544 1507//2544 1508//2544
f  1508//2545 1507//2545 1492//2545
f  1506//2546 1509//2546 1510//2546
f  1510//2547 1509//2547 1511//2547
f  1510//2548 1511//2548 1512//2548
f  1512//2549 1511//2549 1513//2549
f  1512//2550 1513//2550 1514//2550
f  1514//2551 1513//2551 1515//2551
f  1514//2552 1515//2552 1516//2552
f  1491//2553 1490//2553 1515//2553
f  1515//2554 1490//2554 1517//2554
f  1515//2555 1517//2555 1516//2555
f  1489//2556 1491//2556 1518//2556
f  1518//2557 1491//2557 1519//2557
f  1518//2558 1519//2558 1520//2558
f  1520//2559 1519//2559 1496//2559
f  1520//2560 1496//2560 1521//2560
f  1521//2561 1496//2561 1495//2561
f  1521//2562 1495//2562 1522//2562
f  1523//2563 1524//2563 1525//2563
f  1525//2564 1524//2564 1526//2564
f  1525//2565 1526//2565 1527//2565
f  1527//2566 1526//2566 1528//2566
f  1527//2567 1528//2567 1529//2567
f  1529//2568 1528//2568 1530//2568
f  1529//2569 1530//2569 1531//2569
f  1532//2570 1505//2570 1533//2570
f  1533//2571 1505//2571 1501//2571
f  1533//2572 1501//2572 1534//2572
f  1534//2573 1501//2573 1500//2573
f  1534//2574 1500//2574 1535//2574
f  1535//2575 1500//2575 1485//2575
f  1535//2576 1485//2576 1484//2576
f  1536//2577 1523//2577 1537//2577
f  1537//2578 1523//2578 1525//2578
f  1537//2579 1525//2579 1538//2579
f  1538//2580 1525//2580 1527//2580
f  1538//2581 1527//2581 1539//2581
f  1539//2582 1527//2582 1529//2582
f  1539//2583 1529//2583 1540//2583
f  1540//2584 1529//2584 1531//2584
f  1540//2585 1531//2585 1541//2585
f  1494//2586 1532//2586 1542//2586
f  1542//2587 1532//2587 1533//2587
f  1542//2588 1533//2588 1543//2588
f  1543//2589 1533//2589 1534//2589
f  1543//2590 1534//2590 1544//2590
f  1544//2591 1534//2591 1535//2591
f  1544//2592 1535//2592 1545//2592
f  1545//2593 1535//2593 1484//2593
f  1545//2594 1484//2594 1483//2594
f  1546//2595 1536//2595 1547//2595
f  1547//2596 1536//2596 1537//2596
f  1547//2597 1537//2597 1548//2597
f  1548//2598 1537//2598 1538//2598
f  1548//2599 1538//2599 1549//2599
f  1549//2600 1538//2600 1539//2600
f  1549//2601 1539//2601 1550//2601
f  1550//2602 1539//2602 1540//2602
f  1550//2603 1540//2603 1551//2603
f  1551//2604 1540//2604 1541//2604
f  1551//2605 1541//2605 1552//2605
f  1492//2606 1494//2606 1508//2606
f  1508//2607 1494//2607 1542//2607
f  1508//2608 1542//2608 1553//2608
f  1553//2609 1542//2609 1543//2609
f  1553//2610 1543//2610 1554//2610
f  1554//2590 1543//2590 1544//2590
f  1554//2611 1544//2611 1555//2611
f  1555//2612 1544//2612 1545//2612
f  1555//2613 1545//2613 1556//2613
f  1556//2614 1545//2614 1483//2614
f  1556//2615 1483//2615 1488//2615
f  1509//2616 1546//2616 1511//2616
f  1511//2617 1546//2617 1547//2617
f  1511//2618 1547//2618 1513//2618
f  1513//2619 1547//2619 1548//2619
f  1513//2620 1548//2620 1515//2620
f  1515//2621 1548//2621 1549//2621
f  1515//2622 1549//2622 1491//2622
f  1491//2623 1549//2623 1550//2623
f  1491//2624 1550//2624 1519//2624
f  1519//2625 1550//2625 1551//2625
f  1519//2626 1551//2626 1496//2626
f  1496//2627 1551//2627 1552//2627
f  1496//2628 1552//2628 1498//2628
f  1506//2629 1508//2629 1509//2629
f  1509//2630 1508//2630 1553//2630
f  1509//2631 1553//2631 1546//2631
f  1546//2610 1553//2610 1554//2610
f  1546//2632 1554//2632 1536//2632
f  1536//2633 1554//2633 1555//2633
f  1536//2634 1555//2634 1523//2634
f  1523//2635 1555//2635 1556//2635
f  1523//2636 1556//2636 1524//2636
f  1524//2637 1556//2637 1488//2637
f  1524//2638 1488//2638 1526//2638
f  1526//2639 1488//2639 1487//2639
f  1526//2640 1487//2640 1528//2640
f  1528//2641 1487//2641 1486//2641
f  1528//2642 1486//2642 1530//2642
f  1530//2643 1486//2643 1557//2643
f  1530//2644 1557//2644 1531//2644
f  1531//2645 1557//2645 1558//2645
f  1531//2646 1558//2646 1541//2646
f  1541//2647 1558//2647 1559//2647
f  1541//2648 1559//2648 1552//2648
f  1514//2649 715//2649 714//2649
f  1522//2650 719//2650 1521//2650
f  1521//2651 719//2651 718//2651
f  717//2652 1518//2652 718//2652
f  718//2653 1518//2653 1520//2653
f  718//2654 1520//2654 1521//2654
f  715//2655 1514//2655 712//2655
f  1514//2656 1516//2656 712//2656
f  712//2657 1516//2657 1517//2657
f  712//2658 1517//2658 716//2658
f  716//2659 1517//2659 1490//2659
f  716//2660 1490//2660 717//2660
f  717//2661 1490//2661 1489//2661
f  717//2662 1489//2662 1518//2662
f  1507//2663 1506//2663 713//2663
f  713//2664 1506//2664 1510//2664
f  713//2665 1510//2665 714//2665
f  714//2666 1510//2666 1512//2666
f  714//2667 1512//2667 1514//2667
f  1507//2668 713//2668 1492//2668
f  1492//2669 713//2669 711//2669
f  1492//2670 711//2670 1493//2670
f  1560//2671 737//2671 1561//2671
f  1561//2672 737//2672 738//2672
f  1561//2673 738//2673 1562//2673
f  738//2674 734//2674 1562//2674
f  1562//2675 734//2675 733//2675
f  1562//2676 733//2676 1563//2676
f  1563//2677 733//2677 1564//2677
f  1564//2678 733//2678 732//2678
f  1564//2679 732//2679 1565//2679
f  1565//2680 732//2680 731//2680
f  1565//2681 731//2681 1566//2681
f  1566//2682 731//2682 1567//2682
f  1567//2683 731//2683 672//2683
f  1567//2684 672//2684 1568//2684
f  1568//2685 672//2685 671//2685
f  1568//2686 671//2686 1569//2686
f  1569//2687 671//2687 730//2687
f  1569//2688 730//2688 1570//2688
f  1570//2689 730//2689 729//2689
f  1570//2690 729//2690 1571//2690
f  1572//2691 1573//2691 1574//2691
f  1569//2692 1575//2692 1576//2692
f  1577//2693 1578//2693 1579//2693
f  1580//2694 1581//2694 1582//2694
f  1580//2695 1582//2695 1583//2695
f  1583//2696 1582//2696 1584//2696
f  1583//2697 1584//2697 1585//2697
f  1585//2698 1584//2698 1586//2698
f  1585//2699 1586//2699 1587//2699
f  1587//2700 1586//2700 1588//2700
f  1587//2701 1588//2701 1589//2701
f  1589//2702 1588//2702 1590//2702
f  1589//2703 1590//2703 1591//2703
f  1591//2704 1590//2704 1592//2704
f  1591//2705 1592//2705 1593//2705
f  1594//2706 1577//2706 1595//2706
f  1595//2707 1577//2707 1579//2707
f  1595//2708 1579//2708 1592//2708
f  1592//2709 1579//2709 1596//2709
f  1592//2710 1596//2710 1593//2710
f  1597//2711 1598//2711 1599//2711
f  1599//2712 1598//2712 1600//2712
f  1599//2713 1600//2713 1601//2713
f  1569//2714 1576//2714 1568//2714
f  1568//2715 1576//2715 1602//2715
f  1568//2716 1602//2716 1567//2716
f  1567//2717 1602//2717 1603//2717
f  1567//2718 1603//2718 1566//2718
f  1566//2719 1603//2719 1604//2719
f  1566//2720 1604//2720 1565//2720
f  1565//2721 1604//2721 1564//2721
f  1564//2722 1604//2722 1605//2722
f  1564//2723 1605//2723 1563//2723
f  1563//2724 1605//2724 1606//2724
f  1563//2725 1606//2725 1562//2725
f  1562//2726 1606//2726 1607//2726
f  1562//2727 1607//2727 1561//2727
f  1608//2728 1609//2728 1610//2728
f  1610//2729 1609//2729 1611//2729
f  1610//2730 1611//2730 1612//2730
f  1572//2731 1574//2731 1613//2731
f  1581//2732 1613//2732 1582//2732
f  1582//2733 1613//2733 1574//2733
f  1582//2734 1574//2734 1584//2734
f  1584//2735 1574//2735 1614//2735
f  1584//2736 1614//2736 1586//2736
f  1586//2737 1614//2737 1615//2737
f  1586//2738 1615//2738 1588//2738
f  1588//2739 1615//2739 1616//2739
f  1588//2740 1616//2740 1590//2740
f  1590//2741 1616//2741 1617//2741
f  1590//2742 1617//2742 1592//2742
f  1592//2743 1617//2743 1601//2743
f  1592//2744 1601//2744 1595//2744
f  1595//2745 1601//2745 1600//2745
f  1595//2746 1600//2746 1594//2746
f  1594//2747 1600//2747 1598//2747
f  1569//2748 1570//2748 1575//2748
f  1575//2749 1570//2749 1618//2749
f  1575//2750 1618//2750 1619//2750
f  1560//2751 1561//2751 1620//2751
f  1620//2752 1561//2752 1607//2752
f  1620//2753 1607//2753 1609//2753
f  1609//2754 1607//2754 1606//2754
f  1609//2755 1606//2755 1611//2755
f  1611//2756 1606//2756 1605//2756
f  1611//2757 1605//2757 1612//2757
f  1612//2758 1605//2758 1604//2758
f  1612//2759 1604//2759 1621//2759
f  1621//2760 1604//2760 1603//2760
f  1621//2761 1603//2761 1622//2761
f  1622//2762 1603//2762 1602//2762
f  1622//2763 1602//2763 1623//2763
f  1623//2764 1602//2764 1576//2764
f  1623//2765 1576//2765 1624//2765
f  1624//2766 1576//2766 1575//2766
f  1624//2767 1575//2767 1625//2767
f  1625//2768 1575//2768 1619//2768
f  1573//2769 1608//2769 1574//2769
f  1574//2770 1608//2770 1610//2770
f  1574//2771 1610//2771 1614//2771
f  1614//2772 1610//2772 1612//2772
f  1614//2773 1612//2773 1615//2773
f  1615//2774 1612//2774 1621//2774
f  1615//2775 1621//2775 1616//2775
f  1616//2776 1621//2776 1622//2776
f  1616//2777 1622//2777 1617//2777
f  1617//2778 1622//2778 1623//2778
f  1617//2779 1623//2779 1601//2779
f  1601//2780 1623//2780 1624//2780
f  1601//2781 1624//2781 1599//2781
f  1599//2782 1624//2782 1625//2782
f  1599//2783 1625//2783 1597//2783
f  1597//2784 1625//2784 1619//2784
f  1597//2785 1619//2785 1626//2785
f  1626//2786 1619//2786 1618//2786
f  1626//2787 1618//2787 1571//2787
f  1571//2788 1618//2788 1570//2788
f  1627//2789 1580//2789 1628//2789
f  1578//2790 1629//2790 1628//2790
f  1628//2791 1629//2791 1630//2791
f  1631//2792 1627//2792 1632//2792
f  1632//2793 1627//2793 1628//2793
f  1632//2794 1628//2794 1633//2794
f  1633//2795 1628//2795 1630//2795
f  1633//2796 1630//2796 1634//2796
f  1628//2797 1589//2797 1591//2797
f  1579//2798 1578//2798 1596//2798
f  1596//2799 1578//2799 1628//2799
f  1596//2800 1628//2800 1593//2800
f  1593//2801 1628//2801 1591//2801
f  1587//2802 1589//2802 1585//2802
f  1585//2803 1589//2803 1628//2803
f  1585//2804 1628//2804 1583//2804
f  1583//2805 1628//2805 1580//2805
f  1598//2806 1597//2806 1635//2806
f  1572//2807 1613//2807 1636//2807
f  1578//2808 1577//2808 1637//2808
f  1629//2809 1638//2809 1630//2809
f  1630//2810 1638//2810 1639//2810
f  1630//2811 1639//2811 1634//2811
f  1634//2812 1639//2812 1640//2812
f  1634//2813 1640//2813 1633//2813
f  1640//2814 1641//2814 1633//2814
f  1633//2815 1641//2815 1642//2815
f  1633//2816 1642//2816 1632//2816
f  1631//2817 1643//2817 1627//2817
f  1627//2818 1643//2818 1581//2818
f  1627//2819 1581//2819 1580//2819
f  1613//2820 1581//2820 1636//2820
f  1636//2821 1581//2821 1643//2821
f  1636//2822 1643//2822 1642//2822
f  1642//2823 1643//2823 1631//2823
f  1642//2824 1631//2824 1632//2824
f  1608//2825 1573//2825 1644//2825
f  1644//2826 1573//2826 1645//2826
f  1560//2827 1620//2827 1646//2827
f  1646//2828 1620//2828 1647//2828
f  1646//2829 1647//2829 1648//2829
f  1649//2830 1650//2830 1651//2830
f  1651//2831 1650//2831 1652//2831
f  1649//2832 1651//2832 1653//2832
f  1653//2833 1651//2833 1654//2833
f  1653//2834 1654//2834 1655//2834
f  1655//2835 1654//2835 1656//2835
f  1655//2836 1656//2836 1657//2836
f  1658//2837 1659//2837 1660//2837
f  1660//2838 1659//2838 1661//2838
f  1660//2839 1661//2839 1656//2839
f  1656//2840 1661//2840 1662//2840
f  1656//2841 1662//2841 1657//2841
f  1571//2842 1663//2842 1664//2842
f  1664//2843 1663//2843 1665//2843
f  1664//2844 1665//2844 1666//2844
f  1573//2845 1572//2845 1645//2845
f  1645//2846 1572//2846 1636//2846
f  1645//2847 1636//2847 1667//2847
f  1667//2848 1636//2848 1642//2848
f  1667//2849 1642//2849 1668//2849
f  1668//2850 1642//2850 1641//2850
f  1668//2851 1641//2851 1669//2851
f  1669//2852 1641//2852 1640//2852
f  1669//2853 1640//2853 1670//2853
f  1670//2854 1640//2854 1639//2854
f  1670//2855 1639//2855 1671//2855
f  1671//2856 1639//2856 1638//2856
f  1671//2857 1638//2857 1672//2857
f  1672//2858 1638//2858 1629//2858
f  1620//2859 1609//2859 1647//2859
f  1647//2860 1609//2860 1673//2860
f  1647//2861 1673//2861 1674//2861
f  1674//2862 1673//2862 1675//2862
f  1674//2863 1675//2863 1676//2863
f  1676//2864 1675//2864 1677//2864
f  1676//2865 1677//2865 1678//2865
f  1678//2866 1677//2866 1679//2866
f  1678//2867 1679//2867 1680//2867
f  1680//2868 1679//2868 1681//2868
f  1680//2869 1681//2869 1682//2869
f  1682//2870 1681//2870 1683//2870
f  1682//2871 1683//2871 1684//2871
f  1684//2872 1683//2872 1685//2872
f  1684//2873 1685//2873 1686//2873
f  1686//2874 1685//2874 1687//2874
f  1686//2875 1687//2875 1688//2875
f  1688//2876 1687//2876 1637//2876
f  1688//2877 1637//2877 1594//2877
f  1594//2878 1637//2878 1577//2878
f  1609//2879 1608//2879 1673//2879
f  1673//2880 1608//2880 1644//2880
f  1673//2881 1644//2881 1675//2881
f  1675//2882 1644//2882 1645//2882
f  1675//2883 1645//2883 1677//2883
f  1677//2884 1645//2884 1667//2884
f  1677//2885 1667//2885 1679//2885
f  1679//2886 1667//2886 1668//2886
f  1679//2887 1668//2887 1681//2887
f  1681//2888 1668//2888 1669//2888
f  1681//2889 1669//2889 1683//2889
f  1683//2890 1669//2890 1670//2890
f  1683//2891 1670//2891 1685//2891
f  1685//2892 1670//2892 1671//2892
f  1685//2893 1671//2893 1687//2893
f  1687//2894 1671//2894 1672//2894
f  1687//2895 1672//2895 1637//2895
f  1637//2896 1672//2896 1629//2896
f  1637//2897 1629//2897 1578//2897
f  1626//2898 1571//2898 1689//2898
f  1689//2899 1571//2899 1664//2899
f  1689//2900 1664//2900 1690//2900
f  1690//2901 1664//2901 1666//2901
f  1690//2902 1666//2902 1691//2902
f  1597//2903 1626//2903 1635//2903
f  1635//2904 1626//2904 1689//2904
f  1635//2905 1689//2905 1692//2905
f  1692//2906 1689//2906 1690//2906
f  1692//2907 1690//2907 1658//2907
f  1658//2908 1690//2908 1691//2908
f  1658//2909 1691//2909 1659//2909
f  1594//2910 1598//2910 1688//2910
f  1688//2911 1598//2911 1635//2911
f  1688//2912 1635//2912 1686//2912
f  1686//2913 1635//2913 1692//2913
f  1686//2914 1692//2914 1684//2914
f  1684//2915 1692//2915 1658//2915
f  1684//2916 1658//2916 1682//2916
f  1682//2917 1658//2917 1660//2917
f  1682//2918 1660//2918 1680//2918
f  1680//2919 1660//2919 1656//2919
f  1680//2920 1656//2920 1678//2920
f  1678//2921 1656//2921 1654//2921
f  1678//2922 1654//2922 1676//2922
f  1676//2923 1654//2923 1651//2923
f  1676//2924 1651//2924 1674//2924
f  1674//2925 1651//2925 1652//2925
f  1674//2926 1652//2926 1647//2926
f  1647//2927 1652//2927 1693//2927
f  1647//2928 1693//2928 1648//2928
f  1649//2929 740//2929 739//2929
f  1571//2930 729//2930 1663//2930
f  1663//2931 729//2931 1665//2931
f  1665//2932 729//2932 728//2932
f  1665//2933 728//2933 1666//2933
f  1666//2934 728//2934 727//2934
f  1666//2935 727//2935 1691//2935
f  1691//2936 727//2936 744//2936
f  1691//2937 744//2937 1659//2937
f  1659//2938 744//2938 743//2938
f  1659//2939 743//2939 1661//2939
f  1661//2940 743//2940 742//2940
f  1661//2941 742//2941 1662//2941
f  1649//2942 1653//2942 740//2942
f  740//2943 1653//2943 1655//2943
f  740//2944 1655//2944 742//2944
f  742//2945 1655//2945 1657//2945
f  742//2946 1657//2946 1662//2946
f  1648//2947 1693//2947 735//2947
f  735//2948 1693//2948 1652//2948
f  735//2949 1652//2949 739//2949
f  739//2950 1652//2950 1650//2950
f  739//2951 1650//2951 1649//2951
f  737//2952 1560//2952 735//2952
f  735//2953 1560//2953 1646//2953
f  735//2954 1646//2954 1648//2954
f  1694//2955 1695//2955 1696//2955
f  1697//2956 1698//2956 1699//2956
f  1700//2957 1701//2957 1702//2957
f  1702//2958 1701//2958 1703//2958
f  1702//2959 1703//2959 1704//2959
f  1705//2960 1706//2960 1707//2960
f  1708//2961 1709//2961 1710//2961
f  1710//2962 1709//2962 1705//2962
f  1710//2963 1705//2963 1711//2963
f  1711//2964 1705//2964 1707//2964
f  1712//2965 1713//2965 1714//2965
f  1714//2966 1713//2966 1715//2966
f  1714//2967 1715//2967 1716//2967
f  1716//2968 1715//2968 1706//2968
f  1717//2969 1718//2969 1719//2969
f  1719//2970 1718//2970 1720//2970
f  1719//2971 1720//2971 1721//2971
f  1721//2972 1720//2972 1722//2972
f  1721//2973 1722//2973 1723//2973
f  1695//2974 1712//2974 1696//2974
f  1696//2975 1712//2975 1714//2975
f  1696//2976 1714//2976 1724//2976
f  1724//2977 1714//2977 1716//2977
f  1725//2978 1694//2978 1717//2978
f  1717//2979 1694//2979 1696//2979
f  1717//2980 1696//2980 1718//2980
f  1718//2981 1696//2981 1724//2981
f  1718//2982 1724//2982 1720//2982
f  1720//2983 1724//2983 1726//2983
f  1708//2984 1727//2984 1709//2984
f  1709//2985 1727//2985 1703//2985
f  1709//2986 1703//2986 1728//2986
f  1728//2987 1703//2987 1701//2987
f  1728//2988 1701//2988 1697//2988
f  1697//2989 1701//2989 1700//2989
f  1697//2990 1700//2990 1698//2990
f  1706//2991 1705//2991 1716//2991
f  1716//2992 1705//2992 1709//2992
f  1716//2993 1709//2993 1724//2993
f  1724//2994 1709//2994 1728//2994
f  1724//2995 1728//2995 1726//2995
f  1726//2996 1728//2996 1697//2996
f  1726//2997 1697//2997 1720//2997
f  1720//2998 1697//2998 1699//2998
f  1720//2999 1699//2999 1722//2999
f  1729//3000 1730//3000 1731//3000
f  1732//3001 1702//3001 1704//3001
f  1700//3002 1733//3002 1698//3002
f  1698//3003 1733//3003 1734//3003
f  1698//3004 1734//3004 1699//3004
f  1699//3005 1734//3005 1722//3005
f  1722//3006 1734//3006 1735//3006
f  1722//3007 1735//3007 1723//3007
f  1736//3008 1737//3008 1738//3008
f  1738//3009 1737//3009 1739//3009
f  1738//3010 1739//3010 1740//3010
f  1740//3011 1739//3011 1741//3011
f  1740//3012 1741//3012 1742//3012
f  1743//3013 1744//3013 1745//3013
f  1742//3014 1746//3014 1747//3014
f  1747//3015 1746//3015 1743//3015
f  1747//3016 1743//3016 1748//3016
f  1748//3017 1743//3017 1745//3017
f  1748//3018 1745//3018 1749//3018
f  1750//3019 1751//3019 1752//3019
f  1752//3020 1751//3020 1753//3020
f  1752//3021 1753//3021 1754//3021
f  1742//3022 1741//3022 1746//3022
f  1746//3023 1741//3023 1751//3023
f  1746//3024 1751//3024 1743//3024
f  1743//3025 1751//3025 1750//3025
f  1743//3026 1750//3026 1744//3026
f  1755//3027 1735//3027 1731//3027
f  1731//3028 1735//3028 1734//3028
f  1731//3029 1734//3029 1729//3029
f  1729//3030 1734//3030 1733//3030
f  1729//3031 1733//3031 1732//3031
f  1732//3032 1733//3032 1700//3032
f  1732//3033 1700//3033 1702//3033
f  1704//3034 1754//3034 1732//3034
f  1732//3035 1754//3035 1753//3035
f  1732//3036 1753//3036 1729//3036
f  1729//3037 1753//3037 1751//3037
f  1729//3038 1751//3038 1730//3038
f  1730//3039 1751//3039 1741//3039
f  1730//3040 1741//3040 1731//3040
f  1731//3041 1741//3041 1739//3041
f  1731//3042 1739//3042 1755//3042
f  1755//3043 1739//3043 1737//3043
f  1737//3044 1736//3044 1756//3044
f  1723//3045 1735//3045 1756//3045
f  1756//3046 1735//3046 1755//3046
f  1756//3047 1755//3047 1737//3047
f  1757//3048 1758//3048 1759//3048
f  1759//3049 1758//3049 1756//3049
f  1759//3050 1756//3050 1760//3050
f  1760//3051 1756//3051 1736//3051
f  1758//3052 1761//3052 1756//3052
f  1756//3053 1761//3053 1762//3053
f  1762//3054 1763//3054 1756//3054
f  1756//3055 1763//3055 1725//3055
f  1756//3056 1725//3056 1717//3056
f  1717//3057 1719//3057 1756//3057
f  1756//3058 1719//3058 1721//3058
f  1756//3059 1721//3059 1723//3059
f  1694//3060 1725//3060 1763//3060
f  1764//3061 1765//3061 1766//3061
f  1766//3062 1765//3062 1767//3062
f  1766//3063 1767//3063 1768//3063
f  1769//3064 1770//3064 1768//3064
f  1771//3065 1772//3065 1770//3065
f  1761//3066 1758//3066 1772//3066
f  1772//3067 1771//3067 1761//3067
f  1761//3068 1771//3068 1773//3068
f  1761//3069 1773//3069 1762//3069
f  1773//3070 1774//3070 1762//3070
f  1762//3071 1774//3071 1775//3071
f  1762//3072 1775//3072 1763//3072
f  1763//3073 1775//3073 1695//3073
f  1763//3074 1695//3074 1694//3074
f  1706//3075 1715//3075 1776//3075
f  1776//3076 1715//3076 1713//3076
f  1707//3077 1706//3077 1777//3077
f  1777//3078 1706//3078 1776//3078
f  1777//3079 1776//3079 1778//3079
f  1778//3080 1776//3080 1779//3080
f  1778//3081 1779//3081 1780//3081
f  1780//3082 1779//3082 1781//3082
f  1765//3083 1782//3083 1767//3083
f  1767//3084 1782//3084 1783//3084
f  1767//3085 1783//3085 1781//3085
f  1781//3086 1783//3086 1784//3086
f  1781//3087 1784//3087 1780//3087
f  1770//3088 1769//3088 1771//3088
f  1771//3089 1769//3089 1785//3089
f  1771//3090 1785//3090 1773//3090
f  1773//3091 1785//3091 1786//3091
f  1773//3092 1786//3092 1774//3092
f  1774//3093 1786//3093 1787//3093
f  1774//3094 1787//3094 1775//3094
f  1775//3095 1787//3095 1712//3095
f  1775//3096 1712//3096 1695//3096
f  1768//3097 1767//3097 1769//3097
f  1769//3098 1767//3098 1781//3098
f  1769//3099 1781//3099 1785//3099
f  1785//3100 1781//3100 1779//3100
f  1785//3101 1779//3101 1786//3101
f  1786//3102 1779//3102 1776//3102
f  1786//3103 1776//3103 1787//3103
f  1787//3104 1776//3104 1713//3104
f  1787//3105 1713//3105 1712//3105
f  1788//3106 1764//3106 1766//3106
f  1789//3107 1770//3107 1772//3107
f  1790//3108 1766//3108 1768//3108
f  1788//3109 1766//3109 1791//3109
f  1791//3110 1766//3110 1790//3110
f  1791//3111 1790//3111 1792//3111
f  1792//3112 1790//3112 1793//3112
f  1792//3113 1793//3113 1794//3113
f  1794//3114 1793//3114 1795//3114
f  1794//3115 1795//3115 1796//3115
f  1797//3116 1747//3116 1748//3116
f  1796//3117 1795//3117 1798//3117
f  1798//3118 1795//3118 1797//3118
f  1798//3119 1797//3119 1799//3119
f  1799//3120 1797//3120 1748//3120
f  1799//3121 1748//3121 1749//3121
f  1800//3122 1742//3122 1747//3122
f  1738//3123 1740//3123 1801//3123
f  1801//3124 1740//3124 1742//3124
f  1760//3125 1736//3125 1738//3125
f  1738//3126 1801//3126 1760//3126
f  1760//3127 1801//3127 1802//3127
f  1760//3128 1802//3128 1759//3128
f  1758//3129 1757//3129 1803//3129
f  1803//3130 1757//3130 1759//3130
f  1803//3131 1759//3131 1804//3131
f  1804//3132 1759//3132 1802//3132
f  1742//3133 1800//3133 1801//3133
f  1801//3134 1800//3134 1805//3134
f  1801//3135 1805//3135 1802//3135
f  1802//3136 1805//3136 1806//3136
f  1802//3137 1806//3137 1804//3137
f  1804//3138 1806//3138 1789//3138
f  1804//3139 1789//3139 1803//3139
f  1803//3140 1789//3140 1772//3140
f  1803//3141 1772//3141 1758//3141
f  1747//3142 1797//3142 1800//3142
f  1800//3143 1797//3143 1795//3143
f  1800//3144 1795//3144 1805//3144
f  1805//3145 1795//3145 1793//3145
f  1805//3146 1793//3146 1806//3146
f  1806//3147 1793//3147 1790//3147
f  1806//3148 1790//3148 1789//3148
f  1789//3149 1790//3149 1768//3149
f  1789//3150 1768//3150 1770//3150
f  136//3151 1796//3151 137//3151
f  137//3152 1796//3152 1798//3152
f  137//3153 1798//3153 126//3153
f  129//3154 1764//3154 130//3154
f  130//3155 1764//3155 1788//3155
f  130//3156 1788//3156 131//3156
f  131//3157 1788//3157 1791//3157
f  131//3158 1791//3158 135//3158
f  135//3159 1791//3159 1792//3159
f  135//3160 1792//3160 136//3160
f  136//3161 1792//3161 1794//3161
f  136//3162 1794//3162 1796//3162
f  1798//3163 1799//3163 126//3163
f  126//3164 1799//3164 1749//3164
f  126//3165 1749//3165 127//3165
f  1764//3166 129//3166 1765//3166
f  1765//3167 129//3167 273//3167
f  1765//3168 273//3168 1782//3168
f  1782//3169 273//3169 272//3169
f  1782//3170 272//3170 1783//3170
f  1783//3171 272//3171 270//3171
f  1783//3172 270//3172 1784//3172
f  1784//3173 270//3173 1780//3173
f  1780//3174 270//3174 269//3174
f  1780//3175 269//3175 1778//3175
f  1778//3176 269//3176 279//3176
f  1778//3177 279//3177 1777//3177
f  1777//3178 279//3178 277//3178
f  1777//3179 277//3179 1707//3179
f  288//3180 114//3180 1704//3180
f  1704//3181 1703//3181 288//3181
f  288//3182 1703//3182 1727//3182
f  288//3183 1727//3183 286//3183
f  286//3184 1727//3184 1708//3184
f  286//3185 1708//3185 283//3185
f  1708//3186 1710//3186 283//3186
f  283//3187 1710//3187 1711//3187
f  283//3188 1711//3188 276//3188
f  276//3189 1711//3189 1707//3189
f  276//3190 1707//3190 277//3190
f  1754//3191 1704//3191 114//3191
f  119//3192 1752//3192 121//3192
f  121//3193 1752//3193 1754//3193
f  121//3194 1754//3194 117//3194
f  117//3195 1754//3195 114//3195
f  1745//3196 1744//3196 119//3196
f  119//3197 1744//3197 1750//3197
f  119//3198 1750//3198 1752//3198
f  1745//3199 119//3199 1749//3199
f  1749//3200 119//3200 118//3200
f  1749//3201 118//3201 127//3201
f  187//3202 1807//3202 189//3202
f  189//3203 1807//3203 1808//3203
f  189//3204 1808//3204 190//3204
f  1809//3205 1810//3205 186//3205
f  186//3206 1810//3206 1811//3206
f  186//3207 1811//3207 187//3207
f  187//3208 1811//3208 1812//3208
f  187//3209 1812//3209 1807//3209
f  1809//3210 186//3210 1813//3210
f  1813//3211 186//3211 123//3211
f  1813//3212 123//3212 1814//3212
f  1814//3213 123//3213 122//3213
f  1814//3214 122//3214 1815//3214
f  116//3215 1816//3215 120//3215
f  120//3216 1816//3216 1817//3216
f  120//3217 1817//3217 122//3217
f  122//3218 1817//3218 1818//3218
f  122//3219 1818//3219 1815//3219
f  115//3220 113//3220 1819//3220
f  1819//3221 1820//3221 115//3221
f  115//3222 1820//3222 1821//3222
f  115//3223 1821//3223 116//3223
f  116//3224 1821//3224 1822//3224
f  116//3225 1822//3225 1816//3225
f  1822//3226 1823//3226 1824//3226
f  1825//3227 1826//3227 1827//3227
f  1828//3228 1829//3228 1830//3228
f  1830//3229 1829//3229 1831//3229
f  1832//3230 1833//3230 1834//3230
f  1834//3231 1833//3231 1835//3231
f  1836//3232 1837//3232 1832//3232
f  1832//3233 1837//3233 1833//3233
f  1838//3234 1836//3234 1839//3234
f  1839//3235 1836//3235 1832//3235
f  1839//3236 1832//3236 1840//3236
f  1840//3237 1832//3237 1834//3237
f  1840//3238 1834//3238 1841//3238
f  1819//3239 1825//3239 1820//3239
f  1820//3240 1825//3240 1842//3240
f  1820//3241 1842//3241 1821//3241
f  1843//3242 1818//3242 1844//3242
f  1844//3243 1818//3243 1817//3243
f  1844//3244 1817//3244 1824//3244
f  1824//3245 1817//3245 1816//3245
f  1824//3246 1816//3246 1822//3246
f  1809//3247 1813//3247 1845//3247
f  1845//3248 1813//3248 1814//3248
f  1845//3249 1814//3249 1843//3249
f  1843//3250 1814//3250 1815//3250
f  1843//3251 1815//3251 1818//3251
f  1809//3252 1845//3252 1810//3252
f  1810//3253 1845//3253 1846//3253
f  1810//3254 1846//3254 1811//3254
f  1811//3255 1846//3255 1847//3255
f  1811//3256 1847//3256 1812//3256
f  1808//3257 1807//3257 1848//3257
f  1848//3258 1807//3258 1849//3258
f  1848//3259 1849//3259 1850//3259
f  1851//3260 1852//3260 1853//3260
f  1853//3261 1852//3261 1854//3261
f  1853//3262 1854//3262 1855//3262
f  1855//3263 1854//3263 1850//3263
f  1855//3264 1850//3264 1849//3264
f  1828//3265 1856//3265 1829//3265
f  1829//3266 1856//3266 1851//3266
f  1851//3267 1856//3267 1857//3267
f  1851//3268 1857//3268 1852//3268
f  1858//3269 1859//3269 1860//3269
f  1860//3270 1859//3270 1861//3270
f  1860//3271 1861//3271 1862//3271
f  1862//3272 1861//3272 1863//3272
f  1862//3273 1863//3273 1864//3273
f  1865//3274 1838//3274 1866//3274
f  1866//3275 1838//3275 1839//3275
f  1866//3276 1839//3276 1867//3276
f  1867//3277 1839//3277 1840//3277
f  1867//3278 1840//3278 1868//3278
f  1868//3279 1840//3279 1841//3279
f  1868//3280 1841//3280 1869//3280
f  1870//3281 1858//3281 1871//3281
f  1871//3282 1858//3282 1860//3282
f  1871//3283 1860//3283 1872//3283
f  1872//3284 1860//3284 1862//3284
f  1872//3285 1862//3285 1873//3285
f  1873//3286 1862//3286 1864//3286
f  1873//3287 1864//3287 1874//3287
f  1826//3288 1865//3288 1827//3288
f  1827//3289 1865//3289 1866//3289
f  1827//3290 1866//3290 1875//3290
f  1875//3291 1866//3291 1867//3291
f  1875//3292 1867//3292 1876//3292
f  1876//3293 1867//3293 1868//3293
f  1876//3294 1868//3294 1877//3294
f  1877//3295 1868//3295 1869//3295
f  1877//3296 1869//3296 1878//3296
f  1879//3297 1870//3297 1880//3297
f  1880//3298 1870//3298 1871//3298
f  1880//3299 1871//3299 1881//3299
f  1881//3300 1871//3300 1872//3300
f  1881//3301 1872//3301 1882//3301
f  1882//3302 1872//3302 1873//3302
f  1882//3303 1873//3303 1883//3303
f  1883//3304 1873//3304 1874//3304
f  1883//3305 1874//3305 1884//3305
f  1842//3306 1825//3306 1827//3306
f  1842//3307 1827//3307 1885//3307
f  1885//3308 1827//3308 1875//3308
f  1885//3309 1875//3309 1886//3309
f  1886//3310 1875//3310 1876//3310
f  1886//3311 1876//3311 1887//3311
f  1887//3312 1876//3312 1877//3312
f  1887//3313 1877//3313 1888//3313
f  1888//3314 1877//3314 1878//3314
f  1888//3315 1878//3315 1889//3315
f  1823//3316 1879//3316 1824//3316
f  1824//3317 1879//3317 1880//3317
f  1824//3318 1880//3318 1844//3318
f  1844//3319 1880//3319 1881//3319
f  1844//3320 1881//3320 1843//3320
f  1843//3321 1881//3321 1882//3321
f  1843//3322 1882//3322 1845//3322
f  1845//3323 1882//3323 1883//3323
f  1845//3324 1883//3324 1846//3324
f  1846//3325 1883//3325 1884//3325
f  1846//3326 1884//3326 1847//3326
f  1807//3327 1812//3327 1849//3327
f  1849//3328 1812//3328 1847//3328
f  1849//3329 1847//3329 1855//3329
f  1855//3330 1847//3330 1884//3330
f  1855//3331 1884//3331 1853//3331
f  1853//3332 1884//3332 1874//3332
f  1853//3333 1874//3333 1851//3333
f  1851//3334 1874//3334 1864//3334
f  1851//3335 1864//3335 1829//3335
f  1829//3336 1864//3336 1863//3336
f  1829//3337 1863//3337 1831//3337
f  1831//3338 1863//3338 1861//3338
f  1831//3339 1861//3339 1889//3339
f  1889//3340 1861//3340 1859//3340
f  1889//3341 1859//3341 1888//3341
f  1888//3342 1859//3342 1858//3342
f  1888//3343 1858//3343 1887//3343
f  1887//3344 1858//3344 1870//3344
f  1887//3345 1870//3345 1886//3345
f  1886//3346 1870//3346 1879//3346
f  1886//3347 1879//3347 1885//3347
f  1885//3348 1879//3348 1823//3348
f  1885//3349 1823//3349 1842//3349
f  1842//3350 1823//3350 1822//3350
f  1842//3351 1822//3351 1821//3351
f  1890//3352 1891//3352 1841//3352
f  1841//3353 1834//3353 1835//3353
f  1892//3354 1893//3354 1890//3354
f  1890//3355 1893//3355 1894//3355
f  1890//3356 1894//3356 1891//3356
f  1841//3357 1835//3357 1890//3357
f  1890//3358 1835//3358 1895//3358
f  1890//3359 1895//3359 1892//3359
f  1896//3360 1897//3360 1830//3360
f  1878//3361 1869//3361 1841//3361
f  1889//3362 1878//3362 1898//3362
f  1898//3363 1878//3363 1841//3363
f  1898//3364 1841//3364 1896//3364
f  1896//3365 1841//3365 1891//3365
f  1896//3366 1830//3366 1898//3366
f  1898//3367 1830//3367 1831//3367
f  1898//3368 1831//3368 1889//3368
f  1899//3369 1900//3369 1901//3369
f  1902//3370 1903//3370 1904//3370
f  1905//3371 1906//3371 1907//3371
f  1908//3372 1808//3372 1848//3372
f  1895//3373 1835//3373 1833//3373
f  1909//3374 1894//3374 1893//3374
f  1896//3375 1891//3375 1910//3375
f  1910//3376 1891//3376 1894//3376
f  1911//3377 1856//3377 1912//3377
f  1912//3378 1856//3378 1828//3378
f  1912//3379 1828//3379 1897//3379
f  1897//3380 1828//3380 1830//3380
f  1913//3381 1854//3381 1914//3381
f  1914//3382 1854//3382 1852//3382
f  1914//3383 1852//3383 1915//3383
f  1915//3384 1852//3384 1857//3384
f  1850//3385 1913//3385 1907//3385
f  1850//3386 1907//3386 1848//3386
f  1848//3387 1907//3387 1906//3387
f  1848//3388 1906//3388 1908//3388
f  1916//3389 1917//3389 1918//3389
f  1918//3390 1917//3390 1919//3390
f  1902//3391 1904//3391 1900//3391
f  1920//3392 1921//3392 1922//3392
f  1922//3393 1921//3393 1923//3393
f  1924//3394 1925//3394 1926//3394
f  1925//3395 1927//3395 1926//3395
f  1926//3396 1927//3396 1928//3396
f  1926//3397 1928//3397 1920//3397
f  1819//3398 1929//3398 1825//3398
f  1825//3399 1929//3399 1930//3399
f  1825//3400 1930//3400 1826//3400
f  1826//3401 1930//3401 1931//3401
f  1826//3402 1931//3402 1865//3402
f  1836//3403 1838//3403 1932//3403
f  1932//3404 1933//3404 1836//3404
f  1836//3405 1933//3405 1934//3405
f  1836//3406 1934//3406 1837//3406
f  1929//3407 1935//3407 1930//3407
f  1930//3408 1935//3408 1932//3408
f  1930//3409 1932//3409 1931//3409
f  1931//3410 1932//3410 1838//3410
f  1931//3411 1838//3411 1865//3411
f  1936//3412 1937//3412 1938//3412
f  1936//3413 1938//3413 1939//3413
f  1939//3414 1938//3414 1940//3414
f  1939//3415 1940//3415 1941//3415
f  1941//3416 1940//3416 1922//3416
f  1941//3417 1922//3417 1901//3417
f  1901//3418 1922//3418 1923//3418
f  1901//3419 1923//3419 1899//3419
f  1894//3420 1909//3420 1910//3420
f  1910//3421 1909//3421 1942//3421
f  1910//3422 1942//3422 1943//3422
f  1943//3423 1942//3423 1944//3423
f  1943//3424 1944//3424 1945//3424
f  1945//3425 1944//3425 1904//3425
f  1945//3426 1904//3426 1916//3426
f  1916//3427 1904//3427 1903//3427
f  1916//3428 1903//3428 1917//3428
f  1945//3429 1911//3429 1943//3429
f  1943//3430 1911//3430 1912//3430
f  1943//3431 1912//3431 1910//3431
f  1910//3432 1912//3432 1897//3432
f  1910//3433 1897//3433 1896//3433
f  1916//3434 1913//3434 1914//3434
f  1916//3435 1914//3435 1945//3435
f  1945//3436 1914//3436 1915//3436
f  1945//3437 1915//3437 1911//3437
f  1911//3438 1915//3438 1857//3438
f  1911//3439 1857//3439 1856//3439
f  1946//3440 1934//3440 1947//3440
f  1947//3441 1934//3441 1933//3441
f  1947//3442 1933//3442 1948//3442
f  1948//3443 1933//3443 1932//3443
f  1948//3444 1932//3444 1926//3444
f  1926//3445 1932//3445 1935//3445
f  1926//3446 1935//3446 1924//3446
f  1924//3447 1935//3447 1929//3447
f  1920//3448 1922//3448 1926//3448
f  1926//3449 1922//3449 1940//3449
f  1926//3450 1940//3450 1948//3450
f  1948//3451 1940//3451 1938//3451
f  1948//3452 1938//3452 1947//3452
f  1947//3453 1938//3453 1937//3453
f  1947//3454 1937//3454 1946//3454
f  1900//3455 1904//3455 1901//3455
f  1901//3456 1904//3456 1944//3456
f  1901//3457 1944//3457 1941//3457
f  1941//3458 1944//3458 1942//3458
f  1941//3459 1942//3459 1939//3459
f  1939//3460 1942//3460 1909//3460
f  1939//3461 1909//3461 1936//3461
f  1936//3462 1909//3462 1893//3462
f  1936//3463 1893//3463 1937//3463
f  1937//3464 1893//3464 1892//3464
f  1937//3465 1892//3465 1946//3465
f  1946//3466 1892//3466 1895//3466
f  1946//3467 1895//3467 1934//3467
f  1934//3468 1895//3468 1833//3468
f  1934//3469 1833//3469 1837//3469
f  1919//3470 1905//3470 1918//3470
f  1918//3471 1905//3471 1907//3471
f  1918//3472 1907//3472 1916//3472
f  1916//3473 1907//3473 1913//3473
f  1913//3474 1850//3474 1854//3474
f  1819//3475 113//3475 1929//3475
f  1929//3476 113//3476 112//3476
f  1929//3477 112//3477 1924//3477
f  1924//3478 112//3478 110//3478
f  1924//3479 110//3479 109//3479
f  93//3480 1927//3480 109//3480
f  109//3481 1927//3481 1925//3481
f  109//3482 1925//3482 1924//3482
f  1921//3483 1920//3483 93//3483
f  93//3484 1920//3484 1928//3484
f  93//3485 1928//3485 1927//3485
f  1921//3486 93//3486 1923//3486
f  1923//3487 93//3487 92//3487
f  1923//3488 92//3488 1899//3488
f  183//3489 1902//3489 92//3489
f  92//3490 1902//3490 1900//3490
f  92//3491 1900//3491 1899//3491
f  1905//3492 1919//3492 182//3492
f  182//3493 1919//3493 1917//3493
f  182//3494 1917//3494 183//3494
f  183//3495 1917//3495 1903//3495
f  183//3496 1903//3496 1902//3496
f  182//3497 185//3497 1905//3497
f  1905//3498 185//3498 192//3498
f  1905//3499 192//3499 1906//3499
f  1906//3500 192//3500 1908//3500
f  192//3501 191//3501 1908//3501
f  1908//3502 191//3502 190//3502
f  1908//3503 190//3503 1808//3503
f  193//3504 194//3504 1949//3504
f  1950//3505 205//3505 204//3505
f  101//3506 1951//3506 204//3506
f  204//3507 1951//3507 1952//3507
f  204//3508 1952//3508 1950//3508
f  143//3509 141//3509 1953//3509
f  1953//3510 1954//3510 143//3510
f  143//3511 1954//3511 1955//3511
f  143//3512 1955//3512 100//3512
f  100//3513 1955//3513 1956//3513
f  100//3514 1956//3514 101//3514
f  101//3515 1956//3515 1957//3515
f  101//3516 1957//3516 1951//3516
f  90//3517 1958//3517 140//3517
f  140//3518 1958//3518 1959//3518
f  140//3519 1959//3519 141//3519
f  141//3520 1959//3520 1960//3520
f  141//3521 1960//3521 1953//3521
f  193//3522 1949//3522 89//3522
f  1949//3523 1961//3523 89//3523
f  89//3524 1961//3524 1962//3524
f  89//3525 1962//3525 90//3525
f  90//3526 1962//3526 1963//3526
f  90//3527 1963//3527 1958//3527
f  1964//3528 1965//3528 1966//3528
f  1967//3529 1968//3529 1969//3529
f  1970//3530 1971//3530 1972//3530
f  1972//3531 1971//3531 1973//3531
f  1972//3532 1973//3532 1974//3532
f  1974//3533 1973//3533 1975//3533
f  1974//3534 1975//3534 1976//3534
f  1975//3535 1977//3535 1976//3535
f  1976//3536 1977//3536 1978//3536
f  1976//3537 1978//3537 1979//3537
f  1979//3538 1978//3538 1980//3538
f  1979//3539 1980//3539 1981//3539
f  1981//3540 1980//3540 1982//3540
f  1981//3541 1982//3541 1983//3541
f  1983//3542 1982//3542 1984//3542
f  1983//3543 1984//3543 1985//3543
f  1985//3544 1984//3544 1986//3544
f  1985//3545 1986//3545 1987//3545
f  1988//3546 1989//3546 1990//3546
f  1991//3547 1992//3547 1993//3547
f  1949//3548 1992//3548 1961//3548
f  1961//3549 1992//3549 1991//3549
f  1961//3550 1991//3550 1962//3550
f  1962//3551 1991//3551 1963//3551
f  1963//3552 1991//3552 1994//3552
f  1963//3553 1994//3553 1958//3553
f  1958//3554 1994//3554 1995//3554
f  1958//3555 1995//3555 1959//3555
f  1959//3556 1995//3556 1960//3556
f  1960//3557 1995//3557 1996//3557
f  1960//3558 1996//3558 1953//3558
f  1953//3559 1996//3559 1997//3559
f  1953//3560 1997//3560 1954//3560
f  1998//3561 1952//3561 1999//3561
f  1999//3562 1952//3562 1951//3562
f  1999//3563 1951//3563 2000//3563
f  2000//3564 1951//3564 1957//3564
f  2000//3565 1957//3565 2001//3565
f  2001//3566 1957//3566 1956//3566
f  2001//3567 1956//3567 1997//3567
f  1997//3568 1956//3568 1955//3568
f  1997//3569 1955//3569 1954//3569
f  1968//3570 2002//3570 1998//3570
f  1998//3571 2002//3571 1950//3571
f  1998//3572 1950//3572 1952//3572
f  2003//3573 1965//3573 1967//3573
f  1964//3574 1966//3574 1970//3574
f  1970//3575 1966//3575 1971//3575
f  1971//3576 1966//3576 2004//3576
f  1971//3577 2004//3577 1973//3577
f  1973//3578 2004//3578 2005//3578
f  1973//3579 2005//3579 1975//3579
f  1975//3580 2005//3580 2006//3580
f  1975//3581 2006//3581 1977//3581
f  1977//3582 2006//3582 2007//3582
f  1977//3583 2007//3583 1978//3583
f  1978//3584 2007//3584 2008//3584
f  1978//3585 2008//3585 1980//3585
f  1980//3586 2008//3586 2009//3586
f  1980//3587 2009//3587 1982//3587
f  1982//3588 2009//3588 2010//3588
f  1982//3589 2010//3589 1984//3589
f  1984//3590 2010//3590 2011//3590
f  1984//3591 2011//3591 1986//3591
f  1986//3592 2011//3592 2012//3592
f  1986//3593 2012//3593 1987//3593
f  1965//3594 2003//3594 1966//3594
f  1966//3595 2003//3595 2013//3595
f  1966//3596 2013//3596 2004//3596
f  2004//3597 2013//3597 2014//3597
f  2004//3598 2014//3598 2005//3598
f  2005//3599 2014//3599 2015//3599
f  2005//3600 2015//3600 2006//3600
f  2006//3601 2015//3601 2016//3601
f  2006//3602 2016//3602 2007//3602
f  2007//3603 2016//3603 2017//3603
f  2007//3604 2017//3604 2008//3604
f  2008//3605 2017//3605 2018//3605
f  2008//3606 2018//3606 2009//3606
f  2009//3607 2018//3607 2019//3607
f  2009//3608 2019//3608 2010//3608
f  2010//3609 2019//3609 1988//3609
f  2010//3610 1988//3610 2011//3610
f  2011//3611 1988//3611 1990//3611
f  2011//3612 1990//3612 2012//3612
f  1967//3613 1969//3613 2003//3613
f  2003//3614 1969//3614 2020//3614
f  2003//3615 2020//3615 2013//3615
f  2013//3616 2020//3616 2021//3616
f  2013//3617 2021//3617 2014//3617
f  2014//3618 2021//3618 2022//3618
f  2014//3619 2022//3619 2015//3619
f  2015//3620 2022//3620 2023//3620
f  2015//3621 2023//3621 2016//3621
f  2016//3622 2023//3622 2024//3622
f  2016//3623 2024//3623 2017//3623
f  2017//3624 2024//3624 2025//3624
f  2017//3625 2025//3625 2018//3625
f  2018//3626 2025//3626 2026//3626
f  2018//3627 2026//3627 2019//3627
f  2019//3628 2026//3628 2027//3628
f  2019//3629 2027//3629 1988//3629
f  1988//3630 2027//3630 2028//3630
f  1988//3631 2028//3631 1989//3631
f  1968//3632 1998//3632 1969//3632
f  1969//3633 1998//3633 1999//3633
f  1969//3634 1999//3634 2020//3634
f  2020//3635 1999//3635 2000//3635
f  2020//3636 2000//3636 2021//3636
f  2021//3637 2000//3637 2001//3637
f  2021//3638 2001//3638 2022//3638
f  2022//3639 2001//3639 1997//3639
f  2022//3640 1997//3640 2023//3640
f  2023//3641 1997//3641 1996//3641
f  2023//3642 1996//3642 2024//3642
f  2024//3643 1996//3643 1995//3643
f  2024//3644 1995//3644 2025//3644
f  2025//3645 1995//3645 1994//3645
f  2025//3646 1994//3646 2026//3646
f  2026//3647 1994//3647 1991//3647
f  2026//3648 1991//3648 2027//3648
f  2027//3649 1991//3649 1993//3649
f  2027//3650 1993//3650 2028//3650
f  1983//3651 1985//3651 1987//3651
f  2029//3652 1981//3652 1983//3652
f  1979//3653 1981//3653 1976//3653
f  1976//3654 1981//3654 2029//3654
f  1976//3655 2029//3655 1974//3655
f  1974//3656 2029//3656 1972//3656
f  1972//3657 2029//3657 2030//3657
f  1972//3658 2030//3658 2031//3658
f  2032//3659 2033//3659 2029//3659
f  2029//3660 2033//3660 2034//3660
f  2029//3661 2034//3661 2030//3661
f  1983//3662 1987//3662 2029//3662
f  2029//3663 1987//3663 2035//3663
f  2029//3664 2035//3664 2032//3664
f  2036//3665 2037//3665 2038//3665
f  2039//3666 2032//3666 2035//3666
f  2033//3667 2032//3667 2040//3667
f  2040//3668 2032//3668 2039//3668
f  2040//3669 2039//3669 2041//3669
f  2036//3670 1964//3670 1970//3670
f  2042//3671 1968//3671 2043//3671
f  2043//3672 1968//3672 1967//3672
f  2043//3673 1967//3673 2044//3673
f  2044//3674 1967//3674 1965//3674
f  2045//3675 2046//3675 2047//3675
f  2047//3676 2046//3676 2048//3676
f  2047//3677 2048//3677 2049//3677
f  2050//3678 2051//3678 2052//3678
f  1992//3679 1949//3679 2053//3679
f  2054//3680 2028//3680 2055//3680
f  2055//3681 2028//3681 1993//3681
f  2055//3682 1993//3682 2056//3682
f  2056//3683 1993//3683 1992//3683
f  2056//3684 1992//3684 2057//3684
f  2057//3685 1992//3685 2053//3685
f  1987//3686 2012//3686 2058//3686
f  2058//3687 2012//3687 1990//3687
f  2058//3688 1990//3688 2054//3688
f  2054//3689 1990//3689 1989//3689
f  2054//3690 1989//3690 2028//3690
f  2030//3691 2034//3691 2059//3691
f  2059//3692 2034//3692 2060//3692
f  2059//3693 2060//3693 2061//3693
f  2061//3694 2060//3694 2062//3694
f  2061//3695 2062//3695 2063//3695
f  2063//3696 2062//3696 2064//3696
f  2063//3697 2064//3697 2065//3697
f  2065//3698 2064//3698 2066//3698
f  2065//3699 2066//3699 2067//3699
f  2068//3700 2051//3700 2069//3700
f  2069//3701 2051//3701 2050//3701
f  2069//3702 2050//3702 2070//3702
f  2053//3703 2068//3703 2057//3703
f  2057//3704 2068//3704 2069//3704
f  2057//3705 2069//3705 2056//3705
f  2056//3706 2069//3706 2070//3706
f  2056//3707 2070//3707 2055//3707
f  2055//3708 2070//3708 2041//3708
f  2055//3709 2041//3709 2054//3709
f  2054//3710 2041//3710 2039//3710
f  2054//3711 2039//3711 2058//3711
f  2058//3712 2039//3712 2035//3712
f  2058//3713 2035//3713 1987//3713
f  2034//3714 2033//3714 2060//3714
f  2060//3715 2033//3715 2040//3715
f  2060//3716 2040//3716 2062//3716
f  2062//3717 2040//3717 2041//3717
f  2062//3718 2041//3718 2064//3718
f  2064//3719 2041//3719 2070//3719
f  2064//3720 2070//3720 2066//3720
f  2066//3721 2070//3721 2050//3721
f  2066//3722 2050//3722 2067//3722
f  2067//3723 2050//3723 2052//3723
f  2067//3724 2052//3724 2071//3724
f  1950//3725 2002//3725 2049//3725
f  2049//3726 2002//3726 2072//3726
f  2049//3727 2072//3727 2047//3727
f  2047//3728 2072//3728 2073//3728
f  2074//3729 2045//3729 2075//3729
f  2075//3730 2045//3730 2047//3730
f  2075//3731 2047//3731 2076//3731
f  2076//3732 2047//3732 2073//3732
f  2076//3733 2073//3733 2077//3733
f  2077//3734 2073//3734 2038//3734
f  2077//3735 2038//3735 2078//3735
f  2078//3736 2038//3736 2037//3736
f  2002//3737 1968//3737 2072//3737
f  2072//3738 1968//3738 2042//3738
f  2072//3739 2042//3739 2073//3739
f  2073//3740 2042//3740 2043//3740
f  2073//3741 2043//3741 2038//3741
f  2038//3742 2043//3742 2044//3742
f  2038//3743 2044//3743 2036//3743
f  2036//3744 2044//3744 1965//3744
f  2036//3745 1965//3745 1964//3745
f  2071//3746 2074//3746 2067//3746
f  2067//3747 2074//3747 2075//3747
f  2067//3748 2075//3748 2065//3748
f  2065//3749 2075//3749 2076//3749
f  2065//3750 2076//3750 2063//3750
f  2063//3751 2076//3751 2077//3751
f  2063//3752 2077//3752 2061//3752
f  2061//3753 2077//3753 2078//3753
f  2061//3754 2078//3754 2059//3754
f  2059//3755 2078//3755 2037//3755
f  2059//3756 2037//3756 2030//3756
f  2030//3757 2037//3757 2036//3757
f  2030//3758 2036//3758 2031//3758
f  2031//3759 2036//3759 1970//3759
f  2031//3760 1970//3760 1972//3760
f  1949//3761 194//3761 203//3761
f  1949//3762 203//3762 2053//3762
f  2053//3763 203//3763 202//3763
f  2053//3764 202//3764 2068//3764
f  2068//3765 202//3765 201//3765
f  2068//3766 201//3766 2051//3766
f  2051//3767 201//3767 200//3767
f  2051//3768 200//3768 2052//3768
f  199//3769 2074//3769 200//3769
f  200//3770 2074//3770 2071//3770
f  200//3771 2071//3771 2052//3771
f  196//3772 2048//3772 198//3772
f  198//3773 2048//3773 2046//3773
f  198//3774 2046//3774 199//3774
f  199//3775 2046//3775 2045//3775
f  199//3776 2045//3776 2074//3776
f  196//3777 195//3777 2048//3777
f  2048//3778 195//3778 208//3778
f  2048//3779 208//3779 2049//3779
f  208//3780 207//3780 2049//3780
f  2049//3781 207//3781 205//3781
f  2049//3782 205//3782 1950//3782
f  2079//3783 290//3783 2080//3783
f  2080//3784 290//3784 289//3784
f  2080//3785 289//3785 2081//3785
f  2081//3786 289//3786 287//3786
f  2081//3787 287//3787 2082//3787
f  2082//3788 287//3788 285//3788
f  2082//3789 285//3789 2083//3789
f  2083//3790 285//3790 284//3790
f  2083//3791 284//3791 2084//3791
f  2084//3792 284//3792 282//3792
f  2084//3793 282//3793 2085//3793
f  2085//3794 282//3794 281//3794
f  2085//3795 281//3795 2086//3795
f  2086//3796 281//3796 280//3796
f  2086//3797 280//3797 2087//3797
f  2087//3798 280//3798 219//3798
f  2087//3799 219//3799 2088//3799
f  2088//3800 219//3800 218//3800
f  2088//3801 218//3801 2089//3801
f  2089//3802 218//3802 314//3802
f  2089//3803 314//3803 2090//3803
f  2090//3804 314//3804 313//3804
f  2090//3805 313//3805 2091//3805
f  2092//3806 2093//3806 2094//3806
f  2094//3807 2093//3807 2095//3807
f  2094//3808 2095//3808 2096//3808
f  2097//3809 2096//3809 2098//3809
f  2098//3810 2096//3810 2095//3810
f  2098//3811 2095//3811 2099//3811
f  2099//3812 2095//3812 2093//3812
f  2099//3813 2093//3813 2100//3813
f  2101//3814 2102//3814 2103//3814
f  2103//3815 2102//3815 2104//3815
f  2090//3816 2091//3816 2105//3816
f  2106//3817 2089//3817 2107//3817
f  2107//3818 2089//3818 2090//3818
f  2107//3819 2090//3819 2108//3819
f  2108//3820 2090//3820 2105//3820
f  2108//3821 2105//3821 2101//3821
f  2081//3822 2082//3822 2109//3822
f  2109//3823 2082//3823 2083//3823
f  2109//3824 2083//3824 2110//3824
f  2110//3825 2083//3825 2084//3825
f  2110//3826 2084//3826 2111//3826
f  2111//3827 2084//3827 2085//3827
f  2111//3828 2085//3828 2112//3828
f  2112//3829 2085//3829 2086//3829
f  2112//3830 2086//3830 2113//3830
f  2113//3831 2086//3831 2087//3831
f  2113//3832 2087//3832 2106//3832
f  2106//3833 2087//3833 2088//3833
f  2106//3834 2088//3834 2089//3834
f  2114//3835 2079//3835 2080//3835
f  2115//3836 2116//3836 2117//3836
f  2117//3837 2116//3837 2118//3837
f  2117//3838 2118//3838 2119//3838
f  2119//3839 2118//3839 2114//3839
f  2119//3840 2114//3840 2120//3840
f  2120//3841 2114//3841 2080//3841
f  2121//3842 2122//3842 2123//3842
f  2123//3843 2122//3843 2124//3843
f  2123//3844 2124//3844 2125//3844
f  2123//3845 2125//3845 2126//3845
f  2123//3846 2126//3846 2115//3846
f  2115//3847 2126//3847 2127//3847
f  2115//3848 2127//3848 2116//3848
f  2128//3849 2129//3849 2130//3849
f  2130//3850 2129//3850 2131//3850
f  2130//3851 2131//3851 2132//3851
f  2132//3852 2131//3852 2133//3852
f  2132//3853 2133//3853 2134//3853
f  2134//3854 2133//3854 2135//3854
f  2134//3855 2135//3855 2136//3855
f  2136//3856 2135//3856 2137//3856
f  2136//3857 2137//3857 2138//3857
f  2138//3858 2137//3858 2139//3858
f  2138//3859 2139//3859 2140//3859
f  2141//3860 2128//3860 2142//3860
f  2142//3861 2128//3861 2130//3861
f  2142//3862 2130//3862 2143//3862
f  2143//3863 2130//3863 2132//3863
f  2143//3864 2132//3864 2144//3864
f  2144//3865 2132//3865 2134//3865
f  2144//3866 2134//3866 2145//3866
f  2145//3867 2134//3867 2136//3867
f  2145//3868 2136//3868 2146//3868
f  2146//3869 2136//3869 2138//3869
f  2146//3870 2138//3870 2147//3870
f  2147//3871 2138//3871 2140//3871
f  2147//3872 2140//3872 2148//3872
f  2104//3873 2141//3873 2103//3873
f  2103//3874 2141//3874 2142//3874
f  2103//3875 2142//3875 2149//3875
f  2149//3876 2142//3876 2143//3876
f  2149//3877 2143//3877 2150//3877
f  2150//3878 2143//3878 2144//3878
f  2150//3879 2144//3879 2151//3879
f  2151//3880 2144//3880 2145//3880
f  2151//3881 2145//3881 2152//3881
f  2152//3882 2145//3882 2146//3882
f  2152//3883 2146//3883 2153//3883
f  2153//3884 2146//3884 2147//3884
f  2153//3885 2147//3885 2154//3885
f  2154//3886 2147//3886 2148//3886
f  2154//3887 2148//3887 2155//3887
f  2101//3888 2103//3888 2108//3888
f  2108//3889 2103//3889 2149//3889
f  2108//3890 2149//3890 2107//3890
f  2107//3891 2149//3891 2150//3891
f  2107//3892 2150//3892 2106//3892
f  2106//3893 2150//3893 2151//3893
f  2106//3894 2151//3894 2113//3894
f  2113//3895 2151//3895 2152//3895
f  2113//3896 2152//3896 2112//3896
f  2112//3897 2152//3897 2153//3897
f  2112//3898 2153//3898 2111//3898
f  2111//3899 2153//3899 2154//3899
f  2111//3900 2154//3900 2110//3900
f  2110//3901 2154//3901 2155//3901
f  2110//3902 2155//3902 2109//3902
f  2104//3903 2097//3903 2141//3903
f  2141//3904 2097//3904 2098//3904
f  2141//3905 2098//3905 2128//3905
f  2128//3906 2098//3906 2099//3906
f  2128//3907 2099//3907 2129//3907
f  2129//3908 2099//3908 2100//3908
f  2129//3909 2100//3909 2131//3909
f  2131//3910 2100//3910 2156//3910
f  2131//3911 2156//3911 2133//3911
f  2133//3912 2156//3912 2157//3912
f  2133//3913 2157//3913 2135//3913
f  2135//3914 2157//3914 2158//3914
f  2135//3915 2158//3915 2137//3915
f  2137//3916 2158//3916 2121//3916
f  2137//3917 2121//3917 2139//3917
f  2139//3918 2121//3918 2123//3918
f  2139//3919 2123//3919 2140//3919
f  2140//3920 2123//3920 2115//3920
f  2140//3921 2115//3921 2148//3921
f  2148//3922 2115//3922 2117//3922
f  2148//3923 2117//3923 2155//3923
f  2155//3924 2117//3924 2119//3924
f  2155//3925 2119//3925 2109//3925
f  2109//3926 2119//3926 2120//3926
f  2109//3927 2120//3927 2081//3927
f  2081//3928 2120//3928 2080//3928
f  2156//3929 2100//3929 2159//3929
f  2100//3930 2093//3930 2092//3930
f  2160//3931 2158//3931 2159//3931
f  2159//3932 2158//3932 2157//3932
f  2159//3933 2157//3933 2156//3933
f  2100//3934 2092//3934 2159//3934
f  2159//3935 2092//3935 2161//3935
f  2159//3936 2161//3936 2160//3936
f  2162//3937 2163//3937 2164//3937
f  2165//3938 2162//3938 2166//3938
f  2166//3939 2162//3939 2164//3939
f  2166//3940 2164//3940 2122//3940
f  2122//3941 2164//3941 2167//3941
f  2122//3942 2121//3942 2166//3942
f  2166//3943 2121//3943 2158//3943
f  2166//3944 2158//3944 2165//3944
f  2165//3945 2158//3945 2160//3945
f  2168//3946 2169//3946 2170//3946
f  2171//3947 2172//3947 2173//3947
f  2174//3948 2175//3948 2176//3948
f  2177//3949 2178//3949 2179//3949
f  2180//3950 2181//3950 2182//3950
f  2164//3951 2183//3951 2184//3951
f  2161//3952 2092//3952 2185//3952
f  2185//3953 2092//3953 2094//3953
f  2186//3954 2165//3954 2160//3954
f  2162//3955 2165//3955 2187//3955
f  2187//3956 2165//3956 2186//3956
f  2164//3957 2184//3957 2167//3957
f  2167//3958 2184//3958 2124//3958
f  2167//3959 2124//3959 2122//3959
f  2188//3960 2126//3960 2125//3960
f  2189//3961 2190//3961 2191//3961
f  2116//3962 2190//3962 2118//3962
f  2118//3963 2190//3963 2114//3963
f  2114//3964 2190//3964 2189//3964
f  2114//3965 2189//3965 2079//3965
f  2181//3966 2192//3966 2182//3966
f  2182//3967 2192//3967 2193//3967
f  2182//3968 2193//3968 2191//3968
f  2191//3969 2193//3969 2194//3969
f  2191//3970 2194//3970 2189//3970
f  2177//3971 2179//3971 2195//3971
f  2196//3972 2197//3972 2198//3972
f  2198//3973 2197//3973 2199//3973
f  2091//3974 2171//3974 2105//3974
f  2105//3975 2171//3975 2173//3975
f  2105//3976 2173//3976 2101//3976
f  2101//3977 2173//3977 2200//3977
f  2094//3978 2096//3978 2185//3978
f  2185//3979 2096//3979 2097//3979
f  2185//3980 2097//3980 2201//3980
f  2201//3981 2097//3981 2104//3981
f  2201//3982 2104//3982 2202//3982
f  2202//3983 2104//3983 2102//3983
f  2202//3984 2102//3984 2203//3984
f  2203//3985 2102//3985 2101//3985
f  2203//3986 2101//3986 2200//3986
f  2163//3987 2162//3987 2204//3987
f  2204//3988 2162//3988 2187//3988
f  2187//3989 2186//3989 2169//3989
f  2169//3990 2168//3990 2187//3990
f  2187//3991 2168//3991 2204//3991
f  2204//3992 2205//3992 2163//3992
f  2164//3993 2163//3993 2183//3993
f  2183//3994 2163//3994 2205//3994
f  2205//3995 2204//3995 2206//3995
f  2206//3996 2204//3996 2168//3996
f  2206//3997 2168//3997 2207//3997
f  2207//3998 2168//3998 2170//3998
f  2207//3999 2170//3999 2208//3999
f  2199//4000 2174//4000 2198//4000
f  2198//4001 2174//4001 2176//4001
f  2176//4002 2179//4002 2209//4002
f  2209//4003 2179//4003 2210//4003
f  2209//4004 2210//4004 2211//4004
f  2211//4005 2210//4005 2212//4005
f  2211//4006 2212//4006 2188//4006
f  2188//4007 2212//4007 2127//4007
f  2188//4008 2127//4008 2126//4008
f  2178//4009 2180//4009 2179//4009
f  2179//4010 2180//4010 2182//4010
f  2191//4011 2190//4011 2213//4011
f  2213//4012 2190//4012 2116//4012
f  2175//4013 2195//4013 2176//4013
f  2176//4014 2195//4014 2179//4014
f  2179//4015 2182//4015 2210//4015
f  2210//4016 2182//4016 2191//4016
f  2210//4017 2191//4017 2212//4017
f  2212//4018 2191//4018 2213//4018
f  2212//4019 2213//4019 2127//4019
f  2127//4020 2213//4020 2116//4020
f  2214//4021 2215//4021 2216//4021
f  2216//4022 2215//4022 2196//4022
f  2216//4023 2196//4023 2208//4023
f  2208//4024 2196//4024 2198//4024
f  2198//4025 2176//4025 2217//4025
f  2217//4026 2176//4026 2209//4026
f  2217//4027 2209//4027 2218//4027
f  2218//4028 2209//4028 2211//4028
f  2218//4029 2211//4029 2183//4029
f  2183//4030 2211//4030 2188//4030
f  2183//4031 2188//4031 2184//4031
f  2184//4032 2188//4032 2125//4032
f  2200//4033 2208//4033 2203//4033
f  2203//4034 2208//4034 2170//4034
f  2203//4035 2170//4035 2202//4035
f  2202//4036 2170//4036 2169//4036
f  2202//4037 2169//4037 2201//4037
f  2201//4038 2169//4038 2186//4038
f  2201//4039 2186//4039 2185//4039
f  2185//4040 2186//4040 2160//4040
f  2185//4041 2160//4041 2161//4041
f  2172//4042 2214//4042 2173//4042
f  2173//4043 2214//4043 2216//4043
f  2173//4044 2216//4044 2200//4044
f  2200//4045 2216//4045 2208//4045
f  2208//4046 2198//4046 2207//4046
f  2207//4047 2198//4047 2217//4047
f  2207//4048 2217//4048 2206//4048
f  2206//4049 2217//4049 2218//4049
f  2206//4050 2218//4050 2205//4050
f  2205//4051 2218//4051 2183//4051
f  2184//4052 2125//4052 2124//4052
f  2091//4053 313//4053 323//4053
f  2091//4054 323//4054 2171//4054
f  2171//4055 323//4055 322//4055
f  2171//4056 322//4056 2172//4056
f  2172//4057 322//4057 2214//4057
f  2214//4058 322//4058 321//4058
f  2214//4059 321//4059 2215//4059
f  2215//4060 321//4060 320//4060
f  2215//4061 320//4061 2196//4061
f  2196//4062 320//4062 2197//4062
f  2197//4063 320//4063 319//4063
f  2197//4064 319//4064 2199//4064
f  317//4065 2195//4065 2175//4065
f  317//4066 2175//4066 319//4066
f  319//4067 2175//4067 2174//4067
f  319//4068 2174//4068 2199//4068
f  2195//4069 317//4069 2177//4069
f  2177//4070 317//4070 316//4070
f  2177//4071 316//4071 2178//4071
f  2178//4072 316//4072 315//4072
f  2178//4073 315//4073 2180//4073
f  2180//4074 315//4074 294//4074
f  2180//4075 294//4075 2181//4075
f  2181//4076 294//4076 2192//4076
f  2192//4077 294//4077 292//4077
f  2192//4078 292//4078 2193//4078
f  2193//4079 292//4079 2194//4079
f  2194//4080 292//4080 291//4080
f  2194//4081 291//4081 2189//4081
f  2189//4082 291//4082 290//4082
f  2189//4083 290//4083 2079//4083
f  2219//4084 311//4084 2220//4084
f  2220//4085 311//4085 310//4085
f  2220//4086 310//4086 2221//4086
f  2221//4087 310//4087 267//4087
f  266//4088 2222//4088 267//4088
f  267//4089 2222//4089 2223//4089
f  267//4090 2223//4090 2221//4090
f  261//4091 2224//4091 263//4091
f  263//4092 2224//4092 2225//4092
f  263//4093 2225//4093 265//4093
f  265//4094 2225//4094 2226//4094
f  265//4095 2226//4095 266//4095
f  266//4096 2226//4096 2227//4096
f  266//4097 2227//4097 2222//4097
f  302//4098 2228//4098 298//4098
f  298//4099 2228//4099 2229//4099
f  298//4100 2229//4100 297//4100
f  297//4101 2229//4101 2230//4101
f  297//4102 2230//4102 260//4102
f  260//4103 2230//4103 2231//4103
f  260//4104 2231//4104 261//4104
f  261//4105 2231//4105 2232//4105
f  261//4106 2232//4106 2224//4106
f  2233//4107 2234//4107 2235//4107
f  2235//4108 2234//4108 2236//4108
f  2234//4109 2237//4109 2236//4109
f  2236//4110 2237//4110 2238//4110
f  2236//4111 2238//4111 2239//4111
f  2239//4112 2238//4112 2240//4112
f  2239//4113 2240//4113 2241//4113
f  2241//4114 2240//4114 2242//4114
f  2241//4115 2242//4115 2243//4115
f  2244//4116 2245//4116 2246//4116
f  2246//4117 2245//4117 2247//4117
f  2246//4118 2247//4118 2248//4118
f  2248//4119 2247//4119 2243//4119
f  2248//4120 2243//4120 2249//4120
f  2249//4121 2243//4121 2242//4121
f  2250//4122 2251//4122 2252//4122
f  2252//4123 2251//4123 2253//4123
f  2229//4124 2228//4124 2254//4124
f  2254//4125 2228//4125 2255//4125
f  2254//4126 2256//4126 2229//4126
f  2229//4127 2256//4127 2257//4127
f  2229//4128 2257//4128 2230//4128
f  2222//4129 2227//4129 2258//4129
f  2258//4130 2227//4130 2226//4130
f  2258//4131 2226//4131 2259//4131
f  2259//4132 2226//4132 2225//4132
f  2259//4133 2225//4133 2260//4133
f  2260//4134 2225//4134 2224//4134
f  2260//4135 2224//4135 2261//4135
f  2261//4136 2224//4136 2232//4136
f  2261//4137 2232//4137 2257//4137
f  2257//4138 2232//4138 2231//4138
f  2257//4139 2231//4139 2230//4139
f  2262//4140 2263//4140 2264//4140
f  2222//4141 2258//4141 2223//4141
f  2223//4142 2258//4142 2265//4142
f  2223//4143 2265//4143 2221//4143
f  2221//4144 2265//4144 2262//4144
f  2221//4145 2262//4145 2220//4145
f  2220//4146 2262//4146 2264//4146
f  2220//4147 2264//4147 2219//4147
f  2266//4148 2267//4148 2268//4148
f  2268//4149 2267//4149 2263//4149
f  2269//4150 2270//4150 2271//4150
f  2271//4151 2270//4151 2266//4151
f  2272//4152 2273//4152 2269//4152
f  2235//4153 2274//4153 2233//4153
f  2233//4154 2274//4154 2275//4154
f  2233//4155 2275//4155 2273//4155
f  2273//4156 2272//4156 2233//4156
f  2233//4157 2272//4157 2276//4157
f  2233//4158 2276//4158 2234//4158
f  2234//4159 2276//4159 2277//4159
f  2234//4160 2277//4160 2237//4160
f  2237//4161 2277//4161 2278//4161
f  2237//4162 2278//4162 2238//4162
f  2238//4163 2278//4163 2279//4163
f  2238//4164 2279//4164 2240//4164
f  2240//4165 2279//4165 2280//4165
f  2240//4166 2280//4166 2242//4166
f  2242//4167 2280//4167 2281//4167
f  2242//4168 2281//4168 2249//4168
f  2249//4169 2281//4169 2282//4169
f  2249//4170 2282//4170 2248//4170
f  2248//4171 2282//4171 2283//4171
f  2248//4172 2283//4172 2246//4172
f  2246//4173 2283//4173 2284//4173
f  2246//4174 2284//4174 2244//4174
f  2269//4175 2271//4175 2272//4175
f  2272//4176 2271//4176 2285//4176
f  2272//4177 2285//4177 2276//4177
f  2276//4178 2285//4178 2286//4178
f  2276//4179 2286//4179 2277//4179
f  2277//4180 2286//4180 2287//4180
f  2277//4181 2287//4181 2278//4181
f  2278//4182 2287//4182 2288//4182
f  2278//4183 2288//4183 2279//4183
f  2279//4184 2288//4184 2289//4184
f  2279//4185 2289//4185 2280//4185
f  2280//4186 2289//4186 2290//4186
f  2280//4187 2290//4187 2281//4187
f  2281//4188 2290//4188 2291//4188
f  2281//4189 2291//4189 2282//4189
f  2282//4190 2291//4190 2252//4190
f  2282//4191 2252//4191 2283//4191
f  2283//4192 2252//4192 2253//4192
f  2283//4193 2253//4193 2284//4193
f  2266//4194 2268//4194 2271//4194
f  2271//4195 2268//4195 2292//4195
f  2271//4196 2292//4196 2285//4196
f  2285//4197 2292//4197 2293//4197
f  2285//4198 2293//4198 2286//4198
f  2286//4199 2293//4199 2294//4199
f  2286//4200 2294//4200 2287//4200
f  2287//4201 2294//4201 2295//4201
f  2287//4202 2295//4202 2288//4202
f  2288//4203 2295//4203 2296//4203
f  2288//4204 2296//4204 2289//4204
f  2289//4205 2296//4205 2297//4205
f  2289//4206 2297//4206 2290//4206
f  2290//4207 2297//4207 2298//4207
f  2290//4208 2298//4208 2291//4208
f  2291//4209 2298//4209 2299//4209
f  2291//4210 2299//4210 2252//4210
f  2252//4211 2299//4211 2300//4211
f  2252//4212 2300//4212 2250//4212
f  2263//4213 2262//4213 2268//4213
f  2268//4214 2262//4214 2265//4214
f  2268//4215 2265//4215 2292//4215
f  2292//4216 2265//4216 2258//4216
f  2292//4217 2258//4217 2293//4217
f  2293//4218 2258//4218 2259//4218
f  2293//4219 2259//4219 2294//4219
f  2294//4220 2259//4220 2260//4220
f  2294//4221 2260//4221 2295//4221
f  2295//4222 2260//4222 2261//4222
f  2295//4223 2261//4223 2296//4223
f  2296//4224 2261//4224 2257//4224
f  2296//4225 2257//4225 2297//4225
f  2297//4226 2257//4226 2256//4226
f  2297//4227 2256//4227 2298//4227
f  2298//4228 2256//4228 2254//4228
f  2298//4229 2254//4229 2299//4229
f  2299//4230 2254//4230 2255//4230
f  2299//4231 2255//4231 2300//4231
f  2301//4232 2302//4232 2303//4232
f  2303//4233 2302//4233 2304//4233
f  2305//4234 2301//4234 2306//4234
f  2306//4235 2301//4235 2303//4235
f  2306//4236 2303//4236 2245//4236
f  2245//4237 2303//4237 2247//4237
f  2304//4238 2307//4238 2303//4238
f  2303//4239 2307//4239 2274//4239
f  2303//4240 2274//4240 2235//4240
f  2243//4241 2247//4241 2241//4241
f  2241//4242 2247//4242 2303//4242
f  2241//4243 2303//4243 2239//4243
f  2239//4244 2303//4244 2235//4244
f  2239//4245 2235//4245 2236//4245
f  2308//4246 2309//4246 2310//4246
f  2311//4247 2312//4247 2313//4247
f  2314//4248 2315//4248 2316//4248
f  2317//4249 2305//4249 2306//4249
f  2301//4250 2305//4250 2318//4250
f  2318//4251 2305//4251 2317//4251
f  2318//4252 2317//4252 2319//4252
f  2263//4253 2267//4253 2320//4253
f  2320//4254 2267//4254 2266//4254
f  2320//4255 2266//4255 2321//4255
f  2321//4256 2266//4256 2270//4256
f  2321//4257 2270//4257 2322//4257
f  2322//4258 2270//4258 2269//4258
f  2322//4259 2269//4259 2273//4259
f  2323//4260 2324//4260 2325//4260
f  2314//4261 2316//4261 2326//4261
f  2311//4262 2313//4262 2327//4262
f  2255//4263 2228//4263 2328//4263
f  2329//4264 2250//4264 2330//4264
f  2330//4265 2250//4265 2300//4265
f  2330//4266 2300//4266 2331//4266
f  2331//4267 2300//4267 2255//4267
f  2331//4268 2255//4268 2332//4268
f  2332//4269 2255//4269 2328//4269
f  2244//4270 2284//4270 2333//4270
f  2333//4271 2284//4271 2253//4271
f  2333//4272 2253//4272 2329//4272
f  2329//4273 2253//4273 2251//4273
f  2329//4274 2251//4274 2250//4274
f  2312//4275 2326//4275 2313//4275
f  2313//4276 2326//4276 2316//4276
f  2313//4277 2316//4277 2334//4277
f  2334//4278 2316//4278 2335//4278
f  2334//4279 2335//4279 2336//4279
f  2336//4280 2335//4280 2337//4280
f  2336//4281 2337//4281 2338//4281
f  2338//4282 2337//4282 2339//4282
f  2338//4283 2339//4283 2340//4283
f  2219//4284 2264//4284 2325//4284
f  2325//4285 2264//4285 2341//4285
f  2325//4286 2341//4286 2323//4286
f  2323//4287 2341//4287 2342//4287
f  2264//4288 2263//4288 2341//4288
f  2341//4289 2263//4289 2320//4289
f  2341//4290 2320//4290 2342//4290
f  2342//4291 2320//4291 2321//4291
f  2342//4292 2321//4292 2310//4292
f  2310//4293 2321//4293 2322//4293
f  2310//4294 2322//4294 2308//4294
f  2308//4295 2322//4295 2273//4295
f  2308//4296 2273//4296 2275//4296
f  2315//4297 2324//4297 2316//4297
f  2316//4298 2324//4298 2323//4298
f  2316//4299 2323//4299 2335//4299
f  2335//4300 2323//4300 2342//4300
f  2335//4301 2342//4301 2337//4301
f  2337//4302 2342//4302 2310//4302
f  2337//4303 2310//4303 2339//4303
f  2339//4304 2310//4304 2309//4304
f  2339//4305 2309//4305 2340//4305
f  2343//4306 2344//4306 2345//4306
f  2345//4307 2344//4307 2346//4307
f  2345//4308 2346//4308 2347//4308
f  2302//4309 2301//4309 2348//4309
f  2348//4310 2301//4310 2318//4310
f  2348//4311 2318//4311 2349//4311
f  2349//4312 2318//4312 2319//4312
f  2349//4313 2319//4313 2350//4313
f  2350//4314 2319//4314 2347//4314
f  2350//4315 2347//4315 2351//4315
f  2351//4316 2347//4316 2346//4316
f  2328//4317 2343//4317 2332//4317
f  2332//4318 2343//4318 2345//4318
f  2332//4319 2345//4319 2331//4319
f  2331//4320 2345//4320 2347//4320
f  2331//4321 2347//4321 2330//4321
f  2330//4322 2347//4322 2319//4322
f  2330//4323 2319//4323 2329//4323
f  2329//4324 2319//4324 2317//4324
f  2329//4325 2317//4325 2333//4325
f  2333//4326 2317//4326 2306//4326
f  2333//4327 2306//4327 2244//4327
f  2244//4328 2306//4328 2245//4328
f  2344//4329 2327//4329 2346//4329
f  2346//4330 2327//4330 2313//4330
f  2346//4331 2313//4331 2351//4331
f  2351//4332 2313//4332 2334//4332
f  2351//4333 2334//4333 2350//4333
f  2350//4334 2334//4334 2336//4334
f  2350//4335 2336//4335 2349//4335
f  2349//4336 2336//4336 2338//4336
f  2349//4337 2338//4337 2348//4337
f  2348//4338 2338//4338 2340//4338
f  2348//4339 2340//4339 2302//4339
f  2302//4340 2340//4340 2309//4340
f  2302//4341 2309//4341 2304//4341
f  2304//4342 2309//4342 2308//4342
f  2304//4343 2308//4343 2307//4343
f  2307//4344 2308//4344 2275//4344
f  2307//4345 2275//4345 2274//4345
f  299//4346 2328//4346 300//4346
f  300//4347 2328//4347 2228//4347
f  300//4348 2228//4348 302//4348
f  307//4349 2327//4349 309//4349
f  309//4350 2327//4350 2344//4350
f  309//4351 2344//4351 299//4351
f  299//4352 2344//4352 2343//4352
f  299//4353 2343//4353 2328//4353
f  306//4354 2312//4354 307//4354
f  307//4355 2312//4355 2311//4355
f  307//4356 2311//4356 2327//4356
f  2325//4357 2324//4357 303//4357
f  303//4358 2324//4358 2315//4358
f  303//4359 2315//4359 304//4359
f  304//4360 2315//4360 2314//4360
f  304//4361 2314//4361 306//4361
f  306//4362 2314//4362 2326//4362
f  306//4363 2326//4363 2312//4363
f  303//4364 305//4364 2325//4364
f  2325//4365 305//4365 311//4365
f  2325//4366 311//4366 2219//4366
f  2352//4367 2353//4367 2354//4367
f  2355//4368 325//4368 2356//4368
f  2356//4369 325//4369 252//4369
f  2356//4370 252//4370 2357//4370
f  223//4371 243//4371 2358//4371
f  2358//4372 243//4372 247//4372
f  2358//4373 247//4373 2359//4373
f  2359//4374 247//4374 246//4374
f  2359//4375 246//4375 2360//4375
f  2360//4376 246//4376 248//4376
f  2360//4377 248//4377 326//4377
f  2361//4378 221//4378 223//4378
f  2361//4379 223//4379 2362//4379
f  2352//4380 2354//4380 2363//4380
f  2354//4381 2364//4381 2363//4381
f  2363//4382 2364//4382 2365//4382
f  2363//4383 2365//4383 2366//4383
f  2366//4384 2365//4384 2367//4384
f  2366//4385 2367//4385 2368//4385
f  2368//4386 2367//4386 2369//4386
f  2369//4387 2367//4387 2370//4387
f  2369//4388 2370//4388 2371//4388
f  2371//4389 2370//4389 2372//4389
f  2372//4390 2370//4390 2373//4390
f  2372//4391 2373//4391 2374//4391
f  2374//4392 2373//4392 2375//4392
f  2375//4393 2373//4393 2376//4393
f  2375//4394 2376//4394 1440//4394
f  1389//4395 1390//4395 2377//4395
f  2377//4396 1390//4396 1439//4396
f  2377//4397 1439//4397 2378//4397
f  1439//4398 1440//4398 2378//4398
f  2378//4399 1440//4399 2376//4399
f  2378//4400 2376//4400 2379//4400
f  2379//4401 2376//4401 2373//4401
f  2379//4402 2373//4402 2380//4402
f  2380//4403 2373//4403 2370//4403
f  251//4404 1389//4404 252//4404
f  252//4405 1389//4405 2377//4405
f  252//4406 2377//4406 2357//4406
f  2357//4407 2377//4407 2378//4407
f  2357//4408 2378//4408 2356//4408
f  2356//4409 2378//4409 2379//4409
f  2356//4410 2379//4410 2355//4410
f  2355//4411 2379//4411 2380//4411
f  2360//4412 2381//4412 2359//4412
f  2359//4413 2381//4413 2382//4413
f  2359//4414 2382//4414 2358//4414
f  2358//4415 2382//4415 2383//4415
f  2358//4416 2383//4416 223//4416
f  223//4417 2383//4417 2384//4417
f  223//4418 2384//4418 2362//4418
f  2354//4419 2362//4419 2364//4419
f  2364//4420 2362//4420 2384//4420
f  2364//4421 2384//4421 2365//4421
f  2365//4422 2384//4422 2383//4422
f  2365//4423 2383//4423 2367//4423
f  2367//4424 2383//4424 2382//4424
f  2367//4425 2382//4425 2370//4425
f  2370//4426 2382//4426 2381//4426
f  2370//4427 2381//4427 2380//4427
f  2380//4428 2381//4428 2360//4428
f  2380//4429 2360//4429 2355//4429
f  2355//4430 2360//4430 326//4430
f  2355//4431 326//4431 325//4431
f  2361//4432 2362//4432 2385//4432
f  1078//4433 221//4433 2361//4433
f  2361//4434 2385//4434 1078//4434
f  1078//4435 2385//4435 2386//4435
f  1078//4436 2386//4436 1080//4436
f  1073//4437 1077//4437 2387//4437
f  2387//4438 1077//4438 1076//4438
f  2387//4439 1076//4439 2386//4439
f  2386//4440 1076//4440 1081//4440
f  2386//4441 1081//4441 1080//4441
f  2387//4442 2388//4442 1073//4442
f  1073//4443 2388//4443 2389//4443
f  1073//4444 2389//4444 1071//4444
f  2390//4445 2391//4445 2392//4445
f  2392//4446 2391//4446 2393//4446
f  2392//4447 2393//4447 2394//4447
f  2394//4448 2393//4448 2395//4448
f  2395//4449 2396//4449 2397//4449
f  2397//4450 2396//4450 2398//4450
f  2354//4451 2353//4451 2399//4451
f  2399//4452 2353//4452 2400//4452
f  2399//4453 2400//4453 2396//4453
f  2396//4454 2400//4454 2401//4454
f  2396//4455 2401//4455 2398//4455
f  2362//4456 2354//4456 2385//4456
f  2385//4457 2354//4457 2399//4457
f  2385//4458 2399//4458 2386//4458
f  2386//4459 2399//4459 2396//4459
f  2386//4460 2396//4460 2387//4460
f  2387//4461 2396//4461 2395//4461
f  2387//4462 2395//4462 2388//4462
f  2388//4463 2395//4463 2393//4463
f  2388//4464 2393//4464 2389//4464
f  2389//4465 2393//4465 2391//4465
f  2402//4466 2403//4466 2404//4466
f  2405//4467 2406//4467 2407//4467
f  2408//4468 2409//4468 2410//4468
f  2411//4469 2412//4469 2413//4469
f  2414//4470 2415//4470 2416//4470
f  2416//4471 2415//4471 2417//4471
f  2416//4472 2417//4472 2418//4472
f  2410//4473 2409//4473 2417//4473
f  2417//4474 2409//4474 2419//4474
f  2417//4475 2419//4475 2418//4475
f  2420//4476 2421//4476 2422//4476
f  2422//4477 2423//4477 2420//4477
f  2420//4478 2423//4478 2424//4478
f  2420//4479 2424//4479 2425//4479
f  2425//4480 2424//4480 2426//4480
f  2425//4481 2426//4481 2427//4481
f  2427//4482 2426//4482 2428//4482
f  2427//4483 2428//4483 2429//4483
f  2429//4484 2428//4484 2430//4484
f  2431//4485 2432//4485 2430//4485
f  2430//4486 2432//4486 2433//4486
f  2430//4487 2433//4487 2429//4487
f  2434//4488 2435//4488 2431//4488
f  2431//4489 2435//4489 2436//4489
f  2431//4490 2436//4490 2432//4490
f  2437//4491 2434//4491 2438//4491
f  2438//4492 2434//4492 2439//4492
f  2438//4493 2439//4493 2440//4493
f  2441//4494 2442//4494 2440//4494
f  2440//4495 2442//4495 2443//4495
f  2440//4496 2443//4496 2438//4496
f  2405//4497 2407//4497 2444//4497
f  2444//4498 2407//4498 2445//4498
f  2444//4499 2445//4499 2446//4499
f  2446//4500 2445//4500 2447//4500
f  2447//4501 2445//4501 2448//4501
f  2447//4502 2448//4502 2449//4502
f  2450//4503 2451//4503 2452//4503
f  2453//4504 2454//4504 2455//4504
f  2456//4505 2457//4505 2453//4505
f  2453//4506 2457//4506 2458//4506
f  2453//4507 2458//4507 2454//4507
f  2459//4508 2460//4508 2461//4508
f  2461//4509 2460//4509 2462//4509
f  2461//4510 2462//4510 2456//4510
f  2456//4511 2462//4511 2463//4511
f  2456//4512 2463//4512 2457//4512
f  2461//4513 2464//4513 2459//4513
f  2459//4514 2464//4514 2465//4514
f  2459//4515 2465//4515 2466//4515
f  389//4516 2411//4516 2414//4516
f  2414//4517 2411//4517 2413//4517
f  2414//4518 2413//4518 2415//4518
f  2415//4519 2413//4519 2467//4519
f  2415//4520 2467//4520 2417//4520
f  2417//4521 2467//4521 2468//4521
f  2417//4522 2468//4522 2410//4522
f  2410//4523 2468//4523 2469//4523
f  2470//4524 2471//4524 2472//4524
f  2472//4525 2471//4525 2473//4525
f  2472//4526 2473//4526 2474//4526
f  2474//4527 2473//4527 2475//4527
f  2474//4528 2475//4528 2476//4528
f  2476//4529 2475//4529 2477//4529
f  2476//4530 2477//4530 2478//4530
f  2478//4531 2477//4531 2479//4531
f  2480//4532 2470//4532 2481//4532
f  2481//4533 2470//4533 2472//4533
f  2481//4534 2472//4534 2482//4534
f  2482//4535 2472//4535 2474//4535
f  2482//4536 2474//4536 2483//4536
f  2483//4537 2474//4537 2476//4537
f  2483//4538 2476//4538 2484//4538
f  2484//4539 2476//4539 2478//4539
f  2453//4540 2480//4540 2456//4540
f  2456//4541 2480//4541 2481//4541
f  2456//4542 2481//4542 2461//4542
f  2461//4543 2481//4543 2482//4543
f  2461//4544 2482//4544 2464//4544
f  2464//4545 2482//4545 2483//4545
f  2464//4546 2483//4546 2465//4546
f  2465//4547 2483//4547 2484//4547
f  2485//4548 2449//4548 2452//4548
f  2452//4549 2449//4549 2448//4549
f  2452//4550 2448//4550 2450//4550
f  2450//4551 2448//4551 2445//4551
f  2450//4552 2445//4552 2486//4552
f  2486//4553 2445//4553 2407//4553
f  2486//4554 2407//4554 2487//4554
f  2487//4555 2407//4555 2406//4555
f  2487//4556 2406//4556 2488//4556
f  2488//4557 2406//4557 2489//4557
f  2488//4558 2489//4558 2441//4558
f  2441//4559 2489//4559 2490//4559
f  2441//4560 2490//4560 2442//4560
f  2491//4561 2492//4561 2493//4561
f  2493//4562 2492//4562 2494//4562
f  2493//4563 2494//4563 2495//4563
f  2439//4564 2496//4564 2440//4564
f  2440//4565 2496//4565 2497//4565
f  2440//4566 2497//4566 2441//4566
f  2441//4567 2497//4567 2498//4567
f  2441//4568 2498//4568 2488//4568
f  2488//4569 2498//4569 2499//4569
f  2488//4570 2499//4570 2487//4570
f  2487//4571 2499//4571 2500//4571
f  2487//4572 2500//4572 2486//4572
f  2486//4573 2500//4573 2501//4573
f  2486//4574 2501//4574 2450//4574
f  2450//4575 2501//4575 2502//4575
f  2450//4576 2502//4576 2451//4576
f  2434//4577 2431//4577 2439//4577
f  2439//4578 2431//4578 2503//4578
f  2439//4579 2503//4579 2496//4579
f  2496//4580 2503//4580 2504//4580
f  2496//4581 2504//4581 2497//4581
f  2497//4582 2504//4582 2505//4582
f  2497//4583 2505//4583 2498//4583
f  2498//4584 2505//4584 2506//4584
f  2498//4585 2506//4585 2499//4585
f  2499//4586 2506//4586 2507//4586
f  2499//4587 2507//4587 2500//4587
f  2500//4588 2507//4588 2508//4588
f  2500//4589 2508//4589 2501//4589
f  2501//4590 2508//4590 2509//4590
f  2501//4591 2509//4591 2502//4591
f  2471//4592 2491//4592 2473//4592
f  2473//4593 2491//4593 2493//4593
f  2473//4594 2493//4594 2475//4594
f  2475//4595 2493//4595 2495//4595
f  2475//4596 2495//4596 2477//4596
f  2477//4597 2495//4597 2510//4597
f  2477//4598 2510//4598 2479//4598
f  2479//4599 2510//4599 2511//4599
f  2479//4600 2511//4600 2478//4600
f  2478//4601 2511//4601 2512//4601
f  2478//4602 2512//4602 2484//4602
f  2484//4602 2512//4602 2513//4602
f  2484//4603 2513//4603 2465//4603
f  2465//4604 2513//4604 2404//4604
f  2465//4605 2404//4605 2466//4605
f  2466//4606 2404//4606 2403//4606
f  2514//4607 2515//4607 2516//4607
f  2516//4608 2515//4608 2517//4608
f  2516//4609 2517//4609 2518//4609
f  2518//4610 2517//4610 2519//4610
f  2518//4611 2519//4611 2520//4611
f  2520//4612 2519//4612 2521//4612
f  2520//4613 2521//4613 2522//4613
f  2515//4614 2408//4614 2517//4614
f  2517//4615 2408//4615 2410//4615
f  2517//4616 2410//4616 2519//4616
f  2519//4617 2410//4617 2469//4617
f  2519//4618 2469//4618 2521//4618
f  2422//4619 2514//4619 2423//4619
f  2423//4620 2514//4620 2516//4620
f  2423//4621 2516//4621 2424//4621
f  2424//4622 2516//4622 2518//4622
f  2424//4623 2518//4623 2426//4623
f  2426//4624 2518//4624 2520//4624
f  2426//4625 2520//4625 2428//4625
f  2428//4626 2520//4626 2522//4626
f  2428//4627 2522//4627 2430//4627
f  2412//4628 2402//4628 2413//4628
f  2413//4629 2402//4629 2404//4629
f  2413//4630 2404//4630 2467//4630
f  2467//4631 2404//4631 2513//4631
f  2467//4632 2513//4632 2468//4632
f  2468//4633 2513//4633 2512//4633
f  2468//4634 2512//4634 2469//4634
f  2469//4635 2512//4635 2511//4635
f  2469//4636 2511//4636 2521//4636
f  2521//4637 2511//4637 2510//4637
f  2521//4638 2510//4638 2522//4638
f  2522//4639 2510//4639 2495//4639
f  2522//4640 2495//4640 2430//4640
f  2430//4641 2495//4641 2494//4641
f  2430//4642 2494//4642 2431//4642
f  2431//4643 2494//4643 2492//4643
f  2431//4644 2492//4644 2503//4644
f  2503//4645 2492//4645 2491//4645
f  2503//4646 2491//4646 2504//4646
f  2504//4647 2491//4647 2471//4647
f  2504//4648 2471//4648 2505//4648
f  2505//4649 2471//4649 2470//4649
f  2505//4650 2470//4650 2506//4650
f  2506//4651 2470//4651 2480//4651
f  2506//4652 2480//4652 2507//4652
f  2507//4653 2480//4653 2453//4653
f  2507//4654 2453//4654 2508//4654
f  2508//4655 2453//4655 2455//4655
f  2508//4656 2455//4656 2509//4656
f  2523//4657 2524//4657 2525//4657
f  2526//4658 2527//4658 2528//4658
f  2529//4659 2530//4659 2531//4659
f  364//4660 362//4660 2532//4660
f  387//4661 389//4661 2414//4661
f  2408//4662 2515//4662 2533//4662
f  2515//4663 2514//4663 2534//4663
f  2535//4664 2422//4664 2421//4664
f  2536//4665 2414//4665 2416//4665
f  384//4666 2537//4666 382//4666
f  382//4667 2537//4667 2538//4667
f  382//4668 2538//4668 380//4668
f  380//4669 2538//4669 372//4669
f  372//4670 2538//4670 2539//4670
f  372//4671 2539//4671 373//4671
f  373//4672 2539//4672 375//4672
f  375//4673 2539//4673 2540//4673
f  375//4674 2540//4674 377//4674
f  377//4675 2540//4675 378//4675
f  378//4676 2540//4676 2527//4676
f  378//4677 2527//4677 370//4677
f  370//4678 2527//4678 371//4678
f  371//4679 2527//4679 2526//4679
f  371//4680 2526//4680 360//4680
f  2541//4681 2542//4681 2543//4681
f  2544//4682 2545//4682 2546//4682
f  2545//4683 2544//4683 2547//4683
f  2548//4684 2549//4684 2550//4684
f  2550//4685 2549//4685 2551//4685
f  2550//4686 2551//4686 2552//4686
f  2550//4687 2553//4687 2548//4687
f  2548//4688 2553//4688 2554//4688
f  2548//4689 2554//4689 2555//4689
f  2555//4690 2554//4690 2556//4690
f  2557//4691 2558//4691 2559//4691
f  2525//4692 2524//4692 2560//4692
f  2561//4693 2560//4693 2562//4693
f  2562//4694 2560//4694 2524//4694
f  2562//4695 2524//4695 2563//4695
f  2563//4696 2524//4696 2523//4696
f  2563//4697 2523//4697 2564//4697
f  2421//4698 2565//4698 2535//4698
f  2535//4699 2565//4699 2566//4699
f  2535//4700 2566//4700 2567//4700
f  2568//4701 2569//4701 2570//4701
f  2570//4702 2569//4702 2571//4702
f  2570//4703 2571//4703 2572//4703
f  2572//4704 2571//4704 2573//4704
f  2572//4705 2573//4705 2574//4705
f  2574//4706 2573//4706 2419//4706
f  2574//4707 2419//4707 2409//4707
f  2569//4708 2575//4708 2571//4708
f  2571//4709 2575//4709 2576//4709
f  2571//4710 2576//4710 2573//4710
f  2573//4711 2576//4711 2418//4711
f  2573//4712 2418//4712 2419//4712
f  2531//4713 2530//4713 2577//4713
f  2577//4714 2530//4714 2578//4714
f  2577//4715 2578//4715 2568//4715
f  2568//4716 2578//4716 2579//4716
f  2568//4717 2579//4717 2569//4717
f  2569//4718 2579//4718 2580//4718
f  2569//4719 2580//4719 2575//4719
f  2575//4720 2580//4720 2536//4720
f  2575//4721 2536//4721 2576//4721
f  2576//4722 2536//4722 2416//4722
f  2576//4723 2416//4723 2418//4723
f  2551//4724 2547//4724 2552//4724
f  2552//4725 2547//4725 2544//4725
f  2552//4726 2544//4726 2541//4726
f  2541//4727 2544//4727 2546//4727
f  2541//4728 2546//4728 2542//4728
f  387//4729 2414//4729 386//4729
f  386//4730 2414//4730 2536//4730
f  386//4731 2536//4731 2581//4731
f  2581//4732 2536//4732 2580//4732
f  2581//4733 2580//4733 2582//4733
f  2582//4718 2580//4718 2579//4718
f  2582//4734 2579//4734 2583//4734
f  2583//4735 2579//4735 2578//4735
f  2583//4736 2578//4736 2584//4736
f  2584//4737 2578//4737 2530//4737
f  2584//4738 2530//4738 2585//4738
f  2585//4739 2530//4739 2529//4739
f  2585//4740 2529//4740 2528//4740
f  2528//4741 2527//4741 2585//4741
f  2585//4742 2527//4742 2540//4742
f  2585//4743 2540//4743 2584//4743
f  2584//4744 2540//4744 2539//4744
f  2584//4745 2539//4745 2583//4745
f  2583//4746 2539//4746 2538//4746
f  2583//4747 2538//4747 2582//4747
f  2582//4748 2538//4748 2537//4748
f  2582//4749 2537//4749 2581//4749
f  2581//4750 2537//4750 384//4750
f  2581//4751 384//4751 386//4751
f  2560//4752 2586//4752 2587//4752
f  2587//4753 2586//4753 2588//4753
f  2587//4754 2588//4754 2589//4754
f  2589//4755 2588//4755 2590//4755
f  2589//4756 2590//4756 2591//4756
f  2591//4757 2590//4757 2592//4757
f  2591//4758 2592//4758 2593//4758
f  2593//4759 2592//4759 2594//4759
f  2593//4760 2594//4760 2595//4760
f  2595//4761 2594//4761 2596//4761
f  2595//4762 2596//4762 366//4762
f  366//4763 2596//4763 356//4763
f  2597//4764 2598//4764 2599//4764
f  2599//4765 2598//4765 2557//4765
f  2599//4766 2557//4766 2600//4766
f  2600//4767 2557//4767 2559//4767
f  2600//4768 2559//4768 2601//4768
f  2602//4769 2597//4769 2603//4769
f  2603//4770 2597//4770 2599//4770
f  2603//4771 2599//4771 2604//4771
f  2604//4772 2599//4772 2600//4772
f  2552//4773 2602//4773 2550//4773
f  2550//4774 2602//4774 2603//4774
f  2550//4775 2603//4775 2553//4775
f  2553//4776 2603//4776 2604//4776
f  2553//4777 2604//4777 2554//4777
f  2554//4778 2604//4778 2600//4778
f  2554//4779 2600//4779 2556//4779
f  2556//4780 2600//4780 2601//4780
f  2556//4781 2601//4781 2605//4781
f  2561//4782 2558//4782 2560//4782
f  2560//4783 2558//4783 2557//4783
f  2560//4784 2557//4784 2586//4784
f  2586//4785 2557//4785 2598//4785
f  2586//4786 2598//4786 2588//4786
f  2588//4787 2598//4787 2597//4787
f  2588//4788 2597//4788 2590//4788
f  2590//4789 2597//4789 2602//4789
f  2590//4790 2602//4790 2592//4790
f  2592//4791 2602//4791 2552//4791
f  2592//4792 2552//4792 2594//4792
f  2594//4793 2552//4793 2541//4793
f  2594//4794 2541//4794 2596//4794
f  2596//4795 2541//4795 2543//4795
f  2596//4796 2543//4796 356//4796
f  356//4797 2543//4797 357//4797
f  2514//4798 2422//4798 2534//4798
f  2534//4799 2422//4799 2535//4799
f  2534//4800 2535//4800 2606//4800
f  2606//4801 2535//4801 2567//4801
f  2606//4802 2567//4802 2607//4802
f  2533//4803 2515//4803 2534//4803
f  2533//4804 2534//4804 2608//4804
f  2608//4805 2534//4805 2606//4805
f  2608//4806 2606//4806 2609//4806
f  2609//4807 2606//4807 2607//4807
f  2609//4808 2607//4808 2610//4808
f  2566//4809 2564//4809 2567//4809
f  2567//4810 2564//4810 2523//4810
f  2567//4811 2523//4811 2607//4811
f  2607//4812 2523//4812 2525//4812
f  2607//4813 2525//4813 2610//4813
f  2610//4814 2525//4814 2560//4814
f  2610//4815 2560//4815 2611//4815
f  2611//4816 2560//4816 2587//4816
f  2611//4817 2587//4817 2612//4817
f  2612//4818 2587//4818 2589//4818
f  2612//4819 2589//4819 2613//4819
f  2613//4820 2589//4820 2591//4820
f  2613//4821 2591//4821 2614//4821
f  2614//4822 2591//4822 2593//4822
f  2614//4823 2593//4823 2532//4823
f  2532//4824 2593//4824 2595//4824
f  2532//4825 2595//4825 364//4825
f  364//4826 2595//4826 366//4826
f  362//4827 360//4827 2532//4827
f  2532//4828 360//4828 2526//4828
f  2532//4829 2526//4829 2614//4829
f  2614//4830 2526//4830 2528//4830
f  2614//4831 2528//4831 2613//4831
f  2613//4832 2528//4832 2529//4832
f  2613//4833 2529//4833 2612//4833
f  2612//4834 2529//4834 2531//4834
f  2612//4835 2531//4835 2611//4835
f  2611//4836 2531//4836 2577//4836
f  2611//4837 2577//4837 2610//4837
f  2610//4838 2577//4838 2568//4838
f  2610//4839 2568//4839 2609//4839
f  2609//4840 2568//4840 2570//4840
f  2609//4841 2570//4841 2608//4841
f  2608//4842 2570//4842 2572//4842
f  2608//4843 2572//4843 2533//4843
f  2533//4844 2572//4844 2574//4844
f  2533//4845 2574//4845 2408//4845
f  2408//4846 2574//4846 2409//4846
f  2615//4847 2616//4847 2617//4847
f  2618//4848 392//4848 391//4848
f  389//4849 392//4849 2411//4849
f  2411//4850 392//4850 2618//4850
f  2411//4851 2618//4851 2412//4851
f  2412//4852 2618//4852 2619//4852
f  2412//4853 2619//4853 2402//4853
f  2402//4854 2619//4854 2403//4854
f  2619//4855 2620//4855 2403//4855
f  2403//4856 2620//4856 2621//4856
f  2403//4857 2621//4857 2466//4857
f  2466//4858 2621//4858 2622//4858
f  2466//4859 2622//4859 2459//4859
f  2459//4860 2622//4860 2460//4860
f  2460//4861 2623//4861 2462//4861
f  2462//4862 2623//4862 2624//4862
f  2462//4863 2624//4863 2463//4863
f  2463//4864 2624//4864 2457//4864
f  2457//4865 2624//4865 2625//4865
f  2457//4866 2625//4866 2458//4866
f  2454//4867 2626//4867 2455//4867
f  2455//4868 2626//4868 2627//4868
f  2455//4869 2627//4869 2509//4869
f  2509//4870 2627//4870 2628//4870
f  2509//4871 2628//4871 2502//4871
f  2502//4872 2628//4872 2629//4872
f  2502//4873 2629//4873 2451//4873
f  2485//4874 2452//4874 2630//4874
f  2630//4875 2452//4875 2631//4875
f  2630//4876 2631//4876 2632//4876
f  2632//4877 2631//4877 2633//4877
f  2632//4878 2633//4878 2634//4878
f  2452//4879 2451//4879 2631//4879
f  2631//4880 2451//4880 2629//4880
f  2631//4881 2629//4881 2633//4881
f  2633//4882 2629//4882 2635//4882
f  2635//4883 2629//4883 2636//4883
f  2636//4884 2629//4884 2628//4884
f  2636//4885 2628//4885 2637//4885
f  2637//4886 2628//4886 2627//4886
f  2637//4887 2627//4887 2638//4887
f  2454//4888 2639//4888 2626//4888
f  2626//4889 2639//4889 2640//4889
f  2626//4890 2640//4890 2627//4890
f  2627//4891 2640//4891 2641//4891
f  2627//4892 2641//4892 2638//4892
f  2642//4893 2643//4893 2639//4893
f  2639//4894 2643//4894 2644//4894
f  2639//4895 2644//4895 2640//4895
f  2645//4896 2646//4896 2623//4896
f  2623//4897 2646//4897 2647//4897
f  2623//4898 2647//4898 2624//4898
f  2624//4899 2647//4899 2642//4899
f  2624//4900 2642//4900 2625//4900
f  2625//4901 2642//4901 2639//4901
f  2625//4902 2639//4902 2458//4902
f  2458//4903 2639//4903 2454//4903
f  2460//4904 2622//4904 2623//4904
f  2623//4905 2622//4905 2648//4905
f  2623//4906 2648//4906 2645//4906
f  391//4907 2649//4907 2618//4907
f  2618//4908 2649//4908 2650//4908
f  2618//4909 2650//4909 2619//4909
f  2619//4910 2650//4910 2651//4910
f  2619//4911 2651//4911 2620//4911
f  2620//4912 2651//4912 2615//4912
f  2620//4913 2615//4913 2621//4913
f  2621//4914 2615//4914 2617//4914
f  2621//4915 2617//4915 2622//4915
f  2622//4916 2617//4916 2652//4916
f  2622//4917 2652//4917 2648//4917
f  2653//4918 2485//4918 2654//4918
f  2654//4919 2485//4919 2630//4919
f  2654//4920 2630//4920 2632//4920
f  2654//4921 2655//4921 2653//4921
f  2653//4922 2655//4922 2656//4922
f  2653//4923 2656//4923 2657//4923
f  2657//4924 2656//4924 2658//4924
f  2657//4925 2658//4925 2659//4925
f  2659//4926 2658//4926 2660//4926
f  2659//4927 2660//4927 2661//4927
f  2632//4928 2634//4928 2654//4928
f  2654//4929 2634//4929 2662//4929
f  2654//4930 2662//4930 2655//4930
f  2655//4931 2662//4931 2663//4931
f  2655//4932 2663//4932 2656//4932
f  2656//4933 2663//4933 2664//4933
f  2656//4934 2664//4934 2658//4934
f  2658//4935 2664//4935 2665//4935
f  2658//4936 2665//4936 2660//4936
f  2660//4937 2665//4937 2666//4937
f  2660//4938 2666//4938 2667//4938
f  2668//4939 2669//4939 2670//4939
f  2671//4940 2672//4940 2673//4940
f  2674//4941 2675//4941 2676//4941
f  2677//4942 2678//4942 2679//4942
f  2677//4943 2679//4943 2680//4943
f  2681//4944 2682//4944 2683//4944
f  2683//4945 2682//4945 2684//4945
f  2683//4946 2684//4946 2685//4946
f  2681//4947 2683//4947 2686//4947
f  2686//4948 2683//4948 2687//4948
f  2686//4949 2687//4949 2688//4949
f  2672//4950 2671//4950 2689//4950
f  2682//4951 2690//4951 2684//4951
f  2684//4952 2690//4952 2691//4952
f  2684//4953 2691//4953 2685//4953
f  2685//4954 2691//4954 2692//4954
f  2685//4955 2692//4955 2693//4955
f  2693//4956 2692//4956 2689//4956
f  2693//4957 2689//4957 2694//4957
f  2694//4958 2689//4958 2671//4958
f  2670//4959 2669//4959 2695//4959
f  2696//4960 2697//4960 2698//4960
f  2699//4961 2700//4961 2701//4961
f  2701//4962 2700//4962 2702//4962
f  2701//4963 2702//4963 2703//4963
f  2703//4964 2702//4964 2696//4964
f  2703//4965 2696//4965 2704//4965
f  2704//4966 2696//4966 2698//4966
f  2705//4967 2706//4967 2707//4967
f  2707//4968 2706//4968 2708//4968
f  2707//4969 2708//4969 2697//4969
f  2697//4970 2708//4970 2709//4970
f  2697//4971 2709//4971 2698//4971
f  2707//4972 2710//4972 2705//4972
f  2705//4973 2710//4973 2711//4973
f  2705//4974 2711//4974 2712//4974
f  2712//4975 2711//4975 2713//4975
f  2712//4976 2713//4976 2679//4976
f  2679//4977 2713//4977 2714//4977
f  2679//4978 2714//4978 2680//4978
f  2690//4979 2674//4979 2691//4979
f  2691//4980 2674//4980 2676//4980
f  2691//4981 2676//4981 2692//4981
f  2692//4982 2676//4982 2715//4982
f  2692//4983 2715//4983 2689//4983
f  2689//4984 2715//4984 2716//4984
f  2689//4985 2716//4985 2672//4985
f  2672//4986 2716//4986 2695//4986
f  2672//4987 2695//4987 2673//4987
f  2673//4988 2695//4988 2669//4988
f  2668//4989 2670//4989 2717//4989
f  2717//4990 2670//4990 2718//4990
f  2717//4991 2718//4991 2699//4991
f  2699//4992 2718//4992 2719//4992
f  2699//4993 2719//4993 2700//4993
f  2700//4994 2719//4994 2720//4994
f  2700//4995 2720//4995 2702//4995
f  2702//4996 2720//4996 2721//4996
f  2702//4997 2721//4997 2696//4997
f  2696//4998 2721//4998 2722//4998
f  2696//4999 2722//4999 2697//4999
f  2697//5000 2722//5000 2723//5000
f  2697//5001 2723//5001 2707//5001
f  2707//5002 2723//5002 2724//5002
f  2707//5003 2724//5003 2710//5003
f  2725//5004 2726//5004 2727//5004
f  2728//5005 2729//5005 2730//5005
f  2731//5006 2732//5006 2733//5006
f  2734//5007 2735//5007 2736//5007
f  2736//5008 2735//5008 2737//5008
f  2734//5009 2678//5009 2735//5009
f  2735//5010 2678//5010 2677//5010
f  2735//5011 2677//5011 2680//5011
f  2737//5012 2735//5012 2731//5012
f  2731//5013 2735//5013 2738//5013
f  2731//5014 2738//5014 2732//5014
f  2733//5015 2732//5015 2739//5015
f  2739//5016 2732//5016 2740//5016
f  2739//5017 2740//5017 2741//5017
f  2741//5018 2740//5018 2742//5018
f  2741//5019 2742//5019 2743//5019
f  2742//5020 2744//5020 2743//5020
f  2743//5021 2744//5021 2745//5021
f  2743//5022 2745//5022 2746//5022
f  2746//5023 2745//5023 2747//5023
f  2747//5024 2745//5024 2748//5024
f  2748//5025 2745//5025 2749//5025
f  2748//5026 2749//5026 2750//5026
f  2750//5027 2751//5027 2748//5027
f  2748//5028 2751//5028 2752//5028
f  2748//5029 2752//5029 2728//5029
f  2728//5030 2752//5030 2753//5030
f  2728//5031 2753//5031 2729//5031
f  2754//5032 2755//5032 2756//5032
f  2756//5033 2755//5033 2757//5033
f  2756//5034 2757//5034 2758//5034
f  2758//5035 2757//5035 2725//5035
f  2725//5036 2757//5036 2759//5036
f  2725//5037 2759//5037 2726//5037
f  2760//5038 2761//5038 2762//5038
f  2759//5039 2763//5039 2726//5039
f  2726//5040 2763//5040 2764//5040
f  2726//5041 2764//5041 2727//5041
f  2727//5042 2764//5042 2765//5042
f  2727//5043 2765//5043 2762//5043
f  2762//5044 2765//5044 2766//5044
f  2762//5045 2766//5045 2760//5045
f  2661//5046 2767//5046 2763//5046
f  2763//5047 2767//5047 2768//5047
f  2763//5048 2768//5048 2764//5048
f  2754//5049 2728//5049 2755//5049
f  2755//5050 2728//5050 2730//5050
f  2755//5051 2730//5051 2757//5051
f  2757//5052 2730//5052 2769//5052
f  2769//5053 2770//5053 2757//5053
f  2757//5054 2770//5054 2771//5054
f  2757//5055 2771//5055 2759//5055
f  2759//5056 2771//5056 2772//5056
f  2759//5057 2772//5057 2763//5057
f  2763//5058 2772//5058 2773//5058
f  2763//5059 2773//5059 2661//5059
f  2738//5060 2774//5060 2732//5060
f  2732//5061 2774//5061 2775//5061
f  2732//5062 2775//5062 2740//5062
f  2740//5063 2775//5063 2776//5063
f  2740//5064 2776//5064 2742//5064
f  2742//5065 2776//5065 2777//5065
f  2742//5066 2777//5066 2744//5066
f  2744//5067 2777//5067 2778//5067
f  2744//5068 2778//5068 2745//5068
f  2745//5069 2778//5069 2779//5069
f  2745//5070 2779//5070 2749//5070
f  2425//5071 2780//5071 2420//5071
f  2420//5072 2780//5072 2781//5072
f  2420//5073 2781//5073 2421//5073
f  2782//5074 2778//5074 2783//5074
f  2783//5075 2778//5075 2777//5075
f  2783//5076 2777//5076 2784//5076
f  2784//5077 2777//5077 2776//5077
f  2784//5078 2776//5078 2785//5078
f  2785//5079 2776//5079 2775//5079
f  2785//5080 2775//5080 2786//5080
f  2786//5081 2775//5081 2774//5081
f  2786//5082 2774//5082 2787//5082
f  2787//5083 2774//5083 2738//5083
f  2787//5084 2738//5084 2788//5084
f  2788//5085 2738//5085 2735//5085
f  2788//5086 2735//5086 2789//5086
f  2789//5087 2735//5087 2680//5087
f  2751//5088 2750//5088 2790//5088
f  2790//5089 2750//5089 2749//5089
f  2790//5090 2749//5090 2782//5090
f  2782//5091 2749//5091 2779//5091
f  2782//5092 2779//5092 2778//5092
f  2751//5093 2790//5093 2752//5093
f  2752//5094 2790//5094 2791//5094
f  2752//5095 2791//5095 2753//5095
f  2753//5096 2791//5096 2729//5096
f  2729//5097 2791//5097 2792//5097
f  2729//5098 2792//5098 2730//5098
f  2730//5099 2792//5099 2769//5099
f  2769//5100 2792//5100 2793//5100
f  2769//5101 2793//5101 2770//5101
f  2770//5102 2793//5102 2771//5102
f  2771//5103 2793//5103 2794//5103
f  2771//5104 2794//5104 2772//5104
f  2446//5105 2447//5105 2795//5105
f  2795//5106 2447//5106 2449//5106
f  2659//5107 2796//5107 2657//5107
f  2657//5108 2796//5108 2795//5108
f  2657//5109 2795//5109 2653//5109
f  2653//5110 2795//5110 2449//5110
f  2653//5111 2449//5111 2485//5111
f  2797//5112 2444//5112 2798//5112
f  2798//5113 2444//5113 2446//5113
f  2442//5114 2490//5114 2799//5114
f  2799//5115 2490//5115 2489//5115
f  2799//5116 2489//5116 2800//5116
f  2800//5117 2489//5117 2406//5117
f  2800//5118 2406//5118 2797//5118
f  2797//5119 2406//5119 2405//5119
f  2797//5120 2405//5120 2444//5120
f  2799//5121 2801//5121 2442//5121
f  2442//5122 2801//5122 2802//5122
f  2442//5123 2802//5123 2443//5123
f  2443//5124 2802//5124 2803//5124
f  2443//5125 2803//5125 2438//5125
f  2438//5126 2803//5126 2804//5126
f  2438//5127 2804//5127 2437//5127
f  2437//5128 2804//5128 2434//5128
f  2434//5129 2804//5129 2805//5129
f  2434//5130 2805//5130 2435//5130
f  2435//5131 2805//5131 2436//5131
f  2436//5132 2805//5132 2806//5132
f  2436//5133 2806//5133 2432//5133
f  2425//5134 2427//5134 2780//5134
f  2780//5135 2427//5135 2429//5135
f  2780//5136 2429//5136 2806//5136
f  2806//5137 2429//5137 2433//5137
f  2806//5138 2433//5138 2432//5138
f  2661//5139 2773//5139 2659//5139
f  2659//5140 2773//5140 2807//5140
f  2659//5141 2807//5141 2796//5141
f  2796//5142 2807//5142 2808//5142
f  2796//5143 2808//5143 2795//5143
f  2446//5144 2795//5144 2798//5144
f  2798//5145 2795//5145 2808//5145
f  2798//5146 2808//5146 2797//5146
f  2797//5147 2808//5147 2809//5147
f  2797//5148 2809//5148 2800//5148
f  2800//5149 2809//5149 2810//5149
f  2800//5150 2810//5150 2799//5150
f  2799//5151 2810//5151 2811//5151
f  2799//5152 2811//5152 2801//5152
f  2801//5153 2811//5153 2812//5153
f  2801//5154 2812//5154 2802//5154
f  2802//5155 2812//5155 2813//5155
f  2802//5156 2813//5156 2803//5156
f  2803//5157 2813//5157 2814//5157
f  2803//5158 2814//5158 2804//5158
f  2804//5159 2814//5159 2815//5159
f  2804//5160 2815//5160 2805//5160
f  2805//5161 2815//5161 2816//5161
f  2805//5162 2816//5162 2806//5162
f  2773//5163 2772//5163 2807//5163
f  2807//5164 2772//5164 2794//5164
f  2807//5165 2794//5165 2808//5165
f  2808//5166 2794//5166 2793//5166
f  2808//5167 2793//5167 2809//5167
f  2809//5168 2793//5168 2792//5168
f  2809//5169 2792//5169 2810//5169
f  2810//5170 2792//5170 2791//5170
f  2810//5171 2791//5171 2811//5171
f  2811//5172 2791//5172 2790//5172
f  2811//5173 2790//5173 2812//5173
f  2812//5174 2790//5174 2782//5174
f  2812//5175 2782//5175 2813//5175
f  2813//5176 2782//5176 2783//5176
f  2813//5177 2783//5177 2814//5177
f  2814//5178 2783//5178 2784//5178
f  2814//5179 2784//5179 2815//5179
f  2815//5180 2784//5180 2785//5180
f  2815//5181 2785//5181 2816//5181
f  2816//5182 2785//5182 2786//5182
f  2816//5183 2786//5183 2806//5183
f  2806//5184 2786//5184 2787//5184
f  2806//5185 2787//5185 2780//5185
f  2780//5186 2787//5186 2788//5186
f  2780//5187 2788//5187 2781//5187
f  2781//5188 2788//5188 2789//5188
f  2601//5189 2559//5189 2817//5189
f  2714//5190 2818//5190 2680//5190
f  2680//5191 2818//5191 2789//5191
f  2421//5192 2781//5192 2565//5192
f  2565//5193 2781//5193 2819//5193
f  2565//5194 2819//5194 2566//5194
f  2566//5195 2819//5195 2564//5195
f  2558//5196 2561//5196 2820//5196
f  2820//5197 2561//5197 2562//5197
f  2820//5198 2562//5198 2819//5198
f  2819//5199 2562//5199 2563//5199
f  2819//5200 2563//5200 2564//5200
f  2601//5201 2817//5201 2605//5201
f  2817//5202 2821//5202 2605//5202
f  2605//5203 2821//5203 2822//5203
f  2605//5204 2822//5204 2556//5204
f  2556//5205 2822//5205 2823//5205
f  2556//5206 2823//5206 2555//5206
f  2555//5207 2823//5207 2824//5207
f  2555//5208 2824//5208 2548//5208
f  2548//5209 2824//5209 2825//5209
f  2548//5210 2825//5210 2826//5210
f  2827//5211 2551//5211 2826//5211
f  2826//5212 2551//5212 2549//5212
f  2826//5213 2549//5213 2548//5213
f  2828//5214 2545//5214 2827//5214
f  2827//5215 2545//5215 2547//5215
f  2827//5216 2547//5216 2551//5216
f  2829//5217 2542//5217 2546//5217
f  2542//5218 2829//5218 2543//5218
f  2543//5219 2829//5219 2830//5219
f  2543//5220 2830//5220 357//5220
f  2831//5221 2832//5221 2833//5221
f  2833//5222 2832//5222 2834//5222
f  2835//5223 2716//5223 2836//5223
f  2836//5224 2716//5224 2715//5224
f  2837//5225 2722//5225 2838//5225
f  2838//5226 2722//5226 2721//5226
f  2838//5227 2721//5227 2839//5227
f  2839//5228 2721//5228 2720//5228
f  2839//5229 2720//5229 2840//5229
f  2840//5230 2720//5230 2719//5230
f  2840//5231 2719//5231 2841//5231
f  2841//5232 2719//5232 2718//5232
f  2841//5233 2718//5233 2842//5233
f  2842//5234 2718//5234 2670//5234
f  2842//5235 2670//5235 2835//5235
f  2835//5236 2670//5236 2695//5236
f  2835//5237 2695//5237 2716//5237
f  2714//5238 2713//5238 2818//5238
f  2818//5239 2713//5239 2711//5239
f  2818//5240 2711//5240 2843//5240
f  2843//5241 2711//5241 2710//5241
f  2843//5242 2710//5242 2844//5242
f  2844//5243 2710//5243 2724//5243
f  2844//5244 2724//5244 2837//5244
f  2837//5245 2724//5245 2723//5245
f  2837//5246 2723//5246 2722//5246
f  2833//5247 2830//5247 2831//5247
f  2831//5248 2830//5248 2829//5248
f  2831//5249 2829//5249 2828//5249
f  2828//5250 2829//5250 2546//5250
f  2828//5251 2546//5251 2545//5251
f  2675//5252 2834//5252 2676//5252
f  2676//5253 2834//5253 2832//5253
f  2676//5254 2832//5254 2845//5254
f  2845//5255 2832//5255 2831//5255
f  2845//5256 2831//5256 2846//5256
f  2846//5257 2831//5257 2828//5257
f  2846//5258 2828//5258 2847//5258
f  2847//5259 2828//5259 2827//5259
f  2847//5260 2827//5260 2848//5260
f  2848//5261 2827//5261 2826//5261
f  2848//5262 2826//5262 2849//5262
f  2849//5263 2826//5263 2825//5263
f  2849//5264 2825//5264 2850//5264
f  2850//5265 2825//5265 2824//5265
f  2850//5266 2824//5266 2851//5266
f  2851//5267 2824//5267 2823//5267
f  2851//5268 2823//5268 2852//5268
f  2852//5269 2823//5269 2822//5269
f  2852//5270 2822//5270 2853//5270
f  2853//5271 2822//5271 2821//5271
f  2853//5272 2821//5272 2854//5272
f  2854//5273 2821//5273 2817//5273
f  2854//5274 2817//5274 2820//5274
f  2820//5275 2817//5275 2559//5275
f  2820//5276 2559//5276 2558//5276
f  2781//5277 2789//5277 2819//5277
f  2819//5278 2789//5278 2818//5278
f  2819//5279 2818//5279 2820//5279
f  2820//5280 2818//5280 2843//5280
f  2820//5281 2843//5281 2854//5281
f  2854//5282 2843//5282 2844//5282
f  2854//5283 2844//5283 2853//5283
f  2853//5284 2844//5284 2837//5284
f  2853//5285 2837//5285 2852//5285
f  2852//5286 2837//5286 2838//5286
f  2852//5287 2838//5287 2851//5287
f  2851//5288 2838//5288 2839//5288
f  2851//5289 2839//5289 2850//5289
f  2850//5290 2839//5290 2840//5290
f  2850//5291 2840//5291 2849//5291
f  2849//5292 2840//5292 2841//5292
f  2849//5293 2841//5293 2848//5293
f  2848//5294 2841//5294 2842//5294
f  2848//5295 2842//5295 2847//5295
f  2847//5296 2842//5296 2835//5296
f  2847//5297 2835//5297 2846//5297
f  2846//5298 2835//5298 2836//5298
f  2846//5299 2836//5299 2845//5299
f  2845//5300 2836//5300 2715//5300
f  2845//5301 2715//5301 2676//5301
f  430//5302 2855//5302 432//5302
f  432//5303 2855//5303 2856//5303
f  432//5304 2856//5304 433//5304
f  433//5305 2856//5305 435//5305
f  2834//5306 2675//5306 2857//5306
f  358//5307 357//5307 2858//5307
f  2858//5308 357//5308 2830//5308
f  2858//5309 2830//5309 2859//5309
f  2859//5310 2830//5310 2833//5310
f  2859//5311 2833//5311 2855//5311
f  2855//5312 2833//5312 2834//5312
f  2855//5313 2834//5313 2856//5313
f  2856//5314 2834//5314 2857//5314
f  2856//5315 2857//5315 435//5315
f  435//5316 2857//5316 437//5316
f  430//5317 429//5317 2855//5317
f  2855//5318 429//5318 427//5318
f  2855//5319 427//5319 2859//5319
f  2859//5320 427//5320 354//5320
f  2859//5321 354//5321 2858//5321
f  2858//5322 354//5322 353//5322
f  2858//5323 353//5323 358//5323
f  1372//5324 2662//5324 2634//5324
f  1393//5325 2665//5325 1391//5325
f  1391//5326 2665//5326 2664//5326
f  1391//5327 2664//5327 1372//5327
f  1372//5328 2664//5328 2663//5328
f  1372//5329 2663//5329 2662//5329
f  1407//5330 2860//5330 1401//5330
f  1401//5331 2860//5331 2861//5331
f  1401//5332 2861//5332 1398//5332
f  1398//5333 2861//5333 2862//5333
f  1398//5334 2862//5334 1396//5334
f  1396//5335 2862//5335 2863//5335
f  1396//5336 2863//5336 1394//5336
f  1394//5337 2863//5337 2667//5337
f  1394//5338 2667//5338 1393//5338
f  1393//5339 2667//5339 2666//5339
f  1393//5340 2666//5340 2665//5340
f  1408//5341 2864//5341 1404//5341
f  1404//5342 2864//5342 2865//5342
f  1404//5343 2865//5343 1405//5343
f  1405//5344 2865//5344 2866//5344
f  1405//5345 2866//5345 1406//5345
f  1406//5346 2866//5346 2867//5346
f  1406//5347 2867//5347 1407//5347
f  1407//5348 2867//5348 2868//5348
f  1407//5349 2868//5349 2860//5349
f  1408//5350 1410//5350 2864//5350
f  2864//5351 1410//5351 1412//5351
f  2864//5352 1412//5352 2869//5352
f  2869//5353 1412//5353 2870//5353
f  1412//5354 1416//5354 2870//5354
f  2870//5355 1416//5355 1415//5355
f  2870//5356 1415//5356 2871//5356
f  1415//5357 1414//5357 2871//5357
f  2871//5358 1414//5358 1370//5358
f  2871//5359 1370//5359 2872//5359
f  1370//5360 1369//5360 2872//5360
f  2872//5361 1369//5361 1430//5361
f  2872//5362 1430//5362 2873//5362
f  1430//5363 1417//5363 2873//5363
f  2873//5364 1417//5364 1419//5364
f  2873//5365 1419//5365 2874//5365
f  2874//5366 1419//5366 1421//5366
f  2874//5367 1421//5367 2875//5367
f  2875//5368 1421//5368 2876//5368
f  1421//5369 1423//5369 2876//5369
f  2876//5370 1423//5370 1429//5370
f  2876//5371 1429//5371 2877//5371
f  1429//5372 1428//5372 2877//5372
f  2877//5373 1428//5373 1427//5373
f  2877//5374 1427//5374 2878//5374
f  2878//5375 1427//5375 1426//5375
f  2878//5376 1426//5376 475//5376
f  475//5377 1426//5377 476//5377
f  2366//5378 2368//5378 2638//5378
f  2638//5379 2368//5379 2369//5379
f  2638//5380 2369//5380 2637//5380
f  2637//5381 2369//5381 2371//5381
f  2637//5382 2371//5382 2636//5382
f  2636//5383 2371//5383 2372//5383
f  2636//5384 2372//5384 2635//5384
f  2635//5385 2372//5385 2374//5385
f  2635//5386 2374//5386 2633//5386
f  2633//5387 2374//5387 2375//5387
f  2633//5388 2375//5388 2634//5388
f  2634//5389 2375//5389 1440//5389
f  2634//5390 1440//5390 1372//5390
f  2638//5391 2641//5391 2366//5391
f  2366//5392 2641//5392 2640//5392
f  2366//5393 2640//5393 2363//5393
f  2363//5394 2640//5394 2644//5394
f  2363//5395 2644//5395 2352//5395
f  2352//5396 2644//5396 2643//5396
f  2352//5397 2643//5397 2353//5397
f  2353//5398 2643//5398 2642//5398
f  2353//5399 2642//5399 2400//5399
f  2642//5400 2647//5400 2400//5400
f  2400//5401 2647//5401 2646//5401
f  2400//5402 2646//5402 2401//5402
f  2394//5403 2395//5403 2645//5403
f  2645//5404 2395//5404 2397//5404
f  2645//5405 2397//5405 2646//5405
f  2646//5406 2397//5406 2398//5406
f  2646//5407 2398//5407 2401//5407
f  2879//5408 2390//5408 2392//5408
f  2645//5409 2648//5409 2394//5409
f  2394//5410 2648//5410 2652//5410
f  2394//5411 2652//5411 2392//5411
f  2392//5412 2652//5412 2617//5412
f  2392//5413 2617//5413 2879//5413
f  2879//5414 2617//5414 2616//5414
f  2880//5415 2881//5415 2882//5415
f  2883//5416 2884//5416 2885//5416
f  2886//5417 2887//5417 2888//5417
f  2883//5418 2889//5418 2890//5418
f  2891//5419 2892//5419 2885//5419
f  2885//5420 2892//5420 2893//5420
f  2885//5421 2893//5421 2883//5421
f  2894//5422 2895//5422 2896//5422
f  2896//5423 2895//5423 2897//5423
f  2898//5424 2899//5424 2900//5424
f  2899//5425 2898//5425 2901//5425
f  2901//5426 2898//5426 2902//5426
f  2901//5427 2902//5427 2903//5427
f  2903//5428 2902//5428 2904//5428
f  2903//5429 2904//5429 2860//5429
f  2860//5430 2904//5430 2861//5430
f  2861//5431 2904//5431 2905//5431
f  2861//5432 2905//5432 2862//5432
f  2862//5433 2905//5433 2906//5433
f  2862//5434 2906//5434 2863//5434
f  2863//5435 2906//5435 2660//5435
f  2863//5436 2660//5436 2667//5436
f  2767//5437 2907//5437 2768//5437
f  2768//5438 2907//5438 2908//5438
f  2768//5439 2908//5439 2764//5439
f  2764//5440 2908//5440 2909//5440
f  2764//5441 2909//5441 2765//5441
f  2765//5442 2909//5442 2766//5442
f  2766//5443 2909//5443 2910//5443
f  2766//5444 2910//5444 2760//5444
f  2882//5445 2881//5445 2910//5445
f  2910//5446 2881//5446 2761//5446
f  2910//5447 2761//5447 2760//5447
f  2887//5448 2911//5448 2888//5448
f  2888//5449 2911//5449 2912//5449
f  2888//5450 2912//5450 2913//5450
f  2913//5451 2912//5451 2914//5451
f  2913//5452 2914//5452 2915//5452
f  2915//5453 2914//5453 2916//5453
f  2915//5454 2916//5454 2917//5454
f  2917//5455 2916//5455 2918//5455
f  2897//5456 2891//5456 2896//5456
f  2896//5457 2891//5457 2885//5457
f  2896//5458 2885//5458 2919//5458
f  2919//5459 2885//5459 2884//5459
f  2919//5460 2884//5460 2920//5460
f  2920//5461 2884//5461 2921//5461
f  2883//5462 2890//5462 2884//5462
f  2884//5463 2890//5463 2922//5463
f  2884//5464 2922//5464 2921//5464
f  2923//5465 2917//5465 2882//5465
f  2882//5466 2917//5466 2918//5466
f  2882//5467 2918//5467 2880//5467
f  2900//5468 2923//5468 2898//5468
f  2898//5469 2923//5469 2882//5469
f  2898//5470 2882//5470 2902//5470
f  2902//5471 2882//5471 2910//5471
f  2902//5472 2910//5472 2904//5472
f  2904//5473 2910//5473 2909//5473
f  2904//5474 2909//5474 2905//5474
f  2905//5475 2909//5475 2908//5475
f  2905//5476 2908//5476 2906//5476
f  2906//5477 2908//5477 2907//5477
f  2906//5478 2907//5478 2660//5478
f  2660//5479 2907//5479 2767//5479
f  2660//4927 2767//4927 2661//4927
f  2890//5480 2924//5480 2922//5480
f  2922//5481 2924//5481 2886//5481
f  2922//5482 2886//5482 2921//5482
f  2921//5483 2886//5483 2888//5483
f  2921//5484 2888//5484 2920//5484
f  2920//5485 2888//5485 2913//5485
f  2920//5486 2913//5486 2919//5486
f  2919//5487 2913//5487 2915//5487
f  2919//5488 2915//5488 2896//5488
f  2896//5489 2915//5489 2917//5489
f  2896//5490 2917//5490 2894//5490
f  2894//5491 2917//5491 2923//5491
f  2894//5492 2923//5492 2895//5492
f  2895//5493 2923//5493 2900//5493
f  2925//5494 2926//5494 2927//5494
f  2928//5495 2929//5495 2930//5495
f  816//1077 815//1077 2931//1077
f  2931//5496 815//5496 2932//5496
f  2931//5497 2932//5497 2933//5497
f  2933//5498 2932//5498 2934//5498
f  2933//5499 2934//5499 2935//5499
f  2935//5500 2934//5500 2936//5500
f  2937//5501 2938//5501 2936//5501
f  2936//5502 2938//5502 2939//5502
f  2936//5503 2939//5503 2935//5503
f  2930//5504 2940//5504 2928//5504
f  2928//5505 2940//5505 2941//5505
f  2928//5506 2941//5506 2942//5506
f  2942//5507 2941//5507 2943//5507
f  2942//5508 2943//5508 2937//5508
f  2937//5509 2943//5509 2944//5509
f  2937//5510 2944//5510 2938//5510
f  2945//5511 2946//5511 2947//5511
f  2947//5512 2946//5512 2948//5512
f  2947//5513 2948//5513 2929//5513
f  2929//5514 2948//5514 2949//5514
f  2929//5515 2949//5515 2930//5515
f  2946//5516 2950//5516 2951//5516
f  2950//5517 2952//5517 2951//5517
f  2951//5518 2952//5518 2953//5518
f  2951//5519 2953//5519 2954//5519
f  2954//5520 2953//5520 2955//5520
f  2954//5521 2955//5521 2926//5521
f  2926//5522 2955//5522 2956//5522
f  2926//5523 2956//5523 2927//5523
f  2927//5524 2957//5524 2925//5524
f  2925//5525 2957//5525 2958//5525
f  2925//5526 2958//5526 2959//5526
f  2959//5527 2958//5527 2960//5527
f  2959//5528 2960//5528 2961//5528
f  2961//5529 2960//5529 2962//5529
f  2961//5530 2962//5530 2963//5530
f  2963//5531 2962//5531 2964//5531
f  2963//5532 2964//5532 2965//5532
f  2965//5533 2964//5533 2966//5533
f  2965//5534 2966//5534 2967//5534
f  2967//5535 2966//5535 2968//5535
f  2967//5536 2968//5536 2969//5536
f  2969//5537 2968//5537 2970//5537
f  2969//5538 2970//5538 2971//5538
f  2971//5539 2970//5539 2972//5539
f  2973//5540 2974//5540 2972//5540
f  2972//5541 2974//5541 2975//5541
f  2972//5542 2975//5542 2971//5542
f  2976//5543 2977//5543 2978//5543
f  2978//5544 2977//5544 2979//5544
f  2978//5545 2980//5545 2976//5545
f  2976//5546 2980//5546 2981//5546
f  2976//5547 2981//5547 2982//5547
f  2982//5548 2981//5548 2983//5548
f  2982//5549 2983//5549 2984//5549
f  2984//5550 2983//5550 2985//5550
f  2984//5551 2985//5551 2973//5551
f  2973//5552 2985//5552 2986//5552
f  2973//5553 2986//5553 2974//5553
f  2678//5554 2734//5554 816//5554
f  816//5555 2734//5555 818//5555
f  2734//5556 2736//5556 818//5556
f  818//5557 2736//5557 2737//5557
f  818//5558 2737//5558 819//5558
f  819//5559 2737//5559 2731//5559
f  2758//5560 798//5560 2756//5560
f  2756//5561 798//5561 799//5561
f  2756//5562 799//5562 2754//5562
f  2754//5563 799//5563 793//5563
f  2754//5564 793//5564 2728//5564
f  2728//5565 793//5565 806//5565
f  2728//5566 806//5566 2748//5566
f  2748//5567 806//5567 805//5567
f  2748//5568 805//5568 2747//5568
f  2747//5569 805//5569 803//5569
f  2747//5570 803//5570 2746//5570
f  2746//5571 803//5571 801//5571
f  2746//5572 801//5572 2743//5572
f  2743//5573 801//5573 809//5573
f  2743//5574 809//5574 2741//5574
f  2741//5575 809//5575 808//5575
f  2741//5576 808//5576 2739//5576
f  2739//5577 808//5577 814//5577
f  2739//5578 814//5578 2733//5578
f  2733//5579 814//5579 813//5579
f  2733//5580 813//5580 2731//5580
f  2731//5581 813//5581 811//5581
f  2731//5582 811//5582 819//5582
f  2761//5583 783//5583 2762//5583
f  2762//5584 783//5584 785//5584
f  2762//5585 785//5585 2727//5585
f  2727//5586 785//5586 788//5586
f  2727//5587 788//5587 2725//5587
f  2725//5588 788//5588 790//5588
f  2725//5589 790//5589 2758//5589
f  2758//5590 790//5590 796//5590
f  2758//5591 796//5591 798//5591
f  776//5592 778//5592 2881//5592
f  2881//5593 778//5593 779//5593
f  2881//5594 779//5594 2761//5594
f  2761//5595 779//5595 781//5595
f  2761//5596 781//5596 783//5596
f  776//5597 2881//5597 774//5597
f  774//5598 2881//5598 2880//5598
f  774//5599 2880//5599 765//5599
f  765//5600 2880//5600 2918//5600
f  765//5601 2918//5601 766//5601
f  766//5602 2918//5602 2916//5602
f  766//5603 2916//5603 768//5603
f  768//5604 2916//5604 2914//5604
f  768//5605 2914//5605 770//5605
f  770//5606 2914//5606 2912//5606
f  770//5607 2912//5607 771//5607
f  2911//5608 761//5608 2912//5608
f  2912//5609 761//5609 763//5609
f  2912//5610 763//5610 771//5610
f  2685//5611 2926//5611 2925//5611
f  2671//5612 2673//5612 2946//5612
f  2933//5613 2679//5613 2931//5613
f  2931//5614 2679//5614 2678//5614
f  2931//5615 2678//5615 816//5615
f  2935//5616 2705//5616 2933//5616
f  2933//5617 2705//5617 2712//5617
f  2933//5618 2712//5618 2679//5618
f  2669//5619 2949//5619 2673//5619
f  2673//5620 2949//5620 2948//5620
f  2673//5621 2948//5621 2946//5621
f  2669//5622 2668//5622 2949//5622
f  2949//5623 2668//5623 2717//5623
f  2949//5624 2717//5624 2930//5624
f  2930//5625 2717//5625 2699//5625
f  2930//5626 2699//5626 2940//5626
f  2940//5627 2699//5627 2701//5627
f  2940//5628 2701//5628 2941//5628
f  2941//5629 2701//5629 2703//5629
f  2941//5630 2703//5630 2943//5630
f  2943//5631 2703//5631 2704//5631
f  2943//5632 2704//5632 2944//5632
f  2944//5633 2704//5633 2698//5633
f  2944//5634 2698//5634 2938//5634
f  2938//5635 2698//5635 2709//5635
f  2938//5636 2709//5636 2939//5636
f  2939//5637 2709//5637 2708//5637
f  2939//5638 2708//5638 2935//5638
f  2935//5639 2708//5639 2706//5639
f  2935//5640 2706//5640 2705//5640
f  2671//5641 2946//5641 2694//5641
f  2694//5642 2946//5642 2951//5642
f  2694//5643 2951//5643 2693//5643
f  2693//5644 2951//5644 2685//5644
f  2685//5645 2951//5645 2954//5645
f  2685//5646 2954//5646 2926//5646
f  2959//5647 2687//5647 2925//5647
f  2925//5648 2687//5648 2683//5648
f  2925//5649 2683//5649 2685//5649
f  2959//5650 2961//5650 2687//5650
f  2687//5651 2961//5651 2963//5651
f  2687//5652 2963//5652 2688//5652
f  2688//5653 2963//5653 2965//5653
f  2688//5654 2965//5654 2987//5654
f  2965//5655 2967//5655 2987//5655
f  2987//5656 2967//5656 2969//5656
f  2987//5657 2969//5657 2988//5657
f  2969//5658 2971//5658 2988//5658
f  2988//5659 2971//5659 2975//5659
f  2988//5660 2975//5660 2989//5660
f  2989//5661 2975//5661 2974//5661
f  2974//5662 2986//5662 2989//5662
f  2989//5663 2986//5663 2985//5663
f  2989//5664 2985//5664 2990//5664
f  2990//5665 2985//5665 2983//5665
f  2983//5666 2981//5666 2990//5666
f  2990//5667 2981//5667 2980//5667
f  2990//5668 2980//5668 2991//5668
f  2991//5669 2980//5669 2978//5669
f  2991//5670 2978//5670 2979//5670
f  2992//5671 2993//5671 2994//5671
f  2994//5672 2993//5672 2995//5672
f  2994//5673 2995//5673 2996//5673
f  2996//5674 2995//5674 2997//5674
f  2996//5675 2997//5675 2998//5675
f  2999//5676 2989//5676 2990//5676
f  3000//5677 3001//5677 2988//5677
f  2988//5678 3001//5678 2987//5678
f  2987//5679 3001//5679 2688//5679
f  2688//5680 3001//5680 3002//5680
f  2688//5681 3002//5681 2686//5681
f  2686//5682 3002//5682 3003//5682
f  2686//5683 3003//5683 2681//5683
f  2681//5684 3003//5684 3004//5684
f  2681//5685 3004//5685 2682//5685
f  2682//5686 3004//5686 2690//5686
f  2690//5687 3004//5687 3005//5687
f  2690//5688 3005//5688 2674//5688
f  2674//5689 3005//5689 2857//5689
f  2674//5690 2857//5690 2675//5690
f  439//5691 3006//5691 443//5691
f  443//5692 3006//5692 3007//5692
f  443//5693 3007//5693 442//5693
f  442//5694 3007//5694 3008//5694
f  442//5695 3008//5695 414//5695
f  414//5696 3008//5696 3009//5696
f  414//5697 3009//5697 3010//5697
f  3010//5698 3009//5698 3011//5698
f  3010//5699 3011//5699 3012//5699
f  3013//5700 3014//5700 3012//5700
f  3014//5701 3013//5701 3015//5701
f  3015//5702 3013//5702 3016//5702
f  3015//5703 3016//5703 3017//5703
f  3017//5704 3016//5704 3018//5704
f  3018//5705 3016//5705 3019//5705
f  3018//5706 3019//5706 3020//5706
f  3021//5707 2999//5707 3022//5707
f  3022//5708 2999//5708 2990//5708
f  3022//5709 2990//5709 2991//5709
f  2988//5710 2989//5710 3000//5710
f  3000//5711 2989//5711 2999//5711
f  3000//5712 2999//5712 3023//5712
f  3023//5713 2999//5713 3021//5713
f  3023//5714 3021//5714 3024//5714
f  3024//5715 3021//5715 3025//5715
f  2998//5716 3025//5716 2996//5716
f  2996//5717 3025//5717 3021//5717
f  2996//5718 3021//5718 2994//5718
f  2994//5719 3021//5719 3022//5719
f  2994//5720 3022//5720 2992//5720
f  2992//5721 3022//5721 2991//5721
f  2992//5722 2991//5722 2993//5722
f  3001//5723 3011//5723 3002//5723
f  3002//5724 3011//5724 3009//5724
f  3002//5725 3009//5725 3003//5725
f  3003//5726 3009//5726 3008//5726
f  3003//5727 3008//5727 3004//5727
f  3004//5728 3008//5728 3007//5728
f  3004//5729 3007//5729 3005//5729
f  3005//5730 3007//5730 3006//5730
f  3005//5731 3006//5731 2857//5731
f  2857//5732 3006//5732 439//5732
f  2857//5733 439//5733 437//5733
f  3012//5734 3011//5734 3013//5734
f  3013//5735 3011//5735 3001//5735
f  3013//5736 3001//5736 3016//5736
f  3016//5737 3001//5737 3000//5737
f  3016//5738 3000//5738 3019//5738
f  3019//5739 3000//5739 3023//5739
f  3019//5740 3023//5740 3020//5740
f  3020//5741 3023//5741 3024//5741
f  3020//5742 3024//5742 3026//5742
f  3026//5743 3024//5743 3025//5743
f  3026//5744 3025//5744 3027//5744
f  3027//5745 3025//5745 2998//5745
f  3027//5746 2998//5746 3028//5746
f  3029//5747 3030//5747 3031//5747
f  461//5748 459//5748 3032//5748
f  3033//5749 475//5749 473//5749
f  3034//5750 3035//5750 3036//5750
f  3036//5751 3035//5751 3037//5751
f  3034//5752 3038//5752 3035//5752
f  3035//5753 3038//5753 3039//5753
f  3035//5754 3039//5754 3040//5754
f  3040//5755 3039//5755 3041//5755
f  3040//5756 3041//5756 3042//5756
f  3042//5757 3041//5757 3043//5757
f  3042//5758 3043//5758 3044//5758
f  3044//5759 3043//5759 3045//5759
f  3044//5760 3045//5760 3046//5760
f  3046//5761 3045//5761 3047//5761
f  3046//5762 3047//5762 3048//5762
f  3048//5763 3047//5763 3049//5763
f  3048//5764 3049//5764 3050//5764
f  3050//5765 3049//5765 3051//5765
f  3050//5766 3051//5766 3052//5766
f  3052//5767 3051//5767 3027//5767
f  3052//5768 3027//5768 3028//5768
f  3053//5769 3020//5769 3054//5769
f  3054//5770 3020//5770 3026//5770
f  3055//5771 3017//5771 3053//5771
f  3053//5772 3017//5772 3018//5772
f  3053//5773 3018//5773 3020//5773
f  3012//5774 3014//5774 3055//5774
f  3055//5775 3014//5775 3015//5775
f  3055//5776 3015//5776 3017//5776
f  3055//5777 3056//5777 3012//5777
f  3012//5778 3056//5778 3057//5778
f  3012//5779 3057//5779 3010//5779
f  3010//5780 3057//5780 412//5780
f  412//5781 444//5781 3010//5781
f  3010//5782 444//5782 415//5782
f  3010//5783 415//5783 414//5783
f  3032//5784 459//5784 3058//5784
f  459//5785 457//5785 3058//5785
f  3058//5786 457//5786 455//5786
f  3058//5787 455//5787 3059//5787
f  3059//5788 455//5788 453//5788
f  3059//5789 453//5789 449//5789
f  3060//5790 464//5790 3032//5790
f  3032//5791 464//5791 462//5791
f  3032//5792 462//5792 461//5792
f  473//5793 472//5793 3033//5793
f  3033//5794 472//5794 469//5794
f  3033//5795 469//5795 3061//5795
f  3061//5796 469//5796 467//5796
f  3061//5797 467//5797 3060//5797
f  3060//5798 467//5798 465//5798
f  3060//5799 465//5799 464//5799
f  3062//5800 3063//5800 3064//5800
f  3064//5801 3065//5801 3062//5801
f  3062//5802 3065//5802 3066//5802
f  3062//5803 3066//5803 3067//5803
f  3067//5804 3066//5804 3068//5804
f  3067//5805 3068//5805 3069//5805
f  3069//5806 3068//5806 3070//5806
f  3071//5807 3031//5807 3072//5807
f  3072//5808 3031//5808 3030//5808
f  3072//5809 3030//5809 3073//5809
f  3073//5810 3030//5810 3074//5810
f  3075//5811 3070//5811 3076//5811
f  3076//5812 3070//5812 3068//5812
f  3076//5813 3068//5813 3077//5813
f  3077//5814 3068//5814 3066//5814
f  3077//5815 3066//5815 3078//5815
f  3078//5816 3066//5816 3065//5816
f  3079//5817 3074//5817 3080//5817
f  3080//5818 3074//5818 3030//5818
f  3080//5819 3030//5819 3081//5819
f  3081//5820 3030//5820 3029//5820
f  3081//5821 3029//5821 3082//5821
f  3083//5822 3079//5822 3084//5822
f  3084//5823 3079//5823 3080//5823
f  3084//5824 3080//5824 3085//5824
f  3085//5825 3080//5825 3081//5825
f  3085//5826 3081//5826 3086//5826
f  3086//5827 3081//5827 3082//5827
f  3086//5828 3082//5828 3087//5828
f  3058//5829 3075//5829 3032//5829
f  3032//5830 3075//5830 3076//5830
f  3032//5831 3076//5831 3060//5831
f  3060//5832 3076//5832 3077//5832
f  3060//5833 3077//5833 3061//5833
f  3061//5834 3077//5834 3078//5834
f  3061//5835 3078//5835 3033//5835
f  3033//5836 3078//5836 3065//5836
f  3033//5837 3065//5837 475//5837
f  475//5838 3065//5838 3064//5838
f  475//5839 3064//5839 3088//5839
f  3088//5840 3064//5840 3063//5840
f  3088//5841 3063//5841 3089//5841
f  3090//5842 3089//5842 3091//5842
f  3091//5843 3089//5843 3063//5843
f  3091//5844 3063//5844 3092//5844
f  3092//5845 3063//5845 3062//5845
f  3092//5846 3062//5846 3093//5846
f  3093//5847 3062//5847 3067//5847
f  3093//5848 3067//5848 3071//5848
f  3071//5849 3067//5849 3069//5849
f  3071//5850 3069//5850 3031//5850
f  3031//5851 3069//5851 3070//5851
f  3031//5852 3070//5852 3029//5852
f  3029//5853 3070//5853 3075//5853
f  3029//5854 3075//5854 3082//5854
f  3082//5855 3075//5855 3058//5855
f  3082//5856 3058//5856 3087//5856
f  3087//5857 3058//5857 3059//5857
f  449//5858 412//5858 3059//5858
f  3059//5859 412//5859 3057//5859
f  3059//5860 3057//5860 3087//5860
f  3087//5861 3057//5861 3056//5861
f  3087//5862 3056//5862 3086//5862
f  3086//5863 3056//5863 3055//5863
f  3086//5864 3055//5864 3085//5864
f  3085//5865 3055//5865 3053//5865
f  3085//5866 3053//5866 3084//5866
f  3084//5867 3053//5867 3054//5867
f  3084//5868 3054//5868 3083//5868
f  3083//5869 3054//5869 3026//5869
f  3026//5870 3027//5870 3083//5870
f  3083//5871 3027//5871 3051//5871
f  3083//5872 3051//5872 3079//5872
f  3079//5873 3051//5873 3049//5873
f  3079//5874 3049//5874 3074//5874
f  3074//5875 3049//5875 3047//5875
f  3074//5876 3047//5876 3073//5876
f  3073//5877 3047//5877 3045//5877
f  3073//5878 3045//5878 3072//5878
f  3072//5879 3045//5879 3043//5879
f  3072//5880 3043//5880 3071//5880
f  3071//5881 3043//5881 3041//5881
f  3071//5882 3041//5882 3093//5882
f  3093//5883 3041//5883 3039//5883
f  3093//5884 3039//5884 3092//5884
f  3092//5885 3039//5885 3038//5885
f  3092//5886 3038//5886 3091//5886
f  3091//5887 3038//5887 3034//5887
f  3091//5888 3034//5888 3090//5888
f  3090//5889 3034//5889 3036//5889
f  2864//5890 2869//5890 3094//5890
f  2878//5891 475//5891 3095//5891
f  3096//5892 3089//5892 3090//5892
f  3097//5893 2876//5893 3095//5893
f  3095//5894 2876//5894 2877//5894
f  3095//5895 2877//5895 2878//5895
f  2871//5896 2872//5896 3098//5896
f  3098//5897 2872//5897 2873//5897
f  3098//5898 2873//5898 3099//5898
f  3099//5899 2873//5899 2874//5899
f  3099//5900 2874//5900 3097//5900
f  3097//5901 2874//5901 2875//5901
f  3097//5902 2875//5902 2876//5902
f  2867//5903 2903//5903 2868//5903
f  2868//5904 2903//5904 2860//5904
f  2867//5905 2866//5905 2903//5905
f  2903//5906 2866//5906 2865//5906
f  2903//5907 2865//5907 2901//5907
f  2901//5908 2865//5908 3100//5908
f  2901//5909 3100//5909 2899//5909
f  2899//5910 3100//5910 2900//5910
f  3100//5911 3101//5911 2900//5911
f  2900//5912 3101//5912 3102//5912
f  2900//5913 3102//5913 2895//5913
f  2895//5914 3102//5914 3103//5914
f  2895//5915 3103//5915 2897//5915
f  3104//5916 2893//5916 2892//5916
f  3105//5917 2889//5917 2883//5917
f  3036//5918 3037//5918 3106//5918
f  3106//5919 3037//5919 3107//5919
f  3106//5920 3107//5920 3108//5920
f  3108//5921 3107//5921 3109//5921
f  3108//5922 3109//5922 3110//5922
f  3110//5923 3109//5923 3111//5923
f  3110//5924 3111//5924 3112//5924
f  3112//5925 3111//5925 3113//5925
f  3112//5926 3113//5926 3114//5926
f  3114//5927 3113//5927 3115//5927
f  3114//5928 3115//5928 3116//5928
f  3116//5929 3115//5929 3117//5929
f  3116//5930 3117//5930 3118//5930
f  3118//5931 3117//5931 3119//5931
f  3118//5932 3119//5932 3120//5932
f  3120//5933 3119//5933 3105//5933
f  3120//5934 3105//5934 3121//5934
f  3121//5935 3105//5935 2883//5935
f  3122//5936 3123//5936 3124//5936
f  3124//5937 3123//5937 3125//5937
f  3088//5938 3089//5938 3126//5938
f  3126//5939 3089//5939 3096//5939
f  3126//5940 3096//5940 3127//5940
f  3128//5941 3097//5941 3127//5941
f  3127//5942 3097//5942 3095//5942
f  3127//5943 3095//5943 3126//5943
f  3126//5944 3095//5944 475//5944
f  3126//5945 475//5945 3088//5945
f  3129//5946 3122//5946 3130//5946
f  3130//5947 3122//5947 3124//5947
f  3130//5948 3124//5948 3131//5948
f  3131//5949 3124//5949 3125//5949
f  3131//5950 3125//5950 3132//5950
f  3132//5951 3125//5951 3133//5951
f  3132//5952 3133//5952 3134//5952
f  3134//5953 3133//5953 3135//5953
f  3134//5954 3135//5954 3136//5954
f  3128//5955 3137//5955 3097//5955
f  3097//5956 3137//5956 3138//5956
f  3097//5957 3138//5957 3099//5957
f  3099//5958 3138//5958 3139//5958
f  3099//5959 3139//5959 3098//5959
f  3090//5960 3129//5960 3096//5960
f  3096//5961 3129//5961 3130//5961
f  3096//5962 3130//5962 3127//5962
f  3127//5963 3130//5963 3131//5963
f  3127//5964 3131//5964 3128//5964
f  3128//5965 3131//5965 3132//5965
f  3128//5966 3132//5966 3137//5966
f  3137//5967 3132//5967 3134//5967
f  3137//5968 3134//5968 3138//5968
f  3138//5969 3134//5969 3136//5969
f  3138//5970 3136//5970 3139//5970
f  3140//5971 3104//5971 3141//5971
f  3141//5972 3104//5972 2892//5972
f  3141//5973 2892//5973 3103//5973
f  3103//5974 2892//5974 2891//5974
f  3103//5975 2891//5975 2897//5975
f  3123//5976 3142//5976 3125//5976
f  3125//5977 3142//5977 3143//5977
f  3125//5978 3143//5978 3133//5978
f  3133//5979 3143//5979 3144//5979
f  3133//5980 3144//5980 3135//5980
f  3135//5981 3144//5981 3145//5981
f  3135//5982 3145//5982 3136//5982
f  3136//5983 3145//5983 3146//5983
f  3136//5984 3146//5984 3139//5984
f  3139//5985 3146//5985 3147//5985
f  3139//5986 3147//5986 3098//5986
f  3098//5987 3147//5987 3148//5987
f  3098//5988 3148//5988 2871//5988
f  2871//5989 3148//5989 3149//5989
f  2871//5990 3149//5990 2870//5990
f  2869//5991 2870//5991 3094//5991
f  3094//5992 2870//5992 3149//5992
f  3094//5993 3149//5993 3150//5993
f  3150//5994 3149//5994 3148//5994
f  3150//5995 3148//5995 3151//5995
f  3151//5996 3148//5996 3147//5996
f  3151//5997 3147//5997 3152//5997
f  3152//5998 3147//5998 3146//5998
f  3152//5999 3146//5999 3153//5999
f  3153//6000 3146//6000 3145//6000
f  3153//6001 3145//6001 3154//6001
f  3154//6002 3145//6002 3144//6002
f  2865//6003 2864//6003 3100//6003
f  3100//6004 2864//6004 3094//6004
f  3100//6005 3094//6005 3101//6005
f  3101//6006 3094//6006 3150//6006
f  3101//6007 3150//6007 3102//6007
f  3102//6008 3150//6008 3151//6008
f  3102//6009 3151//6009 3103//6009
f  3103//6010 3151//6010 3152//6010
f  3103//6011 3152//6011 3141//6011
f  3141//6012 3152//6012 3153//6012
f  3141//6013 3153//6013 3140//6013
f  3140//6014 3153//6014 3154//6014
f  2883//6015 2893//6015 3121//6015
f  3121//6016 2893//6016 3104//6016
f  3121//6017 3104//6017 3120//6017
f  3120//6018 3104//6018 3140//6018
f  3120//6019 3140//6019 3118//6019
f  3118//6020 3140//6020 3154//6020
f  3118//6021 3154//6021 3116//6021
f  3116//6022 3154//6022 3144//6022
f  3116//6023 3144//6023 3114//6023
f  3114//6024 3144//6024 3143//6024
f  3114//6025 3143//6025 3112//6025
f  3112//6026 3143//6026 3142//6026
f  3112//6027 3142//6027 3110//6027
f  3110//6028 3142//6028 3123//6028
f  3110//6029 3123//6029 3108//6029
f  3108//6030 3123//6030 3122//6030
f  3108//6031 3122//6031 3106//6031
f  3106//6032 3122//6032 3129//6032
f  3106//6033 3129//6033 3036//6033
f  3036//6034 3129//6034 3090//6034
f  3107//6035 3037//6035 3155//6035
f  3107//6036 3155//6036 3109//6036
f  3115//6037 3113//6037 3155//6037
f  3155//6038 3113//6038 3111//6038
f  3155//6039 3111//6039 3109//6039
f  3156//6040 3157//6040 3155//6040
f  3155//6041 3157//6041 3158//6041
f  3155//6042 3158//6042 3115//6042
f  3115//6043 3158//6043 3159//6043
f  3159//6044 3160//6044 3115//6044
f  3115//6045 3160//6045 3161//6045
f  3115//6046 3161//6046 3117//6046
f  3117//6047 3161//6047 3162//6047
f  3117//6048 3162//6048 3119//6048
f  3119//6049 3162//6049 3163//6049
f  3119//6050 3163//6050 3105//6050
f  3105//6051 3163//6051 3164//6051
f  3105//6052 3164//6052 2889//6052
f  2889//6053 3164//6053 2890//6053
f  2890//6054 3164//6054 3165//6054
f  2890//6055 3165//6055 2924//6055
f  2924//6056 3165//6056 3166//6056
f  2924//6057 3166//6057 2886//6057
f  2886//6058 3166//6058 3167//6058
f  2886//6059 3167//6059 2887//6059
f  2887//6060 3167//6060 3168//6060
f  2887//6061 3168//6061 3169//6061
f  3169//6062 3170//6062 2887//6062
f  2887//6063 3170//6063 762//6063
f  2887//6064 762//6064 2911//6064
f  2911//6065 762//6065 761//6065
f  3171//6066 3156//6066 3155//6066
f  3046//6067 3048//6067 3172//6067
f  3172//6068 3048//6068 3173//6068
f  3172//6069 3174//6069 3046//6069
f  3046//6070 3174//6070 3175//6070
f  3046//6071 3175//6071 3176//6071
f  3171//6072 3155//6072 3177//6072
f  2977//6063 3178//6063 3179//6063
f  3048//6073 3050//6073 3173//6073
f  3173//6074 3050//6074 3052//6074
f  3173//6075 3052//6075 3180//6075
f  3180//6076 3052//6076 3028//6076
f  3180//6077 3028//6077 3181//6077
f  3181//6078 3028//6078 2998//6078
f  3181//6079 2998//6079 3182//6079
f  3182//6080 2998//6080 2997//6080
f  3182//6081 2997//6081 3183//6081
f  3183//6082 2997//6082 2995//6082
f  3183//6083 2995//6083 3179//6083
f  3179//6084 2995//6084 2993//6084
f  3179//6085 2993//6085 2977//6085
f  2977//6086 2993//6086 2991//6086
f  2977//6087 2991//6087 2979//6087
f  3037//6035 3035//6035 3155//6035
f  3155//6088 3035//6088 3040//6088
f  3155//6089 3040//6089 3042//6089
f  3176//6090 3177//6090 3046//6090
f  3046//6091 3177//6091 3155//6091
f  3046//6092 3155//6092 3044//6092
f  3044//6093 3155//6093 3042//6093
f  759//1020 3184//1020 746//1020
f  752//6094 3185//6094 760//6094
f  748//6095 3186//6095 750//6095
f  750//6096 3186//6096 3187//6096
f  3184//6097 759//6097 756//6097
f  757//6098 758//6098 756//6098
f  3184//6097 756//6097 3185//6097
f  3185//6097 756//6097 758//6097
f  3185//6097 758//6097 760//6097
f  756//6098 755//6098 757//6098
f  757//6099 755//6099 754//6099
f  757//6099 754//6099 753//6099
f  3188//6100 3189//6100 3190//6100
f  3190//6101 3189//6101 3191//6101
f  3190//6102 3191//6102 3192//6102
f  3192//6103 3191//6103 3193//6103
f  3192//6104 3193//6104 3194//6104
f  3195//6105 3196//6105 3197//6105
f  3195//6106 3197//6106 3190//6106
f  3190//6107 3197//6107 3198//6107
f  3190//6108 3198//6108 3188//6108
f  3199//6109 3200//6109 3201//6109
f  3201//6110 3200//6110 3202//6110
f  3199//6111 3203//6111 3200//6111
f  3200//6112 3203//6112 3204//6112
f  3200//6113 3204//6113 3195//6113
f  3195//6114 3204//6114 3205//6114
f  3195//6115 3205//6115 3196//6115
f  3204//6116 3206//6116 3205//6116
f  3205//6117 3206//6117 3207//6117
f  3205//6118 3207//6118 3208//6118
f  3208//6119 3207//6119 3209//6119
f  3208//6120 3209//6120 3210//6120
f  3211//6121 3212//6121 3213//6121
f  3210//6122 3209//6122 3214//6122
f  3214//6123 3209//6123 3215//6123
f  3214//6124 3215//6124 3216//6124
f  3216//6125 3215//6125 3217//6125
f  3216//6126 3217//6126 3213//6126
f  3213//6127 3217//6127 3218//6127
f  3213//6128 3218//6128 3211//6128
f  3212//6129 3219//6129 3213//6129
f  3213//6130 3219//6130 3220//6130
f  3213//6131 3220//6131 3221//6131
f  3213//6132 3222//6132 3223//6132
f  3223//6133 3224//6133 3213//6133
f  3213//6134 3224//6134 3225//6134
f  3213//6135 3225//6135 3216//6135
f  3221//6136 3226//6136 3213//6136
f  3213//6137 3226//6137 3227//6137
f  3213//6138 3227//6138 3228//6138
f  3228//6139 3229//6139 3213//6139
f  3213//6140 3229//6140 3230//6140
f  3213//6141 3230//6141 3222//6141
f  3231//6142 3232//6142 3233//6142
f  3233//6143 3232//6143 3234//6143
f  3233//6144 3234//6144 3202//6144
f  3202//6145 3234//6145 3235//6145
f  3202//6146 3235//6146 3201//6146
f  3178//6147 2977//6147 3236//6147
f  3183//6148 3187//6148 3186//6148
f  3182//6149 3183//6149 3168//6149
f  3168//6150 3183//6150 3186//6150
f  3168//6151 3186//6151 3169//6151
f  3169//6152 3186//6152 3192//6152
f  3169//6153 3192//6153 3170//6153
f  3170//6154 3192//6154 3194//6154
f  3170//6155 3194//6155 762//6155
f  3183//6156 3179//6156 3187//6156
f  3187//6157 3179//6157 3178//6157
f  3187//6158 3178//6158 3233//6158
f  3233//6147 3178//6147 3236//6147
f  3233//6159 3236//6159 3231//6159
f  3165//6160 3181//6160 3166//6160
f  3166//6161 3181//6161 3182//6161
f  3166//6162 3182//6162 3167//6162
f  3167//6163 3182//6163 3168//6163
f  3159//6164 3158//6164 3165//6164
f  3164//6165 3163//6165 3165//6165
f  3165//6166 3163//6166 3162//6166
f  3162//6167 3161//6167 3165//6167
f  3165//6168 3161//6168 3160//6168
f  3165//6169 3160//6169 3159//6169
f  3158//6170 3157//6170 3165//6170
f  3165//6171 3157//6171 3156//6171
f  3165//6172 3156//6172 3181//6172
f  3181//6173 3156//6173 3171//6173
f  3171//6174 3177//6174 3181//6174
f  3181//6175 3177//6175 3176//6175
f  3181//6176 3176//6176 3175//6176
f  3173//6177 3180//6177 3172//6177
f  3172//6178 3180//6178 3181//6178
f  3172//6179 3181//6179 3174//6179
f  3174//6180 3181//6180 3175//6180
f  3199//6181 3237//6181 3203//6181
f  3204//6182 3238//6182 3206//6182
f  3239//6183 3240//6183 2950//6183
f  2968//6184 2966//6184 3241//6184
f  2968//6185 3242//6185 2970//6185
f  3243//6186 3244//6186 767//6186
f  773//6187 3245//6187 775//6187
f  777//6188 775//6188 3246//6188
f  3247//6189 791//6189 797//6189
f  723//1022 724//1022 3248//1022
f  3248//1022 724//1022 725//1022
f  3248//1022 725//1022 726//1022
f  707//1022 720//1022 3249//1022
f  3249//1022 720//1022 721//1022
f  3249//1022 721//1022 3248//1022
f  3248//1022 721//1022 722//1022
f  3248//1022 722//1022 723//1022
f  651//6190 544//6190 3248//6190
f  485//6191 484//6191 544//6191
f  544//6192 484//6192 531//6192
f  3248//6193 555//6193 3250//6193
f  3250//6194 555//6194 571//6194
f  3250//6193 571//6193 635//6193
f  544//6195 570//6195 3248//6195
f  3248//6196 570//6196 551//6196
f  3248//6197 551//6197 555//6197
f  555//6198 551//6198 550//6198
f  555//6199 550//6199 556//6199
f  556//6193 550//6193 569//6193
f  726//6193 741//6193 3248//6193
f  3248//6193 741//6193 680//6193
f  3248//6193 680//6193 651//6193
f  506//6194 482//6194 544//6194
f  544//6200 482//6200 481//6200
f  544//6201 481//6201 485//6201
f  534//6193 530//6193 533//6193
f  533//6202 530//6202 544//6202
f  533//6203 544//6203 532//6203
f  532//6204 544//6204 531//6204
f  559//6193 550//6193 562//6193
f  657//6205 656//6205 651//6205
f  651//6206 656//6206 545//6206
f  651//6207 545//6207 544//6207
f  544//6208 545//6208 507//6208
f  544//6194 507//6194 506//6194
f  651//6209 650//6209 657//6209
f  657//6193 650//6193 667//6193
f  657//6193 667//6193 665//6193
f  559//6193 568//6193 550//6193
f  550//6190 568//6190 567//6190
f  550//6193 567//6193 569//6193
f  662//6195 663//6195 669//6195
f  669//6204 663//6204 657//6204
f  669//6193 657//6193 670//6193
f  670//6210 657//6210 665//6210
f  565//6190 560//6190 566//6190
f  566//6193 560//6193 559//6193
f  566//6193 559//6193 563//6193
f  563//6197 559//6197 562//6197
f  668//6197 659//6197 669//6197
f  669//6193 659//6193 661//6193
f  669//6211 661//6211 662//6211
f  601//1020 581//1020 3251//1020
f  575//1020 3250//1020 573//1020
f  573//1020 3250//1020 635//1020
f  575//1020 579//1020 3250//1020
f  3250//1020 579//1020 578//1020
f  3250//1020 578//1020 3251//1020
f  3251//1020 578//1020 577//1020
f  3251//1020 577//1020 601//1020
f  711//6212 710//6212 3249//6212
f  1495//6213 1497//6213 711//6213
f  583//6212 3251//6212 582//6212
f  582//6212 3251//6212 581//6212
f  1175//6214 1174//6214 583//6214
f  710//6212 709//6212 3249//6212
f  3249//6212 709//6212 708//6212
f  3249//6212 708//6212 707//6212
f  1175//6215 583//6215 1234//6215
f  583//6212 586//6212 3251//6212
f  3251//6212 586//6212 585//6212
f  3251//6212 585//6212 3249//6212
f  3249//6212 585//6212 719//6212
f  3249//6212 719//6212 711//6212
f  711//6212 719//6212 1522//6212
f  711//6216 1522//6216 1495//6216
f  1503//6217 1504//6217 1493//6217
f  1174//6218 1173//6218 583//6218
f  583//6219 1173//6219 1172//6219
f  583//6216 1172//6216 586//6216
f  1486//6212 1482//6212 711//6212
f  711//6212 1482//6212 1481//6212
f  711//6216 1481//6216 1493//6216
f  1493//6220 1481//6220 1502//6220
f  1493//6212 1502//6212 1503//6212
f  1504//6221 1505//6221 1493//6221
f  1493//6222 1505//6222 1532//6222
f  1493//6223 1532//6223 1494//6223
f  1193//6219 1192//6219 1196//6219
f  1196//6216 1195//6216 1193//6216
f  1193//6224 1195//6224 1199//6224
f  1193//6225 1199//6225 1198//6225
f  1156//6212 1216//6212 1225//6212
f  1558//6226 1557//6226 1559//6226
f  1559//6212 1557//6212 1486//6212
f  1559//6219 1486//6219 1552//6219
f  1552//6212 1486//6212 711//6212
f  1552//6215 711//6215 1498//6215
f  1498//6227 711//6227 1497//6227
f  1198//6212 1166//6212 1193//6212
f  1193//6228 1166//6228 1162//6228
f  1193//6222 1162//6222 583//6222
f  583//6212 1162//6212 1157//6212
f  583//6212 1157//6212 1234//6212
f  1234//6212 1157//6212 1156//6212
f  1234//6219 1156//6219 1235//6219
f  1235//6229 1156//6229 1225//6229
f  3250//6230 3251//6230 3248//6230
f  3248//6230 3251//6230 3249//6230
f  2615//1020 3252//1020 2616//1020
f  2616//1020 3252//1020 3253//1020
f  2616//1020 3253//1020 2879//1020
f  2879//1020 3253//1020 2390//1020
f  226//1020 228//1020 3253//1020
f  3253//1020 228//1020 1072//1020
f  3253//1020 1072//1020 1071//1020
f  1071//1020 2389//1020 3253//1020
f  3253//1020 2389//1020 2391//1020
f  3253//1020 2391//1020 2390//1020
f  3254//1022 395//1022 3255//1022
f  3255//1022 395//1022 394//1022
f  85//1022 86//1022 3255//1022
f  3255//1022 86//1022 176//1022
f  3255//1022 176//1022 180//1022
f  394//1022 477//1022 3255//1022
f  3255//1022 477//1022 348//1022
f  3255//1022 348//1022 347//1022
f  347//1022 349//1022 3255//1022
f  3255//1022 349//1022 84//1022
f  3255//1022 84//1022 85//1022
f  295//6231 226//6231 3253//6231
f  3255//6231 180//6231 181//6231
f  295//6231 3253//6231 214//6231
f  209//6232 66//6232 64//6232
f  3255//6231 181//6231 3253//6231
f  3253//6231 181//6231 209//6231
f  3253//6231 209//6231 214//6231
f  214//6232 209//6232 64//6232
f  214//6231 64//6231 63//6231
f  34//6233 33//6233 28//6233
f  28//6234 27//6234 34//6234
f  34//6231 27//6231 26//6231
f  34//6235 26//6235 209//6235
f  209//6236 26//6236 4//6236
f  209//6231 4//6231 66//6231
f  49//6237 48//6237 62//6237
f  62//6231 48//6231 50//6231
f  62//6231 50//6231 39//6231
f  39//6238 50//6238 214//6238
f  39//6231 214//6231 40//6231
f  40//6231 214//6231 63//6231
f  396//6239 395//6239 3254//6239
f  2615//6239 2651//6239 3252//6239
f  3252//6239 2651//6239 2650//6239
f  2650//6240 2649//6240 3252//6240
f  3252//6241 2649//6241 391//6241
f  3252//6242 391//6242 3254//6242
f  3254//6243 391//6243 390//6243
f  3254//6239 390//6239 396//6239
f  3253//6244 3252//6244 3255//6244
f  3255//6244 3252//6244 3254//6244

# Mesh 'right_little_2-1' with 700 faces
g right_little_2-1
usemtl white metal
f  3256//6245 3257//6245 3258//6245
f  3256//6245 3258//6245 3259//6245
f  3259//6246 3258//6246 3260//6246
f  3259//6246 3260//6246 3261//6246
f  3261//6247 3260//6247 3262//6247
f  3261//6247 3262//6247 3263//6247
f  3263//6248 3262//6248 3264//6248
f  3263//6248 3264//6248 3265//6248
f  3265//6249 3264//6249 3266//6249
f  3265//6249 3266//6249 3267//6249
f  3267//6250 3266//6250 3268//6250
f  3267//6250 3268//6250 3269//6250
f  3269//6251 3268//6251 3270//6251
f  3269//6251 3270//6251 3271//6251
f  3271//6252 3270//6252 3272//6252
f  3271//6252 3272//6252 3273//6252
f  3274//6253 3275//6253 3272//6253
f  3272//6253 3275//6253 3273//6253
f  3276//6254 3277//6254 3278//6254
f  3278//6255 3277//6255 3279//6255
f  3279//6255 3277//6255 3280//6255
f  3279//6256 3280//6256 3281//6256
f  3281//6256 3280//6256 3282//6256
f  3281//6257 3282//6257 3283//6257
f  3283//6257 3282//6257 3284//6257
f  3283//6258 3284//6258 3285//6258
f  3284//6258 3286//6258 3285//6258
f  3285//6259 3286//6259 3287//6259
f  3285//6260 3287//6260 3288//6260
f  3288//6261 3287//6261 3289//6261
f  3288//6262 3289//6262 3290//6262
f  3290//6262 3289//6262 3291//6262
f  3290//6263 3291//6263 3292//6263
f  3292//6263 3291//6263 3293//6263
f  3292//6264 3293//6264 3294//6264
f  3294//6264 3293//6264 3295//6264
f  3294//6265 3295//6265 3296//6265
f  3296//6265 3295//6265 3297//6265
f  3296//6266 3297//6266 3298//6266
f  3298//6266 3297//6266 3299//6266
f  3298//6267 3299//6267 3300//6267
f  3300//6268 3299//6268 3276//6268
f  3300//6269 3276//6269 3301//6269
f  3301//6254 3276//6254 3278//6254
f  3302//6254 3303//6254 3304//6254
f  3304//6255 3303//6255 3305//6255
f  3305//6255 3303//6255 3306//6255
f  3305//6256 3306//6256 3307//6256
f  3307//6256 3306//6256 3308//6256
f  3307//6257 3308//6257 3309//6257
f  3309//6257 3308//6257 3310//6257
f  3309//6258 3310//6258 3311//6258
f  3310//6258 3312//6258 3311//6258
f  3311//6259 3312//6259 3313//6259
f  3311//6260 3313//6260 3314//6260
f  3314//6261 3313//6261 3315//6261
f  3314//6262 3315//6262 3316//6262
f  3316//6262 3315//6262 3317//6262
f  3316//6263 3317//6263 3318//6263
f  3318//6263 3317//6263 3319//6263
f  3318//6264 3319//6264 3320//6264
f  3320//6264 3319//6264 3321//6264
f  3320//6265 3321//6265 3322//6265
f  3322//6265 3321//6265 3323//6265
f  3322//6266 3323//6266 3324//6266
f  3324//6266 3323//6266 3325//6266
f  3324//6267 3325//6267 3326//6267
f  3326//6268 3325//6268 3302//6268
f  3326//6269 3302//6269 3327//6269
f  3327//6254 3302//6254 3304//6254
f  3328//6245 3329//6245 3330//6245
f  3328//6245 3330//6245 3331//6245
f  3331//6246 3330//6246 3332//6246
f  3331//6246 3332//6246 3333//6246
f  3333//6247 3332//6247 3334//6247
f  3333//6247 3334//6247 3335//6247
f  3335//6248 3334//6248 3336//6248
f  3335//6248 3336//6248 3337//6248
f  3337//6249 3336//6249 3338//6249
f  3337//6249 3338//6249 3339//6249
f  3339//6250 3338//6250 3340//6250
f  3339//6250 3340//6250 3341//6250
f  3341//6251 3340//6251 3342//6251
f  3341//6251 3342//6251 3343//6251
f  3343//6252 3342//6252 3344//6252
f  3343//6252 3344//6252 3345//6252
f  3345//6253 3344//6253 3346//6253
f  3346//6253 3344//6253 3347//6253
f  746//1020 3184//1020 3348//1020
f  3348//1020 3349//1020 3350//1020
f  3351//1020 748//1020 746//1020
f  3285//1020 3339//1020 3283//1020
f  3283//1020 3339//1020 3341//1020
f  3283//1020 3341//1020 3281//1020
f  3352//1020 3328//1020 3353//1020
f  3350//1020 3349//1020 3354//1020
f  3354//1020 3349//1020 3355//1020
f  3354//1020 3355//1020 3356//1020
f  3356//1020 3355//1020 3357//1020
f  3356//1020 3357//1020 3358//1020
f  3290//1020 3333//1020 3288//1020
f  3288//1020 3333//1020 3335//1020
f  3288//1020 3335//1020 3285//1020
f  3285//1020 3335//1020 3337//1020
f  3285//1020 3337//1020 3339//1020
f  3357//1020 3359//1020 3358//1020
f  3358//1020 3359//1020 3360//1020
f  3358//1020 3360//1020 3361//1020
f  3361//1020 3360//1020 3362//1020
f  3361//1020 3362//1020 3363//1020
f  3341//1020 3343//1020 3281//1020
f  3281//1020 3343//1020 3345//1020
f  3281//1020 3345//1020 3279//1020
f  3279//1020 3345//1020 3346//1020
f  3279//1020 3346//1020 3278//1020
f  3278//1020 3346//1020 3364//1020
f  3278//1020 3364//1020 746//1020
f  746//1020 3364//1020 3365//1020
f  746//1020 3365//1020 3351//1020
f  3362//1020 3366//1020 3363//1020
f  3363//1020 3366//1020 3367//1020
f  3363//1020 3367//1020 3368//1020
f  3368//1020 3367//1020 3369//1020
f  3368//1020 3369//1020 3370//1020
f  3370//1020 3369//1020 3371//1020
f  3370//1020 3371//1020 3353//1020
f  3353//1020 3371//1020 3372//1020
f  3353//1020 3372//1020 3352//1020
f  3296//1020 3298//1020 3348//1020
f  3348//1020 3298//1020 3300//1020
f  3348//1020 3300//1020 746//1020
f  746//1020 3300//1020 3301//1020
f  746//1020 3301//1020 3278//1020
f  3350//1020 3373//1020 3348//1020
f  3348//1020 3373//1020 3374//1020
f  3348//1020 3374//1020 3296//1020
f  3296//1020 3374//1020 3375//1020
f  3296//1020 3375//1020 3294//1020
f  3294//1020 3375//1020 3353//1020
f  3294//1020 3353//1020 3292//1020
f  3292//1020 3353//1020 3328//1020
f  3292//1020 3328//1020 3290//1020
f  3290//1020 3328//1020 3331//1020
f  3290//1020 3331//1020 3333//1020
f  3376//1022 3185//1022 752//1022
f  3376//1022 3377//1022 3378//1022
f  3378//1022 3377//1022 3379//1022
f  3378//1022 3379//1022 3380//1022
f  3380//1022 3379//1022 3381//1022
f  3380//1022 3381//1022 3382//1022
f  3382//1022 3381//1022 3383//1022
f  3382//1022 3383//1022 3384//1022
f  3384//1022 3383//1022 3385//1022
f  3384//1022 3385//1022 3386//1022
f  3386//1022 3385//1022 3387//1022
f  3386//1022 3387//1022 3388//1022
f  3388//1022 3387//1022 3389//1022
f  3388//1022 3389//1022 3390//1022
f  3264//1022 3262//1022 3315//1022
f  3315//1022 3262//1022 3260//1022
f  3315//1022 3260//1022 3317//1022
f  3317//1022 3260//1022 3258//1022
f  3317//1022 3258//1022 3319//1022
f  3319//1022 3258//1022 3257//1022
f  3319//1022 3257//1022 3321//1022
f  3321//1022 3257//1022 3391//1022
f  3321//1022 3391//1022 3323//1022
f  3323//1022 3391//1022 3376//1022
f  3323//1022 3376//1022 3325//1022
f  3390//1022 3389//1022 3392//1022
f  3392//1022 3389//1022 3393//1022
f  3392//1022 3393//1022 3394//1022
f  3394//1022 3393//1022 3395//1022
f  3394//1022 3395//1022 3396//1022
f  3315//1022 3313//1022 3264//1022
f  3264//1022 3313//1022 3312//1022
f  3264//1022 3312//1022 3266//1022
f  3266//1022 3312//1022 3310//1022
f  3396//1022 3395//1022 3397//1022
f  3397//1022 3395//1022 3398//1022
f  3397//1022 3398//1022 3391//1022
f  3391//1022 3398//1022 3399//1022
f  3391//1022 3399//1022 3376//1022
f  3376//1022 3399//1022 3400//1022
f  3376//1022 3400//1022 3377//1022
f  3306//1022 3272//1022 3308//1022
f  3308//1022 3272//1022 3270//1022
f  3308//1022 3270//1022 3310//1022
f  3310//1022 3270//1022 3268//1022
f  3310//1022 3268//1022 3266//1022
f  3325//1022 3376//1022 3302//1022
f  3302//1022 3376//1022 752//1022
f  3302//1022 752//1022 3303//1022
f  750//1022 3401//1022 752//1022
f  752//1022 3401//1022 3402//1022
f  752//1022 3402//1022 3303//1022
f  3303//1022 3402//1022 3403//1022
f  3303//1022 3403//1022 3306//1022
f  3306//1022 3403//1022 3274//1022
f  3306//1022 3274//1022 3272//1022
f  3346//6270 3347//6270 3364//6270
f  3364//6270 3347//6270 3404//6270
f  3364//6271 3404//6271 3365//6271
f  3365//6271 3404//6271 3405//6271
f  3365//6272 3405//6272 3351//6272
f  3351//6272 3405//6272 3406//6272
f  3351//6273 3406//6273 748//6273
f  748//6274 3406//6274 3186//6274
f  750//6275 3187//6275 3401//6275
f  3401//6276 3187//6276 3407//6276
f  3401//6272 3407//6272 3402//6272
f  3402//6272 3407//6272 3408//6272
f  3402//6271 3408//6271 3403//6271
f  3403//6271 3408//6271 3409//6271
f  3403//6270 3409//6270 3274//6270
f  3274//6270 3409//6270 3275//6270
f  3410//6277 3411//6277 3200//6277
f  3412//6277 3413//6277 3195//6277
f  3411//6277 3414//6277 3200//6277
f  3200//6277 3414//6277 3415//6277
f  3200//6277 3415//6277 3416//6277
f  3416//6277 3415//6277 3378//6277
f  3416//6277 3378//6277 3380//6277
f  3413//6277 3417//6277 3195//6277
f  3195//6277 3417//6277 3418//6277
f  3195//6277 3418//6277 3200//6277
f  3200//6277 3418//6277 3419//6277
f  3200//6277 3419//6277 3410//6277
f  3355//6277 3349//6277 3420//6277
f  3420//6277 3349//6277 3421//6277
f  3420//6277 3421//6277 3195//6277
f  3195//6277 3421//6277 3422//6277
f  3195//6277 3422//6277 3412//6277
f  3423//1022 3424//1022 3330//1022
f  3425//1022 3426//1022 3427//1022
f  3428//1022 3429//1022 3430//1022
f  3430//1022 3429//1022 3431//1022
f  3330//1022 3424//1022 3332//1022
f  3332//1022 3424//1022 3432//1022
f  3332//1022 3432//1022 3334//1022
f  3334//1022 3432//1022 3433//1022
f  3334//1022 3433//1022 3336//1022
f  3192//1022 3186//1022 3406//1022
f  3429//1022 3434//1022 3431//1022
f  3431//1022 3434//1022 3435//1022
f  3431//1022 3435//1022 3426//1022
f  3426//1022 3435//1022 3436//1022
f  3426//1022 3436//1022 3427//1022
f  3433//1022 3437//1022 3336//1022
f  3336//1022 3437//1022 3438//1022
f  3336//1022 3438//1022 3338//1022
f  3338//1022 3438//1022 3439//1022
f  3330//1022 3329//1022 3423//1022
f  3423//1022 3329//1022 3425//1022
f  3423//1022 3425//1022 3440//1022
f  3440//1022 3425//1022 3427//1022
f  3440//1022 3427//1022 3441//1022
f  3441//1022 3427//1022 3442//1022
f  3441//1022 3442//1022 3443//1022
f  3443//1022 3442//1022 3195//1022
f  3443//1022 3195//1022 3444//1022
f  3444//6278 3195//6278 3190//6278
f  3444//1022 3190//1022 3445//1022
f  3445//1022 3190//1022 3192//1022
f  3445//1022 3192//1022 3405//1022
f  3405//1022 3192//1022 3406//1022
f  3430//1022 3446//1022 3428//1022
f  3428//1022 3446//1022 3447//1022
f  3428//1022 3447//1022 3448//1022
f  3448//1022 3447//1022 3449//1022
f  3448//1022 3449//1022 3450//1022
f  3450//1022 3449//1022 3451//1022
f  3450//1022 3451//1022 3452//1022
f  3452//1022 3451//1022 3453//1022
f  3452//1022 3453//1022 3454//1022
f  3454//1022 3453//1022 3455//1022
f  3454//1022 3455//1022 3456//1022
f  3456//1022 3455//1022 3420//1022
f  3456//1022 3420//1022 3457//1022
f  3457//1022 3420//1022 3195//1022
f  3457//1022 3195//1022 3458//1022
f  3458//1022 3195//1022 3442//1022
f  3405//1022 3404//1022 3445//1022
f  3445//1022 3404//1022 3347//1022
f  3445//1022 3347//1022 3459//1022
f  3459//1022 3347//1022 3344//1022
f  3459//1022 3344//1022 3460//1022
f  3460//1022 3344//1022 3342//1022
f  3460//1022 3342//1022 3439//1022
f  3439//1022 3342//1022 3340//1022
f  3439//1022 3340//1022 3338//1022
f  3461//1020 3462//1020 3273//1020
f  3463//1020 3464//1020 3233//1020
f  3465//1020 3466//1020 3467//1020
f  3467//1020 3466//1020 3468//1020
f  3200//6279 3469//6279 3202//6279
f  3202//1020 3469//1020 3470//1020
f  3202//1020 3470//1020 3471//1020
f  3472//1020 3473//1020 3471//1020
f  3416//1020 3474//1020 3475//1020
f  3233//1020 3202//1020 3463//1020
f  3463//1020 3202//1020 3471//1020
f  3463//1020 3471//1020 3476//1020
f  3476//1020 3471//1020 3473//1020
f  3273//1020 3275//1020 3461//1020
f  3461//1020 3275//1020 3409//1020
f  3461//1020 3409//1020 3464//1020
f  3464//1020 3409//1020 3408//1020
f  3464//1020 3408//1020 3233//1020
f  3233//1020 3408//1020 3407//1020
f  3233//1020 3407//1020 3187//1020
f  3477//1020 3263//1020 3478//1020
f  3478//1020 3263//1020 3265//1020
f  3478//1020 3265//1020 3479//1020
f  3479//1020 3265//1020 3267//1020
f  3479//1020 3267//1020 3480//1020
f  3480//1020 3267//1020 3269//1020
f  3480//1020 3269//1020 3462//1020
f  3462//1020 3269//1020 3271//1020
f  3462//1020 3271//1020 3273//1020
f  3475//1020 3474//1020 3481//1020
f  3481//1020 3474//1020 3482//1020
f  3481//1020 3482//1020 3483//1020
f  3484//1020 3472//1020 3485//1020
f  3485//1020 3472//1020 3471//1020
f  3485//1020 3471//1020 3465//1020
f  3465//1020 3471//1020 3486//1020
f  3465//1020 3486//1020 3466//1020
f  3484//1020 3485//1020 3487//1020
f  3487//1020 3485//1020 3256//1020
f  3487//1020 3256//1020 3488//1020
f  3488//1020 3256//1020 3259//1020
f  3488//1020 3259//1020 3477//1020
f  3477//1020 3259//1020 3261//1020
f  3477//1020 3261//1020 3263//1020
f  3482//1020 3489//1020 3483//1020
f  3483//1020 3489//1020 3490//1020
f  3483//1020 3490//1020 3491//1020
f  3491//1020 3490//1020 3492//1020
f  3491//1020 3492//1020 3493//1020
f  3493//1020 3492//1020 3494//1020
f  3493//1020 3494//1020 3468//1020
f  3468//1020 3494//1020 3495//1020
f  3468//1020 3495//1020 3467//1020
f  3475//1020 3496//1020 3416//1020
f  3416//1020 3496//1020 3497//1020
f  3416//1020 3497//1020 3200//1020
f  3200//1020 3497//1020 3498//1020
f  3200//1020 3498//1020 3469//1020
f  3376//6280 3499//6280 3185//6280
f  3185//6280 3499//6280 3500//6280
f  3185//6280 3500//6280 3501//6280
f  3502//6280 3503//6280 3184//6280
f  3184//6280 3503//6280 3504//6280
f  3501//6280 3505//6280 3185//6280
f  3185//6280 3505//6280 3506//6280
f  3185//6280 3506//6280 3184//6280
f  3184//6280 3506//6280 3507//6280
f  3184//6280 3507//6280 3502//6280
f  3504//6280 3508//6280 3184//6280
f  3184//6280 3508//6280 3509//6280
f  3184//6280 3509//6280 3348//6280
f  3421//6281 3349//6281 3348//6281
f  3421//6282 3348//6282 3422//6282
f  3348//6283 3509//6283 3422//6283
f  3422//6284 3509//6284 3508//6284
f  3422//6285 3508//6285 3412//6285
f  3412//6286 3508//6286 3413//6286
f  3507//6287 3418//6287 3502//6287
f  3502//6287 3418//6287 3417//6287
f  3502//6288 3417//6288 3503//6288
f  3503//6288 3417//6288 3413//6288
f  3503//6289 3413//6289 3504//6289
f  3504//6290 3413//6290 3508//6290
f  3506//6291 3419//6291 3507//6291
f  3507//6291 3419//6291 3418//6291
f  3419//6292 3506//6292 3505//6292
f  3419//6292 3505//6292 3410//6292
f  3410//6293 3505//6293 3501//6293
f  3410//6293 3501//6293 3411//6293
f  3411//6294 3501//6294 3500//6294
f  3411//6294 3500//6294 3414//6294
f  3414//6295 3500//6295 3499//6295
f  3414//6295 3499//6295 3415//6295
f  3415//6296 3499//6296 3376//6296
f  3415//6296 3376//6296 3378//6296
f  3489//6297 3386//6297 3388//6297
f  3489//6297 3388//6297 3490//6297
f  3490//6298 3388//6298 3390//6298
f  3490//6298 3390//6298 3492//6298
f  3492//6299 3390//6299 3392//6299
f  3492//6299 3392//6299 3494//6299
f  3494//6300 3392//6300 3394//6300
f  3494//6300 3394//6300 3495//6300
f  3495//6301 3394//6301 3396//6301
f  3495//6301 3396//6301 3467//6301
f  3467//6302 3396//6302 3465//6302
f  3465//6302 3396//6302 3397//6302
f  3465//6303 3397//6303 3485//6303
f  3485//6303 3397//6303 3391//6303
f  3485//6304 3391//6304 3256//6304
f  3256//6304 3391//6304 3257//6304
f  3360//6297 3451//6297 3449//6297
f  3360//6297 3449//6297 3362//6297
f  3362//6298 3449//6298 3447//6298
f  3362//6298 3447//6298 3366//6298
f  3366//6299 3447//6299 3446//6299
f  3366//6299 3446//6299 3367//6299
f  3367//6300 3446//6300 3430//6300
f  3367//6300 3430//6300 3369//6300
f  3369//6301 3430//6301 3431//6301
f  3369//6301 3431//6301 3371//6301
f  3371//6302 3431//6302 3372//6302
f  3372//6302 3431//6302 3426//6302
f  3372//6303 3426//6303 3352//6303
f  3352//6303 3426//6303 3425//6303
f  3352//6304 3425//6304 3328//6304
f  3328//6304 3425//6304 3329//6304
f  3510//6305 3511//6305 3379//6305
f  3379//6306 3511//6306 3512//6306
f  3379//6307 3512//6307 3381//6307
f  3381//6308 3512//6308 3513//6308
f  3381//6309 3513//6309 3383//6309
f  3383//6309 3513//6309 3514//6309
f  3383//6310 3514//6310 3385//6310
f  3385//6310 3514//6310 3515//6310
f  3385//6311 3515//6311 3387//6311
f  3387//6311 3515//6311 3516//6311
f  3387//6312 3516//6312 3389//6312
f  3389//6312 3516//6312 3517//6312
f  3389//6313 3517//6313 3393//6313
f  3393//6313 3517//6313 3518//6313
f  3393//6314 3518//6314 3395//6314
f  3395//6314 3518//6314 3519//6314
f  3395//6315 3519//6315 3398//6315
f  3398//6315 3519//6315 3520//6315
f  3398//6316 3520//6316 3399//6316
f  3399//6316 3520//6316 3521//6316
f  3399//6317 3521//6317 3400//6317
f  3400//6317 3521//6317 3522//6317
f  3400//6318 3522//6318 3377//6318
f  3377//6318 3522//6318 3510//6318
f  3377//6305 3510//6305 3379//6305
f  3523//6319 3524//6319 3370//6319
f  3370//6320 3524//6320 3525//6320
f  3370//6321 3525//6321 3368//6321
f  3368//6322 3525//6322 3526//6322
f  3368//6323 3526//6323 3363//6323
f  3363//6323 3526//6323 3527//6323
f  3363//6324 3527//6324 3361//6324
f  3361//6324 3527//6324 3528//6324
f  3361//6325 3528//6325 3358//6325
f  3358//6325 3528//6325 3529//6325
f  3358//6326 3529//6326 3356//6326
f  3356//6326 3529//6326 3530//6326
f  3356//6327 3530//6327 3354//6327
f  3354//6327 3530//6327 3531//6327
f  3354//6328 3531//6328 3350//6328
f  3350//6328 3531//6328 3532//6328
f  3350//6329 3532//6329 3373//6329
f  3373//6329 3532//6329 3533//6329
f  3373//6330 3533//6330 3374//6330
f  3374//6330 3533//6330 3534//6330
f  3374//6331 3534//6331 3375//6331
f  3375//6331 3534//6331 3535//6331
f  3375//6332 3535//6332 3353//6332
f  3353//6332 3535//6332 3523//6332
f  3353//6319 3523//6319 3370//6319
f  3536//1020 3537//1020 3511//1020
f  3511//1020 3537//1020 3538//1020
f  3511//1020 3538//1020 3512//1020
f  3512//1020 3538//1020 3539//1020
f  3512//1020 3539//1020 3513//1020
f  3513//1020 3539//1020 3540//1020
f  3513//1020 3540//1020 3514//1020
f  3514//1020 3540//1020 3541//1020
f  3514//1020 3541//1020 3515//1020
f  3515//1020 3541//1020 3542//1020
f  3515//1020 3542//1020 3516//1020
f  3516//1020 3542//1020 3543//1020
f  3516//1020 3543//1020 3517//1020
f  3517//1020 3543//1020 3544//1020
f  3517//1020 3544//1020 3518//1020
f  3518//1020 3544//1020 3545//1020
f  3518//1020 3545//1020 3519//1020
f  3519//1020 3545//1020 3546//1020
f  3519//1020 3546//1020 3520//1020
f  3520//1020 3546//1020 3547//1020
f  3520//1020 3547//1020 3521//1020
f  3521//1020 3547//1020 3548//1020
f  3521//1020 3548//1020 3522//1020
f  3522//1020 3548//1020 3549//1020
f  3522//1020 3549//1020 3510//1020
f  3510//1020 3549//1020 3536//1020
f  3510//1020 3536//1020 3511//1020
f  3546//6333 3468//6333 3547//6333
f  3547//6333 3468//6333 3466//6333
f  3547//6334 3466//6334 3548//6334
f  3548//6334 3466//6334 3486//6334
f  3548//6335 3486//6335 3549//6335
f  3549//6335 3486//6335 3471//6335
f  3549//6336 3471//6336 3536//6336
f  3536//6336 3471//6336 3470//6336
f  3536//6337 3470//6337 3537//6337
f  3537//6337 3470//6337 3469//6337
f  3537//6338 3469//6338 3538//6338
f  3538//6338 3469//6338 3498//6338
f  3538//6339 3498//6339 3539//6339
f  3539//6339 3498//6339 3497//6339
f  3539//6340 3497//6340 3540//6340
f  3540//6340 3497//6340 3496//6340
f  3540//6341 3496//6341 3541//6341
f  3541//6342 3496//6342 3475//6342
f  3541//6343 3475//6343 3542//6343
f  3542//6343 3475//6343 3481//6343
f  3542//6344 3481//6344 3543//6344
f  3543//6344 3481//6344 3483//6344
f  3543//6345 3483//6345 3544//6345
f  3544//6345 3483//6345 3491//6345
f  3544//6346 3491//6346 3545//6346
f  3545//6346 3491//6346 3493//6346
f  3545//6347 3493//6347 3546//6347
f  3546//6347 3493//6347 3468//6347
f  3550//1020 3551//1020 3309//1020
f  3309//1020 3551//1020 3552//1020
f  3309//1020 3552//1020 3307//1020
f  3307//1020 3552//1020 3553//1020
f  3307//1020 3553//1020 3305//1020
f  3305//1020 3553//1020 3554//1020
f  3305//1020 3554//1020 3304//1020
f  3304//1020 3554//1020 3555//1020
f  3304//1020 3555//1020 3327//1020
f  3327//1020 3555//1020 3556//1020
f  3327//1020 3556//1020 3326//1020
f  3326//1020 3556//1020 3557//1020
f  3326//1020 3557//1020 3324//1020
f  3324//1020 3557//1020 3558//1020
f  3324//1020 3558//1020 3322//1020
f  3322//1020 3558//1020 3559//1020
f  3322//1020 3559//1020 3320//1020
f  3320//1020 3559//1020 3560//1020
f  3320//1020 3560//1020 3318//1020
f  3318//1020 3560//1020 3561//1020
f  3318//1020 3561//1020 3316//1020
f  3316//1020 3561//1020 3562//1020
f  3316//1020 3562//1020 3314//1020
f  3314//1020 3562//1020 3563//1020
f  3314//1020 3563//1020 3311//1020
f  3311//1020 3563//1020 3550//1020
f  3311//1020 3550//1020 3309//1020
f  3550//6348 3478//6348 3551//6348
f  3551//6348 3478//6348 3479//6348
f  3551//6349 3479//6349 3552//6349
f  3552//6349 3479//6349 3480//6349
f  3552//6350 3480//6350 3553//6350
f  3553//6350 3480//6350 3462//6350
f  3553//6351 3462//6351 3554//6351
f  3554//6351 3462//6351 3461//6351
f  3554//6352 3461//6352 3555//6352
f  3555//6352 3461//6352 3464//6352
f  3555//6353 3464//6353 3556//6353
f  3556//6353 3464//6353 3463//6353
f  3556//6354 3463//6354 3557//6354
f  3557//6354 3463//6354 3476//6354
f  3557//6355 3476//6355 3558//6355
f  3558//6355 3476//6355 3473//6355
f  3558//6356 3473//6356 3559//6356
f  3559//6356 3473//6356 3472//6356
f  3559//6357 3472//6357 3560//6357
f  3560//6357 3472//6357 3484//6357
f  3560//6358 3484//6358 3561//6358
f  3561//6358 3484//6358 3487//6358
f  3561//6359 3487//6359 3562//6359
f  3562//6359 3487//6359 3488//6359
f  3562//6360 3488//6360 3563//6360
f  3563//6360 3488//6360 3477//6360
f  3563//6361 3477//6361 3550//6361
f  3550//6361 3477//6361 3478//6361
f  3564//1022 3565//1022 3297//1022
f  3297//1022 3565//1022 3566//1022
f  3297//1022 3566//1022 3299//1022
f  3299//1022 3566//1022 3567//1022
f  3299//1022 3567//1022 3276//1022
f  3276//1022 3567//1022 3568//1022
f  3276//1022 3568//1022 3277//1022
f  3277//1022 3568//1022 3569//1022
f  3277//1022 3569//1022 3280//1022
f  3280//1022 3569//1022 3570//1022
f  3280//1022 3570//1022 3282//1022
f  3282//1022 3570//1022 3571//1022
f  3282//1022 3571//1022 3284//1022
f  3284//1022 3571//1022 3572//1022
f  3284//1022 3572//1022 3286//1022
f  3286//1022 3572//1022 3573//1022
f  3286//1022 3573//1022 3287//1022
f  3287//1022 3573//1022 3574//1022
f  3287//1022 3574//1022 3289//1022
f  3289//1022 3574//1022 3575//1022
f  3289//1022 3575//1022 3291//1022
f  3291//1022 3575//1022 3576//1022
f  3291//1022 3576//1022 3293//1022
f  3293//1022 3576//1022 3577//1022
f  3293//1022 3577//1022 3295//1022
f  3295//1022 3577//1022 3564//1022
f  3295//1022 3564//1022 3297//1022
f  3567//6362 3443//6362 3568//6362
f  3568//6362 3443//6362 3444//6362
f  3568//6363 3444//6363 3569//6363
f  3569//6363 3444//6363 3445//6363
f  3569//6364 3445//6364 3570//6364
f  3570//6364 3445//6364 3459//6364
f  3570//6365 3459//6365 3571//6365
f  3571//6365 3459//6365 3460//6365
f  3571//6366 3460//6366 3572//6366
f  3572//6366 3460//6366 3439//6366
f  3572//6367 3439//6367 3573//6367
f  3573//6367 3439//6367 3438//6367
f  3573//6368 3438//6368 3574//6368
f  3574//6368 3438//6368 3437//6368
f  3574//6369 3437//6369 3575//6369
f  3575//6369 3437//6369 3433//6369
f  3575//6370 3433//6370 3576//6370
f  3576//6370 3433//6370 3432//6370
f  3576//6371 3432//6371 3577//6371
f  3577//6371 3432//6371 3424//6371
f  3577//6372 3424//6372 3564//6372
f  3564//6372 3424//6372 3423//6372
f  3564//6373 3423//6373 3565//6373
f  3565//6373 3423//6373 3440//6373
f  3565//6374 3440//6374 3566//6374
f  3566//6374 3440//6374 3441//6374
f  3566//6375 3441//6375 3567//6375
f  3567//6375 3441//6375 3443//6375
f  3578//1022 3579//1022 3530//1022
f  3530//1022 3579//1022 3580//1022
f  3530//1022 3580//1022 3531//1022
f  3531//1022 3580//1022 3581//1022
f  3531//1022 3581//1022 3532//1022
f  3532//1022 3581//1022 3582//1022
f  3532//1022 3582//1022 3533//1022
f  3533//1022 3582//1022 3583//1022
f  3533//1022 3583//1022 3534//1022
f  3534//1022 3583//1022 3584//1022
f  3534//1022 3584//1022 3535//1022
f  3535//1022 3584//1022 3585//1022
f  3535//1022 3585//1022 3523//1022
f  3523//1022 3585//1022 3586//1022
f  3523//1022 3586//1022 3524//1022
f  3524//1022 3586//1022 3587//1022
f  3524//1022 3587//1022 3525//1022
f  3525//1022 3587//1022 3588//1022
f  3525//1022 3588//1022 3526//1022
f  3526//1022 3588//1022 3589//1022
f  3526//1022 3589//1022 3527//1022
f  3527//1022 3589//1022 3590//1022
f  3527//1022 3590//1022 3528//1022
f  3528//1022 3590//1022 3591//1022
f  3528//1022 3591//1022 3529//1022
f  3529//1022 3591//1022 3578//1022
f  3529//1022 3578//1022 3530//1022
f  3581//6376 3456//6376 3582//6376
f  3582//6376 3456//6376 3457//6376
f  3582//6377 3457//6377 3583//6377
f  3583//6377 3457//6377 3458//6377
f  3583//6378 3458//6378 3584//6378
f  3584//6378 3458//6378 3442//6378
f  3584//6379 3442//6379 3585//6379
f  3585//6379 3442//6379 3427//6379
f  3585//6380 3427//6380 3586//6380
f  3586//6380 3427//6380 3436//6380
f  3586//6381 3436//6381 3587//6381
f  3587//6381 3436//6381 3435//6381
f  3587//6382 3435//6382 3588//6382
f  3588//6382 3435//6382 3434//6382
f  3588//6383 3434//6383 3589//6383
f  3589//6383 3434//6383 3429//6383
f  3589//6384 3429//6384 3590//6384
f  3590//6384 3429//6384 3428//6384
f  3590//6385 3428//6385 3591//6385
f  3591//6385 3428//6385 3448//6385
f  3591//6386 3448//6386 3578//6386
f  3578//6386 3448//6386 3450//6386
f  3578//6387 3450//6387 3579//6387
f  3579//6387 3450//6387 3452//6387
f  3579//6388 3452//6388 3580//6388
f  3580//6388 3452//6388 3454//6388
f  3580//6389 3454//6389 3581//6389
f  3581//6389 3454//6389 3456//6389
f  3355//6390 3420//6390 3455//6390
f  3355//6390 3455//6390 3357//6390
f  3357//6391 3455//6391 3453//6391
f  3357//6391 3453//6391 3359//6391
f  3359//6392 3453//6392 3451//6392
f  3359//6392 3451//6392 3360//6392
f  3416//6390 3380//6390 3382//6390
f  3416//6390 3382//6390 3474//6390
f  3474//6391 3382//6391 3384//6391
f  3474//6391 3384//6391 3482//6391
f  3482//6392 3384//6392 3386//6392
f  3482//6392 3386//6392 3489//6392

# Mesh 'right_little_2-2' with 522 faces
g right_little_2-2
usemtl white
f  2945//6393 3239//6393 2946//6393
f  2946//6394 3239//6394 2950//6394
f  3232//6395 3231//6395 3592//6395
f  3232//6396 3592//6396 3234//6396
f  3592//6397 3593//6397 3234//6397
f  3234//6398 3593//6398 3594//6398
f  3234//6399 3594//6399 3235//6399
f  3235//6400 3594//6400 3201//6400
f  3201//6401 3594//6401 3237//6401
f  3201//6402 3237//6402 3199//6402
f  3203//6403 3237//6403 3595//6403
f  3203//6404 3595//6404 3204//6404
f  3204//6405 3595//6405 3238//6405
f  3206//6406 3238//6406 3596//6406
f  3206//6407 3596//6407 3207//6407
f  3207//6408 3596//6408 3597//6408
f  3207//6409 3597//6409 3209//6409
f  3209//6410 3597//6410 3598//6410
f  3209//6411 3598//6411 3215//6411
f  3598//6412 3599//6412 3215//6412
f  3215//6413 3599//6413 3600//6413
f  3215//6414 3600//6414 3217//6414
f  3217//6415 3600//6415 3601//6415
f  3217//6416 3601//6416 3218//6416
f  3218//6417 3601//6417 3602//6417
f  3218//6418 3602//6418 3211//6418
f  3211//6419 3602//6419 3212//6419
f  3212//6420 3602//6420 3603//6420
f  3212//6421 3603//6421 3219//6421
f  3219//6422 3603//6422 3604//6422
f  3219//6423 3604//6423 3220//6423
f  3220//6424 3604//6424 3605//6424
f  3220//6425 3605//6425 3221//6425
f  3605//6426 3606//6426 3221//6426
f  3221//6427 3606//6427 3607//6427
f  3221//6428 3607//6428 3226//6428
f  3226//6429 3607//6429 3608//6429
f  3226//6430 3608//6430 3227//6430
f  3609//6431 3610//6431 3611//6431
f  2928//6432 3612//6432 3613//6432
f  3614//6433 3615//6433 3616//6433
f  3617//6434 3618//6434 3619//6434
f  3236//6435 3620//6435 3231//6435
f  3231//6436 3620//6436 3621//6436
f  3231//6437 3621//6437 3592//6437
f  3592//6438 3621//6438 3622//6438
f  3623//6439 3594//6439 3622//6439
f  3622//6440 3594//6440 3593//6440
f  3622//6441 3593//6441 3592//6441
f  3624//6442 3595//6442 3623//6442
f  3623//6403 3595//6403 3237//6403
f  3623//6443 3237//6443 3594//6443
f  3598//6444 3597//6444 3625//6444
f  3625//6445 3597//6445 3596//6445
f  3625//6446 3596//6446 3624//6446
f  3624//6447 3596//6447 3238//6447
f  3624//6448 3238//6448 3595//6448
f  3598//6449 3625//6449 3599//6449
f  3599//6450 3625//6450 3626//6450
f  3599//6451 3626//6451 3600//6451
f  3600//6452 3626//6452 3627//6452
f  3600//6453 3627//6453 3601//6453
f  3601//6454 3627//6454 3628//6454
f  3601//6455 3628//6455 3602//6455
f  3602//6456 3628//6456 3603//6456
f  3603//6457 3628//6457 3629//6457
f  3603//6458 3629//6458 3604//6458
f  3604//6459 3629//6459 3630//6459
f  3604//6460 3630//6460 3605//6460
f  3605//6461 3630//6461 3606//6461
f  3606//6462 3630//6462 3631//6462
f  3606//6463 3631//6463 3607//6463
f  3607//6464 3631//6464 3632//6464
f  3607//6465 3632//6465 3608//6465
f  3633//6466 3634//6466 3632//6466
f  3632//6467 3634//6467 3635//6467
f  3632//6468 3635//6468 3608//6468
f  2932//6469 815//6469 3636//6469
f  2928//6470 3613//6470 2929//6470
f  2929//6471 3613//6471 3637//6471
f  2929//6472 3637//6472 2947//6472
f  3240//6473 3239//6473 3637//6473
f  3637//6474 3239//6474 2945//6474
f  3637//6475 2945//6475 2947//6475
f  3638//6476 3639//6476 2952//6476
f  2957//6477 2927//6477 3639//6477
f  3639//6478 2927//6478 2956//6478
f  2956//6479 2955//6479 3639//6479
f  3639//6480 2955//6480 2953//6480
f  3639//6481 2953//6481 2952//6481
f  2960//6482 2958//6482 3640//6482
f  3640//6483 2958//6483 2957//6483
f  3640//6484 2957//6484 3641//6484
f  3241//6485 3242//6485 2968//6485
f  3241//6486 2966//6486 2964//6486
f  3241//6487 2964//6487 2962//6487
f  3642//6488 3643//6488 3644//6488
f  3626//6489 3645//6489 3627//6489
f  3627//6490 3645//6490 3646//6490
f  3627//6491 3646//6491 3628//6491
f  3628//6492 3646//6492 3647//6492
f  3628//6493 3647//6493 3629//6493
f  3629//6494 3647//6494 3648//6494
f  3629//6495 3648//6495 3630//6495
f  3630//6496 3648//6496 3649//6496
f  3630//6497 3649//6497 3631//6497
f  3631//6498 3649//6498 3650//6498
f  3631//6499 3650//6499 3632//6499
f  3632//6500 3650//6500 3651//6500
f  3632//6501 3651//6501 3633//6501
f  3610//6502 3652//6502 3611//6502
f  3611//6503 3652//6503 3653//6503
f  3611//6504 3653//6504 3654//6504
f  3655//6505 3643//6505 3656//6505
f  3656//6506 3643//6506 3642//6506
f  3656//6507 3642//6507 3657//6507
f  3657//6508 3642//6508 3658//6508
f  3657//6509 3658//6509 3659//6509
f  3612//6510 3660//6510 3661//6510
f  3612//6511 3661//6511 3613//6511
f  3613//6512 3661//6512 3662//6512
f  3613//6513 3662//6513 3637//6513
f  3637//6514 3662//6514 3638//6514
f  3637//6515 3638//6515 3240//6515
f  3240//6516 3638//6516 2952//6516
f  3240//6517 2952//6517 2950//6517
f  2957//6518 3639//6518 3641//6518
f  3641//6519 3639//6519 3638//6519
f  3641//6520 3638//6520 3663//6520
f  3663//6521 3638//6521 3662//6521
f  3663//6522 3662//6522 3664//6522
f  3664//6523 3662//6523 3661//6523
f  3664//6524 3661//6524 3665//6524
f  3665//6525 3661//6525 3660//6525
f  3665//6526 3660//6526 3666//6526
f  3667//6527 3242//6527 3668//6527
f  3668//6528 3242//6528 3241//6528
f  3668//6529 3241//6529 3669//6529
f  3653//6530 3659//6530 3654//6530
f  3654//6531 3659//6531 3658//6531
f  3654//6532 3658//6532 3669//6532
f  3669//6533 3658//6533 3642//6533
f  3669//6534 3642//6534 3668//6534
f  3668//6535 3642//6535 3644//6535
f  3668//6536 3644//6536 3667//6536
f  3666//6537 3609//6537 3665//6537
f  3665//6538 3609//6538 3611//6538
f  3665//6539 3611//6539 3664//6539
f  3664//6540 3611//6540 3654//6540
f  3664//6541 3654//6541 3663//6541
f  3663//6542 3654//6542 3669//6542
f  3663//6543 3669//6543 3641//6543
f  3641//6544 3669//6544 3241//6544
f  3641//6545 3241//6545 3640//6545
f  3640//6546 3241//6546 2962//6546
f  3640//6547 2962//6547 2960//6547
f  3670//6548 3671//6548 3672//6548
f  3672//6549 3671//6549 3673//6549
f  3672//6550 3673//6550 3674//6550
f  3674//6551 3673//6551 3675//6551
f  3674//6552 3675//6552 3676//6552
f  3676//6553 3675//6553 3677//6553
f  3676//6554 3677//6554 3678//6554
f  3678//6555 3677//6555 3679//6555
f  3678//6556 3679//6556 3680//6556
f  3680//6557 3679//6557 3681//6557
f  3681//6558 3682//6558 3680//6558
f  3680//6559 3682//6559 3683//6559
f  3680//6560 3683//6560 3678//6560
f  3678//6561 3683//6561 3684//6561
f  3678//6562 3684//6562 3676//6562
f  3676//6563 3684//6563 3685//6563
f  3676//6564 3685//6564 3674//6564
f  3674//6565 3685//6565 3686//6565
f  3674//6566 3686//6566 3672//6566
f  3672//6567 3686//6567 3687//6567
f  3672//6568 3687//6568 3670//6568
f  3670//6569 3687//6569 3688//6569
f  3689//6570 3688//6570 3690//6570
f  3690//6571 3688//6571 3687//6571
f  3690//6572 3687//6572 3691//6572
f  3691//6573 3687//6573 3686//6573
f  3691//6574 3686//6574 3692//6574
f  3692//6575 3686//6575 3685//6575
f  3692//6576 3685//6576 3693//6576
f  3693//6577 3685//6577 3684//6577
f  3693//6578 3684//6578 3694//6578
f  3694//6579 3684//6579 3683//6579
f  3694//6580 3683//6580 3616//6580
f  3616//6581 3683//6581 3682//6581
f  3616//6582 3682//6582 3614//6582
f  3695//6583 3689//6583 3696//6583
f  3696//6584 3689//6584 3690//6584
f  3696//6585 3690//6585 3697//6585
f  3697//6586 3690//6586 3691//6586
f  3697//6587 3691//6587 3698//6587
f  3698//6588 3691//6588 3692//6588
f  3698//6589 3692//6589 3699//6589
f  3699//6590 3692//6590 3693//6590
f  3699//6591 3693//6591 3700//6591
f  3700//6592 3693//6592 3694//6592
f  3700//6593 3694//6593 3619//6593
f  3619//6594 3694//6594 3616//6594
f  3619//6595 3616//6595 3617//6595
f  3617//6596 3616//6596 3615//6596
f  3645//6597 3695//6597 3646//6597
f  3646//6598 3695//6598 3696//6598
f  3646//6599 3696//6599 3647//6599
f  3647//6600 3696//6600 3697//6600
f  3647//6601 3697//6601 3648//6601
f  3648//6602 3697//6602 3698//6602
f  3648//6603 3698//6603 3649//6603
f  3649//6604 3698//6604 3699//6604
f  3649//6605 3699//6605 3650//6605
f  3650//6606 3699//6606 3700//6606
f  3650//6607 3700//6607 3651//6607
f  3651//6607 3700//6607 3619//6607
f  3651//6608 3619//6608 3633//6608
f  3633//6609 3619//6609 3618//6609
f  3620//6610 3655//6610 3621//6610
f  3621//6611 3655//6611 3656//6611
f  3621//6612 3656//6612 3622//6612
f  3622//6613 3656//6613 3657//6613
f  3622//6614 3657//6614 3623//6614
f  3623//6615 3657//6615 3659//6615
f  3623//6616 3659//6616 3624//6616
f  3624//6617 3659//6617 3653//6617
f  3624//6618 3653//6618 3625//6618
f  3625//6619 3653//6619 3652//6619
f  3625//6620 3652//6620 3626//6620
f  3626//6621 3652//6621 3610//6621
f  3626//6622 3610//6622 3645//6622
f  3645//6623 3610//6623 3609//6623
f  3645//6624 3609//6624 3695//6624
f  3695//6625 3609//6625 3666//6625
f  3695//6626 3666//6626 3689//6626
f  3689//6627 3666//6627 3660//6627
f  3689//6628 3660//6628 3688//6628
f  3688//6629 3660//6629 3612//6629
f  3688//6630 3612//6630 3670//6630
f  3670//6631 3612//6631 2928//6631
f  3670//6632 2928//6632 3671//6632
f  3671//6633 2928//6633 2942//6633
f  3671//6634 2942//6634 3673//6634
f  3673//6635 2942//6635 2937//6635
f  3673//6636 2937//6636 3675//6636
f  3675//6637 2937//6637 2936//6637
f  3675//6638 2936//6638 3677//6638
f  3677//6639 2936//6639 2934//6639
f  3677//6640 2934//6640 3679//6640
f  3679//6641 2934//6641 2932//6641
f  3679//6642 2932//6642 3681//6642
f  3681//6643 2932//6643 3636//6643
f  3681//6644 3636//6644 3682//6644
f  3682//6645 3636//6645 3701//6645
f  3682//6646 3701//6646 3614//6646
f  3620//6647 3236//6647 2977//6647
f  2982//6648 2984//6648 3655//6648
f  3620//6649 2977//6649 3655//6649
f  3655//6650 2977//6650 2976//6650
f  3655//6651 2976//6651 2982//6651
f  2970//6652 3242//6652 3667//6652
f  2970//6653 3667//6653 2972//6653
f  2972//6654 3667//6654 2973//6654
f  2973//6655 3667//6655 3644//6655
f  2973//6656 3644//6656 2984//6656
f  2984//6657 3644//6657 3643//6657
f  2984//6658 3643//6658 3655//6658
f  3194//6659 3702//6659 762//6659
f  762//6660 3702//6660 3703//6660
f  762//6661 3703//6661 764//6661
f  764//6662 3703//6662 3243//6662
f  764//6663 3243//6663 769//6663
f  769//6664 3243//6664 767//6664
f  767//6665 3244//6665 3704//6665
f  767//6666 3704//6666 772//6666
f  772//6667 3704//6667 773//6667
f  773//6668 3704//6668 3245//6668
f  3705//6669 3706//6669 3707//6669
f  3708//6670 3709//6670 3710//6670
f  802//6671 3711//6671 3712//6671
f  3194//6672 3193//6672 3705//6672
f  3243//6673 3703//6673 3713//6673
f  3713//6674 3703//6674 3702//6674
f  3714//6675 3244//6675 3715//6675
f  3715//6676 3244//6676 3243//6676
f  3716//6677 782//6677 780//6677
f  3246//6678 775//6678 3245//6678
f  3246//6679 3245//6679 3704//6679
f  787//6680 786//6680 3716//6680
f  3716//6681 786//6681 784//6681
f  3716//6682 784//6682 782//6682
f  3717//6683 3718//6683 789//6683
f  797//6684 795//6684 3718//6684
f  3718//6685 795//6685 794//6685
f  3718//6686 794//6686 789//6686
f  802//6687 3712//6687 800//6687
f  800//6688 3712//6688 3719//6688
f  800//6689 3719//6689 807//6689
f  807//6690 3719//6690 3720//6690
f  807//6691 3720//6691 812//6691
f  812//6692 3720//6692 3721//6692
f  812//6693 3721//6693 810//6693
f  810//6694 3721//6694 3722//6694
f  810//6695 3722//6695 817//6695
f  817//6696 3722//6696 3636//6696
f  817//6697 3636//6697 815//6697
f  3615//6698 3723//6698 3617//6698
f  3617//6699 3723//6699 3724//6699
f  3617//6700 3724//6700 3618//6700
f  3618//6701 3724//6701 3725//6701
f  3618//6702 3725//6702 3633//6702
f  3633//6703 3725//6703 3634//6703
f  3634//6704 3725//6704 3726//6704
f  3634//6705 3726//6705 3635//6705
f  3635//6706 3726//6706 3727//6706
f  3635//6707 3727//6707 3608//6707
f  3728//6708 3729//6708 3730//6708
f  3730//6709 3729//6709 3731//6709
f  3730//6710 3731//6710 3732//6710
f  3733//6711 3734//6711 3708//6711
f  3735//6712 3736//6712 3737//6712
f  3738//6713 3739//6713 3740//6713
f  3193//6714 3191//6714 3705//6714
f  3705//6715 3191//6715 3741//6715
f  3705//6716 3741//6716 3706//6716
f  3706//6717 3741//6717 3742//6717
f  3706//6718 3742//6718 3743//6718
f  3744//6719 3728//6719 3745//6719
f  3745//6720 3728//6720 3730//6720
f  3745//6721 3730//6721 3746//6721
f  3746//6722 3730//6722 3732//6722
f  3746//6723 3732//6723 3747//6723
f  3243//6724 3713//6724 3715//6724
f  3715//6725 3713//6725 3748//6725
f  3715//6726 3748//6726 3714//6726
f  3749//6727 3707//6727 3750//6727
f  3750//6728 3707//6728 3706//6728
f  3750//6729 3706//6729 3751//6729
f  3751//6730 3706//6730 3743//6730
f  3751//6731 3743//6731 3752//6731
f  3753//6732 3754//6732 3755//6732
f  3755//6733 3754//6733 3756//6733
f  3755//6734 3756//6734 3757//6734
f  3740//6735 3758//6735 3738//6735
f  3738//6736 3758//6736 3759//6736
f  3738//6737 3759//6737 3760//6737
f  3760//6738 3759//6738 3761//6738
f  3760//6739 3761//6739 3762//6739
f  3762//6740 3761//6740 3763//6740
f  3762//6741 3763//6741 3757//6741
f  3757//6742 3763//6742 3764//6742
f  3757//6743 3764//6743 3755//6743
f  3755//6744 3764//6744 3765//6744
f  3755//6745 3765//6745 3753//6745
f  3753//6746 3765//6746 3766//6746
f  3756//6747 3767//6747 3757//6747
f  3757//6748 3767//6748 3749//6748
f  3757//6749 3749//6749 3762//6749
f  3762//6750 3749//6750 3750//6750
f  3762//6751 3750//6751 3760//6751
f  3760//6752 3750//6752 3751//6752
f  3760//6753 3751//6753 3738//6753
f  3738//6754 3751//6754 3752//6754
f  3738//6755 3752//6755 3739//6755
f  789//6756 787//6756 3717//6756
f  3717//6757 787//6757 3716//6757
f  3717//6758 3716//6758 3246//6758
f  3246//6759 3716//6759 780//6759
f  3246//6760 780//6760 777//6760
f  3754//6761 3247//6761 3756//6761
f  3756//6762 3247//6762 3768//6762
f  3756//6763 3768//6763 3767//6763
f  3767//6764 3768//6764 3769//6764
f  3767//6765 3769//6765 3749//6765
f  3749//6766 3769//6766 3748//6766
f  3749//6767 3748//6767 3707//6767
f  3707//6768 3748//6768 3713//6768
f  3707//6769 3713//6769 3705//6769
f  3705//6770 3713//6770 3702//6770
f  3705//6771 3702//6771 3194//6771
f  3615//6772 3614//6772 3723//6772
f  3723//6773 3614//6773 3770//6773
f  3723//6774 3770//6774 3771//6774
f  802//6775 804//6775 3711//6775
f  3711//6776 804//6776 3772//6776
f  3711//6777 3772//6777 3712//6777
f  3712//6778 3772//6778 3773//6778
f  3712//6779 3773//6779 3719//6779
f  3719//6780 3773//6780 3774//6780
f  3719//6781 3774//6781 3720//6781
f  3720//6782 3774//6782 3775//6782
f  3720//6783 3775//6783 3721//6783
f  3721//6784 3775//6784 3776//6784
f  3721//6785 3776//6785 3722//6785
f  3722//6786 3776//6786 3771//6786
f  3722//6787 3771//6787 3636//6787
f  3636//6788 3771//6788 3770//6788
f  3636//6789 3770//6789 3701//6789
f  3701//6790 3770//6790 3614//6790
f  3777//6791 3778//6791 3779//6791
f  3780//6792 3781//6792 3782//6792
f  3782//6793 3781//6793 3783//6793
f  3782//6794 3783//6794 3784//6794
f  3723//6795 3747//6795 3724//6795
f  3724//6796 3747//6796 3732//6796
f  3724//6797 3732//6797 3725//6797
f  3725//6798 3732//6798 3731//6798
f  3725//6799 3731//6799 3726//6799
f  3726//6800 3731//6800 3729//6800
f  3726//6801 3729//6801 3727//6801
f  3785//6802 3780//6802 3786//6802
f  3786//6803 3780//6803 3782//6803
f  3786//6804 3782//6804 3787//6804
f  3787//6805 3782//6805 3784//6805
f  3787//6806 3784//6806 3788//6806
f  3710//6807 3785//6807 3789//6807
f  3789//6808 3785//6808 3786//6808
f  3789//6809 3786//6809 3790//6809
f  3790//6810 3786//6810 3787//6810
f  3790//6811 3787//6811 3791//6811
f  3791//6812 3787//6812 3788//6812
f  3791//6813 3788//6813 3792//6813
f  3777//6814 3779//6814 3793//6814
f  3793//6815 3779//6815 3794//6815
f  3793//6816 3794//6816 3795//6816
f  3795//6817 3794//6817 3796//6817
f  3795//6818 3796//6818 3797//6818
f  3797//6819 3796//6819 3735//6819
f  3797//6820 3735//6820 3733//6820
f  3733//6821 3735//6821 3737//6821
f  3733//6822 3737//6822 3734//6822
f  3708//6823 3710//6823 3733//6823
f  3733//6824 3710//6824 3789//6824
f  3733//6825 3789//6825 3797//6825
f  3797//6826 3789//6826 3790//6826
f  3797//6827 3790//6827 3795//6827
f  3795//6828 3790//6828 3791//6828
f  3795//6829 3791//6829 3793//6829
f  3793//6830 3791//6830 3792//6830
f  3793//6831 3792//6831 3777//6831
f  3772//6832 3778//6832 3773//6832
f  3773//6833 3778//6833 3777//6833
f  3773//6834 3777//6834 3774//6834
f  3774//6835 3777//6835 3792//6835
f  3774//6836 3792//6836 3775//6836
f  3775//6837 3792//6837 3788//6837
f  3775//6838 3788//6838 3776//6838
f  3776//6839 3788//6839 3784//6839
f  3776//6840 3784//6840 3771//6840
f  3771//6841 3784//6841 3783//6841
f  3771//6842 3783//6842 3723//6842
f  3723//6843 3783//6843 3781//6843
f  3723//6844 3781//6844 3747//6844
f  3747//6845 3781//6845 3780//6845
f  3747//6846 3780//6846 3746//6846
f  3746//6847 3780//6847 3785//6847
f  3746//6848 3785//6848 3745//6848
f  3745//6849 3785//6849 3710//6849
f  3745//6850 3710//6850 3744//6850
f  3744//6851 3710//6851 3709//6851
f  3740//6852 3736//6852 3758//6852
f  3758//6853 3736//6853 3735//6853
f  3758//6854 3735//6854 3759//6854
f  3759//6855 3735//6855 3796//6855
f  3759//6856 3796//6856 3761//6856
f  3761//6857 3796//6857 3794//6857
f  3761//6858 3794//6858 3763//6858
f  3763//6859 3794//6859 3779//6859
f  3763//6860 3779//6860 3764//6860
f  3764//6861 3779//6861 3778//6861
f  3764//6862 3778//6862 3765//6862
f  3765//6863 3778//6863 3772//6863
f  3765//6864 3772//6864 3766//6864
f  3766//6865 3772//6865 804//6865
f  3766//6866 804//6866 3753//6866
f  3753//6867 804//6867 792//6867
f  3753//6868 792//6868 3754//6868
f  3754//6869 792//6869 791//6869
f  3754//6870 791//6870 3247//6870
f  3247//6871 797//6871 3768//6871
f  3768//6872 797//6872 3718//6872
f  3768//6873 3718//6873 3769//6873
f  3769//6874 3718//6874 3717//6874
f  3769//6875 3717//6875 3748//6875
f  3748//6876 3717//6876 3246//6876
f  3748//6877 3246//6877 3714//6877
f  3714//6878 3246//6878 3704//6878
f  3714//6879 3704//6879 3244//6879
f  3189//6880 3741//6880 3191//6880
f  3227//6881 3608//6881 3727//6881
f  3227//6882 3727//6882 3228//6882
f  3228//6883 3727//6883 3729//6883
f  3228//6884 3729//6884 3229//6884
f  3229//6885 3729//6885 3230//6885
f  3230//6886 3729//6886 3728//6886
f  3230//6887 3728//6887 3222//6887
f  3222//6888 3728//6888 3744//6888
f  3222//6889 3744//6889 3223//6889
f  3223//6890 3744//6890 3709//6890
f  3223//6891 3709//6891 3224//6891
f  3224//6892 3709//6892 3708//6892
f  3224//6893 3708//6893 3225//6893
f  3225//6894 3708//6894 3734//6894
f  3225//6895 3734//6895 3216//6895
f  3216//6896 3734//6896 3737//6896
f  3216//6897 3737//6897 3214//6897
f  3214//6898 3737//6898 3736//6898
f  3214//6899 3736//6899 3210//6899
f  3210//6900 3736//6900 3740//6900
f  3210//6901 3740//6901 3208//6901
f  3208//6902 3740//6902 3205//6902
f  3205//6903 3740//6903 3739//6903
f  3205//6904 3739//6904 3196//6904
f  3196//6905 3739//6905 3752//6905
f  3196//6906 3752//6906 3197//6906
f  3197//6907 3752//6907 3198//6907
f  3198//6908 3752//6908 3743//6908
f  3198//6909 3743//6909 3188//6909
f  3188//6910 3743//6910 3189//6910
f  3189//6911 3743//6911 3742//6911
f  3189//6912 3742//6912 3741//6912

