# File produced by Open Asset Import Library (http://www.assimp.sf.net)
# (assimp v5.3.0)

mtllib thumb3.mtl

# 4234 vertex positions
v 0.019919131 0.0181220938 -0.00764973555
v 0.0196885951 0.0180437174 -0.00764971459
v 0.0196724292 0.01801995 -0.0101941852
v 0.0193209983 0.017687697 -0.0135999955
v 0.0196939427 0.0178103708 -0.0135999974
v 0.0196748357 0.0178906322 -0.012901389
v 0.0194534641 0.0179644655 -0.00764972763
v 0.0194534566 0.01796446 -0.00771085499
v 0.0194285642 0.0179132633 -0.0111763766
v 0.0193747748 0.0178000368 -0.0128100663
v 0.019927809 0.0181110408 -0.00992657524
v 0.0199799053 0.0180412475 -0.0123199672
v 0.0200627968 0.0179321226 -0.0135974493
v 0.0194534548 0.0179644618 -0.00758911157
v 0.02006278 0.0179321636 -0.00169899757
v 0.0193210784 0.0176883843 -0.00169992377
v 0.0200071801 0.0180048272 -0.00241741701
v 0.019674452 0.0178919472 -0.00240140175
v 0.0199432205 0.0180903506 -0.00421166653
v 0.0196724478 0.0180209726 -0.00513215596
v 0.0194419269 0.017941799 -0.0050404761
v 0.0193955302 0.0178449955 -0.00295349211
v 0.00471164286 0.00448665116 0.00266172388
v 0.00471191062 0.00448593358 0.00235805102
v 0.00499674259 0.00396658294 0.00269464217
v 0.0049934769 0.00397185888 0.00239005382
v 0.00537782582 0.0035450717 0.00271967798
v 0.0053871288 0.00353733869 0.00241560675
v 0.00585835194 0.00321303774 0.00273769791
v 0.0058716801 0.00320617924 0.00243402226
v 0.00636594091 0.00301130745 0.00274714199
v 0.00606212858 0.00311657321 0.00243870425
v 0.00642017368 0.00299709523 0.00244442513
v 0.00691822078 0.00292398059 0.00274957391
v 0.00700756349 0.00292160967 0.00244630827
v 0.00706141395 0.00292173214 0.00274907425
v 0.00715004327 0.00292437384 0.00244560442
v 0.00738742156 0.00294717075 0.00266179349
v 0.00750482408 0.00296696182 0.00244197925
v 0.00795281678 0.00309795118 0.00253235688
v 0.00807757024 0.0031514368 0.00243003736
v 0.00845485646 0.00336709945 0.00244444795
v 0.00858174916 0.00346115744 0.00241154246
v 0.0088885827 0.00374782621 0.00239587668
v 0.00281839957 0.00926503725 0.00235065632
v 0.00282212906 0.00925410725 0.00109676074
v 0.0028258434 0.00924320985 0.00205011643
v 0.00318752439 0.00823994726 0.00242416561
v 0.00351009844 0.00741178636 0.0021743658
v 0.00401096791 0.00618656958 0.00255225203
v 0.00409121113 0.00599328289 0.00256418553
v 0.00367094646 0.00701269833 -0.0177996848
v 0.00355850137 0.00729085738 -0.0174818784
v 0.00281844777 0.00926497579 -0.0176494755
v 0.00282584736 0.00924324803 -0.0173501112
v 0.00282219192 0.00925400481 -0.0163955931
v 0.00408255402 0.00601389259 -0.0178610571
v 0.00412901537 0.00590205938 -0.0178680867
v 0.00471235579 0.0044847345 -0.0176580865
v 0.00471235067 0.00448471541 -0.0179596506
v 0.0049971086 0.00396588212 -0.0176907592
v 0.00500425184 0.00395577308 -0.0179929938
v 0.00539517496 0.0035289668 -0.0177167784
v 0.00541341724 0.00351305958 -0.0180190857
v 0.00588096911 0.00319985417 -0.0177348051
v 0.00592031097 0.00317958184 -0.0180368926
v 0.00606286712 0.00311479229 -0.0177390743
v 0.00643393351 0.00299195689 -0.0177446064
v 0.00647646235 0.00298176846 -0.0180457328
v 0.00701880408 0.00291954516 -0.0177462306
v 0.00706212362 0.00291977799 -0.0180465505
v 0.00760510657 0.00298628467 -0.0177403055
v 0.00763236545 0.00299299927 -0.0178998485
v 0.00809603371 0.00315784733 -0.0177293681
v 0.00817782618 0.00319817429 -0.0177869853
v 0.00861302763 0.00348374411 -0.0177100934
v 0.00865502004 0.00351894926 -0.0177160092
v 0.00888892449 0.00374687463 -0.0176946279
v 0.00688441377 0.0158222467 -0.0120938467
v 0.0068895435 0.0158237871 -0.0120881936
v 0.00694964314 0.0157774352 -0.0120511511
v 0.00598790217 0.0156104956 -0.0112093873
v 0.00599738164 0.0155362627 -0.0112012709
v 0.00599870645 0.0155366519 -0.0111998236
v 0.00598247629 0.0154354619 -0.0112504354
v 0.0106623676 0.016741192 -0.0122005595
v 0.0107563734 0.016831886 -0.0120948227
v 0.0107604079 0.0168331377 -0.0120903924
v 0.0106463246 0.0169269498 -0.0120203691
v 0.010590801 0.0169289149 -0.0119697945
v 0.0105936443 0.0169297904 -0.0119666578
v 0.0107107908 0.0168943163 -0.0120625924
v 0.0107070412 0.016893154 -0.0120667154
v 0.0065238066 0.01565703 -0.00300362031
v 0.00649609324 0.0157116205 -0.00301176193
v 0.00651217066 0.0156538598 -0.00300244032
v 0.00582729466 0.0154841794 -0.00369957904
v 0.00582585437 0.0154832024 -0.00366766937
v 0.00581855886 0.0155570246 -0.00366539997
v 0.00585799851 0.0153963855 -0.00374463387
v 0.0105112549 0.0169060919 -0.00326216873
v 0.0106460247 0.0169277769 -0.00327950274
v 0.0106493346 0.0169287957 -0.00328315049
v 0.0107600996 0.0168339778 -0.00320944912
v 0.0107104853 0.0168951433 -0.00323726935
v 0.0107560717 0.0168327261 -0.00320501439
v 0.0107067358 0.016893981 -0.00323314546
v 0.0137301898 0.0175898857 -0.0040969667
v 0.0137218731 0.0176643543 -0.00409005815
v 0.0137334345 0.0175908804 -0.0041005211
v 0.0138892159 0.0178456362 -0.00401860848
v 0.0137701677 0.0177974161 -0.00400754996
v 0.0137675628 0.0177966096 -0.00400467543
v 0.0137186954 0.0176633671 -0.00408657454
v 0.0137309711 0.0177395493 -0.0040539098
v 0.0137339244 0.017740462 -0.00405716943
v 0.0137244072 0.0174888857 -0.0040582465
v 0.0149236526 0.0179716703 -0.00798587687
v 0.0148964701 0.0179638471 -0.00804516859
v 0.0148912715 0.0179826692 -0.00804258417
v 0.00588368904 0.0155375581 -0.00702767633
v 0.00588839408 0.0155388201 -0.0070231827
v 0.00587814208 0.0156057794 -0.00703086145
v 0.00671648467 0.0159062129 -0.00692628231
v 0.00647402322 0.0158421863 -0.00686173467
v 0.0064748344 0.0158399325 -0.00685937935
v 0.00289671612 0.00962276012 0.00231822697
v 0.00289738667 0.00961381663 0.00106198608
v 0.00288412091 0.00955211464 0.00106881815
v 0.00286189606 0.00944290776 0.0023347286
v 0.00273487484 0.011842058 0.00200135913
v 0.00273420964 0.0118516032 0.000698313641
v 0.00278827269 0.0111103589 0.000873253564
v 0.0028165488 0.0107218856 0.00220006844
v 0.0027349093 0.0118419761 -0.0160023142
v 0.0027349114 0.0118419705 -0.0173003674
v 0.00278997119 0.0110869436 -0.016180981
v 0.00281716161 0.0107141091 -0.0175003316
v 0.00289675267 0.00962272566 -0.0163611397
v 0.00284768478 0.0102955522 -0.0175503343
v 0.00289675593 0.00962267444 -0.017617099
v 0.0028612474 0.00943968724 -0.0176338516
v 0.00288369763 0.00954959355 -0.0163680483
v 0.00289056683 0.0095871985 -0.0163645446
v 0.00797588751 0.00333207776 -0.0178697649
v 0.00270123268 0.0122823548 -0.0171733182
v 0.00272252201 0.0120118987 -0.0159266777
v 0.00267138449 0.0127131417 -0.0153234452
v 0.0026091137 0.0134869777 -0.0163828898
v 0.0026918042 0.0124331303 -0.0156598836
v 0.00264433841 0.0130263586 -0.0167832356
v 0.00268993783 0.0124301026 -0.0171109978
v 0.00271754479 0.0120686553 0.0019411894
v 0.00270106108 0.0122842509 0.00187378225
v 0.00269810855 0.0123228794 0.000447602099
v 0.00264958618 0.0129574006 0.00153074646
v 0.00267478102 0.0126279341 0.000152786946
v 0.00261168089 0.0134530757 0.00112144474
v 0.0025837454 0.0138184428 0.000632972165
v 0.00265631475 0.0128694428 -0.000311182375
v 0.00256243185 0.0140971392 1.03719694e-05
v 0.00264291652 0.0130446376 -0.000975477567
v 0.00254823174 0.0142828533 -0.000707694911
v 0.00254174531 0.014367694 -0.00123921933
v 0.00263286894 0.0131760463 -0.00205425476
v 0.0026319758 0.0132535202 -0.0113935983
v 0.00253022928 0.0145185189 -0.0115184449
v 0.00263840472 0.0131653389 -0.0133645637
v 0.00253533921 0.0144517217 -0.013162666
v 0.00264561386 0.0130665032 -0.0141987773
v 0.00254528294 0.0143217146 -0.0143664395
v 0.00265768496 0.0129010072 -0.0148963919
v 0.00256169098 0.0141071351 -0.0152760716
v 0.00258162059 0.0138465529 -0.0158804636
v 0.00253672013 0.0144333905 -0.00187585759
v 0.00253294152 0.0144828856 -0.00266799517
v 0.00262727216 0.0132492725 -0.00370752858
v 0.00252993871 0.0145221297 -0.00391574018
v 0.00252897642 0.0145347212 -0.00475602737
v 0.0026275476 0.0132792089 -0.00764991716
v 0.00252805627 0.0145468675 -0.00764998794
v 0.00252903439 0.0145341372 -0.0105439359
v 0.0136266602 0.0174397938 -0.0118650878
v 0.013593209 0.0175351463 -0.0118491556
v 0.0135984858 0.017536208 -0.0118650971
v 0.0139036719 0.0176411029 -0.011068671
v 0.0138750048 0.0175343137 -0.0111011872
v 0.0139075797 0.017642254 -0.0110666528
v 0.0138888992 0.0177134369 -0.0110812997
v 0.00446309568 -0.00253844564 0.00259693502
v 0.00575022027 -0.00241986429 0.00255750702
v 0.00987699721 -0.000266663876 0.00247824239
v 0.0195797775 0.0121204518 0.00192119577
v 0.018777566 0.01257757 0.00185843837
v 0.0203827675 0.010933442 0.00203809631
v 0.0236666612 0.0111522572 0.00211392157
v 0.0213437211 0.0104565844 0.00209773961
v 0.021989217 0.00928759202 0.00218454422
v 0.027384378 0.0111185899 0.00220546219
v 0.0274794642 0.0102921715 0.0022371388
v 0.0235431697 0.00770899141 0.00226708688
v 0.0268239211 0.0139602711 0.00203150115
v 0.0242256448 0.0135118254 0.00196578563
v 0.0271240193 0.0127735874 0.00211753673
v 0.0271350686 0.0127182892 0.00212103408
v 0.0254216958 0.0157337282 0.00182461343
v 0.0241891537 0.0158266462 0.00175544922
v 0.0233339202 0.0143529586 0.00185886177
v 0.026661519 0.0144243622 0.00199115556
v 0.0264781956 0.014853958 0.00194965187
v 0.0260367226 0.0156487171 0.00186149671
v 0.0240287147 0.0158301834 0.00174729782
v 0.0230762102 0.0158030652 0.00170453114
v 0.0224616993 0.0151757058 0.00174178393
v 0.0224753153 0.0157378484 0.00168349803
v 0.0220489819 0.0156654567 0.00167196896
v 0.0217884108 0.014974067 0.00173390121
v 0.0210651048 0.0154029913 0.00165800727
v 0.0201387666 0.0144800218 0.00172014115
v 0.00290267076 -0.00128062069 0.00264038052
v 0.00382021093 -0.00312470272 0.00260149897
v 0.00407392578 -0.00257423637 0.00260794954
v 0.00237562135 0.000486224686 0.0026032913
v 0.00209172419 -0.000365570391 0.00263586477
v 0.00545134442 0.000899380539 0.00255059963
v 0.00282451394 -0.00112355326 0.00263989437
v 0.00286827539 -0.00121150073 0.00264017913
v 0.00905626547 0.00268353173 0.00244910503
v 0.000951399794 0.00209222129 0.00254810834
v 0.00091384718 0.00271649845 0.00251436816
v 0.00174735161 0.00629315618 0.00227995869
v 0.00166270928 0.00617310265 0.00228930521
v 0.00124919054 0.00567868119 0.00232903892
v 0.00112967286 0.00555627281 0.00233924296
v 0.000804822659 0.00525171962 0.00236535119
v 0.000386134605 0.00489360373 0.00239713094
v -6.73279737e-06 0.00456837285 0.00242643943
v 0.0025222199 0.00799704995 0.00215135398
v 0.00230930978 0.00737752579 0.00219807285
v 0.00216660299 0.00704094023 0.00222323649
v 0.013594877 0.00801241025 0.00212547416
v 0.0171196926 0.0128008146 0.00179421832
v 0.0166677684 0.0123709831 0.0018230977
v 0.015791472 0.0114821484 0.00188281119
v 0.0143944304 0.00995813031 0.00198493083
v 0.0141749382 0.00971132889 0.00200152793
v 0.0201742798 0.0150332879 0.0016628427
v 0.0197243784 0.0147940423 0.00167204114
v 0.01928249 0.0145243322 0.00168536312
v 0.01828398 0.0138021046 0.00172839616
v 0.0158141367 0.006092255 0.00228120224
v 0.0187283866 0.00473287329 0.00232356554
v 0.0231596027 0.00746463658 0.00227076304
v 0.0144648617 0.00225401553 0.00239167828
v 0.0173417367 0.00391128706 0.00234397338
v 0.0179529749 0.0042715068 0.00233475305
v 0.0109616024 0.000317016616 0.00245716539
v 0.00091384293 0.00271650427 -0.017814368
v 0.014395019 0.00995630212 -0.0172832701
v 0.0154867964 0.0111565692 -0.0172030106
v 0.0187775679 0.0125775794 -0.0171584338
v 0.0209045969 0.0153442835 -0.0169564951
v 0.0217884108 0.0149740679 -0.0170338918
v 0.0200355649 0.0149612436 -0.0169641152
v 0.0201387629 0.0144800255 -0.0170201305
v 0.019156104 0.0144389514 -0.0169887766
v 0.0195797756 0.0121204583 -0.01722119
v 0.0184490997 0.0139284628 -0.0170191377
v 0.0240293909 0.0158285499 -0.0170460939
v 0.0241467971 0.0158262048 -0.0170520209
v 0.023333922 0.0143529624 -0.0171588641
v 0.0255721565 0.0157136563 -0.017132299
v 0.021094203 0.0154109271 -0.0169570465
v 0.0218251366 0.0156162521 -0.01696603
v 0.0224616956 0.0151757011 -0.0170417801
v 0.0224759579 0.0157362185 -0.0169823691
v 0.0229175016 0.0157880895 -0.0169972982
v 0.0266615897 0.0144243883 -0.0172911361
v 0.0242256448 0.0135118272 -0.0172657799
v 0.0265281964 0.0147448657 -0.0172606129
v 0.0260370877 0.0156480353 -0.0171608385
v 0.0268805176 0.0137743577 -0.0173464734
v 0.0271350965 0.0127183143 -0.017421091
v 0.0236666575 0.0111522703 -0.0174139179
v 0.0271594189 0.0125926835 -0.0174288861
v 0.027391186 0.0110642966 -0.0175078232
v 0.0274794605 0.0102921901 -0.0175371394
v 0.0235431772 0.00770899421 -0.017567087
v 0.0219892152 0.00928759482 -0.0174845457
v 0.0213437211 0.0104565788 -0.0173977334
v 0.0203827675 0.0109334365 -0.0173380896
v 0.00575022353 -0.00241985731 -0.0178575143
v 0.00407392764 -0.00257423357 -0.0179079603
v 0.00282451161 -0.00112354918 -0.0179399028
v 0.00382021023 -0.00312470342 -0.0179015025
v 0.00290266611 -0.00128062326 -0.0179405957
v 0.00286466652 -0.00120426179 -0.0179403797
v 0.0173417423 0.00391127961 -0.0176439788
v 0.0144711044 0.00225753756 -0.0176915694
v 0.00905626453 0.0026835457 -0.0177491102
v 0.0109616043 0.0003170126 -0.0177571587
v 0.00545134442 0.000899383973 -0.0178506076
v 0.00988394953 -0.00026297188 -0.0177781079
v 0.0231638327 0.00746731646 -0.0175707173
v 0.0187346283 0.00473658461 -0.0176234748
v 0.0158141349 0.00609225919 -0.0175812058
v 0.0179529898 0.00427149236 -0.0176347513
v 0.0166684091 0.0123692779 -0.0171217304
v 0.0169460122 0.0126357824 -0.0171038546
v 0.0181397982 0.0136841964 -0.0170346256
v 0.0132190315 0.00862414576 -0.017373167
v 0.0135948751 0.00801241398 -0.0174254682
v 0.00209172489 -0.000365576328 -0.0179358665
v 0.00237562228 0.000486233766 -0.0179033019
v 0.000951398746 0.00209222198 -0.0178481117
v -6.73251589e-06 0.00456837146 -0.0177264363
v 0.000386133848 0.00489361119 -0.0176971238
v 0.000804823707 0.00525172101 -0.0176653471
v 0.00112967554 0.00555628492 -0.0176392477
v 0.00124918926 0.00567869237 -0.0176290423
v 0.0016627101 0.00617310032 -0.0175893102
v 0.00174735219 0.00629315805 -0.0175799597
v 0.00216660555 0.00704094069 -0.0175232366
v 0.00230930699 0.00737752439 -0.0174980704
v 0.00252222177 0.00799704902 -0.0174513571
v 0.00275496137 -0.011432332 -0.0161263905
v 0.00211811764 -0.0111878598 -0.0164640527
v 0.0032911431 -0.0106127579 -0.0164393727
v 0.00219740276 -0.00831634738 -0.0174504817
v -0.000614558463 -0.00954525266 -0.0175121985
v -0.000845713133 -0.00934087858 -0.0175761953
v 0.00363326585 -0.00558902184 -0.0177479591
v 0.00445855176 -0.00675659068 -0.0175078828
v -0.00196890323 -0.00806708355 -0.0178407151
v -0.00249727 -0.00719542848 -0.0179404691
v 0.00305890036 -0.00477645081 -0.0178510323
v 0.00311216991 -0.00466087181 -0.0178562049
v -0.00133241946 -0.00885588396 -0.0177002847
v -0.00187165965 -0.00820255838 -0.0178206861
v -0.00277138199 -0.00660751993 -0.0179866925
v -0.00286849146 -0.00636265194 -0.0180022083
v -0.00341247418 -0.00315101491 -0.0180738233
v -0.000766726094 -0.0023004578 -0.0180193316
v -0.00341183576 -0.00326106814 -0.0180742852
v -0.00333761843 -0.0044223438 -0.0180686377
v -0.00316596683 -0.00539019005 -0.0180464126
v -0.00325868768 -0.00494624535 -0.0180589054
v 0.00160889607 -0.0018142293 -0.017970372
v 0.000766725338 0.00230046199 -0.0178399552
v -0.00198886287 0.00262545934 -0.0178757496
v -0.00170337979 0.00297020096 -0.0178530719
v -0.00160889409 0.00181423093 -0.0179058015
v -0.00122199592 0.00348202721 -0.0178164486
v -0.000660143443 0.00400951644 -0.0177748278
v -0.000200165741 0.00440686382 -0.0177408718
v -0.00258275238 0.00171195378 -0.0179287177
v -0.00251724734 0.00183465588 -0.0179221742
v -0.00214975933 0.00241120439 -0.0178890713
v -0.00336087612 -0.00199472881 -0.0180599708
v -0.003227768 -0.000896937971 -0.0180333536
v -0.00237562275 -0.000486218167 -0.0180080533
v -0.00318152318 -0.0006033752 -0.0180243142
v -0.00286478293 0.00102088996 -0.0179622546
v 0.00105885684 -0.0106805628 -0.0169411972
v 0.00088800618 -0.0105862683 -0.0170087479
v 0.00277079223 -0.00952023454 -0.0170321055
v 0.000740642485 -0.0105018839 -0.017065376
v 0.000181696596 -0.0101499185 -0.0172651615
v 0.00196695304 -0.0111231562 -0.0165385026
v 0.00292684231 -0.0114917355 -0.0160276815
v 0.00375082903 -0.0115779154 -0.0156400483
v 0.00376570737 -0.0117547223 -0.0154844513
v 0.00746925827 -0.0104586296 -0.0147557929
v 0.00463397847 -0.0119756591 -0.014795932
v 0.00729359081 -0.0101055745 -0.015233892
v 0.00715562981 -0.00982829463 -0.0155518921
v 0.00767454598 -0.0108712176 -0.0140544781
v 0.00539176445 -0.0121301785 -0.014046899
v 0.005243083 -0.0121025164 -0.0142077049
v 0.00771394651 -0.0109504024 -0.0138963237
v 0.0078613665 -0.011246684 -0.0132099483
v 0.00602351967 -0.0122355521 -0.0132589806
v 0.00798787456 -0.0115009369 -0.0124500375
v 0.00651060976 -0.0123035777 -0.0124864532
v 0.00660345657 -0.0123152602 -0.0123150209
v 0.00800411031 -0.0115335677 -0.0123357885
v 0.0070506772 -0.012366809 -0.0113091962
v 0.00823261775 -0.0119927842 -0.00969158392
v 0.00827470981 -0.0120773548 -0.00764999818
v 0.00796524808 -0.0122497333 -0.00765000144
v 0.00808903947 -0.0117042428 -0.0116454642
v 0.00809253287 -0.0117112696 -0.0116128623
v 0.00738088507 -0.0123997778 -0.0101964623
v 0.00820829533 -0.0119439084 -0.0101734847
v 0.0074815047 -0.0124086868 -0.00970236398
v 0.00758607686 -0.0124171618 -0.00896587782
v 0.00765471114 -0.0124219935 -0.00764999958
v 0.00617441069 -0.00785622932 -0.0169580914
v 0.00636097603 -0.00823118817 -0.016771879
v 0.0064126472 -0.00833503809 -0.0167151149
v 0.00669585308 -0.00890422706 -0.0163571462
v 0.00699991593 -0.00951534137 -0.0158629827
v 0.00557614258 -0.00665381877 -0.0173969176
v 0.00561131863 -0.00672450988 -0.0173765402
v 0.00599750876 -0.00750069181 -0.0171105489
v 0.00687323278 -0.00653452938 -0.0172443911
v 0.00648861285 -0.00235217577 -0.0178325046
v 0.00736513594 -0.00359223317 -0.0177023038
v 0.0123908874 -0.00328428345 -0.017234344
v 0.00788826589 -0.00433232356 -0.0175691564
v 0.0120631335 -0.0024317007 -0.0174529813
v 0.0117084254 -0.00152981339 -0.0176089574
v 0.0126907704 -0.00408544019 -0.0169461593
v 0.00709274318 -0.00605826965 -0.0173316523
v 0.012961749 -0.00483287545 -0.0165819433
v 0.0132027129 -0.00552412402 -0.0161356591
v 0.0134125482 -0.0061567123 -0.0156015893
v 0.0135901859 -0.00672823936 -0.0149742467
v 0.0137347039 -0.00723658456 -0.014248197
v 0.013845236 -0.007679726 -0.0134180523
v 0.0139209777 -0.00805574749 -0.0124783143
v 0.0139610618 -0.00836262107 -0.0114233121
v 0.0139645487 -0.00859819632 -0.0102471439
v 0.0139303338 -0.00876001548 -0.00894354098
v 0.0187649671 -0.00581788039 -0.00765000284
v 0.0153408991 -0.00794843771 -0.00764999818
v 0.0138658956 -0.00884049106 -0.00765000051
v 0.0109558627 -0.0105539728 -0.0076500033
v 0.023516627 -0.00272772298 -0.00765000284
v 0.0223722607 -0.00348571269 -0.00764999678
v 0.0197619349 -0.00514684152 -0.00885199942
v 0.0283477325 0.000613875338 -0.00911264215
v 0.0283514559 0.000566512754 -0.00765000656
v 0.0256382655 -0.00127106183 -0.00876346044
v 0.0256813355 -0.00114080939 -0.00991921965
v 0.0256943312 -0.000956415955 -0.0109950732
v 0.0283364728 0.000754548993 -0.0104318736
v 0.0256760288 -0.000716179318 -0.0119909495
v 0.0283162855 0.00100619299 -0.0116943028
v 0.025625119 -0.00041827152 -0.0129065979
v 0.0282879658 0.00135513418 -0.0127997212
v 0.0255402438 -6.07525435e-05 -0.0137416571
v 0.028252095 0.00179372856 -0.01375781
v 0.025420038 0.000358326477 -0.0144956522
v 0.0282081664 0.00232468289 -0.0145944124
v 0.0252631344 0.00084092794 -0.0151681118
v 0.0281553194 0.00295347627 -0.0153235169
v 0.0250682142 0.00138889067 -0.0157585405
v 0.028097773 0.00362744369 -0.0159072075
v 0.0248340014 0.00200402597 -0.016266495
v 0.0280330218 0.00437487476 -0.0163935516
v 0.0245592669 0.00268800766 -0.0166916288
v 0.0242427774 0.00344257755 -0.0170337576
v 0.027947044 0.00534972874 -0.0168506838
v 0.0238832515 0.00426950864 -0.0172928832
v 0.0278563816 0.00635669613 -0.0171717163
v 0.023479376 0.00517067406 -0.0174691956
v 0.027752541 0.00748471683 -0.0173975434
v 0.0230298452 0.00614793692 -0.0175629146
v 0.0276298448 0.00878384057 -0.0175252445
v 0.0275421496 0.0096865138 -0.017547762
v 0.0180878565 0.00198067236 -0.0175162703
v 0.0177125167 0.00296622491 -0.0176127981
v 0.0198392365 -0.0049766209 -0.0100797936
v 0.0198829789 -0.0047430112 -0.0112038963
v 0.0198930986 -0.00444637006 -0.0122275157
v 0.0198693685 -0.00408680225 -0.0131535213
v 0.0198114738 -0.00366422557 -0.0139845293
v 0.0197190512 -0.00317847612 -0.0147229983
v 0.0195917897 -0.00262948731 -0.0153713245
v 0.0194294378 -0.00201729219 -0.0159319118
v 0.0192318745 -0.00134217332 -0.016407311
v 0.018999042 -0.000604532659 -0.0168002509
v 0.018730877 0.000195267028 -0.0171137452
v 0.0184272323 0.00105701014 -0.0173511803
v 0.00076672592 0.00230046408 0.00253995322
v -0.00133241876 -0.00885589886 0.00240027672
v 0.00389090506 -0.00595351914 0.00238650083
v -0.00188025786 -0.00818856433 0.00252359919
v 0.00305889803 -0.00477643963 0.00255103107
v 0.00219739974 -0.00831634179 0.00215047807
v 0.00445855036 -0.00675659394 0.00220788154
v 0.00557614071 -0.00665381504 0.00209691422
v 0.00636097509 -0.00823118631 0.00147187326
v 0.00617440883 -0.00785622746 0.00165809062
v 0.00277079036 -0.00952023268 0.00173210155
v 0.00599750876 -0.0075006932 0.00181054114
v 0.00561131584 -0.006724515 0.00207653851
v 0.00729358988 -0.0101055726 -6.61123995e-05
v 0.00715563027 -0.00982829928 0.000251884398
v 0.00375083182 -0.0115779182 0.000340047351
v 0.00699991733 -0.00951535068 0.000562979025
v 0.00329114543 -0.0106127625 0.00113937177
v 0.00669585401 -0.00890424103 0.00105714251
v 0.00641264301 -0.00833503157 0.0014151145
v 0.00383429183 -0.0117747616 0.00013427154
v 0.00462906621 -0.0119742267 -0.0005000034
v 0.00746926107 -0.0104586352 -0.000544211187
v 0.00524282968 -0.0121021057 -0.00109281193
v 0.00767454319 -0.0108712101 -0.0012455245
v 0.00539156515 -0.0121299345 -0.00125397672
v 0.00771394558 -0.0109504024 -0.00140367658
v 0.00604768749 -0.0122390855 -0.00207614549
v 0.00786136556 -0.0112466747 -0.00209005876
v 0.00651047379 -0.0123034595 -0.00281327777
v 0.00798787456 -0.0115009276 -0.00284996489
v 0.00661984598 -0.0123172384 -0.00301621784
v 0.00800411031 -0.0115335593 -0.00296421582
v 0.00808903761 -0.0117042474 -0.00365454354
v 0.00706458185 -0.0123678148 -0.00402787095
v 0.0080925338 -0.0117112631 -0.00368714333
v 0.0082082944 -0.0119439103 -0.0051265182
v 0.00738548487 -0.0123990895 -0.00511869555
v 0.00823261589 -0.0119927879 -0.00560841849
v 0.00748266978 -0.0124077201 -0.00559773436
v 0.00758659188 -0.0124165164 -0.00633171201
v 0.00297298026 -0.0115091931 0.000698301825
v 0.00275549246 -0.0114329606 0.0008247894
v 0.000888003968 -0.0105862711 0.00170873606
v 0.00104870286 -0.0106753595 0.00164496468
v 0.00197590701 -0.0111249462 0.00123449496
v 0.00211991207 -0.0111862216 0.00116359873
v -0.000845712086 -0.00934087951 0.0022761873
v -0.000614558812 -0.00954524986 0.00221219612
v 0.000181695868 -0.0101499204 0.00196515722
v 0.000740645512 -0.0105018886 0.00176537677
v -0.00333140884 -0.00448795361 0.00276987278
v -0.00325970538 -0.00494645815 0.00276158378
v -0.00311193848 -0.00560448319 0.00274201878
v -0.00279937498 -0.00653922837 0.00269462261
v -0.00277135032 -0.00660741609 0.00269006751
v 0.00311216875 -0.00466087135 0.00255620596
v -0.00252385181 -0.00714273145 0.0026479566
v -0.00238159602 -0.0074086911 0.00262228795
v 0.00160889933 -0.00181424245 0.00267036865
v -0.00336452969 -0.00203300174 0.0027606315
v -0.00341365417 -0.00315096206 0.00277434429
v -0.000766727957 -0.00230046664 0.00271933293
v -0.00341294217 -0.00328808441 0.00277504488
v -0.00160889875 0.00181424094 0.00260579563
v -0.00214976468 0.00241121347 0.00258906907
v -0.00251724874 0.00183466251 0.00262217689
v -0.00258274889 0.00171194517 0.00262872176
v -0.00286478247 0.00102087576 0.0026622538
v -0.00237562717 -0.000486230216 0.00270804344
v -0.00315956515 -0.000454783061 0.00271890382
v -0.00323033193 -0.000896604441 0.00273288158
v -0.000660146296 0.00400951551 0.00247483305
v -0.000200165261 0.00440685684 0.00244087214
v -0.00122199126 0.00348201534 0.0025164471
v -0.00170338457 0.00297020585 0.00255306903
v -0.00198886613 0.00262545468 0.00257574534
v 0.0139303356 -0.00876001641 -0.00635646749
v 0.0139645431 -0.00859818794 -0.00505285896
v 0.0197619349 -0.00514682988 -0.00644800579
v 0.0256382674 -0.00127106253 -0.0065365457
v 0.00687323231 -0.00653452659 0.00194438745
v 0.0117084272 -0.00152981444 0.00230895565
v 0.00701676169 -0.00309937587 0.0024659466
v 0.0120631326 -0.00243170653 0.00215298519
v 0.00788826495 -0.00433231983 0.00226916093
v 0.00648861378 -0.00235217251 0.00253250916
v 0.0177125148 0.00296622724 0.002312792
v 0.0275419783 0.00968647096 0.0022477156
v 0.0276352465 0.00872745644 0.00222217874
v 0.0230298452 0.00614793971 0.00226291711
v 0.0234793779 0.00517067313 0.00216920371
v 0.0277572088 0.00743461447 0.00208998658
v 0.0238832533 0.00426950539 0.00199288456
v 0.0278612468 0.00630314928 0.0018577259
v 0.0242427755 0.00344257453 0.00173375232
v 0.027949661 0.0053203213 0.00153918099
v 0.0245592706 0.00268800347 0.00139163609
v 0.02802746 0.00443868898 0.00112895877
v 0.0248340052 0.00200401782 0.000966499676
v 0.0280938353 0.00367326103 0.000641346967
v 0.0256813355 -0.00114081043 -0.00538078183
v 0.0283323396 0.000806087453 -0.00454822974
v 0.0256943312 -0.000956412812 -0.00430492591
v 0.0283103622 0.00107906142 -0.00333483447
v 0.0256760232 -0.000716178794 -0.003309055
v 0.0282813422 0.00143642677 -0.00229599327
v 0.0256251153 -0.000418279262 -0.00239340262
v 0.0282443166 0.00188767177 -0.00137395679
v 0.0255402457 -6.07603106e-05 -0.00155834225
v 0.028201513 0.00240318058 -0.000601558713
v 0.0254200418 0.000358325866 -0.000804341806
v 0.0281519555 0.00299229962 6.20537467e-05
v 0.0252631325 0.000840922643 -0.000131886394
v 0.0250682142 0.00138889241 0.000458544411
v 0.0283514 0.000567264913 -0.00745734992
v 0.0283456556 0.000639615115 -0.00585369999
v 0.0139610562 -0.00836261455 -0.00387669075
v 0.0139209768 -0.00805574842 -0.00282169017
v 0.0138452407 -0.00767973252 -0.00188194693
v 0.0135901868 -0.00672823889 -0.000325763685
v 0.013734702 -0.00723658409 -0.00105180289
v 0.0132027157 -0.00552413194 0.000835646468
v 0.0134125473 -0.00615670579 0.000301590655
v 0.0129617518 -0.00483288476 0.00128194201
v 0.00766694034 -0.00481250044 0.0022141689
v 0.0123908902 -0.00328429136 0.00193434092
v 0.0126907695 -0.00408544671 0.00164614641
v 0.0198392328 -0.00497662462 -0.00522020971
v 0.019882977 -0.00474300981 -0.00409611128
v 0.0198930968 -0.00444637239 -0.00307249394
v 0.0198693685 -0.00408681016 -0.00214648293
v 0.0198114701 -0.00366422418 -0.00131547847
v 0.0197190549 -0.00317848381 -0.000576996885
v 0.0195917897 -0.00262948335 7.13266854e-05
v 0.019429436 -0.00201728614 0.000631910516
v 0.0192318745 -0.00134218147 0.00110731169
v 0.0189990401 -0.000604533532 0.00150024181
v 0.0187308826 0.000195259112 0.00181374256
v 0.0184272341 0.00105700479 0.00205117697
v 0.0180878546 0.00198067888 0.00221627019
v 0.000806411961 -0.00160925824 -0.0141999964
v 0.000806411146 -0.00160925696 -0.0164000001
v -0.000106256703 -0.00179686036 -0.0142000047
v -0.00010625588 -0.00179685606 -0.0164000019
v -0.000990450266 -0.0015029934 -0.014200002
v -0.000990451081 -0.00150299212 -0.0164000057
v -0.00160925568 -0.000806403114 -0.0142000066
v -0.00160925463 -0.000806412776 -0.0163999964
v -0.0017968613 0.000106261708 -0.0142000001
v -0.00179686223 0.000106263047 -0.0164000038
v -0.00150299969 0.000990451197 -0.0142000029
v -0.00150299887 0.000990455505 -0.0164000001
v -0.000806412019 0.00160926301 -0.0142000057
v -0.000806407479 0.00160925381 -0.0163999982
v 0.000106255022 0.00179686211 -0.0142000047
v 0.000106255837 0.00179686653 -0.0164000019
v 0.000990450266 0.00150299817 -0.0142000001
v 0.000990449451 0.00150299957 -0.0164000038
v 0.00160925917 0.000806408469 -0.0141999973
v 0.00160925474 0.000806409225 -0.0164000001
v 0.0017968613 -0.000106256914 -0.014200002
v 0.00179686211 -0.000106252584 -0.0164000001
v 0.00150299969 -0.000990446308 -0.0141999992
v 0.00150299887 -0.000990445027 -0.0164000038
v 0.000806409691 -0.00160925661 -0.00110000151
v 0.000806410506 -0.00160925789 0.00110000267
v 0.00150299736 -0.000990444561 -0.00110000407
v 0.00150299654 -0.000990448869 0.00109999347
v 0.00179686071 -0.000106252191 -0.00109999999
v 0.0017968599 -0.000106256521 0.00109999755
v 0.00160925335 0.000806409633 -0.00110000069
v 0.00160925766 0.000806408818 0.00110000244
v 0.000990449567 0.00150300295 -0.00109999778
v 0.000990448752 0.00150299864 0.00109999976
v 0.000106254389 0.00179686688 -0.00110000209
v 0.000106253574 0.00179686258 0.00109999545
v -0.000806412427 0.00160925381 -0.00109999708
v -0.000806408119 0.001609253 0.00110000605
v -0.00150300027 0.000990455854 -0.00110000081
v -0.00150299759 0.000990452128 0.00109999569
v -0.00179686339 0.000106249434 -0.0010999986
v -0.00179686444 0.000106259118 0.00109999278
v -0.00160925253 -0.000806411845 -0.00109999906
v -0.00160925696 -0.000806416734 0.00109999964
v -0.000990452361 -0.00150300562 -0.00110000081
v -0.000990451779 -0.00150299305 0.0010999972
v -0.000106257328 -0.00179685571 -0.00110000267
v -0.000106252977 -0.00179685641 0.00110000034
v -0.00289514638 0.000976176932 -0.0157000031
v -0.00289514451 0.000976174546 -0.014700003
v -0.00286714826 0.00101284252 -0.0157000031
v -0.00286722952 0.00101255358 -0.0147000039
v 0.00103187922 0.00424100459 -0.0156808291
v 0.00083647127 0.00409326423 -0.0156990588
v 0.000836472143 0.0040932647 -0.0152000003
v 0.00124425488 0.00437554019 -0.0156630743
v 0.00124425325 0.00437554205 -0.014700002
v 0.00083647389 0.0040932647 -0.0146999974
v 0.000810617872 0.00407175906 -0.0152000021
v 0.000810619618 0.00407175953 -0.0146999983
v 0.00140747684 0.0040922584 -0.014230906
v 0.00131736742 0.00424865028 -0.0143464468
v 0.000911308103 0.00396488886 -0.0143463034
v 0.00125968619 0.00434875302 -0.0145269372
v 0.000864724396 0.0040447833 -0.0144712804
v 0.000942030572 0.0039121001 -0.0142950024
v 0.00100341102 0.00380667183 -0.0142309321
v 0.00149387342 0.00394229731 -0.0142000001
v 0.00104784803 0.00373056345 -0.0142075391
v 0.00109179632 0.00365528697 -0.0142000057
v -0.00365100475 0.000384586485 -0.0154000055
v -0.00365100405 0.000384587795 -0.0147000058
v -0.00364663429 0.000387999899 -0.015403036
v -0.00335454126 0.000616626174 -0.014700002
v -0.00359279313 0.000430142973 -0.01544037
v -0.00348936534 0.000511100923 -0.0155098867
v -0.00299687241 0.000896549318 -0.0157000013
v -0.00315593905 0.000772064726 -0.0156754777
v -0.00322038564 0.000721612247 -0.0156536121
v -0.00329364929 0.000664273859 -0.0147000048
v -0.00332226837 0.000641871535 -0.0156078096
v -0.0034176202 0.000567238603 -0.0155547494
v 0.000806927565 0.00459367083 -0.0152000003
v 0.000162462151 0.00405845884 -0.0151999984
v -0.000833441271 0.00316315494 -0.0152000031
v -0.00149361009 0.00244424678 -0.0152000021
v -0.00198964053 0.00174848002 -0.015200004
v -0.00199680682 0.0017365705 -0.0152000058
v 0.00594019704 -0.0122223198 -0.00765000423
v 0.00778730493 -0.0112041831 -0.00764999865
v 0.0077672461 -0.0111636259 -0.00905539934
v 0.00587288477 -0.0122118304 -0.0089964699
v 0.00770536391 -0.0110382307 -0.0103621436
v 0.00567474449 -0.0121795023 -0.0102189044
v 0.00536143547 -0.0121242264 -0.0112973815
v 0.00760543998 -0.0108352322 -0.0115020862
v 0.00524840644 -0.012103009 -0.0115921432
v 0.00747148925 -0.0105623072 -0.0124858189
v 0.0049441508 -0.0120424107 -0.0122531671
v 0.00730772084 -0.0102275675 -0.0133266654
v 0.00447193393 -0.0119378427 -0.0130419368
v 0.00620744331 -0.010369502 -0.0140049336
v 0.00383176794 -0.01177397 -0.0138491727
v 0.00659678876 -0.0102378624 -0.0138977775
v 0.00718550291 -0.00997732393 -0.0138076134
v 0.00502380775 -0.0104412017 -0.0146282567
v 0.0031386225 -0.0115645789 -0.0145193599
v 0.00542509556 -0.0104878936 -0.0143638998
v 0.00573361991 -0.0104692392 -0.0141978972
v 0.00221799314 -0.0112267016 -0.0152000049
v 0.00240573008 -0.0113017252 -0.0150760738
v 0.00318503636 -0.010716008 -0.0152000012
v 0.00275947247 -0.0114343278 -0.0148234488
v 0.00442724163 -0.0106097329 -0.0147675574
v 0.00460414775 -0.010584374 -0.0147054996
v 0.0048525543 -0.0103915418 -0.0147571098
v 0.00088801625 -0.0105864545 -0.0152000058
v 0.000885980786 -0.0105852978 -0.0152000021
v 0.000872447796 -0.0105776601 -0.015274235
v 0.00113712752 -0.0107226511 -0.0152000058
v 0.000815879845 -0.0105454121 -0.0153672826
v 0.000739315059 -0.0105010225 -0.0154385492
v 0.000509477919 -0.010362437 -0.0155645907
v 0.000253938808 -0.010198296 -0.0156438649
v -0.000238976136 -0.00984770898 -0.0157000031
v -0.000846660754 -0.00933993235 -0.0156999994
v -0.00187092903 -0.00820121076 -0.0157000013
v -0.00236857031 -0.00743178977 -0.015700005
v -0.00306097977 -0.00578663964 -0.0156999975
v -0.00277143484 -0.00660718372 -0.0157000013
v -0.00341371633 -0.00315081351 -0.015700005
v -0.00337752001 -0.00405513635 -0.0156999994
v -0.00325977919 -0.00494622346 -0.0157000031
v -0.00323040667 -0.000896508514 -0.015700005
v -0.00336338812 -0.00201856554 -0.0156999994
v -0.00286647025 0.0010152742 -0.0177000016
v -0.00286720321 0.00101259921 -0.0156959072
v -0.0028671592 0.00101276941 -0.0156979468
v -0.00286693755 0.00101355161 -0.0169616789
v -0.00818087813 0.000725495338 -0.0157000031
v -0.00704967929 0.00194167788 -0.0157000013
v -0.00514102168 0.00020942089 -0.0156999994
v -0.00361341424 4.8510843e-05 -0.0157000013
v -0.00321107497 0.000414239214 -0.0156999994
v -0.00813616905 -0.00329003506 -0.0156999994
v -0.00874300208 -0.00170169969 -0.0156999975
v -0.00731093204 -0.00477665849 -0.015700005
v -0.00467087934 -6.37144694e-05 -0.015700005
v -0.00628385833 -0.00613173284 -0.0156999994
v -0.00507558556 -0.00732802972 -0.0156999994
v -0.00413014553 -0.000120680575 -0.0156999975
v -0.00371035538 -0.00834154151 -0.0157000069
v -0.00221557682 -0.00915193744 -0.0157000013
v -0.000621274696 -0.00974291191 -0.0157000069
v -0.008832274 -0.0012768351 -0.0157000069
v -0.00884669926 -0.00084293395 -0.0157000069
v -0.00878583547 -0.000413082656 -0.0157000013
v -0.0086515313 -2.42816384e-07 -0.0157000069
v -0.00844783429 0.000383137231 -0.015700005
v -0.000720364333 -0.0100822924 -0.0155535555
v -0.000750740815 -0.0101863425 -0.0153913423
v -0.00240642088 -0.00957260747 -0.0153913451
v -0.000447130064 -0.0103102019 -0.015200004
v -0.000674900482 -0.00992658269 -0.0156619418
v -0.000761407486 -0.0102228727 -0.0152000021
v -0.00242214534 -0.00960726291 -0.0152000077
v -0.00282681058 -0.00941487029 -0.0152000003
v -0.00395873096 -0.00873102993 -0.0153913442
v -0.00397920143 -0.00876311306 -0.0152000003
v -0.0053765215 -0.00767849339 -0.0153913461
v -0.00497610075 -0.00805652793 -0.0152000021
v -0.00769791519 -0.00502890535 -0.0153913442
v -0.0082410071 -0.00419247057 -0.0152000003
v -0.00855492242 -0.00348506263 -0.0153913377
v -0.00858942233 -0.00350113027 -0.0152000021
v -0.00922154635 -0.00184660591 -0.0152000031
v -0.0054013133 -0.00770736346 -0.015200004
v -0.00665993476 -0.00646122219 -0.0152000012
v -0.00663131103 -0.00643614447 -0.0153913433
v -0.00680606905 -0.00629139319 -0.0151999993
v -0.00772980088 -0.00504969154 -0.0152000086
v -0.00236164313 -0.00947390124 -0.0155535592
v -0.00390045205 -0.0086396439 -0.0155535582
v -0.00530591421 -0.0075962618 -0.0155535564
v -0.00654978445 -0.00636472367 -0.0155535573
v -0.0076071131 -0.00496973051 -0.0155535536
v -0.00845667068 -0.00343929883 -0.0155535582
v -0.0091851186 -0.00183557731 -0.0153913423
v -0.00915743224 -0.00182719459 -0.015449998
v -0.00908138603 -0.00180416775 -0.0155535545
v -0.00898227654 -0.00177415612 -0.015633015
v -0.00229462609 -0.00932618603 -0.01566194
v -0.00381323462 -0.00850286707 -0.0156619456
v -0.00520023191 -0.00747320056 -0.0156619381
v -0.00642777793 -0.00625782739 -0.0156619418
v -0.00747122709 -0.00488114869 -0.0156619381
v -0.00830962136 -0.00337081449 -0.0156619456
v -0.00892613921 -0.00175715261 -0.0156619437
v 0.00614559045 -0.00589542976 -0.014200001
v 0.00614558998 -0.00589542836 -0.0164000038
v 0.00538503518 -0.00605176855 -0.0142000038
v 0.00538503611 -0.00605176389 -0.0164000001
v 0.00464820582 -0.00580688566 -0.0142000029
v 0.00464820676 -0.005806881 -0.0164000001
v 0.00413253391 -0.00522639044 -0.0142000047
v 0.00413253484 -0.00522638625 -0.0164000019
v 0.00397619745 -0.0044658375 -0.0142000029
v 0.00397619652 -0.0044658361 -0.0164000057
v 0.0042210808 -0.00372900371 -0.014200001
v 0.00422107987 -0.00372900232 -0.0164000057
v 0.00480157183 -0.00321333599 -0.0142000066
v 0.0048015723 -0.0032133318 -0.0164000038
v 0.0055621271 -0.00305699743 -0.0142000038
v 0.00556212803 -0.00305699324 -0.0164000001
v 0.00629895646 -0.00330188032 -0.0142000047
v 0.00629895367 -0.0033018766 -0.0164000001
v 0.00681462837 -0.00388237555 -0.0142000029
v 0.00681462558 -0.00388237182 -0.0163999982
v 0.0069709653 -0.00464292895 -0.0142000057
v 0.00697096577 -0.00464292429 -0.0164000019
v 0.00672608288 -0.00537975971 -0.0142000001
v 0.00672607869 -0.00537975831 -0.0164000019
v 0.0183025058 0.0142212939 -0.0150202829
v 0.0183065981 0.0142064914 -0.0148485107
v 0.0183065981 0.0142064858 -0.0150220795
v 0.0221679546 0.0178205222 -0.0154956961
v 0.0214278474 0.0178597849 -0.0151587417
v 0.0221679471 0.0178205464 -0.0136000002
v 0.0209130272 0.0178870764 -0.0148101663
v 0.0204912443 0.0179094356 -0.0143642696
v 0.0201482046 0.0179276206 -0.0137901464
v 0.0281860214 0.00258768559 -0.0128277
v 0.0281500295 0.00301461038 -0.013645757
v 0.0281078201 0.00351000438 -0.0143332575
v 0.0280550793 0.00412141159 -0.0149476007
v 0.0279968996 0.00478666648 -0.0154315121
v 0.0279244799 0.00560205756 -0.0158514436
v 0.0278428774 0.00650463533 -0.0161658395
v 0.0277477615 0.00753581012 -0.0163898636
v 0.027633518 0.00874531362 -0.0165208317
v 0.0275419578 0.00968650077 -0.0165476501
v 0.0274836309 0.0102529852 -0.0165378228
v 0.028257953 0.00172055105 -0.00765000517
v 0.0282525476 0.00178669754 -0.00932922587
v 0.0282375999 0.00196818821 -0.0107267303
v 0.0282143485 0.00224861177 -0.0119034117
v 0.026690416 0.0143483579 -0.0158939138
v 0.0266747121 0.0143899815 -0.0158325266
v 0.026657952 0.0144335683 -0.0157547891
v 0.0267667826 0.0141343484 -0.0161092505
v 0.0268166717 0.0139830466 -0.0162061267
v 0.0272484384 0.0120825795 -0.0164568368
v 0.0271350257 0.0127184354 -0.0164191257
v 0.0269861575 0.0133855864 -0.0163734034
v 0.0268885866 0.0137466202 -0.0163053926
v 0.0264794566 0.0148513 -0.0152915409
v 0.0266194157 0.0145306848 -0.0153236389
v 0.0266194157 0.0145306839 -0.0153476251
v 0.0260372069 0.0156478751 -0.0164503027
v 0.0266387351 0.0144825252 -0.0156376567
v 0.0260371044 0.0156480204 -0.0162056182
v 0.0260370933 0.0156481024 -0.0152000533
v 0.0118632419 0.0105038891 -0.0152514782
v 0.0178094637 0.0139365671 -0.0150358193
v 0.0175028257 0.0142070595 -0.0149954408
v 0.0204049964 0.0154155353 -0.0149619533
v 0.0206344835 0.0164847821 -0.0148346936
v 0.0213415567 0.0157631915 -0.0149618946
v 0.0215355102 0.0157935861 -0.0149672301
v 0.0236198865 0.0175241623 -0.0148597229
v 0.0219510309 0.0158157554 -0.014984048
v 0.0241835844 0.0172783826 -0.0149237262
v 0.0223392919 0.0157842077 -0.0150060682
v 0.0248591341 0.0168625358 -0.0150114745
v 0.0249489471 0.0167953521 -0.0150241219
v 0.0227239672 0.0157015473 -0.0150336921
v 0.022933403 0.0156335309 -0.0150511703
v 0.0232892856 0.015476482 -0.0150849577
v 0.0238018036 0.015138519 -0.0151435984
v 0.02553734 0.016266197 -0.015113377
v 0.024090264 0.0148690911 -0.0151829924
v 0.0244623553 0.0143808192 -0.0152441794
v 0.0245446619 0.0142374393 -0.0152602177
v 0.0246481523 0.0140255066 -0.0152825946
v 0.0248367451 0.0134418048 -0.0153371841
v 0.0255146623 0.01284971 -0.0154051576
v 0.0248941407 0.0130427275 -0.0153694469
v 0.024877714 0.0124296695 -0.0154122859
v 0.0247994699 0.0120359045 -0.0154359993
v 0.0247041695 0.0117429104 -0.0154518699
v 0.0246983673 0.0116076516 -0.0154601485
v 0.0245802216 0.0114630237 -0.0154656665
v 0.0244097468 0.0111684911 -0.0154787581
v 0.0164128114 0.0152097112 -0.0148221124
v 0.0168168768 0.014852195 -0.0148910405
v 0.0171658341 0.0154259205 -0.014821874
v 0.0209630486 0.0156651866 -0.0149564473
v 0.0116234934 0.0103655523 -0.0152611881
v 0.00972938817 0.011900452 -0.0151018696
v 0.0110319583 0.0100242738 -0.0152854826
v 0.00308487378 0.00994257722 -0.0153221171
v 0.00512588071 0.00801878422 -0.0154560842
v 0.00166272861 0.0061731278 -0.0156349633
v 0.00134092814 0.0057777809 -0.0156661272
v 0.00320732966 0.0055122315 -0.015650494
v 0.00493834354 0.0065101902 -0.0155629525
v 0.00600217981 0.0071235639 -0.0155114168
v 0.000769903709 0.00522076664 -0.0157112125
v 0.000836254156 0.00409691921 -0.015776189
v 0.00124620146 0.00438128645 -0.0157524757
v 0.000804840354 0.00525173964 -0.0157086737
v 0.00272619026 0.00877403747 -0.0154336756
v 0.0024109832 0.00765333185 -0.015522466
v 0.00288409204 0.00955189299 -0.015363452
v 0.00230928813 0.00737747923 -0.0155433025
v 0.00206969376 0.00684019597 -0.0155837554
v 0.00181791896 0.00639977073 -0.0156173687
v 0.013583174 0.0144208428 -0.0148345847
v 0.0122749628 0.0140646445 -0.0148468427
v 0.00880417228 0.01255906 -0.0150054516
v 0.00530661503 0.0121841906 -0.0149847511
v 0.002896755 0.00962277688 -0.0153564801
v 0.00283191656 0.0105118724 -0.0152568081
v 0.00280570448 0.0108713135 -0.0152032338
v 0.00277770264 0.0112552699 -0.015128349
v 0.00276066386 0.0114889201 -0.015065209
v 0.0229909979 0.00618016254 -0.0165641159
v 0.0233972538 0.00527450256 -0.0164779425
v 0.0168305859 0.000403812563 -0.0163951982
v 0.0183063503 0.00123186363 -0.0163739379
v 0.0180386994 0.0019121978 -0.0165026896
v 0.00859963335 -0.0107482579 -0.00765000377
v 0.0132934963 -0.00650567655 -0.0137274954
v 0.0133741023 -0.00689982949 -0.0130061302
v 0.0134287691 -0.00724166119 -0.0121700391
v 0.0134553043 -0.0075266473 -0.0112090968
v 0.0134511115 -0.00774973398 -0.0101164542
v 0.0134135243 -0.00790572632 -0.00888596009
v 0.0130161904 -0.00818351936 -0.00765002193
v 0.0107384073 -0.00740532158 -0.0144496243
v 0.00985003263 -0.00823126547 -0.0141071687
v 0.00888392888 -0.00898202974 -0.0138579318
v 0.00805390719 -0.00950987078 -0.0137798218
v 0.0131885055 -0.0060626762 -0.0143455351
v 0.0130583206 -0.00557031995 -0.0148731098
v 0.0116085773 -0.0063975784 -0.0148977973
v 0.0116846599 -0.00629628683 -0.0149423629
v 0.0129012261 -0.00502655702 -0.0153224897
v 0.0129123647 -0.00464624912 -0.0155352522
v 0.0187742375 -0.000260895496 -0.0158884265
v 0.0141696604 -0.0029911492 -0.0159335136
v 0.0185611695 0.000450372434 -0.0161618087
v 0.015443719 -0.00134989701 -0.0162027683
v 0.0167294443 0.000276850828 -0.0163839199
v 0.0184060801 0.00236837938 -0.0165263619
v 0.0193244405 0.00350440037 -0.0165694039
v 0.021875795 0.00663914951 -0.0165842455
v 0.0252199396 0.00875873864 -0.0165531226
v 0.023313446 0.00753777241 -0.0165695585
v 0.0237497408 0.00445458014 -0.016319152
v 0.0240508709 0.00371724786 -0.0160914995
v 0.0243038964 0.00305806682 -0.015798457
v 0.0245140102 0.00246967725 -0.015441332
v 0.024686845 0.00194412284 -0.0150196813
v 0.0248275343 0.00147428492 -0.0145284105
v 0.0249404069 0.00105425669 -0.0139611345
v 0.0250270907 0.000682016776 -0.0133114308
v 0.0250881854 0.000357023324 -0.0125737814
v 0.0251231361 8.03345247e-05 -0.0117459698
v 0.0251312517 -0.000146857012 -0.0108270524
v 0.0251124613 -0.000324158667 -0.00981771853
v 0.0250668097 -0.000451358268 -0.00871903822
v 0.0230036527 -0.00186786742 -0.00765002007
v 0.0179016665 -0.00518086785 -0.00765002379
v 0.0192164779 -0.00431011058 -0.00880091637
v 0.0192966368 -0.00414438453 -0.00996380206
v 0.0193469599 -0.00392038282 -0.0110131549
v 0.0193687584 -0.00364079815 -0.011951522
v 0.0193633717 -0.00330834254 -0.0127819646
v 0.0193322953 -0.0029259529 -0.013509742
v 0.0192766432 -0.00249594962 -0.014141418
v 0.0191956554 -0.00201783376 -0.0146864662
v 0.0190875698 -0.00148959353 -0.0151545554
v 0.0189485066 -0.000905896828 -0.0155532481
v 0.0263267234 0.0123694194 -0.016414633
v 0.0252230018 0.0106689557 -0.0164779872
v 0.0250802618 0.0104633523 -0.0164849609
v 0.0249249544 0.0102672456 -0.0164911281
v 0.0233991314 0.00845713075 -0.0165431965
v 0.0160291418 0.0154491728 -0.0144006899
v 0.0186074097 0.016270414 -0.0141856717
v 0.0185613278 0.0163950771 -0.0135384351
v 0.00272453064 0.0119843585 -0.0144247189
v 0.00729227439 0.0131772198 -0.0143744387
v 0.00740406616 0.0133358967 -0.0136781037
v 0.0134688662 0.0145564536 -0.0147317527
v 0.0162477363 0.0153010366 -0.0147245992
v 0.0232656077 0.0176386647 -0.0145965097
v 0.022983199 0.0177096911 -0.0142462011
v 0.0211216751 0.0169797875 -0.0144321471
v 0.0188396629 0.016682066 -0.0106505947
v 0.0188550614 0.016714232 -0.00765000191
v 0.0177146271 0.0163530707 -0.00764999865
v 0.0158530902 0.0157785956 -0.0101028876
v 0.015876729 0.0157354977 -0.0118818004
v 0.01040876 0.0142831756 -0.0104382392
v 0.0114629073 0.0145808365 -0.00765000377
v 0.00783664826 0.0136247557 -0.00765000097
v 0.0131153259 0.0150075871 -0.0103156604
v 0.0137868198 0.0152092157 -0.00764999492
v 0.0188266877 0.0166549627 -0.0114009501
v 0.0185294226 0.0165577531 -0.0114553357
v 0.0188036542 0.0166068394 -0.0122101102
v 0.0185383949 0.0164905563 -0.0126461126
v 0.0187672004 0.0165306758 -0.0129901422
v 0.0187213644 0.0164349154 -0.0136000039
v 0.0195455533 0.0166964903 -0.013600003
v 0.0210482422 0.0171296429 -0.0139096379
v 0.0226753261 0.0177676417 -0.0136000011
v 0.0229326114 0.0177205894 -0.0141613595
v 0.0188189801 0.016044097 -0.0147220753
v 0.0212603137 0.0168294907 -0.0147164548
v 0.0233862419 0.0176029317 -0.0147008067
v 0.00701515283 0.0128721558 -0.0148196016
v 0.002744745 0.01170721 -0.0149530666
v 0.00708530564 0.012972706 -0.0147520266
v 0.00272795721 0.0119373668 -0.0145835532
v 0.00273353164 0.0118609807 -0.014775618
v 0.00719017861 0.0130376779 -0.0146903647
v 0.00273712329 0.0118116951 -0.0148615418
v 0.00270829024 0.0122070666 -0.0124250604
v 0.00271107722 0.0121688489 -0.0131022008
v 0.00271511497 0.0121134967 -0.0136950519
v 0.00753407413 0.0134715093 -0.012461897
v 0.00768235745 0.0135679152 -0.010479656
v 0.00270492793 0.0122531746 -0.0104187643
v 0.00518122502 0.0129253743 -0.00764999771
v 0.0027041256 0.0122641753 -0.00764999771
v 0.0103250649 0.0139726233 -0.0142925037
v 0.0103359437 0.0141024673 -0.0135847349
v 0.0103635397 0.014210999 -0.0123846736
v 0.0131376283 0.0149560664 -0.0121961525
v 0.0131755965 0.0148711791 -0.0133901583
v 0.0132289771 0.0147637902 -0.0141389994
v 0.0103187012 0.0138203492 -0.0146907959
v 0.0159121677 0.0156618264 -0.0130745899
v 0.0159620401 0.0155627932 -0.0138882427
v 0.0132937105 0.0146581847 -0.0145429857
v 0.0103233056 0.0138578303 -0.0146288835
v 0.0186818857 0.0161532871 -0.0145360623
v 0.0161123723 0.0153747387 -0.0146079622
v 0.013361345 0.0146175576 -0.0146511961
v 0.0227091182 0.0112068942 -0.0136000011
v 0.0227091182 0.0112068905 -0.0164000001
v 0.0217964537 0.0110192792 -0.0136000039
v 0.0217964556 0.0110192783 -0.0163999964
v 0.0209122598 0.011313146 -0.0136000011
v 0.0209122598 0.0113131413 -0.0164000001
v 0.0202934537 0.0120097362 -0.0136000039
v 0.0202934574 0.0120097352 -0.0163999964
v 0.0201058481 0.0129224006 -0.0135999983
v 0.02010585 0.0129223969 -0.0163999982
v 0.0203997102 0.0138065908 -0.0136000011
v 0.0203997083 0.0138065927 -0.0164000038
v 0.0210963003 0.014425396 -0.0136000011
v 0.0210962985 0.0144253979 -0.0164000038
v 0.0220089648 0.0146130016 -0.013600003
v 0.0220089648 0.0146130063 -0.0163999982
v 0.0228931587 0.0143191451 -0.0136000011
v 0.0228931587 0.0143191395 -0.0164000001
v 0.0235119667 0.013622554 -0.0135999983
v 0.0235119667 0.0136225568 -0.0164000001
v 0.0236995704 0.0127098821 -0.0136000002
v 0.0236995704 0.0127098849 -0.0164000019
v 0.0234057102 0.0118256928 -0.0135999974
v 0.0234057102 0.0118256891 -0.0163999964
v 0.0226498749 0.00907003321 -0.01554392
v 0.0241847932 0.0108688157 -0.0154924728
v 0.0241847932 0.0108688185 -0.0136000048
v 0.0211148206 0.00727109611 -0.0155843934
v 0.0132019399 -0.00200205203 -0.0150161488
v 0.011346627 -0.00417629955 -0.0136000002
v 0.0118830344 -0.00354768685 -0.0146832932
v 0.0113466233 -0.00417629443 -0.0142000075
v 0.010584332 -0.00506964326 -0.0142000038
v 0.0145266512 -0.000449614512 -0.0152475405
v 0.0158538371 0.00110572332 -0.0154069448
v 0.0185134578 0.00422255322 -0.0155730592
v 0.0215354469 0.0157935768 -0.013600003
v 0.0204049945 0.0154155344 -0.013600002
v 0.0227238759 0.0157015659 -0.013600002
v 0.0237826668 0.0151540413 -0.0136000011
v 0.024544673 0.0142374253 -0.0135999992
v 0.0248895846 0.0130964359 -0.013600002
v 0.0247629639 0.0119111873 -0.013600003
v 0.0243019592 0.0110151442 -0.0154863726
v 0.0122294044 0.0107049374 -0.0151040694
v 0.00619692821 0.00722916052 -0.013600003
v 0.0105412109 0.00973223802 -0.0151819093
v 0.00619692774 0.00722915446 -0.014700002
v 0.0255212858 0.0128597831 -0.0154168224
v 0.00888995361 -0.00705529144 -0.0142000029
v 0.00965940766 -0.00615355698 -0.0142000001
v 0.00812087394 -0.0079565756 -0.014200001
v 0.00755054923 -0.00847295392 -0.0142000057
v 0.00686764996 -0.00882730447 -0.0142000001
v 0.00747582316 -0.00852322206 -0.0142000057
v -0.00604890333 -0.00639212085 -0.014200001
v -0.00471493183 -0.00762569765 -0.014200002
v -0.00321001792 -0.00864374079 -0.0142000029
v -0.00156864955 -0.00942290667 -0.0141999992
v 0.000171536856 -0.00994532835 -0.0142000001
v -0.00250454294 0.000663870131 -0.0142000029
v -0.00253705401 0.000621505431 -0.0142000047
v -0.00298547745 0.000270529272 -0.0141999992
v 0.010504365 -0.0051633534 -0.014200001
v 0.00640368974 0.00677122874 -0.0142000038
v 0.00378744584 -0.0101782335 -0.0141999992
v 0.00547476858 -0.00990854111 -0.0141999992
v 0.0019706504 -0.0101990383 -0.0142000038
v -0.00513095409 0.000200284514 -0.0141999982
v -0.00704968628 0.00194168824 -0.0142000001
v -0.0081808744 0.000725493184 -0.0142000001
v -0.00390555919 -0.000123872262 -0.014200001
v -0.00430665817 -0.000147513856 -0.0142000029
v -0.00808629394 -0.00339577324 -0.0142000047
v -0.00438331952 -0.000139933763 -0.0142000001
v -0.00474784849 -4.31141125e-05 -0.014200001
v -0.00482586073 -7.51634116e-06 -0.0142000038
v -0.00874300394 -0.00170169119 -0.0142000066
v -0.0088489214 -0.0010602054 -0.0141999992
v -0.00348844822 -8.64188166e-07 -0.0142000029
v -0.00383835426 -0.000110196386 -0.014200002
v -0.00318933744 0.000127163919 -0.0142000057
v -0.00718134455 -0.00497129234 -0.014200002
v -0.00855802093 0.000195878674 -0.0142000047
v -0.00878584106 -0.000413088856 -0.0142000029
v -0.00304637104 0.000222878589 -0.014200002
v -0.00314040319 0.000149276922 -0.0142000001
v -0.00314736995 0.000147187122 -0.0142000029
v 0.0062126643 0.00719430437 -0.0145086627
v 0.006257487 0.00709503749 -0.0143464459
v 0.00632456737 0.00694646593 -0.0142380577
v 0.00618420634 -0.0100868391 -0.0142523572
v 0.00654254248 -0.00999299902 -0.0141469147
v 0.00644467352 -0.00968765561 -0.0142957708
v 0.00670609577 -0.00895270519 -0.0142239258
v 0.006315412 -0.00935999397 -0.0143257361
v 0.00684909476 -0.00923195109 -0.0142664369
v 0.00606778124 -0.00944821909 -0.014380197
v 0.00602459023 -0.00948174205 -0.0143954167
v 0.0061082067 -0.00974242389 -0.0143837314
v 0.005714525 -0.00972242653 -0.0145223867
v 0.004933991 -0.0103283376 -0.0147676142
v 0.00576480199 -0.0101365019 -0.0144261224
v 0.00550054293 -0.00988853816 -0.0146197854
v 0.00550151523 -0.0101243779 -0.0145658702
v 0.00537863327 -0.00998317357 -0.0146720838
v 0.00522072054 -0.0101057561 -0.0147282761
v 0.00616365299 -0.00937379524 -0.0143487537
v 0.00698770396 -0.00951886177 -0.0142063228
v 0.0070603881 -0.00967752468 -0.0141229928
v 0.00710395863 -0.00977667328 -0.0140476637
v 0.00875164289 -0.00884021074 -0.014071065
v 0.00864967424 -0.00871771574 -0.0141789969
v 0.00789677072 -0.00924811326 -0.014087134
v 0.00769122131 -0.00889729336 -0.0142365433
v 0.00859593973 -0.00864971709 -0.0142211141
v 0.00842975825 -0.00842638034 -0.0142956134
v 0.0083744172 -0.00834779628 -0.0143024009
v 0.00826689694 -0.00818875618 -0.0142883742
v 0.00965684652 -0.00806448609 -0.0143376784
v 0.0105804345 -0.00522845518 -0.0146183409
v 0.0105113899 -0.00532923173 -0.0146105774
v 0.0107296398 -0.00548544014 -0.0149529129
v 0.0110020777 -0.00578915933 -0.0151367113
v 0.0106661385 -0.00558980089 -0.0149335172
v 0.0113431821 -0.00607876293 -0.015132945
v 0.0109382616 -0.00589396944 -0.0151054775
v 0.0102020921 -0.00695107132 -0.0147666046
v 0.00975754764 -0.00637633074 -0.014508754
v 0.00903127529 -0.00729824416 -0.014398166
v 0.00922173634 -0.00756865274 -0.0144923246
v 0.0112743787 -0.00618205406 -0.0150927464
v 0.0104797827 -0.00721421 -0.0146758398
v 0.00994827319 -0.00665661087 -0.0147078764
v 0.00943882298 -0.00783456117 -0.0144713297
v 0.0214978009 0.00695930375 -0.016446678
v 0.0214312822 0.0070150746 -0.0163894631
v 0.0188474376 0.00391561212 -0.016410226
v 0.0185504928 0.00418243278 -0.0158977937
v 0.0211541746 0.00724285562 -0.015891308
v 0.0190751515 0.00371783064 -0.016542362
v 0.0216422807 0.00683751609 -0.0165326241
v 0.0125959162 -0.00440834044 -0.0156594981
v 0.013872548 -0.00275071734 -0.0160070974
v 0.0151620386 -0.00111406634 -0.0162395407
v 0.0164603125 0.000505670556 -0.0163937584
v 0.0162104387 0.000728388317 -0.0162803587
v 0.0148974424 -0.000876148464 -0.0161410887
v 0.0135890823 -0.00249520782 -0.0159305595
v 0.0122877015 -0.00413401006 -0.0156156626
v 0.0212196279 0.0071903104 -0.0160811935
v 0.0186659992 0.00407627691 -0.0161873028
v 0.0160110332 0.00091715029 -0.0160578676
v 0.0146859884 -0.000668571098 -0.0159208383
v 0.0133622121 -0.00226332131 -0.0157154966
v 0.0120407874 -0.00387048465 -0.0154112941
v 0.0158870053 0.0010483847 -0.0157540794
v 0.0145565094 -0.000519623805 -0.0156088145
v 0.0132263005 -0.00209020055 -0.0153944772
v 0.0118976813 -0.00366314221 -0.0150815872
v 0.02302734 0.0087705655 -0.0163988341
v 0.0227541532 0.00899403449 -0.0160344969
v 0.0242881086 0.0107952738 -0.0159788635
v 0.0245575178 0.0105763115 -0.0163423624
v 0.0244106036 0.0109493965 -0.0159727763
v 0.0246939026 0.0107485512 -0.0163362641
v 0.0245231949 0.0111109521 -0.0159659125
v 0.0248192307 0.010929116 -0.0163293779
v 0.0256340131 0.0128045669 -0.0158998407
v 0.0259267986 0.0126263192 -0.0162625555
v 0.0224616975 0.0151757086 -0.0163999982
v 0.0242256429 0.0135118254 -0.0164000019
v 0.0195797756 0.012120463 -0.0164000019
v 0.0201387629 0.014480019 -0.0163999982
v 0.0236666538 0.0111522693 -0.0164000057
v 0.0213437211 0.0104565816 -0.0163999982
v 0.0229868926 0.0177088305 -0.0158062838
v 0.0229940191 0.0177072827 -0.0158089735
v 0.0241937619 0.0172731671 -0.0159339607
v 0.0235985015 0.0175319035 -0.0158675592
v 0.0234240182 0.0175910573 -0.0158497319
v 0.0255478472 0.0162550919 -0.0161217432
v 0.0248938296 0.0168369524 -0.0160244424
v 0.0187213626 0.0164349116 -0.00170000212
v 0.0187672004 0.016530674 -0.00230985763
v 0.0188036561 0.0166068394 -0.00308988942
v 0.0188266877 0.0166549571 -0.0038990539
v 0.0188396592 0.0166820586 -0.00464940397
v 0.00272453367 0.011984366 -0.000875278318
v 0.00277770287 0.0112552634 -0.000171650026
v 0.00276066386 0.0114889229 -0.000234790597
v 0.00274474593 0.01170721 -0.000346931949
v 0.00273712375 0.0118117025 -0.000438461633
v 0.00273352745 0.0118609834 -0.000524379604
v 0.00272795931 0.0119373687 -0.000716443523
v 0.0028967578 0.00962277502 5.64878173e-05
v 0.00283191679 0.0105118593 -4.31943445e-05
v 0.00280570285 0.010871307 -9.67657761e-05
v 0.00271107582 0.0121688433 -0.00219779857
v 0.00271511311 0.0121134957 -0.00160495297
v 0.0027049284 0.0122531671 -0.00488123903
v 0.00270829094 0.0122070638 -0.00287494157
v 0.00460415101 -0.0105843777 -0.0147000011
v 0.00383100729 -0.0106763337 -0.0147000039
v 0.00206449348 -0.0107054831 -0.0152000058
v 0.00193850871 -0.0106980074 -0.0147000067
v 6.44358661e-05 -0.0104337325 -0.014700003
v -0.00044713181 -0.0103102019 -0.0147000002
v -0.00174825662 -0.00988953467 -0.0147000002
v -0.00282681407 -0.00941487309 -0.014700002
v -0.0050256392 -0.00801744591 -0.0146999983
v -0.00345801678 -0.00907790009 -0.0147000067
v -0.00922154449 -0.00184660568 -0.0147000002
v -0.00853747223 -0.00361127034 -0.0147000076
v -0.00824100617 -0.00419247011 -0.0146999974
v -0.00759481592 -0.00525244465 -0.014700003
v -0.00680606859 -0.00629139552 -0.014700003
v -0.00641519297 -0.00673246523 -0.0147000048
v -0.00932866707 -0.00133677816 -0.0151999984
v -0.00934864487 -0.00107681414 -0.0147000039
v -0.00934597757 -0.00081609498 -0.0152000031
v -0.00927294418 -0.000300279295 -0.0152000021
v -0.00927294232 -0.000300279004 -0.0146999983
v -0.00911177788 0.000195140194 -0.0152000031
v -0.00911177788 0.000195137502 -0.0147000058
v -0.00899955817 0.000430476415 -0.0146999983
v -0.00886733737 0.00065519975 -0.015200004
v -0.00854699221 0.00106602581 -0.0146999974
v -0.00854699407 0.00106602558 -0.0152000012
v -0.00741745858 0.00228041806 -0.0152000003
v -0.00741745671 0.00228041853 -0.0146999974
v 0.00508664921 -0.0102098286 -0.0142477127
v 0.00497650728 -0.0102953296 -0.0142834364
v 0.00483035017 -0.0104087796 -0.0143557275
v 0.00469889026 -0.0105108246 -0.0144659411
v 0.00464158878 -0.010555313 -0.0145498049
v 0.00460769702 -0.0105816126 -0.0146532031
v -0.00756334327 -0.00523103168 -0.0145086646
v 7.25913633e-05 -0.0103965532 -0.0145086572
v 9.58051969e-05 -0.0102906777 -0.0143464506
v -0.00169565424 -0.00975285191 -0.0143464487
v 0.00013055079 -0.0101322262 -0.0142380642
v -0.00163738395 -0.0096014794 -0.0142380642
v 0.00380411395 -0.0103688426 -0.0142380623
v 0.00381825073 -0.010530442 -0.0143464496
v 0.00382769178 -0.0106384121 -0.0145086646
v -0.00330492086 -0.00880988315 -0.0142380679
v -0.00483383704 -0.00777561869 -0.0142380605
v -0.00618907483 -0.00652237423 -0.0142380605
v -0.00733957207 -0.00507889083 -0.0142380623
v -0.00338537968 -0.00895073172 -0.0143464496
v -0.00493463408 -0.00790270604 -0.0143464506
v -0.00630791159 -0.00663278112 -0.0143464534
v -0.00747371186 -0.0051700878 -0.0143464543
v -0.00173458678 -0.00985401031 -0.0145086637
v -0.00343913678 -0.00904484931 -0.0145086618
v -0.00500199012 -0.00798762217 -0.0145086646
v -0.00638730917 -0.00670656608 -0.0145086627
v 0.00195835019 -0.0103899874 -0.0142380651
v 0.00194792636 -0.0105518727 -0.0143464506
v 0.00194095855 -0.0106600365 -0.01450866
v -0.00850312598 -0.00359486439 -0.0145086618
v -0.00840532035 -0.00354816369 -0.014346445
v -0.00825895648 -0.00347824278 -0.0142380651
v -0.00892613456 -0.00175715261 -0.0142380586
v -0.00908138324 -0.00180416508 -0.014346445
v -0.00918511767 -0.00183557707 -0.0145086609
v -0.00923586823 -0.00030886766 -0.0145086609
v -0.0090401601 -0.00106656074 -0.0142380586
v -0.00920228194 -0.00107194879 -0.0143464459
v -0.009310605 -0.00107555254 -0.0145086627
v -0.00897224434 -0.000369918562 -0.0142380567
v -0.00913027581 -0.000333314907 -0.0143464459
v -0.00896595512 0.000412623078 -0.0145086562
v -0.00887024216 0.000361771032 -0.0143464487
v -0.00872698892 0.000285650167 -0.0142380605
v -0.00832097791 0.000855806167 -0.0142380577
v -0.00843975879 0.000966292107 -0.0143464496
v -0.00851912051 0.00104009791 -0.0145086572
v -0.00736819394 0.00223505381 -0.0144500155
v -0.00730974134 0.00218121242 -0.0143464468
v -0.00723358057 0.00211105775 -0.0142669948
v -0.00926216319 -0.00132873841 -0.0154500064
v -0.00908046775 -0.00130680634 -0.0156330112
v -0.00927908346 -0.000819686451 -0.0154500026
v -0.00920768548 -0.000315385143 -0.0154500017
v -0.00905011874 0.000168954357 -0.0154500026
v -0.00881113578 0.000618744525 -0.015449998
v -0.00849793945 0.00102039741 -0.0154500036
v -0.00843976066 0.000966289546 -0.0155535592
v -0.00909634028 -0.00082951627 -0.0156330168
v -0.00902938843 -0.00035668374 -0.0156330168
v -0.00888165645 9.74468712e-05 -0.015633015
v -0.00865758117 0.000519160472 -0.015633015
v -0.00836393144 0.000895767938 -0.015633015
v -0.00730974413 0.00218120986 -0.0155535564
v -0.00723657385 0.00211381773 -0.0156306326
v -0.00719042588 0.00207131659 -0.0156619474
v -0.00705314474 0.00194487011 -0.0156999808
v -0.00736991223 0.00223662355 -0.0154458936
v 0.00648861285 -0.00235217507 -0.0164000038
v 0.00788826123 -0.00433231611 -0.0164000038
v 0.00687323324 -0.00653453451 -0.0164000001
v 0.00407392951 -0.00257423962 -0.0164000019
v 0.00445854943 -0.00675658556 -0.0164000057
v 0.0030588978 -0.00477644475 -0.0164000019
v -0.00493939873 0.000431573717 -0.0147000002
v -0.00493940664 0.000431573659 -0.0145000024
v -0.00493494049 0.000427519088 -0.0145666301
v -0.00492934277 0.000422439422 -0.0145000033
v -0.00258757244 0.00170257711 -0.0157000031
v -0.00241769315 0.00200687628 -0.0156999994
v -0.0018805837 0.00276085618 -0.0156999975
v -0.000660111895 0.00400955044 -0.0157000013
v -0.00118461787 0.00351905846 -0.0157000031
v -0.000158738389 0.00444165384 -0.015700005
v 0.000769901089 0.0052207727 -0.0156999994
v 0.00079170242 0.00485153729 -0.0152447186
v 0.000771405001 0.00519533176 -0.0155597208
v 0.000774919637 0.00513577554 -0.0154496739
v 0.000775525637 0.00512546767 -0.0154360691
v 0.000782068877 0.00501468964 -0.0153304078
v 0.00078855129 0.0049048746 -0.0152665749
v -0.00240879739 0.00139387487 -0.0152437445
v -0.00263111456 0.00120895193 -0.0153322611
v -0.00276224688 0.00109988137 -0.0154381748
v -0.0027717771 0.00109194452 -0.0154491756
v -0.00282997894 0.00104353402 -0.0155388154
v -0.00286149001 0.00101733685 -0.0156357717
v -0.00286577968 0.00101376022 -0.0156676695
v -0.0028668649 0.00101286615 -0.0156837832
v -0.00286713731 0.00101262901 -0.0156918727
v -0.00284481002 0.000991002074 -0.0145269437
v -0.00276099937 0.000910423172 -0.0143464496
v -0.00264333631 0.000797308167 -0.0142380605
v -0.00271609868 0.000798843044 -0.0142669883
v -0.00279019563 0.000872231903 -0.0143463518
v -0.00284717046 0.000928653113 -0.0144500015
v -0.0028678875 0.000949172769 -0.0145086618
v -0.00325236516 0.000611528405 -0.0144500034
v -0.00313956453 0.000467411359 -0.0142669892
v -0.00331325154 0.000563864771 -0.0144500034
v -0.00326427841 0.000501296832 -0.0143464478
v -0.0032004544 0.000419747201 -0.0142669873
v -0.00337997871 0.00025968405 -0.0142584546
v -0.00350019336 0.000315078301 -0.0143452184
v -0.00356612261 0.000345466484 -0.0144239394
v -0.00361168501 0.000366468041 -0.0145075973
v -0.00364898099 0.000383654027 -0.0146555444
v -0.00493939919 0.000431572407 -0.0153999999
v -0.0046444959 0.000245915086 -0.014700003
v -0.004577755 0.000221458002 -0.015399999
v -0.00453403732 0.000208283964 -0.0147000002
v -0.00416180724 0.000177647467 -0.0153999971
v -0.00430378271 0.000172727843 -0.0146999974
v -0.00407155417 0.00019142541 -0.0154000008
v -0.0040715551 0.000191423722 -0.0147000076
v -0.00395865273 0.000220906775 -0.0147000067
v -0.00376432086 0.000307796523 -0.0154000008
v -0.0034827143 0.000165347796 -0.0142414635
v -0.00320106815 0.000153156405 -0.0142013626
v -0.00314855622 0.000149802363 -0.0142000224
v -0.00355327362 0.000165514706 -0.0142589258
v -0.00386162312 0.000157980379 -0.014361578
v -0.00430093193 0.000170437663 -0.0146248005
v -0.00428546034 0.000146001665 -0.0144416923
v -0.00395632582 0.000219389316 -0.014644932
v -0.00395484176 0.000144143705 -0.0143745458
v -0.00389590138 0.000148091814 -0.0143586723
v -0.00469289115 0.000260993344 -0.0144850966
v -0.00464090845 0.000242739668 -0.0145975947
v -0.00463222386 0.000233008483 -0.0144803701
v -0.00434639258 0.000153610512 -0.0144503349
v -0.00236507831 0.00158856902 -0.0152669922
v 1.86178352e-06 0.00425005099 -0.0152669856
v -0.000115703457 0.00439031143 -0.0154499989
v -0.00220366521 0.00187767309 -0.0152669875
v -0.00252795406 0.0016720267 -0.0154500036
v -0.0011375685 0.0034713822 -0.0154500026
v -0.00168709783 0.00260254461 -0.0152669884
v -0.00100902887 0.00334110972 -0.0152669884
v -0.00182874361 0.00271844212 -0.0154500026
v -0.00236034533 0.00197226019 -0.0154500064
v -0.00375283579 0.000288060692 -0.0155148068
v -0.00338343787 0.000537902408 -0.0156121366
v -0.00330435811 0.000481164723 -0.015677169
v -0.0036711623 0.000147729836 -0.0156771615
v -0.00372012192 0.000231847851 -0.0156121366
v -0.00415939931 0.000154946945 -0.0155148068
v -0.0041525336 9.02733373e-05 -0.0156121356
v -0.00414226111 -6.51458504e-06 -0.0156771652
v -0.00463524088 4.54166147e-05 -0.0156771652
v -0.00460503297 0.000137941024 -0.0156121366
v -0.00458484655 0.000199761533 -0.0155148115
v -0.00506386207 0.000294430734 -0.015677169
v -0.00499845902 0.000366508175 -0.0156121366
v -0.00495475158 0.000414663053 -0.0155148106
v -0.00498588989 0.000466250058 -0.0154574839
v -0.00495104957 0.000440260075 -0.0154288774
v -0.00494231237 0.000433742389 -0.0154144578
v -0.00701486552 0.00198005443 -0.0156954993
v -0.00648261001 0.0015829386 -0.0156768914
v -0.00512364041 0.000569031166 -0.0155128511
v -0.00566584757 0.000973557937 -0.0156111326
v -0.00734684197 0.00222773547 -0.0154824639
v -0.00725410692 0.00215854077 -0.0156010361
v -0.00721891969 0.00213229796 -0.0156295709
v -0.00713538658 0.00206996477 -0.015674619
v -0.00740317535 0.00226976117 -0.0153319081
v -0.00736530032 0.0022415116 -0.0154458443
v -0.00740317861 0.0022697635 -0.0145680942
v -0.00721563399 0.00212984439 -0.0142680956
v -0.00725410599 0.00215854938 -0.0142989727
v -0.00734683918 0.00222773058 -0.0144175431
v -0.00736341113 0.00224009436 -0.0144500779
v -0.00713538844 0.00206997525 -0.0142253833
v -0.00701485993 0.00198004628 -0.0142045114
v -0.00619376078 0.00136743684 -0.0142401997
v -0.00494074356 0.000432573463 -0.0144901881
v -0.00494468771 0.000405531202 -0.014385201
v -0.00494477479 0.000435582653 -0.0144803813
v -0.00496086339 0.000447576545 -0.0144608393
v -0.00495635346 0.000392677612 -0.0143500054
v -0.00505380379 0.000285297399 -0.0142228343
v -0.00503015192 0.000311365497 -0.0142401978
v -0.00567418477 0.000979787088 -0.0142878676
v -0.00498839514 0.000357377518 -0.0142878694
v -0.00527550466 0.000682340469 -0.0143500036
v -0.00502488902 0.000495350803 -0.0144223571
v -0.00477644848 9.22739637e-05 -0.0142214354
v -0.00353856292 0.000127751046 -0.014233646
v -0.00388561282 0.000101917001 -0.0142931892
v -0.00394647894 9.86653831e-05 -0.0143030211
v -0.004288116 0.000109220309 -0.0143459123
v -0.00435077725 0.00011875217 -0.0143516045
v -0.00464309938 0.0002070302 -0.0143717285
v -0.00470484421 0.000236846754 -0.0143749425
v -0.00319814193 0.000146677397 -0.0142007647
v -0.00319521036 0.000140181175 -0.0142003447
v -0.00352257933 8.67347262e-05 -0.0142151117
v -0.00387190282 4.0385934e-05 -0.0142427068
v -0.00393482251 3.52679308e-05 -0.0142473802
v -0.00429294724 4.23990932e-05 -0.0142681738
v -0.00435913634 5.23323251e-05 -0.0142709799
v -0.00466863811 0.000146045903 -0.0142810391
v -0.00473408867 0.000177795999 -0.0142826587
v -0.00319227367 0.00013367318 -0.0142000876
v -0.00350573636 4.35022848e-05 -0.0142038064
v -0.00385576091 -3.20756226e-05 -0.014210877
v -0.00392080564 -4.09637905e-05 -0.0142120896
v -0.00429937616 -4.66620404e-05 -0.0142175583
v -0.00437044119 -3.75566233e-05 -0.0142183071
v -0.0047052633 5.85791167e-05 -0.0142209986
v -0.00289514335 0.000976176874 -0.000600000843
v -0.00289514847 0.000976173382 0.000400001503
v -0.00286723184 0.00101255532 -0.000600000785
v -0.00286714686 0.00101283961 0.000400000281
v 0.000836470106 0.00409326097 -0.000100004479
v 0.000836470805 0.00409326656 0.000399066455
v 0.00124425662 0.00437553274 0.000363077212
v 0.000810615718 0.00407175813 -0.00060000224
v 0.000810619094 0.00407176139 -9.9992285e-05
v 0.00083646999 0.0040932633 -0.000600001193
v 0.00124425651 0.00437552761 -0.000600001542
v 0.00125968282 0.00434875255 -0.000773061241
v 0.000864526955 0.00404506037 -0.000827968062
v 0.00131736603 0.00424864702 -0.000953558309
v 0.000928628317 0.00393501064 -0.000984680955
v 0.00140747521 0.00409225374 -0.00106909836
v 0.00103011425 0.00376067683 -0.00108526589
v 0.0014938711 0.0039422987 -0.00110000465
v 0.00109179772 0.00365527533 -0.00110000453
v -0.0033222686 0.000641876191 0.000307808077
v -0.00322038704 0.000721610908 0.000353613024
v -0.00335453777 0.000616612029 -0.000600000902
v -0.00365100265 0.000384576095 -0.000599997526
v -0.00365100196 0.000384577375 0.000100002158
v -0.00315593928 0.000772056868 0.000375473552
v -0.00299687451 0.000896545767 0.000400004006
v -0.00364664011 0.000388002547 0.000103036145
v -0.00359279732 0.000430148619 0.000140367396
v -0.0034893672 0.00051109225 0.000209881517
v -0.0032936479 0.000664276246 -0.00060000259
v -0.00341762044 0.000567246869 0.000254746265
v 0.000162460085 0.00405845512 -0.000100002006
v 0.000806925469 0.00459366711 -0.00010000429
v -0.00199680729 0.00173657003 -0.000100002508
v -0.0019896375 0.0017484799 -0.00010000146
v -0.00149361405 0.00244424562 -9.99974436e-05
v -0.000833439815 0.00316315191 -0.000100007339
v 0.00460415054 -0.0105843823 -0.000594505924
v 0.00485255662 -0.0103915455 -0.000542897615
v 0.00502380403 -0.0104411962 -0.000671747082
v 0.00659679156 -0.0102378707 -0.00140222698
v 0.00718549825 -0.009977323 -0.00149239157
v 0.00730772037 -0.0102275619 -0.00197333819
v 0.00620744284 -0.0103695001 -0.0012950676
v 0.00318503589 -0.010716009 -9.99978511e-05
v 0.0044272393 -0.0106097339 -0.000532450969
v 0.00317001808 -0.0115756877 -0.000807495962
v 0.00275821658 -0.0114338426 -0.000475482346
v 0.00247994019 -0.0113301417 -0.000274299877
v 0.00221799267 -0.0112267016 -0.000100001889
v 0.00382902706 -0.0117752329 -0.00144862814
v 0.00542509556 -0.0104878992 -0.000936103053
v 0.00573362131 -0.0104692457 -0.0011021063
v 0.00760544324 -0.0108352359 -0.00379791576
v 0.00494682277 -0.0120430868 -0.0030521364
v 0.00747149112 -0.0105623119 -0.00281418278
v 0.00440947339 -0.0119239762 -0.00216957042
v 0.00566930324 -0.0121785989 -0.00505584292
v 0.00538048241 -0.0121281622 -0.00405620458
v 0.00525046559 -0.0121038314 -0.00371346297
v 0.0077053681 -0.01103824 -0.00493786251
v 0.00776724657 -0.0111636259 -0.00624460448
v 0.00587248523 -0.0122119002 -0.0063011758
v 0.00113712705 -0.0107226521 -0.000100002857
v 0.000815886189 -0.0105454195 6.72836395e-05
v 0.000739311625 -0.0105010262 0.000138546035
v 0.000872447621 -0.0105776582 -2.57711545e-05
v 0.000885975198 -0.0105853025 -0.000100005076
v 0.000888015842 -0.0105864555 -0.000100002653
v 0.000509478094 -0.0103624417 0.000264588569
v 0.000253938953 -0.0101982933 0.000343864725
v -0.000846660987 -0.00933993794 0.000399997894
v -0.000238974695 -0.00984771177 0.000400000426
v -0.00277143857 -0.00660719024 0.000399996323
v -0.0023685724 -0.00743179349 0.000399999029
v -0.00187093474 -0.00820120145 0.000399998593
v -0.00306098186 -0.00578664336 0.000400005432
v -0.00325978128 -0.00494622719 0.00040000095
v -0.00337752025 -0.0040551424 0.000399997021
v -0.0028671585 0.001012775 0.000397945376
v -0.00286720344 0.00101259071 0.000395902491
v -0.00286693312 0.001013548 0.0016616768
v -0.00286647049 0.001015277 0.0024000057
v -0.00341371493 -0.00315081654 0.000399998273
v -0.00336339395 -0.00201855553 0.000399999059
v -0.00323040877 -0.000896512065 0.000399999233
v -0.00813616905 -0.00329004112 0.000399997283
v -0.00731093064 -0.00477666128 0.000399996963
v -0.00514102029 0.000209417849 0.000400003133
v -0.0046708812 -6.37180419e-05 0.000399998622
v -0.00371035398 -0.00834154431 0.000399996556
v -0.00221558264 -0.00915192813 0.000399998069
v -0.000621273241 -0.0097429147 0.000399996992
v -0.00704968162 0.00194168848 0.000399997632
v -0.00818087719 0.000725492253 0.000400000077
v -0.00855802372 0.000195877758 0.000399995624
v -0.00878584292 -0.000413089729 0.0003999974
v -0.00884892326 -0.00106020621 0.00040000031
v -0.00874300301 -0.00170170562 0.00039999868
v -0.00413014786 -0.000120670127 0.000399999728
v -0.00507558417 -0.00732803252 0.000400002609
v -0.00628385693 -0.00613173563 0.000400002929
v -0.00361341261 4.8507809e-05 0.000400002784
v -0.00321107707 0.000414235663 0.000400005054
v -0.00918512046 -0.001835578 9.13391705e-05
v -0.00922154635 -0.00184660661 -0.000100000027
v -0.00858942233 -0.00350113097 -9.99988988e-05
v -0.000674899144 -0.00992658641 0.000361937651
v -0.000720365322 -0.0100823073 0.000253553007
v -0.000750738778 -0.0101863425 9.13379117e-05
v -0.00855492335 -0.00348506332 9.1343034e-05
v -0.00824100059 -0.00419247011 -9.99989861e-05
v -0.00769791286 -0.00502891932 9.13422482e-05
v -0.00772980135 -0.005049692 -0.000100004945
v -0.00665993663 -0.00646122592 -0.000100004479
v -0.00663131243 -0.0064361454 9.1337919e-05
v -0.00540131377 -0.00770736439 -0.000100000841
v -0.0053765215 -0.00767849106 9.13419935e-05
v -0.00497610122 -0.00805652887 -9.99992481e-05
v -0.00395873096 -0.00873102807 9.13440745e-05
v -0.00397920376 -0.00876311678 -0.000100003512
v -0.00240641716 -0.00957260467 9.13418116e-05
v -0.00282681268 -0.00941487402 -0.000100003468
v -0.000447133993 -0.0103102028 -0.000100000245
v -0.000761407951 -0.0102228737 -9.99996046e-05
v -0.0024221458 -0.00960726384 -0.000100005076
v -0.00236164615 -0.00947390031 0.000253551203
v -0.00390045857 -0.0086396439 0.000253553182
v -0.00530591374 -0.00759625994 0.00025355324
v -0.00654978398 -0.00636472227 0.000253552134
v -0.00760711404 -0.00496973144 0.000253549893
v -0.00845667068 -0.00343929697 0.000253551028
v -0.0090813851 -0.00180416601 0.000253554754
v -0.00229462842 -0.00932617672 0.000361934915
v -0.00381324021 -0.00850287266 0.000361936924
v -0.00520023052 -0.00747320428 0.000361939165
v -0.00642777886 -0.00625781482 0.000361936836
v -0.00747122569 -0.00488115288 0.000361940212
v -0.00830961857 -0.00337081519 0.000361938932
v -0.00892613642 -0.00175715354 0.000361940823
v 0.00614558859 -0.00589542789 -0.00110000558
v 0.00614558905 -0.00589542976 0.0010999986
v 0.00672608102 -0.00537975784 -0.00110000442
v 0.00672608148 -0.00537975924 0.00109999988
v 0.00697096437 -0.00464292429 -0.00110000337
v 0.00697096344 -0.00464292802 0.00109999417
v 0.00681462744 -0.00388237066 -0.00110000116
v 0.00681462837 -0.00388237229 0.00110000302
v 0.00629895972 -0.00330188917 -0.00109999755
v 0.00629895506 -0.00330187986 0.00109999487
v 0.00556212664 -0.00305699278 -0.00110000186
v 0.0055621271 -0.00305699417 0.00110000232
v 0.00480157463 -0.00321334484 -0.0010999993
v 0.00480157183 -0.00321333273 0.00109999976
v 0.0042210822 -0.00372901512 -0.00110000069
v 0.00422107941 -0.00372900302 0.00109999836
v 0.00397619652 -0.00446583237 -0.00110000023
v 0.00397619558 -0.00446583657 0.00109999732
v 0.00413253717 -0.00522639928 -0.0010999972
v 0.00413253251 -0.00522639044 0.00109999522
v 0.00464820536 -0.005806881 -0.00110000069
v 0.00464820443 -0.00580688519 0.00109999685
v 0.00538503472 -0.00605176343 -0.00110000162
v 0.00538503379 -0.00605176808 0.00109999592
v 0.022675328 0.0177676491 -0.00169999676
v 0.0210482422 0.0171296429 -0.00139035564
v 0.019545557 0.0166964885 -0.00169999548
v 0.0229326114 0.0177205894 -0.00113863673
v 0.0229831971 0.0177096911 -0.00105379545
v 0.021121677 0.0169797819 -0.000867857831
v 0.0232656077 0.0176386666 -0.000703493424
v 0.0233862437 0.0176029243 -0.000599191641
v 0.0212603193 0.0168294851 -0.00058353768
v 0.0236198828 0.0175241586 -0.000440282689
v 0.0185613297 0.0163950678 -0.00176156592
v 0.0185383949 0.0164905507 -0.00265388493
v 0.0185294263 0.0165577494 -0.00384465535
v 0.010408761 0.0142831746 -0.00486175343
v 0.00768235838 0.0135679115 -0.00482033938
v 0.00753407413 0.0134715103 -0.0028381017
v 0.00740406336 0.0133358929 -0.00162189594
v 0.00729227671 0.0131772142 -0.000925564498
v 0.00708530657 0.0129727097 -0.000547974952
v 0.00701514957 0.0128721595 -0.00048039644
v 0.0134688662 0.014556447 -0.000568243908
v 0.0081239678 0.0129455673 -0.000385720836
v 0.00682931021 0.0125965802 -0.000355864904
v 0.0028007885 0.0114997542 -0.000236101405
v 0.0175534897 0.0155386021 -0.000477743626
v 0.0157481786 0.0150215663 -0.000476634712
v 0.0162477363 0.0153010339 -0.000575398211
v 0.0155579811 0.0149682052 -0.000476106885
v 0.0133026419 0.0143446419 -0.000463236152
v 0.0158530921 0.0157785937 -0.00519710174
v 0.0158767272 0.0157354958 -0.00341820577
v 0.0159121677 0.0156618301 -0.00222540577
v 0.0159620363 0.0155627877 -0.00141175056
v 0.0186074115 0.0162704103 -0.00111432141
v 0.0131153269 0.0150075834 -0.00498434296
v 0.0131376283 0.0149560627 -0.00310384692
v 0.0103635387 0.0142109953 -0.00291533
v 0.0131755965 0.0148711773 -0.00190983759
v 0.0103359474 0.0141024617 -0.00171526603
v 0.0132289808 0.0147637865 -0.00116099813
v 0.0103250602 0.0139726251 -0.00100749719
v 0.0103186984 0.0138203492 -0.000609205046
v 0.0133613413 0.0146175539 -0.000648812391
v 0.0210458618 0.0166196954 -0.00046253344
v 0.0188189819 0.0160440933 -0.000577911444
v 0.0186818913 0.0161532871 -0.00076393428
v 0.0161123686 0.0153747434 -0.000692033325
v 0.01602914 0.0154491765 -0.000899303122
v 0.0132937124 0.0146581884 -0.000757004833
v 0.0103233056 0.0138578247 -0.000671112444
v 0.00719017768 0.0130376723 -0.00060962711
v 0.0282570254 0.00173214159 -0.00692450767
v 0.0282494221 0.0018248118 -0.0055729975
v 0.0282331258 0.002022475 -0.00429393398
v 0.0282089431 0.00231528701 -0.00318596675
v 0.0281770751 0.0026950289 -0.0022386522
v 0.0274836309 0.010252988 0.00123782991
v 0.0275422465 0.00968655571 0.00124773663
v 0.0276304595 0.00877976883 0.00122291653
v 0.0277450662 0.00756499218 0.00109468296
v 0.0278407875 0.00652742945 0.000872137083
v 0.0279251505 0.00560227223 0.000551588077
v 0.0279940553 0.00482787564 0.000156344482
v 0.028052099 0.00415860023 -0.00032065183
v 0.0281016137 0.00358048943 -0.000885056099
v 0.0281428602 0.0031004576 -0.00151815941
v 0.0272728261 0.0119284261 0.00116515963
v 0.0271350071 0.0127184493 0.00111899187
v 0.0269861594 0.0133855799 0.00107340701
v 0.0268885847 0.0137466257 0.00100539741
v 0.0268166736 0.0139830392 0.000906122266
v 0.0267667808 0.0141343465 0.000809244637
v 0.026690416 0.0143483579 0.000593919423
v 0.0266747102 0.0143899713 0.000532530597
v 0.026657952 0.0144335572 0.000454792054
v 0.0266387369 0.0144825168 0.000337663572
v 0.0266194139 0.0145306885 2.36440719e-05
v 0.0265344363 0.014730962 3.87563978e-06
v 0.0266194139 0.0145306708 4.76220303e-05
v 0.0260370933 0.0156480912 -9.99453187e-05
v 0.0260368641 0.0156484526 0.000907198701
v 0.0147089334 0.0121335918 -0.000156582697
v 0.0175028294 0.014207053 -0.000304547517
v 0.0191983785 0.0147203086 -0.000304641319
v 0.008804176 0.0125590507 -0.000294543948
v 0.0168168768 0.0148521932 -0.000408954307
v 0.0241835825 0.0172783844 -0.000376268028
v 0.02233929 0.0157841966 -0.00029393466
v 0.0219510272 0.0158157554 -0.000315951853
v 0.0215355121 0.0157935768 -0.000332764437
v 0.0213415548 0.0157631934 -0.000338102342
v 0.0248591285 0.0168625358 -0.000288525014
v 0.0249489471 0.016795354 -0.000275879429
v 0.0227239691 0.015701538 -0.000266295159
v 0.022933403 0.0156335328 -0.000248828641
v 0.0240902621 0.0148690883 -0.000117006377
v 0.02553734 0.0162661932 -0.000186616919
v 0.0238018055 0.0151385209 -0.000156397073
v 0.0232892837 0.0154764894 -0.00021504196
v 0.0248777121 0.0124296667 0.000112283822
v 0.0248941425 0.0130427219 6.94532064e-05
v 0.0255146604 0.0128496997 0.000105159939
v 0.0248367451 0.0134417964 3.71912793e-05
v 0.0246481523 0.014025501 -1.73998105e-05
v 0.0245446619 0.0142374439 -3.97735603e-05
v 0.0244623572 0.014380822 -5.58177453e-05
v 0.0244097468 0.0111684948 0.000179470764
v 0.0245802253 0.0114630181 0.000165671183
v 0.0246983673 0.0116076376 0.000160146563
v 0.0247041695 0.0117429048 0.00015186888
v 0.0247994736 0.012035897 0.000136000468
v 0.00241098111 0.00765332812 0.000222459348
v 0.00512587838 0.00801878236 0.000156085182
v 0.00230928976 0.00737748621 0.000243304225
v 0.00206969096 0.00684019271 0.00028375024
v 0.00272619282 0.00877403934 0.000133677051
v 0.00288409204 0.00955190044 6.344945e-05
v 0.00308487425 0.00994258374 2.21151149e-05
v 0.00124619855 0.00438128971 0.000452474225
v 0.000836252759 0.00409693038 0.000476183952
v 0.00076990173 0.00522077316 0.000411208137
v 0.00138424325 0.00445619645 0.000445685524
v 0.000804842392 0.00525173312 0.000408671069
v 0.00267965882 0.0052025849 0.000378418452
v 0.00134092791 0.00577778323 0.000366122084
v 0.00166273036 0.00617312314 0.000334968237
v 0.00972938724 0.0119004557 -0.00019812664
v 0.0116026578 0.0103438115 -3.71521674e-05
v 0.00867663044 0.0086579062 8.77295388e-05
v 0.00181791687 0.0063997726 0.000317358848
v 0.00600433489 0.00711819204 0.000211772625
v 0.0209630448 0.0156651847 -0.000343556429
v 0.0204049964 0.0154155297 -0.000338049256
v 0.0116846608 -0.00629628543 -0.000357643294
v 0.0129012279 -0.00502656261 2.24851101e-05
v 0.0130583206 -0.00557031948 -0.000426902319
v 0.0250668097 -0.00045136697 -0.00658096606
v 0.0251124576 -0.000324159773 -0.00548228528
v 0.0251312498 -0.000146853461 -0.00447295047
v 0.0251231305 8.03405856e-05 -0.00355403288
v 0.0233972482 0.00527450629 0.00117793935
v 0.0229909942 0.0061801686 0.00126412103
v 0.0193244424 0.003504402 0.00126940967
v 0.0218757968 0.00663913833 0.00128424331
v 0.0233142991 0.00753831863 0.00126955158
v 0.0252199601 0.00875872094 0.00125311804
v 0.0250881854 0.000357035577 -0.0027262182
v 0.0250270851 0.000682010839 -0.00198856974
v 0.0249404088 0.00105425075 -0.00133886375
v 0.0248275306 0.00147429213 -0.000771587482
v 0.024686845 0.00194412121 -0.000280313077
v 0.0245140102 0.00246967748 0.00014132676
v 0.0243038964 0.00305805285 0.000498454843
v 0.0240508728 0.00371725531 0.000791497296
v 0.0237497427 0.00445458386 0.00101914688
v 0.0184060801 0.002368371 0.001226358
v 0.0190875679 -0.00148959761 -0.000145450758
v 0.0129123656 -0.00464625098 0.000235250409
v 0.0189485084 -0.000905900553 0.000253242964
v 0.0141696641 -0.00299115153 0.0006335121
v 0.0187742356 -0.00026088889 0.000588425552
v 0.0154437199 -0.0013498934 0.000902771251
v 0.0185611676 0.000450376159 0.000861798588
v 0.0167294443 0.000276846025 0.00108390977
v 0.0183063541 0.00123185257 0.00107393961
v 0.016830584 0.000403807499 0.00109519414
v 0.0180387013 0.00191219512 0.00120268296
v 0.0116085764 -0.006397577 -0.0004022012
v 0.0131885018 -0.00606267154 -0.000954475952
v 0.0107384063 -0.00740532717 -0.000850376149
v 0.00805390812 -0.00950986892 -0.0015201855
v 0.00888392795 -0.00898203626 -0.00144206861
v 0.0098500317 -0.00823126454 -0.00119283015
v 0.0132934945 -0.00650567003 -0.00157251337
v 0.0133741014 -0.00689983042 -0.00229387288
v 0.01342877 -0.00724165887 -0.00312996656
v 0.0134553043 -0.00752665149 -0.00409090985
v 0.0134511124 -0.00774973677 -0.00518354634
v 0.0134135215 -0.00790572166 -0.00641404372
v 0.0192164779 -0.00431011338 -0.00649908977
v 0.0192966368 -0.00414438639 -0.00533619802
v 0.0193469599 -0.00392038329 -0.00428684894
v 0.0193687528 -0.00364078814 -0.00334848138
v 0.0193633717 -0.00330833974 -0.00251803617
v 0.0193322971 -0.00292596174 -0.00179026625
v 0.0192766413 -0.00249594939 -0.00115858042
v 0.0191956591 -0.00201784144 -0.000613530632
v 0.0263267215 0.0123694306 0.00111463887
v 0.0252230037 0.0106689464 0.00117798185
v 0.0250802618 0.0104633579 0.00118495629
v 0.0249249469 0.0102672437 0.00119113002
v 0.0233991239 0.00845714007 0.00124319934
v 0.0227091219 0.0112068849 -0.00169999746
v 0.0227091219 0.0112068895 0.00110000244
v 0.0234057046 0.0118256938 -0.00170000561
v 0.0234057084 0.0118256845 0.00109999941
v 0.0236995686 0.0127098858 -0.00170000154
v 0.0236995686 0.0127098896 0.00109999836
v 0.0235119667 0.0136225512 -0.00169999665
v 0.0235119648 0.0136225559 0.00110000325
v 0.0228931606 0.0143191414 -0.00170000049
v 0.0228931606 0.0143191461 0.00109999941
v 0.0220089611 0.0146130044 -0.00170000363
v 0.0220089648 0.014612996 0.00110000139
v 0.0210963003 0.0144253951 -0.00169999315
v 0.0210963003 0.0144253997 0.00110000675
v 0.0203997064 0.0138065936 -0.00170000223
v 0.0203997102 0.0138065852 0.00110000279
v 0.0201058481 0.0129223876 -0.00170000119
v 0.0201058462 0.0129223932 0.00109999871
v 0.0202934574 0.0120097296 -0.00169999397
v 0.0202934556 0.0120097334 0.00110000593
v 0.0209122617 0.0113131385 -0.00169999001
v 0.020912258 0.0113131367 0.00109999662
v 0.0217964537 0.011019283 -0.00170000538
v 0.0217964537 0.0110192737 0.00110000081
v 0.00619693054 0.00722915307 -0.00169999257
v 0.00619692914 0.00722915633 -0.000600000087
v 0.0204049926 0.0154155372 -0.00170000258
v 0.0241847932 0.0108688101 0.000192469903
v 0.0226498786 0.00907003041 0.000243930786
v 0.0241847951 0.0108688083 -0.00170000002
v 0.0211148169 0.00727108726 0.00028438936
v 0.0185134634 0.00422254065 0.000273060316
v 0.0158538409 0.00110572216 0.000106946543
v 0.0113466242 -0.00417629629 -0.00170000084
v 0.0145266503 -0.000449610001 -5.2457126e-05
v 0.0132019399 -0.00200205506 -0.000283846079
v 0.0113466261 -0.00417630374 -0.00109999999
v 0.0118830325 -0.00354768638 -0.000616705045
v 0.0105843311 -0.00506963814 -0.00110000127
v 0.0237826705 0.0151540413 -0.00169999374
v 0.0243019592 0.011015133 0.000186370453
v 0.0247629657 0.011911192 -0.00170000526
v 0.0248895902 0.0130964294 -0.00169999257
v 0.0245446693 0.0142374281 -0.00169999979
v 0.0227238759 0.0157015659 -0.00169999385
v 0.0215354469 0.015793575 -0.00169999513
v 0.0255212858 0.0128597813 0.000116831849
v 0.00640368694 0.00677123573 -0.00109999382
v 0.00686764764 -0.00882730354 -0.0011000043
v 0.00747582596 -0.00852323137 -0.00109999883
v 0.00755055202 -0.00847296324 -0.00109999825
v -0.00818087906 0.000725497375 -0.00109999673
v -0.00704968115 0.00194167695 -0.00110000069
v -0.00513096014 0.000200285736 -0.00110000186
v -0.00808629487 -0.00339578255 -0.00109999708
v -0.00474785035 -4.31263907e-05 -0.0010999993
v -0.00438331813 -0.000139945507 -0.00109999988
v 0.000171538268 -0.00994534045 -0.00109999988
v -0.00156864827 -0.00942290481 -0.00110000523
v -0.0032100149 -0.00864373613 -0.00110000209
v 0.0105043622 -0.00516335154 -0.00110000547
v 0.0096594058 -0.00615355512 -0.00110000395
v 0.00888995267 -0.00705528678 -0.00110000046
v 0.00812087208 -0.00795657374 -0.00110000512
v -0.00874300487 -0.00170170062 -0.00109999813
v -0.00482585421 -7.52456572e-06 -0.0010999979
v -0.00471493741 -0.00762569671 -0.00110000535
v -0.0060489052 -0.00639213296 -0.00109999964
v -0.0071813399 -0.00497130351 -0.00110000244
v 0.00547476625 -0.00990854017 -0.00110000407
v 0.00378744351 -0.0101782326 -0.00110000418
v 0.00197065179 -0.0101990504 -0.00110000302
v -0.00250454363 0.000663874904 -0.00110000046
v -0.00253705122 0.000621510728 -0.00110000325
v -0.00298548327 0.000270530494 -0.00110000232
v -0.00304636825 0.000222883857 -0.00110000139
v -0.00390556501 -0.000123871054 -0.00110000407
v -0.0043066591 -0.000147509127 -0.00110000081
v -0.00383835286 -0.00011020813 -0.00110000104
v -0.00348845241 -8.59998295e-07 -0.00109999999
v -0.00318933092 0.000127155698 -0.00109999999
v -0.00883227494 -0.00127683312 -0.00110000023
v -0.00884669647 -0.000842945301 -0.00109999534
v -0.00878583826 -0.000413083559 -0.00110000162
v -0.0086515313 -2.40745237e-07 -0.00109999988
v -0.00844783429 0.000383139297 -0.00109999871
v -0.00314750173 0.000147471568 -0.00109999336
v -0.00314040738 0.000149281099 -0.00109999673
v 0.00632456364 0.00694646593 -0.00106194452
v 0.00625748746 0.00709503749 -0.000953550567
v 0.00621266663 0.00719430624 -0.000791338447
v 0.00602458697 -0.0094817346 -0.000904590997
v 0.00610820809 -0.00974242855 -0.000916276709
v 0.00571452593 -0.00972243492 -0.000777619076
v 0.00606778031 -0.00944821164 -0.000919811777
v 0.00616364973 -0.00937379524 -0.000951247348
v 0.00631541526 -0.00935999397 -0.000974260503
v 0.0067060967 -0.00895271078 -0.00107607257
v 0.00687717507 -0.00928888563 -0.00103755295
v 0.00644467259 -0.0096876584 -0.00100423361
v 0.00550151523 -0.0101243891 -0.000734138535
v 0.00522071682 -0.0101057496 -0.00057172816
v 0.00537863141 -0.00998316891 -0.000627916364
v 0.00493398914 -0.0103283385 -0.000532382401
v 0.00698757218 -0.00951870158 -0.00109432347
v 0.0070602023 -0.00967718381 -0.00117771013
v 0.00654254435 -0.00999300927 -0.0011530855
v 0.00618420681 -0.0100868335 -0.00104764372
v 0.00576480245 -0.0101365047 -0.000873885758
v 0.00550054247 -0.00988853816 -0.000680212281
v 0.00769122317 -0.00889729708 -0.00106345548
v 0.00789677259 -0.0092481235 -0.00121286919
v 0.00826689508 -0.00818876736 -0.00101162575
v 0.00837441534 -0.0083478028 -0.000997611438
v 0.00842975639 -0.00842638966 -0.00100439205
v 0.00859594066 -0.00864971709 -0.00107888668
v 0.0087516401 -0.00884021167 -0.00122893555
v 0.00864967331 -0.00871772319 -0.0011210033
v 0.0102020968 -0.00695107318 -0.000533402024
v 0.00943882298 -0.0078345621 -0.000828670745
v 0.0092217382 -0.00756865274 -0.000807685778
v 0.0110020777 -0.00578915793 -0.000163287652
v 0.011343183 -0.0060787648 -0.000167062928
v 0.0112743834 -0.00618205965 -0.000207262507
v 0.0107296417 -0.00548545271 -0.000347091758
v 0.0109382598 -0.00589396525 -0.00019451858
v 0.0105804354 -0.00522845658 -0.000681657635
v 0.0106661422 -0.0055898116 -0.000366485299
v 0.0099482704 -0.00665661274 -0.000592123601
v 0.00965684839 -0.00806449261 -0.000962321996
v 0.0104797846 -0.00721421326 -0.000624160166
v 0.010511389 -0.00532922894 -0.000689425215
v 0.00975754671 -0.00637632748 -0.000791253813
v 0.00903127529 -0.0072982409 -0.0009018415
v 0.0164603125 0.000505668926 0.00109375804
v 0.0151620405 -0.0011140611 0.000939542544
v 0.0138725471 -0.00275072106 0.000707092695
v 0.0190751515 0.00371782808 0.0012423622
v 0.0216422752 0.00683752075 0.00123262149
v 0.0214977954 0.00695930282 0.00114667509
v 0.0188474376 0.0039156056 0.00111021369
v 0.021431284 0.00701506669 0.00108946511
v 0.0186659973 0.00407627365 0.000887306989
v 0.0212196261 0.00719030853 0.000781199837
v 0.0185504965 0.0041824244 0.000597788894
v 0.0211541746 0.00724285608 0.000591296761
v 0.0125959143 -0.00440833764 0.000359491532
v 0.0122877033 -0.00413400773 0.000315661862
v 0.0120407855 -0.00387048605 0.000111298141
v 0.0118976785 -0.00366314058 -0.000218424655
v 0.0135890851 -0.00249521388 0.000630559691
v 0.0133622121 -0.00226332946 0.000415494607
v 0.0132262995 -0.00209020684 9.44756321e-05
v 0.0148974378 -0.000876147707 0.000841093657
v 0.0146859884 -0.00066857168 0.000620835985
v 0.0145565085 -0.000519626017 0.000308809133
v 0.0162104387 0.000728375977 0.000980353798
v 0.0160110351 0.000917136669 0.000757863105
v 0.0158870053 0.00104838214 0.000454081455
v 0.0230273362 0.00877056271 0.00109884003
v 0.0227541551 0.00899402983 0.000734496571
v 0.0245575197 0.0105763068 0.00104236882
v 0.0242881123 0.0107952654 0.000678864832
v 0.0246939026 0.0107485382 0.00103625958
v 0.0244106054 0.0109493928 0.000672780327
v 0.0248192269 0.0109291207 0.00102937839
v 0.0245231967 0.0111109512 0.000665916596
v 0.0259267967 0.0126263145 0.000962552032
v 0.0256340131 0.0128045641 0.000599844789
v 0.0224616956 0.0151757048 0.0010999993
v 0.0201387648 0.0144800153 0.00109999825
v 0.0195797756 0.0121204546 0.00110000477
v 0.0213437229 0.0104565788 0.00109999685
v 0.0236666538 0.0111522675 0.00109999767
v 0.0242256485 0.0135118216 0.00110000966
v 0.0221679453 0.0178205427 -0.00169999839
v 0.00383100845 -0.0106763318 -0.000600002415
v 0.00460414868 -0.0105843758 -0.000599998166
v -0.00922154821 -0.00184660684 -0.000600003405
v -0.00853747036 -0.00361128221 -0.000599999214
v -0.00824100245 -0.00419247057 -0.000600002357
v -0.0075948108 -0.00525244139 -0.000600001717
v 0.0019385136 -0.0106980186 -0.000599999621
v 0.00206449302 -0.0107054841 -0.00010000301
v 6.44370957e-05 -0.0104337307 -0.000600000669
v -0.00680606393 -0.00629139226 -0.000600001542
v -0.00641519157 -0.00673247734 -0.000599996478
v -0.0050256364 -0.00801744685 -0.000600003696
v -0.00497610308 -0.00805652887 -0.000600002531
v -0.00345801888 -0.00907789916 -0.000600003405
v -0.00282681291 -0.00941487122 -0.000600000145
v -0.00174825545 -0.00988953281 -0.000599998282
v -0.000447128725 -0.0103102019 -0.000600005791
v -0.00932866987 -0.0013367791 -0.000599998981
v -0.00934864581 -0.00107681204 -9.99973636e-05
v -0.00934598036 -0.000816095795 -0.000600003405
v -0.0093459785 -0.000816095504 -0.000100000048
v -0.00927294604 -0.000300280197 -0.000600002008
v -0.00927294418 -0.000300279906 -9.99986223e-05
v -0.00911178067 0.000195139291 -0.000600002997
v -0.00899956096 0.000430475484 -9.99982803e-05
v -0.00886733551 0.000655185431 -0.000599999155
v -0.008546995 0.00106602488 -9.9997611e-05
v -0.00854698941 0.0010660257 -0.000600003172
v -0.00741745904 0.00228041736 -9.99967815e-05
v -0.0074174609 0.00228041713 -0.000600000087
v 0.00508664828 -0.0102098212 -0.00105229404
v 0.00469889166 -0.0105108321 -0.000834066072
v 0.00483034784 -0.0104087833 -0.000944282918
v 0.00497650728 -0.0102953305 -0.00101656583
v 0.00464158691 -0.0105553102 -0.00075019605
v 0.00460770074 -0.0105816256 -0.000646802713
v -0.00500199292 -0.0079876231 -0.000791346421
v -0.00756334281 -0.00523104612 -0.000791340717
v -0.00850312505 -0.00359487906 -0.000791338913
v 0.00013055226 -0.0101322373 -0.0010619394
v -0.0082589509 -0.00347825326 -0.00106194185
v 0.00382768875 -0.010638413 -0.000791346421
v 0.00381824747 -0.010530442 -0.000953552895
v 0.00380411907 -0.0103688529 -0.00106193894
v -0.00163738092 -0.00960147381 -0.00106193929
v -0.00169565203 -0.0097528547 -0.000953560753
v 0.00195835182 -0.0103899976 -0.0010619401
v -0.00330492295 -0.00880989525 -0.00106194138
v -0.00338538294 -0.00895073265 -0.000953553186
v -0.00343913981 -0.00904485025 -0.000791343627
v 9.58019955e-05 -0.0102906786 -0.000953553652
v 0.00194792659 -0.0105518727 -0.000953554991
v -0.00173458958 -0.00985401217 -0.000791345723
v 7.2591989e-05 -0.0103965541 -0.00079134031
v 0.00194095913 -0.0106600365 -0.000791343395
v -0.00898227934 -0.00177415705 -0.0010330152
v -0.00840532407 -0.00354816415 -0.000953548879
v -0.00908138789 -0.00180416869 -0.000953554932
v -0.00915743504 -0.00182719552 -0.000849997974
v -0.00733957067 -0.00507888757 -0.00106194313
v -0.00747371512 -0.0051700878 -0.000953557435
v -0.00638731197 -0.00670656748 -0.000791343802
v -0.00630790414 -0.00663279369 -0.000953553536
v -0.0061890739 -0.0065223705 -0.00106194103
v -0.00483383564 -0.0077756159 -0.00106194126
v -0.00493463734 -0.00790270697 -0.000953553536
v -0.00843976159 0.000966291642 -0.000953552779
v -0.00836393051 0.000895753503 -0.00103300961
v -0.00865758397 0.000519159541 -0.00103301439
v -0.00849794038 0.0010203995 -0.000849996984
v -0.00881113112 0.0006187447 -0.000850000593
v -0.00888165832 9.74459545e-05 -0.0010330159
v -0.00902938936 -0.000356681674 -0.00103301078
v -0.00909633562 -0.000829516095 -0.00103301869
v -0.00908047054 -0.00130680727 -0.00103301182
v -0.00905011967 0.000168956423 -0.000849996344
v -0.00920768827 -0.000315386074 -0.000850001816
v -0.00927908532 -0.000819687382 -0.000850002922
v -0.00926216226 -0.00132875261 -0.000850001292
v -0.0072335843 0.00211106171 -0.00103300344
v -0.00730974646 0.00218120916 -0.000953556213
v -0.00736819627 0.00223504985 -0.000849988137
v -0.00931060594 -0.00107555045 9.13441472e-05
v -0.00851912331 0.00104009698 9.13428594e-05
v -0.00896595046 0.000412623223 9.13416006e-05
v -0.00843976066 0.000966291176 0.000253550272
v -0.00887023378 0.000361757702 0.000253554055
v -0.00832097977 0.000855805236 0.000361942308
v -0.00872699171 0.000285649265 0.000361940009
v -0.00923586916 -0.000308865623 9.13456024e-05
v -0.00913027767 -0.000333315809 0.000253554143
v -0.00897224713 -0.000369919464 0.000361942744
v -0.00904015545 -0.00106656051 0.000361938844
v -0.00920228381 -0.00107194972 0.000253553735
v -0.00736990897 0.00223662681 0.000145897342
v -0.00730974367 0.00218121172 0.000253553502
v -0.00723657664 0.00211382331 0.0003306281
v -0.00705315219 0.00194488023 0.000399977522
v 0.00648861052 -0.00235217903 0.00109999371
v 0.00407392904 -0.00257424079 0.00110000197
v 0.00305890059 -0.00477644522 0.00109999976
v 0.00445854897 -0.00675658602 0.00109999801
v 0.00788825843 -0.00433231983 0.00109999196
v 0.00687323231 -0.00653453544 0.00110000256
v -0.00492933765 0.000422437239 -0.000800001842
v -0.00493940152 0.000431571505 -0.000800000271
v -0.00493493769 0.00042751708 -0.000733369088
v -0.00493940245 0.000431572524 -0.000600003928
v -0.00241769338 0.00200687046 0.000399997865
v -0.00258756755 0.00170257455 0.000399999175
v -0.00188059115 0.00276086316 0.000399994809
v 0.000769900857 0.00522076664 0.000399997429
v -0.00118461635 0.00351905543 0.000400000921
v -0.000660113932 0.00400954718 0.000400002958
v -0.000158742114 0.00444164732 0.000399993703
v 0.000791699509 0.00485153869 -5.52822894e-05
v 0.000788553094 0.00490486436 -3.3427692e-05
v 0.000804543553 0.00463400828 -9.89547843e-05
v 0.000782071089 0.00501468265 3.04071036e-05
v 0.000775528664 0.00512546161 0.000136064249
v 0.000774917833 0.00513576902 0.000149673506
v 0.000771407678 0.0051953271 0.000259727123
v -0.00286686374 0.00101285591 0.000383780483
v -0.00286577968 0.00101376022 0.000367672968
v -0.00286148768 0.00101732428 0.000335771503
v -0.00282997941 0.00104354112 0.000238815614
v -0.0027717778 0.00109195302 0.000149176965
v -0.00276224571 0.00109987368 0.000138175936
v -0.00263111712 0.00120894727 3.22663473e-05
v -0.00240880158 0.00139387383 -5.62500827e-05
v -0.00286714034 0.00101263041 0.000391871115
v -0.00284481514 0.000991004636 -0.000773060077
v -0.00276099914 0.000910423172 -0.000953553885
v -0.00264333864 0.000797310786 -0.00106194068
v -0.00286789052 0.000949171605 -0.000791343686
v -0.00279026222 0.00087229273 -0.000953550276
v -0.00267408881 0.000757226313 -0.00106193416
v -0.00310340687 0.000421210483 -0.00106193777
v -0.00320338621 0.000548944576 -0.000953554874
v -0.00327019277 0.000634305819 -0.00079134159
v -0.00333108264 0.000586641661 -0.000791339902
v -0.00326427817 0.00050129689 -0.000953551731
v -0.00316430046 0.0003735598 -0.00106194126
v -0.00364897819 0.000383655075 -0.000644456362
v -0.00361168757 0.000366460707 -0.000792404928
v -0.00356611703 0.000345461507 -0.000876060338
v -0.00350019173 0.00031507801 -0.000954778574
v -0.00337997638 0.00025967884 -0.00104154204
v -0.00376432319 0.000307783921 0.000100001082
v -0.00395864761 0.000220895614 -0.000599999737
v -0.00407155324 0.000191413346 0.00010000066
v -0.0040715537 0.000191412022 -0.000599999039
v -0.00416180957 0.000177648893 9.99986514e-05
v -0.00430378318 0.000172727174 -0.00060000224
v -0.0045777522 0.000221462949 0.000100002479
v -0.00493940199 0.000431573804 9.99957483e-05
v -0.00464449497 0.000245917385 -0.000600001076
v -0.00453403592 0.000208286292 -0.000599998457
v -0.0046409131 0.000242740905 -0.000702406629
v -0.00469289487 0.000260998379 -0.000814907544
v -0.00463222153 0.000233006314 -0.000819632609
v -0.00434639351 0.00015360376 -0.000849670439
v -0.00430092867 0.000170436047 -0.000675202755
v -0.00428546406 0.000146003164 -0.000858312182
v -0.00395484129 0.000144143414 -0.000925463159
v -0.00395632256 0.000219389505 -0.000655072974
v -0.00389590533 0.00014808579 -0.000941333477
v -0.00314855552 0.000149806918 -0.00109997869
v -0.00355327944 0.000165519537 -0.00104107661
v -0.00386162335 0.000157976247 -0.000938424899
v -0.00320106698 0.000153162371 -0.00109864643
v -0.0034827101 0.000165338221 -0.0010585339
v -0.00113757234 0.00347137824 0.000149998508
v -0.00100902538 0.0033411039 -3.30121875e-05
v -0.00168709981 0.00260255462 -3.30102957e-05
v -0.000115705421 0.00439030491 0.000149994259
v 1.85980741e-06 0.00425006077 -3.30085168e-05
v -0.002854374 0.00102970272 0.000314304372
v -0.00252795289 0.00167202635 0.000150002947
v -0.00236507994 0.00158856506 -3.30080802e-05
v -0.00182874396 0.00271843886 0.000149997271
v -0.00220366544 0.00187768054 -3.30166586e-05
v -0.00236034417 0.00197225972 0.000150000749
v -0.00415939419 0.000154935478 0.000214808038
v -0.00415253639 9.02760003e-05 0.000312132586
v -0.00372012076 0.000231851038 0.000312130491
v -0.00338343671 0.000537905551 0.000312130724
v -0.00375283416 0.000288048643 0.000214809232
v -0.00330435904 0.0004811658 0.000377165328
v -0.00367116136 0.000147728468 0.000377163844
v -0.00414226204 -6.51350001e-06 0.000377168326
v -0.00506386301 0.00029443184 0.000377164921
v -0.00463524321 4.54147157e-05 0.000377162069
v -0.00499845063 0.000366498425 0.00031213506
v -0.00460503157 0.000137930198 0.000312136952
v -0.00495475018 0.000414651062 0.000214805943
v -0.00458484516 0.000199749513 0.000214804531
v -0.00648261327 0.00158294139 0.00037688954
v -0.00701486226 0.00198004558 0.000395489158
v -0.00494231423 0.000433737703 0.000114455397
v -0.00495105097 0.000440255622 0.000128882471
v -0.00566584896 0.000973567425 0.000311129639
v -0.00512363762 0.000569017953 0.00021284337
v -0.00498589454 0.000466258003 0.000157489063
v -0.00740317907 0.00226976536 3.19122919e-05
v -0.00713539077 0.00206997455 0.00037461691
v -0.00721892575 0.00213229703 0.000329565839
v -0.00725410273 0.00215853821 0.000301039603
v -0.00734684151 0.00222772942 0.000182456817
v -0.00736529939 0.00224150438 0.000145834638
v -0.00734684244 0.00222773757 -0.00088245701
v -0.00725410739 0.00215854286 -0.00100102986
v -0.00721564237 0.00212984788 -0.00103190728
v -0.00713538891 0.00206996384 -0.00107461819
v -0.00701486226 0.00198004325 -0.0010954868
v -0.00740317721 0.00226976024 -0.000731907669
v -0.00736341672 0.00224010274 -0.000849929231
v -0.00495635672 0.000392678077 -0.000950001762
v -0.00494477246 0.000435571914 -0.000819623121
v -0.00494074635 0.000432571716 -0.000809812685
v -0.00619375845 0.00136742718 -0.00105980923
v -0.00567418663 0.000979782548 -0.00101213611
v -0.00503014959 0.000311355951 -0.00105980749
v -0.00527550373 0.000682327431 -0.000949994952
v -0.00496086478 0.000447586528 -0.000839162502
v -0.00319716777 0.00014450727 -0.00109939673
v -0.00319325179 0.000135838098 -0.00109985168
v -0.00351141975 5.80895394e-05 -0.00109325396
v -0.00386133813 -7.02904435e-06 -0.00108076085
v -0.0039256704 -1.44920396e-05 -0.00107862777
v -0.00429709535 -1.51052473e-05 -0.00106902909
v -0.00436642533 -5.62754212e-06 -0.00106772082
v -0.00469211629 8.99736042e-05 -0.00106301997
v -0.00476120878 0.000123021804 -0.0010622543
v -0.00353335962 0.000114397255 -0.0010733119
v -0.00388138019 8.29169294e-05 -0.00102550618
v -0.0039429199 7.93052386e-05 -0.00101754186
v -0.00428951252 8.99637744e-05 -0.00098251563
v -0.00435315957 9.97873867e-05 -0.000977827352
v -0.00465012528 0.000190264254 -0.000961192593
v -0.00471283123 0.000220715825 -0.000958527613
v -0.00237561995 -0.000486230856 0.00109999871
v -0.000766722776 -0.00230047037 0.00110000081
v -0.00160889584 0.0018142343 0.00109999499
v 0.000766728714 0.00230046595 0.00110000675
v 0.00160889479 -0.00181423116 0.00109999417
v 0.00237562414 0.000486223493 0.00110000232
v -0.001608897 0.00181423768 -0.0164000019
v 0.000766724173 0.00230046338 -0.0164000019
v 0.00237562484 0.000486224453 -0.0164000019
v 0.001608897 -0.0018142272 -0.0164000019
v -0.00237562112 -0.00048622748 -0.0163999964
v -0.000766729412 -0.0023004564 -0.0164000075
v 0.00781761296 0.0162474979 -0.00980153587
v 0.00779886218 0.0162435509 -0.00969464239
v 0.0086259814 0.0164581593 -0.00992849097
v 0.00780075602 0.0162449498 -0.00958607998
v 0.00782322697 0.0162516609 -0.0094800638
v 0.00786539447 0.0162634328 -0.00938072242
v 0.00792561937 0.0162798222 -0.00929191057
v 0.00800155476 0.0163002033 -0.00921709836
v 0.00809022877 0.0163238104 -0.00915918592
v 0.00828165654 0.0163743645 -0.009103138
v 0.00837064348 0.0163977314 -0.0091027813
v 0.00846054219 0.0164212473 -0.0091183167
v 0.00862441119 0.0164638367 -0.00919411704
v 0.0079866061 0.0162889548 -0.010071924
v 0.00791335385 0.0162706319 -0.00999391265
v 0.00785627868 0.0162566379 -0.00990260299
v 0.00827250909 0.0163623262 -0.01019907
v 0.00816973858 0.0163356885 -0.0101765385
v 0.00807319209 0.0163109135 -0.0101335933
v 0.00862651505 0.0164562371 -0.0101094339
v 0.00850761123 0.0164242983 -0.0101711471
v 0.00837751292 0.0163898263 -0.0102002965
v 0.00867490377 0.0162812043 -0.0103327045
v 0.00867930427 0.016265288 -0.0103335762
v 0.00859937258 0.0163170639 -0.0103444569
v 0.00853431039 0.0164166316 -0.01023879
v 0.00838720892 0.0163776446 -0.0102717476
v 0.00856756046 0.0163791403 -0.0103026023
v 0.00840433221 0.0163358673 -0.0103391614
v 0.00842543598 0.0162709448 -0.0103833973
v 0.00844501983 0.0162012707 -0.010397072
v 0.00865793508 0.0163425785 -0.0103144674
v 0.00864242017 0.0163987074 -0.0102704428
v 0.00863196515 0.0164365284 -0.0102091944
v 0.00862334482 0.0162591506 -0.00894392468
v 0.00867700391 0.0162735954 -0.00896638166
v 0.00866186712 0.0163283553 -0.00897587463
v 0.00827891845 0.0163588431 -0.0090280259
v 0.00848196354 0.0164124519 -0.00904619135
v 0.00862759165 0.0164523385 -0.00911266357
v 0.00850983802 0.0163731128 -0.00897979457
v 0.00864004344 0.0164072979 -0.00902998541
v 0.00863558054 0.0164234415 -0.00905110128
v 0.00855903793 0.0162418522 -0.00892350171
v 0.00853794254 0.0163093824 -0.00893656258
v 0.00864726305 0.0163811762 -0.00900502596
v 0.00837991759 0.0163857434 -0.00902856048
v 0.00828486681 0.016312426 -0.00895907916
v 0.00839664228 0.0163434781 -0.00896024238
v 0.00829904526 0.0162432846 -0.00891498942
v 0.00841751508 0.0162778571 -0.00891576335
v 0.00831563491 0.0161760114 -0.00890283193
v 0.00847394206 0.0161022786 -0.0103970673
v 0.00859218556 0.0161335599 -0.0103760185
v 0.00870721973 0.0161643084 -0.0103342598
v 0.00834328309 0.0160813965 -0.00890282448
v 0.00852759741 0.0161297563 -0.00891040824
v 0.0087040253 0.0161758456 -0.00896570832
v 0.00779701816 0.016243808 -0.00564394007
v 0.00782558788 0.016249774 -0.00547158299
v 0.00862585101 0.016458597 -0.00537163019
v 0.00796345342 0.0162836295 -0.00524930889
v 0.00807068869 0.0163107887 -0.00516767194
v 0.00831346493 0.0163735449 -0.0050978139
v 0.0083773369 0.0163903087 -0.00509962486
v 0.00840470195 0.0163975209 -0.00510285981
v 0.00862637162 0.016456712 -0.00519050006
v 0.00862432178 0.0164641384 -0.00610579643
v 0.00846044812 0.0164215285 -0.00618159818
v 0.00828155316 0.016374642 -0.00619679736
v 0.00785798486 0.0162617546 -0.0059053544
v 0.00802577566 0.016306987 -0.00610132981
v 0.00825920515 0.0163687561 -0.00619427068
v 0.00853499863 0.016417345 -0.00506144995
v 0.00856834557 0.0163799021 -0.00499765621
v 0.0086420821 0.0163998939 -0.00503025204
v 0.00862993114 0.016443843 -0.00510930317
v 0.00863819942 0.0164139215 -0.00504829548
v 0.00856459606 0.0162343364 -0.00492431968
v 0.00867918599 0.016265668 -0.00496631302
v 0.00860021822 0.0163178425 -0.0049558077
v 0.00866483245 0.016317578 -0.00497481786
v 0.00865009427 0.0163708888 -0.00500300061
v 0.00838741567 0.0163773838 -0.00502612907
v 0.00840531942 0.0163330752 -0.00495736813
v 0.0084272027 0.0162649024 -0.00491397642
v 0.00844482612 0.0162017886 -0.00490281265
v 0.00867128279 0.0162942614 -0.00633210875
v 0.00867695548 0.0162737444 -0.00633349456
v 0.00850007497 0.0162261315 -0.00638936553
v 0.00848142058 0.016413141 -0.00625242619
v 0.00827878807 0.0163600203 -0.00626962306
v 0.00850940775 0.0163740106 -0.00631942553
v 0.00828437228 0.0163150113 -0.00633851159
v 0.00853770599 0.0163100623 -0.0063631637
v 0.00829811208 0.0162472408 -0.00638348283
v 0.00865440909 0.0163553134 -0.00631217379
v 0.00831554364 0.0161762666 -0.00639705639
v 0.0086391503 0.0164105017 -0.00626646494
v 0.00862909667 0.016446868 -0.00620396575
v 0.00870704744 0.016164884 -0.00496558053
v 0.00847375486 0.0161027927 -0.00490279961
v 0.00841444265 0.0161003694 -0.00639987784
v 0.00834319554 0.0160816293 -0.00639704755
v 0.00870392844 0.0161761884 -0.00633419584
v 0.0167154279 0.018384859 -0.00522280484
v 0.0168101676 0.0184144136 -0.00525596365
v 0.0168287959 0.0184233654 -0.00550648663
v 0.0205492359 0.0173080806 0.00168890739
v 0.0220443215 0.0178270396 0.00170103123
v 0.0201787148 0.017926041 0.0012053299
v 0.00769422064 0.0159078278 -0.00578733534
v 0.00781451445 0.0159413069 -0.00608283328
v 0.00723380642 0.0157927331 -0.00733241951
v 0.00870904326 0.0161576606 -0.00448998157
v 0.00792349782 0.0159611981 -0.0050929361
v 0.00783057511 0.0159380622 -0.00519718649
v 0.00702816295 0.0157214906 -0.00469556032
v 0.00833016634 0.0160655547 -0.00490448438
v 0.00824165903 0.0160426106 -0.00492039649
v 0.00805655215 0.015994912 -0.00499477796
v 0.00772376638 0.0159122366 -0.0054016253
v 0.00770213548 0.0159073155 -0.00547723705
v 0.0072933347 0.0158084929 -0.00764994929
v 0.00805144198 0.0160045624 -0.00630383659
v 0.00799792632 0.0159933809 -0.00764993299
v 0.00870323647 0.0161786843 -0.00764993019
v 0.00691040372 0.0156802777 -0.00412227819
v 0.00707507599 0.0157171488 -0.00386052788
v 0.00944768917 0.0162890125 -0.00268584653
v 0.0102932407 0.0165699609 -0.00429740502
v 0.011951183 0.0170154925 -0.00448996667
v 0.0104159061 0.0166023839 -0.00429612724
v 0.0104941884 0.0166228246 -0.00428215228
v 0.0106510129 0.016662918 -0.00421978487
v 0.0107702781 0.0166921858 -0.00413261121
v 0.0108414181 0.0167089403 -0.00405505067
v 0.0109444205 0.0167310461 -0.00386508298
v 0.0109560788 0.0167330764 -0.00382805639
v 0.0119683929 0.0169618446 -0.00284274784
v 0.0109758433 0.0167295337 -0.00355533394
v 0.0108837802 0.0166953001 -0.0032958372
v 0.0108530298 0.0166852791 -0.00325044617
v 0.010314066 0.0165322144 -0.00300162681
v 0.0104150418 0.0165586919 -0.00300238538
v 0.0106916577 0.0166360717 -0.00309843174
v 0.0102138175 0.0165067315 -0.00301764114
v 0.0100487117 0.016466435 -0.00308447238
v 0.00993678253 0.0164406635 -0.00316717359
v 0.00985455792 0.0164228231 -0.0032588623
v 0.00976166688 0.0164051354 -0.00343470299
v 0.00973997451 0.0164022576 -0.003510935
v 0.00973639823 0.0164099932 -0.00378294755
v 0.00985699892 0.01644882 -0.00405340735
v 0.010045846 0.0165027287 -0.00421947148
v 0.0137334755 0.0174622033 -0.0032399795
v 0.013626311 0.0174407717 -0.00343467714
v 0.0136109926 0.0174384583 -0.0034848277
v 0.0135960616 0.0174440406 -0.00375481416
v 0.0136019271 0.0174467489 -0.00378833921
v 0.0135195665 0.0174431521 -0.0044899662
v 0.0143457986 0.0176696107 -0.00428428734
v 0.0149302883 0.0178414956 -0.00448996807
v 0.0141548403 0.0176160391 -0.00429737056
v 0.0139128873 0.0175460707 -0.00422185706
v 0.0168235898 0.0183703676 -0.00348103372
v 0.0166917648 0.0183771327 -0.00518894894
v 0.0164794084 0.018309515 -0.00499683106
v 0.016189564 0.0182202477 -0.00490272092
v 0.0148376208 0.0177919865 -0.00370270479
v 0.0148308137 0.0177833941 -0.00353025086
v 0.014606067 0.0177400224 -0.00415341696
v 0.014764511 0.0177794583 -0.00395456189
v 0.0148029579 0.0177876297 -0.00386503129
v 0.0159862414 0.0181596652 -0.00491430471
v 0.0159598552 0.0181519091 -0.00492031965
v 0.0157175828 0.0180818941 -0.00503272517
v 0.014928937 0.0178463981 -0.00474074017
v 0.0156365074 0.0180590749 -0.0051003471
v 0.0154920807 0.018019544 -0.00529390387
v 0.0154460846 0.0180073921 -0.00540156569
v 0.0154070873 0.0179981366 -0.00559164537
v 0.0149232754 0.0178669021 -0.00725174975
v 0.0154139185 0.0180017818 -0.00577096036
v 0.015428598 0.0180066787 -0.00584302191
v 0.0155495042 0.0180442631 -0.0061023715
v 0.0150164347 0.0178939961 -0.00759254768
v 0.0157780834 0.0181134231 -0.00630818168
v 0.0160593614 0.0181978717 -0.00639697863
v 0.0161318704 0.0182227362 -0.007649865
v 0.0150182936 0.0178945307 -0.00764987431
v 0.0166033227 0.0183610115 -0.00620683795
v 0.0166916735 0.0183872543 -0.00610718923
v 0.0172212161 0.018555915 -0.00764985895
v 0.0161792561 0.0182338115 -0.00639748387
v 0.0162889306 0.0182666928 -0.00637937756
v 0.016454326 0.0183163173 -0.00631491141
v 0.0168174468 0.0184235629 -0.00584061304
v 0.0190868229 0.0191116314 -0.00393086718
v 0.0168004595 0.0184188597 -0.00589813804
v 0.0180418231 0.0188160166 -0.0076498515
v 0.0188399311 0.0190773644 -0.00764985662
v 0.0189853143 0.0191258676 -0.00764985941
v 0.0192038082 0.0190759227 -0.00261032023
v 0.0191454589 0.0191538259 -0.00469298568
v 0.0191299468 0.0191743989 -0.00764985569
v 0.019195566 0.0187472571 -0.00057745399
v 0.0192956887 0.0189536475 -0.00134662446
v 0.019123774 0.0189318974 -0.0015602496
v 0.019094089 0.0190425906 -0.00264901295
v 0.0171599276 0.0176352132 0.000524990435
v 0.0195872728 0.0185648035 0.00020216663
v 0.019423401 0.0187832266 -0.000453745102
v 0.0174316149 0.0171027686 0.00118027325
v 0.0176093169 0.0167659074 0.00145407976
v 0.0200615097 0.0179322585 0.00116819283
v 0.00665160734 0.0139724193 0.00145389687
v 0.00533932634 0.0129877999 0.00180032244
v 0.0122441249 0.0148351667 0.00168743159
v 0.00665799715 0.0152386846 -0.000267909491
v 0.00660263095 0.0149262846 0.000473283348
v 0.00659953663 0.0145041496 0.00103308214
v 0.00675421907 0.0154620847 -0.00124394731
v 0.0071058399 0.015716821 -0.00356460782
v 0.00701432209 0.0156841762 -0.00329939206
v 0.00687960675 0.0156189958 -0.00262520672
v 0.00698131975 0.0156737845 -0.00325049064
v 0.00681764586 0.0156252999 -0.00309722172
v 0.00654257741 0.0155498013 -0.00300242566
v 0.00628972007 0.0154853184 -0.00303285266
v 0.00604089955 0.015426714 -0.00318986923
v 0.00588468369 0.0153948395 -0.00344813662
v 0.00596298696 0.015430511 -0.0040221056
v 0.00598232355 0.0154361632 -0.00404937193
v 0.00617857324 0.0154910684 -0.00422175322
v 0.0064221858 0.0155562423 -0.00429744786
v 0.00666717114 0.0156197017 -0.00426965859
v 0.00510402117 0.0152230049 -0.00517986342
v 0.00488509657 0.0151632531 -0.00499064149
v 0.00523259118 0.015259007 -0.00543288467
v 0.00649225479 0.0155970985 -0.0068002264
v 0.00626785122 0.0155380946 -0.00682632299
v 0.00518894847 0.0152510563 -0.00597939407
v 0.00615763664 0.0155091463 -0.00686413655
v 0.00500488933 0.0152036184 -0.00622304948
v 0.00667442847 0.0156450458 -0.00682631787
v 0.00522189494 0.0152592994 -0.00589824561
v 0.00526094949 0.0152683938 -0.00570798898
v 0.00706378743 0.0157477278 -0.00706073036
v 0.0070312568 0.0157391354 -0.00702765863
v 0.00525393756 0.0152653223 -0.00552885374
v 0.0068075303 0.0156801362 -0.00687432056
v 0.00460309489 0.01508772 -0.00490283361
v 0.0044710529 0.0150531605 -0.00490330765
v 0.0043593063 0.0150238862 -0.00492346101
v 0.00417539058 0.014975897 -0.00500117708
v 0.00404589484 0.0149425277 -0.0050999918
v 0.0039494778 0.0149180014 -0.00521271816
v 0.00385136809 0.0148935942 -0.00540940557
v 0.00382433389 0.0148872444 -0.00551691838
v 0.00382288662 0.0148883807 -0.00577694876
v 0.00383651373 0.0148922792 -0.00584197836
v 0.00395208783 0.0149239637 -0.00609298097
v 0.00590197556 0.015442308 -0.00703631947
v 0.00571747869 0.015393991 -0.00730947359
v 0.00475590862 0.0151382098 -0.00636495696
v 0.00564856036 0.0153759662 -0.00764996093
v 0.00447335839 0.0150637543 -0.00639707875
v 0.00453892397 0.0150828864 -0.00764999073
v 0.00417840993 0.0149850156 -0.00630188221
v 0.00342458067 0.0147867864 -0.00764998281
v 0.00297703361 0.0146672335 -0.00764998235
v 0.0142775225 0.0176017601 -0.00300235278
v 0.0142138517 0.0175837241 -0.002999919
v 0.0144735286 0.017559994 -0.00179274974
v 0.0139660928 0.0175170749 -0.00305668917
v 0.0147277238 0.0177427325 -0.00327152736
v 0.0145507175 0.017683953 -0.0030972024
v 0.0168515537 0.0182917099 -0.00218198774
v 0.0120085645 0.0168570727 -0.00150606106
v 0.00941840559 0.0161583722 -0.00132802292
v 0.0120729413 0.0166993905 -0.000535695755
v 0.00941554457 0.0159681775 -0.000362962193
v 0.0121733248 0.016460618 0.000229600613
v 0.00945029128 0.0156928953 0.000378771714
v 0.0123263123 0.0160990208 0.000838261272
v 0.00953557901 0.0153024876 0.000947788241
v 0.0125414208 0.0155974589 0.00131437834
v 0.0158866458 0.015859602 0.00167171308
v 0.0177919734 0.016426526 0.0016743677
v 0.019009959 0.0168055035 0.00167939556
v 0.0169944707 0.0179710947 -0.000257475825
v 0.0169023331 0.0181690138 -0.00114696403
v 0.0197820421 0.0183049124 0.000693047361
v 0.017281713 0.0173937604 0.000870291551
v 0.0148357851 0.0168671124 0.000697525858
v 0.0146609833 0.0172110107 1.65108486e-05
v 0.0145481592 0.0174242686 -0.000798582216
v 0.0138011556 0.0174772162 -0.003167141
v 0.0094528487 0.0156919248 -0.0156783946
v 0.0095382398 0.015301438 -0.01624736
v 0.00660150824 0.0145028792 -0.0163327362
v 0.0154409753 0.018005548 -0.00988203753
v 0.0155788036 0.018042475 -0.0101367282
v 0.0149314478 0.0178373493 -0.0109686507
v 0.0204133708 0.0172605049 -0.0169871971
v 0.0177958906 0.0164257493 -0.0169736594
v 0.0176131949 0.0167652275 -0.0167534072
v 0.010378792 0.0143275438 -0.0170063991
v 0.00665364554 0.0139710763 -0.0167534426
v 0.0125446087 0.0155965164 -0.0166138038
v 0.00660452433 0.0149251046 -0.015773017
v 0.00781556126 0.0159412716 -0.00921552069
v 0.00722568575 0.0157905165 -0.00798762403
v 0.00804733951 0.0160032567 -0.00899851881
v 0.00769509794 0.0159077086 -0.00950952433
v 0.00770620815 0.0159078036 -0.00983930659
v 0.00702952454 0.0157212391 -0.0106043285
v 0.00772067532 0.0159110911 -0.00989084318
v 0.00784167834 0.0159403179 -0.0101187676
v 0.00791619625 0.0159588549 -0.010199965
v 0.00806617178 0.0159966946 -0.0103106396
v 0.00871003605 0.0161541291 -0.0109686563
v 0.0082300771 0.0160387009 -0.010376431
v 0.00833470561 0.0160658211 -0.0103959553
v 0.00525407679 0.0152649386 -0.00977107603
v 0.00526337139 0.0152682262 -0.00965040922
v 0.00594284199 0.0154528543 -0.00830140337
v 0.00706278579 0.0157473441 -0.00824027136
v 0.00682048639 0.0156833958 -0.00841946062
v 0.00474901311 0.0151260411 -0.0103680752
v 0.00460328534 0.015087205 -0.0103971018
v 0.00432814192 0.0150148878 -0.0103673665
v 0.00519615924 0.0152481701 -0.00996666402
v 0.00621457957 0.0155238491 -0.00845751353
v 0.00511120306 0.0152244829 -0.01011087
v 0.00482835388 0.015147374 -0.0103379963
v 0.00500616478 0.0151956324 -0.0102239475
v 0.00627662847 0.0155401612 -0.00847582147
v 0.00652531162 0.0156056155 -0.00849811919
v 0.00668080943 0.0156465545 -0.00847188197
v 0.00522191636 0.015259305 -0.00940167531
v 0.0052006836 0.0152541716 -0.00934657082
v 0.0057411259 0.0154000903 -0.00804156158
v 0.00502584828 0.0152096041 -0.00909599569
v 0.00565098273 0.0153765921 -0.00771457655
v 0.00476717623 0.0151414825 -0.00893879868
v 0.00470514689 0.0151250279 -0.0089204479
v 0.00447344221 0.0150635177 -0.00890285429
v 0.00419656886 0.0149898566 -0.00898774806
v 0.00398258585 0.0149323586 -0.00916674826
v 0.00385050988 0.0148961106 -0.00940986257
v 0.00382285914 0.0148881273 -0.00952298939
v 0.003814494 0.0148847802 -0.0097010117
v 0.00385137671 0.0148931835 -0.00989058521
v 0.00389240519 0.0149032502 -0.00999036245
v 0.00404604618 0.014942036 -0.0101999762
v 0.00407382613 0.014949142 -0.0102251833
v 0.00689970888 0.0156769771 -0.0111672236
v 0.00673137279 0.015635347 -0.0110550383
v 0.0066235452 0.0156079046 -0.0110176411
v 0.00648588547 0.0155722573 -0.010999931
v 0.0064224177 0.015555609 -0.0110024558
v 0.00614950154 0.0154823978 -0.0110957213
v 0.00593992649 0.0154228881 -0.011314976
v 0.00585986068 0.015396337 -0.0115449997
v 0.00585353142 0.0153931491 -0.0116025796
v 0.00589456083 0.0153956655 -0.011879297
v 0.00606270181 0.0154306646 -0.012131433
v 0.00631953916 0.0154917389 -0.0122761205
v 0.00654289639 0.0155489277 -0.0122974627
v 0.00688115321 0.0156183597 -0.0126746641
v 0.00673775421 0.0156017588 -0.0122462474
v 0.00682046637 0.0156251267 -0.0122011388
v 0.00698167784 0.0156729631 -0.012049445
v 0.00702287583 0.0156859718 -0.0119869094
v 0.00675590755 0.0154612018 -0.0140558844
v 0.00665979553 0.0152376359 -0.0150318928
v 0.0154168755 0.0157216098 -0.0169714876
v 0.0128121935 0.0149891386 -0.0169824306
v 0.0167566165 0.0161131024 -0.0169713777
v 0.0160504375 0.0159054063 -0.0169709679
v 0.0202151835 0.0179240294 -0.0165146738
v 0.0174354557 0.0171021763 -0.0164796114
v 0.0200615451 0.017932171 -0.0164661184
v 0.0172855183 0.0173932519 -0.0161696095
v 0.0197692756 0.0183218922 -0.0159634836
v 0.0171637088 0.0176347755 -0.0158242714
v 0.0195586812 0.0186028536 -0.0154063869
v 0.0191996451 0.0187472384 -0.0147216031
v 0.0194047354 0.0188081302 -0.0147396736
v 0.0191278104 0.0189320464 -0.0137386844
v 0.0192821864 0.0189715717 -0.0138103422
v 0.0168552455 0.0182917453 -0.0131170936
v 0.0168272294 0.0183706265 -0.011818083
v 0.0190907363 0.0191121828 -0.011368027
v 0.0168137196 0.018415004 -0.0100433556
v 0.0167867504 0.0184146687 -0.00936391763
v 0.016800575 0.0184185691 -0.00940159149
v 0.016839046 0.0184271075 -0.00971654989
v 0.0165963173 0.0183586236 -0.00908628479
v 0.0162851866 0.0182653572 -0.00891940668
v 0.0160594489 0.0181976371 -0.00890275557
v 0.0157635044 0.0181088932 -0.00900012441
v 0.0155679844 0.0180499405 -0.00917292293
v 0.014923308 0.017866781 -0.00804803614
v 0.0158627126 0.0181386545 -0.00895056222
v 0.0149564566 0.017876545 -0.00797444489
v 0.0154290339 0.0180067476 -0.00945516862
v 0.0154115809 0.0180007536 -0.0095456196
v 0.0154214827 0.0180007592 -0.00980766863
v 0.0146298008 0.0177455582 -0.0111671649
v 0.0144446548 0.0176961161 -0.0110473093
v 0.0147131346 0.0177366715 -0.0120493248
v 0.0148199545 0.0177772976 -0.011822301
v 0.0148333935 0.0177839119 -0.0117548471
v 0.0148246083 0.0177905187 -0.0115105556
v 0.0148032075 0.0177869592 -0.0114347059
v 0.0146886539 0.017760573 -0.0112297842
v 0.0161897521 0.0182197299 -0.010397003
v 0.0158817861 0.0181284938 -0.0103549976
v 0.0158588365 0.0181218386 -0.0103458725
v 0.0167334359 0.0183903147 -0.0100484295
v 0.0166919269 0.0183766801 -0.0101107648
v 0.0164835062 0.0183101054 -0.0103005795
v 0.013717806 0.0174863786 -0.0112504587
v 0.0136717679 0.017471483 -0.011321866
v 0.0119545758 0.0170122348 -0.0109686516
v 0.0143550755 0.017671492 -0.0110176345
v 0.0141550731 0.0176154114 -0.0110023888
v 0.0135962982 0.0174434073 -0.0115449568
v 0.0135893645 0.0174387712 -0.0116226599
v 0.0119710676 0.0169615746 -0.0124568306
v 0.0136475889 0.0174433868 -0.0119177373
v 0.00944985077 0.0162885562 -0.0126139047
v 0.0102319261 0.0165101774 -0.0122862663
v 0.0104153622 0.0165578164 -0.0122974301
v 0.0108898152 0.0166963562 -0.0119947465
v 0.0108533846 0.0166844558 -0.0120494002
v 0.0106888404 0.0166342501 -0.0122031411
v 0.010974763 0.0167280026 -0.0117548946
v 0.0109791532 0.016730424 -0.0117193079
v 0.0109400079 0.0167295393 -0.0114229256
v 0.0107787317 0.0166935306 -0.0111753987
v 0.00976190343 0.0164045319 -0.0118651288
v 0.00978526007 0.0164084956 -0.0119230924
v 0.00995885488 0.0164446868 -0.0121518159
v 0.0105318157 0.0166317299 -0.0110274861
v 0.0102934707 0.0165693257 -0.0110024195
v 0.0101283947 0.0165265221 -0.0109686544
v 0.0100146672 0.0164935924 -0.011099508
v 0.00985406153 0.0164476279 -0.0112504866
v 0.00980901998 0.0164339859 -0.0113196736
v 0.00973177608 0.0164073016 -0.0115449848
v 0.00972479582 0.0164031144 -0.0116210273
v 0.00710527599 0.0157155786 -0.0117429886
v 0.00708918832 0.015718786 -0.0114852032
v 0.00707384339 0.015716102 -0.0114347329
v 0.00695104524 0.0156892054 -0.011220444
v 0.0168326516 0.0184244886 -0.0097709829
v 0.0191547051 0.019141458 -0.0111428425
v 0.0140963355 0.0175506063 -0.0122864638
v 0.0142778428 0.0176008847 -0.0122973975
v 0.0144768273 0.0175597463 -0.0135065634
v 0.0144459503 0.0176504105 -0.0122570228
v 0.0146851204 0.0177269951 -0.0120846676
v 0.0138219567 0.0174811017 -0.0121507421
v 0.0120113706 0.0168565754 -0.0137934797
v 0.0120758573 0.0166987404 -0.0147638265
v 0.00941799115 0.0159673281 -0.0149367126
v 0.00942072738 0.0161576774 -0.0139717022
v 0.0123294108 0.0160981622 -0.0161377434
v 0.0121763339 0.0164598413 -0.0155290989
v 0.0191952046 0.0190873463 -0.0124895312
v 0.0190980714 0.0190429222 -0.0126498491
v 0.0169060566 0.0181688629 -0.0141521506
v 0.0169982221 0.0179707985 -0.0150417285
v 0.022048967 0.0178267099 -0.0170003213
v 0.0148392254 0.0168664418 -0.015996905
v 0.0146643752 0.0172104612 -0.0153158586
v 0.014551511 0.0174238514 -0.0145007493
v 0.0138570797 0.0178095736 -0.0120018199
v 0.0137969544 0.0177956298 -0.0119377561
v 0.0142989783 0.0179300848 -0.0120766005
v 0.0137499236 0.0177856889 -0.0118628219
v 0.0137178097 0.0177800767 -0.0117799304
v 0.0141760875 0.0178939998 -0.0121074235
v 0.0140068354 0.017847456 -0.0120878359
v 0.0139279589 0.0178270508 -0.0120525081
v 0.0137018654 0.0177789908 -0.0116922827
v 0.0137027157 0.0177824497 -0.0116032697
v 0.0137203233 0.0177903399 -0.0115163447
v 0.0137540111 0.0178024024 -0.0114348726
v 0.0138024781 0.0178182032 -0.0113620162
v 0.0138638262 0.0178372078 -0.0113006197
v 0.01393566 0.0178587157 -0.0112530831
v 0.0140151717 0.0178819373 -0.0112212664
v 0.0141945984 0.0179180056 -0.0116635207
v 0.014091122 0.0179037005 -0.0112070711
v 0.0142941726 0.0179600958 -0.0112395026
v 0.014468166 0.0179839041 -0.0119467741
v 0.0145523855 0.0180151984 -0.0117719276
v 0.01455539 0.0180238448 -0.0115651703
v 0.0144615304 0.0180037487 -0.0113667296
v 0.00421996927 0.0153057203 -0.00915895682
v 0.0043179174 0.0153318318 -0.00912020914
v 0.00441139983 0.0153534543 -0.0096781617
v 0.00392847555 0.015225458 -0.00969430618
v 0.00393042667 0.0152266864 -0.00958575588
v 0.00395293953 0.015233295 -0.0094797546
v 0.00399513775 0.0152450372 -0.00938043185
v 0.00405537477 0.0152614666 -0.00929165073
v 0.0041313041 0.0152819576 -0.00921685155
v 0.00411593635 0.0152721256 -0.0100715244
v 0.00404275814 0.0152534386 -0.00999352708
v 0.00440166797 0.0153464498 -0.0101986388
v 0.00429894822 0.015319529 -0.0101761092
v 0.00420245109 0.0152944392 -0.0101331845
v 0.0039857598 0.0152390981 -0.00990223046
v 0.00394716393 0.0152296508 -0.00980117638
v 0.00479610218 0.0154577913 -0.00922620576
v 0.00487066712 0.015477079 -0.00930360332
v 0.00492902985 0.0154919811 -0.00939468853
v 0.00496890629 0.0155018931 -0.00949587766
v 0.00470826915 0.0154348779 -0.00916553754
v 0.00441134907 0.0153566422 -0.009102921
v 0.00461060973 0.0154092526 -0.00912397634
v 0.0049887239 0.0155064156 -0.00960318744
v 0.00498770969 0.0155053651 -0.00971239526
v 0.00496589346 0.0154987844 -0.00981921051
v 0.00492413342 0.0154869435 -0.00991942827
v 0.00486407056 0.015470312 -0.0100091007
v 0.00478806766 0.0154495556 -0.0100846915
v 0.00469910121 0.0154255228 -0.0101432279
v 0.00460067624 0.0153991571 -0.010182404
v 0.00450664992 0.0153741604 -0.0101998616
v 0.00462301821 0.0153900767 -0.010252649
v 0.00451652706 0.0153617598 -0.0102724237
v 0.00471486291 0.0152239781 -0.0103696613
v 0.00457450701 0.0151856942 -0.0103971083
v 0.00455562724 0.0152526246 -0.0103845187
v 0.00468152203 0.0152861066 -0.010361149
v 0.00481331488 0.0153214326 -0.0103087192
v 0.00479922025 0.0152470823 -0.0103380019
v 0.00493244128 0.0153536713 -0.0102303857
v 0.00498705357 0.0152988778 -0.0102148633
v 0.00503422413 0.0153815104 -0.0101292236
v 0.00508175651 0.0153252576 -0.0101108765
v 0.00517140701 0.0153505737 -0.00995578524
v 0.00511465408 0.0154038332 -0.0100092208
v 0.0051705786 0.0154197421 -0.00987509638
v 0.0052245222 0.0153660877 -0.00977108255
v 0.00519979559 0.0154285794 -0.00973213743
v 0.00523376232 0.0153693231 -0.00964005198
v 0.0052011665 0.0154299997 -0.00958596542
v 0.00517463638 0.015423933 -0.00944234245
v 0.00519269705 0.0153593002 -0.00940168835
v 0.00512125017 0.0154106449 -0.00930692162
v 0.00516472058 0.0153519884 -0.00933104753
v 0.00504310662 0.0153906625 -0.00918501243
v 0.0049856822 0.0153043261 -0.00908529572
v 0.00494328048 0.0153648052 -0.0090814326
v 0.00482568704 0.0153341014 -0.00900023524
v 0.00472385064 0.0152338454 -0.00893374812
v 0.00469493866 0.0152997682 -0.00894462038
v 0.00455616415 0.0152631747 -0.00891676918
v 0.00457579643 0.0151937734 -0.00890318025
v 0.0044289534 0.01522585 -0.0089151226
v 0.00444571348 0.0151584232 -0.0089028636
v 0.00473449426 0.0154199423 -0.0102082808
v 0.00483525125 0.0154471863 -0.0101419957
v 0.00492133992 0.0154707143 -0.0100563914
v 0.00498936884 0.0154895671 -0.00995483901
v 0.00503666466 0.0155030042 -0.00984134246
v 0.00506137451 0.0155104641 -0.0097203739
v 0.00506252656 0.0155116552 -0.0095966896
v 0.00504007936 0.0155065283 -0.00947516784
v 0.00499492045 0.0154952984 -0.00936057698
v 0.00492881564 0.0154784126 -0.00925742276
v 0.00484437309 0.0154565545 -0.0091697732
v 0.00474489899 0.0154305892 -0.00910106394
v 0.00463429792 0.0154015627 -0.00905400515
v 0.00451690843 0.015370612 -0.0090304343
v 0.00440866547 0.0153410751 -0.00902796909
v 0.00441468833 0.0152947754 -0.00895917788
v 0.00453453604 0.0153287919 -0.00896166265
v 0.00466488674 0.0153631633 -0.00898782816
v 0.00478769559 0.0153954057 -0.00904008467
v 0.00489815092 0.0154242404 -0.00911636278
v 0.00499192253 0.0154485237 -0.00921367574
v 0.00506532099 0.0154672908 -0.00932819583
v 0.00511546712 0.0154797621 -0.0094554266
v 0.00514039025 0.0154854618 -0.00959035382
v 0.00513910688 0.0154841337 -0.00972767174
v 0.005111665 0.0154758384 -0.00986198056
v 0.0050591398 0.0154609084 -0.0099879913
v 0.00498359697 0.0154399434 -0.0101007307
v 0.00488799857 0.0154138058 -0.0101957787
v 0.0047761118 0.0153835351 -0.0102693718
v 0.00465232553 0.0153503576 -0.0103186229
v 0.00453407317 0.0153189143 -0.0103405844
v 0.00428457512 0.0151145095 -0.00893697236
v 0.00395142147 0.0150982505 -0.00916820485
v 0.00402135914 0.0150424009 -0.00909593701
v 0.0040532914 0.0151257087 -0.00906790793
v 0.00422230689 0.0150974998 -0.00896136556
v 0.00417223526 0.0151575655 -0.00899026915
v 0.00430362811 0.0151925804 -0.00893830322
v 0.00384750124 0.0149940737 -0.00934667978
v 0.00394050777 0.0150200669 -0.00918615144
v 0.00396124832 0.0150258122 -0.00916003715
v 0.00387059385 0.015076234 -0.00928727351
v 0.00381396851 0.0150605123 -0.00942047033
v 0.00382177834 0.0149867544 -0.00941633433
v 0.00379634276 0.014979315 -0.00952301733
v 0.00378375081 0.0150516564 -0.00956260972
v 0.00378638017 0.01497587 -0.00967097841
v 0.00378112379 0.0150500219 -0.0097081624
v 0.00380618707 0.0150556387 -0.00985145941
v 0.00382455369 0.0149854692 -0.00989055447
v 0.0038579558 0.0150682926 -0.0099869296
v 0.00384944351 0.0149919679 -0.00995616149
v 0.00393441459 0.0150874853 -0.010109311
v 0.0040259352 0.0150384912 -0.0102070263
v 0.00403257785 0.0151124997 -0.0102138398
v 0.00414862297 0.0151423775 -0.0102964742
v 0.00428042747 0.0151062896 -0.0103609143
v 0.00441583619 0.0152120674 -0.0103841703
v 0.0042780526 0.0151759898 -0.0103539992
v 0.00430247514 0.0153128747 -0.00904761255
v 0.00419114623 0.0152832 -0.00909165107
v 0.00409036502 0.0152562074 -0.00915745553
v 0.0040040547 0.0152329318 -0.00924245641
v 0.00393558014 0.0152142672 -0.0093433708
v 0.00388760981 0.0152009279 -0.00945625734
v 0.00386201846 0.0151934261 -0.00957672764
v 0.00385980075 0.0151920309 -0.00970009621
v 0.0038810384 0.01519679 -0.00982156117
v 0.00392490951 0.0152075225 -0.00993640255
v 0.00398969091 0.0152238077 -0.0100401547
v 0.00407287013 0.0152450213 -0.0101287821
v 0.00417120662 0.0152703626 -0.0101988455
v 0.00428087683 0.0152988704 -0.0102476263
v 0.00439762883 0.0153294504 -0.0102732172
v 0.00440239022 0.01528183 -0.0103412
v 0.00427279714 0.0152478926 -0.010312805
v 0.00415106164 0.0152162742 -0.0102586746
v 0.00404190784 0.0151881604 -0.010180926
v 0.00394958071 0.0151646277 -0.0100825764
v 0.00387766352 0.0151465666 -0.00996744446
v 0.00382897072 0.0151346605 -0.00983999297
v 0.00380539591 0.0151293743 -0.00970518682
v 0.00380786136 0.0151309175 -0.00956826005
v 0.00383627717 0.0151392417 -0.009434551
v 0.00388953253 0.0151540423 -0.00930925086
v 0.00396554777 0.0151747465 -0.00919724908
v 0.00406136084 0.0152005851 -0.00910289958
v 0.00417323271 0.0152305402 -0.00902986433
v 0.0042968099 0.0152634764 -0.00898098852
v 0.0081522502 0.0161317345 -0.00893768296
v 0.00782117341 0.0161165316 -0.00916817505
v 0.00788755994 0.0160595961 -0.00909928419
v 0.00792310853 0.0161438361 -0.00906783342
v 0.00809214078 0.0161154103 -0.0089613311
v 0.00804213714 0.0161754787 -0.00899016857
v 0.00817362498 0.0162102468 -0.00893818308
v 0.00771583477 0.016011944 -0.00934994128
v 0.00781023921 0.0160383116 -0.00918611698
v 0.00783097185 0.0160440374 -0.00916002598
v 0.00774031505 0.0160945915 -0.00928728003
v 0.0076836939 0.0160788409 -0.00942051411
v 0.00769150676 0.0160049871 -0.00941632781
v 0.00766610354 0.0159974787 -0.00952297915
v 0.00765351579 0.016069863 -0.00956270006
v 0.00765633537 0.0159938782 -0.00967562012
v 0.00765096117 0.0160679873 -0.00970828813
v 0.0076761269 0.0160732623 -0.00985162519
v 0.00769456243 0.016002778 -0.00989051815
v 0.00772802252 0.0160854962 -0.00998712145
v 0.00772890681 0.0160114169 -0.0099769067
v 0.00780462474 0.0161042176 -0.010109527
v 0.00789501704 0.0160544682 -0.0102058491
v 0.00790293328 0.0161287338 -0.0102140848
v 0.0080191344 0.0161581207 -0.0102967378
v 0.00814539287 0.0161208455 -0.0103589753
v 0.00828661956 0.0162269995 -0.0103844646
v 0.00814870466 0.0161912963 -0.0103542777
v 0.00826847367 0.0163451061 -0.0102737518
v 0.00815164112 0.0163148325 -0.0102481442
v 0.00804187171 0.0162866972 -0.0101993484
v 0.00794343185 0.0162617695 -0.0101292515
v 0.00786014833 0.0162409674 -0.0100405915
v 0.00779525517 0.0162250809 -0.00993681513
v 0.00775129162 0.0162147004 -0.00982193369
v 0.00772996992 0.0162102133 -0.00970042776
v 0.0077321264 0.0162118133 -0.00957701821
v 0.00775768002 0.0162194315 -0.00945649948
v 0.00780563382 0.0162327904 -0.00934356824
v 0.00787411816 0.0162514001 -0.0092426138
v 0.00796045456 0.0162745565 -0.0091575738
v 0.00806128327 0.0163013786 -0.00909173768
v 0.00817267038 0.0163308457 -0.00904767867
v 0.00827321969 0.0162971355 -0.010341716
v 0.00814350508 0.0162635427 -0.0103133023
v 0.00802163407 0.0162323304 -0.0102591543
v 0.00791234151 0.0162046738 -0.0101813758
v 0.00781987421 0.0161816068 -0.0100829834
v 0.00774782477 0.0161639862 -0.00996780768
v 0.00769901415 0.0161524713 -0.00984030217
v 0.00767534086 0.0161474999 -0.0097054448
v 0.00767773855 0.0161492694 -0.00956846122
v 0.00770612014 0.0161577147 -0.00943468884
v 0.00775936944 0.0161725432 -0.00930933282
v 0.00783541519 0.0161931869 -0.00919727795
v 0.00793128274 0.0162188783 -0.00910287537
v 0.00804322958 0.0162486434 -0.00902980752
v 0.00816689804 0.0162813533 -0.00898090191
v 0.00606533792 0.0157646295 -0.0113676926
v 0.00671933731 0.0159178264 -0.0119681386
v 0.00669745123 0.0159113277 -0.0119908368
v 0.00651441375 0.0158600025 -0.0120917242
v 0.00644534361 0.0158415083 -0.012105546
v 0.00625349535 0.0158035345 -0.0117500769
v 0.00597564876 0.0157362651 -0.0115645882
v 0.00597551838 0.0157313515 -0.0117383683
v 0.00623294897 0.0157875419 -0.0120696761
v 0.0060664448 0.0157487448 -0.0119390171
v 0.00607232843 0.0157666598 -0.0113590965
v 0.00608657626 0.0157707632 -0.0113428337
v 0.0067229392 0.0159189031 -0.011964133
v 0.00621680962 0.0158069972 -0.0112460554
v 0.00623840792 0.0158128571 -0.0112363817
v 0.00680770632 0.0159455519 -0.0118279615
v 0.0068086409 0.0159458742 -0.0118254395
v 0.00658682827 0.0159036331 -0.011247688
v 0.00675043743 0.0159430858 -0.0113863172
v 0.0063618389 0.0158457793 -0.0112058846
v 0.00683558686 0.0159595814 -0.0116033666
v 0.00683737872 0.0159595553 -0.0116207981
v 0.00672754133 0.0157126673 -0.0122365421
v 0.0065124915 0.0156529788 -0.0122974748
v 0.00649558567 0.0157135632 -0.01228722
v 0.00670051388 0.0157691538 -0.0122304894
v 0.00700813113 0.015861446 -0.01189496
v 0.00703507848 0.0158041399 -0.0118978061
v 0.00706866616 0.0158157032 -0.0117823435
v 0.00705265068 0.0158802699 -0.0116643626
v 0.00708106207 0.0158214066 -0.0116627915
v 0.00705849007 0.0158185232 -0.0114800539
v 0.00701420242 0.01587658 -0.0114347357
v 0.0070447051 0.0158155765 -0.0114347665
v 0.00689676031 0.0158508848 -0.0112315351
v 0.00691957865 0.0157854743 -0.011216986
v 0.00652096979 0.0156813059 -0.0110040773
v 0.0066815 0.0157239996 -0.011045509
v 0.00671935733 0.0158077218 -0.0110875918
v 0.00674312841 0.0157401673 -0.0110747619
v 0.00687154382 0.015773328 -0.0111672319
v 0.00650100317 0.0157520864 -0.0110182557
v 0.00637852447 0.0157166887 -0.0110153891
v 0.00639558909 0.0156474207 -0.0110024596
v 0.00645946339 0.0158593953 -0.0111363716
v 0.00635877252 0.0158317741 -0.0111315493
v 0.00663798535 0.0159048233 -0.0111931534
v 0.00678304676 0.0159400236 -0.0113110188
v 0.00687909964 0.0159609485 -0.0114774099
v 0.00691055786 0.0159639344 -0.0116654681
v 0.00687417807 0.0159486085 -0.0118543208
v 0.00677724974 0.0159179438 -0.0120125869
v 0.00677305879 0.0159166902 -0.0120172119
v 0.00645525614 0.0158280376 -0.0121755907
v 0.00662275357 0.0158734191 -0.0121291289
v 0.00636439631 0.0157860871 -0.0110609746
v 0.00647833617 0.0158185605 -0.0110651366
v 0.00668106554 0.0158701874 -0.0111295665
v 0.00684578158 0.0159102287 -0.0112633146
v 0.00695483666 0.0159340519 -0.0114521235
v 0.00699054543 0.0159374662 -0.0116655044
v 0.00694922311 0.0159200132 -0.0118797999
v 0.00683913846 0.0158850979 -0.0120593766
v 0.00683437614 0.0158836711 -0.0120646283
v 0.00666366285 0.0158344302 -0.0121916207
v 0.00647342019 0.0157828405 -0.0122443372
v 0.00618978823 0.0157866161 -0.0111783436
v 0.00596082117 0.0155255757 -0.0112449313
v 0.006186557 0.015589904 -0.0110603832
v 0.0061727548 0.0156617332 -0.0110723125
v 0.00619277917 0.0155916354 -0.0110574262
v 0.00587405171 0.0154992463 -0.0113976942
v 0.00586537225 0.0155739738 -0.0114039276
v 0.00583677553 0.0154867284 -0.0115274126
v 0.00581879029 0.0155558148 -0.0116345184
v 0.00582624739 0.0154820466 -0.0116322422
v 0.00584901404 0.0154855419 -0.0118216155
v 0.00585580757 0.0155586554 -0.0118650403
v 0.00586232683 0.0154884271 -0.0118651744
v 0.00597258378 0.0155822514 -0.0120695503
v 0.0059878733 0.0155177889 -0.01208317
v 0.00638318341 0.0156182284 -0.0122953923
v 0.00622645486 0.0155773358 -0.0122544719
v 0.00615019584 0.0156231122 -0.0122152315
v 0.00616087299 0.0155606279 -0.0122231534
v 0.00603582757 0.0155294631 -0.0121326819
v 0.00636920473 0.0156772863 -0.0122862523
v 0.0063513536 0.015799528 -0.0121773183
v 0.00617146306 0.0157549344 -0.0121188127
v 0.00602556719 0.0157212485 -0.0119988238
v 0.00592963723 0.0157017671 -0.0118304482
v 0.00589920999 0.0156994127 -0.0116407434
v 0.00593742961 0.015714379 -0.0114510488
v 0.00603800826 0.0157444626 -0.0112910587
v 0.00635583419 0.0157494601 -0.0122449324
v 0.00615199748 0.0156989973 -0.0121787312
v 0.00598667888 0.0156609248 -0.0120429546
v 0.00587798143 0.0156389289 -0.0118523855
v 0.00584351504 0.0156362746 -0.0116376262
v 0.00588684715 0.0156531911 -0.0114228306
v 0.00600086432 0.0156872179 -0.0112416362
v 0.00617288938 0.0157349315 -0.0111139808
v 0.00985100772 0.016742032 -0.0117585286
v 0.0098394556 0.0167429503 -0.0116394879
v 0.00990187749 0.0167659558 -0.0114197684
v 0.0104371747 0.0169119518 -0.0112390826
v 0.0106055364 0.0169530381 -0.0113665927
v 0.0102326144 0.0168587696 -0.0112065338
v 0.0106995851 0.0169720165 -0.0115652485
v 0.0100413449 0.0168066397 -0.0112732993
v 0.0106959576 0.0169641301 -0.0117719583
v 0.0106106717 0.0169350803 -0.0119465273
v 0.0101004606 0.0167958084 -0.0120687382
v 0.00994174462 0.0167591274 -0.0119436327
v 0.0103170443 0.0168511495 -0.0121064661
v 0.0104405787 0.0168849714 -0.0120757381
v 0.010461376 0.0168908425 -0.0120663652
v 0.010327653 0.0168362241 -0.01217933
v 0.0104956748 0.016882496 -0.01213268
v 0.0105929729 0.0167211611 -0.0122397402
v 0.0103846872 0.0166627914 -0.0122974394
v 0.0103682531 0.0167211331 -0.0122879418
v 0.0105728926 0.0167775676 -0.0122312689
v 0.0108227478 0.0167891122 -0.0120493667
v 0.0108692423 0.0168037154 -0.0119773475
v 0.0108796079 0.0168723688 -0.011896804
v 0.0109061059 0.0168157928 -0.0118992478
v 0.0109448768 0.0168299526 -0.0117548769
v 0.0109243765 0.0168924723 -0.0116659906
v 0.0109522128 0.0168339144 -0.0116720079
v 0.0109157842 0.0168292392 -0.0114347376
v 0.0108861253 0.016889615 -0.0114359176
v 0.0109140752 0.0168288741 -0.0114298388
v 0.0106149176 0.0167541727 -0.01107514
v 0.0107253361 0.0167828947 -0.0111517766
v 0.0107687032 0.0168642346 -0.0112320837
v 0.0107950559 0.0168005861 -0.0112221939
v 0.0108894408 0.0168234129 -0.0113695655
v 0.0105913682 0.0168209672 -0.0110877249
v 0.0103729675 0.016764896 -0.0110180127
v 0.0104510998 0.0167105887 -0.0110139055
v 0.0102493269 0.0167308375 -0.0110157868
v 0.0102668172 0.0166605469 -0.0110024279
v 0.010229514 0.0168452561 -0.0111328047
v 0.0103313038 0.0168720465 -0.0111340834
v 0.0105106756 0.016918024 -0.0111914575
v 0.0106563522 0.0169534516 -0.0113102486
v 0.0107528316 0.0169741884 -0.0114779947
v 0.0107842758 0.0169764943 -0.0116673689
v 0.0107475203 0.0169600453 -0.0118573569
v 0.0106496355 0.0169279762 -0.0120167201
v 0.0102351056 0.0168000218 -0.0110618891
v 0.0103503233 0.0168308858 -0.0110639352
v 0.0105534801 0.0168830212 -0.0111288521
v 0.0107184518 0.0169232208 -0.0112632718
v 0.0108276987 0.0169467889 -0.0114530772
v 0.0108632939 0.0169494245 -0.0116673373
v 0.0108216638 0.0169307552 -0.0118822893
v 0.0105363885 0.0168426856 -0.0121937972
v 0.0103460494 0.0167902131 -0.012246578
v 0.010060994 0.0167996734 -0.0111795329
v 0.0100440057 0.0167483632 -0.0111148385
v 0.0100438641 0.0166753139 -0.0110726738
v 0.00985944271 0.016623389 -0.011209528
v 0.00987045933 0.0165487602 -0.0111995637
v 0.0100246277 0.0165930856 -0.0110776871
v 0.0097359186 0.0165856089 -0.0114069916
v 0.00969066285 0.0165667795 -0.0116381301
v 0.00970553141 0.0164971575 -0.0115449838
v 0.00971145555 0.0164994486 -0.0115117403
v 0.00974457059 0.016510658 -0.0114004407
v 0.00983492099 0.0165382884 -0.0112416064
v 0.00972909108 0.0165690202 -0.011868366
v 0.00971055403 0.0164933559 -0.0117757143
v 0.00969796907 0.0164931864 -0.0116356108
v 0.00990838837 0.0165380444 -0.0121326605
v 0.00985569507 0.0165251791 -0.0120776156
v 0.00984722283 0.0165921915 -0.0120723946
v 0.00981306192 0.0165150296 -0.0120216189
v 0.00973468553 0.0164976623 -0.0118651278
v 0.0100155594 0.0165649503 -0.0122129237
v 0.0100252684 0.0166327953 -0.0122168195
v 0.0101840775 0.0166087858 -0.0122821899
v 0.0102444626 0.016687192 -0.0122866789
v 0.0102818832 0.0166348591 -0.0122980336
v 0.00987249613 0.0167000238 -0.0112422397
v 0.00990976579 0.016756976 -0.0112919807
v 0.00975762494 0.016664844 -0.0114260782
v 0.00980849564 0.0167258848 -0.0114542423
v 0.00971555337 0.0166473035 -0.0116412928
v 0.00977141503 0.0167103671 -0.011644233
v 0.00975130685 0.0166493934 -0.0118557159
v 0.00980295707 0.0167122353 -0.01183357
v 0.00986119732 0.0166709833 -0.0120457718
v 0.00989987981 0.0167313535 -0.0120014334
v 0.0100268172 0.016708808 -0.0121803218
v 0.010045954 0.0167648159 -0.0121202851
v 0.0102307014 0.0167594515 -0.0122454176
v 0.0102257598 0.016809551 -0.0121777952
v 0.015534088 0.0183465835 -0.0098074479
v 0.0155143486 0.0183420107 -0.00970012695
v 0.0160386395 0.0184981357 -0.00967572536
v 0.0155152595 0.0183434691 -0.00959090143
v 0.0155367795 0.0183508769 -0.00948409922
v 0.0155780669 0.0183639899 -0.00938387681
v 0.015637489 0.0183823258 -0.00929420069
v 0.0157127064 0.0184052102 -0.00921859406
v 0.0158007406 0.0184318144 -0.0091600297
v 0.0157055687 0.0183936637 -0.0100773368
v 0.0156316217 0.0183728766 -0.00999984425
v 0.015573699 0.0183569863 -0.00990869105
v 0.0160865225 0.018505387 -0.0102008693
v 0.0158893652 0.0184467435 -0.0101797646
v 0.0157926288 0.0184185859 -0.0101381214
v 0.0165422112 0.0186523311 -0.00949660689
v 0.0165618341 0.0186572205 -0.00960394181
v 0.0165609326 0.018655723 -0.00971315056
v 0.0165395234 0.018647898 -0.00981997699
v 0.0164984521 0.0186340716 -0.00992021803
v 0.0164393112 0.0186148435 -0.0100099128
v 0.0163643956 0.0185909942 -0.0100855632
v 0.0162766296 0.0185635425 -0.010144148
v 0.0161794443 0.0185336042 -0.0101833725
v 0.0158981308 0.0184611268 -0.00912082475
v 0.0159911364 0.0184890665 -0.00910334103
v 0.0160856899 0.0185174178 -0.00910357665
v 0.0163714942 0.0186027754 -0.00922678225
v 0.0164451525 0.0186245218 -0.00930424966
v 0.0165028051 0.0186412763 -0.00939538889
v 0.0161881708 0.0185481105 -0.00912442803
v 0.0162847023 0.0185769554 -0.00916604418
v 0.0162023231 0.0185248405 -0.0102538355
v 0.0160969906 0.0184928328 -0.0102736522
v 0.0161402076 0.0183834899 -0.0103852311
v 0.0162648913 0.0184214115 -0.0103618084
v 0.0161608197 0.0183187518 -0.0103970105
v 0.0163952727 0.0184616987 -0.0103093265
v 0.0164209083 0.018396914 -0.0103198066
v 0.0165130012 0.0184987076 -0.0102309082
v 0.0164546855 0.0184071418 -0.0103008421
v 0.0166134816 0.0185308829 -0.0101296827
v 0.0166538097 0.0184680428 -0.0101245223
v 0.0166927986 0.0185568724 -0.0100096315
v 0.016747877 0.0185755435 -0.00987549312
v 0.0167860445 0.0185102802 -0.00986164436
v 0.0167765878 0.0185861159 -0.00973250251
v 0.0168055557 0.0185172316 -0.00977098104
v 0.0167778078 0.0185881294 -0.00958630908
v 0.0168096237 0.0185214002 -0.00956552196
v 0.0167514943 0.0185815133 -0.00944261812
v 0.0167732574 0.0185120478 -0.00940159801
v 0.0166986454 0.0185665619 -0.00930710882
v 0.0167309474 0.0184998736 -0.00930057559
v 0.0166213214 0.0185439326 -0.00918508321
v 0.0166521911 0.0184767786 -0.00917635672
v 0.0165760834 0.0184542965 -0.00909290183
v 0.0165225156 0.0185145959 -0.00908136275
v 0.0165515672 0.0184470471 -0.00907086488
v 0.0164060872 0.0184797999 -0.00900003593
v 0.016547516 0.0184458401 -0.00906741619
v 0.0162765775 0.0184409823 -0.00894432701
v 0.0163010303 0.0183727127 -0.00893146917
v 0.0161390658 0.0183997341 -0.008916419
v 0.0162650682 0.0183620248 -0.00892127119
v 0.0160118919 0.018362809 -0.00891655404
v 0.0160317067 0.0182925798 -0.00890276302
v 0.0159888342 0.0184744876 -0.00903055537
v 0.0163124781 0.0185588151 -0.0102094058
v 0.0164119564 0.0185900033 -0.0101430221
v 0.0164968558 0.0186171085 -0.0100573329
v 0.0165638831 0.0186389815 -0.0099557098
v 0.0166104231 0.0186547004 -0.00984216575
v 0.0166346822 0.0186635964 -0.00972114503
v 0.0166357122 0.0186652932 -0.00959740672
v 0.0166134685 0.0186597332 -0.00947580766
v 0.0165688153 0.0186471585 -0.00936111435
v 0.0165034737 0.0186281092 -0.00925785396
v 0.01641999 0.0186033938 -0.0091700945
v 0.0163216181 0.0185740702 -0.00910126884
v 0.0162121989 0.018541323 -0.00905412715
v 0.016096022 0.0185065046 -0.00903051533
v 0.0159959011 0.0184298865 -0.00896164216
v 0.0161151364 0.0184650626 -0.00896138698
v 0.0162442494 0.0185037795 -0.00898760185
v 0.0163658448 0.018540198 -0.00903997198
v 0.0164751653 0.0185728427 -0.00911639351
v 0.0165679324 0.0186003558 -0.00921386387
v 0.0166405439 0.0186215751 -0.0093285311
v 0.0166901648 0.0186355971 -0.00945587642
v 0.0167148765 0.018641796 -0.00959091727
v 0.016713731 0.0186399054 -0.00972831808
v 0.0166867748 0.018629998 -0.0098626921
v 0.0166350566 0.0186124761 -0.00998878293
v 0.0165605806 0.0185881145 -0.0101016071
v 0.0164662395 0.0185579378 -0.0101967491
v 0.0163556989 0.01852322 -0.0102704493
v 0.0162332766 0.0184854176 -0.0103197834
v 0.0161162149 0.0184498187 -0.0103417952
v 0.0158834457 0.0184428561 -0.00905035995
v 0.015827097 0.0182315409 -0.00895377994
v 0.0158871505 0.0183253959 -0.00893994048
v 0.0157565232 0.0182861835 -0.0089924084
v 0.015771471 0.0182149205 -0.00897997059
v 0.0157356523 0.0182042085 -0.00900013745
v 0.0156384259 0.0182506405 -0.00907077547
v 0.0156511217 0.0181788784 -0.00905973092
v 0.0155375134 0.0182200857 -0.00917195342
v 0.0155440392 0.0181466304 -0.00916795898
v 0.0154577857 0.0181956384 -0.00929194409
v 0.0154990498 0.0181329791 -0.00923034083
v 0.0154023869 0.0181781761 -0.00942602754
v 0.0153977564 0.0181015432 -0.00946844183
v 0.0153735029 0.0181682967 -0.00956893526
v 0.015383522 0.0180967841 -0.00954563543
v 0.0153722772 0.0181663632 -0.0097150458
v 0.015397409 0.0180985779 -0.00982661452
v 0.0153987557 0.0181724299 -0.0098586306
v 0.0154064856 0.0181009397 -0.00986157358
v 0.0154518988 0.0181862842 -0.00999403745
v 0.0154604707 0.0181155484 -0.00999937393
v 0.0155296111 0.018207429 -0.0101159764
v 0.0155621786 0.0181440059 -0.0101510426
v 0.015628824 0.0182351377 -0.0102196177
v 0.0156404004 0.0181662627 -0.0102289394
v 0.015745623 0.018268412 -0.0103008868
v 0.0158481207 0.0182263274 -0.0103532206
v 0.0158753973 0.0183060374 -0.010356578
v 0.0160130188 0.0183466189 -0.0103844814
v 0.0160315838 0.0182802826 -0.0103966901
v 0.0157730989 0.0184096824 -0.00909475144
v 0.0156733319 0.0183795914 -0.00916107185
v 0.0155880973 0.0183537137 -0.00924669392
v 0.0155207543 0.0183329936 -0.00934823789
v 0.0154739618 0.0183181819 -0.00946172699
v 0.0154495658 0.0183098111 -0.00958268065
v 0.0154485386 0.0183081739 -0.00970634632
v 0.0154709052 0.0183133204 -0.00982789043
v 0.0155157968 0.0183250755 -0.0099425083
v 0.0155814411 0.0183430128 -0.0100457277
v 0.0156652443 0.0183664933 -0.0101334797
v 0.0157639068 0.0183946844 -0.0102022868
v 0.0158735309 0.0184265282 -0.0102494406
v 0.0159897897 0.0184608456 -0.0102730654
v 0.0159969665 0.0184146967 -0.0103409318
v 0.0158677828 0.0183765925 -0.0103147235
v 0.0157459714 0.0183412489 -0.0102623822
v 0.0156363379 0.0183099918 -0.0101860054
v 0.0155432131 0.0182839502 -0.0100886067
v 0.0154702654 0.0182640664 -0.00997403823
v 0.0154203838 0.0182510465 -0.00984679442
v 0.0153955258 0.018245345 -0.00971187372
v 0.015396677 0.0182471592 -0.00957459118
v 0.0154237812 0.0182564408 -0.00944032427
v 0.0154757798 0.0182728544 -0.00931434054
v 0.0155506171 0.018295832 -0.00920160208
v 0.0156453364 0.0183245447 -0.00910653267
v 0.0157561898 0.0183579288 -0.00903291162
v 0.015878804 0.0183947589 -0.00898362324
v 0.00445817271 0.0153662954 -0.00562975742
v 0.00499071786 0.0155069893 -0.0056441403
v 0.00495341094 0.0154984547 -0.0058502215
v 0.00455796672 0.0153956907 -0.00618934445
v 0.00441124989 0.0153569123 -0.00619708048
v 0.00478619477 0.0154555375 -0.0060819108
v 0.00480432529 0.0154602518 -0.00606654864
v 0.00450647436 0.0153746475 -0.0051001301
v 0.00475464715 0.0154410079 -0.00519036921
v 0.00492567103 0.0154878404 -0.0053837481
v 0.00392663619 0.015225701 -0.00565279927
v 0.00396355288 0.0152340718 -0.00544822356
v 0.00436360296 0.015336982 -0.00510713039
v 0.00413438259 0.0152773652 -0.00521292817
v 0.00411224877 0.0152716739 -0.0052315956
v 0.00399159314 0.0152444262 -0.00591317983
v 0.00416263426 0.0152906887 -0.00610664114
v 0.00439740717 0.015353241 -0.00619562762
v 0.00456376327 0.015383278 -0.00626310473
v 0.00440853601 0.0153422346 -0.00626980979
v 0.00444564736 0.0151585676 -0.00639710203
v 0.00442808634 0.015229485 -0.00638353825
v 0.00463210186 0.0152093796 -0.00638904376
v 0.00461160997 0.0152780116 -0.00637562992
v 0.00475343736 0.0152423456 -0.00635589845
v 0.00488301739 0.015277341 -0.00629211543
v 0.00485857995 0.0153429275 -0.00628041849
v 0.00501583098 0.0153128058 -0.00618565222
v 0.00505360775 0.0153936278 -0.0061012283
v 0.00508121075 0.0153301973 -0.00610972568
v 0.00517344568 0.0154239535 -0.00586143602
v 0.00518697407 0.0153581435 -0.00591419498
v 0.0052037593 0.0154306786 -0.00566384103
v 0.00523270713 0.0153692085 -0.00560964318
v 0.00508148316 0.0153260864 -0.00518907746
v 0.00514783617 0.0153446849 -0.00529481703
v 0.005160701 0.0154172964 -0.00539528904
v 0.00518958224 0.0153564997 -0.00539122848
v 0.00522434944 0.0153665757 -0.00552886492
v 0.00503017893 0.0153808547 -0.00516602211
v 0.00500665745 0.015374396 -0.00513930991
v 0.00494284742 0.0152875334 -0.00504832342
v 0.00479285605 0.0153164184 -0.00498106284
v 0.00479897857 0.0152477948 -0.00496194931
v 0.00465662638 0.0152087016 -0.00491531659
v 0.00455631223 0.0152502228 -0.00491434755
v 0.00457431516 0.0151862102 -0.00490285642
v 0.0047171344 0.0154158184 -0.00508313486
v 0.00451650424 0.0153619479 -0.00502674095
v 0.00489795767 0.015464806 -0.00521703716
v 0.00491785025 0.0154702608 -0.00523964269
v 0.00477266312 0.0154381674 -0.00618254393
v 0.00493762689 0.0154810194 -0.00603093905
v 0.00503899809 0.0155066531 -0.00582804065
v 0.00506464439 0.0155123444 -0.00566084869
v 0.00502823526 0.0155010456 -0.00543363113
v 0.00441421475 0.0152972126 -0.00633863127
v 0.00458659371 0.0153427962 -0.00633119326
v 0.00481857173 0.0154037587 -0.00624174206
v 0.00500175776 0.0154513698 -0.00607340969
v 0.00511432346 0.0154798422 -0.00584813207
v 0.00514280144 0.015486164 -0.00566250365
v 0.00510236342 0.0154736042 -0.00541021209
v 0.00497977342 0.0154393874 -0.00519482139
v 0.00495768525 0.015433331 -0.00516972039
v 0.00475687347 0.0153788943 -0.00502105244
v 0.00453439355 0.0153180128 -0.00495795999
v 0.00436280435 0.0153214186 -0.00503315264
v 0.00432333583 0.0151182087 -0.00492559513
v 0.00405871682 0.0150472093 -0.00506411726
v 0.00413858797 0.0150685301 -0.00500670029
v 0.00412675133 0.0151377972 -0.00501653226
v 0.00437457394 0.0152023174 -0.00492190849
v 0.00401844038 0.0150364758 -0.0051000081
v 0.00393073447 0.015087585 -0.00519539416
v 0.00393985957 0.0150156273 -0.00518848328
v 0.00386473071 0.0149958814 -0.00531066721
v 0.00380987767 0.0150574967 -0.00543525768
v 0.0038245148 0.0149854934 -0.00540941861
v 0.0037788935 0.0150506636 -0.00563582033
v 0.00378686842 0.0149763459 -0.00561272539
v 0.00379623985 0.0149795897 -0.00577695388
v 0.00382233504 0.0150637496 -0.00590468757
v 0.00383030134 0.0149893006 -0.005909272
v 0.00383987091 0.0149919819 -0.00593477488
v 0.00395341823 0.0150996326 -0.00613416079
v 0.00394051895 0.0150199467 -0.00611381605
v 0.00397649966 0.0151058668 -0.00616032677
v 0.00402158592 0.0150423283 -0.00620422838
v 0.004190851 0.0151633341 -0.00631890027
v 0.00422228128 0.0150975194 -0.00633859122
v 0.00428894209 0.0151157808 -0.00636446849
v 0.0042073587 0.015288393 -0.00621503545
v 0.00402609725 0.015239777 -0.00608090591
v 0.00400657998 0.0152344983 -0.00605877489
v 0.00415321812 0.0152668189 -0.005113238
v 0.00398744224 0.0152243171 -0.00526459655
v 0.00388522912 0.0151988408 -0.00546755642
v 0.00385902054 0.0151930582 -0.00563723221
v 0.00389574585 0.0152041381 -0.00586466538
v 0.00436359085 0.0152729806 -0.00496508414
v 0.00413067965 0.0152123254 -0.00505405571
v 0.00394645985 0.0151651287 -0.00522219948
v 0.00383287389 0.0151368389 -0.00544768991
v 0.00380375283 0.0151304109 -0.00563621195
v 0.00384457083 0.0151427127 -0.00588893471
v 0.00396775641 0.0151764434 -0.00610462343
v 0.00398944644 0.0151823051 -0.00612921873
v 0.00419088546 0.0152363135 -0.00627826946
v 0.00769988773 0.0160074756 -0.00590879377
v 0.00769191515 0.0160820615 -0.00590415159
v 0.00782289635 0.0161178373 -0.00613378594
v 0.00823263917 0.0163369123 -0.00503271772
v 0.00813682191 0.0161187723 -0.00494400365
v 0.00824414659 0.0162170604 -0.00492173992
v 0.00799618941 0.0161533616 -0.0050168517
v 0.00800782349 0.0160845034 -0.00500733731
v 0.00787253864 0.0160492044 -0.00511579076
v 0.00780013995 0.0161041506 -0.00519615598
v 0.0078090583 0.0160327423 -0.00518950867
v 0.00767944427 0.0160750039 -0.00543631706
v 0.00770202558 0.0160051901 -0.00538728014
v 0.00764871622 0.0160687193 -0.00563517958
v 0.00765631394 0.0159946345 -0.00568140624
v 0.0076650572 0.0159974489 -0.00577104604
v 0.00794299506 0.0160746835 -0.00624864362
v 0.0078566568 0.016050959 -0.00616911752
v 0.00784637872 0.0161241479 -0.006160405
v 0.0078080371 0.0160375498 -0.00611083722
v 0.00773947779 0.0160185564 -0.00600093324
v 0.00807415321 0.016110599 -0.00633022562
v 0.00806083158 0.0161812361 -0.00631896686
v 0.00823135581 0.0161534343 -0.00638419203
v 0.00807756651 0.0163065549 -0.00621490739
v 0.00789626502 0.0162582435 -0.00608077087
v 0.00787641201 0.0162529033 -0.00605825987
v 0.0080229817 0.0162830018 -0.00511323009
v 0.00785722397 0.0162413269 -0.00526498212
v 0.00775517896 0.0162166413 -0.00546819018
v 0.00772918807 0.0162113197 -0.0056364513
v 0.00776569825 0.0162226185 -0.00586399669
v 0.00823328458 0.0162881091 -0.00496468414
v 0.00800024997 0.0162282214 -0.00505412184
v 0.00781600177 0.0161819458 -0.00522272335
v 0.00770257553 0.0161545426 -0.00544850342
v 0.00767368963 0.0161486268 -0.00563547015
v 0.00771427667 0.0161611699 -0.00588834472
v 0.00783736352 0.0161948092 -0.00610420248
v 0.00785943214 0.0162007418 -0.00612922572
v 0.00806096755 0.016254412 -0.0062782825
v 0.00611782959 0.015761137 -0.00330553646
v 0.00615089154 0.0157688018 -0.00327836419
v 0.00622979272 0.0157971699 -0.00351582677
v 0.00601815945 0.0157513246 -0.00385951158
v 0.00596715044 0.0157324299 -0.00364603056
v 0.00599662773 0.0157353934 -0.00348481699
v 0.00658991281 0.0158815421 -0.00323431357
v 0.0065754205 0.0158775225 -0.00322781526
v 0.00644504 0.0158423502 -0.00319440011
v 0.00634207297 0.0158156641 -0.00319772866
v 0.00682950718 0.0159597863 -0.00373180304
v 0.0067306133 0.015939286 -0.00393840345
v 0.00654044421 0.0158835649 -0.00370107824
v 0.00656119594 0.0158979278 -0.00406347308
v 0.00683008274 0.0159547888 -0.00355349132
v 0.00673992187 0.0159249008 -0.0033556819
v 0.00672287634 0.0159197729 -0.00333574391
v 0.00671925489 0.0159186944 -0.00333177322
v 0.00615635747 0.015791161 -0.00401855353
v 0.00634743553 0.015842719 -0.00409254245
v 0.00636159442 0.0158464443 -0.00409408147
v 0.00639535859 0.0156480502 -0.00429745996
v 0.00637772027 0.0157198552 -0.00428353995
v 0.00652075559 0.0156819522 -0.0042958376
v 0.00650099618 0.0157520436 -0.00428195624
v 0.00666581374 0.0157206804 -0.00426046038
v 0.0067194351 0.0158077162 -0.00421257457
v 0.00674286392 0.0157410018 -0.00422513857
v 0.00689689675 0.0158509314 -0.0040685581
v 0.00691468176 0.0157853477 -0.00408811914
v 0.00701436959 0.0158766713 -0.00386528182
v 0.0070493347 0.0158176664 -0.00385008613
v 0.00705280993 0.015880404 -0.00363556179
v 0.00708081946 0.0158220474 -0.00363711105
v 0.00695065036 0.0157787539 -0.00325049832
v 0.00699284906 0.015791608 -0.00331473863
v 0.00700825406 0.0158616174 -0.00340486527
v 0.00703481538 0.0158048403 -0.00340208854
v 0.00707616797 0.0158193987 -0.00356682087
v 0.00688959938 0.0158239771 -0.00321155787
v 0.0068844785 0.0158224348 -0.00320591521
v 0.00679264637 0.0157323796 -0.00310102012
v 0.00670048688 0.015769342 -0.00306922127
v 0.00672078691 0.015711857 -0.00306023937
v 0.00645558909 0.0158275813 -0.00312106311
v 0.00662355265 0.0158736221 -0.00316888257
v 0.00677449349 0.0159170516 -0.00328126224
v 0.00677869515 0.015918307 -0.00328589347
v 0.00687603885 0.0159490686 -0.00344482041
v 0.00635852059 0.0158329438 -0.00416706782
v 0.006459672 0.0158593524 -0.00416574348
v 0.00663892878 0.0159049798 -0.00410871487
v 0.00678458391 0.0159403514 -0.00399035914
v 0.00688101072 0.0159613956 -0.00382328196
v 0.00691258442 0.0159644317 -0.00363444677
v 0.00636390736 0.0157882273 -0.00423744554
v 0.00647852337 0.0158181507 -0.00423596799
v 0.00668163551 0.0158698913 -0.00417140126
v 0.00684665237 0.0159100424 -0.00403738208
v 0.00695589744 0.0159339365 -0.00384821882
v 0.00699165463 0.0159373991 -0.00363441976
v 0.00695023546 0.0159199554 -0.00341972662
v 0.00683992635 0.0158850048 -0.00323980395
v 0.00683516217 0.0158835705 -0.00323456689
v 0.00666410755 0.015834257 -0.0031073282
v 0.00647394871 0.0157813076 -0.00305328984
v 0.00614984147 0.0156244105 -0.00308482186
v 0.00625223527 0.0155845294 -0.00303552183
v 0.00636879727 0.015678592 -0.00301380735
v 0.00586734014 0.0154893519 -0.00342065585
v 0.00585555099 0.0155599108 -0.00343493768
v 0.00598083204 0.0155157261 -0.00322503666
v 0.00597228436 0.0155835403 -0.00323047489
v 0.00601487141 0.0155240791 -0.00318759051
v 0.00616073189 0.0155608207 -0.00307677616
v 0.00595634617 0.0155250048 -0.00404939801
v 0.0058948556 0.0155067202 -0.00394937117
v 0.00586514268 0.0155751305 -0.00389594422
v 0.00587371225 0.0155002205 -0.00390223088
v 0.00583343161 0.0154868197 -0.00375491544
v 0.00598765584 0.0156116113 -0.00409044418
v 0.0060839979 0.0155616812 -0.00417733239
v 0.00617247541 0.015662808 -0.00422747899
v 0.00618634652 0.0155904582 -0.00423954381
v 0.00633050688 0.0156303402 -0.00428798888
v 0.00618958846 0.0157873482 -0.0041214861
v 0.00603784388 0.0157452282 -0.0040088091
v 0.0059372792 0.0157151837 -0.00384884863
v 0.00589905819 0.0157002527 -0.00365921715
v 0.00592946401 0.0157026518 -0.00346955238
v 0.00602535391 0.01572215 -0.0033012256
v 0.00617120927 0.0157558508 -0.00318126217
v 0.00635104207 0.0158004425 -0.00312277023
v 0.00635548728 0.0157505609 -0.00305521535
v 0.00615172973 0.0157001112 -0.0031213928
v 0.00598647865 0.0156620257 -0.00325712212
v 0.005877838 0.015639998 -0.00344762928
v 0.00584339444 0.0156373028 -0.00366232009
v 0.00588672748 0.0156541765 -0.00387703232
v 0.00600071251 0.0156881586 -0.00405815616
v 0.00617268076 0.0157358274 -0.00418576878
v 0.0106660463 0.0169670228 -0.00383572211
v 0.0105508314 0.0169408638 -0.00398943946
v 0.0103598954 0.0168929044 -0.00408543134
v 0.0102736838 0.0168567784 -0.00362274726
v 0.010708997 0.0169719383 -0.00363012101
v 0.0106531242 0.0169496518 -0.00341787096
v 0.010316737 0.0168519933 -0.00319341756
v 0.0101891402 0.0168187767 -0.00320135523
v 0.0102323676 0.0168594401 -0.00409335783
v 0.0100370971 0.016806215 -0.00402441015
v 0.00999748427 0.0167723726 -0.00329773524
v 0.00988039095 0.0167475622 -0.00345497718
v 0.00983887352 0.0167434979 -0.00365655893
v 0.00989486091 0.0167645775 -0.00386877893
v 0.0103310617 0.0168727096 -0.00416578865
v 0.0102292756 0.0168458708 -0.00416717958
v 0.0102665862 0.016661182 -0.00429741433
v 0.0102487803 0.0167328417 -0.00428352039
v 0.01039265 0.0166955125 -0.00429571467
v 0.0103727356 0.0167655312 -0.00428184588
v 0.0105577642 0.0167397801 -0.0042521134
v 0.0105911298 0.0168216191 -0.00421212055
v 0.0106146829 0.0167548209 -0.00422469387
v 0.0107422927 0.0167879574 -0.00413262891
v 0.0107684545 0.0168649089 -0.00406776834
v 0.010801523 0.0168029293 -0.00406960025
v 0.0108858664 0.0168903284 -0.00386392954
v 0.0109155215 0.0168299507 -0.00386509579
v 0.0108793154 0.0168731697 -0.00340304268
v 0.0109058116 0.01681659 -0.00340058934
v 0.0109302057 0.0168251079 -0.00347519713
v 0.0109241009 0.0168932285 -0.00363385002
v 0.0109445937 0.0168307275 -0.0035449469
v 0.0109520992 0.0168349035 -0.00363562931
v 0.0109378938 0.0168343335 -0.00378384464
v 0.0108224424 0.0167899355 -0.00325046782
v 0.0108082499 0.0167855788 -0.0032321082
v 0.0107838716 0.0167781487 -0.00320348772
v 0.0107797524 0.0167769082 -0.00319898454
v 0.0105725797 0.0167784374 -0.00306857633
v 0.0105926543 0.0167220347 -0.00306009315
v 0.0105637731 0.0167137869 -0.00304709468
v 0.0103683909 0.016720457 -0.00301140337
v 0.0103843706 0.0166636687 -0.00300239539
v 0.0104953656 0.0168833379 -0.00316719059
v 0.0103274276 0.0168369096 -0.00312012434
v 0.0107472297 0.0169608425 -0.00344251003
v 0.0107839983 0.0169772562 -0.00363249797
v 0.010752569 0.016974913 -0.00382186542
v 0.0106561007 0.0169541389 -0.00398962479
v 0.0105104335 0.0169186983 -0.00410841499
v 0.010234789 0.0168011244 -0.00423750887
v 0.0103500886 0.0168315358 -0.00423593493
v 0.0105532436 0.016883675 -0.00417100545
v 0.010718205 0.0169239044 -0.00403658906
v 0.010827437 0.0169475041 -0.00384678668
v 0.0108630182 0.0169501826 -0.00363252335
v 0.0108213695 0.0169315469 -0.00341757131
v 0.01053607 0.0168435443 -0.00310606719
v 0.010346001 0.0167903304 -0.00305256876
v 0.00970743317 0.0164989401 -0.00376848108
v 0.00969769154 0.0164939892 -0.00366480695
v 0.00969037786 0.0165673643 -0.00366229773
v 0.0100594498 0.016577065 -0.00306296232
v 0.0102577135 0.0166292414 -0.00300420495
v 0.0102436896 0.0166877657 -0.00301317545
v 0.0103333108 0.0166497026 -0.00299994508
v 0.010024529 0.0166333709 -0.00308322138
v 0.0100353304 0.0165708754 -0.00307547953
v 0.00990808289 0.0165388919 -0.00316718221
v 0.0098465709 0.0165927634 -0.00322783692
v 0.00983580761 0.0165214166 -0.00324639748
v 0.00972860679 0.0165696014 -0.00343198515
v 0.00973434187 0.0164986737 -0.00343471789
v 0.00971631333 0.0164952241 -0.00349638518
v 0.00974440575 0.0165117756 -0.00389989931
v 0.00973584317 0.0165861957 -0.00389339309
v 0.00982174557 0.0165355969 -0.00404112181
v 0.0098591987 0.0166238714 -0.00409038551
v 0.00987009332 0.0165498536 -0.0041002864
v 0.0100106159 0.0165900923 -0.00421426119
v 0.0100331353 0.0166728925 -0.00422206614
v 0.0100470278 0.0166003387 -0.00423424644
v 0.0100519545 0.0167977083 -0.00411657337
v 0.0100260433 0.0167092457 -0.00311954296
v 0.00986044854 0.0166714098 -0.00325431
v 0.00975067075 0.0166498162 -0.0034445452
v 0.00971508678 0.0166477188 -0.00365912006
v 0.00975737162 0.0166652724 -0.00387438061
v 0.00987212826 0.0167003814 -0.0040578302
v 0.0100339474 0.0167460181 -0.00418047141
v 0.0102299731 0.0167599041 -0.00305423955
v 0.0102250483 0.0168100521 -0.0031216112
v 0.0100451 0.0167652834 -0.00317932316
v 0.00989896711 0.0167317949 -0.00329844235
v 0.00980209 0.0167126618 -0.00346655329
v 0.00977068115 0.0167107973 -0.00365612493
v 0.00980797037 0.0167263243 -0.00384626258
v 0.00990919489 0.016757369 -0.00400828011
v 0.016418431 0.0186086446 -0.00526580773
v 0.0164376758 0.0186148118 -0.00528807007
v 0.0155814616 0.0183654111 -0.00592243858
v 0.0157015715 0.0183930341 -0.00522576831
v 0.015932247 0.0184598863 -0.0051085758
v 0.0158347096 0.0184361041 -0.00549184717
v 0.015512215 0.0183425006 -0.00566334231
v 0.0155617455 0.0183542501 -0.00541586429
v 0.0160863493 0.0185058732 -0.00509892404
v 0.016237298 0.0185519028 -0.00513699884
v 0.0162611213 0.0185592584 -0.00514784735
v 0.0164394341 0.0186153762 -0.00529022096
v 0.016450841 0.0186190456 -0.00530482735
v 0.0165540986 0.0186535325 -0.00554037699
v 0.0159910377 0.0184893366 -0.00619644346
v 0.0157548301 0.018418286 -0.00611252198
v 0.0162552185 0.0185684729 -0.00614894414
v 0.0164101273 0.0186145473 -0.00603611208
v 0.016541956 0.0186526459 -0.00580363395
v 0.0168034621 0.0185233075 -0.00577251241
v 0.0167724341 0.0185147244 -0.00589813758
v 0.0167525895 0.0185832698 -0.00585019775
v 0.0160316192 0.0182928164 -0.00639698608
v 0.0160118323 0.0183629375 -0.00638326257
v 0.0162106566 0.0183464978 -0.0063899979
v 0.0162039399 0.0184205621 -0.00637338264
v 0.016261166 0.0183617007 -0.00637939153
v 0.0164469462 0.0184934158 -0.00627434067
v 0.0164815933 0.0184281003 -0.00628159894
v 0.016637506 0.0185501203 -0.00609188201
v 0.0166917462 0.0184910931 -0.00606649835
v 0.0166686736 0.0184842329 -0.00610044552
v 0.0165754594 0.0184563324 -0.00620685052
v 0.0168131385 0.0185254086 -0.00566800823
v 0.0167795978 0.0185897015 -0.00566695165
v 0.0168042779 0.0185214151 -0.00552872941
v 0.0167385098 0.0185739119 -0.00539790513
v 0.0167964287 0.0185185857 -0.00548575306
v 0.0167711135 0.0185098741 -0.00539421802
v 0.016610736 0.0185316373 -0.00516790198
v 0.0166714005 0.018477194 -0.00520012574
v 0.016584944 0.0185233243 -0.0051381276
v 0.0164494962 0.0184072256 -0.00499610277
v 0.0163740497 0.0184567627 -0.00498037459
v 0.0161396451 0.0183851309 -0.00491496082
v 0.0161606297 0.0183192659 -0.00490274141
v 0.0164947324 0.0186170768 -0.00524062896
v 0.0164729375 0.0186100826 -0.0052154134
v 0.0162947457 0.0185539965 -0.00508186733
v 0.0160967447 0.0184934419 -0.00502645131
v 0.0166027024 0.0186526608 -0.00543530611
v 0.0159887392 0.0184747595 -0.00626920536
v 0.0161510315 0.0185234267 -0.00626084302
v 0.0163563322 0.0185848773 -0.00617704447
v 0.0165173449 0.0186326597 -0.00602263724
v 0.0166145936 0.0186605416 -0.00581811508
v 0.0166374184 0.0186659507 -0.00566303311
v 0.0159958117 0.0184301231 -0.00633814558
v 0.0161761325 0.0184842125 -0.00632886169
v 0.0164042357 0.018552551 -0.00623581838
v 0.0165831205 0.018605737 -0.00606438378
v 0.0166911501 0.0186368003 -0.00583733246
v 0.0167165101 0.0186428279 -0.00566515839
v 0.016677944 0.0186280198 -0.00541235413
v 0.0165579971 0.0185883977 -0.00519624259
v 0.0165337808 0.0185806006 -0.00516826799
v 0.0163358133 0.0185181834 -0.00502002984
v 0.01611582 0.0184508674 -0.00495853042
v 0.0154704954 0.0181186069 -0.00528111123
v 0.0155243659 0.0181334596 -0.00519617507
v 0.0155146457 0.018203821 -0.00520332437
v 0.0159374308 0.0184458736 -0.00503422413
v 0.0159510653 0.0183288306 -0.00492415577
v 0.0159686282 0.0182616711 -0.00491207512
v 0.0157069135 0.0182578657 -0.0050219195
v 0.0156180533 0.0181596763 -0.00509078847
v 0.0157200955 0.0181888808 -0.00501156086
v 0.0158487279 0.0182263032 -0.00494630588
v 0.0154177491 0.0181043744 -0.00540157175
v 0.0153976493 0.0181726068 -0.0054445304
v 0.0153788328 0.0180947799 -0.00559185538
v 0.0153694712 0.0181664918 -0.00563237211
v 0.0153767699 0.0180945285 -0.00563279819
v 0.0153857451 0.0180982221 -0.00577096455
v 0.0154111972 0.0181813724 -0.00590121793
v 0.0154112764 0.0181064587 -0.00588149996
v 0.0155276218 0.0181420948 -0.00611075666
v 0.015539973 0.0182211511 -0.00613095006
v 0.0155507727 0.0181490835 -0.00614023022
v 0.015565116 0.0182287898 -0.006159788
v 0.0155777773 0.0181572251 -0.00617108401
v 0.0157769099 0.0182925891 -0.0063177119
v 0.0158083998 0.0182262789 -0.00633788202
v 0.0158398002 0.0182356481 -0.00635119248
v 0.0157903004 0.0184151623 -0.0062137926
v 0.0156113859 0.0183611438 -0.00608015992
v 0.0155901527 0.0183546804 -0.00605574297
v 0.0154813854 0.0183209553 -0.0058613196
v 0.015446147 0.0183083434 -0.00563376769
v 0.0154699469 0.0183135308 -0.0054747723
v 0.0157311894 0.0183858071 -0.00511700381
v 0.0155687733 0.0183400027 -0.00527059473
v 0.0159388017 0.0183980204 -0.00496716937
v 0.0157096274 0.0183313657 -0.00505904574
v 0.0155291567 0.0182805751 -0.00522952061
v 0.0154193332 0.0182512309 -0.00545617845
v 0.0153928883 0.0182454865 -0.00563266734
v 0.0154320458 0.0182594731 -0.00588528393
v 0.0155529203 0.018296862 -0.00610112259
v 0.0155765172 0.0183040313 -0.00612822454
v 0.0157753155 0.0183639694 -0.00627659075
v 0.0138563979 0.0178103074 -0.00329832174
v 0.0138642779 0.017812198 -0.00329156825
v 0.0144071421 0.0179907829 -0.0039890958
v 0.0142158084 0.0179393943 -0.0040852204
v 0.0140908761 0.0179043692 -0.00409273803
v 0.0139731895 0.0178582445 -0.00368119357
v 0.0137320245 0.0177831855 -0.00347660901
v 0.0136998845 0.01778071 -0.00364678237
v 0.0137512507 0.0178022627 -0.00386017654
v 0.0140497442 0.0178598296 -0.00320016476
v 0.0141757792 0.0178948343 -0.00319239334
v 0.0142909503 0.0179437716 -0.00357603258
v 0.0145297796 0.0180202033 -0.00381737901
v 0.0145650953 0.0180238783 -0.00363680511
v 0.0143752303 0.0179545227 -0.00326541346
v 0.0145132588 0.0180006418 -0.00342355762
v 0.0147179672 0.0178515352 -0.00330298441
v 0.0147658978 0.0178681742 -0.00340076629
v 0.0147375539 0.0179269407 -0.00340285525
v 0.0144206434 0.0177894086 -0.00425116485
v 0.014253255 0.0177425593 -0.00429575099
v 0.0142319771 0.0178129431 -0.00428175787
v 0.0140879443 0.0178909358 -0.00416666176
v 0.0141886473 0.0179192908 -0.00416533183
v 0.0142082721 0.0178785436 -0.00423565228
v 0.0140941562 0.0178464055 -0.00423716195
v 0.0141092641 0.0177783854 -0.00428335182
v 0.0141282659 0.017706994 -0.00429737987
v 0.0144492202 0.0178726241 -0.0042123422
v 0.0144744609 0.0178042557 -0.00422508176
v 0.0146024507 0.0178389661 -0.00413259678
v 0.0146258408 0.0179188177 -0.004068268
v 0.0146491155 0.0178513229 -0.00408424716
v 0.0147431623 0.0179459341 -0.00386438472
v 0.0147751775 0.0178826787 -0.00386505947
v 0.0147808902 0.0178839266 -0.00384765281
v 0.0147817079 0.0179488156 -0.00363405631
v 0.0148117756 0.0178876147 -0.00363621046
v 0.0148069309 0.0178843718 -0.00356397848
v 0.0146829216 0.0178398583 -0.00325042894
v 0.0146168424 0.0178837646 -0.00320640532
v 0.0145303402 0.017791681 -0.00310395379
v 0.0144437654 0.0178282317 -0.00307354657
v 0.0144651355 0.0177718215 -0.00306551671
v 0.0142830731 0.0177179556 -0.00300681544
v 0.0142295435 0.017764423 -0.00301142829
v 0.0142466463 0.0177074373 -0.00300236046
v 0.0143625829 0.0179318022 -0.00317062205
v 0.0141867269 0.0178797636 -0.00311963912
v 0.0142060462 0.0178336054 -0.00305244257
v 0.0144102946 0.0179340076 -0.00417101663
v 0.0145745538 0.017976895 -0.00403685262
v 0.0146836769 0.0180020519 -0.00384697085
v 0.0147195468 0.018004708 -0.00363243395
v 0.0146784959 0.0179843977 -0.00341706024
v 0.014566238 0.0179443061 -0.00323404954
v 0.0144052878 0.0178927314 -0.00311028957
v 0.0143669508 0.0179681703 -0.00410820637
v 0.014511941 0.0180059131 -0.00398964854
v 0.0146082845 0.0180280209 -0.00382184028
v 0.0146399634 0.0180303324 -0.00363220111
v 0.0146037256 0.018012451 -0.00344181899
v 0.014504632 0.0179771893 -0.00328004081
v 0.0141057167 0.0177297648 -0.00301315286
v 0.0141206067 0.0176716596 -0.0030041174
v 0.0139563773 0.0176264849 -0.00304758083
v 0.0138876177 0.0176723395 -0.00308310264
v 0.0138989296 0.0176110882 -0.0030752942
v 0.0137101011 0.0176297743 -0.00322775007
v 0.013712679 0.0175631456 -0.00322992261
v 0.0135923726 0.0176058561 -0.00343195209
v 0.0135982903 0.0175366718 -0.00343469437
v 0.0135991601 0.0176242888 -0.00389312091
v 0.013608071 0.0175510403 -0.00390002364
v 0.0135832736 0.0175422877 -0.00382418768
v 0.0135541074 0.0176040232 -0.00366238737
v 0.0135690104 0.0175366104 -0.00375482859
v 0.0135615664 0.0175323188 -0.00366511545
v 0.0135759627 0.0175325368 -0.00351541443
v 0.0137051297 0.0175821669 -0.00406755973
v 0.0139052132 0.0177193377 -0.00422670366
v 0.0139203444 0.0176467244 -0.00423960201
v 0.0139493868 0.0176552311 -0.00425270619
v 0.013920527 0.0178426728 -0.00411990378
v 0.0136695514 0.0177643988 -0.00384554942
v 0.0136326309 0.0177476816 -0.00365568814
v 0.0136640482 0.0177492127 -0.00346600194
v 0.0137606421 0.0177689828 -0.00329785561
v 0.0139062703 0.0178040899 -0.00317870383
v 0.0140851615 0.0178513322 -0.00312107126
v 0.0140909106 0.0178013779 -0.00305405981
v 0.0138881179 0.0177479312 -0.00311924471
v 0.0137230484 0.0177082736 -0.00325402594
v 0.013613563 0.0176859833 -0.00344427116
v 0.0135779716 0.017684266 -0.00365889864
v 0.013619842 0.0177031513 -0.00387378386
v 0.0139043853 0.0177916475 -0.00418438343
v 0.0148805929 0.0180212837 -0.00802353397
v 0.014872239 0.0180515237 -0.00799275748
v 0.0149663109 0.0179841407 -0.00785343908
v 0.0149567556 0.0180567969 -0.00764989201
v 0.0149900699 0.0179911274 -0.00764988596
v 0.0149179595 0.0180681515 -0.00784777105
v 0.0148769338 0.0181011334 -0.0078403214
v 0.0149352327 0.0180806108 -0.00764989434
v 0.0148624508 0.018086914 -0.00792785641
v 0.0148511296 0.018127868 -0.00764990505
v 0.0148769217 0.0181011744 -0.0074594859
v 0.0149179464 0.0180681869 -0.00745203113
v 0.0148882633 0.0179935433 -0.00726059405
v 0.0148964673 0.0179638676 -0.00725461077
v 0.0149386609 0.0179761611 -0.0073529752
v 0.0149663277 0.0179841928 -0.00744633283
v 0.0148805352 0.0180215072 -0.00727636786
v 0.0148599846 0.0180958379 -0.00739685539
v 0.0148706138 0.0180573873 -0.0073150415
v 0.0071959612 0.0158915501 -0.00798807107
v 0.00704819476 0.0158516224 -0.00822408125
v 0.00702302018 0.0159118343 -0.00821589585
v 0.00651486777 0.0157071669 -0.00849670172
v 0.00650931103 0.0157278925 -0.0084954733
v 0.00665223226 0.0157443639 -0.00847189222
v 0.00675332127 0.0158404782 -0.00841621682
v 0.0067604105 0.0157736596 -0.00843384489
v 0.00701748533 0.0158433169 -0.00825698208
v 0.0072637368 0.0159097109 -0.0076499586
v 0.00722209131 0.0158985835 -0.00791714992
v 0.00725798588 0.0159266535 -0.00764995953
v 0.00719233276 0.0159567408 -0.00792048872
v 0.00723568071 0.0159683898 -0.00764996745
v 0.00720231002 0.0160053559 -0.00764997816
v 0.00713112252 0.0160159003 -0.0079054907
v 0.0071720602 0.0160268955 -0.00764998095
v 0.00705253007 0.0160431135 -0.00788196549
v 0.00711731706 0.0160486344 -0.00764998421
v 0.00698723597 0.0160383135 -0.00786001701
v 0.00702092191 0.0160471983 -0.00764997303
v 0.00644729147 0.015895471 -0.00829784386
v 0.00664648321 0.0159480628 -0.00824480224
v 0.00646120775 0.015874872 -0.00839109253
v 0.00667614723 0.0159434378 -0.0083069792
v 0.0067165182 0.0159060955 -0.00837366655
v 0.00649808114 0.015767524 -0.00848644041
v 0.00648341747 0.0158148687 -0.00846194383
v 0.00647515338 0.0158391576 -0.00844123773
v 0.00685582031 0.0160034467 -0.00808931142
v 0.00690737134 0.0160046071 -0.00813524146
v 0.00697121955 0.0159734823 -0.00818448607
v 0.00562203769 0.0154668614 -0.00764997257
v 0.00562676182 0.0154681262 -0.00774089526
v 0.0056768707 0.0154817421 -0.00795543473
v 0.00571366586 0.0154916979 -0.00804024469
v 0.00588840665 0.0155387959 -0.00827675033
v 0.00591028295 0.0155446874 -0.00829677097
v 0.00619516615 0.0156212319 -0.00846033636
v 0.00624873815 0.0156356245 -0.0084758494
v 0.0065148063 0.0157073289 -0.00680322247
v 0.00650777947 0.015733378 -0.00680514984
v 0.0062132962 0.0156262293 -0.00683389045
v 0.00620232848 0.0156906396 -0.00684309145
v 0.00593156461 0.015550442 -0.00698499521
v 0.00572892791 0.0154958107 -0.00723047974
v 0.00567685161 0.0154817393 -0.00734449318
v 0.00566874584 0.0155510725 -0.00734821241
v 0.00562745752 0.0154683627 -0.0075523844
v 0.00561440829 0.0155369733 -0.00764997117
v 0.00561639993 0.0155545184 -0.00764997862
v 0.00569113204 0.0156348441 -0.00736470288
v 0.00565727334 0.0156475268 -0.00764998188
v 0.00574562792 0.015699001 -0.00739125395
v 0.00569783105 0.0156860556 -0.0076499898
v 0.00572133437 0.0157004744 -0.00764997909
v 0.0058051087 0.0157275349 -0.0074161985
v 0.0057630185 0.0157166142 -0.00764998142
v 0.00644723047 0.015895661 -0.00700212363
v 0.00621840544 0.0158356354 -0.00702494802
v 0.00646231137 0.0158722717 -0.00690361951
v 0.00620303117 0.0158186387 -0.00695825508
v 0.00619550794 0.0157667771 -0.00688722497
v 0.00649648765 0.0157727953 -0.0068153576
v 0.00648379233 0.0158135835 -0.00683701364
v 0.0058890623 0.0156865623 -0.00706471829
v 0.00592512544 0.015745895 -0.00711921183
v 0.00596729387 0.0157699138 -0.00717039034
v 0.00620283885 0.0158179123 -0.00834305305
v 0.00621844688 0.015835518 -0.008275019
v 0.0058051208 0.0157274865 -0.00788377319
v 0.0057445229 0.0156981163 -0.00790921319
v 0.00569072412 0.0156339668 -0.00793549698
v 0.00566874677 0.0155505789 -0.00795178488
v 0.00620245002 0.0156900827 -0.00845698081
v 0.00619555684 0.0157659128 -0.0084133679
v 0.00596732972 0.0157698244 -0.00812958367
v 0.00592438458 0.0157450549 -0.00818178989
v 0.00588884251 0.0156856682 -0.00823573396
v 0.00587819563 0.0156052466 -0.00826919172
v 0.00610400457 0.0158059243 -0.00797875971
v 0.00610398734 0.0158059858 -0.00732120918
v 0.00664646039 0.0159481559 -0.00705516897
v 0.00685580447 0.0160034951 -0.00721064536
v 0.00698723039 0.0160383265 -0.00743993046
v 0.00667612068 0.0159435384 -0.0069929827
v 0.00690735225 0.0160046611 -0.00716472091
v 0.00705252215 0.016043134 -0.00741798291
v 0.00713110855 0.0160159227 -0.0073944563
v 0.00719232066 0.0159567762 -0.00737945596
v 0.0071952804 0.0158911292 -0.00731005659
v 0.00701975264 0.0158436708 -0.00704519032
v 0.00704826275 0.0158513617 -0.00707584759
v 0.00702299178 0.0159119014 -0.00708404509
v 0.00664587179 0.0157427955 -0.00682633044
v 0.00676666899 0.0157754552 -0.00686886162
v 0.00675327936 0.015840603 -0.00688372459
v 0.00697120093 0.0159735493 -0.00711546186
v 0.021429928 0.0178596973 -0.000137179071
v 0.0209076256 0.017887393 -0.000491403742
v 0.0221679267 0.0178205781 0.00170930987
v 0.0221767388 0.0178200901 0.000201194402
v 0.0204895604 0.017909551 -0.000934279873
v 0.0201428998 0.0179279353 -0.00151394808
v 0.0238321926 0.0166288875 -0.0172510408
v 0.0252385754 0.0165558178 -0.0173327159
v 0.0256635509 0.0161281042 -0.0172554776
v 0.0226832554 0.0165678971 -0.0171991065
v 0.0223557726 0.0165268593 -0.0171875246
v 0.021536462 0.0163698327 -0.0171663146
v 0.0208380874 0.016168274 -0.0171581618
v 0.0204883181 0.0160413403 -0.017157929
v 0.019499924 0.0155829675 -0.0171719361
v 0.0110665355 0.00739025418 -0.0177500751
v 0.0185282137 0.0149795385 -0.0172071103
v 0.0174825992 0.0141810076 -0.0172634404
v 0.0161883924 0.0130181946 -0.0173498783
v 0.0161190536 0.0129507855 -0.0173548944
v 0.0146045974 0.0113810766 -0.0174692906
v 0.0138062965 0.0104988189 -0.0175315328
v 0.022167962 0.0178204924 -0.0170082767
v 0.0229958538 0.017706817 -0.0170724262
v 0.0238188561 0.0174466819 -0.0171529073
v 0.0245836508 0.0170500688 -0.0172429346
v 0.0250676479 0.0167015884 -0.0173080526
v 0.0258032307 0.0159624405 0.00192469324
v 0.0252364203 0.0165577941 0.0020338241
v 0.0238956828 0.0166305099 0.00195550569
v 0.022727279 0.0165744219 0.00190184196
v 0.0223551001 0.0165286511 0.00188854511
v 0.0216568336 0.0163999759 0.00186969189
v 0.0111800525 0.007521322 0.0024428647
v 0.00797548052 0.00333344424 0.00257208548
v 0.0138056558 0.0105007365 0.00223308988
v 0.014806821 0.011602493 0.00215501594
v 0.0161183495 0.0129525783 0.00205615559
v 0.0163907856 0.0132147325 0.00203658314
v 0.0175979603 0.0142778512 0.00195760769
v 0.018683048 0.0150881344 0.0019011664
v 0.0193327684 0.0154917557 0.00187755434
v 0.0196273569 0.0156531967 0.00186981144
v 0.0206410382 0.0161009841 0.00185868237
v 0.0208374038 0.0161700603 0.00185913721
v 0.0258000232 0.0159664173 0.000863668101
v 0.025243856 0.0165511575 0.000774505606
v 0.0250666868 0.0167024322 0.00200931216
v 0.0250676069 0.0167016294 0.000748685969
v 0.0245660599 0.0170612242 0.00194200256
v 0.0245404933 0.0170771237 0.000677100907
v 0.023850441 0.0174335614 0.0018575323
v 0.0238138884 0.0174487922 0.000590609096
v 0.0235979464 0.0175321419 0.00183083687
v 0.0235984903 0.0175319053 0.000567568874
v 0.0230795033 0.0176874567 0.00178095652
v 0.0229926035 0.0177076161 0.000509364938
v 0.0222981405 0.0178119838 0.00171825953
v 0.0181629919 0.014849999 0.00191057962
v 0.0113856196 0.0128107509 0.00198299414
v 0.0132778548 0.0111875739 0.00216792198
v 0.00740036275 0.0091713937 0.0023101382
v 0.00426074769 0.0118426541 0.00203405716
v 0.017489465 0.0155418999 0.00179592648
v 0.010480728 0.0135440296 0.00186549628
v 0.00526743196 0.0110273538 0.00215459359
v 0.00426217448 0.0118410513 -0.0173333753
v 0.017491268 0.0155404648 -0.0170950554
v 0.0104824044 0.0135425087 -0.0171647146
v 0.00526887178 0.0110257426 -0.0174536835
v 0.00740181655 0.00916978624 -0.0176087376
v 0.0132794576 0.01118604 -0.0174665116
v 0.0181647576 0.0148485499 -0.0172095317
v 0.0113872709 0.0128092328 -0.0172820166
v 0.0141284969 0.0177063588 -0.0110023944
v 0.0142534766 0.017741954 -0.0110040205
v 0.0143888751 0.0177799761 -0.0110360319
v 0.014474662 0.017803736 -0.0110746799
v 0.014604493 0.0178389736 -0.0111689083
v 0.0146543318 0.0178521443 -0.0112213679
v 0.0147683294 0.0178804696 -0.0114150727
v 0.014812055 0.0178868286 -0.0116635449
v 0.0148087656 0.0178843234 -0.011721923
v 0.0147662619 0.0178671256 -0.0118989926
v 0.0147134988 0.0178489331 -0.0120046912
v 0.0146832308 0.0178389736 -0.0120493183
v 0.0146423681 0.0178258549 -0.0120990146
v 0.0145064369 0.0177834723 -0.0122113628
v 0.014246963 0.0177065618 -0.012297404
v 0.0137108508 0.0175830945 -0.0112255141
v 0.0136832278 0.0175744724 -0.0112616057
v 0.0139867235 0.0176334493 -0.0122638615
v 0.0137866586 0.0175807718 -0.0121457912
v 0.0135640446 0.0175304972 -0.0117007783
v 0.0136325182 0.017543545 -0.0119460337
v 0.0137444427 0.0175701901 -0.0121053848
v 0.013640563 0.0175608303 -0.0113303876
v 0.013568053 0.0175350439 -0.0115539832
v 0.013565748 0.0175339468 -0.0115727261
v 0.0137997083 0.017610183 -0.0111371251
v 0.0139997033 0.0178648718 -0.0111494735
v 0.0140881883 0.0178902056 -0.0111329574
v 0.014109646 0.0177771319 -0.0110161854
v 0.0136997188 0.0176562984 -0.0112354187
v 0.0137868691 0.0176830739 -0.0111485599
v 0.01400181 0.0177462865 -0.0110362703
v 0.0136308596 0.0176340546 -0.0113384621
v 0.0135829803 0.0176171008 -0.0114536732
v 0.0135579444 0.0176060107 -0.0115765613
v 0.0135567123 0.0176011361 -0.0117023457
v 0.0135793267 0.0176026374 -0.0118261725
v 0.0136248982 0.0176104624 -0.0119432453
v 0.0136916544 0.0176243726 -0.0120490426
v 0.0137770064 0.0176439192 -0.0121394722
v 0.0138776395 0.0176684819 -0.0122110229
v 0.0142297903 0.0177637916 -0.012288278
v 0.0141086401 0.017729193 -0.0122870505
v 0.0139896432 0.017697243 -0.0122608766
v 0.0139070647 0.0178378634 -0.0111865103
v 0.0138233677 0.017812876 -0.0112418402
v 0.0137518756 0.0177908204 -0.0113132941
v 0.0136953993 0.0177724771 -0.0113980854
v 0.0136561338 0.0177584961 -0.0114928978
v 0.0136356084 0.0177493412 -0.0115940403
v 0.0136346156 0.0177453291 -0.0116975931
v 0.0136531852 0.0177465752 -0.0117995534
v 0.0136905927 0.0177530572 -0.0118959742
v 0.0137453796 0.0177645478 -0.0119831292
v 0.0138154253 0.0177806988 -0.012057635
v 0.0138980011 0.0178009588 -0.0121165914
v 0.013989904 0.0178246405 -0.0121576684
v 0.0140875364 0.0178509168 -0.0121792508
v 0.0141870584 0.0178788789 -0.0121802567
v 0.0142063424 0.017832797 -0.0122472988
v 0.0140936095 0.0178008694 -0.0122462567
v 0.0139829433 0.0177711379 -0.0122218542
v 0.0138787758 0.0177443549 -0.0121753905
v 0.0137851778 0.0177214686 -0.0121087134
v 0.0137057938 0.0177032463 -0.0120244334
v 0.0136437006 0.0176902842 -0.0119258417
v 0.0136013106 0.0176829826 -0.0118167624
v 0.0135802701 0.0176815819 -0.0117014023
v 0.0135814045 0.0176861268 -0.0115842205
v 0.0136046791 0.0176964626 -0.0114697553
v 0.0136491982 0.0177122559 -0.0113624455
v 0.0137132285 0.0177329741 -0.0112664774
v 0.0137942731 0.0177579112 -0.0111855883
v 0.0138891544 0.0177861862 -0.011122955
v 0.013994161 0.0178167559 -0.0110810287
v 0.0140944514 0.01784545 -0.011062325
v 0.0146171488 0.0178829264 -0.0120933671
v 0.0144440811 0.0178273711 -0.0122262286
v 0.0147378473 0.0179261472 -0.0118969213
v 0.0147819854 0.0179480612 -0.0116657205
v 0.0147434203 0.0179452207 -0.011435383
v 0.0146260839 0.0179181416 -0.011231509
v 0.0144494614 0.0178719778 -0.011087439
v 0.0142322127 0.0178123079 -0.011018035
v 0.0141888876 0.0179186333 -0.0111344745
v 0.0143671921 0.0179675035 -0.0111915963
v 0.0145121953 0.0180052221 -0.0113101546
v 0.0146085499 0.0180273 -0.0114779631
v 0.01464024 0.0180295762 -0.0116675943
v 0.0146040143 0.0180116612 -0.0118579846
v 0.0145049365 0.017976366 -0.0120197609
v 0.014362894 0.0179309528 -0.0121291783
v 0.0144056026 0.0178918764 -0.0121895056
v 0.0145665398 0.0179434754 -0.012065731
v 0.0146787865 0.0179835949 -0.011882727
v 0.0147198262 0.0180039499 -0.0116673578
v 0.0146839423 0.0180013347 -0.0114528174
v 0.0145748034 0.017976217 -0.011262943
v 0.0144105339 0.0179333519 -0.0111287804
v 0.014208504 0.0178779047 -0.0110641429
v 0.015218108 0.0168003701 -0.00448988052
v 0.00900610816 0.0150830746 -0.0044899052
v 0.00900624506 0.0150826406 -0.0109685827
v 0.0152182421 0.0167999323 -0.0109685706

# 0 UV coordinates

# 7358 vertex normals
vn 0.321884543 -0.946754634 0.00679956144
vn 0.310306937 -0.943421245 0.116902515
vn 0.319406062 -0.947618067 -1.12964862e-07
vn 0.317810059 -0.948130131 0.00680010347
vn 0.362713039 -0.931833684 0.011200293
vn 0.236998022 -0.970391989 0.0465994999
vn 0.304099619 -0.950998843 0.0558998212
vn 0.318397939 -0.941294014 0.11219918
vn 0.330496341 -0.943789601 0.00579982344
vn 0.292609155 -0.955129921 0.0459013209
vn 0.387497723 -0.921194732 0.0352996923
vn 0.250898063 -0.960892677 0.117198996
vn 0.311192006 -0.944975913 0.10089732
vn 0.319406062 -0.947618067 -0.000100114878
vn 0.310093075 -0.943179071 -0.119397469
vn 0.314182669 -0.942348063 -0.115193769
vn 0.318301469 -0.9463045 -0.056500379
vn 0.38519755 -0.921794295 -0.0437998362
vn 0.282593757 -0.959178984 -0.0107998773
vn 0.317809641 -0.948128879 -0.00700032664
vn 0.346980244 -0.93294698 -0.0959946588
vn 0.241592407 -0.969569623 -0.039598871
vn 0.30839622 -0.950188458 -0.0450995602
vn 0.322514385 -0.946542382 -0.00650040386
vn 0.321885198 -0.946756542 -0.0064998148
vn -0.876888514 -0.480693728 0.000399937504
vn -0.877102733 -0.480301589 0.00109994633
vn -0.741661012 -0.670764744 -0.00369988591
vn -0.740895987 -0.671596467 -0.00560005009
vn -0.568603098 -0.822604656 0.00349992164
vn -0.564092577 -0.825689197 -0.00610001851
vn -0.36938563 -0.929264009 0.00479970314
vn -0.425317496 -0.898037076 0.112404533
vn -0.316294611 -0.948583961 -0.0120999087
vn -0.156208351 -0.987552881 0.0184008684
vn -0.12730208 -0.991416335 -0.0298006069
vn -0.0156995542 -0.999871731 0.00319979037
vn 0.0194001421 -0.999807417 -0.00300014159
vn 0.0818026736 -0.996532738 0.0152003802
vn 0.118896276 -0.992569029 -0.0258993115
vn 0.269496948 -0.961289227 0.0573992431
vn 0.301798612 -0.944995701 -0.126099557
vn 0.487020731 -0.86153686 0.143406019
vn 0.458196342 -0.772193909 -0.440196633
vn 0.584287584 -0.595187485 0.551688313
vn -0.946501195 -0.322700441 -3.84688867e-08
vn -0.940894306 -0.33869797 0.00129995181
vn -0.935098886 -0.352099627 -0.040199995
vn -0.928371668 -0.370488763 0.0293990616
vn -0.922782183 -0.384592623 -0.0236995928
vn -0.924893022 -0.380197197 -0.00480001001
vn -0.924663663 -0.380785078 9.9950681e-05
vn -0.935505271 -0.352602005 -0.0224001687
vn -0.936297953 -0.351199299 -0.0023000373
vn -0.946633697 -0.322311491 -3.84225203e-08
vn -0.924387872 -0.381395042 0.00669986708
vn -0.922871649 -0.384588242 0.0199993402
vn -0.924817562 -0.380407304 0.00169998722
vn -0.924734056 -0.380614072 -4.5372726e-08
vn -0.876673639 -0.481085598 -5.73498653e-08
vn -0.875649035 -0.482927114 -0.00450030994
vn -0.739042878 -0.673639119 0.00510021625
vn -0.734622896 -0.678421199 -0.00860035047
vn -0.560613871 -0.828020632 0.00970014278
vn -0.549893022 -0.835089564 -0.0155999037
vn -0.423491865 -0.905882716 0.00559978466
vn -0.314508289 -0.947625101 -0.0556015819
vn -0.335294932 -0.941985846 -0.0154998796
vn -0.122799911 -0.992299378 0.0161998719
vn -0.105301239 -0.99431181 -0.01600031
vn 0.112898365 -0.993485808 0.0154996598
vn 0.132205114 -0.991038442 -0.0191008579
vn 0.329503 -0.944008708 0.0166000407
vn 0.370911181 -0.921127915 -0.11810369
vn 0.522687197 -0.838279545 0.1551961
vn 0.549202681 -0.724903584 -0.415802181
vn 0.622196436 -0.675496221 0.395697713
vn 0.660620451 0.310009718 -0.683721185
vn -0.735277832 -0.0196994897 0.677479625
vn -0.684899271 -0.235299855 0.689599335
vn 0.734904766 0.027700264 -0.677604496
vn -0.117305957 0.978849828 -0.16760841
vn 0.462402821 0.649404168 -0.603703678
vn 0.462087393 0.649182498 -0.604183495
vn 0.052498389 0.173294604 0.983469963
vn -0.994155884 -0.0967957154 -0.0477978997
vn -0.950691342 -0.305697262 -0.0522995703
vn -0.138600364 0.979302704 0.147500515
vn 0.462505102 0.649607182 0.603406787
vn 0.462398559 0.649598002 0.60349828
vn 0.179594412 0.891972303 0.414887279
vn -0.735762119 -0.0192989279 -0.676965177
vn -0.380812824 0.920531094 -0.0872028321
vn -0.737322688 0.363011301 -0.569717586
vn -0.613701224 0.703301549 -0.35880065
vn -0.687376201 -0.225292146 -0.690476239
vn 0.853319228 0.294706732 -0.43010971
vn -0.687422872 -0.0220008213 0.725924194
vn -0.00610001758 0.721102059 0.692802131
vn -0.977699399 0.209999904 -0.00199997402
vn -0.981784463 0.189997017 -0.000799964764
vn -0.97903192 0.203706682 0.000400037359
vn -0.971473932 0.237093672 -0.00499983784
vn -0.99735409 -0.0726966634 -8.66611671e-09
vn -0.971376181 0.2374942 0.00499990582
vn -0.97903192 0.203706682 -0.00029998555
vn -0.981705964 0.190401196 0.000900028273
vn -0.98372072 0.179703802 0.000200025665
vn -0.98518461 0.17149733 2.04440731e-08
vn 0.267190456 -0.186793253 -0.945366442
vn 0.264686555 -0.182790622 -0.946852028
vn 0.265189797 -0.185092807 -0.94626385
vn 0.265297502 -0.184798166 -0.946291208
vn 0.0293999575 0.0819997713 0.996198714
vn -0.997085035 -0.0762988627 -9.09553233e-09
vn -0.997316599 -0.0732012242 0.00110000966
vn -0.997088492 -0.0761991292 0.00289995759
vn -0.996999264 -0.0773999542 0.00129998999
vn -0.99721694 -0.074501276 0.00280003878
vn -0.997069657 -0.0764976814 0.000399978773
vn -0.997077405 -0.0763982758 0.000399981887
vn -0.997085035 -0.0762988627 -0.000100007608
vn -0.997077405 -0.0763982758 -9.10738329e-09
vn -0.997092605 -0.0761994421 -9.08368047e-09
vn -0.996786952 -0.0800989568 0.000299986568
vn -0.996802866 -0.0799002349 9.99907716e-05
vn -0.996794522 -0.0799995661 0.000899985607
vn -0.996826649 -0.0796021298 0.000400001241
vn -0.996833384 -0.0795026645 0.00160004431
vn -0.996866763 -0.0790973678 0.000699967262
vn -0.996910691 -0.078500852 0.00260001887
vn -0.996913552 -0.0785010755 0.00100000447
vn -0.9969365 -0.078202866 0.00140004198
vn -0.997046053 -0.0768035576 -0.000700041535
vn -0.996937454 -0.0782029405 -9.32251609e-09
vn -0.996937275 -0.0782029256 -0.00060003181
vn -0.996786952 -0.0800989568 -9.54853885e-09
vn -0.996778965 -0.0801983178 9.99883414e-05
vn -0.909720898 -0.265906096 -0.31890738
vn -0.414883435 -0.161293685 0.895464361
vn -0.471620321 0.0573023744 0.879938006
vn 0.0330999345 -0.0266000684 0.999098122
vn -0.0359006934 0.0739013106 0.996619284
vn -0.0249991808 0.0602979101 0.997867405
vn -0.0242993739 0.035498973 0.999074399
vn -0.0196991898 0.0555975996 0.998259068
vn -0.0162001569 0.0363002345 0.999209762
vn -0.0361017212 0.0632028952 0.997347653
vn -0.0342003815 0.0707006752 0.996911228
vn -0.0279986821 0.057497181 0.997953176
vn -0.0241003111 0.0489005186 0.998512983
vn -0.0484013706 0.0978026688 0.99402827
vn -0.0378993265 0.0733985826 0.996582389
vn -0.0399982445 0.0791964158 0.996056437
vn -0.0419014506 0.0822027251 0.995734572
vn -0.0426006168 0.086801149 0.995314538
vn -0.046499569 0.0949990079 0.994390905
vn -0.0483016036 0.0978031382 0.994033098
vn -0.0474007539 0.0974014401 0.994115829
vn -0.0404002666 0.0986005515 0.994306743
vn -0.0460999012 0.104099669 0.993497968
vn -0.0444987118 0.104096875 0.993571341
vn -0.0432000756 0.105300076 0.993501842
vn -0.042099636 0.104898982 0.993591487
vn -0.040499188 0.107497744 0.993380189
vn 0.00980020314 -0.0162004568 0.999820888
vn 0.0125005459 0.034001369 0.999343753
vn 0.0171002392 0.0219001882 0.99961406
vn 0.0306006745 0.00439997809 0.99952215
vn 0.0691993237 0.0376995169 0.996890426
vn 0.0683983266 0.0368989781 0.996975601
vn 0.00389998453 0.0488996953 0.998796165
vn 0.00579995429 0.0466995202 0.998892248
vn 0.00440014433 0.0481014661 0.998832881
vn 0.00400008028 0.0484008566 0.998820126
vn 0.00309996656 0.0490993559 0.998789251
vn 0.000800031004 0.050201837 0.998738885
vn -0.000700013072 0.0506008342 0.998718858
vn 0.0105996495 0.0484982878 0.998767138
vn 0.00239989255 0.0589972436 0.998255372
vn 0.0144997146 0.0471989624 0.998780429
vn 0.00829976704 0.0661980361 0.997772157
vn 0.0136000654 0.0548001491 0.99840486
vn 0.00969979633 0.0673984736 0.997679174
vn 0.0158997327 0.0690987185 0.997483253
vn 0.0147003597 0.0673015341 0.997624516
vn 0.0149998944 0.06769941 0.997593105
vn 0.0152007444 0.0683032349 0.997548938
vn 0.0153998602 0.0690992624 0.997491062
vn 0.0134993922 0.059197221 0.998155117
vn 0.0247002654 0.05970053 0.997910857
vn 0.0249999315 0.0597997233 0.997897387
vn 0.0215999279 0.0756996349 0.996896803
vn 0.0176991634 0.0690966249 0.997453034
vn 0.0177998953 0.066999495 0.997594297
vn 0.0181997586 0.0654990152 0.997686803
vn 0.0106001226 0.051600486 0.998611689
vn 0.00380006386 0.0505007394 0.99871695
vn 0.00509984884 0.051298365 0.998670518
vn -0.0259006657 0.0941023082 0.995225668
vn -0.0257002246 0.0922007039 0.995408833
vn -0.0234004743 0.0860016346 0.996020317
vn -0.0231988523 0.0879955366 0.995850801
vn -0.0219993703 0.0809975713 0.996471643
vn -0.0104003185 0.0763022304 0.997030616
vn -0.0124994116 0.0769962594 0.99695313
vn -0.0382996984 0.105399072 0.993692338
vn -0.0356004834 0.105201326 0.993813634
vn -0.0434013307 0.0950028077 0.994530559
vn -0.0274992716 0.0941973999 0.995173752
vn -0.0239004511 0.0947016776 0.995218813
vn -0.0260004811 0.0952016562 0.995118499
vn -0.0257004276 0.0953014791 0.99511677
vn -0.000200005728 0.0307007656 0.999528766
vn -0.0122994073 0.0392979905 0.999152005
vn -0.0145996353 0.0378989354 0.999175072
vn 0 0.0287994575 0.99958533
vn -0.00130001653 0.0278002359 0.999612808
vn -0.00180004619 0.0273005869 0.999625802
vn 0.0277999565 0.00549987331 0.999598563
vn 0.0184999127 0.00819984265 0.999795377
vn 0.0203993935 0.0155994175 0.999670327
vn 0.012300441 0.0133003592 0.999836028
vn 0.0115994299 0.0127992537 0.999850988
vn 0.0125003019 0.0244004726 0.999624252
vn -0.0100995135 0.0691965595 0.997552097
vn -0.0164007787 0.0619028285 0.997947514
vn -0.0178998969 0.0712994784 0.997294426
vn -0.0346994214 0.0549989715 0.997883499
vn -0.0198001917 0.0847007111 0.9962098
vn 0.0094003845 0.0680029169 -0.997640967
vn -0.025099488 0.0893983021 -0.995679796
vn -0.0402987786 0.111296766 -0.992970049
vn -0.0403016806 0.107004598 -0.993441522
vn -0.0362000912 0.107900396 -0.993502557
vn -0.0356003828 0.0932011232 -0.995010793
vn -0.0259010382 0.0950039327 -0.995140016
vn -0.0481975712 0.0986951515 -0.993950009
vn -0.04129887 0.109097153 -0.993173003
vn -0.0424004756 0.107401341 -0.993311346
vn -0.0438017324 0.107504383 -0.993239403
vn -0.0446010008 0.106402524 -0.993322432
vn -0.0331996828 0.106199123 -0.993790627
vn -0.0451991186 0.0987982005 -0.994080663
vn -0.0472021922 0.0982046872 -0.994046271
vn -0.0397015475 0.0783031732 -0.996138871
vn -0.0418016203 0.0822033063 -0.995738685
vn -0.042400606 0.0869013742 -0.99531436
vn -0.0473018959 0.0972040221 -0.99413991
vn -0.0373995826 0.0721993148 -0.996688962
vn -0.0364011228 0.0617020242 -0.997430801
vn -0.0340008512 0.0706018955 -0.996925116
vn -0.0276004225 0.0566009954 -0.998015404
vn -0.0239991341 0.0478983931 -0.998564065
vn -0.0162001569 0.0363004729 -0.999209762
vn -0.0243996568 0.0350996293 -0.999086082
vn -0.0196991898 0.055597838 -0.998259068
vn -0.0249991808 0.0602981485 -0.997867405
vn -0.0346994214 0.0549992099 -0.997883499
vn -0.0198001917 0.0847009495 -0.9962098
vn 0.029698588 0.00359994848 -0.999552548
vn 0.00990017969 -0.0163001791 -0.999818265
vn 0.068597123 0.03699857 -0.996958256
vn 0.0765002072 0.0439002439 -0.99610281
vn 0.0112999408 0.00910007302 -0.999894857
vn 0.0115994299 0.0127994921 -0.999850988
vn 0.0189009141 0.0186010208 -0.999648452
vn 0.0174007136 0.00390027929 -0.999841094
vn 0.0173007585 0.00360027724 -0.999843955
vn -0.00309999241 0.024400061 -0.999697626
vn -0.00180004619 0.0273008253 -0.999625802
vn -0.00130001653 0.0278004743 -0.999612808
vn -0.0264989454 0.0924964473 -0.995360494
vn -0.0266991183 0.0944970027 -0.995167255
vn -0.026600685 0.0960026011 -0.995025754
vn -0.0234988779 0.0878959298 -0.99585259
vn -0.0232001785 0.0862007886 -0.99600774
vn -0.0359006934 0.073901549 -0.996619284
vn -0.0213993043 0.0988969132 -0.994867742
vn -0.0254006181 0.0953024477 -0.9951244
vn 0.00620014034 0.0521013029 -0.998622656
vn 0.0075999205 0.0340997651 -0.999389648
vn -0.000899998355 0.0510000363 -0.998698354
vn -0.00799995475 0.0716997162 -0.997394383
vn 0.0303008892 0.00480026053 -0.999529421
vn 0.0171002392 0.0219004266 -0.99961406
vn 0.0125005459 0.0340016074 -0.999343753
vn 0.0135000832 0.054800462 -0.998406231
vn 0.00790032931 0.0667029098 -0.997741699
vn 0.0142998947 0.0469997749 -0.998792708
vn 0.00159993279 0.0497980379 -0.998758197
vn 0.0103004687 0.0510024466 -0.998645544
vn -0.00270001404 0.0508003905 -0.998705328
vn 0.00010000341 0.0503018387 -0.998734176
vn 0.00329997833 0.048999805 -0.998793542
vn 0.00460016914 0.0480018854 -0.998836756
vn 0.004100041 0.0486006103 -0.998810053
vn 0.00450001704 0.0507003218 -0.998703957
vn 0.00479984004 0.0513984077 -0.998666823
vn 0.0249999315 0.0597999617 -0.997897387
vn 0.0143993264 0.0572974496 -0.998253465
vn 0.0156001709 0.0702008978 -0.997411072
vn 0.0153999673 0.0689999759 -0.997497976
vn 0.0152007444 0.0683034733 -0.997548938
vn 0.0149998944 0.0676996484 -0.997593105
vn 0.0157997571 0.0690990612 -0.997484803
vn 0.0184005275 0.0648019835 -0.997728646
vn 0.0178996213 0.0656987429 -0.997679055
vn 0.0175998434 0.0670995265 -0.997591197
vn 0.0176991634 0.0690968633 -0.997453034
vn 0.0221998002 0.0755994469 -0.996891201
vn -0.0130003998 0.0772025064 -0.996930778
vn -0.0189000256 0.0737002343 -0.997101486
vn -0.0147006111 0.0640027896 -0.997841537
vn -0.0201001447 0.0691006258 -0.997407377
vn -0.0065996917 0.0429981165 -0.999053478
vn -0.0145996353 0.0378991738 -0.999175072
vn 0.256100565 -0.486501038 -0.835302055
vn 0.103799142 -0.188398361 -0.976592064
vn 0.0772030205 -0.148205698 -0.985938668
vn 0.0519024283 -0.0824037418 -0.995246649
vn 0.0443995818 -0.0650992766 -0.996890724
vn 0.093299374 -0.156298846 -0.983293533
vn 0.0939984247 -0.157197267 -0.983083725
vn 0.0501008593 -0.0907014534 -0.994617164
vn 0.0767011642 -0.119101703 -0.989915133
vn 0.0640022904 -0.100903504 -0.992835581
vn 0.0357002839 -0.0459002517 -0.998308063
vn 0.0435981862 -0.0580974706 -0.99735862
vn 0.0383003056 -0.0481002703 -0.998108089
vn 0.0192001238 0.00430014729 -0.999806523
vn 0.02199894 -0.0034997128 -0.999751985
vn 0.0322016366 -0.0355016887 -0.998850822
vn 0.0279988591 -0.0222989731 -0.999359369
vn 0.0244990028 -0.00899951532 -0.999659479
vn 0.0277003478 -0.0144000631 -0.999512672
vn 0.0343012288 -0.027400868 -0.999035954
vn 0.0210994668 -0.00229982287 -0.999774873
vn 0.0142002376 0.0191004407 -0.999716878
vn 0.0168992374 0.0142994765 -0.999755085
vn 0.0180993956 0.0117997257 -0.999766648
vn 0.0180004332 0.0550014526 -0.998324156
vn 0.0221006945 0.0474016145 -0.998631477
vn 0.0181005597 0.0470015742 -0.998730958
vn 0.0197000057 0.0530001372 -0.998400331
vn 0.0214001518 0.0559005216 -0.998207152
vn 0.0197004899 0.0544014797 -0.998324931
vn 0.0231003277 0.0586009584 -0.998014331
vn 0.0247004125 0.0596011207 -0.997916758
vn 0.0189998113 0.0430996977 -0.998890221
vn 0.0189999472 0.0452000014 -0.998797357
vn 0.0206000246 0.0466001779 -0.998701334
vn 0.016999878 0.0112000387 -0.999792874
vn 0.0182998255 0.0219999105 -0.999590576
vn 0.0186993498 0.022799328 -0.999565303
vn 0.016099561 0.0281993542 -0.999472797
vn 0.0144001693 0.0396005884 -0.99911195
vn 0.0236989185 0.0335985869 -0.999154508
vn 0.0191998295 0.0405997634 -0.998991191
vn 0.179403007 -0.337105602 -0.924215734
vn 0.171901405 -0.324002594 -0.930307746
vn 0.14300397 -0.263407201 -0.954026639
vn 0.16439639 -0.276393861 -0.946879447
vn 0.122801527 -0.232502803 -0.96481216
vn 0.208908588 -0.38761586 -0.897837102
vn 0.260795087 -0.401192367 -0.878083646
vn 0.211913973 -0.383125186 -0.899059415
vn 0.293393135 -0.502488196 -0.813281178
vn 0.322597921 -0.507796645 -0.798795044
vn 0.279606104 -0.620913565 -0.732316136
vn 0.371013999 -0.67662549 -0.636024117
vn 0.355816573 -0.660830736 -0.660830855
vn 0.343521625 -0.628939569 -0.697444022
vn 0.330907226 -0.607613206 -0.722015858
vn 0.4022955 -0.732791781 -0.548793972
vn 0.421876371 -0.744058311 -0.518071115
vn 0.39528352 -0.723869801 -0.565476537
vn 0.420304447 -0.765108109 -0.487805307
vn 0.430284292 -0.791471183 -0.434084326
vn 0.432199448 -0.780899048 -0.450999558
vn 0.451087296 -0.82107693 -0.349790275
vn 0.452700526 -0.816901028 -0.357400537
vn 0.460308701 -0.83331579 -0.306105912
vn 0.460888147 -0.833878577 -0.303692311
vn 0.468781859 -0.84666729 -0.251790375
vn 0.486092001 -0.87268573 -0.0461993478
vn 0.455790162 -0.849381745 -0.266094357
vn 0.4680942 -0.852189481 -0.233797222
vn 0.488720715 -0.855636299 -0.17040734
vn 0.478678942 -0.859862208 -0.177492306
vn 0.481902063 -0.868803859 -0.113800608
vn 0.482593954 -0.868589282 -0.112498708
vn 0.483813852 -0.871625066 -0.0787023678
vn 0.516523123 -0.855338454 -0.0400018953
vn 0.484902173 -0.874104083 -0.0285002347
vn 0.194409192 -0.357016832 -0.91364342
vn 0.204797208 -0.388994664 -0.898187935
vn 0.204908341 -0.389515787 -0.897936702
vn 0.236794099 -0.430089206 -0.871178508
vn 0.284102798 -0.527705133 -0.800508022
vn 0.273713768 -0.518726051 -0.809940934
vn 0.319188684 -0.583479285 -0.746773601
vn 0.115202263 -0.20280391 -0.972419262
vn 0.122599415 -0.218098864 -0.968195558
vn 0.143403322 -0.263206005 -0.954022229
vn 0.138598636 -0.258597344 -0.955990672
vn 0.173710644 -0.31381917 -0.933457315
vn 0.13339594 -0.212693438 -0.967970669
vn 0.0370013565 -0.0340011343 -0.998736739
vn 0.0560007133 -0.0650007129 -0.996312737
vn 0.119600616 -0.203200966 -0.971805215
vn 0.0820988119 -0.11989817 -0.989385903
vn 0.0862034932 -0.136805445 -0.986840129
vn 0.0502993912 -0.0606991574 -0.996888161
vn 0.165698975 -0.278298169 -0.946094334
vn 0.144493774 -0.242389455 -0.959358692
vn 0.11620108 -0.187801659 -0.975309193
vn 0.138998091 -0.258396357 -0.955987036
vn 0.167407602 -0.282512724 -0.944543064
vn 0.181099266 -0.310098678 -0.933296442
vn 0.212708861 -0.364615142 -0.90653795
vn 0.206794187 -0.350690067 -0.913374484
vn 0.221711099 -0.380418986 -0.897845149
vn 0.261904418 -0.457407624 -0.849814475
vn 0.249606848 -0.423511565 -0.870824099
vn 0.312200904 -0.550301552 -0.77440238
vn 0.298104852 -0.506108224 -0.809313416
vn 0.332388312 -0.57657975 -0.746373892
vn 0.366489321 -0.633781612 -0.681180358
vn 0.361105949 -0.61961025 -0.696911633
vn 0.404298276 -0.709496975 -0.577197611
vn 0.393303126 -0.66460526 -0.635305107
vn 0.417096943 -0.72469461 -0.548496068
vn 0.443698883 -0.764698148 -0.467298985
vn 0.440301687 -0.754103005 -0.487302035
vn 0.450194299 -0.780590236 -0.433594674
vn 0.468292981 -0.806687951 -0.360494703
vn 0.469195336 -0.810992002 -0.349496663
vn 0.477377981 -0.82466203 -0.303386122
vn 0.484405071 -0.834908783 -0.261302829
vn 0.484409183 -0.833515882 -0.265705168
vn 0.487584949 -0.841274083 -0.233492926
vn 0.492418528 -0.853132188 -0.172306612
vn 0.492870629 -0.851849258 -0.17728956
vn 0.49939087 -0.861284375 -0.0937984064
vn 0.501473486 -0.857854664 -0.112294175
vn 0.527781785 -0.848270774 -0.0433986038
vn 0.517284691 -0.855374873 -0.0273992959
vn 0.496205896 -0.867710471 -0.0293004587
vn 0.506211877 -0.859620333 -0.0693017393
vn 0.493507683 -0.868513644 -0.0462008268
vn 0.551592469 -0.832788765 -0.0469994694
vn 0.568387091 -0.82228142 -0.0280994643
vn 0.563380778 -0.823072016 -0.071797654
vn 0.572405875 -0.80930841 -0.131801456
vn 0.555090547 -0.826586008 -0.0928985178
vn 0.562391758 -0.801388323 -0.203697145
vn 0.551708937 -0.81621331 -0.171502903
vn 0.545805812 -0.787408471 -0.286503196
vn 0.541773796 -0.79746145 -0.26558727
vn 0.523311853 -0.762817323 -0.379808754
vn 0.522682726 -0.767574728 -0.370987862
vn 0.492816567 -0.724824369 -0.481416345
vn 0.492616832 -0.722824693 -0.484616697
vn 0.452514619 -0.671121716 -0.587219119
vn 0.449701458 -0.660002172 -0.601802111
vn 0.402005285 -0.601207852 -0.690609157
vn 0.39511022 -0.581915081 -0.71081847
vn 0.343404204 -0.516806245 -0.784209847
vn 0.333910167 -0.493615001 -0.80302459
vn 0.279487848 -0.423381537 -0.861762702
vn 0.233495578 -0.318593889 -0.918682754
vn 0.246387899 -0.393580586 -0.885656655
vn 0.165192664 -0.228789762 -0.95935756
vn 0.178091243 -0.284285903 -0.942053795
vn 0.106104307 -0.144905776 -0.983740032
vn 0.116397448 -0.184695855 -0.975878716
vn 0.0548010692 -0.0703012571 -0.996019542
vn 0.0608000681 -0.0919999927 -0.993901193
vn 0.0166005529 -0.00760013517 -0.999833465
vn 0.0142995771 -0.00739966286 -0.999870539
vn 0.0213002302 -0.0229001306 -0.999510944
vn 0.00729971146 -0.00509967981 -0.999960542
vn -0.00370016717 0.0172008984 -0.999845326
vn 0.0447991155 -0.0471989624 -0.997880518
vn 0.0419995002 -0.0814989209 -0.995788276
vn 0.0290013328 -0.0216008779 -0.999346077
vn 0.0279990435 -0.02199913 -0.999365926
vn 0.542826533 -0.839641213 -0.0185010061
vn 0.52671653 -0.849226713 -0.0372012667
vn 0.52581358 -0.846422017 -0.0842022896
vn 0.524500489 -0.846500874 -0.0913001969
vn 0.521698356 -0.839097381 -0.154099628
vn 0.518512905 -0.838120937 -0.169404343
vn 0.513314903 -0.825624049 -0.23420693
vn 0.507613242 -0.821921468 -0.258406848
vn 0.499179453 -0.803367019 -0.324686766
vn 0.489884406 -0.795074701 -0.357588738
vn 0.477493107 -0.769288957 -0.424494028
vn 0.463688821 -0.754481852 -0.464488983
vn 0.446701467 -0.720802367 -0.530001819
vn 0.427887648 -0.698179841 -0.57398355
vn 0.406287998 -0.656480551 -0.635581315
vn 0.382808864 -0.626414478 -0.679015815
vn 0.357004732 -0.577607632 -0.734109819
vn 0.330716699 -0.542327344 -0.772339165
vn 0.301807016 -0.488311321 -0.818819165
vn 0.275190294 -0.451884001 -0.848570228
vn 0.244401962 -0.39470312 -0.885707319
vn 0.220409572 -0.361515611 -0.905939519
vn 0.188691929 -0.302886933 -0.934160173
vn 0.16980572 -0.276709229 -0.945832074
vn 0.137805194 -0.217708126 -0.966236591
vn 0.125605762 -0.200809121 -0.971544683
vn 0.0934972167 -0.141795665 -0.985470712
vn 0.0889951214 -0.135692462 -0.986746013
vn 0.0479002893 -0.0607002564 -0.997006178
vn 0.0513010845 -0.0593011416 -0.996921182
vn 0.5630759 -0.826364756 -0.00819974858
vn 0.550496817 -0.833795369 -0.0416998677
vn 0.549903572 -0.83200562 -0.0733005852
vn 0.548587024 -0.832180381 -0.0807981864
vn 0.546380222 -0.826570094 -0.135095224
vn 0.543503225 -0.825805008 -0.150501013
vn 0.539311767 -0.816317856 -0.206804648
vn 0.534108996 -0.81341368 -0.230404004
vn 0.527190685 -0.798986018 -0.289295018
vn 0.518776059 -0.792363524 -0.320985317
vn 0.508288682 -0.771782815 -0.382091612
vn 0.495695204 -0.759692729 -0.420896083
vn 0.480691284 -0.731686771 -0.483291388
vn 0.463196814 -0.712695062 -0.52679646
vn 0.442986041 -0.676178694 -0.588681579
vn 0.420498043 -0.649996936 -0.632997215
vn 0.394892186 -0.604788005 -0.691586435
vn 0.368498355 -0.572797477 -0.732196927
vn 0.337896496 -0.519394577 -0.784892023
vn 0.310212612 -0.485019684 -0.81763339
vn 0.275604576 -0.425206989 -0.862114549
vn 0.249807894 -0.392612338 -0.88512814
vn 0.212396741 -0.328294903 -0.920386076
vn 0.191405103 -0.301907957 -0.933925033
vn 0.152196884 -0.234695092 -0.960080445
vn 0.138399795 -0.217499569 -0.966198623
vn 0.0980028436 -0.148604199 -0.984028697
vn 0.0927001908 -0.1421002 -0.985502124
vn 0.0512995794 -0.0718993023 -0.996091962
vn 0.0551025197 -0.0765033811 -0.995545685
vn 0.0197990257 -0.0174990203 -0.999650896
vn 0.0273995791 -0.0218995456 -0.999384761
vn 0.0180004332 0.0550012141 0.998324156
vn 0.0715988055 -0.124098063 0.989683628
vn 0.0608019568 -0.0959032103 0.993532121
vn 0.0846962407 -0.158893064 0.983656347
vn 0.115202263 -0.202804133 0.972419262
vn 0.194409192 -0.35701704 0.913643301
vn 0.173694417 -0.313790053 0.933470011
vn 0.142005458 -0.263910294 0.954036653
vn 0.140791669 -0.257584929 0.955943525
vn 0.122602083 -0.218003839 0.968216598
vn 0.341693312 -0.629887819 0.697486341
vn 0.319188684 -0.583479464 0.746773481
vn 0.281003654 -0.529207051 0.800610483
vn 0.278597444 -0.516195476 0.809892595
vn 0.214704782 -0.384708732 0.897720098
vn 0.218788177 -0.43917644 0.87135303
vn 0.204797208 -0.388994873 0.898187816
vn 0.361604154 -0.658407688 0.660107553
vn 0.395215213 -0.724027991 0.565321743
vn 0.404688716 -0.731479824 0.548784673
vn 0.413411498 -0.753221154 0.511614203
vn 0.420107603 -0.765214026 0.487808794
vn 0.428007722 -0.786114216 0.44590798
vn 0.435012132 -0.788922131 0.434012055
vn 0.450905234 -0.819109678 0.354604065
vn 0.453870684 -0.819547176 0.349777341
vn 0.460495651 -0.833692253 0.304797083
vn 0.460692137 -0.833985865 0.303694755
vn 0.467313349 -0.843124211 0.266007543
vn 0.462290078 -0.851981819 0.245794654
vn 0.467213541 -0.852724791 0.233606696
vn 0.487310469 -0.855018497 0.177403703
vn 0.478597701 -0.862295985 0.165499121
vn 0.481812388 -0.869022489 0.112502806
vn 0.482190639 -0.868683279 0.113497704
vn 0.483492106 -0.871785879 0.0788986161
vn 0.523985922 -0.851177275 0.0305990819
vn 0.48459959 -0.873499393 0.0464998633
vn 0.486092001 -0.87268573 0.0461991392
vn 0.36489287 -0.679886878 0.636087537
vn 0.335504889 -0.609009087 0.718710423
vn 0.275606424 -0.636315048 0.720516801
vn 0.323014796 -0.507623434 0.798736572
vn 0.29529801 -0.504096806 0.811594546
vn 0.179605529 -0.337510526 0.924028516
vn 0.211903304 -0.383706152 0.898814082
vn 0.214800164 -0.384700447 0.897700787
vn 0.235805303 -0.445210159 0.86381948
vn 0.255899489 -0.487299174 0.834898412
vn 0.0914007947 -0.159801528 0.982908726
vn 0.108394019 -0.183390021 0.977046192
vn 0.0937974826 -0.16529569 0.981773794
vn 0.122801527 -0.232503042 0.96481216
vn 0.149200454 -0.260400951 0.95390296
vn 0.155405909 -0.289311141 0.94453603
vn 0.171992898 -0.324086726 0.930261552
vn 0.0252011456 -0.00860051066 0.999645531
vn 0.0261989199 -0.0139995441 0.999558866
vn 0.0286005531 -0.0233005714 0.999319494
vn 0.0343014561 -0.0392017886 0.998642504
vn 0.0400015116 -0.0502020232 0.997937858
vn 0.0382983051 -0.0470980406 0.998155951
vn 0.0421988033 -0.0588984527 0.997371793
vn 0.0450019725 -0.0654029921 0.996843815
vn 0.0472985171 -0.0707979053 0.996368885
vn 0.0563988574 -0.0895983055 0.994379997
vn 0.0142002376 0.0191002022 0.999716878
vn 0.018099308 0.0121994158 0.999761879
vn 0.0170997884 0.0114997393 0.999787748
vn 0.0191000775 0.00519990223 0.999804199
vn 0.0220989361 -0.00279998453 0.999751985
vn 0.0208995938 -0.00140009203 0.999780715
vn 0.0328993425 -0.0235996488 0.999180079
vn 0.0181993153 0.0119994311 0.999762475
vn 0.0189999472 0.045199763 0.998797357
vn 0.0189998113 0.0430994593 0.998890221
vn 0.0192997884 0.0405994393 0.998989165
vn 0.0213994645 0.0372989513 0.999075115
vn 0.0152993836 0.035298463 0.999259889
vn 0.0146001326 0.0192000568 0.999709189
vn 0.0214993786 0.0281990673 0.999371171
vn 0.01819974 0.0222995635 0.999585807
vn 0.023701109 0.0578025877 0.998046756
vn 0.0178003944 0.0551011115 0.998322248
vn 0.0247004125 0.0596008822 0.997916758
vn 0.0214001518 0.0559002832 0.998207152
vn 0.0197001081 0.0529001802 0.998405576
vn 0.0181005597 0.0470013395 0.998730958
vn 0.0221006945 0.0474013798 0.998631477
vn 0.0206000246 0.0465999432 0.998701334
vn 0.500596881 -0.860594749 0.0936993212
vn 0.527995288 -0.848492563 0.0357995816
vn 0.551796317 -0.833094597 0.0383996479
vn 0.133398771 -0.212598175 0.967991233
vn 0.138998091 -0.258396596 0.955986917
vn 0.0797018558 -0.139403388 0.987023115
vn 0.0754007325 -0.105001144 0.991609693
vn 0.0369014889 -0.0340014957 0.998740435
vn 0.0492013767 -0.0540016405 0.997328103
vn 0.0525981486 -0.0573981069 0.996965051
vn 0.0513010845 -0.0593013801 0.996921182
vn 0.0514011234 -0.0592014231 0.996921957
vn 0.0243000649 -0.0201001745 0.999502778
vn 0.0273995791 -0.021899784 0.999384761
vn -0.00360017014 0.0171006918 0.999847412
vn 0.0172007233 -0.0249011703 0.999542117
vn 0.0126999533 -0.00680009509 0.999896407
vn 0.0495012179 -0.0727019161 0.996124625
vn 0.0686996132 -0.0950995907 0.993094563
vn 0.0970960185 -0.148994029 0.984059751
vn 0.129204288 -0.188006386 0.973632455
vn 0.152497083 -0.234495655 0.960081697
vn 0.194403648 -0.286605537 0.938117683
vn 0.214197397 -0.327396154 0.920288861
vn 0.262693435 -0.387890488 0.883478045
vn 0.279095411 -0.423593163 0.861785889
vn 0.329895049 -0.486692846 0.808887899
vn 0.559022844 -0.818333566 0.133505359
vn 0.55739367 -0.807790995 0.191797763
vn 0.552504539 -0.807906747 0.205001608
vn 0.541384578 -0.7902776 0.286991775
vn 0.541282773 -0.790274978 0.287190795
vn 0.516715467 -0.760622859 0.393011749
vn 0.523629367 -0.76264292 0.379721284
vn 0.481713563 -0.716320276 0.504814208
vn 0.496295452 -0.722793519 0.480895549
vn 0.437426299 -0.656039596 0.615036964
vn 0.458187997 -0.668082654 0.586284637
vn 0.383120984 -0.579331875 0.719439387
vn 0.409391165 -0.597387314 0.68958509
vn 0.342988908 -0.516983509 0.784274757
vn 0.5630759 -0.826364756 0.00819955114
vn 0.561715782 -0.827323377 0.00339999748
vn 0.575782478 -0.814575374 0.0702977702
vn 0.559981465 -0.827572703 0.0392986014
vn 0.565672934 -0.8172611 0.109994657
vn 0.507184088 -0.861373127 0.028299015
vn 0.498174697 -0.865356207 0.0545971319
vn 0.493507683 -0.868513644 0.0462006181
vn 0.492418528 -0.853132248 0.172306404
vn 0.492870629 -0.851849318 0.177289352
vn 0.49829483 -0.859691203 0.112398751
vn 0.484405071 -0.834908843 0.26130265
vn 0.484409183 -0.833515942 0.265704989
vn 0.487607718 -0.841313481 0.233303621
vn 0.468292981 -0.806688011 0.360494524
vn 0.469195336 -0.810992062 0.349496484
vn 0.477377981 -0.824662089 0.303385943
vn 0.410108387 -0.70671463 0.576511741
vn 0.417119831 -0.724734604 0.548426032
vn 0.443698883 -0.764698207 0.467298806
vn 0.440301687 -0.754103065 0.487301856
vn 0.450194299 -0.780590296 0.433594495
vn 0.318380862 -0.547667265 0.773753583
vn 0.332388312 -0.576579928 0.746373773
vn 0.366489321 -0.633781791 0.681180239
vn 0.361105949 -0.619610429 0.696911514
vn 0.385103047 -0.66910547 0.635605037
vn 0.261904418 -0.457407832 0.849814355
vn 0.249606848 -0.423511773 0.870823979
vn 0.292100161 -0.509300411 0.809500396
vn 0.0993975699 -0.158296257 0.982376099
vn 0.127601087 -0.210601941 0.969208479
vn 0.121105276 -0.202608958 0.971742451
vn 0.168893799 -0.283889711 0.943865418
vn 0.165300697 -0.278501332 0.94610405
vn 0.181099266 -0.310098886 0.933296323
vn 0.212708861 -0.364615351 0.906537831
vn 0.206794187 -0.350690275 0.913374364
vn 0.221711099 -0.380419195 0.89784503
vn 0.517284691 -0.855374873 0.0273990911
vn 0.526712477 -0.849020123 0.0417008884
vn 0.525496185 -0.845893979 0.0911992416
vn 0.524624407 -0.847139537 0.0844038278
vn 0.520702243 -0.836803734 0.169200644
vn 0.519421101 -0.840434253 0.154506177
vn 0.510801792 -0.82010299 0.257900834
vn 0.510003269 -0.82750541 0.234801427
vn 0.494110644 -0.792717159 0.357007623
vn 0.494817376 -0.805728436 0.325511366
vn 0.46880132 -0.751802206 0.463701278
vn 0.472276002 -0.771960914 0.425478369
vn 0.433622867 -0.695336819 0.57313019
vn 0.440887451 -0.723579526 0.531084836
vn 0.388909608 -0.623515546 0.678216755
vn 0.400013715 -0.659222782 0.63672179
vn 0.336787075 -0.539679408 0.771570444
vn 0.350809008 -0.58011508 0.735118866
vn 0.280915529 -0.449524999 0.847946942
vn 0.295901567 -0.490602762 0.819604456
vn 0.225402743 -0.359504521 0.905511081
vn 0.239289984 -0.396583557 0.886263013
vn 0.173699051 -0.275098622 0.945594847
vn 0.184796348 -0.304294139 0.934481561
vn 0.128201708 -0.199802801 0.971413136
vn 0.13529858 -0.218597844 0.966390014
vn 0.089901574 -0.135302499 0.986717403
vn 0.0925019011 -0.142103061 0.985520363
vn 0.0441983342 -0.0539980941 0.997562587
vn 0.0420993231 -0.0814988166 0.995784104
vn 0.0290013328 -0.0216011163 0.999346077
vn 0.0279990435 -0.0219993684 0.999365926
vn 0.542826533 -0.839641213 0.0185008049
vn 0.550502896 -0.833704531 0.0434001349
vn 0.549609661 -0.831514716 0.0807013288
vn 0.548811436 -0.832717478 0.0734014437
vn 0.54552716 -0.824541152 0.150107369
vn 0.544303536 -0.827905476 0.135300785
vn 0.537093282 -0.811590016 0.229897067
vn 0.536299825 -0.818199813 0.207199857
vn 0.522699714 -0.790099621 0.320199758
vn 0.523209333 -0.80141449 0.289805114
vn 0.500495851 -0.757093787 0.419896454
vn 0.503486574 -0.774579585 0.38278982
vn 0.468803078 -0.70990479 0.525603473
vn 0.475099117 -0.73479867 0.48409906
vn 0.426676154 -0.647163987 0.63176465
vn 0.436905175 -0.679408252 0.589506984
vn 0.37499398 -0.569990993 0.731088281
vn 0.388494045 -0.607890844 0.692489326
vn 0.316593587 -0.482490361 0.816683471
vn 0.331799507 -0.522399366 0.785498857
vn 0.255508453 -0.390513062 0.884429336
vn 0.270105392 -0.427708715 0.862617314
vn 0.196004078 -0.300206393 0.933519542
vn 0.207905933 -0.330209553 0.920726359
vn 0.141502559 -0.216304034 0.966017604
vn 0.149204433 -0.236007154 0.960228622
vn 0.0938963443 -0.141594619 0.985461712
vn 0.0967974067 -0.149096146 0.984073699
vn 0.05419809 -0.0768974125 0.995564997
vn 0.0520989113 -0.0714986399 0.996079326
vn 0.013799699 -0.00729996106 0.999878287
vn 0.0142995771 -0.00739990128 0.999870539
vn -0.201305836 0.979528546 1.16768888e-07
vn 0.315387666 0.948962986 1.13125189e-07
vn 0.747624457 0.664121807 7.91694816e-08
vn 0.979528427 0.201305866 2.39975257e-08
vn 0.948962867 -0.315387696 -3.75971396e-08
vn 0.664121747 -0.747624516 -8.91237804e-08
vn 0.201305836 -0.979528546 -1.16768888e-07
vn 0.201401785 -0.979508817 -1.16766536e-07
vn -0.315387666 -0.948962986 -1.13125189e-07
vn -0.747624457 -0.664121807 -7.91694816e-08
vn -0.979528427 -0.201305866 -2.39975257e-08
vn -0.979508698 -0.201401815 -2.40089637e-08
vn -0.948962867 0.315387696 3.75971396e-08
vn -0.664121747 0.747624516 8.91237804e-08
vn 0.979508698 0.201401815 2.40089637e-08
vn -0.794786274 0.606889546 7.23468645e-08
vn -0.793314934 0.608811498 0.000100074474
vn -0.603083491 0.797678232 9.50906411e-08
vn -0.535094917 0.844792187 1.00707062e-07
vn -0.580697894 0.813997209 0.0141000487
vn -0.569199562 0.822199523 9.80138068e-08
vn -0.639495611 0.768794835 9.16474718e-08
vn -0.309409231 0.443213165 0.841325343
vn -0.482806146 0.69120878 0.537706971
vn -0.436196238 0.675594211 0.594394982
vn -0.58492136 0.792028964 0.174806476
vn -0.552879632 0.79867059 0.237591371
vn -0.32110244 0.557304204 0.765705943
vn -0.269200742 0.380801022 0.884602666
vn -0.101900257 0.144100264 0.98430264
vn -0.123201817 0.225103229 0.966514409
vn -0.0501977429 0.0703967214 0.996255338
vn -0.615517855 0.788123071 9.39515772e-08
vn -0.61630553 0.787507236 9.38781639e-08
vn -0.616367579 0.787458718 9.38723801e-08
vn -0.616416156 0.78742075 9.38678539e-08
vn -0.616195023 0.787593782 9.3888481e-08
vn -9.99999975e-05 -1.1920929e-07 1.00000012
vn 0 -1.1920929e-07 1.00000012
vn -0.000299999985 -0.000300119224 1
vn -0.482503206 0.875305951 0.0321003236
vn -0.483183533 0.874970317 0.0309990514
vn -0.478904098 0.871407568 0.106301025
vn -0.482007891 0.87031436 0.101101771
vn -0.472091615 0.862684727 0.181396902
vn -0.475204557 0.858108282 0.194501996
vn -0.466913849 0.851025343 0.240307271
vn -0.461286843 0.836776197 0.294991702
vn -0.463603079 0.837205589 0.290102035
vn -0.43399936 0.804798901 0.404899597
vn -0.450310796 0.809419453 0.376909167
vn -0.399288952 0.736079633 0.546584964
vn -0.417620093 0.767136931 0.486923575
vn -0.414186686 0.765575469 0.492284298
vn -0.409604281 0.762508035 0.500805438
vn -0.356782347 0.662567198 0.658567488
vn -0.372508347 0.703615785 0.605113685
vn -0.369899005 0.701898158 0.608698487
vn -0.386692584 0.718286216 0.578389049
vn -0.292787135 0.554375648 0.779065907
vn -0.317481369 0.580965877 0.749456167
vn -0.311720192 0.579437554 0.753049016
vn -0.337786674 0.636174917 0.693672776
vn -0.33539924 0.633798599 0.696998596
vn -0.345716447 0.646030784 0.680532515
vn -0.3429133 0.62862438 0.698027194
vn -0.115697846 -0.993281662 0.00239983713
vn -0.118999138 -0.992892921 -0.00180010556
vn -0.119096093 -0.992867589 0.00549970195
vn -0.124106273 -0.992250264 -0.00610042736
vn -0.183098972 -0.983094633 0.000199881702
vn -0.166004092 -0.986124456 0.00119991216
vn -0.151195273 -0.988469243 0.00829962362
vn -0.148098484 -0.988889992 0.0127997519
vn -0.159800112 -0.987100899 -0.00980012584
vn -0.14199847 -0.989789367 0.0123997498
vn -0.142199054 -0.989793599 -0.00940005761
vn -0.128201395 -0.991710961 0.00859997701
vn -0.128103465 -0.991726995 0.00820010528
vn -0.195808426 -0.980642259 0.000199891729
vn -0.212300345 -0.977201641 -0.00240012072
vn -0.205798358 -0.978592336 0.00209986675
vn -0.245804518 -0.969317913 -0.00180014886
vn -0.245498911 -0.969395816 -0.00150010921
vn -0.289585501 -0.957152188 0.000399865938
vn -0.296506315 -0.955020428 -0.00450020982
vn -0.324884146 -0.945753992 -0.000100107878
vn -0.326499104 -0.945197582 -0.000300111918
vn -0.350904226 -0.93641144 -0.000200114067
vn -0.367379636 -0.930048585 -0.00649975147
vn -0.494026512 -0.869446814 0.000499923248
vn -0.479711115 -0.877420425 -0.00330018159
vn -0.422216803 -0.905436158 -0.0438018553
vn -0.45280388 -0.884407699 -0.113101088
vn -0.387717247 -0.919441044 0.0656028166
vn -0.460713446 -0.887126029 -0.0274009109
vn -0.49690336 -0.867806017 9.98972391e-05
vn -0.483713686 -0.875224829 0.00169994403
vn -0.499622375 -0.866238892 -0.00280022901
vn -0.441306174 -0.897312641 0.00890001748
vn -0.41159156 -0.910281479 0.0444989838
vn -0.516376793 -0.856361628 -1.02086247e-07
vn -0.539370894 -0.842054784 -0.00479984283
vn -0.532467902 -0.846449018 -0.00150001072
vn -0.579713523 -0.814819157 0.00149993808
vn -0.603175402 -0.797567546 -0.00809976552
vn -0.64117974 -0.767375886 0.00479975762
vn -0.743392885 -0.668593705 0.0186997429
vn -0.705855727 -0.708355665 -8.44425685e-08
vn -0.662375391 -0.749172211 -8.93082799e-08
vn -0.839669347 -0.54308027 0.00439977506
vn -0.812400103 -0.58310014 0.000699930592
vn -0.771285951 -0.636488438 0.000699911383
vn -0.942988694 -0.332796037 0.00439990778
vn -0.929589689 -0.368595958 -4.39400587e-08
vn -0.898489535 -0.438994944 -5.23322683e-08
vn -0.906515002 -0.422107071 0.0075000748
vn -0.854883373 -0.518790007 -0.00559995323
vn -0.999199152 -0.0399999693 0.00109999441
vn -0.997938693 -0.0638024807 -0.00690027559
vn -0.991376221 -0.130996868 0.00359989866
vn -0.988836229 -0.149005488 -0.000500036171
vn -0.973140955 -0.230209708 -0.000400044315
vn -0.978885651 -0.204197034 0.00929984078
vn -0.956154525 -0.292786121 -0.00669971714
vn -0.982375503 0.18689537 0.00289995037
vn -0.987819076 0.155603021 -0.00110000279
vn -0.993047893 0.117705703 -0.00110003911
vn -0.992725074 0.120403051 0.000200019422
vn -0.999013662 0.04440061 -0.000600002997
vn -0.999004781 0.0446002148 -0.000499997172
vn -0.999983072 -0.00579990214 -0.00049999234
vn -0.981490552 0.191498175 -0.00219995622
vn -0.948873639 0.315591276 0.00639986061
vn -0.98159039 0.190998167 -9.99762706e-05
vn -0.981571674 0.191094518 -0.000199971488
vn 0 1.1920929e-07 -1.00000012
vn 9.99999975e-05 1.1920929e-07 -1.00000012
vn -0.289210171 -0.780227423 -0.55461967
vn -0.204197004 -0.914186656 -0.350095034
vn -0.2109081 -0.938636124 -0.272910625
vn -0.205500275 -0.956601381 -0.206600413
vn -0.201693535 -0.977368772 -0.0637980774
vn -0.169496372 -0.629986525 -0.757884026
vn -0.0689996481 -0.25149864 -0.965395212
vn -0.262593746 -0.944977522 -0.195095494
vn -0.340911925 -0.919732273 -0.194606945
vn -0.421101719 -0.885803699 -0.195000932
vn -0.45359832 -0.836696982 -0.306898981
vn -0.482872546 -0.85375154 -0.194789067
vn -0.584683359 -0.787577629 -0.194594577
vn -0.536608458 -0.757012069 -0.372806013
vn -0.822615087 -0.456708372 -0.338706315
vn -0.875873864 -0.441386878 -0.194994271
vn -0.916279435 -0.350092202 -0.194595709
vn -0.622409046 -0.758011162 -0.195002958
vn -0.690128922 -0.697029293 -0.194608271
vn -0.743428409 -0.639724493 -0.195107549
vn -0.769223154 -0.583017588 -0.261507958
vn -0.786996424 -0.585397422 -0.19479923
vn -0.842371166 -0.502382874 -0.194993407
vn -0.396606922 -0.731512785 -0.554609835
vn -0.496011198 -0.668115079 -0.554612637
vn -0.585492134 -0.591292024 -0.554592669
vn -0.663192689 -0.502594471 -0.55459398
vn -0.727509975 -0.403905481 -0.554607689
vn -0.838197768 -0.320299178 -0.441398919
vn -0.775502086 -0.301500767 -0.554701626
vn -0.741798699 -0.283399463 -0.607799053
vn -0.569597542 -0.21759899 -0.792596698
vn -0.189299777 -0.813699126 -0.549599528
vn -0.189496666 -0.809985757 -0.554990411
vn -0.130601183 -0.540404856 -0.831207693
vn -0.193408951 -0.521824062 -0.83083868
vn -0.26521641 -0.489230245 -0.830851555
vn -0.331719279 -0.446825892 -0.830848455
vn -0.391600132 -0.395500064 -0.830800414
vn -0.443510801 -0.336208105 -0.830820382
vn -0.486609221 -0.270105034 -0.830815852
vn -0.517891943 -0.203096777 -0.830987215
vn -0.414009094 -0.158203378 -0.896419764
vn -0.0372004099 -0.19240202 -0.980610907
vn -0.0679989159 -0.18339698 -0.980684459
vn -0.0931996107 -0.171899199 -0.980696023
vn -0.116599016 -0.156998575 -0.98069185
vn -0.137598142 -0.138998002 -0.980686784
vn -0.155800492 -0.118100271 -0.980703235
vn -0.155898064 -0.11809843 -0.980687976
vn -0.170998335 -0.0948989615 -0.980690539
vn -0.182601169 -0.0698003322 -0.980706394
vn -0.182697818 -0.0697990507 -0.980688453
vn 0.9639166 0.266204596 3.17340572e-08
vn 0.0529997088 0.998594642 1.19041744e-07
vn 0.052899994 0.998600006 1.19042383e-07
vn 0.052899994 0.998600006 0.000100119039
vn 0.996524334 0.0833020434 -0.000299997424
vn 0.996524274 0.0833020359 0.000500022201
vn 0.996431708 0.0844026953 -0.000299999519
vn 0.996440113 0.084303394 0.000400026183
vn 0.996329308 0.0856025293 -0.000299998675
vn 0.996346295 0.0854039788 0.000400028832
vn 0.996225476 0.0868022293 -0.000399999903
vn 0.996251404 0.0865044668 0.000400030985
vn 0.996093929 0.0882994682 -0.000399987068
vn 0.996120274 0.0880017951 0.000300016633
vn 0.995941401 0.0900037587 -0.000199997623
vn 0.995969117 0.0896972269 0.000200004521
vn 0.995777726 0.0917979479 -9.9986828e-05
vn 0.995786846 0.0916987956 0.000100009616
vn 0.995572448 0.0939974114 1.12053629e-08
vn 0.99530381 0.0968003869 0.00010001193
vn 0.995313406 0.0967013165 0.000200014241
vn 0.994742811 0.102404416 0.000200020833
vn 0.996730149 0.0808024481 9.63240154e-09
vn 0.996722102 0.0809018016 0.000100011872
vn 0.996722043 0.0809017941 -0.0001999948
vn 0.996697843 0.0811998397 0.000200009279
vn 0.99670589 0.0811004862 -0.000399992743
vn 0.996648371 0.0818039775 0.000400029239
vn 0.996657073 0.081696488 -0.000599964522
vn 0.996599257 0.0823999494 0.00050000957
vn 0.996599257 0.0823999494 0.000400009594
vn 0.935587406 0.353095263 -9.99565746e-05
vn 0.933458924 0.358684272 0.000100038371
vn 0.941471815 0.337089956 -0.001099927
vn 0.948402345 0.317000806 -0.00659997948
vn 0.947533429 0.319611281 -0.00540015288
vn 0.994681656 0.102998115 -9.99858821e-05
vn 0.993526161 0.113603011 0.000300021493
vn 0.99183315 0.127004266 0.0117004067
vn 0.988541007 0.150506258 -0.0116004646
vn 0.984478295 0.175496146 0.00189997931
vn 0.981766105 0.190093458 2.26609025e-08
vn 0.975993752 0.217798635 2.5963617e-08
vn 0.971901894 0.235100493 -0.0115999952
vn 0.965336025 0.261009783 -0.000499987626
vn 0.956757307 0.290887058 0.000300021318
vn 0.916476071 0.400089622 4.76943924e-08
vn 0.878517807 0.47770974 5.69474317e-08
vn 0.923207045 0.384302974 -9.99549666e-05
vn 0.885614395 0.464007586 0.0196003765
vn 0.898011208 0.438505501 -0.0359003991
vn 0.888593078 0.458696514 0.00010005392
vn 0.891579092 0.452589422 -0.0157995764
vn 0.886821866 0.462111473 5.50879733e-08
vn 0.426107228 0.333105803 -0.841114342
vn 0.0299997982 -0.114299372 0.992993474
vn 0.0354008153 -0.110702686 0.993223011
vn 0.0473009273 -0.128202647 0.99061954
vn 0.05119735 -0.123293757 0.991048872
vn 0.046399463 -0.117498778 0.991988659
vn 0.0567998923 -0.127599895 0.990198195
vn 0.0470995046 -0.112898946 0.992489696
vn 0.0540024601 -0.121305652 0.991145253
vn 0.0521984957 -0.116896756 0.991771519
vn 0.048299294 -0.106998563 0.993085563
vn 0.0482005551 -0.106801361 0.993111551
vn 0.0475975201 -0.105794623 0.993248403
vn 0.0456006713 -0.103201658 0.993614733
vn 0.0530993789 -0.10839887 0.992688477
vn 0.0454987772 -0.0966975316 0.994273484
vn 0.0486997589 -0.0999996364 0.993795156
vn 0.0448996834 -0.0903994963 0.994893134
vn 0.0442992561 -0.0896986201 0.994983375
vn 0.0435004495 -0.086401023 0.995310426
vn 0.042801246 -0.0842025802 0.995529115
vn 0.0416001976 -0.0815005153 0.995804906
vn 0.0411983244 -0.0797968879 0.99595964
vn 0.0367000066 -0.0724001452 0.996700346
vn 0.0337985717 -0.0756969303 0.996558011
vn 0.035399165 -0.0705984607 0.996876597
vn 0.0327014253 -0.0666030347 0.997243643
vn 0.0293013249 -0.0636030063 0.997545183
vn 0.0274995826 -0.0621991828 0.997685015
vn 0.029700458 -0.0623010881 0.997615516
vn 0.0263992958 -0.0595985353 0.997873485
vn 0.041099783 -0.144199371 0.988694906
vn 0.0245009176 -0.134305164 0.990637243
vn 0.0430992097 -0.129197761 0.990681946
vn 0.0327989534 -0.111096591 0.99326843
vn 0.0328001231 -0.106200531 0.993803799
vn 0.0413985252 -0.12679562 0.991064787
vn 0.0475010909 -0.128103063 0.990622818
vn 0.0474013127 -0.128103673 0.990627527
vn 0.0108999051 -0.0898993462 0.995891452
vn -0.00360000366 -0.0998002365 0.995001137
vn -0.00379995466 -0.0734992474 0.997288287
vn -0.0174994897 -0.0643982515 0.997770965
vn -0.0105003519 -0.0694024563 0.997533619
vn -0.00820028037 -0.0697025135 0.997534275
vn -0.00590001093 -0.067500256 0.997701943
vn -0.0170005262 -0.0587019399 0.998130918
vn -0.0170002952 -0.0606011748 0.998017371
vn -0.019999478 -0.0603985526 0.997974098
vn -0.019300228 -0.0600008294 0.998011887
vn -0.0142997289 -0.0749987066 0.99708122
vn -0.0179001484 -0.0863008499 0.996108413
vn -0.0150007224 -0.0698034838 0.997448146
vn -0.0153007256 -0.0683033615 0.997547388
vn -0.0167996027 -0.0644986033 0.997776568
vn -0.0181995183 -0.0656983927 0.99767369
vn -0.017900208 -0.0652008876 0.997711778
vn 0.0505983718 -0.219193101 0.974368751
vn 0.0225996152 -0.156097472 0.987483323
vn -0.0230005812 -0.0938024968 0.995325267
vn -0.0227990523 -0.0934962407 0.995358706
vn 0.00700004864 -0.110900901 0.993806958
vn 0.000600008934 -0.11370182 0.993514836
vn 0.00740017323 -0.146903574 0.989123285
vn 0.00579989469 -0.136797667 0.990582168
vn 0.0210995171 -0.189895779 0.981577635
vn 0.0308999177 -0.234199539 0.971697569
vn 0.0399007984 -0.258005291 0.965319335
vn 0.0113002565 -0.0895021558 0.995922625
vn 0.0123995189 -0.0877967179 0.996061444
vn 0.020800408 -0.116102412 0.993019581
vn 0.0243007019 -0.134404019 0.990628719
vn 0.0442016907 -0.20320791 0.978137553
vn 0.0371000431 -0.14860031 0.98820132
vn -0.0494018197 0.0726025626 0.996136844
vn -0.0971999317 0.147999793 0.984199405
vn -0.489191771 0.871585429 0.0320995674
vn -0.444007665 0.764513254 0.467308193
vn -0.45619294 0.792687774 0.404393882
vn -0.468697637 0.806496024 0.360398293
vn -0.477086544 0.827976704 0.294691801
vn -0.485112637 0.834621787 0.260906905
vn -0.490308166 0.849614203 0.194303364
vn -0.494881868 0.851768911 0.171993837
vn -0.497323185 0.861040235 0.106205069
vn -0.499697387 0.861095607 0.09389963
vn -0.500297844 0.864896417 0.0406999327
vn -0.501899898 0.864299953 0.0329001024
vn -0.411293387 0.689488888 0.596190512
vn -0.423198551 0.72499752 0.543398201
vn -0.44161582 0.761327386 0.47471717
vn -0.437406152 0.759110689 0.482106924
vn -0.422709346 0.755516768 0.500511289
vn -0.411511958 0.706220508 0.57611686
vn -0.374200761 0.630101323 0.680401564
vn -0.367905051 0.62420857 0.68920958
vn -0.345104516 0.582907617 0.73560977
vn -0.32660073 0.544301271 0.772701979
vn -0.236597538 0.479595006 0.844991446
vn -0.245200828 0.398901284 0.883603156
vn -0.188594997 0.30259186 0.934275329
vn -0.183300659 0.296100974 0.9374035
vn -0.136202738 0.217904285 0.966419578
vn -0.136205375 0.194807604 0.971338451
vn -0.137703046 0.216504693 0.966521502
vn -0.112695448 0.14179416 0.983460367
vn -0.0912012681 0.140201852 0.985913813
vn -0.0597008057 0.0859010443 0.994513512
vn -0.0531980768 0.0708973259 0.996064126
vn -0.0121002616 0.0145001961 0.999821782
vn 0.00440020859 -0.0169009212 0.999847591
vn -0.0132005652 0.0272010509 0.999542952
vn -0.0132998005 0.00729977246 0.999885082
vn -0.0131998379 0.00709979469 0.999887824
vn -0.0148994066 0.00759957917 0.999860287
vn -0.135697588 0.1983964 0.970682919
vn -0.153104529 0.23390682 0.960128486
vn -0.220396981 0.324395508 0.919887543
vn -0.201307371 0.305911154 0.930534244
vn -0.283610106 0.421514928 0.861330807
vn -0.281501234 0.419501722 0.86300385
vn -0.345204145 0.515606165 0.784209609
vn -0.35810253 0.528503716 0.769705594
vn -0.403194577 0.600891888 0.690190792
vn -0.425599843 0.622899771 0.656399906
vn -0.451775581 0.671663702 0.587168396
vn -0.478712678 0.698118448 0.532414198
vn -0.490812719 0.726118863 0.481512636
vn -0.515792668 0.74998945 0.414094269
vn -0.519788027 0.765082479 0.380091429
vn -0.544279039 0.788469732 0.286489099
vn -0.53639394 0.786891103 0.305096656
vn -0.555182099 0.806274116 0.204193547
vn -0.555514038 0.806320429 0.203105241
vn -0.560723543 0.817234397 0.13310571
vn -0.566318572 0.81652689 0.11210379
vn -0.561230242 0.826944649 0.0344019532
vn -0.577190578 0.813586771 0.0701989606
vn -0.563978851 0.825769126 0.00579988072
vn -0.523505628 0.851709187 0.0231003501
vn -0.52668941 0.849083006 0.0406992845
vn -0.525496185 0.845893979 0.0911994502
vn -0.524688005 0.847080767 0.0845981762
vn -0.52061224 0.836919665 0.168904081
vn -0.519494116 0.840390503 0.154498369
vn -0.510709882 0.820315957 0.257405102
vn -0.510205388 0.827408791 0.234702587
vn -0.493890882 0.793085396 0.356493533
vn -0.495206773 0.805411041 0.325704575
vn -0.468413383 0.752221525 0.463413388
vn -0.472712487 0.771620452 0.425611377
vn -0.433286935 0.696079016 0.572482824
vn -0.441474855 0.723158836 0.531169832
vn -0.388305336 0.624008596 0.678109467
vn -0.400516242 0.658526719 0.637125909
vn -0.336197913 0.540296674 0.771395385
vn -0.351411045 0.579618216 0.735223234
vn -0.293193907 0.473290175 0.830682933
vn -0.300103068 0.488204986 0.819508612
vn -0.242186055 0.395077199 0.886149168
vn -0.544601977 0.838603079 0.0124001466
vn -0.550482929 0.833774269 0.0422987938
vn -0.549614072 0.831521451 0.080602169
vn -0.548803389 0.832705259 0.0736005604
vn -0.545428336 0.824642777 0.149907902
vn -0.544418991 0.827828944 0.135304838
vn -0.536996603 0.811794937 0.229398668
vn -0.536508381 0.818112791 0.20700337
vn -0.522497237 0.790395916 0.31979844
vn -0.523495913 0.801193714 0.289897829
vn -0.500299335 0.757499039 0.419399619
vn -0.503882885 0.774273753 0.382887155
vn -0.468483686 0.710575283 0.524981797
vn -0.475715071 0.734323382 0.484215498
vn -0.426100343 0.647800565 0.631500661
vn -0.437487423 0.678880513 0.589683175
vn -0.37448135 0.570871592 0.730663717
vn -0.389209598 0.607515037 0.692417204
vn -0.315701336 0.482702047 0.81690371
vn -0.332109243 0.521414459 0.786022067
vn -0.254801512 0.390802294 0.88450551
vn -0.270406157 0.427109659 0.86281985
vn -0.195402905 0.300304383 0.933614075
vn -0.207908794 0.329613894 0.920939147
vn -0.14109996 0.21619983 0.966099739
vn -0.149106398 0.235610008 0.960341275
vn -0.0977965891 0.148494706 0.984065711
vn -0.0972970054 0.148795322 0.984069824
vn -0.0723992363 0.100598827 0.992289543
vn 0.033301618 -0.0399020612 0.998648643
vn 0.0289006531 -0.0540013462 0.998122633
vn 0.0320003964 -0.061200887 0.997612536
vn 0.0174993891 -0.0485984273 0.998665273
vn 0.0178994145 -0.0462986119 0.998767495
vn 0.0185998008 -0.0383997113 0.99908942
vn 0.00979983807 -0.0391994752 0.999183536
vn 0.0118997637 -0.0386993513 0.999180198
vn 0.0104000811 -0.029600352 0.999507844
vn 0.00820027944 -0.0294011254 0.99953419
vn 0.282109499 -0.93813169 0.200806677
vn 0.246793389 -0.952674568 0.177495137
vn 0.13479811 -0.523992777 0.840988278
vn 0.13769941 -0.522097886 0.841696441
vn 0.296297878 -0.860994041 0.413397014
vn 0.301899999 -0.953300118 0.00869988743
vn 0.262302905 -0.964610696 0.0269001834
vn 0.254910737 -0.96694082 0.00680017192
vn 0.261002809 -0.965310574 0.00729996478
vn 0.348202616 -0.937007129 0.0278000999
vn 0.302511543 -0.951936364 0.0480017252
vn 0.322596729 -0.944890499 0.0557993278
vn 0.287302911 -0.954509854 0.0798007101
vn 0.328206658 -0.938319087 0.108802103
vn 0.285600781 -0.949802697 0.127700239
vn 0.308813184 -0.929639816 0.201008514
vn 0.296108335 -0.933026433 0.204405695
vn 0.30740729 -0.933122218 0.186504334
vn 0.314308226 -0.918324113 0.240606233
vn 0.31869331 -0.921180785 0.223295242
vn 0.156601593 -0.574606001 0.803308249
vn 0.16269581 -0.567585588 0.807079256
vn 0.162600115 -0.565300584 0.808700681
vn 0.206389949 -0.667467654 0.715465128
vn 0.197402433 -0.619207799 0.760009408
vn 0.241488755 -0.676968634 0.695267558
vn 0.242096364 -0.679390013 0.692689598
vn 0.117201045 -0.497504562 0.85950768
vn 0.0946997553 -0.449398965 0.888297737
vn 0.0944030732 -0.447814703 0.889128983
vn 0.144891858 -0.619565368 0.771456718
vn 0.231101468 -0.901705921 0.365402222
vn 0.213298991 -0.84359616 0.492797613
vn 0.247404039 -0.967315912 0.0556007996
vn 0.250890315 -0.963662922 0.0916963592
vn 0.247903019 -0.953411758 0.171902001
vn 0.253192008 -0.964069664 0.0803973526
vn 0.25360024 -0.966901004 0.028099915
vn 0.255604565 -0.966517389 0.0226002913
vn 0.255403697 -0.966814101 0.00629997673
vn 0.25789097 -0.966166258 0.00389974844
vn 0.24560371 -0.954114497 0.171302468
vn 0.258312255 -0.966045976 0.00550014619
vn 0.257199675 -0.965898871 0.0297998488
vn 0.257388711 -0.965857744 0.0294985939
vn 0.253407508 -0.963928699 0.0814023092
vn 0.255610675 -0.963740349 0.0766030923
vn 0.246500403 -0.953901649 0.171200171
vn 0.25210169 -0.955206573 0.15500094
vn 0.243596077 -0.953384817 0.178097039
vn 0.249696955 -0.964888394 0.081498906
vn 0.249990404 -0.964863122 0.0808967873
vn 0.251990795 -0.967264712 0.0299987905
vn 0.253295034 -0.966981113 0.0280993357
vn 0.253691822 -0.967269003 0.00559970457
vn 0.254701108 -0.967004359 0.0054999087
vn 0.112799652 -0.477798671 0.871197402
vn 0.16989249 -0.687769771 0.705768764
vn 0.148192465 -0.620768607 0.769860923
vn 0.279608756 -0.960030138 0.0127002848
vn 0.270713776 -0.962649047 0.00460011978
vn 0.268990785 -0.962767184 0.026898969
vn 0.27039814 -0.962293565 0.0295996871
vn 0.265912384 -0.961645007 0.0673030391
vn 0.268596202 -0.960186601 0.076798819
vn 0.261004031 -0.956214845 0.132401943
vn 0.264009565 -0.951934576 0.15530552
vn 0.245296925 -0.927588522 0.281796396
vn 0.238392353 -0.929570317 0.281190872
vn 0.238708332 -0.919432163 0.312510818
vn 0.233006224 -0.92072475 0.313008279
vn 0.233109474 -0.915137291 0.328913301
vn 0.23529321 -0.914873719 0.328090429
vn 0.236105263 -0.930420876 0.28030616
vn 0.320805132 -0.896214426 0.306404799
vn 0.321795285 -0.897186935 0.30249548
vn 0.294393957 -0.906881511 0.301493734
vn 0.273998648 -0.893095791 0.356798142
vn 0.261898607 -0.897195339 0.355598003
vn 0.24490957 -0.877034366 0.413316071
vn 0.23589693 -0.88058871 0.410994619
vn 0.27469492 -0.766686022 0.580289185
vn 0.283297986 -0.783894598 0.552496016
vn 0.25540024 -0.797700942 0.546300471
vn 0.229902387 -0.755808055 0.61310631
vn 0.219600797 -0.762002945 0.609202147
vn 0.196202353 -0.710008681 0.676308095
vn 0.189902619 -0.715310097 0.672509313
vn 0.170699656 -0.661898792 0.729898512
vn 0.16529873 -0.666995108 0.726494431
vn 0.308291942 -0.951175272 0.0148994988
vn 0.294312 -0.955639124 0.0116003603
vn 0.287390769 -0.956169367 0.0560980849
vn 0.29019317 -0.954577684 0.0675983056
vn 0.282903492 -0.952911794 0.109201245
vn 0.285987705 -0.948959291 0.132994175
vn 0.266199321 -0.933097661 0.24179928
vn 0.257988542 -0.935558617 0.241189227
vn 0.224098474 -0.857994318 0.462196827
vn 0.218599305 -0.860697448 0.459798485
vn 0.214314416 -0.842556775 0.494133204
vn 0.210992947 -0.843072057 0.494683474
vn 0.207307056 -0.828428388 0.520317614
vn 0.208200917 -0.828903854 0.519202292
vn 0.153302357 -0.644810081 0.748811424
vn -0.201401785 0.979508817 1.16766536e-07
vn 0.760701776 -0.649101615 -7.73789353e-08
vn -0.0532988571 0.998578727 1.19039846e-07
vn -0.408401132 0.912802696 1.08814547e-07
vn -0.316791385 0.94747436 0.0439989194
vn -0.250409663 0.968037426 0.0141006615
vn -0.154807016 0.987944901 1.17772196e-07
vn 0.083199434 0.995693326 0.040899843
vn 0.0771013722 0.996317863 0.0375007913
vn 0.210095868 0.977680862 1.16548627e-07
vn 0.682699025 0.730699003 0.00110008556
vn 0.55039984 0.834899843 -0.00159990008
vn 0.45901072 0.88752085 0.0402010456
vn 0.404910356 0.914223433 0.0156005081
vn 0.308898419 0.951095223 1.13379372e-07
vn 0.797291219 0.601793468 0.0465995632
vn 0.768868089 0.639173508 0.0172993615
vn 0.867293894 0.497796565 5.93419678e-08
vn 0.956843317 0.289213151 0.0284013264
vn 0.951916099 0.30570522 0.0200003777
vn 0.898587644 0.438794047 5.23083195e-08
vn 0.950995207 -0.309198469 -0.00210002647
vn 0.980723023 -0.195304617 0.00620012358
vn 0.993810117 -0.106201097 0.0326003246
vn 0.999629617 -0.0270008035 0.00340009807
vn 0.98979336 0.142499059 -0.00179997121
vn 0.780615091 -0.625012159 -7.45072484e-08
vn 0.817945898 -0.57526195 0.00619952241
vn 0.874156833 -0.484876126 0.0272985995
vn 0.864228666 -0.50181675 0.0359011367
vn 0.914195657 -0.405198127 0.00779991504
vn -0.499194264 0.866490245 1.03293672e-07
vn 0.835693717 -0.549195945 -6.54692514e-08
vn 0.835617542 -0.549311578 0.000399942946
vn 0.835693598 -0.549195886 0.000299932261
vn 0.835693717 -0.549195945 0.000199933056
vn 9.99999975e-05 -1.1920929e-07 1.00000012
vn 0 -0.000100119221 1.00000012
vn 0 -0.000400119257 1.00000012
vn -0.911408126 -0.411503732 -4.90550605e-08
vn -0.500698984 0.863398373 0.0619999841
vn -0.500815332 0.863026559 0.0661021397
vn -0.500666082 0.86364162 0.0587961301
vn -0.500706851 0.864211977 0.0493007861
vn -0.500803471 0.864406109 0.0447004177
vn -0.500692785 0.863387644 0.0621992126
vn -0.500422001 0.863338053 0.0650029629
vn -0.500680625 0.863066673 0.0665975362
vn -0.500683904 0.863072336 0.0664979741
vn -0.500115752 0.861727178 0.0855027959
vn -0.500278771 0.861563563 0.0861964524
vn -0.537194788 0.842392027 0.0423996933
vn -0.564824939 0.821136355 -0.0819035247
vn -0.604912579 0.795316696 0.0394009165
vn -0.343612939 0.320211977 0.882833362
vn -0.0652002841 -0.182700917 0.981004417
vn -0.29568848 -0.052098088 0.953862906
vn -0.33439377 -0.0650989115 0.940182626
vn -0.367493927 0.592590153 0.716788232
vn -0.452512801 0.197005495 0.869724751
vn -0.507900417 0.190000072 0.840200782
vn -0.476706415 0.224502936 0.849911511
vn -0.138995901 -0.112596817 0.983871162
vn -0.152506322 0.0302011389 0.98784107
vn -0.120497286 0.0430989154 0.991777778
vn -0.194808364 0.11010462 0.974641979
vn -0.258092046 0.353888988 0.898972392
vn -0.258009702 0.355313331 0.898434043
vn -0.32770285 0.476004153 0.816107333
vn -0.485909194 0.499209374 0.717413664
vn -0.441317379 0.484319001 0.755429924
vn -0.405897439 0.507596731 0.759995341
vn -0.43229413 0.505693138 0.746589959
vn -0.372183919 0.548476279 0.748767674
vn -0.41238448 0.541279614 0.732772529
vn -0.366694838 0.595491588 0.714790046
vn -0.393201888 0.58710283 0.707603514
vn -0.366497338 0.622395456 0.691595137
vn -0.37878713 0.617479026 0.689376712
vn -0.367678225 0.648261607 0.666760623
vn -0.260703206 -0.0709010065 0.962812066
vn -0.245695785 -0.0453993417 0.968283474
vn -0.285694361 0.285894275 0.91468215
vn -0.306293905 0.279494345 0.909982085
vn -0.39401114 0.162504509 0.904625773
vn -0.497426301 0.13870725 0.856345415
vn -0.258203 0.508705914 0.821309805
vn -0.369718254 0.647231877 0.66663295
vn 0.0472007394 -0.0702012256 0.996415675
vn 0.0378008112 -0.0756017491 0.996421516
vn -0.165492877 0.124994516 0.978258014
vn -0.228002429 0.368803889 0.901109755
vn -0.289390773 0.495184153 0.819173992
vn -0.368887782 0.605979919 0.704776764
vn -0.332593173 0.627187133 0.704285681
vn -0.334616244 0.675432801 0.657132089
vn -0.180408671 0.410919666 0.893643081
vn -0.107798778 0.335396141 0.935889542
vn -0.155806467 0.308312684 0.938439071
vn 0.029900685 -0.163303867 0.986122787
vn -0.0211005993 -0.161004707 0.986728191
vn -0.0866025165 0.256607354 0.962628186
vn 0.0171006732 0.0980037451 0.995039284
vn 0.129594803 -0.0423984192 0.99066031
vn 0.123898461 -0.00380007178 0.992287815
vn 0.208705619 -0.230506346 0.950425744
vn -0.21920532 0.535912931 0.815319955
vn 0.739785314 -0.631287575 0.232795358
vn 0.810830355 -0.537720263 0.231108621
vn 0.671186864 -0.41239205 0.615987957
vn 0.461894989 -0.117698848 0.879090607
vn 0.154505774 0.194607183 0.968636274
vn 0.497504979 -0.0447005555 0.866308808
vn 0.485606283 -0.058600869 0.872211397
vn 0.620218039 -0.529215574 0.579016864
vn 0.5331949 -0.326396972 0.780492544
vn 0.29719469 -0.120497972 0.947183192
vn -0.188594714 0.462786973 0.86617589
vn 0.179095581 0.250993699 0.95127672
vn 0.176906973 0.248509705 0.952337623
vn -0.0131995417 0.313589036 0.949467242
vn 0.0244009662 0.348913759 0.936837316
vn 0.45530194 -0.388501793 0.801103473
vn 0.316907376 -0.15670377 0.935421824
vn 0.286495417 -0.128798082 0.949384987
vn 0.184804663 0.0384008586 0.982024848
vn 0.0865976214 0.146095887 0.985473096
vn 0.733422637 -0.625819445 0.265408128
vn 0.702399611 -0.452299863 0.549599707
vn 0.481707186 -0.265604079 0.835112512
vn 0.525804579 -0.225002065 0.820307255
vn 0.0959006101 0.155900896 0.983106375
vn 0.0852012932 0.147302151 0.985415161
vn -0.0141995698 0.30679062 0.951671362
vn 0.72251153 -0.3263053 0.609509706
vn 0.706974804 -0.345187813 0.61727798
vn 0.25850898 0.0303009413 0.965533674
vn 0.294803768 0.0640007108 0.953412235
vn -0.123300187 0.408700526 0.904301524
vn -0.125201955 0.407206297 0.904714227
vn -0.143394306 0.436782598 0.888064981
vn -0.17110157 0.501604557 0.848007917
vn -0.184204444 0.486711711 0.853920817
vn -0.259702146 0.570704699 0.7790066
vn -0.264314979 0.566332102 0.780644476
vn -0.309089869 0.628479362 0.713776708
vn -0.320009023 0.619717479 0.716620326
vn -0.347800791 0.666501522 0.659401655
vn 0.4200041 -0.355703622 0.834908247
vn 0.752223313 -0.640319943 0.155404747
vn 0.0619012676 -0.0540012307 0.996620476
vn 0.131197974 -0.102098547 0.986084878
vn -0.193994641 0.456387311 0.868376136
vn 0.152004659 0.191605777 0.969629824
vn -0.0923012272 0.361704737 0.9277125
vn -0.126502246 0.321805656 0.938316941
vn -0.0466012098 0.239306122 0.969825327
vn -0.0687974021 0.213291854 0.974563301
vn -0.00689973077 0.145994201 0.989261568
vn -0.0223005172 0.128002882 0.991523206
vn 0.0263006873 0.0738018155 0.996926188
vn 0.0231993087 0.0700978041 0.997270405
vn 0.0191992912 0.0556978285 0.99826324
vn 0.100597896 -0.0358993746 0.994279385
vn 0.128100961 -0.0518005118 0.990407586
vn 0.0830015466 -0.0293006692 0.996118724
vn 0.318287253 -0.264789551 0.910263598
vn 0.308009237 -0.257307857 0.915927529
vn 0.332597613 -0.228398502 0.914993584
vn 0.266999185 -0.182299599 0.946297348
vn 0.296507537 -0.147803888 0.943524063
vn 0.249206275 -0.120503157 0.960924327
vn 0.279806316 -0.0846020356 0.956321657
vn 0.218303248 -0.0497008637 0.97461468
vn 0.261500746 0.000999888056 0.965202868
vn 0.180309579 0.0456023142 0.98255235
vn 0.228793964 0.102397196 0.96807462
vn 0.468485028 -0.110196598 0.876572132
vn 0.571199179 -0.480599463 0.665399075
vn 0.510989308 -0.444090873 0.735984623
vn 0.53668803 -0.414090902 0.735183597
vn 0.498599112 -0.387299478 0.775498688
vn 0.521979988 -0.359986335 0.773270369
vn 0.494098932 -0.343899399 0.798498333
vn 0.518289387 -0.315493643 0.794883788
vn 0.482080072 -0.293887973 0.825365901
vn 0.516700327 -0.253100276 0.817900479
vn 0.46869579 -0.223598137 0.854592502
vn 0.510101438 -0.17510061 0.842102528
vn 0.692122817 -0.389412969 0.607720017
vn 0.700480044 -0.588183343 0.404188484
vn 0.669271529 -0.57037586 0.476179749
vn 0.682899296 -0.55439955 0.475699484
vn 0.667773247 -0.544278324 0.507779658
vn 0.682774842 -0.526780665 0.506281316
vn 0.67141664 -0.520813048 0.527213037
vn 0.686878264 -0.502584219 0.524983346
vn 0.672285795 -0.49418968 0.55118835
vn 0.694700778 -0.467800617 0.546400607
vn 0.675696075 -0.455397457 0.579696596
vn 0.703400135 -0.4229002 0.571300149
vn 0.750600576 -0.639900625 0.164700076
vn 0.75461489 -0.63521266 0.164503187
vn 0.75399518 -0.632696092 0.176598802
vn 0.757641375 -0.628434479 0.176209569
vn 0.757816672 -0.626013875 0.183903977
vn 0.761117578 -0.62211448 0.183504179
vn 0.761589825 -0.618591845 0.193197384
vn 0.76660794 -0.612706482 0.192101955
vn 0.767494857 -0.60759604 0.204398587
vn 0.775771618 -0.597878218 0.201792568
vn 0.77759999 -0.590200126 0.21679996
vn 0.116297118 -0.119697168 0.985975683
vn 0.197094902 -0.207494766 0.958175302
vn 0.304406315 -0.281105995 0.910118937
vn 0.409597218 -0.36789766 0.834794402
vn 0.533585012 -0.481386662 0.695380509
vn 0.560116053 -0.493714273 0.665219009
vn 0.691489458 -0.598791003 0.404093832
vn 0.724426985 -0.64112401 0.253309399
vn 0.749698877 -0.643299103 0.155299708
vn 0.732725382 -0.63242197 0.25130865
vn 0.732577801 -0.631680965 0.253592253
vn 0.540205479 -0.481305033 0.690306962
vn 0.537290335 -0.477091581 0.695487499
vn 0.211104974 -0.208705053 0.954922616
vn 0.20400542 -0.199505433 0.958425581
vn 0.750606477 -0.611505449 0.250302136
vn 0.752730787 -0.608225048 0.251910269
vn 0.553512514 -0.467110693 0.689515531
vn 0.554913104 -0.4638111 0.69061625
vn 0.216106027 -0.204905838 0.954626679
vn 0.216901645 -0.201801673 0.955107331
vn 0.786278069 -0.565084398 0.24989298
vn 0.788889229 -0.560492456 0.251996517
vn 0.580185175 -0.433589011 0.689482331
vn 0.581427157 -0.429920226 0.6907323
vn 0.226585478 -0.193687707 0.954538882
vn 0.227202982 -0.190102622 0.955112636
vn 0.708388329 -0.486692101 0.511191607
vn 0.823959053 -0.547572792 0.145792708
vn 0.804680765 -0.538787186 0.249394
vn 0.773611069 -0.466806799 0.428506136
vn 0.795503795 -0.501502514 0.34010157
vn 0.237999216 -0.192999497 0.951896966
vn 0.195191637 -0.130394563 0.972058535
vn 0.353103191 -0.26890257 0.896108091
vn 0.594995797 -0.418797106 0.685995102
vn 0.528793097 -0.327095836 0.783189833
vn 0.625909567 -0.430806696 0.650109947
vn 0.231596351 -0.185897216 0.954885125
vn 0.238098159 -0.192898646 0.951892734
vn 0.593121886 -0.414315403 0.690325439
vn 0.595794857 -0.417496532 0.686094105
vn 0.804905534 -0.537703812 0.251001686
vn 0.805081666 -0.538187861 0.249394298
vn 0.103700884 0.994608641 1.18566575e-07
vn 0.152096733 0.988278925 -0.0130996034
vn 0.171302825 0.984916389 -0.0244002882
vn 0.195799008 0.979795098 -0.0407996811
vn 0.144095317 0.989268064 0.0241993368
vn 0.27749753 0.960691512 -0.00819981284
vn 0.217604846 0.97592181 0.0150004514
vn 0.307605863 0.951318264 -0.0193002578
vn 0.398488015 0.917172611 -0.00139984873
vn 0.321113735 0.947040677 0.000500134425
vn 0.262087137 0.964952707 0.0132994642
vn 0.777628958 0.628723502 7.49496749e-08
vn 0.778697789 0.627398252 0.00120007154
vn 0.668610573 0.743611813 -0.00119993056
vn 0.664217234 0.747519493 -0.00550005399
vn 0.599023461 0.80073154 0.000300107262
vn 0.528512061 0.848919511 -0.0032999746
vn 0.524314821 0.851524174 0.000900127052
vn 0.399596095 0.916691184 -0.000699883909
vn 9.99975164e-05 -0.0211995952 0.99977535
vn 0.902071655 -0.431586474 -5.14491099e-08
vn 0.902149379 -0.431423664 -0.000300067884
vn 0.902014017 -0.431706756 -5.14634486e-08
vn 0.902110517 -0.431505054 0.000199950911
vn 0.902110517 -0.431505054 -5.14394038e-08
vn 0.902110517 -0.431505054 -0.000100052617
vn 0.902206957 -0.431303412 9.99493714e-05
vn 0.902206957 -0.431303412 -5.14153662e-08
vn 0.902206957 -0.431303412 0.000199950155
vn 0.902014017 -0.431706756 9.99501062e-05
vn -0.997046292 -0.0768035799 -0.000100013807
vn -0.997100115 -0.0761000142 0.00049999106
vn -0.9972651 -0.0738974139 -0.00129996345
vn -0.997092605 -0.0761994421 9.99901895e-05
vn -0.997167706 -0.07519757 -0.00139996363
vn -0.9970994 -0.076099962 -0.00130000839
vn -0.997092128 -0.0761994123 -0.00100000133
vn -0.997000158 -0.0774000213 -0.000100009252
vn -0.997030795 -0.0770023912 -0.000400021585
vn -0.997302353 -0.0734001771 -0.000700010394
vn -0.997168601 -0.0751976371 -8.964256e-09
vn -0.997168541 -0.0751976296 -0.000599990075
vn -0.996976912 -0.0776982084 -9.26234733e-09
vn -0.996984661 -0.0775988176 -0.000100007725
vn -0.99699235 -0.0774994195 -0.000100008489
vn -0.997000098 -0.0774000138 -0.000300009298
vn -0.984407783 0.175901413 2.09690807e-08
vn -0.985167682 0.171594381 -0.000299969746
vn -0.983720779 0.179703817 2.14223626e-08
vn 0.142205283 -0.989836931 -0.000900151557
vn 0.117900692 -0.991005957 0.0633002594
vn 0.104503118 -0.992929697 -0.0563018024
vn -0.00939997565 -0.995797515 0.0910996497
vn 0.0113997338 -0.999776781 0.0177994668
vn -0.101398818 -0.994788468 -0.0106999949
vn -0.139305159 -0.987736642 0.0705024973
vn -0.201990664 -0.978754818 -0.0351984911
vn -0.234692663 -0.9720698 -1.15879736e-07
vn -0.267700583 -0.963502347 -1.14858416e-07
vn -0.347079664 -0.936245322 0.0545966998
vn -0.305317402 -0.944454014 -0.121607065
vn -0.402684152 -0.914964139 0.026198864
vn -0.560317934 -0.828226626 0.00920019671
vn -0.576005697 -0.812608182 0.0888007879
vn -0.47000879 -0.880316556 -0.0643013194
vn -0.492310971 -0.870419562 -1.03762083e-07
vn -0.4294056 -0.903111935 -1.07659318e-07
vn -0.932409465 -0.361403704 -4.30826752e-08
vn -0.933999658 -0.35679993 0.018399952
vn -0.890773237 -0.454386413 -0.0074998294
vn -0.893022776 -0.450011522 -5.36455467e-08
vn -0.853844941 -0.520527482 -6.20517042e-08
vn -0.858632803 -0.512019634 0.024200866
vn -0.796105385 -0.604404092 -0.0302002802
vn -0.80231005 -0.596907556 -7.11569186e-08
vn -0.748423636 -0.663221061 -7.90621044e-08
vn -0.757872343 -0.652176261 0.0171992965
vn -0.677486897 -0.732585907 -0.0657988265
vn -0.700880051 -0.707879961 0.0875974298
vn -0.634617984 -0.772822082 -0.00250016339
vn -0.978634596 -0.205607295 -2.4510296e-08
vn -0.985638618 -0.162706405 0.0452017561
vn -0.999190927 -0.0331996977 -0.0226998013
vn -0.987849832 0.139892906 0.0676965863
vn -0.995284557 0.0969985127 1.1563122e-08
vn -0.950928926 0.30940944 3.68844759e-08
vn -0.902631223 0.430414945 5.13094527e-08
vn -0.882865608 0.469081759 -0.0225990657
vn -0.813711822 0.579508483 0.0452007316
vn -0.788603187 0.614902496 7.33020826e-08
vn -0.732194901 0.681095302 8.119288e-08
vn 0.61321342 -0.789917409 -0.00020009857
vn 0.613165021 -0.78995502 -0.000100088473
vn 0.61321342 -0.789917409 9.99080366e-05
vn 0.61321342 -0.789917409 -9.4165479e-08
vn 0.612991333 -0.790089011 -0.00110007881
vn 0.613102555 -0.790003419 -9.41757321e-08
vn 0.613275826 -0.789868951 0.000199897971
vn -0.837498963 -0.510499477 0.194899738
vn -0.230196804 -0.953386962 0.195097208
vn -0.239306733 -0.797022581 0.554515541
vn -0.160100266 -0.533201098 0.830701411
vn -0.0562982894 -0.18739444 0.980670333
vn 0.0308997706 -0.193098709 0.980692863
vn 0.0316997357 -0.19599849 0.980091929
vn 0.0739016384 -0.551012397 0.831218481
vn 0.0683997795 -0.597298265 0.799097478
vn 0.0627999678 -0.452599943 0.889499664
vn 0.115804873 -0.973941147 0.195008114
vn 0.0822021961 -0.995226681 0.0526012927
vn 0.109799966 -0.971299767 0.210999832
vn 0.112198286 -0.824187577 0.5550915
vn 0.0778034702 -0.901740432 0.42521891
vn 0.100201234 -0.786809921 0.609007478
vn -0.0838985443 -0.176697075 0.980683208
vn -0.0838970691 -0.176793963 0.980665863
vn -0.109596655 -0.162095189 0.980670214
vn -0.109598435 -0.16199781 0.980686128
vn -0.132798046 -0.143598035 0.980685771
vn -0.152996853 -0.121897638 0.980680048
vn -0.238706142 -0.502913117 0.830721438
vn -0.311906636 -0.461109996 0.830717742
vn -0.378003359 -0.408703804 0.83070749
vn -0.435309231 -0.347007513 0.830717683
vn -0.435390294 -0.346992403 0.830681503
vn -0.356890917 -0.751780987 0.554485798
vn -0.466290623 -0.689286232 0.554488838
vn -0.564995408 -0.610995173 0.554495513
vn -0.650780261 -0.518684447 0.554483175
vn 0.00219995971 -0.195596546 0.980682135
vn 0.00640029786 -0.556626081 0.830738723
vn 0.00949996896 -0.832197487 0.554398179
vn 0.00950023346 -0.832120597 0.554513514
vn 0.0112002054 -0.980818152 0.194603503
vn 0.0112004234 -0.980837226 0.194507271
vn -0.0272994898 -0.193696514 0.980681777
vn -0.0777030587 -0.551221848 0.830732763
vn -0.116202988 -0.824021339 0.55451417
vn -0.13699843 -0.971289039 0.19449769
vn -0.136995763 -0.971270144 0.194593906
vn -0.284993529 -0.881580234 0.376291424
vn -0.281992465 -0.939475 0.194594711
vn -0.395108819 -0.897720218 0.194904283
vn -0.401588142 -0.845975101 0.350789577
vn -0.461912096 -0.865222752 0.195005015
vn -0.549576461 -0.81246537 0.194591612
vn -0.665962279 -0.720159352 0.194588929
vn -0.665975332 -0.720173419 0.194492728
vn -0.767053366 -0.611362934 0.194588125
vn -0.731385112 -0.555288792 0.395891935
vn -0.7340253 -0.65052247 0.195006654
vn -0.873688996 -0.445694447 0.194997504
vn -0.813866019 -0.4674806 0.345085561
vn -0.721692622 -0.414495856 0.554394364
vn -0.721604705 -0.4145028 0.55450356
vn -0.482710391 -0.27730608 0.830717921
vn -0.169598013 -0.0973989889 0.980688691
vn -0.182396278 -0.0706986859 0.980680168
vn -0.51902467 -0.201209679 0.830739617
vn -0.775993824 -0.300797671 0.554395616
vn -0.775911033 -0.300804347 0.554507852
vn -0.914585054 -0.354494274 0.194596812
vn -0.932790995 0.303497076 0.19439818
vn -0.193996102 -0.0319994763 0.980480373
vn -0.194092348 -0.0319988579 0.980461419
vn -0.551383138 -0.0909973234 0.829274714
vn -0.822506964 -0.135801241 0.552304685
vn -0.967998981 -0.159799859 0.193499804
vn -0.1957919 0.019099094 0.980459571
vn -0.195695758 0.0190994702 0.980478823
vn -0.556190431 0.0541989729 0.8292858
vn -0.829707384 0.0809006616 0.552304983
vn -0.976471901 0.0951972529 0.193494484
vn -0.885302246 0.422201097 0.194900587
vn -0.893213451 0.334105045 0.300904602
vn -0.780797541 0.292099088 0.552298367
vn -0.52339381 0.195797622 0.82929033
vn -0.184194759 0.0688979253 0.980472147
vn -0.160194963 0.114096306 0.980469227
vn -0.455188364 0.32419166 0.829279006
vn -0.679072559 0.48358044 0.552277803
vn -0.799184918 0.569089353 0.193496451
vn -0.718164384 0.667966902 0.195090428
vn -0.701995194 0.663495481 0.258798331
vn -0.612331271 0.562528789 0.555528522
vn -0.580898225 0.540298343 0.608798206
vn -0.40678677 0.37838763 0.831473112
vn -0.450901449 0.408901244 0.793402731
vn -0.135905072 0.140305132 0.980736732
vn -0.189504296 0.176303908 0.965921998
vn -0.491469979 0.85294801 0.175889388
vn -0.489111543 0.850120127 0.195104733
vn -0.42110455 0.729407907 0.539105952
vn -0.415105075 0.720408797 0.555606902
vn -0.269206494 0.46711117 0.842220426
vn -0.278017938 0.48103103 0.8314538
vn -0.0872015506 0.152702615 0.984417558
vn -0.0973992124 0.168998539 0.980792165
vn -0.959964395 -0.201692522 -0.194392845
vn -0.777492583 -0.16339837 -0.607294261
vn -0.878313601 -0.184602827 -0.441006929
vn -0.43419534 -0.0911989287 -0.896190524
vn -0.597206295 -0.125501245 -0.792208493
vn -0.191608533 -0.0403016843 -0.980643809
vn -0.950185299 -0.174297288 -0.258396059
vn -0.965635717 -0.0321011581 -0.257909566
vn -0.956633925 0.13540484 -0.257909149
vn -0.918778419 0.298893034 -0.25789395
vn -0.853224099 0.453312904 -0.257907242
vn -0.761915743 0.594112396 -0.257905275
vn -0.626516342 0.488512874 -0.607315838
vn -0.698477507 -0.111596331 -0.706877291
vn -0.708010674 -0.0235002711 -0.705810726
vn -0.708108842 -0.0236002132 -0.705708802
vn -0.701408386 0.099301286 -0.70580852
vn -0.67367506 0.219191998 -0.70577395
vn -0.625594139 0.332397014 -0.70579344
vn -0.57829082 0.407293648 -0.706888795
vn -0.481183708 0.375187457 -0.792273223
vn -0.257599115 -0.0261997972 -0.965896785
vn -0.2595945 -0.0085997032 -0.965679586
vn -0.257193178 0.0363991521 -0.9656744
vn -0.257099777 0.0364000909 -0.965699255
vn -0.24699387 0.0803981274 -0.965676129
vn -0.246995866 0.0802987888 -0.965683997
vn -0.22939308 0.121896453 -0.965670943
vn -0.204797581 0.159698263 -0.965688705
vn -0.448693871 0.416894436 -0.790489197
vn -0.326908141 0.304307729 -0.894722342
vn -0.194798633 0.170598924 -0.965893328
vn -0.146593913 0.135594517 -0.979859471
vn -0.0039999499 0.00300008222 -0.999987602
vn -0.445694417 0.414594978 -0.793390095
vn -0.580933511 0.540331304 -0.608735085
vn -0.582807422 0.542607009 -0.604907691
vn -0.707799494 0.657299638 -0.258799762
vn -0.708182096 0.658683479 -0.254193515
vn 0.672394037 0.740193486 8.82379325e-08
vn 0.672080278 0.740478337 8.82718894e-08
vn -0.926749647 0.375679642 0.00010003936
vn -0.925887048 0.377794772 0.00210001576
vn -0.926127255 0.377211154 0.000300053827
vn -0.926463246 0.376385123 -0.000399939279
vn -0.882189572 0.470894516 0.000100054967
vn -0.873183131 0.487390637 0.00130003307
vn -0.843193591 0.537595928 -0.00389990653
vn -0.814426184 0.580218732 0.00750031089
vn -0.799697638 0.600398242 0.00240006461
vn -0.683009148 0.730409861 8.70716335e-08
vn -0.684403241 0.729103506 -0.000699916447
vn -0.736709297 0.676208556 0.00120009587
vn -0.728700638 0.684800684 0.00660008844
vn -0.770151377 0.637859762 -0.00139983557
vn -0.642708778 0.766110539 -0.000499915564
vn -0.652814984 0.757517517 9.03031108e-08
vn -0.642761886 0.766054749 -0.00419966038
vn -0.654075742 0.756372035 0.00929974671
vn -0.640862107 0.767654717 -0.00149982003
vn -0.70016396 0.71396327 -0.00519964751
vn -0.683991075 0.729490519 8.69620393e-08
vn -0.66338259 0.748280466 8.92019756e-08
vn -0.650016844 0.759919822 0.000400101038
vn -0.637520373 0.770424783 -0.00370002724
vn -0.980019033 0.198903888 -9.99782351e-05
vn -0.979088902 0.203397721 0.00379998167
vn -0.962741196 0.267811507 0.0375016443
vn -0.969376326 0.245494023 -0.00649981294
vn -0.971240997 0.237710059 -0.0136005478
vn -0.938423216 0.345408589 0.00740022538
vn -0.945712566 0.325004339 3.87435328e-08
vn -0.913295388 0.407298028 4.85537015e-08
vn -0.920500934 0.390700459 -0.00559995929
vn -0.868400633 0.495800436 0.00790006574
vn -0.872386873 0.488792717 0.00479998672
vn -0.825093389 0.564995527 -0.000999924727
vn -0.817305863 0.576204181 6.86888839e-08
vn -0.775563121 0.631269991 7.52532401e-08
vn -0.767199278 0.641399443 0.00350007368
vn -0.715406418 0.698706388 -0.00179993315
vn -0.000399996934 -0.00390008977 0.99999249
vn 0.998264074 0.0588978864 7.02117431e-09
vn 0.998264074 0.0588978864 0.000199999835
vn 0.998258114 0.0589975305 7.03305281e-09
vn -0.639879525 0.768475473 -9.99051917e-05
vn -0.639279127 0.768975019 9.16689515e-08
vn -0.640420437 0.768024683 9.15556626e-08
vn -0.635935068 0.771742702 9.1998885e-08
vn -0.656995356 0.753894806 8.987125e-08
vn -0.414194733 0.910188496 1.0850291e-07
vn 0.975569069 -0.21969305 -2.61894488e-08
vn -0.629524529 0.75682956 0.175806955
vn -0.6215958 0.747195065 0.235198557
vn -0.6198982 0.748697937 0.234899446
vn -0.540024042 0.646228731 0.539224088
vn -0.516519785 0.621023774 0.58952266
vn -0.414688379 0.498485982 0.761278868
vn -0.356682301 0.425778836 0.831558943
vn -0.300184071 0.361680746 0.882653356
vn -0.166504517 0.199605316 0.965626299
vn -0.126104921 0.148505673 0.980838299
vn -0.0557991453 0.0670988709 0.996184945
vn -0.154798359 0.118698634 0.980789661
vn -0.369779021 -0.0224988386 0.928847432
vn -0.319392353 0.461088926 0.827880323
vn -0.482496291 0.370897114 0.793494105
vn -0.629498899 0.482799172 0.6087991
vn -0.500075817 0.680267096 0.535874188
vn -0.688365757 0.573771477 0.443778068
vn -0.828229785 0.532819271 0.173606321
vn -0.778087556 0.597090542 0.195096985
vn -0.604520679 0.772326469 0.195106789
vn -0.614821613 0.74502629 0.258709222
vn -0.55277878 0.70627296 0.442283154
vn -0.488921821 0.624727905 0.608827293
vn -0.461208642 0.536509991 0.706713378
vn -0.375116497 0.479321033 0.793435097
vn -0.15950498 0.203806266 0.965930283
vn -0.159602448 0.203803033 0.965914905
vn -0.132798061 0.819288135 0.557792068
vn -0.375184447 0.479380101 0.793367267
vn -0.435894489 0.556792974 0.707091153
vn -0.595402718 0.760603547 0.258801311
vn -0.595212936 0.760716558 0.258905709
vn -0.140003905 0.208605722 0.967927039
vn -0.383700818 0.472700953 0.793301821
vn -0.365182132 0.467977047 0.804760695
vn -0.476918936 0.608424127 0.634325266
vn -0.481710911 0.630414307 0.608713865
vn -0.54793942 0.690749705 0.471834093
vn -0.567393959 0.789291739 0.234697625
vn -0.575019062 0.776125789 0.258808702
vn -0.615711212 0.786714375 0.044500906
vn 0.532773554 0.846258044 1.00881806e-07
vn 0.502305329 0.864509284 0.0177002922
vn 0.322489828 0.946570337 -0.00229981495
vn 0.104703017 0.994428813 0.0122004719
vn 0.152496457 0.9875772 0.0378992446
vn -0.150894776 0.988265872 -0.0236990657
vn -0.0801983103 0.996779084 1.18825312e-07
vn -0.252686471 0.967548311 1.15340733e-07
vn -0.354200721 0.935002029 0.0177001487
vn -0.469614208 0.882626832 -0.0208005272
vn -0.561007321 0.827810943 9.86827402e-08
vn -0.121504791 0.302611858 0.945337474
vn 0.00850002375 0.483501256 0.875302553
vn 0.0311011542 0.519619226 0.853831887
vn -0.219405159 0.399209321 0.890221119
vn -0.303505391 0.554709911 0.774713993
vn -0.275497198 0.551894426 0.787092209
vn -0.131106004 0.981145084 0.142006636
vn -0.0489986837 0.962174237 0.267992973
vn -0.177509129 0.947848797 0.264713764
vn -0.195697233 0.831388235 0.520092785
vn -0.19470042 0.829101861 0.524101317
vn 0.554317355 0.823225796 0.122603945
vn 0.415582418 0.90846169 0.0445982218
vn 0.212592036 0.974963665 0.0651976839
vn 0.248994529 0.955679119 0.157096699
vn 0.105798781 0.98678875 0.122698717
vn 0.533487797 0.845580757 0.0195996538
vn 0.532614827 0.846323729 0.00760031398
vn 0.532801986 0.846203208 0.00790013
vn -0.469195902 0.881992459 0.0440997258
vn -0.252494574 0.966879368 0.0372993201
vn -0.14870216 0.971914172 -0.182402536
vn -0.0802015215 0.996219039 0.0334007554
vn 0.209609061 0.9775424 0.0218010619
vn 0.150396615 0.973778188 -0.17069605
vn 0.322409332 0.946427464 0.0181006398
vn -0.34750542 0.739511549 0.576509118
vn -0.417796671 0.801093698 0.428596735
vn -0.479796559 0.810494304 0.335997701
vn -0.454583317 0.864368379 0.21499224
vn -0.469907224 0.881813705 0.0399007238
vn -0.756921232 0.448812574 0.475013435
vn -0.290202379 0.348102808 0.89140749
vn -0.63598913 0.758087099 0.144297644
vn -0.926751733 0.37558046 0.00839960761
vn -0.926567197 0.375586748 0.0201993305
vn -0.92577529 0.37579 0.0414989404
vn -0.922756135 0.376582116 0.0818961561
vn -0.905059159 0.37972486 0.191512585
vn -0.926668823 0.375687391 0.0119996434
vn -0.923173845 0.384189129 0.0121997008
vn -0.492712736 0.585215092 0.644016743
vn -0.548207879 0.654709339 0.520407557
vn -0.588594198 0.702993214 0.399196237
vn -0.509779394 0.213991284 0.833266437
vn -0.241498858 0.168299109 0.95569557
vn -0.226494491 0.12639682 0.965776622
vn -0.818267643 0.344486386 0.460181892
vn -0.631398618 0.730998516 0.258799553
vn -0.630594134 0.731693268 0.258797705
vn -0.636210263 0.707411528 0.307905108
vn -0.221691594 0.133294851 0.965963542
vn -0.211310104 0.150607094 0.965746284
vn -0.211197332 0.150497988 0.965787888
vn -0.190905496 0.175304964 0.965827882
vn -0.190908834 0.175208032 0.96584481
vn -0.173191816 0.19269082 0.965854526
vn -0.173098162 0.192597866 0.965889871
vn -0.165305972 0.199107111 0.965934992
vn -0.149592623 0.160391986 0.975651979
vn -0.659802675 0.705502927 0.258701175
vn -0.711696684 0.65319699 0.258498937
vn -0.711668611 0.653271258 0.258388728
vn -0.786826253 0.560518742 0.258308709
vn -0.786822796 0.560616255 0.258107543
vn -0.84340167 0.470900953 0.258700609
vn -0.884480953 0.38849166 0.25839451
vn -0.858982027 0.361592412 0.362492472
vn -0.649834991 0.280715078 0.706338227
vn -0.617592514 0.344795763 0.706891537
vn -0.576676607 0.410983324 0.706071496
vn -0.576532722 0.410723269 0.706340194
vn -0.521312058 0.478610992 0.706516385
vn -0.521190405 0.478491187 0.706687152
vn -0.473015338 0.526117027 0.706723034
vn -0.472998232 0.525898039 0.706897497
vn -0.45259729 0.543296754 0.707095861
vn -0.41200912 0.439609677 0.798117816
vn -0.347590387 0.91767472 -0.192494601
vn -0.66943872 0.419424415 -0.613135457
vn -0.181898519 0.0807994679 -0.979992211
vn -0.253104091 0.13470231 -0.958015621
vn -0.463203281 0.307202339 -0.831305981
vn -0.564181328 0.273391098 -0.779074311
vn -0.481012702 0.250306726 -0.840222239
vn -0.688323855 0.391913682 -0.610421181
vn -0.581708431 0.696510196 -0.420106024
vn -0.643774688 0.761970162 -0.070397146
vn -0.550288141 0.811982572 -0.194595739
vn -0.643689692 0.762087941 -0.0698987991
vn -0.644165337 0.761759043 -0.0690961927
vn -0.134005621 0.147506312 -0.979941189
vn -0.13410382 0.14750433 -0.979928017
vn -0.379495561 0.417395264 -0.825690389
vn -0.379409969 0.417411089 -0.825721681
vn -0.563114941 0.619416595 -0.547014475
vn -0.148001835 0.969612181 -0.194802329
vn -0.310508817 0.948427022 -0.0638017058
vn -0.260493666 0.795580804 -0.546986639
vn -0.175501421 0.536104441 -0.825706661
vn -0.0620024689 0.189407676 -0.979939163
vn -0.0620012917 0.189504087 -0.979920566
vn 0.0209007934 0.198207662 -0.979937315
vn 0.0209003799 0.198303744 -0.979917943
vn 0.059100166 0.561001778 -0.825702429
vn 0.0877019092 0.83251828 -0.547011852
vn 0.102801181 0.976211309 -0.190902099
vn 0.102803141 0.976229966 -0.190805748
vn 0.100102715 0.172404811 -0.979926705
vn 0.100104444 0.172307774 -0.979943573
vn 0.283393651 0.487789214 -0.825681567
vn 0.420517743 0.7238307 -0.547023058
vn 0.493087232 0.848778188 -0.190894991
vn 0.493129045 0.848750114 -0.190911174
vn 0.696870625 0.678571522 -0.232190147
vn 0.782185435 0.587089241 -0.208596081
vn 0.962304413 0.219201058 -0.161000729
vn 0.0727965236 0.0507976934 -0.996052504
vn 0.64429754 0.708597422 -0.287698835
vn 0.557413459 0.616915047 -0.555613399
vn 0.560494125 0.617193639 -0.552194238
vn 0.373098046 0.411597997 -0.831495702
vn 0.375013649 0.41321516 -0.829830229
vn 0.131097645 0.144497529 -0.980782449
vn 0.13189432 0.145293877 -0.980557919
vn -0.802272916 0.212692901 -0.557781219
vn -0.208301842 0.765006959 -0.609405339
vn -0.543426752 0.30461511 -0.782238543
vn -0.374110907 0.405311942 -0.834124386
vn -0.297407061 0.335608095 -0.893821299
vn -0.197989702 0.385880083 -0.90105319
vn -0.222903639 0.0508009531 -0.973516047
vn -0.0425020754 0.171608508 -0.984248161
vn 0.0557013229 0.0666017085 -0.996223748
vn -0.752541602 -0.657936394 -0.0283016469
vn -0.670566499 0.636668265 -0.380780965
vn -0.614286602 0.584787369 -0.529788435
vn -0.749699056 -0.661199152 0.0276998878
vn -0.37068972 0.403188735 0.836676955
vn -0.55028826 0.289493769 0.783183515
vn -0.208202928 0.765110791 0.609308779
vn -0.782827914 0.247908786 0.570720375
vn -0.610295177 0.585595429 0.533495963
vn -0.667079091 0.637680113 0.385188073
vn -0.261401683 0.303401887 0.916306019
vn -0.425377369 -0.106294461 0.898752332
vn -0.050199762 0.161499128 0.985595405
vn 0.0778985173 0.046399001 0.995881081
vn 0.174001068 0.191701084 0.965906024
vn 0.672142446 0.740246832 0.016101107
vn 0.739712656 0.644411027 0.193803415
vn 0.821619809 0.543813169 0.170904189
vn 0.7324332 0.6494295 0.204409361
vn 0.300496608 0.859490335 0.413495481
vn 0.126296103 0.148795307 0.980769813
vn 0.297306061 0.327606618 0.896818459
vn 0.409104764 0.45070523 0.793409407
vn 0.533174455 0.587471843 0.608770967
vn 0.53320694 0.587507546 0.608707964
vn 0.620909691 0.684110701 0.382706136
vn 0.680187345 0.667487681 0.30299449
vn 0.251586199 0.367979765 0.895151079
vn -0.208801061 0.486602455 0.848304451
vn -0.269589841 0.460982561 0.845468342
vn -0.159600854 0.794804215 0.58550328
vn -0.210099638 0.783198714 0.585199237
vn -0.132002622 0.829416573 0.542810977
vn -0.105503067 0.833524346 0.54231596
vn -0.0160991661 0.933551669 0.358081579
vn 0.0653021112 0.930930138 0.35931173
vn 0.111798957 0.935491383 0.335197031
vn 0.219603449 0.916814446 0.333505362
vn 0.264204353 0.931715369 0.249204233
vn 0.389293581 0.886285484 0.250896037
vn 0.412400007 0.879500031 0.237500131
vn 0.5378111 0.809416711 0.23580496
vn 0.55887419 0.806362867 0.193491191
vn 0.504311681 0.743717313 0.438810319
vn -0.0185008887 0.0562025905 0.9982481
vn -0.0973044559 0.0204008184 0.995045662
vn -0.102898903 0.375995934 0.920890391
vn -0.183592856 0.344486564 0.92066443
vn -0.142401874 0.608708024 0.780510426
vn -0.158388928 0.604957759 0.780345619
vn -0.108594872 0.644369602 0.756964445
vn -0.0748962685 0.649967611 0.756262481
vn -0.0227004141 0.758813858 0.650912046
vn 0.0555994548 0.755492628 0.652793825
vn 0.0875979662 0.764382243 0.638785362
vn 0.182494417 0.749477029 0.636380613
vn 0.217292517 0.78057313 0.586079955
vn 0.326306969 0.739315808 0.589012682
vn 0.343605042 0.73781085 0.581008613
vn 0.470886856 0.667781353 0.576484025
vn 0.450889826 0.656085193 0.605186462
vn -0.002399944 0.00639973208 0.999976754
vn -0.00769970985 0.00399973057 0.999962449
vn -0.0121005876 0.0340015367 0.99934864
vn -0.047999464 0.0177996829 0.998688936
vn -0.0761015713 0.224404544 0.971520126
vn -0.104997128 0.2130941 0.971373618
vn -0.100897208 0.381189376 0.918974817
vn -0.0992980078 0.381592304 0.918981791
vn -0.0726988688 0.407993555 0.910085976
vn -0.0445993394 0.412893832 0.909686685
vn -0.0200001001 0.495102435 0.868604541
vn 0.036897622 0.491768301 0.869944155
vn 0.0549976528 0.499678642 0.86446327
vn 0.120501347 0.490605444 0.86300981
vn 0.142293543 0.51897645 0.84286195
vn 0.216502845 0.48930639 0.844811261
vn 0.226808295 0.490117908 0.841630995
vn 0.30171603 0.451623946 0.839644849
vn 0.364408135 0.489810884 0.792017817
vn -0.00510017341 0.0103002321 0.999934077
vn -0.0135998251 0.00639979914 0.999887228
vn -0.031300813 0.0732017905 0.996825993
vn -0.0355999283 0.0715997443 0.996798098
vn -0.0403010137 0.129003137 0.990825057
vn -0.0362986512 0.129895061 0.990863264
vn -0.0282992721 0.13909632 0.989874601
vn -0.016400503 0.141304225 0.989830494
vn -0.0102000926 0.172201455 0.985009074
vn 0.0114995008 0.170692489 0.985257387
vn 0.0172002222 0.173902139 0.984612823
vn 0.0411012471 0.170905083 0.984429955
vn 0.0485004261 0.18250151 0.982008696
vn 0.0751025826 0.171405807 0.982333899
vn 0.0784972534 0.171993881 0.981965721
vn 0.105400108 0.158600062 0.981701136
vn 0.11090254 0.162703618 0.980422556
vn -0.115799308 0.364197761 0.924094677
vn -0.0986007005 0.0472002253 0.99400717
vn -0.0200991016 0.0828961879 0.996355593
vn -0.793400347 0.608700275 7.25627203e-08
vn -0.794749439 0.606937766 -9.99338736e-05
vn -0.56913203 0.822246313 9.80193846e-08
vn -0.639436543 0.768844068 9.16533409e-08
vn -0.560322046 0.809531987 -0.175206825
vn -0.571200669 0.786001086 -0.236500219
vn -0.465183049 0.702674508 -0.538380384
vn -0.457214475 0.629020154 -0.628719926
vn -0.296495467 0.451093256 -0.841787219
vn -0.274300307 0.355800569 -0.893401086
vn -0.0904019848 0.150803447 -0.98442167
vn -0.0699026659 0.09790387 -0.992738008
vn -0.617313385 0.786717176 -0.000699921453
vn -0.00039999999 1.1920929e-07 -1.00000012
vn -9.99999975e-05 0.000200119233 -1.00000012
vn -0.343001544 0.628603041 -0.698003173
vn -0.413293898 0.760588884 -0.500692546
vn -0.396614492 0.782728791 -0.479617506
vn -0.306904823 0.608009756 -0.73221153
vn -0.370975852 0.593961477 -0.713853538
vn -0.322601408 0.582202733 -0.746303201
vn -0.295082092 0.558766246 -0.775053024
vn -0.335191786 0.634584606 -0.69638288
vn -0.345719993 0.646337628 -0.680239379
vn -0.381311685 0.69592154 -0.60851866
vn -0.34448874 0.683377862 -0.643678963
vn -0.370111316 0.701421678 -0.60911864
vn -0.462593555 0.836088419 -0.294895828
vn -0.44149065 0.813482821 -0.378591925
vn -0.441324413 0.800844431 -0.40482235
vn -0.414796919 0.765494525 -0.491896331
vn -0.412520498 0.753837645 -0.511425376
vn -0.386889637 0.717780948 -0.578884482
vn -0.478196621 0.859294116 -0.181498632
vn -0.467278272 0.851560533 -0.237688869
vn -0.462014467 0.838426352 -0.289108992
vn -0.470695049 0.860591114 -0.194497883
vn -0.481217533 0.87013185 -0.106303781
vn -0.479284167 0.871771336 -0.101496555
vn -0.483090103 0.874982178 -0.0320992395
vn -0.482519954 0.875336289 -0.0310011804
vn -0.115697972 -0.993282735 0.00189984858
vn -0.158891529 -0.987247467 0.00979936123
vn -0.147805586 -0.988937557 -0.0125005934
vn -0.150706664 -0.988543808 -0.00830048602
vn -0.118604727 -0.992939651 -0.00200019823
vn -0.118603535 -0.992929697 -0.00490026502
vn -0.123502932 -0.992323697 0.00640003476
vn -0.127697557 -0.991781116 -0.00799996592
vn -0.126903147 -0.991824746 0.0134002157
vn -0.140695378 -0.989967704 -0.0129996939
vn -0.140696645 -0.989976525 -0.0122998264
vn -0.229092523 -0.97326833 0.0162993539
vn -0.220810205 -0.975145221 -0.0183009636
vn -0.268097311 -0.963090479 0.0240996461
vn -0.165306985 -0.986241758 -0.00100016
vn -0.18379344 -0.982965052 9.98792675e-05
vn -0.19600074 -0.980603874 9.98834948e-05
vn -0.212300241 -0.977201223 0.00259988685
vn -0.422222346 -0.90544802 0.0435021967
vn -0.439498633 -0.898197293 -0.00910008047
vn -0.499891311 -0.866085052 0.00239985553
vn -0.49192217 -0.870639324 9.99007243e-05
vn -0.409824163 -0.911053896 -0.0450027697
vn -0.459790975 -0.88758266 0.028099345
vn -0.389607817 -0.91891855 -0.0616013482
vn -0.420698762 -0.906997442 0.019199837
vn -0.473313481 -0.865624726 0.163304552
vn -0.259291023 -0.965566754 -0.0211993847
vn -0.292305112 -0.956316888 0.00399995688
vn -0.326409608 -0.945227981 -0.00100014231
vn -0.330800265 -0.94370091 -0.000100112593
vn -0.349303603 -0.937009752 -0.000100112746
vn -0.364791691 -0.931078911 0.0043997895
vn -0.485319704 -0.874335587 -0.00150016532
vn -0.49690336 -0.867806017 -0.000100104138
vn -0.539416373 -0.842025697 0.00480004586
vn -0.64117974 -0.767375886 -0.00479994016
vn -0.577705145 -0.815907359 0.0235001128
vn -0.53741312 -0.843120694 -0.0183005501
vn -0.603175402 -0.797567546 0.00809957553
vn -0.898475468 -0.43898809 -0.00559989968
vn -0.7058056 -0.708405674 -8.44485299e-08
vn -0.743392885 -0.668593705 -0.018699903
vn -0.77286458 -0.634571016 0.000399906101
vn -0.839677334 -0.543085456 -0.000500051363
vn -0.841136038 -0.540823221 0.000699965516
vn -0.881809711 -0.471605241 -0.00030005959
vn -0.907669485 -0.41968596 -5.0030458e-08
vn -0.924938798 -0.380116016 -4.53133531e-08
vn -0.942996562 -0.332798809 -0.00160003395
vn -0.948315084 -0.317305058 0.00400002673
vn -0.97313571 -0.230208471 -0.00330014899
vn -0.975702286 -0.219100535 -2.61188156e-08
vn -0.991382778 -0.130997732 -1.56161448e-08
vn -0.962747574 0.270385295 -0.00299980491
vn -0.982361376 0.18699266 0.000200014445
vn -0.967494905 0.148499265 -0.204698935
vn -0.980601549 0.196000338 0.00210002693
vn -0.987983465 -0.154297441 -0.00899986923
vn -0.997674525 -0.0677982792 0.00699981488
vn -0.999197721 -0.0399999134 -0.00200000056
vn -0.999986529 -0.00519993063 -6.19879981e-10
vn -0.999013841 0.0444006175 5.29296562e-09
vn -0.999035835 0.0439015813 -0.000200001959
vn -0.993048489 0.11770577 0.000200023831
vn -0.99309653 0.117299609 1.39832013e-08
vn -0.982379735 0.18689616 2.22797567e-08
vn -0.982379735 0.18689616 0.000100020232
vn -0.916279435 -0.350092232 0.19459562
vn -0.0452996753 -0.219798565 0.974493146
vn -0.190397844 -0.814390957 0.548193753
vn -0.144500732 -0.603703201 0.784004033
vn -0.216006652 -0.955729485 0.199806049
vn -0.204197004 -0.914186776 0.350094795
vn -0.875873864 -0.441386938 0.194994152
vn -0.822675288 -0.456686378 0.338589817
vn -0.842387557 -0.50239259 0.1948971
vn -0.781707764 -0.592505932 0.194601879
vn -0.690128922 -0.697029352 0.194608092
vn -0.622409046 -0.758011222 0.195002779
vn -0.564525604 -0.760434628 0.321014524
vn -0.567193866 -0.800191402 0.19489783
vn -0.46750313 -0.86230588 0.194601223
vn -0.46260196 -0.817903578 0.342101395
vn -0.201692253 -0.977362633 0.0638974383
vn -0.205792636 -0.937566578 0.280389905
vn -0.262593746 -0.944977582 0.195095256
vn -0.340911925 -0.919732332 0.194606736
vn -0.421093524 -0.885786474 0.195096925
vn -0.188705131 -0.810222149 0.554915011
vn -0.28918761 -0.780266702 0.554576159
vn -0.289210171 -0.780227602 0.554619431
vn -0.396606922 -0.731512964 0.554609716
vn -0.496011198 -0.668115199 0.554612517
vn -0.585492134 -0.591292143 0.55459255
vn -0.663192689 -0.50259459 0.554593861
vn -0.663136601 -0.50262785 0.554630637
vn -0.727509975 -0.40390563 0.55460757
vn -0.777305663 -0.297002226 0.554604053
vn -0.140999079 -0.537496686 0.831394613
vn -0.193408951 -0.5218243 0.830838561
vn -0.26521641 -0.489230424 0.830851436
vn -0.331704438 -0.446906149 0.830811203
vn -0.391600132 -0.395500273 0.830800295
vn -0.443510801 -0.336208314 0.830820262
vn -0.486609221 -0.270105213 0.830815732
vn -0.519908726 -0.198603421 0.830814004
vn -0.0515987054 -0.188195392 0.980775416
vn -0.0679989159 -0.183397204 0.980684459
vn -0.0931996107 -0.171899423 0.980696023
vn -0.116599016 -0.156998813 0.98069185
vn -0.137598142 -0.13899824 0.980686784
vn -0.155898064 -0.118098669 0.980687976
vn -0.155800492 -0.118100509 0.980703235
vn -0.170998335 -0.0948991925 0.980690539
vn -0.182697818 -0.0697992891 0.980688453
vn 0.314308226 -0.918324053 -0.240606442
vn 0.320805132 -0.896214366 -0.306405038
vn 0.274607569 -0.766621113 -0.580416143
vn 0.242096364 -0.679389834 -0.692689717
vn 0.285600781 -0.949802697 -0.127700478
vn 0.328206658 -0.938319087 -0.108802326
vn 0.287302911 -0.954509854 -0.0798009336
vn 0.33618322 -0.940653145 -0.0463977978
vn 0.301084727 -0.951951921 -0.0559972823
vn 0.305905491 -0.951617122 -0.0291006379
vn 0.327993363 -0.944481015 -0.0193997212
vn 0.301899999 -0.953300118 -0.00870011467
vn 0.261007249 -0.965326965 -0.00440023746
vn 0.257908314 -0.96613127 -0.00860039424
vn 0.254701108 -0.967004359 -0.00550013967
vn 0.254912764 -0.966948509 -0.00550039113
vn 0.255406827 -0.966825902 -0.00390021969
vn 0.255595058 -0.96638149 -0.0278995801
vn 0.25358656 -0.967048824 -0.0225989185
vn 0.253510296 -0.96573925 -0.0555023737
vn 0.24989666 -0.964887261 -0.0808990374
vn 0.250890315 -0.963662922 -0.0916965827
vn 0.247694224 -0.952477872 -0.177295998
vn 0.247104824 -0.953618765 -0.171903506
vn 0.212899163 -0.843696713 -0.492798209
vn 0.15249975 -0.644898951 -0.748898864
vn 0.105497219 -0.450588077 -0.886476815
vn 0.105901271 -0.467905581 -0.87741071
vn 0.0991953537 -0.464578182 -0.879958928
vn 0.0957984999 -0.448792934 -0.888486266
vn 0.0923989639 -0.449694902 -0.888390243
vn 0.164803758 -0.577313185 -0.79971838
vn 0.156506881 -0.565824926 -0.809535742
vn 0.143800959 -0.544403553 -0.826405704
vn 0.140704721 -0.52621758 -0.838628292
vn 0.127603799 -0.519115388 -0.845125318
vn 0.262302905 -0.964610696 -0.0269004144
vn 0.294312 -0.955639124 -0.0116005875
vn 0.285499662 -0.955998957 -0.0675000399
vn 0.292111456 -0.954737484 -0.0561023206
vn 0.278499156 -0.951197267 -0.132899731
vn 0.28981024 -0.950833738 -0.109203987
vn 0.274106652 -0.94052285 -0.200705007
vn 0.308813184 -0.929639757 -0.201008722
vn 0.258189619 -0.966061294 -0.00799979549
vn 0.25720194 -0.965907454 -0.0295003429
vn 0.257411271 -0.965842426 -0.0298014246
vn 0.253804624 -0.964217663 -0.0766015127
vn 0.255191207 -0.963466942 -0.0812973157
vn 0.248308152 -0.956231534 -0.154805213
vn 0.250596821 -0.952887952 -0.170897961
vn 0.253595322 -0.967282236 -0.00739997951
vn 0.253211945 -0.966945708 -0.0300015323
vn 0.252003968 -0.967315316 -0.028200563
vn 0.249908596 -0.964833319 -0.0815029219
vn 0.249709114 -0.964935422 -0.0809030756
vn 0.244100168 -0.954500735 -0.171300247
vn 0.245206758 -0.953026414 -0.177805036
vn 0.146108925 -0.620037913 -0.770847261
vn 0.148192465 -0.620768428 -0.769861042
vn 0.16990447 -0.68781811 -0.705718696
vn 0.16529873 -0.666994929 -0.726494551
vn 0.174506456 -0.658324361 -0.732227266
vn 0.296108335 -0.933026373 -0.204405904
vn 0.30740729 -0.933122158 -0.186504543
vn 0.286208034 -0.90962559 -0.301108599
vn 0.297808945 -0.905727267 -0.301609218
vn 0.338505954 -0.912016094 -0.231604204
vn 0.236501381 -0.655503809 -0.717204273
vn 0.203097597 -0.636692464 -0.743891358
vn 0.239800438 -0.749701321 -0.616801262
vn 0.214797392 -0.76489073 -0.607292771
vn 0.253104001 -0.873713851 -0.415406674
vn 0.233604997 -0.8815189 -0.410308927
vn 0.252890706 -0.925366104 -0.28238979
vn 0.242104009 -0.928515434 -0.28150484
vn 0.234212622 -0.920449674 -0.312917024
vn 0.234801233 -0.920304894 -0.312901795
vn 0.231194586 -0.91537869 -0.329592466
vn 0.233503059 -0.915111959 -0.328704447
vn 0.239707395 -0.929528713 -0.280208796
vn 0.209198222 -0.665594339 -0.716394067
vn 0.163900316 -0.569901049 -0.805201709
vn 0.202803075 -0.704210699 -0.680410445
vn 0.186995864 -0.717784107 -0.670685291
vn 0.228311047 -0.855841398 -0.464122593
vn 0.219395995 -0.860284388 -0.460191756
vn 0.212807626 -0.8428303 -0.494317889
vn 0.211604893 -0.843019545 -0.494511604
vn 0.206495732 -0.828082979 -0.521189451
vn 0.208994329 -0.829277515 -0.518286109
vn 0.231109917 -0.901738763 -0.365315825
vn 0.279603779 -0.960113108 -0.00220014458
vn 0.269492567 -0.962773621 -0.0209995396
vn 0.2688106 -0.962738156 -0.029601289
vn 0.270696849 -0.962288857 -0.0268998053
vn 0.2646918 -0.961270332 -0.0767977461
vn 0.269790083 -0.960564733 -0.0672976375
vn 0.257698864 -0.953695893 -0.155099452
vn 0.266889423 -0.954562187 -0.132594869
vn 0.251903802 -0.937314332 -0.240803793
vn 0.276003927 -0.930113375 -0.24230361
vn 0.256707579 -0.898926497 -0.355010599
vn 0.285903662 -0.888911426 -0.357904732
vn 0.248199403 -0.801198125 -0.544498861
vn 0.257703722 -0.796611547 -0.546808124
vn 0.316307634 -0.84722048 -0.426810473
vn 0.996730149 0.0808024481 -9.99934055e-05
vn 0.996713996 0.0810011476 -0.00019999317
vn 0.996689796 0.0812991709 0.000100008678
vn 0.996689796 0.0812991709 -0.000199988281
vn 0.996657193 0.0816964954 0.000100005462
vn 0.996648371 0.0818039775 -0.000300004875
vn 0.996591091 0.0824992731 0.000400006305
vn 0.987756908 0.152093381 -0.0346984714
vn 0.993445635 0.114305265 -0.000300000218
vn 0.994691849 0.102899164 0.000100011457
vn 0.994712234 0.102701277 0.000300015992
vn 0.99530375 0.0968003795 0.000300012704
vn 0.995581806 0.0938983038 0.000100009376
vn 0.995581806 0.0938982964 0.000200007562
vn 0.995768547 0.0918971002 -9.99858967e-05
vn 0.995805025 0.0915004611 0.000200011942
vn 0.995869458 0.0907972306 1.08238725e-08
vn 0.996004462 0.089300409 0.000800014299
vn 0.996085048 0.0883986801 0.000500003109
vn 0.996164501 0.0874968842 0.000799981994
vn 0.996277988 0.0861981064 0.00030000371
vn 0.996346414 0.0854039863 -9.99944968e-05
vn 0.9963727 0.085097678 -9.99871263e-05
vn 0.996337891 0.0855032578 0.000100014011
vn 0.99648267 0.0837985501 9.98956473e-09
vn 0.996474385 0.083897844 0.000100007441
vn 0.99655813 0.0828965306 -9.9985933e-05
vn 0.996582866 0.0825985894 -0.000399983343
vn 0.991235256 0.126404509 0.0384013876
vn 0.985113978 0.171902463 2.04923687e-08
vn 0.980622947 0.195904613 2.33536461e-08
vn 0.976014137 0.217703193 -0.00129999302
vn 0.969081521 0.246195331 0.0163997188
vn 0.965044081 0.262012005 0.00630032038
vn 0.94407934 0.329592794 -0.00909976289
vn 0.95474416 0.29701376 0.0157007631
vn 0.94840169 0.317000598 0.00670005055
vn 0.941471815 0.337089956 0.00110000733
vn 0.935541928 0.353215843 0.000100046593
vn 0.933379173 0.358892053 4.27832632e-08
vn 0.919759393 0.392482758 0.00020003799
vn 0.926365435 0.37658599 0.00549983978
vn 0.875073195 0.483385235 -0.0241992045
vn 0.920566499 0.39058584 0.000300035696
vn 0.607895076 0.406796664 0.6818946
vn 0.885703683 0.463901997 0.0180001315
vn 0.888593078 0.458696514 5.46808785e-08
vn 0.0360991992 -0.11949724 -0.992178142
vn 0.0087002404 -0.146803945 -0.989127457
vn 0.0389999226 -0.148799598 -0.988098085
vn 0.0401010066 -0.14220345 -0.989024937
vn 0.0576993674 -0.125698507 -0.990389287
vn 0.0467017889 -0.117804408 -0.991938174
vn 0.0516007096 -0.122601576 -0.991113722
vn 0.0468995571 -0.127798691 -0.990690768
vn 0.0472998694 -0.127599552 -0.990697384
vn 0.0540024601 -0.121305414 -0.991145253
vn 0.0521984957 -0.116896518 -0.991771519
vn 0.0483985357 -0.107096657 -0.993070066
vn 0.0482010692 -0.106702268 -0.993122101
vn 0.0486997589 -0.099999398 -0.993795156
vn 0.0454987772 -0.0966973007 -0.994273484
vn 0.0530993789 -0.108398631 -0.992688477
vn 0.0456006713 -0.103201419 -0.993614733
vn 0.0475975201 -0.105794385 -0.993248403
vn 0.035399165 -0.0705982223 -0.996876597
vn 0.0351010524 -0.0714020282 -0.996829927
vn 0.0383018255 -0.07500346 -0.996447563
vn 0.0416989177 -0.0805977955 -0.995874226
vn 0.0410981663 -0.0798963234 -0.995955706
vn 0.0427014269 -0.0842026994 -0.995533347
vn 0.0438988097 -0.0888974816 -0.99507308
vn 0.0422002263 -0.0871003568 -0.995305479
vn 0.0448992774 -0.09049844 -0.994884074
vn 0.0362017639 -0.0677031875 -0.997048676
vn 0.0296005439 -0.0623010322 -0.997618437
vn 0.0274995826 -0.0621989444 -0.997685015
vn 0.0293013249 -0.0636027679 -0.997545183
vn 0.0327014253 -0.0666027963 -0.997243643
vn 0.0380987749 -0.258091599 -0.965369105
vn -0.371290177 -0.203794509 -0.90587616
vn 0.0298004765 -0.216103375 -0.97591573
vn 0.026399672 -0.208397329 -0.977688015
vn 0.0270004738 -0.184203148 -0.982517362
vn 0.0325015858 -0.174908459 -0.984048247
vn -0.0150006162 -0.0699027628 -0.997441113
vn -0.0153992744 -0.0681966767 -0.99755317
vn -0.0142997289 -0.0749984682 -0.99708122
vn -0.0179001484 -0.0863006115 -0.996108413
vn -0.0228987802 -0.0935949087 -0.995347083
vn -0.0170005262 -0.0587017015 -0.998130918
vn -0.0172003713 -0.0588011593 -0.998121619
vn -0.0189999882 -0.060299851 -0.997999549
vn -0.0176997036 -0.059298899 -0.998083472
vn -0.0176996775 -0.06259875 -0.997881949
vn -0.018199943 -0.0637996793 -0.997796893
vn 0.00990001671 -0.0910000429 -0.995801806
vn -0.0190006979 -0.0645022541 -0.997736812
vn -0.0195998605 -0.0649994239 -0.997692943
vn -0.0138004227 -0.0628018081 -0.997930706
vn -0.0130006643 -0.0743036792 -0.997151077
vn -0.00690023461 -0.0684022158 -0.997634113
vn -0.00560021028 -0.0754027218 -0.997137547
vn -0.00790018868 -0.0853019282 -0.996323943
vn 0.043098703 -0.125396132 -0.991170287
vn 0.0432994142 -0.122798242 -0.991486788
vn 0.0357015654 -0.137605935 -0.989843547
vn 0.0367004611 -0.121501423 -0.991912603
vn 0.0258997697 -0.132898703 -0.990791261
vn 0.0123995189 -0.0877964795 -0.996061444
vn 0.0124005359 -0.0880036876 -0.996043086
vn -0.0225010365 -0.0937042087 -0.995345891
vn 0.00700004864 -0.110900663 -0.993806958
vn 0.000600008934 -0.113701582 -0.993514836
vn 0.00540000526 -0.137400031 -0.990501046
vn 0.0196006242 -0.11790365 -0.992831707
vn 0.0447017811 -0.205008075 -0.977739036
vn 0.0380995423 -0.158097982 -0.986688256
vn -0.489191771 0.871585429 -0.0320993587
vn -0.32660073 0.54430145 -0.772701859
vn -0.568170369 0.820757389 -0.0594968125
vn -0.565811813 0.824417353 -0.0139001925
vn -0.563978851 0.825769126 -0.00579968421
vn -0.565100431 0.821900725 -0.071699962
vn -0.562779605 0.815870583 -0.132795095
vn -0.562795579 0.815793693 -0.133198872
vn -0.552986324 0.80768019 -0.204594895
vn -0.554006875 0.801810026 -0.224002704
vn -0.122605585 0.197309136 -0.972644448
vn -0.064202182 0.0988034904 -0.993033886
vn -0.0558003448 0.0697005615 -0.99600631
vn -0.0531980768 0.0708975643 -0.996064126
vn -0.0121002616 0.0145004345 -0.999821782
vn -0.0148994066 0.00759981759 -0.999860287
vn -0.0127999093 0.00710007036 -0.999893069
vn -0.0126000177 0.00620012917 -0.999901533
vn -0.012799711 0.0260995347 -0.999577582
vn 0.00450020377 -0.0170006547 -0.999845505
vn -0.539095581 0.791693628 -0.287397593
vn -0.53140384 0.758105576 -0.378002673
vn -0.526606381 0.782809675 -0.331503958
vn -0.499183327 0.721476018 -0.479883969
vn -0.500315011 0.744222462 -0.442513257
vn -0.459392339 0.667689025 -0.585790217
vn -0.463805079 0.691107631 -0.55430603
vn -0.408701003 0.598301649 -0.689201653
vn -0.414302707 0.617404222 -0.668704391
vn -0.347902745 0.514404237 -0.783806205
vn -0.351097822 0.523096979 -0.776595235
vn -0.282293797 0.422090888 -0.86148119
vn -0.280010611 0.416515946 -0.864932835
vn -0.215800703 0.326301217 -0.920303106
vn -0.20530358 0.303605437 -0.930416286
vn -0.153006867 0.23391065 -0.960143209
vn -0.108305141 0.143906966 -0.98364681
vn -0.0964011326 0.149101883 -0.984111667
vn -0.0597008057 0.0859012827 -0.994513512
vn -0.300103068 0.488205165 -0.819508493
vn -0.244105175 0.398208588 -0.884218752
vn -0.24279137 0.394886106 -0.886068583
vn -0.185795233 0.297792524 -0.936376035
vn -0.187300593 0.303001106 -0.934403062
vn -0.137703046 0.216504917 -0.966521502
vn -0.137800872 0.217401519 -0.966306269
vn -0.113595597 0.177393258 -0.977562249
vn -0.0971999317 0.148000032 -0.984199405
vn -0.345099241 0.582798898 -0.735698462
vn -0.371774465 0.631156862 -0.680753291
vn -0.372193903 0.626089871 -0.685188711
vn -0.422709346 0.755516887 -0.50051105
vn -0.437406152 0.759110749 -0.482106745
vn -0.40059182 0.683786213 -0.60988754
vn -0.416298568 0.703997731 -0.575398028
vn -0.423198551 0.724997699 -0.543398082
vn -0.443322927 0.764839649 -0.467424154
vn -0.44300878 0.762015283 -0.472309351
vn -0.463087112 0.80937767 -0.361189902
vn -0.461599737 0.789599657 -0.404299736
vn -0.480500281 0.837100625 -0.26150009
vn -0.481596887 0.825394809 -0.294598043
vn -0.491476029 0.853658497 -0.172391504
vn -0.493494868 0.847791314 -0.194197908
vn -0.497594595 0.86229074 -0.0940988883
vn -0.499298275 0.859897137 -0.106199548
vn -0.500223279 0.865240455 -0.033701472
vn -0.501713514 0.864023447 -0.0418010242
vn -0.523105681 0.851009369 -0.0463004075
vn -0.526806593 0.849710763 -0.0216001738
vn -0.525687873 0.846480608 -0.0843979567
vn -0.524500489 0.846500874 -0.0912999883
vn -0.521581709 0.839170754 -0.154094517
vn -0.518612325 0.838120103 -0.16910395
vn -0.513210893 0.825717688 -0.234104902
vn -0.507798553 0.821997821 -0.257799208
vn -0.498996854 0.803395033 -0.324897885
vn -0.490199894 0.795099914 -0.357099861
vn -0.477204472 0.769407332 -0.424603939
vn -0.464010447 0.754517078 -0.464110434
vn -0.44648546 0.720876694 -0.530082762
vn -0.428383559 0.698373377 -0.573378026
vn -0.405820459 0.656333268 -0.636031985
vn -0.383112818 0.62622112 -0.679022729
vn -0.356716722 0.577627242 -0.734234393
vn -0.331106067 0.542410135 -0.772114217
vn -0.293193907 0.473290354 -0.830682814
vn -0.236597538 0.479595184 -0.844991326
vn -0.543595493 0.837193131 -0.0600994043
vn -0.550584197 0.834776163 -0.00249982905
vn -0.549825728 0.832039118 -0.0735033527
vn -0.548632681 0.832149625 -0.0808047205
vn -0.546387553 0.826581299 -0.134996846
vn -0.543598235 0.825797379 -0.150199398
vn -0.539290071 0.816385031 -0.206596106
vn -0.534186184 0.813479066 -0.229993984
vn -0.527076423 0.799064279 -0.289286971
vn -0.518988788 0.792383015 -0.320593029
vn -0.508101106 0.771901846 -0.382100791
vn -0.495988041 0.759781837 -0.420389831
vn -0.480479121 0.73176831 -0.483378917
vn -0.463615656 0.712924182 -0.526117742
vn -0.442608446 0.676313043 -0.588811219
vn -0.420824856 0.65003854 -0.632737398
vn -0.394591153 0.604986668 -0.691584527
vn -0.368996084 0.572994113 -0.731792271
vn -0.337311447 0.519117773 -0.785326719
vn -0.310402781 0.484604478 -0.817807376
vn -0.275199145 0.425098836 -0.862297356
vn -0.249992907 0.392388999 -0.88517499
vn -0.211805552 0.328008771 -0.920624197
vn -0.191500872 0.301601529 -0.934004366
vn -0.15179868 0.234498113 -0.960191786
vn -0.138297349 0.217195958 -0.966281593
vn -0.0930015966 0.140402555 -0.985717058
vn -0.112695448 0.141794398 -0.983460367
vn 0.0317008905 -0.0611016005 -0.997628152
vn 0.0283991303 -0.0533982515 -0.998169541
vn 0.0275999792 -0.0550998487 -0.998099387
vn 0.0188996308 -0.0409990847 -0.998980582
vn 0.0178994145 -0.0462983772 -0.998767495
vn 0.0179998744 -0.0456995703 -0.998793185
vn 0.0180006195 -0.0375011787 -0.999134541
vn 0.0118997637 -0.0386991128 -0.999180198
vn 0.0104000811 -0.0296001136 -0.999507844
vn 0.00820027944 -0.029400887 -0.99953419
vn -0.499312609 0.866421998 1.03285537e-07
vn 0.55039984 0.834899843 0.00160009915
vn 0.780566335 -0.625073075 -7.45145101e-08
vn 0.817992926 -0.575195074 -0.00620001554
vn 0.864785314 -0.501591623 -0.0234996639
vn 0.874086678 -0.48479268 -0.0307995919
vn 0.914195657 -0.405198127 -0.0078000119
vn 0.950995207 -0.309198469 0.00209995289
vn 0.980742216 -0.19520843 -0.00620029122
vn 0.993813396 -0.10620144 -0.0325004533
vn 0.999629617 -0.0270008035 -0.00340010459
vn 0.98979336 0.142499059 0.00180000521
vn 0.95681566 0.289304763 -0.0284004342
vn 0.951916099 0.30570522 -0.0200003032
vn 0.682699025 0.730699003 -0.0010999114
vn 0.797291219 0.601793468 -0.0465994217
vn 0.768868089 0.639173508 -0.0172992088
vn 0.407899529 0.910899043 -0.0622998253
vn 0.459195733 0.887991846 -0.0246996693
vn 0.308807939 0.951124549 1.13382868e-07
vn 0.077096656 0.996256888 -0.0390981883
vn 0.0830005184 0.995906413 -0.0358001105
vn -0.317097604 0.948393047 1.13057247e-07
vn -0.407604188 0.909109473 -0.0859007835
vn -0.250503391 0.968013227 -0.0141000776
vn -0.154791713 0.987947226 1.17772473e-07
vn 0.835693598 -0.549195886 -0.000500061724
vn 0.835693717 -0.549195945 9.99337935e-05
vn 0.835690796 -0.549194038 0.00259990641
vn 0 0.000100119221 -1.00000012
vn 0 0.000500119233 -1
vn 0 0.000300119253 -1.00000012
vn -9.9999852e-05 -0.0016998786 -0.999998689
vn 0 -9.98808027e-05 -1.00000012
vn -0.571088791 0.819883943 -0.0405991115
vn -0.571093321 0.819890499 -0.0403994322
vn -0.478174895 0.877054095 -0.0460974835
vn -0.33439377 -0.065098688 -0.940182626
vn -0.123298533 -0.247196957 -0.961088657
vn -0.138896272 -0.112696871 -0.983873725
vn -0.0907031968 -0.15880549 -0.983134747
vn -0.247293726 -0.035898976 -0.968275547
vn -0.476706415 0.224503145 -0.849911511
vn -0.367498487 0.59269774 -0.716697037
vn -0.485985577 0.499185324 -0.717378736
vn -0.441284001 0.484282583 -0.75547272
vn -0.270212263 -0.0872038528 -0.958843648
vn -0.216092125 0.00409996742 -0.976364493
vn -0.170596078 0.0227995962 -0.985077441
vn -0.132303074 0.177304253 -0.975222707
vn -0.259295553 0.353994071 -0.898584604
vn -0.259198636 0.354798287 -0.898295343
vn -0.289395332 0.342894584 -0.893685579
vn -0.336187303 0.269989967 -0.902265966
vn -0.306293905 0.279494584 -0.909981966
vn -0.39401114 0.162504733 -0.904625773
vn -0.458288699 0.148096472 -0.876378477
vn -0.523980737 0.187793225 -0.830769598
vn -0.507900417 0.190000266 -0.840200782
vn -0.405897439 0.50759697 -0.759995222
vn -0.385219127 0.508725464 -0.76993829
vn -0.424189031 0.538886249 -0.727781177
vn -0.374717087 0.548025131 -0.747834086
vn -0.408808529 0.581812322 -0.703114688
vn -0.366300523 0.595601082 -0.71490109
vn -0.395306915 0.610610902 -0.686212063
vn -0.403104037 0.607306182 -0.684606791
vn -0.371906012 0.59330976 -0.713911533
vn -0.0419992618 -0.134797528 -0.989982784
vn 0.0326012745 -0.133305117 -0.990538836
vn -0.119400442 0.183700815 -0.975703716
vn -0.205401465 0.279202104 -0.938006759
vn -0.227493748 0.369689971 -0.90087527
vn -0.347104013 0.618907392 -0.704608142
vn -0.348589569 0.604982078 -0.715878606
vn 0.208705619 -0.230506122 -0.950425744
vn 0.137795642 -0.0395986363 -0.989668846
vn 0.0472007394 -0.0702009872 -0.996415675
vn 0.0378008112 -0.0756015107 -0.996421516
vn 0.107697144 -0.0147994915 -0.994073808
vn 0.0171008408 0.0979049355 -0.995049
vn -0.130806655 0.322616607 -0.937447846
vn -0.0550023131 0.278911889 -0.958740413
vn -0.35740152 0.65990299 -0.660902798
vn -0.316701829 0.636003792 -0.703704059
vn -0.258189857 0.508780241 -0.821267903
vn -0.180392563 0.410883188 -0.893663228
vn 0.147305116 0.196706966 -0.969333708
vn 0.193993255 0.240891755 -0.950967014
vn 0.513482809 -0.0574979857 -0.856171548
vn 0.735115647 -0.338107169 -0.587612629
vn 0.444611877 -0.10520272 -0.889523923
vn 0.441400856 -0.108700119 -0.89070183
vn -0.0857028961 0.438714981 -0.894530296
vn -0.00530015258 0.321109414 -0.947027385
vn 0.0301984213 0.354281604 -0.934651136
vn 0.815568507 -0.543479085 -0.198692411
vn 0.656998515 -0.400999069 -0.638398707
vn 0.651483536 -0.40678969 -0.640383899
vn 0.551600397 -0.199900076 -0.809800744
vn 0.473623425 -0.272713453 -0.837441623
vn -0.306194484 0.630788863 -0.712987185
vn -0.33330664 0.608912349 -0.71981436
vn -0.244994715 0.584287524 -0.773683369
vn -0.289792418 0.541786075 -0.788979411
vn -0.160506189 0.513519943 -0.842932522
vn -0.200094417 0.468187094 -0.86067605
vn -0.160405084 0.49591589 -0.853427112
vn -0.365485966 0.654175103 -0.662174582
vn -0.219193578 0.535984457 -0.815276146
vn -0.122897245 0.409090966 -0.904179811
vn -0.152300015 0.430600196 -0.889600158
vn 0.120400861 0.17540139 -0.977107108
vn -0.0599974394 0.27538842 -0.959459126
vn 0.0865988806 0.145998254 -0.985487401
vn 0.138505369 0.20440805 -0.969037652
vn 0.143400863 0.210101396 -0.967105985
vn 0.3153961 0.0833990872 -0.94528836
vn 0.254012108 0.0262013692 -0.966846168
vn 0.362014502 -0.0687026456 -0.929637372
vn 0.311792612 -0.108997315 -0.943877697
vn 0.136503726 0.0050002546 -0.99062711
vn 0.733422637 -0.625819385 -0.265408307
vn 0.799223721 -0.552416444 -0.236807123
vn 0.620218039 -0.529215455 -0.579016984
vn 0.683385491 -0.471489996 -0.557388306
vn 0.45530194 -0.388501585 -0.801103592
vn 0.512979925 -0.343286544 -0.78676945
vn 0.24329406 -0.207594842 -0.947476983
vn 0.0231991485 0.0701975524 -0.997263551
vn 0.0345999524 0.083600007 -0.995898664
vn 0.00410000933 0.158800498 -0.987302363
vn -0.0317007415 0.256506175 -0.96602273
vn 0.126799613 -0.107399561 -0.986097097
vn 0.318287253 -0.264789313 -0.910263717
vn 0.308099717 -0.257299691 -0.915899396
vn 0.4200041 -0.355703413 -0.834908366
vn 0.517624974 -0.436421037 -0.735935628
vn 0.566012919 -0.486811101 -0.66531533
vn 0.671971619 -0.567276061 -0.47608003
vn 0.696294248 -0.593195081 -0.404096752
vn -0.0722992942 0.384496391 -0.920291066
vn -0.211688772 0.434677094 -0.875353634
vn 0.243993491 0.120396905 -0.962274432
vn 0.137796968 0.174996287 -0.974878728
vn 0.520785451 -0.161995411 -0.838176727
vn 0.458095461 -0.121998705 -0.880491436
vn 0.709998965 -0.414899379 -0.56899929
vn 0.685758173 -0.396475762 -0.610362887
vn 0.765932918 -0.6094262 -0.204808906
vn 0.778004587 -0.595203578 -0.201101303
vn 0.77549547 -0.592596591 -0.217798844
vn -0.140108109 0.305417836 -0.941854537
vn 0.191204533 0.058201503 -0.979823291
vn 0.250109196 -0.0126003502 -0.968135774
vn 0.476610243 -0.214604542 -0.852518499
vn 0.508519173 -0.262909859 -0.81993109
vn 0.680496216 -0.449997485 -0.578296959
vn 0.68980968 -0.473706633 -0.547507823
vn 0.768201828 -0.610801578 -0.191800565
vn 0.760395527 -0.619996428 -0.193398967
vn -0.0790994167 0.200998649 -0.976392925
vn 0.226495877 -0.0401991531 -0.97318238
vn 0.271306425 -0.0947021469 -0.9578228
vn 0.487913817 -0.287108064 -0.824323535
vn 0.512215137 -0.322709471 -0.79592371
vn 0.675815642 -0.490111291 -0.550512791
vn 0.683213174 -0.507009804 -0.525510252
vn 0.762353778 -0.620662451 -0.183288991
vn 0.75693053 -0.627025306 -0.184107527
vn -0.0301991254 0.118696697 -0.992471397
vn 0.255393595 -0.11329706 -0.96017611
vn 0.290098637 -0.155399159 -0.944295585
vn 0.498592108 -0.338794589 -0.797887564
vn 0.517384648 -0.365489095 -0.773777246
vn 0.674083889 -0.517687678 -0.526887536
vn 0.6800192 -0.530014932 -0.506614447
vn 0.758603632 -0.627303064 -0.176100925
vn 0.753402054 -0.633401811 -0.176600561
vn 0.0661002845 -0.0491000973 -0.996604323
vn 0.0830015466 -0.0293004308 -0.996118724
vn 0.128100961 -0.0518002771 -0.990407586
vn 0.751716971 -0.640914559 -0.155403599
vn 0.751119196 -0.63931638 -0.164604291
vn 0.75529933 -0.634399533 -0.164499953
vn 0.680887461 -0.556789815 -0.475791395
vn 0.669726849 -0.542021692 -0.507620454
vn 0.533292115 -0.418093801 -0.735389292
vn 0.501828313 -0.383621573 -0.775243878
vn 0.327892065 -0.23399426 -0.915277958
vn 0.271403551 -0.17720224 -0.946012497
vn 0.100597896 -0.0358991362 -0.994279385
vn 0.0191991832 0.055797752 -0.998257637
vn 0.116297118 -0.11969693 -0.985975683
vn 0.197094902 -0.207494542 -0.958175302
vn 0.749698877 -0.643299043 -0.155299857
vn 0.724426985 -0.64112395 -0.253309578
vn 0.304406315 -0.281105757 -0.910119057
vn 0.409597218 -0.367897451 -0.834794521
vn 0.533585012 -0.481386483 -0.695380628
vn 0.560116053 -0.493714094 -0.665219128
vn 0.691517413 -0.598815084 -0.404010296
vn 0.212696552 -0.206796557 -0.954984605
vn 0.202298194 -0.201398104 -0.958391547
vn 0.541199028 -0.480199099 -0.690298855
vn 0.536296487 -0.47819683 -0.695495546
vn 0.733095884 -0.631996572 -0.251298726
vn 0.732207298 -0.632106304 -0.253602624
vn 0.217902258 -0.202602014 -0.954710007
vn 0.214989498 -0.20408994 -0.955053449
vn 0.55558753 -0.464389563 -0.689684689
vn 0.552692294 -0.466493487 -0.690590441
vn 0.753096104 -0.608396947 -0.250398815
vn 0.750284612 -0.611287534 -0.251794934
vn 0.228298202 -0.190898404 -0.954692602
vn 0.225309193 -0.192707777 -0.955039084
vn 0.582339108 -0.430428892 -0.689646423
vn 0.579191864 -0.432993889 -0.690690398
vn 0.789268792 -0.560677886 -0.250390172
vn 0.786410034 -0.564007223 -0.251903266
vn 0.157096729 -0.141596943 -0.977379739
vn 0.248509794 -0.176906884 -0.952337623
vn 0.353103191 -0.268902332 -0.89610821
vn 0.485899329 -0.351999432 -0.799999058
vn 0.603297591 -0.405898362 -0.68649745
vn 0.625909567 -0.430806547 -0.650110066
vn 0.823959053 -0.547572792 -0.145792827
vn 0.795503795 -0.501502395 -0.340101689
vn 0.809644341 -0.531163514 -0.249682903
vn 0.740773678 -0.505082071 -0.442884386
vn 0.708388329 -0.486691982 -0.511191726
vn 0.804566026 -0.538077354 -0.251289487
vn 0.805281937 -0.53788799 -0.249394506
vn 0.592397332 -0.415398091 -0.690297008
vn 0.596608818 -0.416306108 -0.686110258
vn 0.230301425 -0.18790108 -0.95480603
vn 0.239392921 -0.190894261 -0.951972008
vn 0.0010999993 0.000300119078 -0.999999523
vn -0.000399999757 0.00100011879 -0.999999523
vn -0.984370768 0.176094785 0.00219995598
vn -0.977660239 0.210191488 2.50567744e-08
vn 0.118100092 -0.993000865 -0.00140011951
vn -0.934137166 -0.356914252 -4.25474909e-08
vn -0.932258546 -0.361383975 -0.0171992797
vn -0.893004537 -0.450002342 0.00639997981
vn -0.890798271 -0.454399198 -5.41685985e-08
vn -0.858875155 -0.512185216 -6.10572286e-08
vn -0.853701651 -0.520401061 -0.0194001012
vn -0.796586514 -0.603789866 0.029799426
vn 0.118298575 -0.990688205 -0.0673993155
vn 0.104503118 -0.992929697 0.056301564
vn 0.0113995345 -0.997859299 -0.064397499
vn -0.00939977914 -0.999876618 -0.0125998249
vn -0.139599696 -0.989997983 0.0203998405
vn -0.796206176 -0.604404747 0.0274001434
vn -0.748407841 -0.663207054 -0.00650014821
vn -0.703000665 -0.710000753 0.0410999544
vn -0.677908123 -0.733108819 -0.0547007471
vn -0.634617984 -0.772822082 0.00249997899
vn -0.619388163 -0.785085022 -9.35894136e-08
vn -0.578311384 -0.815816224 -9.72528582e-08
vn -0.557223558 -0.82823509 -0.0594026186
vn -0.491999775 -0.86989969 0.034799885
vn -0.470894456 -0.882189691 -1.05165192e-07
vn -0.402684152 -0.914964139 -0.0261990838
vn -0.346909553 -0.935925841 0.0608015694
vn -0.307488084 -0.951163292 -0.0271990635
vn -0.201990664 -0.978754818 0.0351982601
vn -0.100501277 -0.985912621 -0.133701831
vn -0.999193192 -0.0331997722 -0.0225998536
vn -0.999947965 0.0102004912 1.2159932e-09
vn -0.990122736 0.140203238 1.67135266e-08
vn -0.935651302 0.350019217 0.0452025235
vn 0.61321342 -0.789917409 -0.000100096368
vn 0.613165021 -0.78995502 9.99001277e-05
vn 0.613102496 -0.790003359 -0.000500096299
vn 0.613165021 -0.78995502 -9.41699625e-08
vn 0.612929344 -0.790137887 -0.000200103779
vn 0.613386333 -0.789782524 -0.00110006973
vn -0.607493877 -0.769992232 -0.195098132
vn -0.781204641 -0.593103588 -0.194801271
vn -0.873688996 -0.445694387 -0.194997624
vn -0.0272994898 -0.19369629 -0.980681777
vn -0.182396278 -0.0706984475 -0.980680168
vn 0.117998719 -0.991789341 -0.0492995903
vn 0.109805994 -0.971253097 -0.211211666
vn 0.100201234 -0.786809742 -0.609007716
vn 0.0627999678 -0.452599734 -0.889499784
vn 0.0312002227 -0.195501313 -0.980207145
vn -0.0562982894 -0.187394217 -0.980670333
vn -0.16010879 -0.533129275 -0.830745816
vn 0.0312993787 -0.193096071 -0.980680585
vn 0.00219995971 -0.195596322 -0.980682135
vn -0.0838985443 -0.176696852 -0.980683208
vn -0.0838970691 -0.176793739 -0.980665863
vn -0.238706142 -0.502912879 -0.830721557
vn -0.356890917 -0.751780808 -0.554486036
vn -0.0777030587 -0.551221609 -0.830732882
vn 0.00640029786 -0.556625843 -0.830738842
vn 0.00639994117 -0.556694806 -0.83069253
vn 0.0667998195 -0.551798522 -0.831297994
vn 0.0802028328 -0.607021451 -0.790628135
vn -0.239287674 -0.79705894 -0.554471612
vn -0.116202988 -0.82402122 -0.554514408
vn 0.00950023346 -0.832120478 -0.554513752
vn 0.0937981531 -0.826283813 -0.555389285
vn 0.113099568 -0.907696605 -0.40409863
vn -0.243987501 -0.0871954262 -0.965850592
vn -0.51717931 -0.205391735 -0.830866933
vn -0.568617523 -0.220406726 -0.792524576
vn -0.775911033 -0.300804228 -0.554507971
vn -0.738215685 -0.293406188 -0.607412994
vn -0.917798817 -0.346199572 -0.194399819
vn -0.900801361 -0.349200547 -0.25810045
vn -0.169598013 -0.0973987579 -0.980688691
vn -0.482710391 -0.277305901 -0.83071804
vn -0.721604705 -0.41450265 -0.554503679
vn -0.813866019 -0.46748051 -0.34508568
vn -0.837472498 -0.510583282 -0.194793701
vn -0.7340253 -0.650522411 -0.195006803
vn -0.736010313 -0.586608231 -0.337904841
vn -0.650780261 -0.518684328 -0.554483294
vn -0.435309231 -0.347007304 -0.830717802
vn -0.152996853 -0.121897399 -0.980680048
vn -0.132798046 -0.143597797 -0.980685771
vn -0.377917677 -0.408719033 -0.830738962
vn -0.564995408 -0.610995054 -0.554495633
vn -0.665962279 -0.720159292 -0.194589108
vn -0.665975332 -0.720173359 -0.194492906
vn -0.547528565 -0.813842416 -0.194610268
vn -0.546914339 -0.808521271 -0.217205808
vn -0.466290623 -0.689286113 -0.554488957
vn -0.311906636 -0.461109817 -0.830717862
vn -0.109598435 -0.161997572 -0.980686128
vn -0.109596655 -0.162094951 -0.980670214
vn -0.160100266 -0.53320086 -0.83070153
vn -0.401588142 -0.845975041 -0.350789756
vn -0.461912096 -0.865222692 -0.195005223
vn 0.107101902 -0.974917471 -0.195103616
vn 0.0112002054 -0.980818152 -0.194603741
vn -0.13699843 -0.971289039 -0.194497928
vn -0.230196804 -0.953386962 -0.195097446
vn -0.27151233 -0.904341102 -0.329315096
vn -0.301697165 -0.933291316 -0.194798306
vn -0.395108819 -0.897720158 -0.194904491
vn -0.25419423 -0.0533986762 -0.965678096
vn -0.578331649 0.407322437 -0.706838727
vn -0.701459169 0.0992943197 -0.705758989
vn -0.708060503 -0.0234986059 -0.705760658
vn -0.853185475 0.453392357 -0.257895559
vn -0.945516884 -0.198703542 -0.257904649
vn -0.189504296 0.176304132 -0.965921998
vn -0.707317114 0.657816052 -0.258806199
vn -0.707270563 0.657872736 -0.258789182
vn -0.0878023133 0.152304143 -0.984425962
vn -0.0967999399 0.169300035 -0.980799496
vn -0.269707918 0.466813892 -0.842224836
vn -0.277387649 0.481378764 -0.831463099
vn -0.42048803 0.729779363 -0.539084613
vn -0.415714383 0.720125079 -0.555519223
vn -0.490897715 0.853296101 -0.175799087
vn -0.489616603 0.849828959 -0.195106536
vn -0.980773211 0.00999970455 0.194894716
vn -0.927659631 0.131294265 0.349584848
vn -0.679105341 0.483503819 0.552304447
vn -0.918891788 0.343796968 0.193498343
vn -0.703295887 0.663896203 0.254198641
vn -0.612199962 0.562699914 0.555500031
vn -0.582999051 0.542299092 0.604999125
vn -0.454077274 0.411079347 0.790460587
vn -0.142798364 0.132898375 0.980788887
vn -0.0183007326 -0.0136006651 0.999740124
vn -0.19069995 0.188399866 0.963399887
vn 0.672025442 0.740528107 8.82778224e-08
vn -0.873183846 0.487391055 -0.000199938222
vn -0.926749647 0.375679642 0.000400023098
vn -0.926211417 0.377004713 -9.99563053e-05
vn -0.926092267 0.377296895 -0.000299952575
vn -0.925887048 0.377794772 -0.00209992588
vn -0.88229084 0.470695168 -0.00299991318
vn -0.843193591 0.537595928 0.00390003459
vn -0.81445986 0.580171525 -0.00749956211
vn -0.637520373 0.770424783 0.00370021071
vn -0.663374662 0.748271585 -0.00489972439
vn -0.646672606 0.762767732 -0.000299896405
vn -0.654075742 0.756372094 -0.00929956604
vn -0.640911281 0.76761359 0.00150011817
vn -0.799697638 0.600398242 -0.00239992165
vn -0.770200491 0.637800395 0.0014000769
vn -0.736700237 0.676200271 -0.00509992195
vn -0.72847265 0.685074329 -0.000899884617
vn -0.683008969 0.730409682 0.000700096309
vn -0.684506416 0.729006886 8.69043859e-08
vn -0.642703176 0.766103923 0.00420011254
vn -0.971436918 0.237209037 0.00650027627
vn -0.650016904 0.759919882 9.0589495e-08
vn -0.683937848 0.729540408 8.69679866e-08
vn -0.70016396 0.71396327 0.00519981794
vn -0.715406418 0.698706388 0.00180009962
vn -0.775693417 0.631094694 -0.00439988775
vn -0.767064333 0.64157027 7.6481129e-08
vn -0.825093806 0.564995825 6.73527438e-08
vn -0.817224026 0.576317012 0.00190012483
vn -0.868308961 0.496005177 -0.00429998571
vn -0.872484624 0.488591433 -0.00699981954
vn -0.913198709 0.407499462 0.00350004411
vn -0.920689583 0.390295655 4.65268606e-08
vn -0.93827486 0.34589076 4.12333883e-08
vn -0.97903198 0.203706697 2.4283727e-08
vn -0.945779502 0.324793011 -0.00329989009
vn -0.970139444 0.242209882 0.012800551
vn -0.96273762 0.267810494 -0.0376014374
vn -0.980037391 0.198807612 -0.00150003377
vn -0.000299999025 -0.00259987242 -0.999996781
vn 0.998258114 0.0589975305 0.00010000285
vn 0.998264074 0.0588978864 -9.99893891e-05
vn -0.640587568 0.767885208 9.15390359e-08
vn -0.638895035 0.769294143 9.1706994e-08
vn -0.639603853 0.768704772 9.16367355e-08
vn -0.639111638 0.769114137 -9.99101467e-05
vn 0.975070894 -0.221893415 -2.64517528e-08
vn -0.532890201 0.846184552 1.00873045e-07
vn -0.631488204 0.775385618 9.24331545e-08
vn -0.621605098 0.747406304 -0.234501883
vn -0.629524529 0.756829619 -0.175806776
vn -0.62000066 0.748800874 -0.234300196
vn -0.501610935 0.598013103 -0.625113606
vn -0.536692321 0.649190843 -0.538992286
vn -0.290806442 0.345507801 -0.892219841
vn -0.352213323 0.430116415 -0.831231534
vn -0.0803027526 0.0918032676 -0.992534101
vn -0.124797277 0.149996862 -0.980778694
vn -0.781036258 0.599227905 -0.175808087
vn -0.82111609 0.537210584 -0.192803755
vn -0.613304913 0.575004637 -0.541504264
vn -0.659599364 0.506199658 -0.555599451
vn -0.440783262 0.338187277 -0.831468463
vn -0.440878719 0.338083804 -0.831459939
vn -0.154895961 0.118697032 -0.980774462
vn -0.154796511 0.118797459 -0.980777979
vn -0.120297983 0.153597564 -0.980783582
vn -0.120296128 0.153695181 -0.980768502
vn -0.342393816 0.437492222 -0.831484973
vn -0.512505233 0.654706776 -0.55560565
vn -0.512471616 0.654763877 -0.555569232
vn -0.604474008 0.772366881 -0.195091546
vn -0.604520679 0.772326529 -0.195106611
vn -0.604584157 0.772279859 -0.195094824
vn -0.512397885 0.654797435 -0.555597723
vn -0.342378825 0.437573075 -0.831448615
vn -0.120197579 0.153697029 -0.980780303
vn -0.120199427 0.153599411 -0.980795443
vn -0.615716696 0.786721408 -0.0443011113
vn -0.590288818 0.78328526 -0.194996238
vn -0.598730147 0.764238596 -0.239712015
vn -0.543602645 0.69500345 -0.470602244
vn -0.489619821 0.672227323 -0.555322468
vn -0.476996183 0.608395219 -0.634294927
vn -0.341582566 0.438177794 -0.831457615
vn -0.340899646 0.503499627 -0.793899238
vn -0.158007383 0.123805918 -0.979645848
vn -0.149004832 0.190406308 -0.97033155
vn -0.469614208 0.882626832 0.0208007358
vn -0.354200721 0.935002029 -0.0176999252
vn -0.150794685 0.988565266 1.17846149e-07
vn -0.0802028328 0.996735275 0.009300448
vn 0.104700416 0.994104087 -0.0281999968
vn 0.502305329 0.864509284 -0.0177000873
vn 0.322489828 0.946570337 0.0023000408
vn 0.152606964 0.988245189 -0.00910029933
vn 0.53268528 0.8462767 -0.00789968111
vn 0.563118458 0.826227188 -0.0157004166
vn 0.537208319 0.835913122 -0.112501666
vn 0.415620148 0.908444166 -0.0446020551
vn 0.261288285 0.963356972 -0.0605971776
vn 0.217103705 0.964616656 -0.149602458
vn 0.105699897 0.986799181 -0.122699775
vn -0.0216009822 0.990745187 -0.134005994
vn -0.120301642 0.956213176 -0.266803533
vn -0.135502413 0.954317093 -0.266304642
vn 0.0317003243 0.520605564 -0.85320884
vn 0.532731593 0.846250296 -0.00760035077
vn 0.322409332 0.946427464 -0.0181004126
vn 0.197200999 0.972805083 0.121500753
vn 0.152598381 0.987989604 -0.024299629
vn -0.138504043 0.989729047 -0.0354009196
vn -0.0760019198 0.944123983 0.320708275
vn -0.252496451 0.96688652 -0.0370993651
vn -0.194710627 0.829145432 -0.52402848
vn -0.243698925 0.927796006 -0.282498658
vn -0.43649295 0.837986529 -0.327494621
vn -0.469714105 0.881726563 -0.0439012162
vn -0.469320893 0.882139385 -0.0396016613
vn 0.00870026927 0.483815104 -0.875127137
vn -0.121603325 0.302608401 -0.945325851
vn -0.33679527 0.509393036 -0.791888893
vn -0.200490788 0.542075336 -0.816062629
vn -0.517504692 0.558005214 -0.6487059
vn -0.255898654 0.643396795 -0.721496224
vn -0.41777873 0.801059365 -0.428678155
vn -0.540504575 0.809207022 -0.230301902
vn -0.521190405 0.478491366 -0.706687033
vn -0.588594198 0.702993274 -0.399196059
vn -0.167800367 0.18450053 -0.968402267
vn -0.548179269 0.654675364 -0.520480335
vn -0.492788494 0.585186481 -0.643984973
vn -0.46483013 0.532934606 -0.707045853
vn -0.374482453 0.449379116 -0.811062098
vn -0.290283889 0.348180801 -0.891350508
vn -0.926715374 0.375706285 -0.00660006562
vn -0.91787976 0.388691485 -0.0800981969
vn -0.855806887 0.516504228 -0.0286001731
vn -0.827464879 0.561376214 -0.0125994002
vn -0.816003859 0.57800281 -0.00709996605
vn 0.152997628 0.962085187 0.22579664
vn -0.952429295 0.0199006498 -0.304109365
vn -0.63042444 0.320212513 -0.707127392
vn -0.741977334 0.668979645 -0.0439985842
vn -0.917182624 0.372193009 -0.142297268
vn -0.852870345 0.396686286 -0.339488149
vn -0.890497327 0.374698997 -0.258099228
vn -0.817980111 0.34449172 -0.460688829
vn -0.741117835 0.315707713 -0.592514217
vn -0.231104597 0.139202908 -0.962919295
vn -0.241498858 0.168299332 -0.95569557
vn -0.509779394 0.213991478 -0.833266437
vn -0.63598913 0.758087158 -0.144297466
vn -0.631398618 0.730998576 -0.258799374
vn -0.630594134 0.731693327 -0.258797526
vn -0.639515817 0.683916986 -0.351108611
vn -0.521312058 0.478611171 -0.706516266
vn -0.576509058 0.410806566 -0.706311107
vn -0.57670033 0.410900354 -0.706100404
vn -0.472895771 0.525995433 -0.706893682
vn -0.473092943 0.526092231 -0.706689477
vn -0.645911694 0.718313098 -0.258504629
vn -0.71160084 0.653300881 -0.258500248
vn -0.711668611 0.653271317 -0.258388549
vn -0.786826253 0.560518801 -0.258308589
vn -0.786904931 0.560503662 -0.258101583
vn -0.84340167 0.470901012 -0.25870049
vn -0.617592514 0.344795913 -0.706891418
vn -0.226098806 0.126199484 -0.965895057
vn -0.211310104 0.150607333 -0.965746284
vn -0.211194158 0.150595963 -0.965773404
vn -0.190905496 0.175305188 -0.965827882
vn -0.173208565 0.192709669 -0.965847909
vn -0.173098162 0.19259809 -0.965889871
vn -0.171997622 0.193597451 -0.965886772
vn -0.0205995925 0.0247996338 -0.999480307
vn -0.147901133 0.969607592 0.19490166
vn -0.260507941 0.795624197 0.546916783
vn -0.613666236 0.389578581 0.686762393
vn -0.556423604 0.821134984 -0.127005309
vn -0.555877447 0.808167279 0.194592237
vn -0.644214451 0.761717081 0.0691016391
vn -0.643707037 0.762008429 0.0706008747
vn -0.4808954 0.250297546 0.840292215
vn -0.228812635 0.101605505 0.968153596
vn -0.172699675 0.0937997177 0.980498254
vn -0.13410382 0.147504091 0.979928017
vn -0.0620012917 0.189503863 0.979920566
vn -0.0620024689 0.189407453 0.979939163
vn -0.498298019 0.255198926 0.82859689
vn -0.379479736 0.417477638 0.825656056
vn -0.379495561 0.417395055 0.825690508
vn -0.175501421 0.536104202 0.82570678
vn -0.175492018 0.536175489 0.825662553
vn 0.100102715 0.172404587 0.979926705
vn 0.283393651 0.487789035 0.825681686
vn 0.420487285 0.723878086 0.54698354
vn 0.493119657 0.848733902 0.191007748
vn 0.0209007934 0.198207438 0.979937315
vn 0.059100166 0.561001539 0.825702548
vn 0.0590968579 0.561070144 0.825656295
vn 0.0877019092 0.83251816 0.547012091
vn 0.0876994058 0.832594395 0.546896458
vn 0.102799214 0.976192653 0.190998688
vn -0.669425726 0.419316083 0.613223732
vn -0.688403487 0.391801953 0.61040324
vn -0.60098958 0.661088467 0.449192345
vn -0.533528984 0.642334878 0.550229967
vn -0.260493666 0.795580626 0.546986878
vn -0.305397838 0.932893395 0.190898761
vn -0.354114324 0.934837997 0.026101172
vn 0.0728030354 0.0510020107 0.996041536
vn 0.962262154 0.219391376 0.16099371
vn 0.782270133 0.586977661 0.208592147
vn 0.13189432 0.145293638 0.980557919
vn 0.131097645 0.14449729 0.980782449
vn 0.374998003 0.413097739 0.829895735
vn 0.373098046 0.411597788 0.831495821
vn 0.560593605 0.617193043 0.552093863
vn 0.557479024 0.616976738 0.555479169
vn 0.644306064 0.708506763 0.287902832
vn 0.696917892 0.678517461 0.232206061
vn 0.0556012578 0.0667013973 0.996222734
vn -0.75249213 -0.657993138 0.0282996297
vn -0.0423016995 0.171706781 0.984239578
vn -0.589589596 -0.230596051 0.774086475
vn -0.1663948 0.214393213 0.962470055
vn -0.374110907 0.405311733 0.834124506
vn -0.543497205 0.304598391 0.782196164
vn -0.208187014 0.765152335 0.609262228
vn -0.802088618 0.213096932 0.557892144
vn -0.613198936 0.586098909 0.52959919
vn -0.669563055 0.637664914 0.380879134
vn -0.782808483 0.248002797 -0.570706248
vn -0.208202928 0.76511097 -0.609308541
vn -0.55028826 0.289493948 -0.783183396
vn -0.370923132 0.40302527 -0.836652219
vn -0.159403637 0.208604902 -0.96492219
vn -0.590420485 -0.24210836 -0.769926906
vn -0.050199762 0.161499366 -0.985595405
vn -0.749790311 -0.661091447 -0.0277997199
vn -0.668224931 0.636523843 -0.385114312
vn -0.611285686 0.584386468 -0.533687532
vn 0.793041825 0.554229319 -0.25281328
vn 0.693403065 0.717603207 -0.0651002079
vn 0.671982586 0.740381002 -0.0165994838
vn 0.409086287 0.450785041 -0.793373466
vn 0.504410625 0.534411371 -0.678214252
vn 0.475208938 0.523609936 -0.707113266
vn 0.636384487 0.701183081 -0.321492136
vn 0.761406839 0.592705429 -0.262602329
vn 0.174001068 0.191701308 -0.965906024
vn 0.173904091 0.191704646 -0.965922892
vn 0.0778985173 0.0463992357 -0.995881081
vn -0.0204001404 0.0772006586 -0.996806979
vn -0.00669985358 0.014099814 -0.999878287
vn -0.00609987276 0.014299823 -0.999879241
vn -0.0442018211 0.0966041088 -0.994341075
vn -0.0317012779 0.101404227 -0.994340241
vn -0.0665025339 0.168606564 -0.983437598
vn -0.0356012434 0.175506279 -0.983834565
vn -0.0537016392 0.182005689 -0.98183012
vn -0.0111995479 0.189792484 -0.981760561
vn -0.0254999548 0.229399726 -0.972998381
vn 0.0223005544 0.226205781 -0.973824382
vn 0.0133999949 0.232100055 -0.972599745
vn 0.0599973463 0.226090148 -0.972257137
vn 0.057898242 0.244692713 -0.967870653
vn 0.103097938 0.225895613 -0.968680739
vn 0.0995940045 0.230586261 -0.967941821
vn 0.142504737 0.209207073 -0.967432261
vn 0.144206464 0.218409941 -0.965143442
vn -0.00189996895 0.00540003181 -0.999983788
vn -0.00419992208 0.00440003816 -0.999981642
vn -0.0167992413 0.0447980985 -0.998854995
vn -0.0301997159 0.038799759 -0.998790681
vn -0.100303099 0.297209322 -0.949529409
vn -0.0899011791 0.301204085 -0.949312449
vn -0.161997214 0.490091741 -0.856485367
vn -0.0872996598 0.507198215 -0.857396662
vn -0.139504269 0.522216141 -0.841325819
vn -0.0226004273 0.542710423 -0.839615941
vn -0.0580994822 0.637094438 -0.768593192
vn 0.0717024431 0.630921662 -0.772526324
vn 0.043398831 0.645082772 -0.762879491
vn 0.17289798 0.626392841 -0.760091186
vn 0.163003534 0.668514669 -0.72561574
vn 0.288507462 0.620016158 -0.729618847
vn 0.276195675 0.631990314 -0.724088669
vn 0.393115163 0.570722163 -0.720927775
vn 0.39360562 0.592208624 -0.703110099
vn -0.139998794 0.022699926 -0.989891589
vn -0.104896799 0.3717888 -0.922371924
vn -0.212002128 0.46080479 -0.861808777
vn -0.161896795 0.480390638 -0.861983001
vn -0.218990386 0.752867162 -0.620672703
vn -0.125800952 0.773806095 -0.620804667
vn -0.209097549 0.786590993 -0.580993116
vn -0.0334010907 0.815126896 -0.578318834
vn -0.0777010173 0.909712076 -0.407905281
vn 0.109299585 0.904696703 -0.411798358
vn 0.0595016219 0.919225216 -0.389210552
vn 0.249003306 0.888211966 -0.386105061
vn 0.224510863 0.924644887 -0.307614803
vn 0.404489696 0.860078156 -0.310892016
vn 0.380602062 0.875304818 -0.298301518
vn 0.544077873 0.785168231 -0.29578793
vn 0.53398484 0.805777252 -0.256092668
vn 0.597998142 0.801497638 9.55459498e-08
vn 0.597998083 0.801497579 -0.000299903535
vn 0.597998142 0.801497638 0.000100095247
vn 0.597998142 0.801497638 -9.99041513e-05
vn 0.597821712 0.801629186 0.000200102848
vn 0.59777379 0.801664948 0.000200086812
vn 0.598222435 0.801330149 0.000200103037
vn 0.598510802 0.801114619 0.000600106432
vn 0.598975301 0.800767124 -0.000899867504
vn 0.597933888 0.80154556 0.000200106908
vn 0.598062336 0.801449716 -0.000299885607
vn 0.598398566 0.801198184 0.000900093466
vn 0.598110318 0.801413953 -0.00019990794
vn 0.597933888 0.80154556 -9.99101248e-05
vn 0.598110318 0.801413953 0.00010009727
vn 0.597821653 0.801629126 -0.00029991538
vn 0.597485006 0.801880002 -0.000599889434
vn 0.597998142 0.801497638 -0.00019990385
vn 0.59777379 0.801664948 -0.000199895687
vn 0.748186707 0.663488269 7.9093958e-08
vn 0.948693335 -0.316197783 -3.76937095e-08
vn 0.20049876 -0.979694068 -1.1678862e-07
vn -0.20049876 0.979694068 1.1678862e-07
vn -0.748186707 -0.663488269 -7.9093958e-08
vn -0.948693335 0.316197783 3.76937095e-08
vn 0.816601872 0.577201366 6.88077577e-08
vn 0.908175886 -0.418588936 -4.98996826e-08
vn -0.0915996283 0.995796084 1.1870813e-07
vn -0.908175886 0.418588936 4.98996826e-08
vn -0.816601872 -0.577201366 -6.88077577e-08
vn 0.0915996283 -0.995796084 -1.1870813e-07
vn 0.0916987881 -0.995786965 -1.18707042e-07
vn 0.0915996283 -0.995796084 0.000199880495
vn 0.0913021341 -0.995823324 -1.18711377e-07
vn 0.0915996283 -0.995796084 -0.000200117924
vn 0.68620646 0.727406859 8.67136478e-08
vn 0.973073781 -0.230493814 -2.74770002e-08
vn 0.286889166 -0.957963943 -1.14198187e-07
vn -0.68620646 -0.727406859 -8.67136478e-08
vn -0.973073781 0.230493814 2.74770002e-08
vn -0.286889166 0.957963943 1.14198187e-07
vn -0.25349912 0.96729666 -0.00869985484
vn -0.253288716 0.96735698 -0.0080995243
vn -0.253102541 0.96740979 -0.00759996101
vn -0.252891421 0.967467248 -0.00729963742
vn -0.25279817 0.967493176 -0.00709983474
vn -0.252798349 0.967493892 -0.00699984049
vn -0.2528916 0.967467904 -0.00719964597
vn -0.253289908 0.96736151 -0.00749958586
vn -0.253899962 0.967199981 -0.00769988447
vn -0.2542983 0.967093706 -0.00789983198
vn -0.255001962 0.96690762 -0.00799994823
vn -0.253493637 0.967275798 -0.0108996117
vn -0.253588825 0.96725744 -0.0102994312
vn -0.253590822 0.967265069 -0.00949954055
vn -0.253303885 0.967314959 -0.0118000675
vn -0.253398061 0.967292726 -0.0115997968
vn -0.253398627 0.967294931 -0.0113998242
vn -0.25410378 0.967114568 -0.0110000493
vn -0.253798008 0.967192471 -0.0111997966
vn -0.253491938 0.967269301 -0.0114995195
vn 0.203294903 0.109497383 -0.972975731
vn -0.210988671 0.958448708 -0.191989616
vn -0.211008906 0.958440661 -0.192008033
vn -0.0997011214 0.834309578 -0.542206049
vn -0.0997040346 0.83423394 -0.542321861
vn 0.0326987877 0.570179045 -0.820869625
vn 0.0326998308 0.569997251 -0.820995808
vn 0.19369182 0.0938961655 -0.976558924
vn 0.192099929 0.240700066 -0.951399744
vn 0.302993357 0.347492516 -0.88738054
vn 0.140305564 0.601924002 -0.786131144
vn 0.158201769 0.636107326 -0.755208552
vn -0.00630023563 0.860732436 -0.509019017
vn -0.0134006785 0.849743187 -0.527026653
vn -0.147495493 0.974570394 -0.168694749
vn -0.156207204 0.967344701 -0.199609101
vn 0.31698817 0.24639073 0.915865958
vn -0.250210464 0.949939847 0.18710795
vn -0.173594534 0.970069587 0.169794783
vn -0.199494213 0.96917206 0.144595951
vn -0.0250994731 0.855382144 0.517389357
vn -0.0370020233 0.790043235 0.611933649
vn -0.0508019067 0.901533902 0.429716289
vn 0.230204001 0.253604323 0.939516485
vn 0.249201581 0.288101733 0.924606025
vn 0.156698838 0.600795567 0.78389442
vn 0.126992688 0.505970776 0.853151083
vn 0.0888005793 0.700804591 0.707804739
vn -0.251999766 0.949899197 0.184899956
vn -0.210694656 0.802379608 0.558385968
vn -0.217997476 0.805190742 0.551493824
vn -0.133797228 0.513189256 0.847782612
vn -0.147008881 0.52253145 0.839850903
vn -0.0424981415 0.167492568 0.984957039
vn 0.0690970495 0.0573974364 0.995957613
vn 0.109398037 0.221595943 0.968982756
vn -0.00359994639 0.560291588 0.82828784
vn -0.123395734 0.830171406 0.543681383
vn -0.123307489 0.830150485 0.54373318
vn -0.219397917 0.958491027 0.182098389
vn -0.219203532 0.958515584 0.182203069
vn 0.162899762 0.0475000553 -0.985498667
vn 0.214899048 0.167899385 -0.962095916
vn 0.317403406 0.0941011384 -0.943610251
vn 0.0783966184 0.0229988918 0.996657073
vn 0.0113004735 0.112904616 0.993541658
vn 0.295595378 0.0285994429 0.954885244
vn 0.291298091 0.0320996791 0.956093848
vn 0.359509289 0.10580264 0.927124083
vn -0.253499538 0.967298269 0.00850010104
vn -0.253614098 0.967253864 0.0100006722
vn -0.253493071 0.967273593 0.0110998116
vn -0.253305078 0.967319429 0.0114003439
vn -0.253492802 0.96727258 0.0111997966
vn -0.253611177 0.967242718 0.0111006051
vn -0.254010797 0.967141211 0.0108005749
vn -0.255002379 0.966909111 0.00780018885
vn -0.254111797 0.967145085 0.00760046998
vn -0.251905501 0.967721343 0.00770028541
vn -0.253009826 0.967437804 0.0071003926
vn -0.253103256 0.967412591 0.00720020896
vn -0.253900141 0.967200696 0.0076001212
vn -0.220503598 0.94501543 0.241504088
vn -0.0080999434 0.860493958 0.509396613
vn -0.194301158 0.967505932 0.1618011
vn -0.195095465 0.969277561 0.14979665
vn -0.0267993156 0.896077156 0.443088889
vn -0.0530992597 0.782889068 0.619891524
vn 0.27779457 0.232895344 0.931981862
vn 0.275592953 0.229094073 0.933576286
vn 0.223503709 0.621310294 0.751012623
vn 0.110401995 0.488208771 0.865715802
vn 0.122995518 0.697374523 0.706074357
vn -0.211893573 0.957171142 0.197294176
vn -0.0906022266 0.826220393 0.556013882
vn -0.104896814 0.832774699 0.543583691
vn 0.0491982736 0.547480762 0.835370898
vn 0.0251996014 0.567790926 0.822787106
vn 0.166298732 0.216598257 0.9619928
vn 0.0822998956 0.320699513 0.943598926
vn 0.264504731 0.137602597 -0.954517186
vn -0.234691799 0.95476681 -0.182593524
vn -0.234804422 0.954718113 -0.182703331
vn -0.168198824 0.818994403 -0.548596084
vn -0.168203354 0.8189165 -0.548710883
vn -0.0709003434 0.541502774 -0.837704122
vn 0.169895425 0.347990751 -0.921975195
vn -0.00919984095 0.185596928 -0.982583106
vn 0.00319989421 0.296690345 -0.954968512
vn 0.35409075 0.130396724 -0.926075935
vn 0.116501197 0.595306337 -0.795008302
vn 0.121601783 0.652909756 -0.747610986
vn -0.031400945 0.857326031 -0.513815463
vn -0.0305988286 0.861767232 -0.506380558
vn -0.167905122 0.971929789 -0.164804935
vn -0.169304684 0.969226897 -0.178704828
vn 0.240795374 0.0735984817 0.967781544
vn 0.36679703 -0.10199929 0.924692631
vn 0.163901374 0.048000291 0.985308349
vn -0.0367986485 -0.0108994814 -0.999263406
vn 0.0233010966 0.0675033107 -0.997447073
vn 0.334295541 -0.149797916 -0.930487692
vn 0.204901576 0.0637006164 -0.976707637
vn -0.293887973 0.955760896 0.0122996103
vn -0.191091985 0.531277657 0.825365543
vn -0.257398397 0.966294169 0.00470008608
vn -0.253196299 0.96728605 0.0157998875
vn -0.253796846 0.96718812 0.0115999728
vn -0.251206458 0.967825055 0.0145004904
vn -0.253801793 0.967106938 0.0170002375
vn -0.253007889 0.967330337 0.0161006209
vn -0.253797442 0.967190325 0.0114000011
vn -0.253702968 0.967211545 0.0117002539
vn -0.254291683 0.967068553 0.0106997676
vn -0.254997373 0.966890216 0.0100000137
vn -0.256994188 0.966378272 0.00819993112
vn -0.250198454 0.968194127 0.00110010861
vn -0.255407602 0.966828883 0.00300020515
vn -0.253788829 0.967257559 0.00210002298
vn -0.254797906 0.966992199 0.00210009818
vn -0.254094124 0.967177749 0.00190007163
vn -0.25430584 0.967122316 0.00180015678
vn -0.253788859 0.967257679 0.0020000278
vn -0.253095567 0.967283189 0.0174998101
vn -0.252203882 0.967414975 0.0224004593
vn -0.248904839 0.968018949 0.031400729
vn -0.255592734 0.966172576 0.0343991406
vn -0.255692244 0.966170847 0.033699099
vn -0.256808281 0.96613127 0.0253009349
vn -0.2568115 0.96614337 0.0248012301
vn -0.256495267 0.966182232 0.026499629
vn -0.256494582 0.966179729 0.0265995581
vn -0.255902261 0.966308713 0.0276003648
vn -0.251794755 0.967179894 0.0340994075
vn -0.248605475 0.968121409 0.0306007918
vn -0.253288478 0.966656089 0.037698403
vn -0.254501849 0.966207147 0.0409004167
vn -0.252992243 0.96617049 0.0500985868
vn -0.255112141 0.965946019 0.043202173
vn -0.255204499 0.96591717 0.043300882
vn -0.254912466 0.966047287 0.0421021767
vn -0.253406078 0.966123283 0.0489012972
vn -0.254492283 0.965970874 0.0461987182
vn -0.255400419 0.965801656 0.0447001904
vn -0.257202476 0.965409338 0.0428005308
vn -0.260294497 0.964679658 0.0404992588
vn -0.264903814 0.96351403 0.0383006707
vn -0.265806884 0.963225007 0.0393011346
vn -0.258410901 0.965540886 0.0309014227
vn -0.254791468 0.966667771 0.0251992755
vn -0.254491389 0.966767371 0.0243992936
vn -0.254696041 0.966685057 0.0254997201
vn -0.264309019 0.963633001 0.0394014642
vn -0.265293568 0.963476717 0.0364992321
vn -0.266202807 0.963310301 0.0342004821
vn -0.266409725 0.963235199 0.0347013809
vn -0.265102446 0.963708937 0.0314004049
vn -0.264687628 0.963855088 0.0303986985
vn -0.263007909 0.964529097 0.0226007979
vn -0.271907657 0.961827219 0.0309009906
vn -0.271589905 0.961864352 0.032498911
vn -0.269998163 0.962493539 0.026599938
vn -0.269606262 0.962622404 0.0259007197
vn -0.289416015 0.956853032 0.0259015504
vn -0.277498722 0.960395634 0.0252
vn -0.282203794 0.959012985 0.0256004594
vn -0.286291987 0.957773268 0.0265993718
vn -0.283189774 0.9583655 0.0365987979
vn -0.273409307 0.961532772 0.0265010186
vn -0.273102492 0.961608887 0.0269003659
vn -0.280908614 0.959429502 0.0242008585
vn -0.282912642 0.958542943 0.0340016373
vn -0.282997847 0.958492815 0.0346998535
vn -0.28689605 0.957586884 0.0267997459
vn -0.287616134 0.95735383 0.027401654
vn -0.280010372 0.959735692 0.0224009454
vn -0.283401459 0.958905041 0.0136001874
vn -0.279204905 0.960017025 0.020300474
vn -0.281398058 0.959493518 0.0137000214
vn -0.281305194 0.959517777 0.0139003722
vn -0.282615274 0.959152043 0.0125007927
vn -0.28380397 0.958813488 0.0115002757
vn -0.288694978 0.957383454 0.00849996787
vn -0.284908444 0.958528519 0.00710032554
vn -0.283789158 0.958863378 0.00669985823
vn -0.274800152 0.961500645 0.00130011549
vn -0.285187095 0.958456755 0.00539987022
vn -0.28679657 0.957988679 0.0024000858
vn -0.282700449 0.959201634 0.00360012031
vn -0.276807338 0.960925579 1.14551241e-07
vn -0.290003628 0.957012117 0.00510017853
vn -0.287099332 0.957897961 0.00240010908
vn -0.287493855 0.957779646 0.00240006321
vn -0.292488933 0.956264019 0.00309999753
vn -0.289397776 0.957192719 0.00560007105
vn -0.290489703 0.956866264 0.00479994481
vn -0.29839462 0.954382837 0.0106999213
vn -0.2887927 0.957375944 0.00549997576
vn -0.286305487 0.958118498 0.00620023394
vn -0.302092373 0.953276038 0.0023000557
vn -0.295595914 0.95528686 0.00710001681
vn -0.311191142 0.950273037 0.0118997768
vn -0.31641385 0.948541641 0.0123006534
vn -0.16850391 0.984822869 0.0416010842
vn -0.50750345 0.861605942 0.00870016217
vn -0.318093181 0.947979808 0.0122998506
vn -0.360877126 0.91144222 0.197587609
vn -0.26019302 0.959074378 0.11169713
vn -0.322618306 0.94075346 0.104406044
vn -0.307312042 0.950137317 0.0529021919
vn -0.29279238 0.887876868 0.354890883
vn -0.33859992 0.86409986 0.372400016
vn -0.266294152 0.939079463 0.217295378
vn -0.174203068 0.564109921 0.807114363
vn -0.206801876 0.620305598 0.756607056
vn -0.106897004 0.453787208 0.884675384
vn -0.234199449 0.901997924 0.36269927
vn -0.191589534 0.780657411 0.594867706
vn -0.193495989 0.78388375 0.589987934
vn -0.147196129 0.623083591 0.768179893
vn -0.239593804 0.958275318 0.155896097
vn -0.244496182 0.937585413 0.247296289
vn -0.219894201 0.887576699 0.404789507
vn -0.245203212 0.967512786 0.061600931
vn -0.246705756 0.968722701 0.0267007407
vn -0.249008268 0.967932224 0.0332012214
vn -0.251285493 0.966944218 0.0432976149
vn -0.236597493 0.9704898 0.0465996228
vn -0.244711697 0.96854645 0.0451022759
vn -0.249710679 0.967241466 0.0457020737
vn -0.25228852 0.966456115 0.0480979308
vn -0.254791051 0.966366291 0.0348988958
vn -0.255689859 0.966261864 0.0309988912
vn -0.255289257 0.966459453 0.027998941
vn -0.254795194 0.966881871 0.0147998389
vn -0.256711781 0.966244459 0.0217011143
vn -0.256092429 0.966471553 0.018699564
vn -0.255702943 0.966611326 0.0167003106
vn -0.255086482 0.96684885 0.0115995007
vn -0.255200565 0.966802239 0.0129001467
vn -0.252510756 0.96744138 0.0172008518
vn -0.251803786 0.96761471 0.0178003851
vn -0.253608525 0.967232645 0.0120005207
vn -0.252912164 0.967446625 0.00910055358
vn -0.254703581 0.967013657 0.00330016203
vn -0.255009055 0.966934443 0.00290021836
vn -0.254210889 0.967141449 0.0038002783
vn -0.25390479 0.967218399 0.00460020313
vn -0.253811002 0.967242002 0.00480032433
vn -0.253199309 0.967397451 0.00570010021
vn -0.260700613 0.965402424 0.00580012938
vn -0.245305046 0.969420016 0.00710026268
vn -0.248689234 0.968558192 0.00699981395
vn -0.252304882 0.967618823 0.00750026153
vn -0.25209409 0.967677534 0.00699995318
vn -0.252306312 0.967624366 0.00670028431
vn -0.231991887 0.972066164 0.0355988741
vn -0.252799362 0.967497647 0.00640010042
vn -0.254087031 0.967050791 0.0158993062
vn -0.253200501 0.967402041 0.00480012549
vn -0.255312264 0.966246605 0.0344017744
vn -0.256515205 0.96635747 0.0188012328
vn -0.257196248 0.966286063 0.0118999444
vn -0.257292569 0.966272235 0.0108998017
vn -0.257506609 0.966224909 0.0100003732
vn -0.257908076 0.966130376 0.00870038942
vn -0.258308113 0.966030419 0.00790036377
vn -0.259506613 0.965724647 0.00570026087
vn -0.260609627 0.965435743 0.00410026684
vn -0.259695768 0.965684295 0.00350005855
vn -0.258806705 0.965925157 0.00280018803
vn -0.254703969 0.967015147 0.00280015892
vn -0.255688816 0.966757774 0.00170004112
vn -0.255196571 0.966887057 0.00210008724
vn -0.256392688 0.966572583 0.000700095319
vn -0.255009711 0.966937006 0.00180018414
vn -0.255408525 0.96683228 0.001400162
vn -0.25749439 0.96627903 0.00130008685
vn -0.256790936 0.96646601 0.00150006253
vn -0.258408755 0.966032863 0.00240019686
vn -0.258103877 0.966114521 0.00230014999
vn -0.258899927 0.965899885 0.00290011475
vn -0.268995196 0.960082948 0.0766987503
vn -0.275598526 0.958095133 0.0780997127
vn -0.283204257 0.958314478 0.0378006846
vn -0.283506066 0.958320618 0.0353008769
vn -0.278592676 0.958274841 0.0639984384
vn -0.299113929 0.954144537 0.0118006654
vn -0.306505322 0.951516688 0.0259005688
vn -0.301287174 0.952059567 0.0529978648
vn -0.304816484 0.95025152 0.064103581
vn -0.296103418 0.949411154 0.104601339
vn -0.254191786 0.963568985 0.0831974298
vn -0.251808167 0.963831425 0.0873029605
vn -0.249293849 0.964476347 0.0873979628
vn -0.249610096 0.964439154 0.0869036391
vn -0.252692759 0.963672519 0.0864976421
vn -0.253002286 0.966208875 0.04930057
vn -0.25379169 0.966368437 0.0414987579
vn -0.232401699 0.919406772 0.317302465
vn -0.236699581 0.907198429 0.34779951
vn -0.201505333 0.819021761 0.537214398
vn -0.203692287 0.792769969 0.574478447
vn -0.154601321 0.64450556 0.748806536
vn -0.154607415 0.626130104 0.764236867
vn -0.109195039 0.470978528 0.875360429
vn -0.122095212 0.474281341 0.871865988
vn -0.139503241 0.509111762 0.849319875
vn -0.190699607 0.556598783 0.808598578
vn -0.14480406 0.482713461 0.863724351
vn -0.136198387 0.486694187 0.862890005
vn -0.167504504 0.527114093 0.833122551
vn -0.180399626 0.536798894 0.824198484
vn -0.228496507 0.909186184 0.348094851
vn -0.230909735 0.902638078 0.363215476
vn -0.194898337 0.794893205 0.574595213
vn -0.19590047 0.783501923 0.589701593
vn -0.14200221 0.605709434 0.782912314
vn -0.138702646 0.606211603 0.783115149
vn -0.0944968238 0.440085173 0.892970145
vn -0.0942009687 0.44630453 0.889909387
vn -0.245201901 0.871006787 0.425703466
vn -0.300395548 0.933186293 0.197297215
vn -0.276107609 0.931725681 0.235906631
vn -0.300987631 0.945161283 0.126794919
vn -0.272808105 0.953728497 0.126403883
vn -0.282195091 0.956483483 0.0741988271
vn -0.263003469 0.961812735 0.0758011118
vn -0.256996095 0.808187842 0.529892147
vn -0.211702749 0.764309883 0.609108031
vn -0.207896411 0.76568675 0.608689606
vn -0.255092978 0.867776155 0.4264884
vn -0.21909906 0.8471964 0.48399806
vn -0.275804728 0.931816041 0.235904187
vn -0.252207577 0.927027822 0.277508467
vn -0.277890265 0.948766887 0.150394857
vn -0.254999608 0.955298603 0.149599895
vn -0.265491515 0.961269438 0.0739977583
vn -0.258598715 0.96239531 0.0831997022
vn -0.263011634 0.963742673 0.0450021103
vn -0.262910187 0.963737428 0.0457018875
vn -0.21809648 0.701488733 0.678489208
vn -0.192195788 0.66738534 0.719484329
vn -0.186407775 0.669727981 0.718830109
vn -0.198399678 0.694498897 0.691599011
vn -0.155195281 0.644280374 0.748877347
vn -0.230893373 0.843375802 0.485186189
vn -0.201105058 0.819120646 0.537213624
vn -0.255585968 0.926049173 0.277684897
vn -0.235300198 0.918600857 0.317500412
vn -0.260005087 0.950218737 0.171703488
vn -0.250993639 0.952676058 0.171495795
vn -0.243909255 0.951636255 0.18680723
vn -0.245201349 0.951305389 0.186801165
vn -0.242292807 0.950671911 0.193694398
vn -0.246502489 0.949709713 0.193102106
vn -0.250007749 0.962929964 0.101303264
vn -0.199096084 0.793784559 -0.574688613
vn -0.284488738 0.958562195 -0.0149992937
vn -0.156599283 0.476898015 -0.864896119
vn -0.103298031 0.450691581 -0.886683106
vn -0.194300056 0.78360039 -0.59010011
vn -0.25500828 0.966931581 -0.00380000891
vn -0.251888454 0.967755854 -0.00109983434
vn -0.254492462 0.967071414 -0.00259980792
vn -0.253788859 0.967257679 -0.0019997973
vn -0.253906965 0.967226684 -0.00199994002
vn -0.254094034 0.967177391 -0.00209983555
vn -0.253389955 0.967361867 -0.00219979789
vn -0.256993771 0.966376781 -0.00839968212
vn -0.255302757 0.966810584 -0.0098999925
vn -0.254290849 0.967065334 -0.0109994896
vn -0.253702104 0.967208087 -0.0119999861
vn -0.253394693 0.967279851 -0.0126996199
vn -0.252610624 0.967440784 -0.0157005452
vn -0.255110234 0.966738939 -0.0183006208
vn -0.253894031 0.967077434 -0.0172994807
vn -0.253403425 0.967213213 -0.0169001147
vn -0.252911836 0.967345297 -0.0167006664
vn -0.252606958 0.967426717 -0.0166003425
vn -0.248806775 0.968526542 -0.00720008137
vn -0.257211387 0.966342866 -0.00490010204
vn -0.260607123 0.965426445 -0.00600004988
vn -0.245704591 0.969318151 -0.00720001943
vn -0.250192106 0.96816957 -0.00719965808
vn -0.254197955 0.966992259 -0.0175997429
vn -0.255300462 0.966301978 -0.0328999534
vn -0.256201565 0.966406107 -0.0205000136
vn -0.237193987 0.971375465 -0.012999557
vn -0.255194634 0.966879845 -0.00439979276
vn -0.209904626 0.977021635 -0.0370007008
vn -0.253993899 0.967076838 -0.0157995056
vn -0.253790468 0.967163801 -0.0135993762
vn -0.255499661 0.966798842 -0.00449987873
vn -0.254913449 0.966951132 -0.00500014843
vn -0.252398908 0.967595816 -0.00729985349
vn -0.253407776 0.9673298 -0.00760011887
vn -0.252398729 0.96759516 -0.00739984773
vn -0.249512136 0.968347192 -0.00690022111
vn -0.250311583 0.968144953 -0.00630017743
vn -0.255688518 0.966756761 -0.00219978625
vn -0.252098471 0.967694223 -0.00379986223
vn -0.255900651 0.96670264 -0.00109988765
vn -0.255408555 0.966832459 -0.00129992841
vn -0.256697804 0.966491818 -0.00029988226
vn -0.256790936 0.96646601 -0.00149983203
vn -0.256697536 0.966490746 -0.00149987056
vn -0.256697595 0.966490984 -0.00139987166
vn -0.258103877 0.966114521 -0.00229991949
vn -0.25789237 0.966171563 -0.00209982274
vn -0.258900017 0.965900183 -0.00279988511
vn -0.259297878 0.965792298 -0.00319985952
vn -0.26070258 0.965409696 -0.00429992843
vn -0.260702461 0.965409279 -0.00439992733
vn -0.259506136 0.965722919 -0.00600002799
vn -0.25858888 0.965958595 -0.00749956304
vn -0.258001417 0.966105461 -0.008699934
vn -0.257506609 0.966224909 -0.0100001423
vn -0.257291973 0.966270089 -0.0110995397
vn -0.257006615 0.966324985 -0.0128002157
vn -0.251403421 0.967713296 -0.0181001332
vn -0.252297759 0.967491567 -0.0174997319
vn -0.252698421 0.967394114 -0.017099781
vn -0.253100276 0.96730113 -0.0163999032
vn -0.255199909 0.966799736 -0.0130998818
vn -0.255108684 0.966832995 -0.0124003086
vn -0.255794704 0.966580093 -0.0170995332
vn -0.256207198 0.966427326 -0.0194004327
vn -0.256802946 0.9662112 -0.0221001394
vn -0.255002946 0.966811359 -0.01580007
vn -0.255001187 0.96660459 -0.025500007
vn -0.25530839 0.966031969 -0.0400012061
vn -0.259893894 0.965177476 -0.0297991876
vn -0.257090271 0.965663612 -0.0373984762
vn -0.255000651 0.965902627 -0.0448000021
vn -0.252101213 0.966504812 -0.048100125
vn -0.250104129 0.967116177 -0.0462006554
vn -0.248394936 0.967580378 -0.0456989557
vn -0.244804606 0.968518376 -0.0452007428
vn -0.235297844 0.970791161 -0.0468994603
vn -0.253597587 0.965990901 -0.0504994132
vn -0.249110594 0.964541197 -0.087203607
vn -0.252493531 0.961775422 -0.105997182
vn -0.242898896 0.950495839 -0.193799034
vn -0.246395677 0.94228363 -0.226695925
vn -0.0818026438 0.382012486 -0.920529783
vn -0.104596652 0.472185075 -0.875272095
vn -0.104895361 0.472879231 -0.87486136
vn -0.145800188 0.642601073 -0.75220108
vn -0.129494131 0.45647946 -0.88026017
vn -0.129201964 0.472307354 -0.871913373
vn -0.120704375 0.475617379 -0.871331632
vn -0.146801114 0.481603801 -0.864006698
vn -0.140000686 0.474402517 -0.869104326
vn -0.134299874 0.465499759 -0.874799371
vn -0.199494839 0.643283546 -0.739180863
vn -0.205496043 0.661887407 -0.720886052
vn -0.209612846 0.709943712 -0.672341168
vn -0.232205227 0.756717205 -0.611113727
vn -0.24480924 0.825331271 -0.508819163
vn -0.299497664 0.889693201 -0.34459722
vn -0.295006782 0.891920686 -0.342707813
vn -0.295001417 0.934904695 -0.197300896
vn -0.331196457 0.920890212 -0.205597714
vn -0.299115092 0.952048063 -0.0643031374
vn -0.306503713 0.951511681 -0.0261002071
vn -0.287094653 0.957882285 -0.00619977154
vn -0.302092433 0.953276277 -0.00219983142
vn -0.31120941 0.950328887 0.00490026223
vn -0.316416144 0.948548496 0.0117007103
vn -0.318086088 0.947958648 0.0139995022
vn -0.301199645 0.95349896 -0.0108998744
vn -0.289608896 0.957129419 -0.00550005492
vn -0.28979221 0.957074404 -0.0053997417
vn -0.292488873 0.956263781 -0.00319976453
vn -0.287493676 0.957779109 -0.00259982911
vn -0.282701075 0.95920378 -0.00289989705
vn -0.283514023 0.958947539 -0.00630019838
vn -0.285911471 0.958238602 -0.00580011914
vn -0.285003811 0.958512962 -0.00509995455
vn -0.277203262 0.960811317 -0.00039989021
vn -0.278812677 0.960343778 -0.00189997209
vn -0.284211159 0.958737731 -0.00680015376
vn -0.287393779 0.957779288 -0.00799971353
vn -0.294287771 0.955660462 -0.0103994561
vn -0.292711169 0.956136644 -0.0111003108
vn -0.287192881 0.957776368 -0.0135995504
vn -0.274406642 0.961223364 -0.0274005514
vn -0.283199966 0.958299994 -0.038199883
vn -0.283206403 0.95832175 -0.0376007371
vn -0.2831949 0.958382905 -0.0360992402
vn -0.282996863 0.958489537 -0.0347995013
vn -0.281593025 0.959176362 -0.0261992402
vn -0.273088038 0.961558044 -0.0287986286
vn -0.274405897 0.961220741 -0.0275004786
vn -0.287406713 0.957422435 -0.0272005238
vn -0.279801667 0.959805846 -0.0220000185
vn -0.284001917 0.958706498 -0.0149999876
vn -0.28351143 0.95883882 -0.0158005245
vn -0.293094188 0.955981195 -0.0139996121
vn -0.286901355 0.957604647 -0.0261000134
vn -0.282808632 0.958829403 -0.0258006789
vn -0.285989165 0.957863808 -0.0265988819
vn -0.26410085 0.964003265 -0.0307999887
vn -0.274110377 0.961236477 -0.0298010167
vn -0.272790611 0.961067021 -0.0439983718
vn -0.262289315 0.946261585 -0.189192191
vn -0.26469487 0.963481545 -0.040499106
vn -0.26418981 0.963962853 -0.0312986784
vn -0.264303237 0.96391207 -0.0319002829
vn -0.26498872 0.963659108 -0.0337984487
vn -0.265698612 0.963395059 -0.0356997028
vn -0.265198618 0.963495195 -0.0366997011
vn -0.264310062 0.963636816 -0.0393013842
vn -0.253795087 0.966081321 -0.0476989634
vn -0.254409373 0.966235638 -0.040801391
vn -0.255001634 0.966006279 -0.0425001606
vn -0.253287554 0.966652572 -0.0377980247
vn -0.251295984 0.967284679 -0.0347993337
vn -0.251898676 0.967095077 -0.0356997028
vn -0.255411029 0.966341913 -0.0308012199
vn -0.257101864 0.966007173 -0.0270000845
vn -0.262594819 0.964081049 -0.0398990996
vn -0.257391453 0.965367973 -0.042598471
vn -0.254398763 0.965995431 -0.0461996607
vn -0.257296115 0.965985656 -0.0258994997
vn -0.256789088 0.965759099 -0.0369983204
vn -0.256905288 0.965919912 -0.0316005349
vn -0.255093455 0.966675222 -0.02159933
vn -0.25389117 0.966966569 -0.022699099
vn -0.254000992 0.966903806 -0.0240999795
vn -0.254206389 0.966824353 -0.025100518
vn -0.254803449 0.966613173 -0.0271002557
vn -0.256191909 0.966169715 -0.029698953
vn -0.248706028 0.968023598 -0.0328006856
vn -0.261599034 0.964396536 -0.0387997478
vn -0.271705121 0.961718321 -0.0357005633
vn -0.25109145 0.967567146 -0.0276989434
vn -0.251812458 0.967447996 -0.0252011344
vn -0.253391445 0.967167497 -0.0194992293
vn -0.245595962 0.96918422 -0.0190995708
vn -0.249805003 0.968119502 -0.0185002573
vn -0.293189943 0.955967367 -0.0128994472
vn -0.266690463 0.963665664 -0.0149993505
vn -0.299203932 0.954112649 -0.0121000465
vn -0.299594015 0.953980982 -0.0127996318
vn -0.382580131 0.923852086 -0.0113992989
vn -0.27050513 0.959618211 -0.077201359
vn -0.264887899 0.961256266 -0.0762964115
vn -0.253812373 0.964247167 -0.0762036145
vn -0.263705134 0.963718891 -0.0413006917
vn -0.263905168 0.963718951 -0.0400006697
vn -0.259906828 0.962025344 -0.0834020898
vn -0.26529938 0.961197853 -0.0755997151
vn -0.251688689 0.952457309 -0.171692178
vn -0.228504926 0.891219437 -0.391808391
vn -0.227505729 0.903222859 -0.363909066
vn -0.226404831 0.903419435 -0.364107698
vn -0.244698748 0.950095236 -0.193498909
vn -0.242885381 0.951842844 -0.187088624
vn -0.249300361 0.9645015 -0.0871000215
vn -0.249501094 0.964404285 -0.0876002759
vn -0.251285493 0.966944218 -0.0432973839
vn -0.249006614 0.967925847 -0.033400774
vn -0.211789012 0.815857887 -0.53807205
vn -0.192697078 0.795288146 -0.574791253
vn -0.241090536 0.916964173 -0.317887455
vn -0.19149451 0.784077764 -0.590383053
vn -0.232892826 0.908072233 -0.348089218
vn -0.227606684 0.909326911 -0.348310143
vn -0.249314025 0.950253606 -0.186710402
vn -0.245595291 0.954081833 -0.1714966
vn -0.253893554 0.963275671 -0.0873976722
vn -0.252195925 0.964084506 -0.0832985491
vn -0.255109906 0.965937614 -0.0434015729
vn -0.255088568 0.965956867 -0.0430979542
vn -0.269993395 0.957476616 -0.101697408
vn -0.291988671 0.950663269 -0.104795843
vn -0.305595994 0.946387708 -0.104698531
vn -0.285492241 0.937874615 -0.197194546
vn -0.292390525 0.926570058 -0.236592248
vn -0.245306805 0.870924354 -0.425811797
vn -0.190502599 0.531107366 -0.825611293
vn -0.164299414 0.539198279 -0.825997055
vn -0.176605403 0.562917411 -0.807424784
vn -0.154207528 0.572828114 -0.805039346
vn -0.186406866 0.669624865 -0.718926489
vn -0.198399723 0.694399178 -0.691698968
vn -0.207899675 0.765599012 -0.608798981
vn -0.241502807 0.839809954 -0.486205637
vn -0.23489663 0.874187648 -0.424993902
vn -0.267811209 0.922338665 -0.278511554
vn -0.261297256 0.936090291 -0.235497445
vn -0.282095194 0.950983882 -0.126697734
vn -0.291202307 0.948207557 -0.126900896
vn -0.307189018 0.950166166 -0.0530979969
vn -0.342185169 0.938159406 -0.0525976121
vn -0.274603724 0.960413158 -0.0469005294
vn -0.283204257 0.958314478 -0.0378004536
vn -0.279802531 0.95790875 -0.0642004758
vn -0.282783777 0.956545293 -0.0710958168
vn -0.268288255 0.95155853 -0.150193319
vn -0.26320222 0.953008115 -0.150001168
vn -0.242891312 0.929666877 -0.276990026
vn -0.248704717 0.914817512 -0.318205953
vn -0.214507699 0.84853065 -0.483717322
vn -0.218887419 0.813653469 -0.538569033
vn -0.155193657 0.644173861 -0.748969376
vn -0.154502094 0.644408941 -0.748910189
vn -0.154605284 0.626021564 -0.764326215
vn -0.1418906 0.605560064 -0.783048153
vn -0.144200489 0.605202258 -0.782902718
vn -0.194402471 0.792610288 -0.577907324
vn -0.269714743 0.961952686 -0.0436022729
vn -0.269106835 0.962224483 -0.0413009338
vn -0.268196315 0.96258682 -0.0386993513
vn -0.270097315 0.961590588 -0.0488994084
vn -0.270205706 0.961620331 -0.0477008931
vn -0.270107269 0.961726069 -0.0461011305
vn -0.267303675 0.962913334 -0.036700394
vn -0.266197294 0.963290334 -0.0347995348
vn -0.265294105 0.963578641 -0.0336991362
vn -0.264901072 0.96370405 -0.0332000218
vn -0.26459834 0.963794053 -0.0329996794
vn -0.265110821 0.963639379 -0.0334012508
vn -0.265994042 0.963378549 -0.0338991284
vn -0.267391711 0.962970257 -0.0344988182
vn -0.323017448 0.94485116 -0.054002814
vn -0.269989938 0.962364256 -0.030998731
vn -0.272205681 0.961720228 -0.0316005461
vn -0.275408 0.960527956 -0.0392010249
vn -0.273499399 0.960998058 -0.0409998
vn -0.272188395 0.961559176 -0.036298342
vn -0.273491025 0.961368561 -0.0311988648
vn -0.275785416 0.960649371 -0.0330981426
vn -0.255591989 0.966769755 -0.00539971609
vn -0.255989164 0.966659248 -0.0062996191
vn -0.25589633 0.966686308 -0.00589980185
vn -0.255803347 0.966712773 -0.00559995836
vn -0.255710155 0.966738582 -0.00540010026
vn -0.255400598 0.966802359 -0.00799990445
vn -0.255188525 0.966856658 -0.00819951668
vn -0.255094886 0.96688062 -0.00829971768
vn -0.255213231 0.966850162 -0.00820031017
vn -0.25561285 0.966748714 -0.00770027284
vn -0.255893975 0.966677427 -0.00729971472
vn -0.255988181 0.966655433 -0.00689956686
vn -0.255896807 0.966688037 -0.00559981493
vn -0.255989969 0.966662228 -0.00579965813
vn -0.25610736 0.966627955 -0.00630006753
vn -0.255803883 0.966714859 -0.00519996462
vn -0.255804181 0.966715872 -0.00499996683
vn -0.256293774 0.966576636 -0.00659972522
vn -0.256504864 0.966518402 -0.00690001668
vn -0.256691337 0.9664675 -0.00709964661
vn -0.256809354 0.966435373 -0.00720014842
vn -0.256504685 0.966517806 -0.00700001419
vn -0.256199807 0.966599405 -0.00689988071
vn -0.242205098 0.970220506 -0.00299994787
vn -0.255493432 0.966775298 -0.00829967298
vn -0.255306691 0.966825426 -0.00820010062
vn -0.218504295 0.956518948 -0.193203717
vn 0.129500762 0.218501419 -0.967205763
vn 0.126803607 0.201105863 -0.971327722
vn 0.289003581 0.280503601 -0.915311337
vn 0.258004516 0.311305642 -0.914616168
vn 0.487800062 0.23830016 -0.839800239
vn 0.483714044 0.244007215 -0.840524495
vn 0.592692673 0.391295254 -0.703991294
vn 0.654300094 0.331100166 -0.67990011
vn 0.735092878 0.458195716 -0.499695182
vn 0.779569089 0.258289844 -0.570577323
vn 0.79798609 0.461592048 -0.387493253
vn 0.894174039 0.344390064 -0.286091685
vn 0.85981977 0.467810839 -0.204604685
vn 0.910583377 0.406592637 -0.0742985979
vn 0.876016259 0.48210904 -0.0129001848
vn 0.924937725 0.332113564 0.1849076
vn 0.914993465 0.364497423 0.172998816
vn 0.811707556 0.456204236 0.364703476
vn 0.812906861 0.450903773 0.3686032
vn 0.764633775 0.342015117 0.546224236
vn 0.778838456 0.177008688 0.601729751
vn 0.614000797 0.386500448 0.688200951
vn 0.490810752 0.291606337 0.821018159
vn 0.48059094 0.0902982056 0.872283697
vn 0.310596853 0.285697043 0.906590998
vn 0.136095211 0.219092205 0.966166139
vn 0.137401626 0.227602586 0.96401149
vn -0.0403981358 0.18099156 0.98265475
vn -0.0432993323 0.168297306 0.984784961
vn -0.218392402 0.956566811 -0.193093196
vn -0.185403734 0.965319574 -0.183803603
vn -0.185503706 0.965319395 -0.183703557
vn -0.153294966 0.973968029 -0.166994393
vn -0.153593019 0.97395575 -0.166792303
vn -0.125198066 0.981684923 -0.143597677
vn -0.125505671 0.981644452 -0.14360638
vn -0.101902537 0.988124728 -0.115002766
vn -0.10219942 0.988094449 -0.114999242
vn -0.0845029801 0.993035078 -0.0821027756
vn -0.0848994255 0.992993355 -0.0821993276
vn -0.073899284 0.996190548 -0.0462994389
vn -0.0739983991 0.996178508 -0.0463988781
vn -0.0700005069 0.997507393 -0.00889994577
vn -0.0700004473 0.997506499 -0.00899993908
vn -0.0733001903 0.996902764 0.0285001975
vn -0.0732005239 0.996907234 0.0286003258
vn -0.0835015029 0.994418085 0.0645012856
vn -0.100403845 0.990138054 0.0977038741
vn -0.100402862 0.990128338 0.0978029221
vn -0.123098299 0.984286547 0.126598388
vn -0.123093612 0.984249115 0.12689355
vn -0.150903776 0.977024496 0.150503889
vn -0.150899231 0.976995111 0.150699362
vn -0.18259877 0.968693554 0.168198988
vn -0.1825957 0.968677223 0.168296158
vn -0.232709333 0.955038369 0.183707491
vn -0.225489244 0.963754177 0.142593339
vn -0.254603863 0.948614597 0.187903017
vn -0.206491843 0.803268313 0.55867815
vn -0.217990533 0.808064997 0.547276437
vn -0.112501748 0.835913062 0.537208498
vn -0.112597115 0.835978687 0.537086427
vn -0.0112003544 0.862627387 0.505716205
vn -0.0112993717 0.862652004 0.505672038
vn 0.0821999684 0.887099743 0.454200029
vn 0.0820050389 0.88715452 0.454128087
vn 0.16400601 0.908433318 0.384514242
vn 0.163699165 0.908495426 0.384498209
vn 0.230907455 0.92572993 0.299509794
vn 0.230602041 0.925808311 0.29950279
vn 0.280189872 0.938366115 0.202392831
vn 0.310287237 0.945661187 0.0971961245
vn 0.310196877 0.945690513 0.097199142
vn 0.319712609 0.947437406 -0.0121003659
vn 0.319801986 0.947405994 -0.0121999644
vn 0.308191121 0.943572879 -0.121196412
vn 0.308397472 0.943492353 -0.121298902
vn 0.276298404 0.934194624 -0.22569862
vn 0.276404083 0.93411392 -0.225903258
vn 0.224997848 0.919791341 -0.321496844
vn 0.225200132 0.919600666 -0.3219001
vn 0.156706169 0.900735557 -0.405115873
vn 0.156693459 0.900662601 -0.405283034
vn 0.0735993981 0.878092945 -0.472796053
vn 0.0736018792 0.877922595 -0.473112017
vn -0.0206006244 0.852625966 -0.522115707
vn -0.020599151 0.852465034 -0.522378445
vn -0.117702857 0.826820254 -0.550013304
vn -0.128592134 0.515068471 0.847448409
vn -0.143495843 0.526184678 0.838175893
vn 0.0153998034 0.567992687 0.822889686
vn 0.015300218 0.568108022 0.822811902
vn 0.169899434 0.608697951 0.774997592
vn 0.169697672 0.608891666 0.774889588
vn 0.312197477 0.646194756 0.696394444
vn 0.312087059 0.646273196 0.696371198
vn 0.436906695 0.678710341 0.590309203
vn 0.436689407 0.678783536 0.590385795
vn 0.538897812 0.705097139 0.46089828
vn 0.538802028 0.705102682 0.461001903
vn 0.614404738 0.724205613 0.313102514
vn 0.614216447 0.724319518 0.31320852
vn 0.660115063 0.735416889 0.153003603
vn 0.674526513 0.738129139 -0.013400441
vn 0.674580157 0.738078356 -0.013499517
vn 0.657004535 0.732205212 -0.179501161
vn 0.657109499 0.732110679 -0.179502517
vn 0.608219028 0.717922509 -0.33861053
vn 0.608328104 0.717733324 -0.338815629
vn 0.530105054 0.695806801 -0.484604627
vn 0.53011626 0.695721447 -0.484714836
vn 0.425609231 0.667014658 -0.611513317
vn 0.425698191 0.666697323 -0.611797392
vn 0.298999965 0.632300138 -0.714699924
vn 0.298995018 0.632089615 -0.714888096
vn 0.155200422 0.59340179 -0.789802194
vn 0.155197382 0.59329015 -0.789886713
vn 0.0072003142 0.554224372 -0.832336366
vn 0.00719991326 0.553993523 -0.832490027
vn -0.236004621 0.116702177 0.964718938
vn -0.705636919 0.0323016047 0.707837045
vn -0.540696561 -0.0746996254 0.837894738
vn -0.537898123 -0.0432999544 0.84189719
vn -0.38941738 0.115105033 0.91384089
vn -0.390990317 0.110997155 0.913677454
vn -0.198200777 0.0650001392 0.978003979
vn -0.865669072 0.00589973014 0.500582159
vn -0.778797626 -0.0349999703 0.62629807
vn -0.726521194 -0.0211006999 0.686820149
vn -0.794979632 -0.192495152 0.575285316
vn -0.918850482 -0.0264015011 0.3937217
vn -0.932429135 -0.0790025219 0.352611065
vn -0.967428565 -0.0892026648 0.236907005
vn -0.975987792 -0.0544993468 0.210897386
vn -0.988539755 -0.133905426 0.0697027966
vn -0.997937918 -0.0614023432 0.018700704
vn -0.971736968 -0.157205969 -0.176106721
vn -0.971921325 -0.156403422 -0.175803885
vn -0.931873679 -0.0432987399 -0.360189855
vn -0.932894886 -0.0401997417 -0.357898057
vn -0.832579672 -0.124696903 -0.539686859
vn -0.766377151 -0.260092229 -0.587382615
vn -0.729198098 0.00250007538 -0.684298277
vn -0.575891733 -0.0234995652 -0.817188323
vn -0.47200495 -0.184801862 -0.862009168
vn -0.0519003682 0.170401335 -0.98400712
vn -0.0964957774 -0.0942957699 -0.990856767
vn -0.235000819 0.0880004391 -0.968003511
vn -0.421296179 0.0752994344 -0.903791964
vn -0.284110188 0.94073385 0.185206786
vn -0.317810774 0.931731701 0.175706074
vn -0.31790626 0.931718409 0.175603583
vn -0.35080719 0.922919035 0.15860337
vn -0.350785971 0.922963142 0.15839377
vn -0.379787862 0.915170848 0.134995818
vn -0.379717648 0.915242612 0.134706378
vn -0.403798997 0.908697844 0.105899855
vn -0.403682917 0.90876168 0.105795652
vn -0.421794504 0.903788388 0.0724991709
vn -0.421800643 0.903801501 0.0723002255
vn -0.433193177 0.900585949 0.035899546
vn -0.433194727 0.900589168 0.0357996747
vn -0.43750608 0.899212658 -0.00229992508
vn -0.434520274 0.899742067 -0.0407017916
vn -0.434601367 0.899702966 -0.0407000259
vn -0.424289823 0.902178466 -0.0777980387
vn -0.424410045 0.902121484 -0.0778017417
vn -0.40737924 0.906353891 -0.112094179
vn -0.407499522 0.906299055 -0.112099767
vn -0.38429144 0.912179768 -0.142296731
vn -0.38469696 0.911992967 -0.14239879
vn -0.356116205 0.919341981 -0.167307526
vn -0.356399 0.9191975 -0.167499438
vn -0.323908269 0.927623808 -0.186004654
vn -0.323991746 0.927576482 -0.186095163
vn -0.288701802 0.936805904 -0.197601154
vn -0.288895041 0.936684012 -0.197896525
vn -0.255601972 0.945507467 -0.201701477
vn -0.252400577 0.947502196 -0.196300343
vn -0.213997498 0.80129081 -0.558693409
vn -0.220305666 0.791620493 -0.569914579
vn -0.322598934 0.764497638 -0.558098078
vn -0.322502673 0.764606476 -0.558004618
vn -0.425006539 0.737811506 -0.524408042
vn -0.424793184 0.73808831 -0.524191558
vn -0.519071817 0.713661313 -0.470374405
vn -0.518875957 0.713867128 -0.470278203
vn -0.601200819 0.692701101 -0.398400515
vn -0.600989819 0.692888379 -0.398393244
vn -0.668161571 0.67586118 -0.311082035
vn -0.667905092 0.676105261 -0.311102301
vn -0.717217863 0.663816631 -0.212005228
vn -0.717170238 0.6638726 -0.211991161
vn -0.746677041 0.656879902 -0.104796708
vn -0.755324721 0.655321538 0.00620028237
vn -0.755367696 0.655272067 0.00619981391
vn -0.742737591 0.659333467 0.116706014
vn -0.742822766 0.659220278 0.116803676
vn -0.709480047 0.668681204 0.222493842
vn -0.709511757 0.668611109 0.222603783
vn -0.656811714 0.683112264 0.319305837
vn -0.656814635 0.683015287 0.319507241
vn -0.586767197 0.701960862 0.403677583
vn -0.586808324 0.701910079 0.403705895
vn -0.502202511 0.72470361 0.471802473
vn -0.502191484 0.724587798 0.471992165
vn -0.406310916 0.75022012 0.521614194
vn -0.406289726 0.750181019 0.521687031
vn -0.307904601 0.776611567 0.54960835
vn -0.140999615 0.514698744 -0.845697761
vn -0.146604657 0.498116016 -0.854627252
vn -0.302903086 0.456804812 -0.836408556
vn -0.302809894 0.457015097 -0.836327434
vn -0.457529306 0.416626811 -0.785550356
vn -0.45739302 0.41689381 -0.785488069
vn -0.599612415 0.380007982 -0.70431453
vn -0.599415898 0.380310208 -0.704318702
vn -0.723572373 0.348386824 -0.59587729
vn -0.723401427 0.348700792 -0.595901191
vn -0.824589252 0.323095888 -0.464394003
vn -0.824530602 0.323212057 -0.464417249
vn -0.898888588 0.304696202 -0.314896017
vn -0.898813725 0.304804713 -0.315004796
vn -0.943347156 0.294214755 -0.153407648
vn -0.943304896 0.294301569 -0.15350078
vn -0.956315815 0.292004853 0.0139002651
vn -0.956342459 0.291912973 0.0140006579
vn -0.937305748 0.298001826 0.180701151
vn -0.937333643 0.29791069 0.180706531
vn -0.887041807 0.312214702 0.340116054
vn -0.887058079 0.311985284 0.34028399
vn -0.807486653 0.333894432 0.486292034
vn -0.807474315 0.333789349 0.48638463
vn -0.701682925 0.362491161 0.613385201
vn -0.701690793 0.36229524 0.613492072
vn -0.57391119 0.396707684 0.716414094
vn -0.573892772 0.396595001 0.716491163
vn -0.429081738 0.435281426 0.791466475
vn -0.429000139 0.435300112 0.791500449
vn -0.280492812 0.475187778 0.833978772
vn -0.28039062 0.475084066 0.834072232
vn -0.741179466 -0.214894161 0.635982454
vn -0.113300681 -0.0332000814 -0.993005991
vn -0.110697426 0.0123998327 -0.993776977
vn -0.471788347 -0.185495347 -0.861978829
vn -0.823274314 -0.286591142 0.489984721
vn -0.471902996 -0.0744003803 -0.878505707
vn -0.633455038 -0.18698667 -0.750846803
vn -0.78193891 -0.206010208 -0.588329315
vn -0.784491837 -0.147698402 -0.602293789
vn -0.88546139 -0.288287431 -0.364484131
vn -0.884422541 -0.256906509 -0.389610022
vn -0.945226133 -0.274707556 -0.176304922
vn -0.953384697 -0.229696304 -0.19569692
vn -0.946262598 -0.315487564 0.0710971504
vn -0.95900178 -0.278900534 0.0503000654
vn -0.931921661 -0.270906359 0.241105586
vn -0.92877686 -0.276793182 0.246493861
vn -0.897006631 -0.25870198 0.35840264
vn -0.783344686 -0.353720307 0.5111292
vn -0.272792727 -0.0795980021 0.958774507
vn -0.117895246 -0.302087992 0.945961952
vn -0.324412525 -0.151305974 0.933736205
vn -0.635284841 -0.0371992104 0.771381676
vn -0.445583045 -0.368086129 0.816069007
vn -0.686400294 -0.206800207 0.697200418
vn 0.00219999417 0.000699878961 0.999997497
vn 0.0944045931 -0.0717036128 0.992948413
vn 0.178209081 0.0891044363 0.97995007
vn 0.265295267 0.0718986094 0.961482942
vn 0.459604383 0.167901501 0.872108459
vn 0.494308591 0.112201855 0.862015069
vn 0.757832646 0.253410876 0.601226032
vn 0.787324131 0.196705997 0.584317982
vn 0.886534154 0.265910238 0.378614664
vn 0.892415345 0.260804474 0.368206382
vn 0.945139766 0.276211619 0.174407393
vn 0.95058924 0.26119706 0.167798132
vn 0.954942644 0.287312835 -0.0744032934
vn 0.956697762 0.279499382 -0.0812997818
vn 0.919477522 0.268693507 -0.286992997
vn 0.921254516 0.253987521 -0.294585466
vn 0.819214344 0.252704531 -0.514809012
vn 0.818906248 0.239201903 -0.521704078
vn 0.697496653 0.203799129 -0.686996758
vn 0.694781363 0.189595029 -0.693781435
vn 0.507598102 0.168299481 -0.844996929
vn 0.505311668 0.147603512 -0.850219727
vn 0.3267003 0.0954002142 -0.940301001
vn 0.329197735 0.0995994434 -0.938993633
vn 0.17939423 0.0466986224 -0.982668459
vn 0.181493193 0.052998133 -0.981963217
vn -0.237113491 0.115806483 0.964554965
vn -0.705706775 0.0336002409 0.707706928
vn -0.54126972 -0.0838954151 0.836653352
vn -0.537822425 -0.0435019173 0.841935217
vn -0.390314281 0.11370407 0.913633585
vn -0.390888929 0.112196736 0.913574338
vn -0.196707398 0.0598021373 0.97863692
vn -0.866914868 0.00690005906 0.498408586
vn -0.778714955 -0.0348007455 0.626412094
vn -0.728792965 -0.0215998758 0.684393466
vn -0.792774677 -0.201393649 0.57528168
vn -0.918907106 -0.0262002517 0.393603086
vn -0.93330735 -0.0789006725 0.350302786
vn -0.967506588 -0.0889006481 0.236701638
vn -0.976070106 -0.0541983694 0.210593581
vn -0.988557816 -0.135394245 0.0664971545
vn -0.997762978 -0.0642976239 0.018299317
vn -0.973100901 -0.148300141 -0.176300198
vn -0.971494317 -0.155199096 -0.17919898
vn -0.931579292 -0.0445989743 -0.360792041
vn -0.925277054 -0.0625984147 -0.374090761
vn -0.838840306 -0.0842039958 -0.537825882
vn -0.766179025 -0.231493607 -0.599483609
vn -0.72871542 0.00170011795 -0.684814632
vn -0.574420214 -0.0295009445 -0.818028927
vn -0.477489859 -0.181996062 -0.859581888
vn -0.0491002388 0.17910102 -0.982604921
vn -0.0965023488 -0.109202549 -0.989324212
vn -0.231804803 0.0756016895 -0.969820201
vn -0.421617568 0.0800034478 -0.903237641
vn -0.250605851 0.948122263 -0.195604488
vn -0.255504847 0.945018053 -0.204103783
vn -0.286793023 0.936777353 -0.200495049
vn -0.286707014 0.936822951 -0.200404808
vn -0.322006971 0.927720249 -0.18880403
vn -0.321606874 0.927919984 -0.188503966
vn -0.354202151 0.919605732 -0.169900939
vn -0.353799194 0.919798017 -0.16969952
vn -0.382393211 0.912583888 -0.14479734
vn -0.381987423 0.912770092 -0.144695163
vn -0.405299127 0.906998158 -0.114399657
vn -0.405011594 0.907126069 -0.114403173
vn -0.422190338 0.902979434 -0.0798980743
vn -0.421987861 0.903074205 -0.0798976049
vn -0.432308972 0.900718749 -0.042600777
vn -0.435290813 0.900281131 -0.00399980927
vn -0.435209572 0.900319934 -0.00409998372
vn -0.430881113 0.901760519 0.034198612
vn -0.430998445 0.90169692 0.03439999
vn -0.419496298 0.904992104 0.0707994848
vn -0.419687092 0.904872298 0.0711979195
vn -0.401616484 0.909837484 0.104404412
vn -0.401720077 0.909745574 0.104805365
vn -0.377708435 0.916220605 0.133703113
vn -0.377693295 0.916183829 0.133997738
vn -0.348718345 0.923948765 0.157208383
vn -0.348690897 0.923875988 0.157696009
vn -0.300613016 0.936140716 0.18240802
vn -0.304712445 0.942038596 0.140405878
vn -0.282201618 0.941505432 0.184201181
vn -0.211486623 0.805849135 -0.553064942
vn -0.222000957 0.789203584 -0.572602391
vn -0.320699453 0.763098955 -0.561098993
vn -0.32052502 0.763359785 -0.560843766
vn -0.423187405 0.736878216 -0.527184248
vn -0.422892123 0.737186491 -0.526990235
vn -0.517500281 0.713000536 -0.473100245
vn -0.517084241 0.713378429 -0.472985595
vn -0.599724829 0.692528784 -0.400916576
vn -0.599390626 0.692889273 -0.400793701
vn -0.666715086 0.676215351 -0.313407034
vn -0.666513741 0.676414073 -0.313406408
vn -0.716043234 0.664440155 -0.214012861
vn -0.715899348 0.664599478 -0.213999748
vn -0.745606005 0.657805443 -0.106600799
vn -0.745512664 0.657911241 -0.106601737
vn -0.75421381 0.656612098 0.00470016478
vn -0.754257023 0.656562626 0.00469981087
vn -0.741657138 0.660761833 0.115493424
vn -0.741782963 0.660584867 0.115697436
vn -0.708425939 0.670124531 0.221508205
vn -0.708491862 0.669992328 0.221697539
vn -0.655658841 0.684557021 0.318580091
vn -0.655730784 0.684332192 0.318915069
vn -0.585586011 0.703283191 0.403090507
vn -0.585597515 0.703097045 0.403398424
vn -0.50101155 0.725716889 0.471511066
vn -0.500878513 0.72556901 0.471879929
vn -0.404971957 0.751047969 0.52146405
vn -0.40489769 0.750995696 0.521597207
vn -0.306493521 0.777183592 0.549588561
vn -0.306386083 0.777164698 0.549675226
vn -0.139105156 0.526319683 -0.838831127
vn -0.149701059 0.493603617 -0.856706083
vn -0.301202595 0.453704059 -0.838707268
vn -0.301109582 0.453914613 -0.838626742
vn -0.456088126 0.413989395 -0.787779629
vn -0.455909014 0.41430831 -0.787715614
vn -0.598432362 0.377920568 -0.706438184
vn -0.59812659 0.378416955 -0.706431389
vn -0.722675025 0.346988112 -0.597779334
vn -0.722479105 0.347390056 -0.597782671
vn -0.823952258 0.322220534 -0.466129601
vn -0.823802054 0.322500855 -0.466201156
vn -0.898421645 0.304507405 -0.316407621
vn -0.898291826 0.304797292 -0.316497147
vn -0.943014026 0.29460445 -0.154702276
vn -0.94298631 0.294695765 -0.154697731
vn -0.95611465 0.292704493 0.0130002359
vn -0.956142604 0.292613089 0.0130006159
vn -0.937160134 0.298887283 0.179992393
vn -0.937188148 0.298796207 0.179997772
vn -0.886863649 0.313187152 0.339686155
vn -0.886886716 0.312895298 0.33989495
vn -0.807217717 0.334807307 0.486110747
vn -0.807193279 0.33459717 0.486296028
vn -0.701301634 0.363200814 0.613401473
vn -0.701241076 0.362921238 0.613636076
vn -0.57333529 0.39712441 0.716644228
vn -0.573298633 0.396899015 0.716798365
vn -0.428308278 0.435408413 0.791815519
vn -0.428211361 0.435311496 0.791921139
vn -0.279494345 0.474890351 0.834483266
vn -0.279402137 0.474903643 0.834506631
vn -0.00739977928 -0.00219981535 -0.999970317
vn -0.156696618 0.119597554 -0.980378985
vn -0.187296107 0.0155997956 -0.982179761
vn -0.335508049 -0.148103476 -0.930322468
vn -0.52190268 0.00100010715 -0.853004515
vn -0.949703455 -0.311501175 -0.0321001559
vn -0.556130826 -0.173209518 -0.812845111
vn -0.69949311 -0.197197989 -0.686893284
vn -0.799522579 -0.080502212 -0.59521687
vn -0.81168288 -0.340492785 -0.474590063
vn -0.890285969 -0.252196014 -0.37919414
vn -0.924587011 -0.262296319 -0.276296198
vn -0.960026324 -0.214605883 -0.179704979
vn -0.804389298 -0.590492189 0.0653990656
vn -0.735824943 -0.233007982 0.635821581
vn -0.83431983 -0.201304868 0.513212264
vn -0.819406986 -0.425303727 0.384303272
vn -0.858926475 -0.370411515 0.353610903
vn -0.933527887 -0.265407979 0.241007194
vn -0.2865071 -0.0836021975 0.954423726
vn -0.101299569 -0.356998622 0.928596079
vn -0.316694617 -0.182097033 0.930884242
vn -0.68789494 0.0343996659 0.724994719
vn -0.372794211 -0.524892092 0.765188217
vn -0.66779691 -0.273698837 0.692196786
vn -0.254893512 0.966475427 -0.0308991
vn -0.2523911 0.96706599 -0.0328987278
vn -0.254311681 0.966644466 -0.0304012839
vn -0.227709889 0.973642409 -0.013000451
vn -0.250990689 0.967664242 -0.0250989571
vn -0.252292573 0.967271626 -0.0270990916
vn -0.251199067 0.967396557 -0.0322997682
vn -0.250800014 0.967500091 -0.0322998874
vn -0.252409548 0.967136621 -0.0306010433
vn -0.250002444 0.967909515 -0.0255001355
vn -0.249910578 0.967941046 -0.0252009556
vn -0.254803121 0.966511965 -0.030500263
vn -0.250307202 0.967828035 -0.0256006271
vn -0.250890583 0.967663765 -0.0260989089
vn -0.256098509 0.966194451 -0.0296997149
vn -0.255305141 0.966419637 -0.0292004775
vn -0.252995878 0.967184424 -0.0233995058
vn -0.254292101 0.966769993 -0.0262990706
vn -0.252196908 0.967388272 -0.0235995986
vn -0.254496217 0.966685712 -0.0273994803
vn -0.255189955 0.966462076 -0.0287987553
vn 0.209103614 0.219603956 -0.952916622
vn 0.209700614 0.202800736 -0.956502914
vn 0.501487434 0.325791985 -0.801479995
vn 0.60920316 0.143600851 -0.779904187
vn 0.698662698 0.487374097 -0.523772061
vn 0.774306059 0.388903201 -0.49920392
vn 0.859812081 0.418805987 -0.292104095
vn 0.800276637 0.565083623 -0.200594097
vn 0.895973206 0.429387212 -0.11339657
vn 0.893168032 0.434184492 0.117195874
vn 0.838792324 0.52369523 0.148898706
vn 0.856408358 0.428104192 0.288602889
vn 0.775972486 0.387786239 0.497482449
vn 0.777398348 0.382299155 0.499499053
vn 0.128397658 0.398392677 0.908183634
vn 0.346786737 0.291288793 0.891566098
vn 0.542386234 0.3369914 0.769580603
vn 0.420309812 0.494311512 0.760917962
vn 0.621465623 0.370379508 0.690361917
vn 0.233388513 0.253887415 0.938654006
vn -0.0313002616 0.187801465 0.981708229
vn -0.0346014462 0.175107226 0.983941257
vn -0.259803563 0.961913288 0.0850012824
vn -0.215189666 0.961253941 0.17229186
vn -0.194807366 0.967436671 0.161606237
vn -0.14520447 0.982730389 0.114703663
vn -0.148693562 0.983357549 0.104395621
vn -0.0837035403 0.993542075 0.0766033605
vn -0.116900288 0.992702603 0.0296001974
vn -0.0521008298 0.99861604 0.00720023457
vn -0.0646979734 0.997868836 -0.00849961583
vn -0.0922002047 0.994302332 -0.0535000078
vn -0.0711006895 0.995209754 -0.0671005398
vn -0.0835967436 0.99196142 -0.0949961916
vn -0.0975009352 0.986509621 -0.131501168
vn -0.0994963944 0.986364365 -0.131095141
vn -0.121506102 0.980349362 -0.155407697
vn -0.12080013 0.980501175 -0.155000061
vn -0.200291634 0.956460178 -0.212291062
vn -0.203494623 0.946675062 -0.249793291
vn -0.171308473 0.974248409 -0.146607146
vn -0.14660427 0.963428259 -0.224306464
vn -0.125199273 0.979194403 -0.159698963
vn -0.197699308 0.815597236 0.543798268
vn -0.214912146 0.821646512 0.527929962
vn -0.0572036393 0.859554708 0.507832468
vn -0.0576988459 0.859782815 0.507390022
vn 0.116500348 0.903202713 0.413101405
vn 0.115397178 0.903577983 0.412590116
vn 0.246207744 0.933829427 0.259508312
vn 0.245111629 0.934144378 0.259412467
vn 0.313796073 0.947088242 0.06749928
vn 0.313493758 0.947181284 0.0675987676
vn 0.311205685 0.940517366 -0.136302382
vn 0.311908662 0.940226197 -0.1367037
vn 0.238900587 0.915502369 -0.323700726
vn 0.239903465 0.91481334 -0.324904621
vn 0.173799321 0.899396658 -0.401098371
vn 0.173598081 0.898990214 -0.402095467
vn 0.102596208 0.873667896 -0.475582391
vn 0.103103176 0.872827053 -0.477014661
vn -0.0683979914 0.825675845 -0.559983432
vn -0.0684032217 0.825239003 -0.560626268
vn -0.119702928 0.527912796 0.84082073
vn -0.13649404 0.539476395 0.830863953
vn 0.101301573 0.596209228 0.796412528
vn 0.100800671 0.596703947 0.796105444
vn 0.367807537 0.663413584 0.651613474
vn 0.366992712 0.664086759 0.651387155
vn 0.566895485 0.710394382 0.417096823
vn 0.566110551 0.711013377 0.41710794
vn 0.671215415 0.730816841 0.124002956
vn 0.67099911 0.730999112 0.12409994
vn 0.667313159 0.720814347 -0.187403619
vn 0.667793214 0.720292866 -0.187698036
vn 0.556515813 0.682419538 -0.473913431
vn 0.557243049 0.681252778 -0.474736661
vn 0.460017473 0.658225179 -0.595922649
vn 0.459516376 0.658123612 -0.596421242
vn 0.346612662 0.61802274 -0.705625832
vn 0.346998006 0.616696656 -0.706595957
vn 0.0837003291 0.544302285 -0.834703267
vn 0.0836996883 0.543698132 -0.835096955
vn -0.297008723 0.940527797 0.164904982
vn -0.294394016 0.938980997 0.177896515
vn -0.763201058 -0.0269001182 0.645600975
vn -0.598881841 0.0160994176 0.800675809
vn -0.598799288 0.0178998858 0.800699174
vn -0.442787737 0.0634981468 0.894375384
vn -0.293804914 0.117501862 0.948615968
vn -0.287407249 0.106902592 0.951824129
vn -0.872574449 0.0762977228 0.48248589
vn -0.84047395 -0.0526984408 0.539283395
vn -0.955170989 -0.0872973949 0.282891423
vn -0.979855478 0.0461978838 0.194291204
vn -0.989877582 -0.0968978256 0.10369765
vn -0.987291157 -0.103499077 -0.120598949
vn -0.98733902 -0.00240007625 -0.158606291
vn -0.951026022 -0.0877023861 -0.296408176
vn -0.861713171 -0.0790011585 -0.501207769
vn -0.856859922 -0.0962954462 -0.506476402
vn -0.308294803 0.268595636 -0.912584722
vn -0.438696533 0.0388998054 -0.897793055
vn -0.632775843 -0.00999952666 -0.774270535
vn -0.606389523 0.195396736 -0.770786762
vn -0.71548003 -0.022199301 -0.698280573
vn -0.323192447 0.0694984943 -0.943778038
vn -0.0482023768 0.141607106 -0.988748848
vn -0.0564984381 0.151295945 -0.986872792
vn -0.254908413 0.942231178 -0.217307076
vn -0.289293796 0.941679895 -0.171896204
vn -0.279100478 0.923401713 -0.263500363
vn -0.35231173 0.920330763 -0.169905573
vn -0.354696095 0.917590022 -0.179497942
vn -0.413692921 0.900884688 -0.131397665
vn -0.392196804 0.914592743 -0.0984991044
vn -0.451086223 0.890372932 -0.0612980314
vn -0.413481146 0.910158575 -0.025398735
vn -0.450598061 0.892496288 0.0203000214
vn -0.390901029 0.919302583 0.0456002355
vn -0.414600939 0.905502141 0.0904003158
vn -0.321893513 0.934381306 0.152697057
vn -0.357694358 0.9239856 0.135297984
vn -0.356801331 0.924403548 0.134800628
vn -0.384294122 0.917186141 0.105298519
vn -0.390613109 0.91493082 0.101603538
vn -0.207600683 0.7913028 -0.575101852
vn -0.217704132 0.777414918 -0.590111136
vn -0.367406428 0.735613048 -0.569109976
vn -0.366897643 0.736495435 -0.568296373
vn -0.546381235 0.693376362 -0.469783843
vn -0.545295894 0.694694877 -0.469096452
vn -0.679487646 0.664888084 -0.310194314
vn -0.678472817 0.665973425 -0.310087502
vn -0.748091757 0.654092968 -0.111898713
vn -0.747905791 0.65430516 -0.111900806
vn -0.743905365 0.661104798 0.0977008045
vn -0.744300604 0.660600603 0.0981001705
vn -0.667381465 0.685680985 0.290592045
vn -0.667738855 0.684939921 0.291517109
vn -0.529099345 0.724599242 0.441599607
vn -0.529190779 0.72398746 0.442492455
vn -0.35267514 0.772645593 0.527862966
vn -0.352498651 0.772497058 0.528198123
vn -0.134706095 0.490022331 -0.861239016
vn -0.142103136 0.471910506 -0.870119214
vn -0.371902019 0.408402383 -0.833604634
vn -0.371498734 0.409598768 -0.833197236
vn -0.641918719 0.344710171 -0.684919953
vn -0.641276717 0.346387506 -0.684675097
vn -0.842740536 0.301714599 -0.445821494
vn -0.842189133 0.302996188 -0.445994288
vn -0.946959138 0.284987748 -0.148493573
vn -0.946894825 0.28519851 -0.148499161
vn -0.940719306 0.29550609 0.166503459
vn -0.940861881 0.294888079 0.166793287
vn -0.825077653 0.332691014 0.456687719
vn -0.825087786 0.33169505 0.457393318
vn -0.615908444 0.391405374 0.683709562
vn -0.615700185 0.390700102 0.684300303
vn -0.349317014 0.464022577 0.814039886
vn -0.34908852 0.463784724 0.814273417
vn -0.014899685 -0.00449978607 -0.999879003
vn -0.0642973259 -0.118594967 -0.990858853
vn -0.246796146 -0.0233995207 -0.968784988
vn -0.803600907 -0.193600178 -0.562800705
vn -0.774636388 -0.389118224 -0.498523504
vn -0.681375861 -0.194293052 -0.705675066
vn -0.461405277 -0.136601478 -0.87661016
vn -0.450818449 -0.442118049 -0.775431931
vn -0.383697778 -0.188598812 -0.903994799
vn -0.722586989 -0.213796258 0.65738821
vn -0.792713642 -0.225103959 0.566509843
vn -0.842702985 -0.175700679 0.508901834
vn -0.862374723 -0.372289181 0.343089938
vn -0.912191272 -0.289397299 0.290097237
vn -0.956071615 -0.267492145 0.119896427
vn -0.95992595 -0.258607 0.108002901
vn -0.93222028 -0.333207279 -0.141203135
vn -0.914139867 -0.388116956 -0.117105171
vn -0.914910018 -0.272602975 -0.297703326
vn -0.504476845 -0.320185423 0.801863313
vn -0.678376257 -0.00769981928 0.734674394
vn -0.385013312 -0.165605873 0.907931566
vn -0.2602081 -0.226007164 0.938729346
vn -0.242701665 -0.0709006116 0.967506707
vn 0.0119002759 0.00349996239 0.999923229
vn -0.0541998781 0.0552997626 0.996997833
vn 0.261390209 -0.0474983342 0.964063942
vn 0.0745985806 0.197396144 0.977481484
vn 0.310288936 0.0725973099 0.947866321
vn 0.398102134 0.126300603 0.908605039
vn 0.535027266 0.0979048982 0.839142859
vn 0.981913507 0.179902494 0.0590008423
vn 0.950385749 0.286195725 0.121898219
vn 0.917868853 0.267390907 0.293290108
vn 0.916486084 0.268595934 0.296495557
vn 0.828202844 0.242800802 0.5051018
vn 0.823888481 0.251096457 0.508092999
vn 0.682403982 0.197801098 0.703704178
vn 0.680314124 0.198904082 0.705414712
vn 0.549091399 0.160597429 0.82018733
vn 0.59229219 0.331895739 -0.734190285
vn 0.601337194 0.171610728 -0.780348361
vn 0.789219439 0.232705817 -0.568314075
vn 0.811590135 0.295996487 -0.503693879
vn 0.930085599 0.155097663 -0.332994848
vn 0.929369867 0.224692777 -0.292890489
vn 0.946670055 0.301890522 -0.112596422
vn 0.449313283 0.118903637 -0.885426283
vn 0.225904554 0.105502255 -0.968419671
vn 0.252799958 0.0738001168 -0.964699984
vn -0.246508121 0.968632042 -0.0314009227
vn -0.255397826 0.966491938 -0.0257996712
vn -0.256805032 0.966019154 -0.0293004643
vn -0.254412204 0.96674639 -0.026001133
vn -0.256992936 0.965873539 -0.032298997
vn -0.253394186 0.966978014 -0.0272992644
vn -0.256711483 0.96584326 -0.0353014693
vn -0.257288396 0.965656579 -0.0361982584
vn -0.2574085 0.965631962 -0.0360010751
vn -0.253704995 0.966519237 -0.03840065
vn -0.252005547 0.967121422 -0.0342006423
vn -0.254993677 0.966176152 -0.0384989344
vn -0.251000792 0.96750319 -0.0305999871
vn -0.256709665 0.965836465 -0.0355012268
vn -0.257196873 0.965688348 -0.0359994471
vn -0.200293601 0.953669667 -0.224492744
vn -0.201506302 0.950529873 -0.236407295
vn 0.204896286 0.213196278 -0.955282807
vn 0.204705223 0.216305658 -0.954624534
vn 0.50960815 0.30240494 -0.805512905
vn 0.243097574 0.618793964 -0.746992528
vn 0.63667047 0.210090369 -0.741965652
vn 0.692625999 0.474417925 -0.543320358
vn 0.681792557 0.511094511 -0.523394287
vn 0.80517298 0.396186829 -0.441285223
vn 0.866445184 0.417621881 -0.273614258
vn 0.806041896 0.555328965 -0.204710603
vn 0.894613683 0.435506731 -0.100001499
vn 0.899196029 0.412398219 0.14619942
vn 0.885848522 0.438124031 0.152708441
vn 0.845844328 0.421822101 0.326517224
vn 0.381390452 0.53848654 0.751381338
vn 0.614810467 0.363306165 0.700012028
vn 0.773053765 0.396976262 0.494770527
vn 0.665228188 0.544923067 0.510421753
vn 0.826949954 0.418174654 0.375877351
vn 0.543710113 0.336606234 0.768814564
vn 0.232796788 0.258696347 0.937487245
vn 0.227691874 0.394885868 0.890068471
vn -0.00199993304 0.0724974573 0.997366667
vn 0.00980008673 0.189101577 0.981908739
vn -0.24910529 0.954420388 0.164403617
vn -0.212902173 0.970610023 0.112201273
vn -0.214605108 0.953922749 0.209705144
vn -0.1510057 0.982637227 0.107804209
vn -0.145604193 0.981528401 0.12410371
vn -0.0880999044 0.993499041 0.0721000507
vn -0.110297896 0.992981136 0.0426993072
vn -0.0476977527 0.998853087 0.00419992162
vn -0.126299545 0.990096509 -0.0612996593
vn -0.175905257 0.961328924 -0.211906254
vn -0.140296862 0.970778346 -0.194695547
vn -0.142102093 0.97071445 -0.193702757
vn -0.118404232 0.978735089 -0.16750589
vn -0.112999946 0.980299652 -0.161999822
vn -0.084299773 0.985597551 -0.146599501
vn -0.10720095 0.9879089 -0.112000898
vn 0.0156006329 0.99914068 -0.0384014435
vn -0.208294258 0.817077577 0.537585378
vn -0.209497005 0.817488372 0.536492467
vn -0.0539983399 0.85477376 0.51618433
vn -0.0547019579 0.855130672 0.515518665
vn 0.12290334 0.899624527 0.419011563
vn 0.121598482 0.900088787 0.418394923
vn 0.255099535 0.930798292 0.261799634
vn 0.253708661 0.931231916 0.261609077
vn 0.323703259 0.943909645 0.0652007759
vn 0.323401988 0.944005966 0.0653005242
vn 0.320792317 0.936277688 -0.143096477
vn 0.321487278 0.935963094 -0.143594235
vn 0.246792883 0.909473896 -0.334590256
vn 0.247997388 0.908590555 -0.336096406
vn 0.180397198 0.892086327 -0.414293528
vn 0.179802865 0.892014384 -0.414706528
vn 0.108794473 0.865656197 -0.488675147
vn 0.109405711 0.864645302 -0.49032557
vn -0.0650984496 0.815780759 -0.574686229
vn -0.0651019067 0.815124035 -0.575616837
vn -0.127497926 0.531691313 0.837286592
vn -0.132398337 0.535193205 0.83428961
vn 0.10359998 0.591799855 0.799399972
vn 0.10300269 0.592415452 0.799021065
vn 0.371521056 0.659737408 0.653237164
vn 0.370313883 0.660724819 0.652924597
vn 0.571363688 0.707055092 0.41667369
vn 0.570299029 0.707898855 0.416699469
vn 0.675825715 0.727027655 0.121204711
vn 0.675507009 0.727307618 0.121301368
vn 0.671521366 0.715622842 -0.192206055
vn 0.6721223 0.714923799 -0.192706332
vn 0.559806347 0.675007761 -0.480605394
vn 0.560625374 0.673530579 -0.481721759
vn 0.350203842 0.608606875 -0.712007821
vn 0.35068357 0.606971741 -0.713166535
vn 0.0864960253 0.532875717 -0.84176141
vn 0.0865037367 0.532123208 -0.842236459
vn -0.354592919 0.775684476 0.52208972
vn -0.354398996 0.775497854 0.522498667
vn -0.351287723 0.468583614 0.810571849
vn -0.351005107 0.468206763 0.810911953
vn -0.622289062 0.0125996852 0.782686293
vn -0.981120169 0.0428008623 0.188603908
vn -0.98276943 0.0720977411 0.170194745
vn -0.952688336 -0.0843990073 0.291996449
vn -0.842354834 -0.050297372 0.536571264
vn -0.872236669 0.068802841 0.484220415
vn -0.7603333 -0.0256012008 0.64902848
vn -0.985611618 0.040500503 -0.164101958
vn -0.990846872 -0.101404794 -0.0891042352
vn -0.991628587 -0.0955027789 0.0869024992
vn -0.717596591 -0.0365997478 -0.695496738
vn -0.789986551 -0.0522990413 -0.610889614
vn -0.866797864 0.0577999204 -0.495298803
vn -0.886448562 -0.0900947228 -0.453973711
vn -0.960700929 -0.0873000696 -0.263500303
vn -0.617201865 0.160300598 -0.770302415
vn -0.635710895 0.0467008986 -0.770513356
vn -0.380492955 0.00130008638 -0.924782991
vn -0.344188333 0.212792933 -0.914469182
vn -0.180895746 0.0831981748 -0.979977131
vn -0.0572976917 0.172393188 -0.983360469
vn -0.0353006497 0.150902912 -0.987918258
vn -0.298806846 0.940821707 0.159903795
vn -0.303802282 0.943307221 0.133701131
vn -0.423192292 0.892683804 0.154997289
vn -0.668059051 0.686957955 0.285982609
vn -0.667624474 0.687825322 0.284910589
vn -0.743811607 0.662110388 0.0914015174
vn -0.743319631 0.662717581 0.0910024941
vn -0.746052921 0.655346632 -0.118008308
vn -0.746385753 0.654987574 -0.117897689
vn -0.675793409 0.666393638 -0.314996868
vn -0.676909268 0.665209174 -0.315104246
vn -0.542491436 0.694589078 -0.472492486
vn -0.54379344 0.69309175 -0.473194271
vn -0.364904374 0.736009002 -0.570206881
vn -0.365511388 0.734923065 -0.571217835
vn -0.21330069 0.777502656 -0.591601849
vn -0.135802731 0.47650972 -0.868617535
vn -0.13809374 0.4711788 -0.871160626
vn -0.368006527 0.40720737 -0.83591485
vn -0.367690772 0.40858987 -0.835379004
vn -0.638174176 0.34378624 -0.688872159
vn -0.637413621 0.345707506 -0.688614726
vn -0.839859545 0.301485568 -0.451378316
vn -0.839234471 0.30301255 -0.451518565
vn -0.945688605 0.285796642 -0.154898122
vn -0.9455446 0.286213547 -0.155007288
vn -0.941314578 0.29730466 0.159802511
vn -0.941500664 0.296500236 0.160200164
vn -0.826457143 0.335282624 0.452276647
vn -0.826462269 0.334184736 0.453079402
vn -0.320388973 0.0992964804 0.942067623
vn -0.26779139 0.00389976008 0.963469148
vn -0.610289216 0.094798252 0.786486208
vn -0.616625726 0.394416422 0.681328535
vn -0.616921604 0.395513803 0.680423915
vn -0.529686332 0.726781368 0.43728888
vn -0.529694319 0.727492273 0.436095476
vn -0.329707414 0.940121233 0.0864020661
vn -0.420409054 0.902919531 0.0894020349
vn -0.399812251 0.916428208 0.01760065
vn -0.432488054 0.901575208 0.0107998094
vn -0.428596795 0.902193308 -0.0484995358
vn -0.449315876 0.890931606 -0.0660022348
vn -0.394899756 0.912199557 -0.109299839
vn -0.411603868 0.901308596 -0.135001183
vn -0.355809748 0.916525245 -0.182704911
vn -0.354503959 0.918110371 -0.177201897
vn -0.281201452 0.924204886 -0.258401245
vn -0.290505052 0.940416515 -0.176702961
vn -0.249707282 0.940827608 -0.229106605
vn -0.212596625 0.778387845 -0.590690553
vn 0.00539991586 0.00150009606 -0.999984503
vn -0.0404020138 -0.0778037682 -0.996149838
vn -0.151307508 -0.0326015018 -0.987949133
vn -0.347702503 -0.13030085 -0.928506792
vn -0.370492965 -0.275994688 -0.886883378
vn -0.57020241 -0.142200515 -0.809103489
vn -0.889385998 -0.259895921 -0.376094162
vn -0.868006825 -0.195601508 -0.456403673
vn -0.71181953 -0.367710084 -0.598416567
vn -0.712155759 -0.353778005 -0.606362462
vn -0.677717388 -0.222605661 -0.700818062
vn -0.954782248 -0.278894871 0.10299807
vn -0.958304584 -0.270601302 0.091800414
vn -0.941617966 -0.303905815 -0.144902796
vn -0.896060348 -0.436480731 -0.0809964761
vn -0.926074743 -0.2705926 -0.262992889
vn -0.533193588 -0.30989638 0.787190557
vn -0.718406916 -0.216402188 0.661106408
vn -0.79618156 -0.223194927 0.562387049
vn -0.843103409 -0.172000781 0.509502172
vn -0.865042984 -0.368718386 0.340216905
vn -0.903189301 -0.307296425 0.299696445
vn -0.942970216 -0.27539137 0.186994091
vn -0.66723454 -0.0952050239 0.738738239
vn -0.279908448 -0.17880553 0.943228543
vn -0.275297493 -0.080399394 0.957991421
vn 0.667807043 0.210302159 0.714007556
vn 0.117498614 -0.0504995286 0.991788447
vn 0.0575998127 0.0168998279 0.9981969
vn 0.499599576 0.0702998415 0.863399386
vn 0.582407832 -0.0804011822 0.808910966
vn 0.309399426 0.15509963 0.938198447
vn 0.828625679 0.11330346 0.548217058
vn 0.822386026 0.127797797 0.554390728
vn 0.885880291 0.258094221 0.38549152
vn 0.791896582 0.24259904 -0.560397685
vn 0.863779306 0.237494379 -0.444389403
vn 0.925230742 0.151805118 -0.347711563
vn 0.92278856 0.270596683 -0.274296612
vn 0.950661123 0.278688669 -0.13629441
vn 0.951209068 0.29250285 -0.0982009172
vn 0.97244066 0.19420813 0.129005432
vn 0.956208885 0.250302315 0.151701465
vn 0.905656755 0.259687573 0.335184038
vn 0.785903156 0.230201006 -0.573902309
vn 0.639500558 0.187400252 -0.745600641
vn 0.646385312 0.177896082 -0.741983235
vn 0.302514493 0.0883043557 -0.949045599
vn 0.287886769 -0.0841960236 -0.953956246
vn 0.457491457 0.134497598 -0.878983676
vn -0.284896463 0.958488286 -0.0115997428
vn -0.284900218 0.958500862 -0.0103998948
vn -0.284692764 0.958575785 -0.00909965578
vn -0.284391999 0.958673179 -0.00819965545
vn -0.284209073 0.958730698 -0.0078001353
vn -0.28399843 0.958794773 -0.0075998446
vn -0.284392655 0.958675444 -0.00789968297
vn -0.284006804 0.958723068 -0.0138002178
vn -0.284283727 0.958645284 -0.0134991156
vn -0.28458935 0.958564222 -0.0127994083
vn -0.286314607 0.95804894 -0.0129005453
vn -0.284798145 0.958493948 -0.0133998003
vn -0.284098744 0.958695889 -0.0137998266
vn -0.289692342 0.957074761 -0.00929964054
vn -0.289505064 0.957116783 -0.010700074
vn -0.289592087 0.957073867 -0.0120995557
vn -0.289890528 0.956968904 -0.013199457
vn -0.290190697 0.956869423 -0.0137994457
vn -0.290400833 0.956802845 -0.0139999287
vn -0.290099144 0.956897259 -0.0137998471
vn -0.289404035 0.957113385 -0.0134000732
vn -0.288286358 0.957454801 -0.0130992671
vn -0.285089582 0.958465099 -0.00829958264
vn -0.28620857 0.95812887 -0.00860014465
vn -0.287208587 0.957828701 -0.00870014634
vn -0.290512443 0.956841171 -0.00760021294
vn -0.290392667 0.95687592 -0.00779968966
vn -0.28999716 0.956990778 -0.00839980505
vn -0.288511664 0.957438767 -0.00850022957
vn -0.289511889 0.957139373 -0.00820022356
vn -0.290209264 0.956930697 -0.00790013932
vn -0.250396609 0.947387218 -0.199397191
vn 0.117202446 0.213804588 -0.969820321
vn 0.39498964 -0.0867976248 -0.914576173
vn 0.210405558 0.236706376 -0.948525131
vn 0.455595642 0.314997137 -0.83259213
vn 0.343206853 0.422208577 -0.839016795
vn 0.68769896 0.110099941 -0.717599034
vn 0.576299608 0.307699919 -0.757099509
vn 0.716043293 0.413325101 -0.562533975
vn 0.915013373 0.102801554 -0.390105754
vn 0.804013848 0.371706456 -0.46410799
vn 0.863005698 0.460703135 -0.207301348
vn 0.849396467 0.479898095 -0.219599068
vn 0.919102371 0.393801093 -0.0130999899
vn 0.905506909 0.42350328 -0.0265001561
vn 0.864989817 0.468394518 0.179997951
vn 0.886326671 0.407512277 0.219906673
vn 0.804704189 0.467902422 0.365401983
vn 0.81222403 0.431812763 0.392211705
vn 0.734704077 0.408902198 0.541303098
vn 0.734791219 0.408095121 0.541793704
vn 0.631002724 0.378101617 0.677403033
vn 0.602706671 0.403704435 0.688307762
vn 0.563396394 0.357997686 0.744595408
vn 0.472219348 0.330113471 0.817333698
vn 0.467017412 0.505618811 0.725427091
vn 0.413490295 -0.077798292 0.907178819
vn 0.389603287 0.303302497 0.869607508
vn 0.127696142 0.227493033 0.965370893
vn 0.147696286 0.37599048 0.91477716
vn 0.0183996931 -0.0669990107 0.997583508
vn 0.018899262 0.197792202 0.980061889
vn -0.282096297 0.94238776 0.179797783
vn -0.250200391 0.94750154 -0.199100211
vn -0.218206212 0.957227409 -0.190005317
vn -0.218798295 0.957192719 -0.189498439
vn -0.18710418 0.967021823 -0.172803774
vn -0.1881001 0.966900647 -0.172399983
vn -0.159996301 0.975777507 -0.149196446
vn -0.161106467 0.975639284 -0.148905873
vn -0.137597248 0.983180463 -0.120097488
vn -0.138901234 0.983008862 -0.120000966
vn -0.121204145 0.988833904 -0.086702846
vn -0.122002251 0.988718331 -0.0869014934
vn -0.111004584 0.992541134 -0.0504019707
vn -0.111398526 0.992487013 -0.0505992174
vn -0.107502431 0.994122565 -0.012800172
vn -0.107502565 0.994123816 -0.0127001861
vn -0.110803112 0.993528008 0.0250008255
vn -0.110605001 0.993544996 0.025201261
vn -0.120798633 0.990788937 0.0611994341
vn -0.120399997 0.990800142 0.061800126
vn -0.137004569 0.986033082 0.0947033018
vn -0.136602968 0.986021519 0.0954022035
vn -0.158800885 0.979505539 0.123900816
vn -0.158599734 0.979398489 0.124999925
vn -0.185409725 0.971451104 0.1480079
vn -0.18540296 0.971315622 0.148902521
vn -0.215999186 0.96219641 0.165899515
vn -0.216107354 0.962032795 0.166705802
vn -0.24911125 0.952143133 0.177108139
vn -0.249304891 0.952018797 0.177503616
vn -0.281595409 0.94238472 0.180597186
vn -0.240199223 0.803497493 0.544698477
vn -0.237997651 0.802592158 0.546994746
vn -0.140096918 0.831681728 0.537288308
vn -0.140394419 0.831766903 0.537078798
vn -0.0400992036 0.861782908 0.505690098
vn -0.040399313 0.861885428 0.505491614
vn 0.0523031354 0.889553428 0.453827381
vn 0.0512990281 0.889783204 0.453491598
vn 0.132701889 0.913913071 0.383605629
vn 0.131798536 0.914089918 0.383495927
vn 0.198691919 0.933662117 0.297988057
vn 0.197694227 0.933872759 0.297991455
vn 0.247189954 0.948061466 0.200192019
vn 0.246311441 0.948244154 0.200409457
vn 0.276493698 0.956378341 0.0942979828
vn 0.276187599 0.956457138 0.0943958908
vn 0.285698295 0.958194375 -0.0154997949
vn 0.285697848 0.958192885 -0.0155997695
vn 0.27441138 0.953439713 -0.125105083
vn 0.274704665 0.953316331 -0.125402033
vn 0.243009195 0.942335784 -0.230108619
vn 0.243603215 0.942012548 -0.230802968
vn 0.192907006 0.925333798 -0.326411784
vn 0.193403006 0.924914539 -0.327305019
vn 0.125798494 0.903189361 -0.410395056
vn 0.126098841 0.902691901 -0.411396146
vn 0.0444025025 0.876949668 -0.47852692
vn 0.0445005037 0.876410067 -0.47950533
vn -0.0483008437 0.847614944 -0.528409123
vn -0.0484006368 0.847111344 -0.529206932
vn -0.143902749 0.818215728 -0.556610525
vn -0.144003928 0.817922533 -0.557015181
vn -0.156596243 0.52498734 0.836580157
vn -0.152397737 0.52189219 0.839287639
vn -0.00250005489 0.566412389 0.824118316
vn -0.00269990508 0.566480041 0.824071229
vn 0.150803745 0.612415195 0.776019454
vn 0.149999097 0.612896264 0.77579546
vn 0.291581541 0.65515852 0.696956038
vn 0.290884912 0.655566037 0.696864009
vn 0.414897144 0.69239521 0.59029609
vn 0.413983762 0.692872822 0.590376973
vn 0.515596211 0.722694695 0.46029675
vn 0.514909327 0.72311312 0.460408449
vn 0.590121031 0.744626582 0.311911225
vn 0.589517236 0.74502182 0.312109232
vn 0.635280371 0.757376671 0.150995433
vn 0.634985983 0.75758338 0.151196763
vn 0.649497688 0.760197401 -0.0158998538
vn 0.63221401 0.753016829 -0.182403967
vn 0.632513821 0.752716541 -0.182603925
vn 0.584300518 0.736000836 -0.341900259
vn 0.584613085 0.735516608 -0.342407644
vn 0.507426918 0.710037768 -0.488225877
vn 0.507788718 0.709184408 -0.489089131
vn 0.404704094 0.676106989 -0.615706205
vn 0.404917985 0.675230086 -0.616527379
vn 0.279903084 0.635807157 -0.71930784
vn 0.279886574 0.635069668 -0.719965458
vn 0.137801588 0.591007054 -0.794809222
vn 0.137792811 0.590269446 -0.795358658
vn -0.00850005168 0.545903444 -0.837805152
vn -0.0086000124 0.545600951 -0.838001192
vn -0.313303947 0.933011889 0.177002341
vn -0.271501154 0.111100376 0.956004202
vn -0.174497798 -0.0334996991 0.984087646
vn -0.401486158 0.122995667 0.907568812
vn -0.440610439 0.063901417 0.895421267
vn -0.500508189 0.0459006503 0.864514232
vn -0.565482855 0.0664978921 0.822075129
vn -0.580523312 0.0225008093 0.813932836
vn -0.705567122 -0.0157993492 0.708467066
vn -0.706996322 -0.0243999586 0.706796348
vn -0.8280285 -0.0432015583 0.559019327
vn -0.814118981 0.0338007212 0.579713583
vn -0.895986676 -0.200397089 0.396294117
vn -0.898572147 -0.169694811 0.404687494
vn -0.978130996 -0.0523016863 0.201306403
vn -0.97965157 -0.0768962204 0.18539083
vn -0.990725398 -0.135503486 0.0101002436
vn -0.960185826 -0.274995983 -0.0491993129
vn -0.981082261 -0.0616988689 -0.183496699
vn -0.96211642 -0.0935015753 -0.25610438
vn -0.924566925 -0.0846969336 -0.371486723
vn -0.924731314 -0.0841028094 -0.371212602
vn -0.836981475 -0.0603986084 -0.543888032
vn -0.816628754 -0.105603658 -0.567420006
vn -0.723671854 0.00989969913 -0.690073252
vn -0.702374339 -0.0217991211 -0.711474001
vn -0.573832393 0.0144009115 -0.818846285
vn -0.48708114 -0.108695701 -0.866566539
vn -0.41770345 0.104900993 -0.902507544
vn -0.206997976 0.0296998285 -0.977890611
vn -0.258299083 0.104499757 -0.960396647
vn -0.0539018437 0.166105807 -0.984633803
vn -0.0510003529 0.163001269 -0.985306978
vn -0.313506454 0.9330194 0.176603749
vn -0.345307618 0.923420548 0.167503834
vn -0.344914615 0.923639238 0.167107195
vn -0.376412034 0.914129317 0.150604934
vn -0.375701755 0.914504349 0.150100812
vn -0.403576732 0.906047821 0.127292767
vn -0.402891159 0.906380236 0.127097338
vn -0.426181048 0.899260104 0.0984957367
vn -0.425291032 0.899681151 0.0984980389
vn -0.442893088 0.894186199 0.065399088
vn -0.442205638 0.894511521 0.0656009465
vn -0.453208327 0.890916467 0.0295006521
vn -0.452807009 0.891113877 0.0297005679
vn -0.456813216 0.889525831 -0.00810012873
vn -0.456614703 0.889628708 -0.00800015219
vn -0.453418165 0.890135825 -0.0455017239
vn -0.453690648 0.889981747 -0.0457989536
vn -0.443393439 0.892586946 -0.081798695
vn -0.443695396 0.892390907 -0.0822990462
vn -0.42708528 0.896869242 -0.114995949
vn -0.427391142 0.896581531 -0.116097502
vn -0.405176669 0.902748168 -0.144491598
vn -0.405305356 0.902512014 -0.145601839
vn -0.378293484 0.910184383 -0.168696985
vn -0.37830472 0.91001147 -0.169602022
vn -0.347803831 0.918810308 -0.186601982
vn -0.34750703 0.918718636 -0.187603712
vn -0.299090505 0.932470441 -0.202593476
vn -0.309592575 0.936777651 -0.163096011
vn -0.281011522 0.938138604 -0.202308223
vn -0.238601714 0.789405882 -0.565603971
vn -0.237194911 0.791483164 -0.563287854
vn -0.33729735 0.76149416 -0.553495586
vn -0.336896062 0.761891305 -0.55319351
vn -0.437205404 0.732509255 -0.521806419
vn -0.436709136 0.733015478 -0.521510899
vn -0.529527903 0.706237316 -0.469924718
vn -0.528727293 0.707036614 -0.469624192
vn -0.610292315 0.683891475 -0.399794906
vn -0.609480381 0.684678078 -0.399687082
vn -0.676427007 0.666026711 -0.314412475
vn -0.6756652 0.666765809 -0.314483762
vn -0.725223362 0.653421223 -0.217006952
vn -0.724717677 0.653916121 -0.217205256
vn -0.754887819 0.646289766 -0.111598141
vn -0.754695773 0.646496475 -0.111699313
vn -0.764187932 0.644989908 -0.0021998887
vn -0.764279008 0.644882381 -0.00209986581
vn -0.752897561 0.649397969 0.106899746
vn -0.753022552 0.649219513 0.107103296
vn -0.72130233 0.659602225 0.21130079
vn -0.721577108 0.659079134 0.211993381
vn -0.670910478 0.674910665 0.307204962
vn -0.671026707 0.674426913 0.308012396
vn -0.603493154 0.695092201 0.390695751
vn -0.603495717 0.694695115 0.391397357
vn -0.521704793 0.719506681 0.458404362
vn -0.521517813 0.719124615 0.45921582
vn -0.428883702 0.747071564 0.507880807
vn -0.428685844 0.746775329 0.508483291
vn -0.333497614 0.77569443 0.535796344
vn -0.333317965 0.775541782 0.536129057
vn -0.153905421 0.501717865 -0.851230025
vn -0.151999712 0.506899238 -0.848498464
vn -0.305111974 0.461118281 -0.83323276
vn -0.304902434 0.46130386 -0.833206713
vn -0.458307594 0.416407049 -0.785213053
vn -0.457874775 0.417177171 -0.785056829
vn -0.599392712 0.376295537 -0.706491411
vn -0.598995209 0.377297103 -0.706294358
vn -0.72320646 0.342003167 -0.600005329
vn -0.722652018 0.343077362 -0.600060165
vn -0.824434459 0.314813226 -0.470319659
vn -0.824078918 0.315492004 -0.470487952
vn -0.899371147 0.295290589 -0.322389662
vn -0.899096251 0.295898825 -0.322598666
vn -0.944902003 0.284400642 -0.16210033
vn -0.944822192 0.284606725 -0.162203804
vn -0.959342301 0.282212496 0.00430022366
vn -0.959350228 0.282185405 0.00429981109
vn -0.942080438 0.288994014 0.170196518
vn -0.942113996 0.288704306 0.170502573
vn -0.893812835 0.304504365 0.329204768
vn -0.89382875 0.303909779 0.329710633
vn -0.816482902 0.328093082 0.475090146
vn -0.816403985 0.327401578 0.475702405
vn -0.71312958 0.359014869 0.602125108
vn -0.712909579 0.358304799 0.602808237
vn -0.587820232 0.396213561 0.705324292
vn -0.587491274 0.395694137 0.705889702
vn -0.445495486 0.438595533 0.780492246
vn -0.445194006 0.438194066 0.78088969
vn -0.29929328 0.482489139 0.823181689
vn -0.298989505 0.482183069 0.823471308
vn -0.00229999353 -0.000699878845 -0.999997258
vn -0.126402929 -0.325307518 -0.937121928
vn -0.496499151 -0.34599936 -0.796098888
vn -0.486511111 -0.110802434 -0.866619885
vn -0.342289835 -0.100796908 -0.934172392
vn -0.12759842 -0.0258995648 -0.991487861
vn -0.791617811 -0.374608427 -0.482710958
vn -0.793210149 -0.210502639 -0.571407318
vn -0.659321606 -0.209706813 -0.722023666
vn -0.583117187 -0.290108681 0.758822441
vn -0.665569365 -0.201690823 0.718566954
vn -0.767452657 -0.220915243 0.601841331
vn -0.81383568 -0.360415906 0.455820024
vn -0.883019507 -0.234405249 0.406608999
vn -0.938473165 -0.281691998 0.199794278
vn -0.94225961 -0.275288254 0.190691814
vn -0.959227264 -0.280307978 -0.0362010673
vn -0.967578053 -0.247694433 -0.0493989214
vn -0.924649119 -0.277984679 -0.260285735
vn -0.92479372 -0.278798103 -0.258898288
vn -0.8942433 -0.242684588 -0.376076251
vn -0.2175937 -0.0634982884 0.973971903
vn -0.226607472 -0.0532018766 0.972532213
vn -0.393482447 -0.1192948 0.911559463
vn -0.408392102 -0.140797406 0.901882708
vn -0.455710471 -0.133103177 0.880120337
vn -0.537214756 -0.156904429 0.828722894
vn 0.62622124 0.184806198 0.757425785
vn 0.0727019161 0.0213004444 0.9971264
vn 0.0638021231 0.0325009674 0.997433364
vn 0.25249362 0.0711980909 0.964975715
vn 0.465308458 0.0307004564 0.884616196
vn 0.465813488 0.0698019192 0.882125676
vn 0.608012319 0.172703445 0.774915874
vn 0.803579628 0.483587801 -0.346991152
vn 0.892725587 0.00890030898 -0.450512946
vn 0.935806692 0.273502022 -0.222401589
vn 0.952325881 0.27820763 -0.125203386
vn 0.941984355 0.334694475 -0.0253995433
vn 0.986228287 0.110003158 0.123503573
vn 0.935640633 0.2734119 0.223209754
vn 0.896866083 0.262090117 0.356286585
vn 0.874330044 0.27570948 0.399413794
vn 0.810606182 0.102200724 0.576604486
vn 0.843662083 0.0102994749 0.536775947
vn 0.697890818 0.195197374 0.689091027
vn 0.782904029 0.240201354 -0.573903024
vn 0.638295412 0.152699023 -0.754494667
vn 0.620036542 0.182110846 -0.763145149
vn 0.287407935 0.083902441 -0.954126477
vn 0.286186755 -0.00589961372 -0.958155751
vn 0.454389334 0.132596999 -0.880879462
vn -0.25528568 0.96684593 0.00619976921
vn -0.25580442 0.966716766 0.0048001986
vn -0.255897343 0.966690123 0.00520006148
vn -0.255804032 0.966715336 0.00510019576
vn -0.255591989 0.966769755 0.00539994612
vn -0.255587339 0.966752172 0.00809971523
vn -0.255190313 0.966863453 0.00729983998
vn -0.255988687 0.9666574 0.00659982394
vn -0.255306482 0.966824651 0.00830032676
vn -0.255188942 0.966858268 0.00799977034
vn -0.255307317 0.96682781 0.00790034235
vn -0.25561285 0.966748714 0.00770050287
vn -0.254793882 0.966976941 0.00599997258
vn -0.255897224 0.966689646 0.00530005805
vn -0.255592376 0.966771305 0.00509996386
vn -0.255803883 0.966714859 0.00520019466
vn -0.243890405 0.952362657 -0.183092698
vn -0.00820027757 0.185906425 -0.982533395
vn -0.00780023262 0.189605802 -0.981829464
vn 0.193500519 0.243500799 -0.950402677
vn 0.248189375 0.543076932 -0.802165747
vn 0.283811569 0.269811153 -0.920137525
vn 0.532497346 0.336898416 -0.776496172
vn 0.516705215 0.491105109 -0.701307118
vn 0.6586622 0.374078661 -0.652862549
vn 0.795703888 0.406402081 -0.449102193
vn 0.718714535 0.51881063 -0.462909371
vn 0.936050892 0.316183478 -0.154391885
vn 0.939100385 0.308100164 -0.152200043
vn 0.638114989 0.582913697 0.503011942
vn 0.815573156 0.414386392 0.403886825
vn 0.886796176 0.432198197 0.163699359
vn 0.686183274 0.69208312 0.223994657
vn 0.86070168 0.498101026 0.105300277
vn 0.729331553 0.476520598 0.490921348
vn 0.66320008 0.340700001 0.666400194
vn 0.647989392 0.26999554 0.712188482
vn 0.434291571 0.479590654 0.762485325
vn 0.437099308 0.277299523 0.855598867
vn 0.228495657 0.280094594 0.932382524
vn 0.158204064 0.360809207 0.919123769
vn 0.0926977023 0.201094925 0.975175917
vn -0.216609046 0.964540422 0.150806442
vn -0.187606841 0.963235199 0.192307159
vn -0.127495661 0.974566996 0.184293881
vn -0.142492861 0.98345089 0.111894533
vn -0.142404124 0.983428597 0.112203382
vn -0.242500246 0.953401029 -0.179500058
vn -0.171102583 0.969314694 -0.176502556
vn -0.200592294 0.969562948 -0.140394509
vn -0.125897855 0.980283439 -0.152297303
vn -0.111101039 0.981409252 -0.156501353
vn -0.131495833 0.987768829 -0.0837972313
vn -0.07189852 0.993379593 -0.0895980373
vn -0.0889021456 0.995724142 -0.0251004901
vn -0.0771977454 0.996771038 -0.022099236
vn -0.0590021499 0.996536434 0.0586022623
vn -0.112605296 0.993146837 0.0313015953
vn -0.070601359 0.990619123 0.117002375
vn -0.105199628 0.534498274 -0.838597059
vn -0.105202816 0.534614503 -0.838522494
vn 0.146896988 0.59738791 -0.788383901
vn 0.146807551 0.597730935 -0.788140595
vn 0.404092163 0.665087223 -0.627987802
vn 0.404005468 0.665309191 -0.627808511
vn 0.587530673 0.712437332 -0.383720011
vn 0.587362111 0.712654173 -0.383575231
vn 0.666117668 0.734919548 -0.127203301
vn 0.667893112 0.730292499 0.143498614
vn 0.66806215 0.730158687 0.143391982
vn 0.565918922 0.701223493 0.433614641
vn 0.566202164 0.701002717 0.433601826
vn 0.461998969 0.678698421 0.570898831
vn 0.462392658 0.678689182 0.570591033
vn 0.338691384 0.638183773 0.691382527
vn 0.338998377 0.637896955 0.691496849
vn 0.0726960748 0.567069292 0.820455909
vn 0.0815969259 0.557778895 0.82596904
vn -0.191605791 0.814024866 -0.548316598
vn -0.19160071 0.814103186 -0.548201978
vn -0.0253997296 0.855491102 -0.51719445
vn -0.0254001822 0.855606377 -0.517003715
vn 0.144098938 0.899993479 -0.411396891
vn 0.143900856 0.900205493 -0.411002368
vn 0.264894515 0.931280792 -0.250094712
vn 0.264808148 0.931328714 -0.2500076
vn 0.315111428 0.945634365 -0.0805028155
vn 0.318006754 0.943020225 0.097902216
vn 0.318186522 0.942960203 0.0978959873
vn 0.250605136 0.923818946 0.289406091
vn 0.251003116 0.923711598 0.289403796
vn 0.179804564 0.908423066 0.377409756
vn 0.101001471 0.882412851 0.459506869
vn 0.101500243 0.882202208 0.459801316
vn -0.0742023289 0.835526288 0.544417262
vn -0.0690004379 0.832505286 0.549703658
vn -0.257595062 0.945581913 0.198796332
vn -0.127000213 0.140500113 0.981901705
vn -0.58621484 0.0148002794 0.810020566
vn -0.414376855 0.058096651 0.908249319
vn -0.394711554 0.201105803 0.896526337
vn -0.0358005986 -0.0220004898 0.999116898
vn -0.678700149 0.130099952 0.722800255
vn -0.687063456 0.148492023 0.711262286
vn -0.74380976 -0.0302004833 0.667708874
vn -0.846418858 -0.0565013252 0.529511869
vn -0.893855631 0.091695413 0.438878298
vn -0.923061252 -0.0507979207 0.381284058
vn -0.977396369 -0.142799512 0.15589942
vn -0.981745839 -0.0481973663 0.183989868
vn -0.990450382 -0.124606341 -0.0590030216
vn -0.985361159 0.0689973086 -0.155893847
vn -0.963145912 -0.0873950645 -0.254385769
vn -0.930719078 -0.0776015669 -0.357407361
vn -0.868020773 -0.00400003744 -0.496511936
vn -0.872687697 0.0166998245 -0.487993211
vn -0.743006766 -0.0501003824 -0.667406142
vn -0.736341655 -0.0566031262 -0.674238205
vn -0.609999657 0.109500036 -0.784799635
vn -0.553390205 -0.0150996363 -0.832785368
vn -0.289690048 0.11009635 -0.950767457
vn -0.273893178 0.308092445 -0.911077321
vn -0.382298887 0.0924998522 -0.919397473
vn -0.291415662 0.946251035 -0.140307441
vn -0.31809777 0.92969358 -0.185698599
vn -0.269797534 0.945791423 -0.180798247
vn -0.372608066 0.911719918 -0.173003659
vn -0.364205003 0.925912857 -0.100201279
vn -0.3641904 0.925875723 -0.100597247
vn -0.258892059 0.945771098 0.196194142
vn -0.328699529 0.924898744 0.191099867
vn -0.30470553 0.939417243 0.157003
vn -0.37557888 0.911548734 0.167390704
vn -0.388913631 0.905131698 0.171706125
vn -0.375602514 0.921606243 0.0978007838
vn -0.429184556 0.897267818 0.103496395
vn -0.417775601 0.90774709 0.0381978787
vn -0.427914083 0.903129876 0.0353012756
vn -0.442894101 0.895388126 -0.0460992828
vn -0.395693153 0.91818428 -0.0190995615
vn -0.430184364 0.896567523 -0.105396084
vn -0.165998384 0.494995207 0.852891982
vn -0.166093349 0.49518013 0.852766037
vn -0.417380899 0.425680459 0.802863419
vn -0.417492837 0.426092625 0.802586436
vn -0.677604556 0.358902365 0.641904414
vn -0.677716076 0.359208524 0.641615391
vn -0.863615155 0.31200546 0.396007031
vn -0.863602698 0.31230095 0.395801306
vn -0.945639491 0.295412362 0.136005729
vn -0.94568795 0.294096291 -0.138498217
vn -0.945756614 0.293917686 -0.138408273
vn -0.842590928 0.32319662 -0.430795401
vn -0.842674375 0.322990298 -0.430786937
vn -0.741105914 0.357002944 -0.568604529
vn -0.74117738 0.356889248 -0.568582654
vn -0.613399744 0.384599984 -0.689799786
vn -0.613509297 0.384405941 -0.689810455
vn -0.350082099 0.45577684 -0.818358243
vn -0.347195089 0.467793494 -0.812788546
vn -0.232194901 0.791182637 0.565787792
vn -0.232208043 0.7912274 0.565719783
vn -0.398397118 0.745094597 0.534896255
vn -0.398422956 0.74534291 0.534530878
vn -0.570407927 0.700909793 0.428206116
vn -0.570302546 0.701303244 0.427702069
vn -0.69333607 0.670034945 0.265213907
vn -0.693181574 0.670282245 0.264993072
vn -0.745887995 0.659589469 0.0926985964
vn -0.747693002 0.658093929 -0.088699095
vn -0.747786343 0.657988071 -0.0886983052
vn -0.679387987 0.677388072 -0.282094926
vn -0.679587603 0.6771878 -0.282094777
vn -0.60967958 0.700576663 -0.370787501
vn -0.60980767 0.700509012 -0.370704621
vn -0.528079987 0.717972875 -0.453482777
vn -0.528203964 0.717805505 -0.453603357
vn -0.353994638 0.765088618 -0.537891746
vn -0.351110429 0.770023048 -0.532715797
vn -0.189001366 -0.0555002913 -0.980407298
vn -0.236505508 -0.249605715 -0.939022005
vn -0.583869576 -0.346981853 -0.73396194
vn -0.543604672 -0.0612004325 -0.83710736
vn -0.311900914 -0.182600468 -0.932402909
vn -0.825508475 -0.36940378 -0.426704466
vn -0.837821186 -0.210305288 -0.50381279
vn -0.695109546 -0.231503114 -0.680609405
vn -0.929459631 -0.271588296 0.249689162
vn -0.961134374 -0.203007296 0.187106669
vn -0.923151135 -0.384421349 0.00350014842
vn -0.958136618 -0.279910743 -0.0602023378
vn -0.937872529 -0.273991942 -0.212893814
vn -0.93592453 -0.239206269 -0.258506835
vn -0.879718661 -0.307706535 -0.362507761
vn -0.378486574 -0.095496729 0.92066741
vn -0.545518458 -0.167805791 0.821127892
vn -0.559303403 -0.206601366 0.802805007
vn -0.626479983 -0.182894275 0.757675946
vn -0.719876826 -0.210293338 0.661478758
vn -0.698106408 -0.23650229 0.675806344
vn -0.866892576 -0.19889836 0.4570961
vn -0.746212721 -0.409307092 0.525008917
vn -0.884853959 -0.258486658 0.387579888
vn -0.00339997932 -0.000800114416 0.99999404
vn -0.112401634 0.0839011073 0.99011451
vn -0.16680418 -0.0413011573 0.985124767
vn -0.360601246 -0.116600528 0.925403357
vn 0.608399093 0.201599643 0.767599046
vn 0.713265717 -0.00619978644 0.700866401
vn 0.468215287 0.183605909 0.864328384
vn 0.301295638 -0.0165998749 0.953386366
vn 0.322110832 -0.0450016335 0.945631862
vn 0.138699695 0.0406998023 0.98949796
vn 0.778395712 0.132199362 -0.613696694
vn 0.760995805 -0.0313997529 -0.647996485
vn 0.798180997 0.473688781 -0.372191101
vn 0.844636917 0.219609693 -0.488221377
vn 0.932702661 0.296300888 -0.205600575
vn 0.90416038 0.399882495 -0.15029338
vn 0.971976817 0.231294513 0.0419990271
vn 0.954254925 0.278886855 0.107794955
vn 0.935002863 0.273300827 0.226000741
vn 0.920292437 0.297397554 0.254197985
vn 0.865736723 0.182807729 0.465919852
vn 0.914197087 0.0505997948 0.402098775
vn 0.806967735 0.225190952 0.545978248
vn 0.105000772 0.0304003488 -0.994007468
vn 0.0901016966 -0.175103217 -0.980418682
vn 0.239696518 0.089798823 -0.96668607
vn 0.475877523 0.087395981 -0.875158787
vn 0.456708014 -0.0754012242 -0.88641566
vn 0.576008856 0.212603375 -0.789312303
vn -0.862891257 -0.0609993301 -0.501694977
vn -0.25580439 0.945516229 0.201403588
vn -0.164999336 0.126899377 0.978096128
vn 0.022799585 -0.24449569 0.969382405
vn -0.40037939 0.236687735 0.885254502
vn -0.450313717 0.0471013337 0.891627312
vn -0.625790775 0.00199987786 0.779988587
vn -0.687108636 0.138101667 0.71330905
vn -0.753694892 -0.0329998583 0.656395614
vn -0.88803947 -0.0686031058 0.454620272
vn -0.881178916 0.0454988554 0.470588803
vn -0.966664851 -0.203192651 0.155794322
vn -0.967569888 -0.197493911 0.157495081
vn -0.982149005 -0.0949047208 -0.162408143
vn -0.951193094 0.211098507 -0.225098357
vn -0.994323969 -0.0407009721 -0.0983023942
vn -0.676399112 -0.00729990331 -0.736499131
vn -0.764044404 -0.0306017064 -0.644437492
vn -0.742507041 -0.0534004308 -0.66770637
vn -0.848908722 0.00600012532 -0.528505504
vn -0.893237531 0.282411963 -0.349814683
vn -0.561383247 0.287591547 -0.775976956
vn -0.597110927 0.0152003765 -0.802014768
vn -0.34399578 0.0841990858 -0.935188591
vn -0.31458199 0.230786934 -0.920747399
vn -0.186599135 0.140099481 -0.972395599
vn -0.288587958 0.947860539 -0.135194242
vn -0.321507692 0.927422285 -0.191104501
vn -0.269496292 0.946087122 -0.179697439
vn -0.370811164 0.91252768 -0.172605112
vn -0.364503801 0.925609767 -0.101900965
vn -0.363582909 0.92645663 -0.0973953307
vn -0.240802512 0.942609906 0.231302559
vn -0.291698396 0.941694915 0.167699203
vn -0.314702988 0.928308904 0.198002011
vn -0.354697496 0.921293616 0.159399003
vn -0.386288077 0.905972123 0.173194766
vn -0.380412757 0.919830918 0.095903337
vn -0.419585347 0.902068615 0.101096585
vn -0.423889756 0.904878259 0.0388991684
vn -0.428282231 0.902862668 0.0375985503
vn -0.435183614 0.899466276 -0.0396984033
vn -0.397218794 0.91754359 -0.0182007533
vn -0.427287072 0.898172915 -0.103496775
vn -0.164694622 0.491483897 0.855172217
vn -0.164895192 0.491585612 0.855075181
vn -0.417194217 0.4225941 0.804589033
vn -0.417405427 0.423105419 0.804210603
vn -0.677610755 0.356905609 0.643010259
vn -0.677713096 0.357606888 0.64251256
vn -0.863699436 0.311399817 0.396299839
vn -0.863667548 0.311888278 0.395985216
vn -0.945388258 0.295896351 0.13669835
vn -0.945596159 0.294998854 -0.137199432
vn -0.945690393 0.294697076 -0.137198597
vn -0.842599392 0.324099839 -0.430099726
vn -0.842766464 0.323687226 -0.430082887
vn -0.740713596 0.357806683 -0.56861043
vn -0.740785301 0.357692987 -0.568588674
vn -0.612713039 0.385308355 -0.69001472
vn -0.612913668 0.38480866 -0.690115333
vn -0.349410504 0.455813825 -0.818624675
vn -0.346292913 0.468990535 -0.81248343
vn -0.230503008 0.78951031 0.568807602
vn -0.230700403 0.789601386 0.568601131
vn -0.397407174 0.743813396 0.537409842
vn -0.397501171 0.744202137 0.536801696
vn -0.569535255 0.700443327 0.430126727
vn -0.569414973 0.700918496 0.429511458
vn -0.692494988 0.670395195 0.266498178
vn -0.692278922 0.670779586 0.266092002
vn -0.744715869 0.660714149 0.0941020995
vn -0.744708836 0.660707891 0.0942012146
vn -0.746573806 0.659576952 -0.0870968699
vn -0.746716619 0.659414709 -0.0871018618
vn -0.678268492 0.678968549 -0.280986875
vn -0.678714633 0.678514779 -0.281005979
vn -0.608525097 0.701829076 -0.370315224
vn -0.60861063 0.701812327 -0.370206386
vn -0.526710212 0.719214082 -0.453108758
vn -0.527006865 0.718809485 -0.453405857
vn -0.352705598 0.765812337 -0.537708521
vn -0.349590868 0.771080017 -0.532186031
vn -0.717985988 -0.238595292 -0.653887331
vn -0.587906241 -0.348503679 -0.730007946
vn -0.588884711 -0.32999137 -0.737780929
vn -0.504293203 -0.105298497 -0.857088566
vn -0.255406678 -0.181604654 -0.949624896
vn -0.257995009 -0.233995393 -0.937381983
vn -0.140000314 -0.0409999825 -0.989302397
vn -0.823124528 -0.419612527 -0.382611543
vn -0.832110941 -0.380704999 -0.403305411
vn -0.812114179 -0.212803662 -0.54330951
vn -0.827306271 -0.541904151 0.148001075
vn -0.951282799 -0.290994763 -0.101898201
vn -0.932274878 -0.257093072 -0.254493207
vn -0.999374628 -0.0244993828 0.0254993513
vn -0.923897803 -0.259499431 0.281199336
vn -0.830716968 -0.26950559 0.487109989
vn -0.849927545 -0.231507599 0.473315388
vn -0.71536535 -0.216489628 0.664367914
vn -0.700502634 -0.230200961 0.675502598
vn -0.596693754 -0.140398636 0.790091813
vn -0.552203178 -0.186401188 0.812604785
vn -0.41690892 -0.100102261 0.903419435
vn -0.330306381 -0.16680336 0.92901808
vn -0.155905619 0.0903031528 0.983635604
vn -0.217094332 0.170895457 0.961075008
vn -0.0109003903 -0.00310023082 0.999935925
vn -0.250800014 0.967500091 0.0323001184
vn -0.251199186 0.967597008 0.0256000366
vn -0.25249511 0.967181444 0.0283995718
vn -0.25209716 0.967189252 0.0314997658
vn -0.254188895 0.966657817 0.0309987627
vn -0.241807073 0.970128477 0.0195006877
vn -0.252389461 0.967059672 0.0330987349
vn -0.251106173 0.967423975 0.0322009139
vn -0.251788646 0.967156529 0.0347985514
vn -0.252401263 0.967304885 0.0248002429
vn -0.253604025 0.967015445 0.0238004979
vn -0.258900255 0.96550113 0.0279001482
vn -0.251899362 0.967297673 0.0297000445
vn -0.254305422 0.966620684 0.0312007815
vn -0.254188091 0.966654837 0.0310986619
vn -0.25400725 0.966727674 0.0303009823
vn -0.252011389 0.967443824 0.0233011693
vn -0.252010792 0.967441618 0.0234011188
vn -0.253111601 0.96714443 0.0238012094
vn -0.0363999531 0.1815999 -0.982698798
vn -0.0355995633 0.184497863 -0.982188106
vn 0.169894099 0.237291917 -0.956466913
vn 0.190411776 0.380523652 -0.904955983
vn 0.335704386 0.286903918 -0.89721173
vn 0.54300499 0.335703224 -0.769707143
vn 0.518775642 0.370482743 -0.770463884
vn 0.786310196 0.36250481 -0.500306487
vn 0.796505272 0.343902349 -0.497303307
vn 0.866960108 0.474378288 -0.152792916
vn 0.891091168 0.431495786 -0.14059858
vn 0.646674335 0.544878364 0.533778965
vn 0.802326858 0.397113293 0.445615053
vn 0.882668138 0.422984749 0.204892665
vn 0.779269993 0.576177895 0.246490613
vn 0.899736643 0.429817528 0.0757031441
vn 0.696983993 0.490288705 0.523288071
vn 0.662292182 0.304696321 0.684491992
vn 0.638189435 0.211396441 0.740287781
vn 0.446720243 0.447120249 0.774935305
vn 0.411800057 0.280900002 0.866900384
vn 0.211294383 0.223293975 0.951574862
vn 0.198509917 0.242412031 0.949647546
vn -0.200791463 0.954359472 0.221090749
vn -0.19760114 0.954205573 0.224601433
vn -0.174593911 0.962766528 0.206392944
vn -0.138897881 0.972085297 0.189097255
vn -0.140102714 0.972718954 0.184903711
vn -0.116904102 0.980234504 0.159605742
vn -0.116898239 0.980285406 0.159297734
vn -0.134099886 0.984999299 0.108600043
vn -0.0554988347 0.990679324 0.124397524
vn -0.113201402 0.981312275 0.155602053
vn -0.247107163 0.954627812 -0.166204721
vn -0.227498487 0.963993669 -0.137698978
vn -0.189906597 0.965933681 -0.175806001
vn -0.155392617 0.981253564 -0.113994487
vn -0.138294578 0.982661545 -0.12349505
vn -0.0785026476 0.995033622 -0.0612019487
vn -0.124698587 0.990788937 -0.0527992882
vn 0.0184007101 0.999438703 0.0280012041
vn -0.113196373 0.993568242 0.00300002284
vn -0.0458979532 0.996355712 0.0718969256
vn -0.129303113 0.5362131 -0.834120214
vn -0.129296198 0.536284387 -0.834075511
vn 0.103302836 0.591416478 -0.799722075
vn 0.103293091 0.592060626 -0.799246609
vn 0.370687217 0.658877492 -0.654577494
vn 0.370513201 0.659723699 -0.653823316
vn 0.570698738 0.706098616 -0.419199079
vn 0.570182502 0.706878364 -0.418587089
vn 0.67540729 0.726807952 -0.124801263
vn 0.675208747 0.727009535 -0.124701545
vn 0.671515882 0.716717005 0.188104555
vn 0.672062814 0.716260433 0.18788974
vn 0.560085177 0.678182065 0.47578758
vn 0.561421096 0.677125454 0.475718021
vn 0.462811738 0.653716564 0.598715305
vn 0.461988956 0.653684318 0.599385738
vn 0.349088728 0.613580167 0.708277225
vn 0.350500345 0.612400591 0.708600819
vn 0.0835014731 0.538909495 0.838214934
vn 0.0914964676 0.531079412 0.842367649
vn -0.206810623 0.818542242 -0.535927474
vn -0.206709042 0.818636 -0.535823345
vn -0.0537001714 0.854902864 -0.516001523
vn -0.0536984205 0.855274975 -0.515384734
vn 0.122305013 0.899237096 -0.420017153
vn 0.121994823 0.899761975 -0.418982148
vn 0.25409171 0.930369735 -0.264291257
vn 0.253513068 0.930748045 -0.263513476
vn 0.322987318 0.943862975 -0.0692971721
vn 0.322690338 0.943971872 -0.0691978261
vn 0.320392936 0.937179446 0.137997076
vn 0.321089894 0.936970592 0.137795776
vn 0.246689335 0.911760628 0.328385919
vn 0.248389751 0.911262453 0.328486592
vn 0.179401398 0.894907057 0.40860337
vn 0.180998072 0.895590603 0.406395853
vn 0.108297639 0.869181097 0.482489616
vn 0.109799765 0.868598223 0.48319912
vn -0.0668019727 0.820024312 0.568417013
vn -0.0604012199 0.816616476 0.574011743
vn -0.350414515 0.224309221 0.909337819
vn -0.0970987156 -0.108098701 0.989387035
vn -0.0533972681 0.144592509 0.988049567
vn -0.980621278 -0.102102242 0.16720362
vn -0.978542149 -0.131405681 0.158706829
vn -0.861773729 -0.0415987968 0.505584598
vn -0.862967491 -0.0685974807 0.500581205
vn -0.735134959 -0.0384019166 0.676832318
vn -0.643691361 0.0872987434 0.760289848
vn -0.604500294 -0.00270009669 0.796600461
vn -0.419802636 0.0428001657 0.90660578
vn -0.854208231 0.0342004001 -0.518805087
vn -0.906672478 -0.068797864 -0.416187406
vn -0.974357963 -0.0942959189 -0.204291224
vn -0.960571647 0.117696568 -0.251892567
vn -0.991402388 -0.0658001527 -0.11310029
vn -0.849622667 0.0587016344 -0.524114013
vn -0.692186236 -0.0891981497 -0.716185808
vn -0.615821362 0.155805513 -0.772326887
vn -0.527308166 0.0404007249 -0.848713219
vn -0.339706749 0.0910019204 -0.936118722
vn -0.311607778 0.21040538 -0.926623166
vn -0.181401655 0.144001439 -0.972809017
vn -0.290694028 0.948080659 -0.128997236
vn -0.317400664 0.933002055 -0.169600248
vn -0.267604738 0.949416935 -0.164302796
vn -0.367994905 0.917187452 -0.152797788
vn -0.36621505 0.926538169 -0.0861034319
vn -0.416292906 0.904584706 -0.0917983353
vn -0.409110457 0.912423432 -0.0106001627
vn -0.423803836 0.905508339 -0.0211000852
vn -0.435776651 0.898151994 0.0584969856
vn -0.426098824 0.902597606 0.0612999462
vn -0.410600483 0.902601182 0.129300267
vn -0.380418658 0.916245043 0.125606269
vn -0.372788399 0.906371891 0.198793948
vn -0.373597413 0.905993819 0.198998764
vn -0.293109685 0.937731087 0.186406299
vn -0.320496887 0.920091152 0.225197956
vn -0.24839139 0.943067312 0.221192479
vn -0.251194656 0.941280067 0.22559537
vn -0.137095079 0.474582911 0.869468987
vn -0.137400255 0.474800795 0.869301796
vn -0.371617824 0.410419643 0.832740128
vn -0.372096926 0.411296546 0.832093298
vn -0.641297877 0.346698821 0.684497833
vn -0.641601145 0.348100603 0.683501363
vn -0.842119455 0.303606987 0.445710361
vn -0.842048943 0.304881454 0.444973081
vn -0.946410656 0.286903262 0.148301721
vn -0.946370423 0.287091047 0.148195416
vn -0.940172076 0.297191232 -0.166595042
vn -0.940378368 0.296593249 -0.166496158
vn -0.82442379 0.334409744 -0.456613213
vn -0.82488662 0.33329469 -0.456592649
vn -0.615397871 0.393098742 -0.683197618
vn -0.615803838 0.392102569 -0.683404207
vn -0.351203859 0.465105206 -0.812608957
vn -0.348491967 0.474589169 -0.808281362
vn -0.211900622 0.779402256 0.589601934
vn -0.211992115 0.77947104 0.589478254
vn -0.366885304 0.736670494 0.568077326
vn -0.367211729 0.737323523 0.567018211
vn -0.545416355 0.694520831 0.469214201
vn -0.54540813 0.695610344 0.467607111
vn -0.678514838 0.666014612 0.30990687
vn -0.678080976 0.666881382 0.308991462
vn -0.74740839 0.654907405 0.111701339
vn -0.747189879 0.655191183 0.111498579
vn -0.743090332 0.661991537 -0.0978986621
vn -0.743661225 0.661365628 -0.0977948308
vn -0.666515708 0.686516345 -0.290606797
vn -0.66738838 0.685588181 -0.290794879
vn -0.528492153 0.725289345 -0.441193372
vn -0.529099345 0.724599302 -0.441599429
vn -0.354097754 0.772995293 -0.526396632
vn -0.350598365 0.778096557 -0.521197498
vn -0.133902028 -0.0393004827 -0.990215123
vn -0.261102825 -0.202602103 -0.943810344
vn -0.25628674 -0.150892109 -0.954750717
vn -0.491895586 -0.115998872 -0.862892449
vn -0.580307722 -0.301303953 -0.756610274
vn -0.665812075 -0.194903493 -0.720213175
vn -0.771925449 -0.2259074 -0.594219685
vn -0.814504027 -0.213101029 -0.539602757
vn -0.954669595 -0.272891343 -0.118896261
vn -0.88517195 -0.282491028 -0.369688362
vn -0.789382279 -0.553187668 -0.266194135
vn -0.837780058 -0.344891787 -0.423289984
vn -0.872171342 -0.46298483 0.157994762
vn -0.975083232 -0.204196528 0.0866984949
vn -0.808250785 -0.296282023 0.508868992
vn -0.789787948 -0.328195095 0.518192053
vn -0.701498747 -0.203499749 0.682998896
vn -0.568413019 -0.170804024 0.804818511
vn -0.458803803 -0.29650259 0.837606966
vn -0.382112563 -0.119704068 0.916330278
vn -0.115200028 -0.0168001242 0.993200362
vn -0.11720264 -0.0341008902 0.992522478
vn 0.644326806 0.176807284 0.744031072
vn 0.458691359 0.138197303 0.877783597
vn 0.333015561 -0.0300015155 0.942444086
vn 0.261300653 0.0565000363 0.963602543
vn 0.0934047922 0.0274012908 0.995251179
vn 0.780701399 0.238500372 0.577601075
vn 0.791269064 0.231190905 0.566077948
vn 0.645185411 0.188595667 0.740383327
vn 0.980280519 0.131397411 -0.14759706
vn 0.957563221 0.278589338 0.0738971978
vn 0.900119007 0.267805666 0.343607306
vn 0.967926085 0.0459012128 0.247006685
vn 0.861384928 0.236395821 0.449592233
vn 0.961389303 0.256497204 -0.0996988788
vn 0.800104439 0.261001527 -0.540102959
vn 0.855647683 0.128207207 -0.501428008
vn 0.568810403 0.233204395 -0.788714588
vn 0.520187199 -0.0111996224 -0.853978992
vn 0.395698607 0.0885998011 -0.914096832
vn 0.10490156 0.0305005759 -0.994014919
vn 0.0750985146 -0.231295332 -0.969980955
vn 0.212800428 0.0915003121 -0.972802103
vn -0.256789088 0.966059089 0.0280989278
vn -0.255204082 0.966415584 0.0302006025
vn -0.260292619 0.964972734 0.032799188
vn -0.254993707 0.966276288 0.0358992331
vn -0.255810946 0.966041446 0.0364016779
vn -0.253888428 0.966556132 0.0361984745
vn -0.256486952 0.966150939 0.0276987087
vn -0.255314589 0.96645546 0.0279017147
vn -0.25369662 0.966887295 0.0276997518
vn -0.251695037 0.967180967 0.0347994305
vn -0.252901822 0.966807067 0.0364003815
vn -0.254409701 0.96653688 0.0329013728
vn -0.254000425 0.966801703 0.0279001649
vn -0.250394583 0.967679143 0.0299994685
vn -0.249389932 0.954261541 -0.16489324
vn -0.0362008698 0.181504503 -0.982723713
vn -0.0353998169 0.184499189 -0.982195139
vn 0.186703682 0.241704911 -0.95221889
vn 0.196994051 0.364389151 -0.910172582
vn 0.351613253 0.291411132 -0.889633596
vn 0.495801896 0.326301396 -0.804803133
vn 0.491585821 0.457486957 -0.740978599
vn 0.63591224 0.359507024 -0.682913184
vn 0.762189031 0.421194047 -0.491592914
vn 0.780278325 0.392689198 -0.486786455
vn 0.850861847 0.412581503 0.325285524
vn 0.809783816 0.549789011 0.204895988
vn 0.800259769 0.561571836 0.210289508
vn 0.89862293 0.428510964 0.0941024646
vn 0.889045715 0.431422263 -0.153207853
vn 0.783167899 0.616974771 -0.0773967579
vn 0.86441344 0.429606736 -0.261204034
vn 0.776087046 0.38509357 0.499391764
vn 0.693699598 0.491399705 0.526599824
vn 0.682082772 0.388590127 0.619484425
vn 0.664873719 0.353385985 0.658074081
vn 0.643511236 0.346906006 0.682312012
vn 0.642567933 0.346382648 0.683465958
vn 0.509277999 0.303086847 0.8054654
vn 0.509403586 0.302502066 0.805605829
vn 0.335106581 0.255704939 0.906817973
vn 0.181607813 0.287712276 0.940340638
vn 0.182695031 0.203994364 0.961773932
vn -0.210402489 0.958111525 0.194302455
vn -0.186799332 0.956496656 0.224099338
vn -0.128793791 0.969053328 0.21058999
vn -0.138596296 0.979273856 0.147696167
vn -0.0777968764 0.985560536 0.150394097
vn -0.100700535 0.992705345 0.0663004741
vn -0.0677032918 0.99394846 0.0865043327
vn -0.0706998184 0.997497618 -0.000599879655
vn -0.0900026262 0.995929122 -0.00500002736
vn -0.0780985877 0.99388212 -0.0780984759
vn -0.124894224 0.989354372 -0.0746964291
vn -0.241806373 0.958025396 -0.154003963
vn -0.147805497 0.970436215 -0.190807
vn -0.214293286 0.970769644 -0.108096503
vn -0.124101825 0.98221463 -0.140901968
vn -0.130000606 0.535602689 -0.834403932
vn -0.129899204 0.535796881 -0.834294975
vn 0.10329888 0.591593742 -0.799591362
vn 0.103299491 0.592397273 -0.79899615
vn 0.371103644 0.659606695 -0.653606415
vn 0.370707363 0.660713315 -0.652712941
vn 0.571214437 0.706918001 -0.417110533
vn 0.570505261 0.707906604 -0.41640377
vn 0.675801098 0.727001309 -0.12150012
vn 0.675507009 0.727307677 -0.121301189
vn 0.671427727 0.715629578 0.192508057
vn 0.672193766 0.714993358 0.192198336
vn 0.559397101 0.674996495 0.481097609
vn 0.560906649 0.673807979 0.481005847
vn 0.349581271 0.608667374 0.712261975
vn 0.35120821 0.60731411 0.712616742
vn 0.0846039057 0.53242451 0.842239022
vn 0.0904004648 0.526902616 0.845104516
vn -0.208399653 0.817698836 -0.53659904
vn -0.208298132 0.817792833 -0.536495149
vn -0.0543011203 0.854617894 -0.516410589
vn -0.0543003306 0.85510534 -0.515603125
vn 0.12250571 0.899442077 -0.419519484
vn 0.122002736 0.900120318 -0.418209285
vn 0.25471583 0.93075794 -0.262316227
vn 0.253909051 0.931233346 -0.261409253
vn 0.323694795 0.943884909 -0.065598838
vn 0.323401988 0.944005966 -0.0653003007
vn 0.320813149 0.936238527 0.143305987
vn 0.321689665 0.935970008 0.143095508
vn 0.24660036 0.9093014 0.335200638
vn 0.248502359 0.908708632 0.335403323
vn 0.180997714 0.892288804 0.413594961
vn 0.108396769 0.865474224 0.489085585
vn 0.109996915 0.864875853 0.489786446
vn -0.0663991347 0.815389395 0.575092733
vn -0.062898308 0.813478053 0.578184605
vn -0.990641952 -0.0954040438 -0.097604163
vn -0.301113755 0.073603265 0.950743556
vn 0.00419984292 0.157794014 0.987463295
vn -0.112299882 0.212899685 0.970599115
vn -0.466279894 0.028998645 0.884161949
vn -0.584562778 -0.000500064983 0.811348438
vn -0.642395139 0.118899018 0.757094324
vn -0.729688644 -0.066999048 0.680489421
vn -0.865864038 0.000499919697 0.500279307
vn -0.8723014 -0.0890002102 0.480800807
vn -0.981045067 -0.103394233 0.163890824
vn -0.991605103 0.0694003478 0.109100588
vn -0.954771101 -0.0880973786 0.283991426
vn -0.954798162 0.15539974 -0.253399521
vn -0.975281894 -0.0947982222 -0.199596331
vn -0.871495426 -0.0576996468 -0.486997485
vn -0.851448894 0.0712957904 -0.519568861
vn -0.770685017 -0.0282993782 -0.636587679
vn -0.631779194 0.0106997425 -0.775074601
vn -0.617664993 0.0943947658 -0.780755877
vn -0.491709679 0.0518011302 -0.869217217
vn -0.298810869 0.102103837 -0.948834658
vn -0.302490056 0.10839656 -0.946968973
vn -0.304993451 0.942579925 -0.136096969
vn -0.300992012 0.940075159 -0.160195634
vn -0.358987808 0.774473906 -0.520882249
vn -0.258508414 0.938030601 0.230807662
vn -0.638298571 0.3426992 0.68929857
vn -0.638712227 0.344306558 0.688113272
vn -0.840267956 0.300188512 0.451482862
vn -0.840200305 0.301700085 0.450600237
vn -0.94620651 0.284401953 0.154301107
vn -0.94611752 0.284805298 0.154102907
vn -0.941531897 0.29591006 -0.161105439
vn -0.941818833 0.295105964 -0.160903201
vn -0.826304138 0.33400175 -0.453502297
vn -0.826820791 0.332708478 -0.453511447
vn -0.62288481 0.393090516 -0.676383495
vn -0.623381972 0.39178881 -0.676680446
vn -0.359713495 0.46431756 -0.809330404
vn -0.0506014191 0.139503822 0.988927901
vn -0.135701314 0.470304489 0.872008622
vn -0.135896698 0.470488489 0.871878982
vn -0.212101161 0.776304245 0.593603432
vn -0.212300867 0.776403189 0.593402565
vn -0.250708699 0.943632782 0.216107652
vn -0.346692711 0.902680993 0.254894793
vn -0.544368207 0.691559613 0.474772394
vn -0.544298053 0.692897499 0.472898453
vn -0.678131223 0.663530648 0.316014707
vn -0.677622378 0.664622009 0.314810514
vn -0.747989774 0.65319109 0.117698476
vn -0.747772634 0.653476179 0.11749579
vn -0.744780064 0.660882473 -0.0923974589
vn -0.745398343 0.660198629 -0.0922997147
vn -0.668521047 0.686121702 -0.286908984
vn -0.669512987 0.68511343 -0.287005514
vn -0.533990622 0.725187421 -0.434692353
vn -0.331095695 0.130798206 0.934487939
vn -0.368103713 0.406104058 0.836408615
vn -0.368719697 0.407321692 0.835544825
vn -0.365699053 0.733598113 0.57279861
vn -0.366001219 0.734302461 0.571702003
vn -0.289605528 0.941418052 0.172803432
vn -0.373992831 0.904582739 0.204596207
vn -0.378084987 0.915563762 0.137094676
vn -0.420295745 0.896491051 0.140198708
vn -0.414409518 0.907620907 0.0670016557
vn -0.431193054 0.900085628 0.0625991076
vn -0.43238008 0.901358664 -0.0244987682
vn -0.403897047 0.914793432 -0.00449985871
vn -0.431687176 0.888273776 -0.15689525
vn -0.361607611 0.93111968 -0.0475008935
vn -0.368905157 0.91821301 -0.144201934
vn -0.534794509 0.724292696 -0.435195506
vn -0.360492617 0.772284329 -0.52308923
vn -0.358084172 0.470179349 -0.806664348
vn -0.256507427 -0.0750020668 -0.963627934
vn -0.262296319 -0.141297907 -0.954586685
vn -0.449182749 -0.128394976 -0.884166181
vn -0.585403323 -0.189000994 -0.788404584
vn -0.589083791 -0.275992334 -0.759479284
vn -0.732820928 -0.205905825 -0.648518622
vn -0.826108217 -0.265202612 -0.497205049
vn -0.805690467 -0.418395042 -0.419295162
vn -0.924123168 -0.254606366 -0.284907222
vn 0.00699981349 0.00209982484 0.999973416
vn 0.0541978702 -0.0231992081 0.998260856
vn -0.0547990873 -0.00530003104 0.998483419
vn -0.143305168 -0.057002183 0.988035798
vn -0.283306569 -0.00370020047 0.959022343
vn -0.339902163 -0.147601083 0.928806067
vn -0.42968902 -0.131996751 0.893277347
vn -0.566771507 -0.14249295 0.811459303
vn -0.550165713 -0.160690099 0.819449067
vn -0.708026469 -0.206807837 0.675225258
vn -0.696279168 -0.218893543 0.683579624
vn -0.852779865 -0.22189486 0.47278887
vn -0.84072119 -0.245506287 0.482612222
vn -0.923430204 -0.269708872 0.273008943
vn -0.917700171 -0.278000116 0.283800066
vn -0.968872905 -0.247493103 0.0056998115
vn -0.844827235 -0.526117027 0.0973030925
vn -0.950579524 -0.292793721 -0.103297822
vn 0.341719419 -0.0573033802 0.938053489
vn 0.223996878 0.0654989704 0.972386539
vn 0.746297061 0.218299091 0.628797531
vn 0.719707131 0.199801922 0.664906681
vn 0.702084005 0.174095973 0.690484345
vn 0.662566304 0.114094131 0.740262449
vn 0.529521227 0.248009875 0.811232686
vn 0.398011923 0.0498013906 0.916027606
vn 0.829203367 0.242500961 0.503602087
vn 0.731503844 0.364701837 0.576103091
vn 0.941583753 0.105298162 0.319894493
vn 0.925382137 0.149997085 0.348093331
vn 0.939084351 0.26789552 0.215296462
vn 0.00970047899 0.00270025269 -0.999949455
vn 0.0115000838 0.0073001734 -0.999907374
vn 0.164100498 0.0453002565 -0.985403061
vn 0.220907271 0.128204346 -0.966831923
vn 0.359415323 0.0440019891 -0.932139814
vn 0.406990349 0.112497449 -0.906478584
vn 0.552709281 0.174903065 -0.814813912
vn 0.549769104 0.160491109 -0.819754124
vn 0.699088275 0.204096675 -0.685288548
vn 0.693386495 0.186596453 -0.69598645
vn 0.830571592 0.277790576 -0.48268351
vn 0.833167791 0.243390679 -0.496580839
vn 0.914829433 0.267308682 -0.302709758
vn 0.920779109 0.282693654 -0.268793911
vn 0.976370454 0.205093816 -0.0680979192
vn 0.984197199 0.149499595 -0.0948997289
vn 0.954029858 0.285208941 0.0921029299
vn -0.289701283 0.957004368 0.0147001809
vn -0.284405142 0.958617508 0.0129003515
vn -0.283204794 0.959016383 0.00910027046
vn -0.284291178 0.958670378 0.0113997627
vn -0.283798009 0.958793402 0.0132000232
vn -0.286706954 0.957923353 0.0135004446
vn -0.288307965 0.957426548 0.01460052
vn -0.28450653 0.958622098 0.0100003444
vn -0.28909865 0.95719564 0.0141000515
vn -0.289490789 0.957069635 0.014599652
vn -0.289492846 0.95707649 0.0140997684
vn -0.289399177 0.957097352 0.0146000749
vn -0.288890064 0.957267284 0.013499653
vn -0.287310481 0.957835078 0.00220019463
vn -0.287189007 0.95786345 0.00449994206
vn -0.287492812 0.957776129 0.00360002439
vn -0.286907464 0.957925022 0.00800032355
vn -0.294498563 0.955595493 0.0104000634
vn 0.872303963 0.423501998 -0.244401082
vn -0.0177993104 0.187192872 -0.982162118
vn -0.0151003134 0.217604667 -0.975920379
vn 0.133702517 0.228504449 -0.964318275
vn 0.262794584 0.347292989 -0.900181532
vn 0.320895433 0.271096319 -0.907487214
vn 0.745446384 0.513232052 -0.425326467
vn 0.749302626 0.503801882 -0.429801524
vn 0.713151336 0.411172062 -0.567761242
vn 0.582820117 0.369712919 -0.723625004
vn 0.496015519 0.6283198 -0.599318802
vn 0.513075113 0.358782738 -0.779762208
vn 0.812320948 0.576714873 -0.0868021771
vn 0.876209319 0.459504962 -0.145301491
vn 0.884927213 0.460514218 0.0695021972
vn 0.786145747 0.598234892 0.155209139
vn 0.810823143 0.555415869 0.18460533
vn 0.849557698 0.448530495 0.277618915
vn 0.760368824 0.415882945 0.498879671
vn 0.716210604 0.527607799 0.456806898
vn 0.66119051 0.341295093 0.668090582
vn 0.634637237 0.179210439 0.751744211
vn 0.447878808 0.433879435 0.781763136
vn 0.247990921 0.0708973035 0.966164768
vn 0.228907451 0.247607976 0.941430748
vn -0.153792053 0.978349626 0.138492987
vn -0.179494008 0.969567776 0.166494578
vn -0.178905383 0.969329298 0.168505207
vn -0.212202653 0.959612131 0.184702441
vn -0.232810706 0.950343728 0.206509635
vn -0.239993215 0.950473249 0.197494581
vn -0.168408483 0.981949568 0.0861044601
vn -0.102101505 0.989714682 0.100201607
vn -0.147602871 0.980319262 0.131102681
vn -0.150396228 0.979475617 0.134196788
vn -0.15370293 0.978418767 0.13810277
vn -0.274005264 0.944618285 -0.18060337
vn -0.260590494 0.954965293 -0.141894728
vn -0.20880115 0.959005356 -0.191600963
vn -0.193994224 0.972271144 -0.130596012
vn -0.146300271 0.977801859 -0.15000017
vn -0.157301247 0.984907985 -0.0722004622
vn -0.122797407 0.989479244 -0.07649827
vn -0.107698098 0.994182587 0.00160009053
vn -0.162492424 0.986654103 -0.0104993945
vn -0.0809968784 0.995661795 0.0457983613
vn -0.117202997 0.534313858 -0.837121487
vn 0.136907101 0.607231736 -0.782640696
vn 0.136798382 0.608092904 -0.781990767
vn 0.388608456 0.683315098 -0.618113458
vn 0.387996137 0.684493303 -0.617193818
vn 0.565873861 0.736566007 -0.370482802
vn 0.565101087 0.737501502 -0.369800627
vn 0.637625873 0.760830939 -0.120704822
vn 0.637425482 0.761030555 -0.120504752
vn 0.639961779 0.755154967 0.142091617
vn 0.640468299 0.754762769 0.141893089
vn 0.540887296 0.721083105 0.432989985
vn 0.542305887 0.720007896 0.433004856
vn 0.437876999 0.6929636 0.57277
vn 0.438391834 0.692787111 0.572589457
vn 0.315218419 0.646937788 0.694340646
vn 0.316704065 0.645708263 0.69480902
vn 0.0564999096 0.566099048 0.822398901
vn 0.0567992404 0.565792382 0.822589219
vn -0.214700863 0.809603453 -0.54630214
vn -0.214689553 0.809760809 -0.546073377
vn -0.0479993261 0.857588112 -0.51209271
vn -0.0482003801 0.858106911 -0.511203945
vn 0.117096439 0.907372594 -0.403687656
vn 0.116299048 0.908092737 -0.402296633
vn 0.233405039 0.942320466 -0.239905074
vn 0.232399717 0.942798972 -0.23899962
vn 0.278300166 0.957600713 -0.0744999424
vn 0.278000861 0.957703173 -0.0743001327
vn 0.28169781 0.954392731 0.098899357
vn 0.282401532 0.954205334 0.0987006649
vn 0.21640566 0.931924462 0.291007787
vn 0.21799852 0.931493759 0.291198194
vn 0.146395862 0.912874222 0.381089419
vn 0.147396654 0.912879229 0.380691499
vn 0.0687015057 0.883319378 0.463710308
vn 0.0702986568 0.882783234 0.464491338
vn -0.100897536 0.830379784 0.547986746
vn -0.100400083 0.830100775 0.548500657
vn -0.83806777 -0.0606977344 0.542179227
vn -0.289203614 0.935711741 0.202002659
vn -0.0934973061 0.152495503 0.983871758
vn -0.0936027765 0.152704433 0.983829319
vn -0.683122635 -0.0202007573 0.730024278
vn -0.753151417 0.256783396 0.605661094
vn -0.61349684 0.00139989879 0.789696038
vn -0.386979371 0.0641964749 0.919851124
vn -0.501513958 0.327609032 0.80072242
vn -0.298587501 0.0927960128 0.949860334
vn -0.914428115 0.121403702 0.386111915
vn -0.900154412 0.00899949204 0.435478002
vn -0.96625948 -0.155293539 0.205491394
vn -0.987748027 -0.0444021821 0.149607286
vn -0.993583798 -0.101098359 0.0506991707
vn -0.992685556 -0.100298546 -0.0671990439
vn -0.986442924 0.0681029856 -0.149306491
vn -0.971494675 -0.0612996444 -0.22899878
vn -0.877126515 -0.123103678 -0.464214087
vn -0.873098314 0.0119000375 -0.487399131
vn -0.781591058 -0.036999505 -0.622692883
vn -0.749893904 -0.0272997022 -0.660994709
vn -0.748525679 -0.0278008766 -0.662522852
vn -0.601402521 0.0197001789 -0.798703432
vn -0.580310047 -0.0280003939 -0.813914239
vn -0.295693457 0.102397852 -0.949779093
vn -0.289590478 0.226892665 -0.929869533
vn -0.409593105 0.0818987414 -0.908584833
vn -0.320699096 0.936597586 -0.141199529
vn -0.340009987 0.924127281 -0.174305037
vn -0.397203445 0.902408004 -0.167001367
vn -0.386488765 0.917573392 -0.0931971818
vn -0.3880907 0.916278183 -0.0990975276
vn -0.454704344 0.884908557 -0.100900881
vn -0.412808686 0.910719275 -0.0134001747
vn -0.476096362 0.877993464 -0.0495995246
vn -0.44561851 0.894437253 0.0375016704
vn -0.427904665 0.902810037 0.0428005829
vn -0.291690826 0.936070621 0.196693957
vn -0.363896191 0.910390496 0.196898058
vn -0.332209826 0.930827737 0.152304634
vn -0.494890004 0.847682953 0.191096291
vn -0.363405734 0.925314665 0.108301833
vn -0.460491478 0.880983829 0.108698107
vn -0.188898981 0.493997306 0.848695636
vn -0.188905671 0.494114816 0.84862566
vn -0.439710051 0.416709453 0.795618355
vn -0.440129012 0.417727441 0.794852495
vn -0.69363147 0.345015615 0.632328808
vn -0.693789721 0.34659484 0.631290734
vn -0.873736858 0.296712518 0.385416329
vn -0.873636901 0.297912568 0.384716362
vn -0.950158775 0.281787813 0.133394256
vn -0.950067163 0.282190293 0.133195445
vn -0.95051074 0.281303227 -0.131901473
vn -0.950702786 0.280700892 -0.131800368
vn -0.850520968 0.313207805 -0.422510475
vn -0.850978196 0.311992109 -0.422489226
vn -0.750111222 0.349505335 -0.561408341
vn -0.75051713 0.34910807 -0.561112821
vn -0.623690903 0.380894542 -0.682590008
vn -0.62409693 0.379498214 -0.682996631
vn -0.36359477 0.458893597 -0.810688436
vn -0.363817066 0.457921654 -0.811138153
vn -0.261305511 0.783116519 0.5643121
vn -0.261392981 0.783178926 0.564184964
vn -0.425995976 0.732293069 0.531295121
vn -0.426203847 0.733106613 0.530004859
vn -0.592691779 0.685290575 0.423194319
vn -0.59240061 0.686400771 0.421800554
vn -0.71092236 0.653520584 0.259808272
vn -0.710404098 0.654403806 0.259001613
vn -0.759063542 0.644369125 0.0927956253
vn -0.758895099 0.644595861 0.0925994888
vn -0.761096179 0.643396854 -0.0822995231
vn -0.761369228 0.643074095 -0.0822966099
vn -0.695104182 0.664604127 -0.274101585
vn -0.696038663 0.663537025 -0.274315208
vn -0.626922131 0.689024389 -0.363612741
vn -0.627380252 0.6887784 -0.363288492
vn -0.546492338 0.70889014 -0.445893705
vn -0.547293961 0.707892358 -0.446495086
vn -0.37601465 0.760129809 -0.529920638
vn -0.376295477 0.759591043 -0.530493557
vn -0.214100793 -0.0626001209 -0.974803686
vn -0.234693423 -0.215093896 -0.947973549
vn -0.347491056 -0.150196031 -0.92557627
vn -0.572803438 -0.0612002797 -0.817405045
vn -0.582169831 -0.31118381 -0.751161218
vn -0.69982022 -0.235106722 -0.674519479
vn -0.947736025 -0.316212028 -0.0425016545
vn -0.957549572 -0.279714525 -0.0697036535
vn -0.938507557 -0.274202198 -0.209801748
vn -0.938157737 -0.253688544 -0.235589445
vn -0.841893554 -0.3150976 -0.438096762
vn -0.85270083 -0.230900213 -0.468600571
vn -0.741096377 -0.220098883 -0.634296954
vn -0.881454945 -0.24428758 0.404179335
vn -0.874189675 -0.255397081 0.41299513
vn -0.939273238 -0.274392247 0.206094131
vn -0.939375281 -0.27419284 0.205894575
vn -0.958635509 -0.280210435 0.0500018299
vn -0.05240063 -0.0151003022 0.998512089
vn -0.0398996621 -0.0286998805 0.998791635
vn -0.20599927 -0.0568999164 0.976896584
vn -0.260005921 -0.0517012998 0.964222074
vn -0.358212173 -0.218007535 0.907830954
vn -0.406603038 -0.168101385 0.898006797
vn -0.610711336 -0.139802694 0.779414535
vn -0.570409656 -0.18080318 0.801213682
vn -0.765685558 -0.198596343 0.611788571
vn -0.638311327 -0.388907015 0.664311767
vn -0.798777401 -0.244993165 0.549484551
vn 0.283492863 0.0829978064 0.955376089
vn 0.285385579 0.0801958442 0.955051839
vn 0.626007736 0.186002225 0.757309496
vn 0.624694884 0.211098194 0.751793921
vn 0.774196267 0.223698869 0.592097163
vn 0.833681941 0.280693889 0.475589782
vn 0.91687876 0.115497299 0.382091194
vn 0.925808609 0.253702343 0.280202657
vn 0.941368997 0.278590828 0.190293804
vn 0.859894574 0.185698897 -0.475497007
vn 0.858679831 0.251094192 -0.446789533
vn 0.917723596 0.268306971 -0.292907536
vn 0.92162174 0.298507094 -0.248005852
vn 0.986373544 0.161095709 -0.0333990902
vn 0.995709956 0.00650007697 -0.0923009291
vn 0.964050114 0.256686747 0.068696484
vn -0.00379997026 -0.00119987153 -0.999992251
vn 0.0207989942 0.0604971983 -0.997951865
vn 0.156407535 0.0220011808 -0.987447679
vn 0.189293802 0.0551983118 -0.980368018
vn 0.335806727 0.0980020911 -0.936818957
vn 0.350418776 0.187910214 -0.917549312
vn 0.562514424 0.107102856 -0.819821179
vn 0.582075715 0.169993028 -0.79516691
vn 0.704686642 0.205896199 -0.678987205
vn 0.706135452 0.214410871 -0.674833953
vn 0.783796012 0.226098925 -0.578397095
vn -0.265399992 0.963300109 0.040200118
vn -0.271490723 0.961967349 0.03019909
vn -0.274392903 0.961075246 0.0322992839
vn -0.247808993 0.967735231 0.045601774
vn -0.266389996 0.963063955 0.0392986424
vn -0.268494904 0.962581873 0.0366994217
vn -0.269010663 0.962638259 0.031001348
vn -0.267611355 0.963041008 0.0306014176
vn -0.268997848 0.962592423 0.0324998572
vn -0.269803375 0.962012172 0.0417006426
vn -0.266603559 0.963012993 0.0391006395
vn -0.290589124 0.956464291 0.0270991027
vn -0.275188833 0.960861087 0.0318988226
vn -0.273400754 0.961302757 0.0339002125
vn -0.272709936 0.961235106 0.0407016017
vn -0.273987114 0.960855007 0.0410981886
vn -0.272403538 0.961412668 0.0385006219
vn 0.794481993 0.399490952 0.457389742
vn 0.184900492 0.245100796 -0.951702595
vn -0.222498059 0.815293074 -0.534595311
vn -0.139695078 0.535081327 -0.833170712
vn -0.139803916 0.534815133 -0.833323419
vn -0.038901899 0.183509097 -0.982248068
vn -0.0392002128 0.182601124 -0.982405424
vn 0.349691004 0.294792563 -0.88927716
vn 0.491797149 0.331598222 -0.805095375
vn 0.48759675 0.456697106 -0.744095027
vn 0.61671406 0.37630868 -0.691415727
vn 0.776570737 0.385685563 -0.498181224
vn 0.770613313 0.395406932 -0.499808609
vn 0.847225726 0.43211323 -0.309009343
vn 0.862073064 0.483984977 -0.150295258
vn 0.887093723 0.440696955 -0.137298986
vn 0.87800467 0.430902332 0.208401173
vn 0.775883794 0.578188002 0.252394825
vn 0.895781636 0.437291056 0.0796984285
vn 0.629300535 0.555800498 0.543200612
vn 0.685100317 0.499100208 0.530600369
vn 0.638185143 0.2209948 0.737482905
vn 0.456317991 0.435017139 0.776230812
vn 0.421902508 0.282501608 0.86150527
vn 0.238192216 0.224692568 0.94486922
vn 0.181403786 0.301906198 0.935919702
vn 0.06900049 0.176901162 0.981807113
vn -0.212592646 0.956267059 0.200893208
vn -0.214600131 0.94950068 0.228900298
vn -0.0726018474 0.812220693 0.578814924
vn -0.265492171 0.95037204 -0.162195101
vn -0.258315772 0.95405829 -0.151809156
vn -0.166296452 0.968279421 -0.186495915
vn 0.358398229 0.666996896 -0.653196752
vn 0.357883513 0.668569446 -0.651870012
vn 0.557801843 0.717902422 -0.416501343
vn 0.55691576 0.719220459 -0.415411711
vn 0.66242975 0.739433408 -0.120105319
vn 0.662081301 0.739779174 -0.119896539
vn 0.658597767 0.726897597 0.194599465
vn 0.659702063 0.726002336 0.194200724
vn 0.546698213 0.681997776 0.485798597
vn 0.548754454 0.680443525 0.485659868
vn 0.34720692 0.613912225 0.70891422
vn 0.349185914 0.612375259 0.709271431
vn 0.0861024782 0.531415284 0.842724442
vn 0.105702214 0.902319074 -0.417908669
vn 0.10499832 0.903285742 -0.415993303
vn 0.237391025 0.935864747 -0.260390073
vn 0.236305788 0.93652308 -0.259006262
vn 0.306194276 0.949882329 -0.0629987195
vn 0.305688739 0.950065136 -0.0626975894
vn 0.303586841 0.941459298 0.146593764
vn 0.304589093 0.941166461 0.146394908
vn 0.229406431 0.911825657 0.340509713
vn 0.231999576 0.911098421 0.340699553
vn 0.0979035422 0.866931379 0.488717794
vn 0.19290185 0.3597036 -0.912908792
vn 0.0918964893 0.594577491 -0.798769593
vn 0.0917994902 0.595496893 -0.798095703
vn -0.0699009672 0.854511976 -0.514707029
vn -0.0699993819 0.855292618 -0.513395429
vn -0.231307685 0.96713233 -0.105603412
vn -0.142193988 0.980158746 -0.138094068
vn -0.142894372 0.98746115 -0.0670972466
vn -0.102901161 0.992111385 -0.0716006979
vn -0.0990977436 0.995077491 -0.000899860985
vn -0.0859993771 0.99629283 0.0022001029
vn -0.0908044055 0.99214828 0.0860043019
vn -0.115001202 0.990810454 0.07120087
vn -0.0847003385 0.974003971 0.210100979
vn -0.158605263 0.98043263 0.116604
vn -0.14529492 0.96636641 0.212192744
vn 0.100498214 0.866084695 0.489691436
vn -0.0733039826 0.812644184 0.578131616
vn 0.0877009854 0.529905915 0.843509674
vn -0.0533016287 0.14130421 0.988530338
vn -0.0535002723 0.140000612 0.988705099
vn -0.2751939 0.0784981549 0.958178878
vn -0.345403552 0.193401888 0.91830951
vn -0.441404253 0.0328002125 0.896708786
vn -0.629117727 -0.0171005763 0.777122021
vn -0.630389154 -0.0496992432 0.774686813
vn -0.862725258 -0.0498015247 0.503214777
vn -0.863971829 -0.0934970155 0.494783908
vn -0.944119751 -0.0848017409 -0.318506718
vn -0.981494427 0.0313998461 -0.188898936
vn -0.978959143 0.053597793 -0.196891814
vn -0.991196752 -0.0997996777 -0.0869997367
vn -0.980560124 -0.108195633 0.163693339
vn -0.989017904 0.113302052 0.0949017406
vn -0.958440363 -0.0927039459 0.269811392
vn -0.859313309 -0.056600824 -0.508307934
vn -0.852331519 0.0200008042 -0.522619426
vn -0.757412493 -0.0262003578 -0.652410865
vn -0.73600173 -0.0193999689 -0.676701665
vn -0.601184547 0.019199606 -0.798879623
vn -0.600185275 0.0169996805 -0.799680531
vn -0.427508861 0.0710015893 -0.901218772
vn -0.308408529 0.167304754 -0.936425984
vn -0.271990865 0.115296252 -0.955367982
vn -0.306313336 0.944041193 -0.122305222
vn -0.328708559 0.93142432 -0.15620397
vn -0.38299346 0.912284553 -0.145097435
vn -0.380414635 0.921435535 -0.0790029392
vn -0.431299657 0.898299336 -0.0838998333
vn -0.420781493 0.907160223 -0.00189980853
vn -0.439185888 0.898271203 -0.014999412
vn -0.446894616 0.892089367 0.0667993054
vn -0.437307179 0.89661485 0.0696012601
vn -0.425217807 0.894337595 0.139105946
vn -0.392086774 0.909969449 0.134995565
vn -0.386688113 0.898472428 0.207893744
vn -0.395613611 0.893730819 0.21150741
vn -0.305105567 0.935017169 0.180703416
vn -0.357008368 0.898221135 0.256406158
vn -0.265803248 0.938611507 0.219902828
vn -0.273493439 0.932877719 0.234394521
vn -0.143198505 0.468295097 0.871891141
vn -0.143302247 0.468407273 0.871813834
vn -0.373811424 0.400612146 0.836525679
vn -0.374484748 0.401983559 0.835566103
vn -0.642198145 0.334099025 0.689898133
vn -0.642807722 0.336404026 0.688208401
vn -0.843287408 0.290495634 0.45219335
vn -0.843277395 0.292392135 0.450987995
vn -0.948864222 0.274789661 0.155394182
vn -0.94873184 0.275409251 0.155105248
vn -0.944384456 0.287795335 -0.159097359
vn -0.944755971 0.286686718 -0.158892572
vn -0.831837237 0.328014791 -0.447720051
vn -0.832600355 0.32610023 -0.447700202
vn -0.738986075 0.362493306 -0.567889333
vn -0.622507036 0.391404539 -0.677707613
vn -0.623118877 0.389711946 -0.678120553
vn -0.35959509 0.468293756 -0.807088971
vn -0.359611899 0.468215644 -0.80712676
vn -0.224399164 0.771997154 0.594697952
vn -0.224511459 0.771939397 0.594730496
vn -0.376195997 0.727092326 0.574294031
vn -0.376804054 0.72810781 0.572606266
vn -0.553205132 0.683306396 0.476504594
vn -0.553108811 0.684910953 0.474307716
vn -0.685992122 0.65439254 0.318096489
vn -0.685242414 0.655940711 0.316519737
vn -0.755290687 0.644292116 0.120098613
vn -0.754994333 0.644695222 0.119799189
vn -0.752185047 0.652887046 -0.0891981572
vn -0.752894819 0.652095556 -0.0889993161
vn -0.677806199 0.679506361 -0.280802518
vn -0.679214418 0.678014457 -0.281005889
vn -0.613677382 0.703074276 -0.359286696
vn -0.540086985 0.721382797 -0.433489531
vn -0.541223288 0.720031142 -0.434318662
vn -0.367080301 0.771958768 -0.518972099
vn -0.367481947 0.771362245 -0.519574404
vn -0.242711544 -0.187808841 -0.951745331
vn -0.223901883 -0.0655004382 -0.972408295
vn -0.715001106 -0.214200288 -0.665501118
vn -0.58458966 -0.265995264 -0.766486645
vn -0.57438004 -0.100696415 -0.81237185
vn -0.374703974 -0.13400133 -0.917409778
vn -0.825131238 -0.222408384 -0.519319713
vn -0.803780794 -0.412090153 -0.429089904
vn -0.8965922 -0.297997415 -0.327597201
vn -0.94019872 -0.264199644 -0.21499978
vn -0.942871928 -0.275591761 -0.187194467
vn -0.955717146 -0.279305041 -0.0927016959
vn -0.894885838 -0.437793106 0.0866985843
vn -0.940889955 -0.335696459 0.0450994782
vn -0.927793503 -0.257698238 0.2697981
vn -0.917842329 -0.268112421 0.292713493
vn -0.833074808 -0.243292734 0.496784985
vn -0.843532085 -0.22250855 0.488818616
vn -0.693904757 -0.211501554 0.688304782
vn -0.62521261 -0.0763016492 0.776715815
vn -0.511386812 -0.19989498 0.835778594
vn 0.0353008024 0.0104001174 0.999322772
vn -0.0210990999 0.025298804 0.999457419
vn -0.182994634 -0.147595808 0.971971631
vn -0.228500232 -0.10090024 0.968301117
vn -0.407402009 -0.11160066 0.906404555
vn 0.111996308 0.0327988006 0.993167341
vn 0.300808251 0.0222004987 0.953426361
vn 0.332309783 -0.0164005961 0.943027854
vn 0.469771951 0.143491343 0.871048093
vn 0.66198051 0.170894906 0.729778528
vn 0.661020994 0.145004526 0.7362234
vn 0.916425824 0.30380854 0.260507405
vn 0.91629827 0.116099745 0.383299321
vn 0.863292217 0.210098058 0.458895922
vn 0.783299625 0.236499831 0.574899733
vn 0.964334726 0.253509194 0.0761027783
vn 0.972337663 0.228208855 0.0498019643
vn 0.926505625 0.348702133 -0.141400814
vn 0.944467723 0.253991365 -0.20849286
vn 0.910108328 0.265902489 -0.317802906
vn 0.879279256 0.256894052 -0.401090562
vn 0.787391543 0.355396271 -0.503694594
vn 0.7692855 0.0950983018 -0.631788135
vn 0.686030924 0.173707932 -0.706531882
vn 0.0632019714 0.018400697 -0.997831285
vn 0.0422007069 -0.102701619 -0.993816733
vn 0.22140567 0.128903449 -0.966624916
vn 0.457498372 -0.0402997546 -0.888296962
vn 0.450597197 -0.0697994679 -0.889994562
vn 0.540011585 0.192204237 -0.819417655
vn 0.821273386 0.418486536 -0.387787431
vn 0.819419265 0.504112005 -0.272806376
vn 0.81175065 0.496069938 -0.308181226
vn 0.885498106 0.44919911 -0.118799709
vn 0.854244292 0.501026034 -0.138707146
vn 0.61638391 0.783779681 -0.0758979321
vn 0.733177841 0.662580013 -0.153095305
vn 0.813945889 0.489527673 -0.312817603
vn 0.65022707 0.703929365 -0.285811841
vn 0.585714936 0.779120028 -0.223405644
vn -0.0722002387 0.986303329 -0.148300394
vn 0.489114732 0.870426357 -0.055901587
vn 0.869120598 0.252806067 -0.425110102
vn 0.867911935 0.247603491 -0.430605948
vn 0.90738982 0.274696976 -0.318096429
vn 0.992262244 0.0409984589 -0.117195554
vn 0.941513479 0.275103986 -0.194602787
vn 0.611918807 0.784224212 0.102703273
vn 0.737703741 0.666703463 0.106300637
vn 0.856019437 0.318707228 0.407009333
vn 0.885519147 0.44920972 0.118602626
vn 0.854088902 0.50129354 0.138698265
vn 0.821822226 0.492813349 0.285907835
vn 0.802977502 0.510985672 0.306791514
vn 0.822609782 0.434305161 0.367004454
vn 0.489117473 0.870431185 0.0558021031
vn 0.133201301 0.98380965 0.119901299
vn 0.585491061 0.778888226 0.224796697
vn 0.611694515 0.743593395 0.269997716
vn 0.775219202 0.549713612 0.311207771
vn 0.924901426 0.263800412 0.273800462
vn 0.908878803 -0.20269534 0.364491463
vn 0.959319055 0.280305594 0.0337007083
vn 0.937767327 0.32568872 0.120495856
vn 0.955376983 0.0629984513 0.288593084
vn 0.750800848 0.386700541 -0.535500586
vn 0.150901407 0.0987010449 -0.983609259
vn 0.10099373 0.417074263 -0.903243959
vn 0.253000438 0.271800637 -0.928501725
vn 0.494903028 0.270401776 -0.825805128
vn 0.934886038 0.317395329 -0.158897594
vn 0.881844103 0.441772044 -0.1648895
vn 0.870672703 0.46528548 -0.159494951
vn 0.734297395 0.662897706 -0.14619942
vn 0.666493237 0.729092717 -0.155598342
vn 0.575377524 0.807968557 -0.126994967
vn 0.30191645 0.949151874 -0.089204751
vn 0.366203487 0.922208965 -0.124201089
vn -0.0743023306 0.997231424 -0.00299997558
vn -0.0148998899 0.999092758 -0.0398995914
vn -0.188008338 0.952742457 -0.238610506
vn -0.233309954 0.955140889 -0.182407677
vn -0.0688013285 0.852116644 -0.518809974
vn 0.183709815 0.267614454 -0.945850611
vn 0.101696424 0.481783181 -0.870369434
vn 0.0834002346 0.574701726 -0.814102292
vn 0.030098848 0.654375136 -0.755571127
vn -0.0582023188 0.80543226 -0.589823425
vn -0.15110822 0.977853417 -0.144807786
vn 0.093097873 0.891679883 -0.442989856
vn 0.0931020007 0.891719401 -0.442909479
vn 0.342597693 0.638895869 -0.688795388
vn 0.342619598 0.638836741 -0.688839376
vn 0.463183939 0.427985311 -0.776073098
vn 0.635509014 0.358705223 -0.683709741
vn -0.103602976 0.990428567 -0.0912025124
vn -0.103503101 0.990429759 -0.0913026258
vn 0.238807842 0.930330694 -0.278309047
vn 0.569518745 0.698923111 -0.432614207
vn 0.69478339 0.535887301 -0.479688495
vn 0.8416875 0.41049397 -0.350794762
vn -0.959244967 -0.279913157 -0.0387018509
vn -0.961390555 -0.269897372 -0.0536995158
vn -0.907649457 -0.31871736 -0.273114949
vn -0.867989421 -0.439794689 -0.230597287
vn -0.875317335 -0.256505072 -0.409908235
vn -0.763138413 -0.220011026 -0.60763061
vn -0.729008615 -0.282903343 -0.623307526
vn -0.635184705 -0.187395424 -0.749282002
vn -0.470082223 -0.122595273 -0.874067128
vn -0.470116675 -0.11910414 -0.87453115
vn -0.262591422 -0.0801972747 -0.961568713
vn -0.258508176 -0.0758022889 -0.963030517
vn -0.0828964263 -0.0244988259 -0.996257126
vn -0.0796008408 0.00570017984 -0.996810615
vn 0.158597514 0.0300996471 -0.986884534
vn 0.16490598 0.0481018648 -0.985135794
vn 0.327590019 0.0955972075 -0.939971447
vn 0.316709757 0.0599019639 -0.946629226
vn 0.538830757 0.229513213 -0.810546398
vn 0.805570483 0.234591499 -0.544080138
vn 0.807745278 0.199186608 -0.554862499
vn 0.689321101 0.204406351 -0.695021331
vn 0.542669773 0.111193918 -0.832553744
vn 0.896767497 0.262290567 -0.356387109
vn 0.978069425 0.135595798 -0.158095062
vn 0.939843476 0.274812788 -0.202909395
vn -0.11260058 0.0431001112 0.992705226
vn -0.13850531 0.11690437 0.983437777
vn -0.481179237 0.0430980399 0.87556231
vn -0.79089874 -0.0358000211 0.610899091
vn -0.966535985 -0.100303777 0.23610881
vn -0.982847571 0.0608029291 0.174108446
vn -0.992526591 -0.108002916 0.0568015166
vn -0.978960037 0.11119546 0.171093062
vn -0.943833292 0.285110086 0.167005926
vn -0.908281922 0.399092078 0.12549755
vn -0.732581973 0.670583606 0.116797231
vn -0.685916781 0.722017765 0.090602316
vn -0.522208035 0.85111326 0.0539009385
vn -0.416889459 0.907877147 0.0442989916
vn -0.361006081 0.932315767 0.0215004757
vn -0.269189864 0.926965117 0.261290312
vn -0.23680374 0.953115225 0.18840313
vn -0.281797558 0.740193546 0.610494792
vn -0.264786363 0.791959226 0.550171852
vn -0.149192393 0.207689315 0.966750741
vn -0.19860433 0.410608917 0.889919639
vn -0.225194931 0.473389268 0.851580977
vn -0.230403453 0.583008766 0.779111862
vn -0.243198931 0.657097101 0.713496983
vn -0.902570486 -0.0828973576 0.422486275
vn -0.833941281 0.193209529 0.516925693
vn -0.816519856 0.313607603 0.484711885
vn -0.816578805 0.313491821 0.484687477
vn -0.655489147 0.686788678 0.314094901
vn -0.655432045 0.68683368 0.314115494
vn -0.394702613 0.913006186 0.103100814
vn -0.394823104 0.912953556 0.103106163
vn -0.660219848 -0.0150005426 0.75092268
vn -0.52777195 0.17879042 0.830355942
vn -0.535905182 0.386903733 0.750407457
vn -0.5358845 0.386988759 0.75037843
vn -0.473728091 0.734343588 0.486128956
vn -0.473716348 0.734425306 0.486016929
vn -0.33539772 0.928493798 0.159399033
vn -0.335308939 0.928524852 0.159404367
vn -0.266208082 0.946228862 -0.183805466
vn -0.361005276 0.932313681 -0.0216002055
vn -0.420025736 0.906355739 -0.045802705
vn -0.52211827 0.851129949 -0.0545018166
vn -0.741104364 0.663504064 -0.102600537
vn -0.978965104 0.110996082 -0.171193913
vn -0.944772542 0.281691849 -0.167495117
vn -0.908293247 0.399097115 -0.125399053
vn -0.684232473 0.720234334 -0.114405356
vn -0.805438221 0.215210304 -0.552226305
vn -0.910269499 -0.0859970823 -0.404986501
vn -0.977812171 -0.105801314 -0.180802286
vn -0.968889177 0.115298748 -0.218997553
vn -0.992731333 -0.108003423 -0.0531016961
vn -0.296516567 0.0778044611 -0.951853275
vn -0.147099122 0.209898889 -0.966594338
vn -0.087601997 0.0355009362 -0.995522857
vn -0.251896232 0.936386168 -0.244396284
vn -0.277096272 0.744590163 -0.607291818
vn -0.262008011 0.788724303 -0.556116939
vn -0.230705485 0.584614038 -0.777818561
vn -0.223999038 0.470498115 -0.853496432
vn -0.19459945 0.40249899 -0.894497514
vn -0.144296736 0.180796042 -0.972878039
vn -0.397598803 0.911497355 -0.105299592
vn -0.397594631 0.911487818 -0.105398484
vn -0.658709466 0.682309866 -0.317104489
vn -0.658688545 0.682288229 -0.317194432
vn -0.817157745 0.310284019 -0.485774904
vn -0.82787019 -0.0637976453 -0.557279944
vn -0.672211587 -0.0191002414 -0.740112782
vn -0.336887181 0.927364826 -0.162793726
vn -0.336892635 0.927379906 -0.162696362
vn -0.475303173 0.73020494 -0.490803212
vn -0.535901308 0.383801073 -0.752001882
vn -0.519614995 0.110503308 -0.847224593
vn -0.514881611 0.0959966779 -0.851869643
vn -0.254610568 0.96704036 -0.00259999325
vn -0.255290508 0.966864288 -0.000799855159
vn -0.25421235 0.967147052 -0.00169996754
vn -0.254399806 0.967099309 -9.98846444e-05
vn -0.254188031 0.967154562 -0.000899842416
vn -0.253602028 0.967307925 -0.00129989523
vn -0.253907233 0.967227638 -0.00139992475
vn -0.254306108 0.967123389 -0.000999908894
vn -0.253508627 0.967332959 -0.000699908531
vn -0.254188061 0.967154682 0.000700082455
vn -0.254094541 0.967179358 0.000500104681
vn -0.254188031 0.967154562 0.000900073035
vn -0.253907263 0.967227817 0.00130015262
vn -0.253813744 0.967252493 0.0012001805
vn -0.254212528 0.967147768 0.00120017456
vn -0.254399806 0.967099309 1.15287207e-07
vn -0.151095629 0.977871954 0.144695967
vn -0.150997922 0.977886736 0.144698158
vn -0.103603922 0.990437627 0.0911035761
vn -0.103504986 0.990447819 0.0911045149
vn 0.57531786 0.808025241 0.126904055
vn 0.367286921 0.924867153 0.0985966101
vn 0.734297395 0.662897646 0.146199569
vn 0.927027643 0.314709395 0.203906164
vn 0.637094676 0.358396977 0.682394385
vn 0.750415564 0.385907978 0.536611259
vn 0.693530798 0.537923872 0.479221404
vn 0.945715249 0.255304098 0.201103315
vn 0.870648444 0.465325922 0.159508958
vn 0.143298551 0.111398764 0.983390152
vn 0.435322821 0.429822505 0.791041672
vn 0.519997478 0.290098578 0.803396344
vn 0.255796462 0.26469624 0.929787278
vn 0.143299043 0.379097402 0.914194107
vn 0.126597181 0.282493621 0.950878978
vn 0.0304983817 0.65286535 0.756860018
vn -0.208307236 0.963033557 0.170806065
vn -0.207699999 0.944100082 0.256000161
vn -0.0239999145 0.808797061 0.587598085
vn 0.666389048 0.729188085 0.155597538
vn 0.569411397 0.699014008 0.432608783
vn 0.569518745 0.698923051 0.432614386
vn 0.342685997 0.638873875 0.688771963
vn 0.342621297 0.638939679 0.688742936
vn 0.0835015327 0.574810565 0.81401515
vn 0.100801893 0.490809172 0.865416467
vn -0.0148999486 0.999096692 0.0397999845
vn -0.0744018033 0.997224271 0.00290018925
vn 0.297012001 0.949038446 0.105404392
vn 0.238814473 0.930356443 0.278217018
vn 0.238798916 0.930395842 0.278098911
vn 0.092994526 0.891847551 0.4426741
vn 0.0931019485 0.891818762 0.442709476
vn -0.0839979276 0.847079158 0.524787247
vn -0.29840973 -0.103303485 0.948831022
vn -0.106403403 0.0195005089 0.994131923
vn -0.129198089 0.0532991029 0.99018544
vn 0.176104918 -0.00930037815 0.984327614
vn 0.131704926 0.0386013351 0.990537226
vn 0.308896691 0.09039893 0.94678998
vn 0.31880483 0.0826011449 0.944214404
vn 0.529322326 0.179407507 0.829235196
vn 0.518486857 0.196594968 0.83217907
vn 0.69400382 0.192700997 0.69370389
vn 0.670793474 0.204497963 0.712893188
vn 0.813813627 0.201403335 0.545109212
vn 0.816309929 0.196102336 0.543306649
vn 0.928118765 0.320206493 0.189903915
vn 0.939552307 0.274786055 0.20428969
vn -0.567991853 0.0579990707 0.820988238
vn -0.384004265 -0.308103561 0.870409727
vn -0.621065199 -0.190889418 0.760157526
vn -0.650414407 -0.191604346 0.735016346
vn -0.7581141 -0.201803863 0.620111585
vn -0.744306743 -0.355103344 0.565605104
vn -0.873211145 -0.23360306 0.427705497
vn -0.916887939 -0.343195558 0.203797311
vn -0.864618063 -0.444609344 0.234004855
vn -0.958393812 -0.279598236 0.0574996062
vn 0.0522019118 0.998636663 1.19046753e-07
vn 0.0527005494 0.998610497 1.19043634e-07
vn -0.0692966729 -0.256887585 -0.963953853
vn -0.0922051221 -0.264914632 -0.95985353
vn -0.0962012261 -0.264003277 -0.959712386
vn -0.0751973465 -0.26769045 -0.960566282
vn -0.0537990518 -0.260095328 -0.964083195
vn -0.0301998779 -0.254898876 -0.966496229
vn -0.0329009145 -0.259707123 -0.965126991
vn -0.0028000141 -0.251301199 -0.967905045
vn -0.00320008048 -0.251606226 -0.967824519
vn 0.0224005766 -0.247906297 -0.968525112
vn 0.0216007717 -0.249108806 -0.968234718
vn 0.0567982011 -0.236092433 -0.970069349
vn 0.0551999286 -0.238799602 -0.969498873
vn 0.0826972127 -0.229592159 -0.969767392
vn 0.0789989829 -0.232896909 -0.969287634
vn 0.112599827 -0.213199586 -0.970498621
vn 0.260799885 -0.170599833 -0.950199664
vn 0.259394914 -0.169496566 -0.950781405
vn 0.109406278 -0.229013056 -0.967255592
vn 0.145301297 -0.198801666 -0.969208717
vn 0.161008075 -0.203010097 -0.965848565
vn 0.175892696 -0.186092198 -0.966660023
vn 0.194602221 -0.186902061 -0.962911129
vn 0.194896877 -0.185696915 -0.963084638
vn 0.21160318 -0.163902372 -0.963514626
vn 0.217903227 -0.184802651 -0.958314359
vn 0.228791133 -0.163993567 -0.959562898
vn 0.22599636 -0.171097159 -0.958984673
vn 0.237802774 -0.159601778 -0.958111346
vn 0.243791103 -0.173593581 -0.954165339
vn 0.248396158 -0.157397464 -0.955785275
vn 0.2507945 -0.164396301 -0.953979194
vn 0.255994529 -0.158596516 -0.953579664
vn 0.262402624 -0.167501599 -0.950309634
vn 0.265211642 -0.173007503 -0.94854176
vn 0.135104284 0.990831494 1.18116304e-07
vn 0.13600117 0.990708649 -0.000599887106
vn 0.212396458 0.977183759 1.16489367e-07
vn 0.260891408 0.96536833 1.15080859e-07
vn 0.300006986 0.953822315 -0.0148002319
vn 0.320294946 0.947285116 -0.00789976306
vn 0.399295628 0.916790068 0.00770002604
vn 0.459005982 0.888311744 -0.0147000877
vn 0.529996336 0.847894251 0.0134000108
vn 0.583720207 0.811928213 -0.00660013221
vn 0.778610051 0.627508163 7.48047952e-08
vn 0.649510682 0.760312617 0.00780022005
vn 0.665893137 0.745892406 0.0151999351
vn 0.709936738 0.704236507 -0.00640024757
vn 0.781201959 0.624201596 0.00980009977
vn 0.789217591 0.614113748 7.32080565e-08
vn -0.0939996392 -0.263399124 0.960096419
vn -0.0931048021 -0.264613807 0.959849596
vn -0.0737034455 -0.260912329 0.962544978
vn -0.0706022307 -0.265108496 0.961630404
vn -0.0546992086 -0.259896398 0.964086175
vn -0.0359995589 -0.257197022 0.965688288
vn -0.0317987986 -0.261190295 0.964763582
vn -0.00669978885 -0.250592262 0.968069613
vn -0.00360017642 -0.251512468 0.967847526
vn 0.0159992017 -0.248687714 0.968451738
vn 0.0198988691 -0.249985933 0.968045056
vn 0.049000524 -0.23520267 0.970710576
vn 0.260610878 -0.170107245 0.950339794
vn 0.267695665 -0.187997103 0.944984913
vn 0.266003877 -0.185202837 0.946013868
vn 0.26500386 -0.18510285 0.946314037
vn 0.264888793 -0.180892467 0.947160065
vn 0.260586113 -0.170091078 0.95034945
vn 0.266812921 -0.17380856 0.947946072
vn 0.25699389 -0.15939635 0.953177512
vn 0.25340867 -0.161205664 0.953832805
vn 0.252696663 -0.161997989 0.953887463
vn 0.244807154 -0.160304815 0.956228077
vn 0.243699878 -0.166800067 0.955399632
vn 0.232299611 -0.164699867 0.958598495
vn 0.229698241 -0.167198852 0.958792806
vn 0.222792014 -0.169794038 0.959965646
vn 0.218609661 -0.176907942 0.95964247
vn 0.202600449 -0.172200501 0.964002252
vn 0.190996602 -0.188696787 0.963283002
vn 0.174900398 -0.184200555 0.967202306
vn 0.159607366 -0.200309366 0.966644704
vn 0.151398033 -0.200197533 0.967987537
vn 0.138996437 -0.207194835 0.968375325
vn 0.130598083 -0.208397076 0.969285905
vn 0.110399775 -0.22579968 0.96789813
vn 0.0967025459 -0.220305964 0.970625699
vn 0.0789991468 -0.230797648 0.969789565
vn 0.0543011352 -0.238105133 0.969720364
vn 0.802178681 0.597084224 7.11779791e-08
vn 0.80201149 0.597308636 -0.000199931688
vn 0.724292517 0.689492881 0.000400078075
vn 0.724537253 0.689235449 0.000600113126
vn 0.648614526 0.76111716 -0.000199913775
vn 0.649315953 0.760518849 9.06608975e-08
vn 0.582514524 0.812820435 -9.99056138e-05
vn 0.580300629 0.814401031 -0.0014999049
vn 0.461396098 0.887192607 0.00180009066
vn 0.455592453 0.890185416 -0.00239985436
vn 0.363618582 0.931547761 0.000700146891
vn 0.35998401 0.932958663 1.11217325e-07
vn 0.287008405 0.957928181 -9.98887481e-05
vn 0.278903395 0.96031183 -0.00379993208
vn 0.156997904 0.987586975 0.00490005314
vn 0.138702393 0.990317225 -0.00579998223
vn 0.0659017265 0.997826278 0.000100121579
vn -0.0589019209 0.128704101 0.989932358
vn -0.0506014414 0.12370342 0.991028368
vn -0.0575989746 0.125797659 0.990382552
vn -0.0521993674 0.106998593 0.992888033
vn -0.0525009558 0.112901948 0.992218256
vn -0.0508997031 0.110299252 0.992594361
vn -0.0538017265 0.121503793 0.991131902
vn -0.0561018027 0.124503896 0.990631938
vn -0.0492016822 0.137104586 0.989333987
vn -0.0505980328 0.13639459 0.989361703
vn -0.0489983 0.135495201 0.98956579
vn -0.0594998226 0.128699511 0.989897192
vn -0.0595994741 0.128698766 0.98989135
vn -0.0508003235 0.130800724 0.990106463
vn -0.0536972024 0.131593049 0.989848554
vn -0.0507010221 0.135202616 0.989520013
vn -0.0499016605 0.135404408 0.989533067
vn -0.0466007292 0.136702046 0.989515603
vn -0.0450982414 0.137594536 0.989461541
vn -0.0353985801 0.116495229 0.992560387
vn -0.0199009236 0.101404607 0.994646311
vn -0.018300686 0.0947034508 0.995337427
vn -0.0180994011 0.0922968313 0.995567083
vn -0.0197998025 0.0948989391 0.99529016
vn -0.014800339 0.0832017958 0.996422946
vn -0.0142999543 0.0835996196 0.996396899
vn -0.0154999979 0.0879998803 0.995999992
vn 0.00350000383 0.063099958 0.998001218
vn 0.00290008285 0.0658017769 0.997828662
vn 0.00580005022 0.0612004213 0.998108804
vn 0.00529993046 0.0615990795 0.998086989
vn 0.00450018421 0.0624024458 0.998041093
vn 0.00329993339 0.0649985746 0.997880042
vn 0.00429996429 0.0631993562 0.9979918
vn 0.00529986527 0.0617983192 0.99807477
vn 0.00999996439 0.0767996162 0.996996522
vn -0.0207998194 0.255097717 0.966691792
vn -0.0211994983 0.173095822 0.984676898
vn -0.0495017022 0.244308308 0.96843344
vn -0.0345014073 0.231009334 0.972339749
vn -0.013900687 0.297414631 0.954647362
vn -0.0464975946 0.151592061 0.987349033
vn -0.043002069 0.16800797 0.984847426
vn -0.0471002758 0.199301079 0.97880584
vn -0.0167006142 0.159005746 0.987136483
vn -0.00379983569 0.108795188 0.994057059
vn -0.00330001791 0.0798003227 0.996805549
vn -0.00190002588 0.0759009197 0.997113645
vn 0.00610026764 0.0941040218 0.995543838
vn 0.00339989713 0.0635979697 0.997969925
vn -0.0212992523 0.143194869 0.989465415
vn -0.0289000273 0.135900036 0.990301073
vn -0.0271009691 0.125404388 0.991735578
vn -0.0124000199 0.143300116 0.989601731
vn -0.0109995091 0.132993966 0.991055965
vn 0.000100002522 0.146403596 0.98922503
vn 0.0070997919 0.0915972069 0.995770931
vn 0.0125999097 0.107799128 0.994093001
vn 0.0107005052 0.089304097 0.995947063
vn -0.0211998671 0.172999054 -0.984694064
vn -0.0458987728 0.154196024 -0.986973763
vn -0.0593999624 0.126400054 -0.990199506
vn -0.0513006225 0.12980172 -0.990212142
vn -0.0595013574 0.128503054 -0.989922643
vn -0.0498012342 0.135503486 -0.989524603
vn -0.0529991277 0.130097985 -0.990083873
vn -0.0513006076 0.134301707 -0.989611804
vn -0.0506012738 0.13520354 -0.98952508
vn -0.0405985303 0.123095669 -0.991564155
vn -0.0487981215 0.135594919 -0.989562035
vn -0.0407008119 0.131202757 -0.990519881
vn -0.0541999377 0.153899953 -0.986598909
vn -0.0478025824 0.151808336 -0.987253428
vn -0.0206004549 0.275706232 -0.961021304
vn -0.0376014411 0.220608607 -0.974637568
vn -0.0265001021 0.194200873 -0.980603933
vn -0.0425979272 0.192090794 -0.980452418
vn -0.0469977669 0.199090689 -0.978853703
vn -0.0438007936 0.170303226 -0.984417915
vn -0.0450020097 0.157807171 -0.986444116
vn 0.00970000308 0.0994001627 -0.995000422
vn 0.00379999587 0.118900008 -0.99289906
vn 0.0102996482 0.0703977197 -0.997465968
vn 0.0106999408 0.0864996389 -0.996194541
vn 0.0107996156 0.089096956 -0.995964587
vn 0.00509993872 0.061599385 -0.998088062
vn 0.00580015639 0.0609017685 -0.998127043
vn 0.00539999316 0.0614000447 -0.998098791
vn 0.00440004468 0.0629007667 -0.998010278
vn 0.00329999765 0.0647000819 -0.997899413
vn 0.00290010194 0.0657024384 -0.997835219
vn 0.00320012239 0.0641025752 -0.997938335
vn -0.0143003128 0.083301954 -0.996421933
vn -0.0147006027 0.0830035284 -0.996441007
vn -0.00180007925 0.0755034462 -0.997144043
vn 0.000200006951 0.079502888 -0.996834755
vn 0.0126000866 0.0665005818 -0.99770695
vn -0.0194993448 0.100296758 -0.994766653
vn -0.0181997642 0.0941989049 -0.995387197
vn -0.0181005336 0.0927028507 -0.995529413
vn -0.0571006238 0.125801504 -0.990410924
vn -0.0537020117 0.121504679 -0.991137207
vn -0.0506996512 0.109499373 -0.992693245
vn -0.0523978062 0.112595424 -0.992258549
vn -0.0521001965 0.106900536 -0.992903888
vn 0.011499729 0.0963978544 -0.99527663
vn 0.00279987906 0.0863964036 -0.996257126
vn -0.0105005363 0.100805283 -0.994850934
vn -0.0180997364 0.09209878 -0.995585501
vn -0.0148999533 0.0869998559 -0.996097028
vn 0.000200007955 0.146305963 -0.989239514
vn -0.00980018824 0.134102717 -0.990919113
vn -0.013500235 0.141702607 -0.989817321
vn -0.026201196 0.126305908 -0.991645396
vn -0.0299010426 0.134704828 -0.990434647
vn -0.0389016122 0.12620537 -0.991241217
vn -0.0352999419 0.11619994 -0.992598474
vn 0.0526008233 0.998615742 1.19044259e-07
vn 0.0529997088 0.998594642 -9.98804244e-05
vn 0.052899994 0.998600006 -9.98809555e-05
vn 0.799831927 0.600224018 -0.000299940468
vn 0.799783885 0.600287974 -0.000299922423
vn 0.7996158 0.600511909 0.000200075563
vn 0.79991591 0.600111961 0.00040007956
vn 0.799831927 0.600224018 0.0003000836
vn 0.799699903 0.600399971 -0.000199928429
vn 0.7996158 0.600511909 -0.000199932401
vn 0.799567699 0.600575805 0.00060004741
vn 0.799916029 0.600112081 0.00010007355
vn 0.79995203 0.600064039 -9.99224867e-05
vn 0.799916029 0.600112081 -9.99304757e-05
vn 0.799831986 0.600224078 0.000100075566
vn 0.800000012 0.600000083 7.15255766e-08
vn 0.800000012 0.600000083 -9.99284894e-05
vn 0.799916029 0.600112081 7.15389277e-08
vn 0.800083458 0.599887609 -0.00119990378
vn 0.7996158 0.600511909 7.15865909e-08
vn 0.799699903 0.600399971 0.000200071561
vn 0.012000259 0.00359995896 0.999921679
vn 0.0922983289 -0.0589990579 0.993982136
vn 0.201504156 0.102402002 0.9741202
vn 0.296508402 0.0691018552 0.952527106
vn 0.377718002 0.12790601 0.917043865
vn 0.578611553 0.04580082 0.814316392
vn 0.507803142 0.153400868 0.847705364
vn 0.685112238 0.198703483 0.700812578
vn 0.690926611 0.195007429 0.696126819
vn 0.815659642 0.258087218 0.517774463
vn 0.841748118 0.209487066 0.497569412
vn 0.918819606 0.285406083 0.272605866
vn 0.906300068 0.387200058 0.169400081
vn 0.98377198 0.176794976 0.0305991527
vn 0.963958859 0.257889032 -0.0653971806
vn 0.918155313 0.307218581 -0.250215083
vn 0.908210397 0.35840416 -0.216102466
vn 0.877792537 0.131298959 -0.460696131
vn 0.878689468 0.173897967 -0.444594651
vn 0.781283975 0.228395417 -0.580888152
vn 0.726602614 0.212400869 -0.653402388
vn 0.73307389 0.223792136 -0.642277181
vn 0.60262084 0.146705166 -0.784427226
vn 0.581439376 0.0148011018 -0.813455224
vn 0.153200343 0.257700741 -0.954002202
vn 0.290802687 0.0849009082 -0.95300889
vn -0.750023901 -0.215206981 0.625420034
vn -0.118198462 -0.0345994346 -0.992387235
vn -0.0978998989 0.139299989 -0.985399067
vn -0.376190513 -0.254593492 -0.890877783
vn -0.47921139 -0.126602918 -0.868520796
vn -0.916294336 -0.374297708 -0.142499179
vn -0.93547982 -0.29589361 -0.193195894
vn -0.890967488 -0.26039049 -0.371986508
vn -0.885655463 -0.244787678 -0.394580245
vn -0.745491683 -0.282696813 -0.603593409
vn -0.738510072 -0.348804742 -0.577008009
vn -0.652370632 -0.194691166 -0.732467055
vn -0.792320549 -0.240006328 0.560914636
vn -0.806084812 -0.229495764 0.545489788
vn -0.897732556 -0.281210244 0.339112282
vn -0.912404835 -0.249301404 0.32460174
vn -0.953439116 -0.283811718 0.102004156
vn -0.943129003 -0.304309428 0.133804098
vn -0.967917085 -0.250504434 0.0196003187
vn -0.649105787 -0.233402193 0.724006474
vn -0.620019913 -0.265708655 0.738223732
vn -0.521594822 -0.117298946 0.84509176
vn -0.267387986 -0.219490275 0.938257992
vn -0.258304447 -0.0754014254 0.963116646
vn -0.299099147 0.940797448 0.159499675
vn -0.305284858 0.103194788 0.946653128
vn -0.703893661 -0.0125999739 0.710193694
vn -0.556278586 0.032298658 0.830368161
vn -0.556595743 0.0312996656 0.830193818
vn -0.390488505 0.0860973671 0.916573107
vn -0.135601774 -0.162702262 0.977312863
vn -0.850033939 0.00270004524 0.52672106
vn -0.78929317 -0.0370997526 0.612894773
vn -0.703506589 -0.0108001875 0.710606754
vn -0.825749278 -0.0475029089 0.562033594
vn -0.91647017 -0.0781975091 0.392387301
vn -0.917832017 -0.229208052 0.324111283
vn -0.975886405 -0.0735990033 0.205497161
vn -0.98681277 -0.100101329 0.127201647
vn -0.99417299 -0.106897108 0.0138996104
vn -0.99456346 -0.102896236 0.0159994029
vn -0.978010654 -0.105501138 -0.179902002
vn -0.971651733 -0.133393362 -0.19519034
vn -0.944129407 -0.085802637 -0.318209916
vn -0.929290354 -0.0538994037 -0.365396231
vn -0.915411294 -0.0879010409 -0.392804891
vn -0.839119554 -0.0731016546 -0.539012611
vn -0.793915391 -0.165003166 -0.585211396
vn -0.727691054 0.00430002995 -0.685891628
vn -0.686866999 -0.0322983637 -0.726065218
vn -0.578364551 -0.00679948693 -0.815750122
vn -0.470894158 -0.157097965 -0.868089318
vn -0.0507004969 0.142401516 -0.988509774
vn -0.0936036482 -0.120104581 -0.988338709
vn -0.228792712 0.0558983423 -0.971869171
vn -0.418997854 0.0615997985 -0.905895472
vn -0.299295515 0.940786123 0.159197763
vn -0.332002699 0.931307733 0.149801344
vn -0.331390947 0.931574643 0.149496034
vn -0.36379686 0.921992183 0.132598981
vn -0.362780631 0.92245084 0.132193059
vn -0.391686171 0.913667858 0.108596295
vn -0.390379041 0.914251089 0.108394317
vn -0.414419144 0.90664196 0.0791037679
vn -0.413485676 0.90706867 0.0790973753
vn -0.431695729 0.900891185 0.0450996645
vn -0.430600077 0.901400387 0.045400124
vn -0.441991478 0.896982789 0.00809995178
vn -0.441508681 0.897217751 0.00840027258
vn -0.44560501 0.894710124 -0.0305002388
vn -0.445486337 0.894772708 -0.0303989667
vn -0.442090869 0.894281685 -0.0693984702
vn -0.442405164 0.894110501 -0.0696007162
vn -0.431895256 0.895590305 -0.106698744
vn -0.432299703 0.895299435 -0.107499838
vn -0.415190279 0.898679137 -0.141396597
vn -0.415702045 0.898204565 -0.142900616
vn -0.392911851 0.903327346 -0.172105089
vn -0.393022835 0.902952552 -0.17381002
vn -0.365611166 0.909527957 -0.197705969
vn -0.365414202 0.909235537 -0.199407682
vn -0.334491372 0.917076409 -0.2169943
vn -0.333999366 0.91689837 -0.218499511
vn -0.282890767 0.929869711 -0.235192239
vn -0.29520148 0.934904814 -0.197000906
vn -0.265210599 0.935337603 -0.234109297
vn -0.223008066 0.772228062 -0.59492147
vn -0.22389701 0.770989895 -0.596191943
vn -0.328800887 0.742102146 -0.584101558
vn -0.328209966 0.742822707 -0.58351773
vn -0.430294037 0.715790272 -0.549992383
vn -0.429401368 0.716702521 -0.549501777
vn -0.523811102 0.692814827 -0.495610476
vn -0.522509277 0.694012523 -0.495308787
vn -0.605483472 0.674081683 -0.423088402
vn -0.604169369 0.675265908 -0.423078537
vn -0.672096491 0.660096645 -0.335498184
vn -0.67110312 0.661003232 -0.335701495
vn -0.721318722 0.651117027 -0.236106098
vn -0.720602691 0.65180248 -0.236400828
vn -0.75109148 0.647492766 -0.128898486
vn -0.750795424 0.647796214 -0.129099146
vn -0.760354757 0.649261415 -0.0178988576
vn -0.760405421 0.649204731 -0.0178000499
vn -0.748711646 0.656410277 0.0925015286
vn -0.748998344 0.655998588 0.0930998698
vn -0.716793716 0.668494225 0.19829838
vn -0.717002332 0.668002188 0.199200749
vn -0.665695488 0.68539542 0.295098126
vn -0.6658144 0.684714913 0.296406567
vn -0.597382128 0.706378877 0.379688799
vn -0.597278833 0.705875099 0.380786687
vn -0.514511764 0.731016695 0.448210329
vn -0.514210582 0.730615199 0.449209452
vn -0.420294583 0.758390307 0.498193741
vn -0.419914126 0.758125544 0.498916924
vn -0.323399097 0.786197901 0.526598752
vn -0.323185951 0.786165953 0.526777327
vn -0.141103834 0.469612896 -0.871523738
vn -0.142200261 0.466901004 -0.872801661
vn -0.302018553 0.422926158 -0.854352653
vn -0.30160439 0.423706293 -0.854112446
vn -0.456620008 0.382716924 -0.803135216
vn -0.456008285 0.383907109 -0.802914679
vn -0.598924041 0.347814053 -0.721328914
vn -0.598096311 0.349097937 -0.721395552
vn -0.723336518 0.319116235 -0.612330914
vn -0.722474992 0.320589006 -0.61257875
vn -0.824961245 0.297786117 -0.480377465
vn -0.824283481 0.298994094 -0.480790406
vn -0.89996618 0.284089386 -0.330687582
vn -0.89954704 0.28491497 -0.331117302
vn -0.945429265 0.278508663 -0.169105217
vn -0.945307553 0.278802305 -0.169301346
vn -0.959679067 0.281093895 -0.00159993174
vn -0.959733069 0.280909717 -0.00150001841
vn -0.942131877 0.2917099 0.165205628
vn -0.942202449 0.291200817 0.16570048
vn -0.893422127 0.310107648 0.325008094
vn -0.893383265 0.309394211 0.325793952
vn -0.815381527 0.335792363 0.471589416
vn -0.815225363 0.335010409 0.472414792
vn -0.711097181 0.367998511 0.599097729
vn -0.710774243 0.367186666 0.599978387
vn -0.584673226 0.405481398 0.702667952
vn -0.58418107 0.404786855 0.703477263
vn -0.440905333 0.447205395 0.778209567
vn -0.440490276 0.446790099 0.778683007
vn -0.293294698 0.489691079 0.821085274
vn -0.293001056 0.489501685 0.82130307
vn 0.671416163 0.36080882 -0.647315621
vn 0.543504238 0.317102581 -0.777206123
vn 0.471604705 0.404604197 -0.783507943
vn 0.289697021 0.0887992159 -0.952990353
vn 0.21199815 0.215598255 -0.953191817
vn 0.683686793 0.46019125 -0.566389024
vn 0.669496953 0.523897707 -0.526597619
vn 0.791811466 0.39750582 -0.463706672
vn 0.868921041 0.427110434 -0.250106007
vn 0.823179662 0.528586984 -0.207294866
vn 0.896437347 0.437718302 -0.0693028495
vn 0.884810627 0.439905316 0.153601915
vn 0.901011467 0.399605095 0.168802202
vn 0.750455678 0.442673832 0.490771085
vn 0.76142478 0.403813183 0.507116616
vn 0.087097995 0.441589773 0.892979622
vn 0.325685263 0.288586855 0.900359392
vn 0.538405776 0.342803627 0.769808471
vn 0.421598464 0.488898158 0.763697386
vn 0.624215424 0.372709185 0.686617136
vn 0.229506388 0.256407022 0.93892628
vn -0.037998978 0.18409498 0.9821738
vn -0.0387992598 0.181196451 0.982681394
vn -0.265808523 0.950230598 0.162505344
vn -0.229695514 0.966981232 0.110397965
vn -0.231306851 0.950928271 0.20550625
vn -0.168700844 0.980005026 0.105500661
vn -0.163501158 0.979107082 0.120900989
vn -0.106399849 0.991898715 0.0694000274
vn -0.128995091 0.990862429 0.0393986255
vn -0.06629996 0.997799516 0.000900118495
vn -0.145403191 0.987221777 -0.0652013198
vn -0.00120003032 0.999125361 -0.0418009385
vn -0.143394336 0.981561363 -0.126394898
vn -0.0758013055 0.987217128 -0.140202314
vn -0.167592853 0.968458831 -0.184392035
vn -0.165695637 0.968574584 -0.185495004
vn -0.210695893 0.947481573 -0.240595207
vn -0.220591322 0.947862804 -0.22999087
vn -0.0727999806 0.811999857 -0.579099774
vn -0.0727989972 0.812788904 -0.577991962
vn 0.0995047763 0.865841746 -0.490323484
vn 0.0986990631 0.867191911 -0.488095313
vn 0.231402859 0.910911441 -0.341604114
vn 0.22989288 0.911971927 -0.339789391
vn 0.30459097 0.941072166 -0.14699553
vn 0.303595752 0.941486895 -0.146397844
vn 0.305688739 0.950065136 0.0626978129
vn 0.306292593 0.949877083 0.0625986084
vn 0.235991925 0.936468005 0.259491265
vn 0.237789422 0.935958445 0.259688616
vn 0.104396954 0.903173625 0.416388005
vn 0.106401786 0.902515233 0.417307168
vn -0.0703998059 0.855197728 0.513498724
vn -0.0695017502 0.854721606 0.514413118
vn -0.223395303 0.815182924 0.534388959
vn -0.221911713 0.814643085 0.535828471
vn 0.0868040249 0.530324817 -0.843339145
vn 0.0867999494 0.531499863 -0.842599571
vn 0.348508 0.612014174 -0.709916294
vn 0.347902834 0.614105165 -0.708405733
vn 0.548196316 0.680295467 -0.486496657
vn 0.54701972 0.682224751 -0.485117465
vn 0.659477055 0.726074874 -0.194693163
vn 0.658705592 0.7269063 -0.194201589
vn 0.662017226 0.739819288 0.120003223
vn 0.662509739 0.739410937 0.119801864
vn 0.556593001 0.719191074 0.415894926
vn 0.558199763 0.717999697 0.415799946
vn 0.357314229 0.668526649 0.65222609
vn 0.358879268 0.667261422 0.652662396
vn 0.0913973898 0.595583022 0.798077464
vn 0.0923023373 0.594715059 0.798620403
vn -0.140893936 0.534776926 0.833164275
vn -0.138402253 0.533008575 0.834713697
vn 0.103597388 0.993975043 0.0357992165
vn 0.129903466 0.991526663 -0.000399892568
vn 0.172001198 0.984806895 0.0239002872
vn 0.196592957 0.979664981 0.040098682
vn 0.801963687 0.597373009 7.12124049e-08
vn 0.778611779 0.627309561 -0.0157001652
vn 0.223704755 0.971820831 0.0743017048
vn 0.151103735 0.987724543 -0.0396008641
vn 0.307514727 0.951345682 0.0194010455
vn 0.278693855 0.960378945 -0.00149985275
vn 0.399511784 0.916727126 0.00140015059
vn 0.362302423 0.931706309 -0.0257000625
vn 0.519081891 0.853370309 0.0480984263
vn 0.459184438 0.887170076 -0.0455983579
vn 0.597185433 0.801880658 0.0188996363
vn 0.579518318 0.81492579 0.00740033155
vn 0.669475198 0.742772579 -0.00959955715
vn 0.651287615 0.758385658 -0.0259994175
vn 0.723271966 0.690373302 0.0161994565
vn 0.963832438 0.266508996 3.17703446e-08
vn 0.963865221 0.266390413 3.17562083e-08
vn 0.963832438 0.266508996 0.00010003514
vn 0.963832438 0.266508996 -9.99716067e-05
vn 0.963858068 0.266416103 3.17592708e-08
vn 0.963832378 0.266508967 -0.000299978332
vn 0.963696778 0.266999125 0.00020003118
vn 0.9639166 0.266204596 -9.99699987e-05
vn 0.963865221 0.266390413 0.000100028163
vn 0.96394223 0.266111672 -9.9972669e-05
vn -0.963832438 -0.266508996 -3.17703446e-08
vn -0.963806748 -0.26660189 -3.17814184e-08
vn -0.96389097 -0.266297519 -3.17451345e-08
vn -0.963865221 -0.266390413 -3.17562083e-08
vn 0 9.98808027e-05 1.00000012
vn -0.266508967 0.963832557 -9.98884789e-05

# Mesh 'right_thumb_3-0' with 4426 faces
g right_thumb_3-0
usemtl white
f  1//1 2//1 3//1
f  4//2 5//2 6//2
f  2//3 7//3 8//3
f  2//4 8//4 3//4
f  3//5 8//5 9//5
f  3//6 9//6 6//6
f  6//7 9//7 10//7
f  6//8 10//8 4//8
f  1//9 3//9 11//9
f  11//10 3//10 6//10
f  11//11 6//11 12//11
f  12//12 6//12 5//12
f  12//13 5//13 13//13
f  14//14 7//14 2//14
f  15//15 16//15 17//15
f  17//16 16//16 18//16
f  17//17 18//17 19//17
f  19//18 18//18 20//18
f  19//19 20//19 1//19
f  14//20 2//20 21//20
f  16//21 22//21 18//21
f  18//22 22//22 21//22
f  18//23 21//23 20//23
f  20//24 21//24 2//24
f  20//25 2//25 1//25
f  23//26 24//26 25//26
f  25//27 24//27 26//27
f  25//28 26//28 27//28
f  27//29 26//29 28//29
f  27//30 28//30 29//30
f  29//31 28//31 30//31
f  29//32 30//32 31//32
f  30//33 32//33 31//33
f  31//34 32//34 33//34
f  31//35 33//35 34//35
f  34//36 33//36 35//36
f  34//37 35//37 36//37
f  36//38 35//38 37//38
f  36//39 37//39 38//39
f  38//40 37//40 39//40
f  38//41 39//41 40//41
f  40//42 39//42 41//42
f  40//43 41//43 42//43
f  42//44 41//44 43//44
f  42//45 43//45 44//45
f  45//46 46//46 47//46
f  45//47 47//47 48//47
f  48//48 47//48 49//48
f  48//49 49//49 50//49
f  50//50 49//50 51//50
f  51//51 49//51 24//51
f  51//52 24//52 23//52
f  52//53 53//53 54//53
f  54//54 53//54 55//54
f  54//55 55//55 56//55
f  52//56 57//56 53//56
f  53//57 57//57 58//57
f  53//58 58//58 59//58
f  59//59 58//59 60//59
f  59//60 60//60 61//60
f  61//61 60//61 62//61
f  61//62 62//62 63//62
f  63//63 62//63 64//63
f  63//64 64//64 65//64
f  65//65 64//65 66//65
f  65//66 66//66 67//66
f  67//67 66//67 68//67
f  68//68 66//68 69//68
f  68//69 69//69 70//69
f  70//70 69//70 71//70
f  70//71 71//71 72//71
f  72//72 71//72 73//72
f  72//73 73//73 74//73
f  74//74 73//74 75//74
f  74//75 75//75 76//75
f  76//76 75//76 77//76
f  76//77 77//77 78//77
f  79//78 80//78 81//78
f  82//79 83//79 84//79
f  84//80 83//80 85//80
f  86//81 87//81 88//81
f  89//82 90//82 91//82
f  92//83 88//83 93//83
f  93//84 88//84 87//84
f  94//85 95//85 96//85
f  97//86 98//86 99//86
f  98//87 97//87 100//87
f  101//88 102//88 103//88
f  104//89 105//89 106//89
f  106//90 105//90 107//90
f  105//91 103//91 107//91
f  108//92 109//92 110//92
f  111//93 112//93 113//93
f  114//94 115//94 109//94
f  116//95 113//95 112//95
f  117//96 108//96 110//96
f  118//97 119//97 120//97
f  121//98 122//98 123//98
f  124//99 125//99 126//99
f  127//100 128//100 129//100
f  127//101 129//101 130//101
f  130//102 129//102 46//102
f  130//103 46//103 45//103
f  131//104 132//104 133//104
f  131//104 133//104 134//104
f  134//104 133//104 128//104
f  134//104 128//104 127//104
f  135//104 136//104 137//104
f  137//104 136//104 138//104
f  137//104 138//104 139//104
f  139//104 138//104 140//104
f  139//104 140//104 141//104
f  54//105 56//105 142//105
f  142//106 56//106 143//106
f  142//107 143//107 141//107
f  141//108 143//108 144//108
f  141//109 144//109 139//109
f  73//110 71//110 145//110
f  78//111 77//111 145//111
f  145//112 77//112 75//112
f  145//113 75//113 73//113
f  45//114 48//114 130//114
f  136//115 135//115 146//115
f  146//116 135//116 147//116
f  148//117 149//117 150//117
f  150//118 149//118 151//118
f  150//119 151//119 147//119
f  147//120 151//120 152//120
f  147//121 152//121 146//121
f  131//115 153//115 132//115
f  132//122 153//122 154//122
f  132//123 154//123 155//123
f  155//124 154//124 156//124
f  155//124 156//124 157//124
f  156//124 158//124 157//124
f  157//124 158//124 159//124
f  157//124 159//124 160//124
f  160//124 159//124 161//124
f  160//124 161//124 162//124
f  161//124 163//124 162//124
f  162//124 163//124 164//124
f  162//124 164//124 165//124
f  166//125 167//125 168//125
f  168//126 167//126 169//126
f  168//127 169//127 170//127
f  170//128 169//128 171//128
f  170//129 171//129 172//129
f  172//130 171//130 173//130
f  172//131 173//131 148//131
f  148//132 173//132 174//132
f  148//133 174//133 149//133
f  164//124 175//124 165//124
f  165//124 175//124 176//124
f  165//124 176//124 177//124
f  176//124 178//124 177//124
f  177//124 178//124 179//124
f  177//134 179//134 180//134
f  180//135 179//135 181//135
f  180//136 181//136 166//136
f  166//137 181//137 182//137
f  166//138 182//138 167//138
f  183//139 184//139 185//139
f  186//140 187//140 188//140
f  189//141 186//141 188//141
f  190//142 191//142 192//142
f  193//143 194//143 195//143
f  196//144 197//144 198//144
f  199//145 196//145 200//145
f  200//146 196//146 198//146
f  200//147 198//147 201//147
f  202//148 203//148 204//148
f  204//149 203//149 196//149
f  204//150 196//150 205//150
f  205//151 196//151 199//151
f  206//152 207//152 208//152
f  202//153 209//153 203//153
f  203//154 209//154 210//154
f  203//155 210//155 208//155
f  208//156 210//156 211//156
f  208//157 211//157 206//157
f  207//158 212//158 208//158
f  208//159 212//159 213//159
f  208//160 213//160 214//160
f  213//161 215//161 214//161
f  214//162 215//162 216//162
f  214//163 216//163 217//163
f  217//164 216//164 218//164
f  217//165 218//165 219//165
f  220//166 221//166 222//166
f  223//167 224//167 225//167
f  225//168 224//168 226//168
f  225//169 226//169 222//169
f  222//170 226//170 227//170
f  222//171 227//171 220//171
f  228//172 41//172 225//172
f  225//173 41//173 39//173
f  39//174 37//174 225//174
f  225//175 37//175 35//175
f  225//176 35//176 33//176
f  33//177 32//177 225//177
f  225//178 32//178 30//178
f  225//179 30//179 223//179
f  223//180 30//180 28//180
f  223//181 28//181 229//181
f  229//182 28//182 26//182
f  229//183 26//183 230//183
f  230//184 26//184 24//184
f  49//185 231//185 24//185
f  24//186 231//186 232//186
f  24//187 232//187 233//187
f  233//188 234//188 24//188
f  24//189 234//189 235//189
f  24//190 235//190 230//190
f  230//191 235//191 236//191
f  230//192 236//192 237//192
f  49//193 47//193 238//193
f  238//194 239//194 49//194
f  49//195 239//195 240//195
f  49//196 240//196 231//196
f  241//197 44//197 228//197
f  228//198 44//198 43//198
f  228//199 43//199 41//199
f  242//200 243//200 194//200
f  194//201 243//201 244//201
f  194//202 244//202 195//202
f  195//203 244//203 245//203
f  195//204 245//204 241//204
f  241//205 245//205 246//205
f  241//206 246//206 44//206
f  218//207 247//207 219//207
f  219//208 247//208 248//208
f  219//209 248//209 193//209
f  193//210 248//210 249//210
f  193//211 249//211 194//211
f  194//212 249//212 250//212
f  194//213 250//213 242//213
f  251//214 252//214 198//214
f  198//215 252//215 253//215
f  198//216 253//216 201//216
f  254//217 255//217 251//217
f  251//218 255//218 256//218
f  251//219 256//219 252//219
f  222//220 190//220 225//220
f  225//221 190//221 192//221
f  225//222 192//222 228//222
f  228//223 192//223 257//223
f  257//224 254//224 228//224
f  228//225 254//225 251//225
f  228//226 251//226 241//226
f  241//227 251//227 198//227
f  241//228 198//228 195//228
f  195//229 198//229 197//229
f  195//230 197//230 193//230
f  59//231 61//231 258//231
f  259//232 260//232 261//232
f  262//233 263//233 264//233
f  264//234 263//234 265//234
f  264//235 265//235 266//235
f  266//236 265//236 267//236
f  266//237 267//237 268//237
f  269//238 270//238 271//238
f  271//238 270//238 272//238
f  262//239 273//239 263//239
f  263//240 273//240 274//240
f  263//241 274//241 275//241
f  275//242 274//242 276//242
f  275//243 276//243 271//243
f  271//244 276//244 277//244
f  271//245 277//245 269//245
f  278//246 279//246 280//246
f  280//247 279//247 271//247
f  280//248 271//248 281//248
f  281//249 271//249 272//249
f  278//250 282//250 279//250
f  279//251 282//251 283//251
f  279//252 283//252 284//252
f  284//253 283//253 285//253
f  284//254 285//254 286//254
f  287//255 288//255 289//255
f  286//256 287//256 284//256
f  284//257 287//257 289//257
f  284//258 289//258 290//258
f  290//259 289//259 291//259
f  290//260 291//260 267//260
f  292//261 293//261 294//261
f  295//262 296//262 293//262
f  293//263 296//263 297//263
f  293//264 297//264 294//264
f  298//265 299//265 300//265
f  300//266 299//266 301//266
f  300//267 301//267 302//267
f  302//268 301//268 303//268
f  302//269 303//269 292//269
f  304//270 305//270 306//270
f  306//271 305//271 307//271
f  306//272 307//272 298//272
f  260//273 308//273 261//273
f  261//274 308//274 309//274
f  261//275 309//275 310//275
f  311//276 259//276 291//276
f  291//277 259//277 261//277
f  291//278 261//278 267//278
f  267//279 261//279 310//279
f  267//280 310//280 268//280
f  300//281 76//281 78//281
f  298//282 300//282 306//282
f  306//283 300//283 78//283
f  306//284 78//284 312//284
f  292//285 294//285 302//285
f  302//286 294//286 313//286
f  302//287 313//287 314//287
f  258//288 61//288 315//288
f  315//289 61//289 63//289
f  315//290 63//290 314//290
f  67//291 68//291 302//291
f  314//292 63//292 302//292
f  302//293 63//293 65//293
f  302//294 65//294 67//294
f  68//295 70//295 302//295
f  302//296 70//296 72//296
f  302//297 72//297 300//297
f  300//298 72//298 74//298
f  300//299 74//299 76//299
f  258//300 316//300 317//300
f  258//301 317//301 59//301
f  59//302 317//302 318//302
f  59//303 318//303 319//303
f  319//304 320//304 59//304
f  59//305 320//305 321//305
f  59//306 321//306 53//306
f  53//307 321//307 322//307
f  53//308 322//308 323//308
f  323//309 324//309 53//309
f  53//310 324//310 325//310
f  53//311 325//311 55//311
f  78//312 311//312 312//312
f  312//313 311//313 291//313
f  312//314 291//314 306//314
f  306//315 291//315 289//315
f  306//316 289//316 304//316
f  304//317 289//317 288//317
f  326//318 327//318 328//318
f  329//319 330//319 331//319
f  332//320 333//320 329//320
f  334//321 335//321 336//321
f  336//322 335//322 337//322
f  329//323 331//323 332//323
f  332//324 331//324 338//324
f  332//325 338//325 336//325
f  336//326 338//326 339//326
f  336//327 339//327 334//327
f  337//328 335//328 295//328
f  295//329 335//329 340//329
f  295//330 340//330 341//330
f  342//331 343//331 344//331
f  344//332 343//332 345//332
f  341//333 346//333 295//333
f  295//334 346//334 347//334
f  295//335 347//335 296//335
f  296//336 347//336 345//336
f  296//337 345//337 348//337
f  348//338 345//338 343//338
f  313//339 294//339 348//339
f  348//340 294//340 297//340
f  348//341 297//341 296//341
f  258//342 315//342 349//342
f  350//343 351//343 352//343
f  352//344 351//344 349//344
f  351//345 353//345 349//345
f  349//346 353//346 354//346
f  349//347 354//347 258//347
f  258//348 354//348 355//348
f  258//349 355//349 316//349
f  356//350 357//350 352//350
f  352//351 357//351 358//351
f  352//352 358//352 350//352
f  342//353 359//353 343//353
f  343//354 359//354 360//354
f  343//355 360//355 361//355
f  361//356 360//356 362//356
f  361//357 362//357 352//357
f  352//358 362//358 363//358
f  352//359 363//359 356//359
f  364//360 365//360 366//360
f  366//361 365//361 367//361
f  366//362 367//362 329//362
f  329//363 367//363 368//363
f  329//364 368//364 330//364
f  328//365 327//365 366//365
f  366//366 327//366 369//366
f  366//367 369//367 364//367
f  326//368 328//368 370//368
f  370//369 328//369 371//369
f  370//370 371//370 372//370
f  373//371 374//371 375//371
f  375//372 374//372 372//372
f  375//373 372//373 376//373
f  376//374 372//374 371//374
f  377//375 378//375 373//375
f  373//376 378//376 379//376
f  373//377 379//377 374//377
f  377//378 380//378 378//378
f  378//379 380//379 381//379
f  378//380 381//380 382//380
f  382//381 381//381 383//381
f  382//382 383//382 384//382
f  384//383 383//383 385//383
f  385//384 383//384 386//384
f  385//385 386//385 387//385
f  388//386 389//386 390//386
f  386//387 391//387 387//387
f  387//388 391//388 392//388
f  387//389 392//389 393//389
f  393//390 392//390 394//390
f  393//391 394//391 395//391
f  395//392 394//392 388//392
f  395//393 388//393 396//393
f  396//394 388//394 390//394
f  396//395 390//395 397//395
f  398//396 399//396 366//396
f  366//397 399//397 400//397
f  366//398 400//398 328//398
f  328//399 400//399 401//399
f  328//400 401//400 371//400
f  371//401 401//401 402//401
f  371//402 402//402 376//402
f  333//403 403//403 329//403
f  329//404 403//404 404//404
f  329//405 404//405 366//405
f  366//406 404//406 405//406
f  366//407 405//407 398//407
f  406//408 404//408 403//408
f  407//409 292//409 303//409
f  407//410 303//410 408//410
f  409//411 410//411 411//411
f  411//412 410//412 408//412
f  411//413 408//413 412//413
f  412//414 408//414 303//414
f  413//415 406//415 409//415
f  409//416 406//416 414//416
f  409//417 414//417 410//417
f  404//418 406//418 405//418
f  405//419 406//419 413//419
f  405//420 413//420 398//420
f  398//421 413//421 415//421
f  398//422 415//422 399//422
f  399//423 415//423 400//423
f  400//424 415//424 416//424
f  400//425 416//425 401//425
f  401//426 416//426 417//426
f  401//427 417//427 402//427
f  402//428 417//428 376//428
f  376//429 417//429 418//429
f  376//430 418//430 375//430
f  375//431 418//431 419//431
f  375//432 419//432 373//432
f  373//433 419//433 377//433
f  377//434 419//434 420//434
f  377//435 420//435 380//435
f  380//436 420//436 381//436
f  381//437 420//437 421//437
f  381//438 421//438 383//438
f  383//439 421//439 386//439
f  386//440 421//440 422//440
f  386//441 422//441 391//441
f  391//442 422//442 392//442
f  392//443 422//443 423//443
f  392//444 423//444 394//444
f  394//445 423//445 424//445
f  394//446 424//446 388//446
f  425//447 426//447 424//447
f  424//448 426//448 427//448
f  424//449 427//449 388//449
f  388//450 427//450 428//450
f  388//451 428//451 389//451
f  429//452 430//452 431//452
f  432//453 433//453 434//453
f  434//454 435//454 432//454
f  432//455 435//455 436//455
f  432//456 436//456 437//456
f  437//457 436//457 438//457
f  437//458 438//458 439//458
f  439//459 438//459 440//459
f  439//460 440//460 441//460
f  441//461 440//461 442//461
f  441//462 442//462 443//462
f  443//463 442//463 444//463
f  443//464 444//464 445//464
f  445//465 444//465 446//465
f  445//466 446//466 447//466
f  447//467 446//467 448//467
f  447//468 448//468 449//468
f  449//469 448//469 450//469
f  449//470 450//470 451//470
f  450//471 452//471 451//471
f  451//472 452//472 453//472
f  451//473 453//473 454//473
f  454//474 453//474 455//474
f  454//475 455//475 456//475
f  456//476 455//476 457//476
f  456//477 457//477 458//477
f  458//478 457//478 459//478
f  458//479 459//479 460//479
f  305//480 304//480 459//480
f  459//481 304//481 288//481
f  460//482 459//482 461//482
f  461//483 459//483 288//483
f  461//484 288//484 287//484
f  301//485 299//485 462//485
f  462//486 299//486 463//486
f  463//487 299//487 298//487
f  463//488 298//488 307//488
f  430//489 425//489 431//489
f  431//490 425//490 424//490
f  431//491 424//491 464//491
f  464//492 424//492 423//492
f  464//493 423//493 465//493
f  465//494 423//494 422//494
f  465//495 422//495 466//495
f  466//496 422//496 421//496
f  466//497 421//497 467//497
f  467//498 421//498 420//498
f  467//499 420//499 468//499
f  468//500 420//500 419//500
f  468//501 419//501 469//501
f  469//502 419//502 418//502
f  469//503 418//503 470//503
f  470//504 418//504 417//504
f  470//505 417//505 471//505
f  471//506 417//506 416//506
f  471//507 416//507 472//507
f  472//508 416//508 415//508
f  472//509 415//509 473//509
f  473//510 415//510 413//510
f  473//511 413//511 474//511
f  474//512 413//512 409//512
f  474//513 409//513 475//513
f  475//514 409//514 411//514
f  475//515 411//515 462//515
f  462//516 411//516 412//516
f  462//517 412//517 301//517
f  301//518 412//518 303//518
f  433//519 429//519 434//519
f  434//520 429//520 431//520
f  434//521 431//521 435//521
f  435//522 431//522 464//522
f  435//523 464//523 436//523
f  436//524 464//524 465//524
f  436//525 465//525 438//525
f  438//526 465//526 466//526
f  438//527 466//527 440//527
f  440//528 466//528 467//528
f  440//529 467//529 442//529
f  442//530 467//530 468//530
f  442//531 468//531 444//531
f  444//532 468//532 469//532
f  444//533 469//533 446//533
f  446//534 469//534 470//534
f  446//535 470//535 448//535
f  448//536 470//536 471//536
f  448//537 471//537 450//537
f  450//538 471//538 472//538
f  450//539 472//539 452//539
f  452//540 472//540 473//540
f  452//541 473//541 453//541
f  453//542 473//542 474//542
f  453//543 474//543 455//543
f  455//544 474//544 475//544
f  455//545 475//545 457//545
f  457//546 475//546 462//546
f  457//547 462//547 459//547
f  459//548 462//548 463//548
f  459//549 463//549 305//549
f  305//550 463//550 307//550
f  476//551 229//551 230//551
f  477//552 478//552 479//552
f  479//553 478//553 480//553
f  478//554 481//554 482//554
f  482//555 481//555 483//555
f  484//556 485//556 486//556
f  486//557 485//557 487//557
f  486//558 487//558 481//558
f  481//559 487//559 488//559
f  481//560 488//560 483//560
f  489//561 490//561 491//561
f  491//562 490//562 492//562
f  491//563 492//563 493//563
f  493//564 492//564 494//564
f  493//565 494//565 486//565
f  486//566 494//566 495//566
f  486//567 495//567 484//567
f  496//568 497//568 498//568
f  498//569 497//569 499//569
f  498//570 499//570 500//570
f  500//571 499//571 501//571
f  500//572 501//572 502//572
f  502//573 501//573 503//573
f  502//574 503//574 504//574
f  504//575 503//575 505//575
f  504//576 505//576 506//576
f  506//577 505//577 507//577
f  506//578 507//578 508//578
f  508//579 507//579 509//579
f  509//580 507//580 510//580
f  509//581 510//581 511//581
f  511//582 510//582 512//582
f  512//583 510//583 513//583
f  512//584 513//584 514//584
f  514//585 513//585 515//585
f  514//586 515//586 516//586
f  516//587 397//587 514//587
f  514//588 397//588 390//588
f  514//589 390//589 389//589
f  498//590 489//590 496//590
f  496//591 489//591 491//591
f  496//592 491//592 517//592
f  517//593 491//593 493//593
f  517//594 493//594 518//594
f  519//595 520//595 486//595
f  486//596 520//596 521//596
f  486//597 521//597 493//597
f  493//598 521//598 522//598
f  493//599 522//599 518//599
f  477//600 523//600 478//600
f  478//601 523//601 524//601
f  478//602 524//602 481//602
f  481//603 524//603 525//603
f  481//604 525//604 486//604
f  486//605 525//605 526//605
f  486//606 526//606 519//606
f  220//607 527//607 221//607
f  221//608 527//608 528//608
f  221//609 528//609 529//609
f  529//610 530//610 221//610
f  221//611 530//611 531//611
f  221//612 531//612 532//612
f  532//613 531//613 533//613
f  532//614 533//614 480//614
f  480//615 533//615 534//615
f  480//616 534//616 479//616
f  224//617 535//617 226//617
f  226//618 535//618 227//618
f  536//619 537//619 538//619
f  537//620 539//620 538//620
f  538//621 539//621 527//621
f  538//622 527//622 535//622
f  535//623 527//623 220//623
f  535//624 220//624 227//624
f  540//625 541//625 542//625
f  542//626 543//626 540//626
f  540//627 543//627 544//627
f  540//628 544//628 545//628
f  545//629 544//629 546//629
f  545//630 546//630 538//630
f  538//631 546//631 547//631
f  538//632 547//632 536//632
f  548//633 476//633 549//633
f  549//634 476//634 230//634
f  549//635 230//635 237//635
f  548//636 550//636 476//636
f  476//637 550//637 551//637
f  476//638 551//638 540//638
f  540//639 551//639 552//639
f  540//640 552//640 541//640
f  514//641 553//641 554//641
f  426//642 425//642 555//642
f  430//643 429//643 556//643
f  483//644 488//644 557//644
f  557//645 488//645 487//645
f  558//646 559//646 560//646
f  560//647 559//647 561//647
f  192//648 191//648 562//648
f  562//649 559//649 192//649
f  192//650 559//650 558//650
f  192//651 558//651 257//651
f  257//652 558//652 254//652
f  253//653 252//653 563//653
f  563//654 252//654 256//654
f  564//655 200//655 201//655
f  564//656 201//656 565//656
f  201//657 566//657 565//657
f  565//658 566//658 567//658
f  565//659 567//659 568//659
f  568//660 567//660 569//660
f  568//661 569//661 570//661
f  570//662 569//662 571//662
f  570//663 571//663 572//663
f  572//664 571//664 573//664
f  572//665 573//665 574//665
f  574//666 573//666 575//666
f  574//667 575//667 576//667
f  577//668 578//668 579//668
f  579//669 578//669 580//669
f  579//670 580//670 581//670
f  581//671 580//671 582//671
f  581//672 582//672 583//672
f  583//673 582//673 584//673
f  583//674 584//674 585//674
f  585//675 584//675 586//675
f  585//676 586//676 587//676
f  587//677 586//677 588//677
f  587//678 588//678 589//678
f  589//679 588//679 576//679
f  589//680 576//680 590//680
f  590//681 576//681 575//681
f  429//682 433//682 556//682
f  556//683 433//683 591//683
f  556//684 591//684 577//684
f  577//685 591//685 592//685
f  577//686 592//686 578//686
f  427//687 553//687 428//687
f  428//688 553//688 514//688
f  428//689 514//689 389//689
f  593//690 511//690 554//690
f  554//691 511//691 512//691
f  554//692 512//692 514//692
f  594//693 508//693 593//693
f  593//694 508//694 509//694
f  593//695 509//695 511//695
f  595//696 504//696 594//696
f  594//697 504//697 506//697
f  594//698 506//698 508//698
f  596//699 498//699 597//699
f  597//700 498//700 500//700
f  597//701 500//701 595//701
f  595//702 500//702 502//702
f  595//703 502//703 504//703
f  598//704 492//704 599//704
f  599//705 492//705 490//705
f  599//706 490//706 596//706
f  596//707 490//707 489//707
f  596//708 489//708 498//708
f  600//709 495//709 598//709
f  598//710 495//710 494//710
f  598//711 494//711 492//711
f  561//712 601//712 560//712
f  560//713 601//713 557//713
f  560//714 557//714 602//714
f  602//715 557//715 487//715
f  602//716 487//716 603//716
f  603//717 487//717 485//717
f  603//718 485//718 600//718
f  600//719 485//719 484//719
f  600//720 484//720 495//720
f  427//721 426//721 553//721
f  553//722 426//722 555//722
f  553//723 555//723 554//723
f  554//724 555//724 604//724
f  554//725 604//725 593//725
f  593//726 604//726 605//726
f  593//727 605//727 594//727
f  594//728 605//728 606//728
f  594//729 606//729 595//729
f  595//730 606//730 607//730
f  595//731 607//731 597//731
f  597//732 607//732 608//732
f  597//733 608//733 596//733
f  596//734 608//734 609//734
f  596//735 609//735 599//735
f  599//736 609//736 610//736
f  599//737 610//737 598//737
f  598//738 610//738 611//738
f  598//739 611//739 600//739
f  600//740 611//740 612//740
f  600//741 612//741 603//741
f  603//742 612//742 613//742
f  603//743 613//743 602//743
f  602//744 613//744 614//744
f  602//745 614//745 560//745
f  560//746 614//746 615//746
f  560//747 615//747 558//747
f  558//748 615//748 616//748
f  558//749 616//749 254//749
f  254//750 616//750 563//750
f  254//751 563//751 255//751
f  255//752 563//752 256//752
f  425//753 430//753 555//753
f  555//754 430//754 556//754
f  555//755 556//755 604//755
f  604//756 556//756 577//756
f  604//757 577//757 605//757
f  605//758 577//758 579//758
f  605//759 579//759 606//759
f  606//760 579//760 581//760
f  606//761 581//761 607//761
f  607//762 581//762 583//762
f  607//763 583//763 608//763
f  608//764 583//764 585//764
f  608//765 585//765 609//765
f  609//766 585//766 587//766
f  609//767 587//767 610//767
f  610//768 587//768 589//768
f  610//769 589//769 611//769
f  611//770 589//770 590//770
f  611//771 590//771 612//771
f  612//772 590//772 575//772
f  612//773 575//773 613//773
f  613//774 575//774 573//774
f  613//775 573//775 614//775
f  614//776 573//776 571//776
f  614//777 571//777 615//777
f  615//778 571//778 569//778
f  615//779 569//779 616//779
f  616//780 569//780 567//780
f  616//781 567//781 563//781
f  563//782 567//782 566//782
f  563//783 566//783 253//783
f  253//784 566//784 201//784
f  617//785 618//785 619//785
f  619//785 618//785 620//785
f  619//786 620//786 621//786
f  621//786 620//786 622//786
f  621//787 622//787 623//787
f  623//787 622//787 624//787
f  623//788 624//788 625//788
f  625//788 624//788 626//788
f  625//789 626//789 627//789
f  627//789 626//789 628//789
f  627//790 628//790 629//790
f  629//790 628//790 630//790
f  629//791 630//791 631//791
f  631//792 630//792 632//792
f  631//793 632//793 633//793
f  633//793 632//793 634//793
f  633//794 634//794 635//794
f  635//794 634//794 636//794
f  635//795 636//795 637//795
f  637//796 636//796 638//796
f  637//797 638//797 639//797
f  639//797 638//797 640//797
f  639//798 640//798 617//798
f  617//798 640//798 618//798
f  641//798 642//798 643//798
f  643//798 642//798 644//798
f  643//797 644//797 645//797
f  645//797 644//797 646//797
f  645//796 646//796 647//796
f  647//795 646//795 648//795
f  647//794 648//794 649//794
f  649//794 648//794 650//794
f  649//793 650//793 651//793
f  651//793 650//793 652//793
f  651//792 652//792 653//792
f  653//792 652//792 654//792
f  653//790 654//790 655//790
f  655//790 654//790 656//790
f  655//789 656//789 657//789
f  657//789 656//789 658//789
f  657//799 658//799 659//799
f  659//788 658//788 660//788
f  659//787 660//787 661//787
f  661//787 660//787 662//787
f  661//786 662//786 663//786
f  663//786 662//786 664//786
f  663//785 664//785 641//785
f  641//785 664//785 642//785
f  665//800 666//800 667//800
f  667//801 666//801 668//801
f  669//802 670//802 671//802
f  672//803 669//803 673//803
f  673//804 669//804 671//804
f  673//805 671//805 674//805
f  674//806 671//806 675//806
f  674//806 675//806 676//806
f  677//807 678//807 679//807
f  679//808 678//808 680//808
f  679//809 680//809 681//809
f  681//810 680//810 673//810
f  681//811 673//811 674//811
f  679//812 682//812 677//812
f  677//813 682//813 683//813
f  677//814 683//814 684//814
f  684//815 683//815 685//815
f  684//816 685//816 686//816
f  687//817 688//817 689//817
f  689//818 688//818 690//818
f  689//819 690//819 691//819
f  691//819 690//819 692//819
f  666//820 665//820 693//820
f  693//818 694//818 666//818
f  666//820 694//820 695//820
f  666//818 695//818 696//818
f  696//818 695//818 697//818
f  696//818 697//818 690//818
f  690//819 697//819 698//819
f  690//821 698//821 692//821
f  671//822 699//822 675//822
f  675//823 699//823 700//823
f  675//823 700//823 701//823
f  701//823 702//823 675//823
f  675//823 702//823 703//823
f  675//824 703//824 704//824
f  705//825 706//825 707//825
f  705//826 707//826 708//826
f  708//827 707//827 709//827
f  708//828 709//828 710//828
f  710//829 709//829 711//829
f  711//830 709//830 712//830
f  711//831 712//831 713//831
f  713//832 712//832 714//832
f  713//833 714//833 715//833
f  715//834 714//834 716//834
f  715//835 716//835 717//835
f  718//836 719//836 720//836
f  720//837 719//837 717//837
f  720//838 717//838 721//838
f  721//839 717//839 716//839
f  722//840 723//840 724//840
f  724//841 723//841 719//841
f  724//842 719//842 725//842
f  725//843 719//843 718//843
f  726//844 727//844 728//844
f  728//845 727//845 729//845
f  728//846 729//846 730//846
f  730//847 729//847 723//847
f  730//848 723//848 731//848
f  731//849 723//849 722//849
f  731//850 722//850 732//850
f  397//851 705//851 396//851
f  396//852 705//852 708//852
f  396//853 708//853 395//853
f  395//854 708//854 710//854
f  379//855 378//855 713//855
f  713//856 378//856 382//856
f  382//857 384//857 713//857
f  713//858 384//858 385//858
f  713//859 385//859 711//859
f  711//860 385//860 387//860
f  711//861 387//861 710//861
f  710//862 387//862 393//862
f  710//863 393//863 395//863
f  713//864 715//864 379//864
f  379//865 715//865 717//865
f  379//866 717//866 374//866
f  374//867 717//867 719//867
f  374//868 719//868 372//868
f  372//869 719//869 723//869
f  372//870 723//870 370//870
f  370//871 723//871 729//871
f  370//872 729//872 326//872
f  326//873 729//873 727//873
f  326//874 727//874 726//874
f  733//875 734//875 735//875
f  733//876 735//876 736//876
f  726//877 736//877 326//877
f  326//878 736//878 735//878
f  326//879 735//879 327//879
f  327//880 735//880 737//880
f  367//881 365//881 738//881
f  738//882 365//882 364//882
f  738//883 364//883 737//883
f  737//884 364//884 369//884
f  737//885 369//885 327//885
f  738//886 739//886 367//886
f  367//887 739//887 740//887
f  367//888 740//888 368//888
f  368//889 740//889 741//889
f  368//890 741//890 330//890
f  330//891 741//891 742//891
f  743//892 338//892 742//892
f  742//893 338//893 331//893
f  742//894 331//894 330//894
f  744//895 334//895 743//895
f  743//896 334//896 339//896
f  743//897 339//897 338//897
f  745//898 341//898 746//898
f  746//899 341//899 340//899
f  746//900 340//900 744//900
f  744//901 340//901 335//901
f  744//902 335//902 334//902
f  747//903 344//903 748//903
f  748//904 344//904 345//904
f  748//905 345//905 749//905
f  749//906 345//906 347//906
f  749//907 347//907 745//907
f  745//908 347//908 346//908
f  745//909 346//909 341//909
f  667//910 362//910 750//910
f  750//911 362//911 360//911
f  750//912 360//912 751//912
f  751//913 360//913 359//913
f  751//914 359//914 747//914
f  747//915 359//915 342//915
f  747//916 342//916 344//916
f  752//917 363//917 362//917
f  753//918 754//918 667//918
f  362//919 667//919 755//919
f  362//920 755//920 752//920
f  756//921 757//921 758//921
f  759//921 760//921 750//921
f  750//921 760//921 693//921
f  693//921 665//921 750//921
f  750//922 665//922 667//922
f  758//921 761//921 762//921
f  761//921 758//921 763//921
f  763//921 758//921 764//921
f  763//921 764//921 765//921
f  765//921 764//921 766//921
f  766//921 764//921 767//921
f  766//921 767//921 768//921
f  769//921 768//921 744//921
f  744//921 743//921 769//921
f  769//921 743//921 742//921
f  769//921 742//921 770//921
f  770//921 742//921 741//921
f  749//921 745//921 768//921
f  768//921 745//921 746//921
f  768//921 746//921 744//921
f  762//921 771//921 758//921
f  758//921 771//921 772//921
f  758//921 772//921 773//921
f  773//921 774//921 758//921
f  758//921 774//921 775//921
f  758//921 775//921 756//921
f  749//921 768//921 748//921
f  748//921 768//921 767//921
f  748//921 767//921 747//921
f  759//921 750//921 767//921
f  767//921 750//921 751//921
f  767//921 751//921 747//921
f  776//923 777//923 778//923
f  738//924 737//924 777//924
f  777//925 737//925 779//925
f  779//926 737//926 735//926
f  779//927 735//927 734//927
f  780//928 740//928 739//928
f  770//929 741//929 740//929
f  779//930 781//930 777//930
f  777//931 781//931 782//931
f  777//931 782//931 778//931
f  778//932 782//932 783//932
f  778//933 783//933 784//933
f  784//934 783//934 785//934
f  784//935 785//935 786//935
f  786//936 785//936 787//936
f  788//937 789//937 790//937
f  790//938 789//938 791//938
f  790//939 791//939 792//939
f  787//940 793//940 786//940
f  786//941 793//941 794//941
f  786//941 794//941 795//941
f  795//942 794//942 796//942
f  795//943 796//943 788//943
f  788//944 796//944 797//944
f  788//945 797//945 789//945
f  776//923 778//923 798//923
f  798//946 778//946 784//946
f  798//946 784//946 799//946
f  799//947 784//947 786//947
f  799//947 786//947 800//947
f  800//948 786//948 795//948
f  800//948 795//948 801//948
f  801//949 795//949 788//949
f  801//949 788//949 802//949
f  802//950 788//950 790//950
f  802//950 790//950 803//950
f  792//939 804//939 790//939
f  790//951 804//951 805//951
f  790//952 805//952 803//952
f  803//953 805//953 806//953
f  803//954 806//954 807//954
f  738//955 777//955 739//955
f  739//956 777//956 776//956
f  739//957 776//957 780//957
f  780//958 776//958 798//958
f  780//958 798//958 808//958
f  808//959 798//959 799//959
f  808//959 799//959 809//959
f  809//960 799//960 800//960
f  809//960 800//960 810//960
f  810//961 800//961 801//961
f  810//961 801//961 811//961
f  811//962 801//962 802//962
f  811//962 802//962 812//962
f  812//963 802//963 803//963
f  812//963 803//963 813//963
f  813//964 803//964 807//964
f  813//965 807//965 814//965
f  740//966 780//966 770//966
f  770//967 780//967 808//967
f  770//967 808//967 769//967
f  769//968 808//968 809//968
f  769//968 809//968 768//968
f  768//969 809//969 810//969
f  768//969 810//969 766//969
f  766//970 810//970 811//970
f  766//970 811//970 765//970
f  765//971 811//971 812//971
f  765//972 812//972 763//972
f  763//973 812//973 813//973
f  763//973 813//973 761//973
f  761//974 813//974 814//974
f  761//975 814//975 762//975
f  815//785 816//785 817//785
f  817//785 816//785 818//785
f  817//786 818//786 819//786
f  819//786 818//786 820//786
f  819//787 820//787 821//787
f  821//787 820//787 822//787
f  821//788 822//788 823//788
f  823//788 822//788 824//788
f  823//789 824//789 825//789
f  825//789 824//789 826//789
f  825//790 826//790 827//790
f  827//790 826//790 828//790
f  827//791 828//791 829//791
f  829//791 828//791 830//791
f  829//793 830//793 831//793
f  831//793 830//793 832//793
f  831//794 832//794 833//794
f  833//794 832//794 834//794
f  833//795 834//795 835//795
f  835//795 834//795 836//795
f  835//797 836//797 837//797
f  837//797 836//797 838//797
f  837//798 838//798 815//798
f  815//798 838//798 816//798
f  839//976 840//976 841//976
f  842//977 843//977 844//977
f  844//978 843//978 845//978
f  845//978 846//978 844//978
f  844//978 846//978 847//978
f  844//979 847//979 13//979
f  848//980 443//980 849//980
f  849//981 443//981 445//981
f  849//982 445//982 850//982
f  850//983 445//983 447//983
f  850//984 447//984 851//984
f  851//985 447//985 449//985
f  851//986 449//986 852//986
f  852//987 449//987 451//987
f  852//988 451//988 853//988
f  853//989 451//989 454//989
f  853//990 454//990 854//990
f  854//991 454//991 456//991
f  854//992 456//992 855//992
f  855//993 456//993 458//993
f  855//994 458//994 856//994
f  856//994 458//994 460//994
f  856//995 460//995 857//995
f  857//996 460//996 461//996
f  857//997 461//997 858//997
f  859//998 433//998 860//998
f  860//999 433//999 432//999
f  860//1000 432//1000 861//1000
f  861//1001 432//1001 437//1001
f  861//1002 437//1002 862//1002
f  862//1003 437//1003 439//1003
f  862//1004 439//1004 848//1004
f  848//1005 439//1005 441//1005
f  848//1006 441//1006 443//1006
f  863//1007 278//1007 864//1007
f  864//1008 278//1008 865//1008
f  863//1009 866//1009 278//1009
f  278//1010 866//1010 867//1010
f  278//1011 867//1011 282//1011
f  461//1012 287//1012 858//1012
f  858//1013 287//1013 286//1013
f  858//1014 286//1014 868//1014
f  868//1015 286//1015 285//1015
f  868//1016 285//1016 869//1016
f  869//1017 285//1017 283//1017
f  869//1018 283//1018 870//1018
f  870//1019 283//1019 282//1019
f  870//1020 282//1020 871//1020
f  871//1021 282//1021 867//1021
f  872//1022 873//1022 874//1022
f  280//1023 281//1023 875//1023
f  278//1024 280//1024 865//1024
f  865//1025 280//1025 875//1025
f  865//1026 875//1026 876//1026
f  876//1027 875//1027 877//1027
f  876//1028 877//1028 874//1028
f  874//1029 877//1029 878//1029
f  874//1030 878//1030 872//1030
f  879//1031 880//1031 881//1031
f  839//1032 841//1032 882//1032
f  883//1033 884//1033 885//1033
f  883//1034 885//1034 886//1034
f  886//1035 885//1035 887//1035
f  886//1036 887//1036 888//1036
f  888//1037 887//1037 889//1037
f  888//1038 889//1038 890//1038
f  890//1039 889//1039 891//1039
f  891//1040 889//1040 892//1040
f  891//1041 892//1041 893//1041
f  893//1042 894//1042 891//1042
f  891//1043 894//1043 895//1043
f  891//1044 895//1044 896//1044
f  896//1045 895//1045 897//1045
f  896//1046 897//1046 878//1046
f  878//1047 897//1047 898//1047
f  878//1048 898//1048 872//1048
f  898//1049 899//1049 872//1049
f  872//1050 899//1050 900//1050
f  872//1051 900//1051 873//1051
f  873//1052 900//1052 901//1052
f  873//1053 901//1053 902//1053
f  902//1054 901//1054 903//1054
f  902//1055 903//1055 904//1055
f  904//1056 905//1056 902//1056
f  902//1057 905//1057 906//1057
f  902//1058 906//1058 907//1058
f  907//1059 906//1059 908//1059
f  907//1060 908//1060 909//1060
f  910//1061 911//1061 912//1061
f  912//1062 911//1062 881//1062
f  912//1063 881//1063 883//1063
f  880//1064 839//1064 881//1064
f  881//1065 839//1065 882//1065
f  881//1066 882//1066 883//1066
f  883//1067 882//1067 913//1067
f  883//1068 913//1068 884//1068
f  914//1069 915//1069 916//1069
f  916//1070 915//1070 917//1070
f  916//1071 917//1071 918//1071
f  919//1072 920//1072 921//1072
f  921//1073 922//1073 918//1073
f  918//1074 922//1074 923//1074
f  918//1075 923//1075 916//1075
f  924//1076 925//1076 926//1076
f  921//1077 920//1077 926//1077
f  926//1078 920//1078 927//1078
f  926//1079 927//1079 924//1079
f  928//1080 929//1080 918//1080
f  928//1081 918//1081 930//1081
f  929//1082 931//1082 918//1082
f  918//1083 931//1083 932//1083
f  918//1084 932//1084 921//1084
f  921//1085 932//1085 933//1085
f  921//1086 933//1086 919//1086
f  934//1087 935//1087 936//1087
f  936//1088 935//1088 937//1088
f  930//1089 918//1089 938//1089
f  938//1090 918//1090 917//1090
f  938//1091 917//1091 939//1091
f  939//1092 917//1092 915//1092
f  939//1093 915//1093 940//1093
f  940//1094 915//1094 936//1094
f  940//1095 936//1095 941//1095
f  941//1096 936//1096 937//1096
f  941//1097 937//1097 942//1097
f  914//1098 879//1098 915//1098
f  915//1099 879//1099 881//1099
f  915//1100 881//1100 936//1100
f  936//1101 881//1101 911//1101
f  936//1102 911//1102 934//1102
f  934//1103 911//1103 910//1103
f  856//1104 943//1104 944//1104
f  945//1105 946//1105 947//1105
f  707//1106 706//1106 948//1106
f  949//1107 716//1107 950//1107
f  950//1108 716//1108 714//1108
f  950//1109 714//1109 951//1109
f  951//1110 714//1110 712//1110
f  951//1111 712//1111 952//1111
f  952//1112 712//1112 709//1112
f  952//1113 709//1113 953//1113
f  953//1114 709//1114 707//1114
f  953//1115 707//1115 954//1115
f  954//1116 707//1116 948//1116
f  954//1117 948//1117 955//1117
f  956//1118 957//1118 949//1118
f  949//1119 957//1119 958//1119
f  949//1120 958//1120 716//1120
f  716//1121 958//1121 959//1121
f  716//1122 959//1122 721//1122
f  949//1123 960//1123 956//1123
f  956//1124 960//1124 961//1124
f  956//1125 961//1125 962//1125
f  962//1126 961//1126 963//1126
f  963//1127 961//1127 964//1127
f  963//1128 964//1128 965//1128
f  965//1129 966//1129 967//1129
f  967//1130 966//1130 968//1130
f  967//1131 968//1131 969//1131
f  946//1132 945//1132 968//1132
f  968//1133 945//1133 970//1133
f  968//1134 970//1134 969//1134
f  947//1135 946//1135 971//1135
f  971//1136 946//1136 944//1136
f  971//1137 944//1137 972//1137
f  972//1138 944//1138 943//1138
f  972//1139 943//1139 973//1139
f  858//1140 974//1140 857//1140
f  857//1141 974//1141 856//1141
f  856//1142 974//1142 943//1142
f  943//1143 974//1143 975//1143
f  943//1144 975//1144 973//1144
f  976//1145 854//1145 855//1145
f  976//1146 977//1146 854//1146
f  854//1147 977//1147 978//1147
f  854//1148 978//1148 853//1148
f  853//1149 978//1149 979//1149
f  853//1150 979//1150 852//1150
f  852//1151 979//1151 980//1151
f  852//1152 980//1152 851//1152
f  851//1153 980//1153 981//1153
f  851//1154 981//1154 850//1154
f  850//1155 981//1155 982//1155
f  850//1156 982//1156 849//1156
f  849//1157 982//1157 983//1157
f  849//1158 983//1158 848//1158
f  983//1159 984//1159 848//1159
f  848//1160 984//1160 985//1160
f  848//1161 985//1161 862//1161
f  862//1162 985//1162 986//1162
f  862//1163 986//1163 861//1163
f  861//1164 986//1164 987//1164
f  861//1165 987//1165 860//1165
f  860//1166 987//1166 859//1166
f  859//1167 987//1167 988//1167
f  859//1168 988//1168 989//1168
f  955//1169 990//1169 954//1169
f  954//1170 990//1170 991//1170
f  954//1171 991//1171 953//1171
f  953//1172 991//1172 992//1172
f  953//1173 992//1173 952//1173
f  952//1174 992//1174 993//1174
f  952//1175 993//1175 951//1175
f  951//1176 993//1176 994//1176
f  951//1177 994//1177 950//1177
f  950//1178 994//1178 995//1178
f  950//1179 995//1179 949//1179
f  949//1180 995//1180 996//1180
f  949//1181 996//1181 960//1181
f  960//1182 996//1182 997//1182
f  960//1183 997//1183 961//1183
f  961//1184 997//1184 998//1184
f  961//1185 998//1185 964//1185
f  964//1186 998//1186 999//1186
f  964//1187 999//1187 965//1187
f  965//1188 999//1188 1000//1188
f  965//1189 1000//1189 966//1189
f  990//1190 989//1190 991//1190
f  991//1191 989//1191 988//1191
f  991//1192 988//1192 992//1192
f  992//1193 988//1193 987//1193
f  992//1194 987//1194 993//1194
f  993//1195 987//1195 986//1195
f  993//1196 986//1196 994//1196
f  994//1197 986//1197 985//1197
f  994//1198 985//1198 995//1198
f  995//1199 985//1199 984//1199
f  995//1200 984//1200 996//1200
f  996//1201 984//1201 983//1201
f  996//1202 983//1202 997//1202
f  997//1203 983//1203 982//1203
f  997//1204 982//1204 998//1204
f  998//1205 982//1205 981//1205
f  998//1206 981//1206 999//1206
f  999//1207 981//1207 980//1207
f  999//1208 980//1208 1000//1208
f  1000//1209 980//1209 979//1209
f  1000//1210 979//1210 966//1210
f  966//1211 979//1211 978//1211
f  966//1212 978//1212 968//1212
f  968//1213 978//1213 977//1213
f  968//1214 977//1214 946//1214
f  946//1215 977//1215 976//1215
f  946//1216 976//1216 944//1216
f  944//1217 976//1217 855//1217
f  944//1218 855//1218 856//1218
f  858//1219 868//1219 1001//1219
f  1001//1220 868//1220 869//1220
f  1001//1221 869//1221 870//1221
f  1001//1222 1002//1222 858//1222
f  858//1223 1002//1223 1003//1223
f  858//1224 1003//1224 974//1224
f  1003//1225 1004//1225 974//1225
f  974//1226 1004//1226 1005//1226
f  974//1227 1005//1227 975//1227
f  975//1228 1005//1228 973//1228
f  1006//1229 1007//1229 1008//1229
f  1009//1230 1010//1230 1011//1230
f  935//1231 934//1231 1012//1231
f  1012//1232 934//1232 1013//1232
f  1014//1233 1015//1233 1016//1233
f  1017//1234 1018//1234 1019//1234
f  1019//1235 1020//1235 1021//1235
f  1022//1236 1023//1236 1024//1236
f  1025//1237 1026//1237 1023//1237
f  1017//1238 1019//1238 1027//1238
f  1027//1239 1028//1239 1029//1239
f  1029//1240 1028//1240 1030//1240
f  1029//1241 1030//1241 1031//1241
f  1031//1242 1030//1242 1008//1242
f  1031//1243 1008//1243 1032//1243
f  1032//1244 1008//1244 1007//1244
f  1032//1245 1007//1245 1033//1245
f  1033//1246 1007//1246 1034//1246
f  1033//1247 1034//1247 1035//1247
f  1035//1248 1034//1248 1036//1248
f  934//1249 910//1249 1013//1249
f  1013//1250 910//1250 912//1250
f  1013//1251 912//1251 1037//1251
f  1037//1252 912//1252 883//1252
f  1037//1253 883//1253 1038//1253
f  1038//1254 883//1254 886//1254
f  1038//1255 886//1255 1039//1255
f  1040//1256 937//1256 935//1256
f  942//1257 937//1257 1041//1257
f  1041//1258 937//1258 1040//1258
f  1041//1259 1040//1259 1042//1259
f  1043//1260 1044//1260 1045//1260
f  1045//1261 1044//1261 1046//1261
f  1047//1262 1048//1262 1011//1262
f  1011//1263 1048//1263 1049//1263
f  1011//1264 1049//1264 1009//1264
f  1011//1265 1050//1265 1047//1265
f  1047//1266 1050//1266 1051//1266
f  1047//1267 1051//1267 1052//1267
f  1052//1268 1051//1268 1053//1268
f  1052//1269 1053//1269 1054//1269
f  1010//1270 1055//1270 1056//1270
f  1023//1271 1022//1271 1025//1271
f  1025//1272 1022//1272 1057//1272
f  1025//1273 1057//1273 1058//1273
f  1058//1274 1057//1274 1056//1274
f  1058//1275 1056//1275 1059//1275
f  1059//1276 1056//1276 1055//1276
f  1059//1277 1055//1277 1060//1277
f  1010//1278 1056//1278 1011//1278
f  1011//1279 1056//1279 1057//1279
f  1011//1280 1057//1280 1050//1280
f  1050//1281 1057//1281 1022//1281
f  1050//1282 1022//1282 1051//1282
f  1051//1283 1022//1283 1024//1283
f  1051//1284 1024//1284 1053//1284
f  935//1285 1012//1285 1040//1285
f  1040//1286 1012//1286 1061//1286
f  1040//1287 1061//1287 1042//1287
f  1019//1288 1026//1288 1020//1288
f  1020//1289 1026//1289 1025//1289
f  1020//1290 1025//1290 1021//1290
f  1021//1291 1025//1291 1058//1291
f  1021//1292 1058//1292 1062//1292
f  1062//1293 1058//1293 1059//1293
f  1062//1294 1059//1294 1063//1294
f  1063//1295 1059//1295 1060//1295
f  1063//1296 1060//1296 1064//1296
f  1064//1297 1060//1297 1055//1297
f  1064//1298 1055//1298 1065//1298
f  1065//1299 1055//1299 1010//1299
f  1065//1300 1010//1300 1045//1300
f  1045//1301 1010//1301 1009//1301
f  1045//1302 1009//1302 1043//1302
f  1015//1303 1036//1303 1016//1303
f  1016//1304 1036//1304 1034//1304
f  1016//1305 1034//1305 1066//1305
f  1066//1306 1034//1306 1007//1306
f  1066//1307 1007//1307 1067//1307
f  1067//1308 1007//1308 1006//1308
f  1067//1309 1006//1309 1068//1309
f  1039//1310 1014//1310 1038//1310
f  1038//1311 1014//1311 1016//1311
f  1038//1312 1016//1312 1037//1312
f  1037//1313 1016//1313 1066//1313
f  1037//1314 1066//1314 1013//1314
f  1013//1315 1066//1315 1067//1315
f  1013//1316 1067//1316 1012//1316
f  1012//1317 1067//1317 1068//1317
f  1012//1318 1068//1318 1061//1318
f  1027//1319 1019//1319 1028//1319
f  1028//1320 1019//1320 1021//1320
f  1028//1321 1021//1321 1030//1321
f  1030//1322 1021//1322 1062//1322
f  1030//1323 1062//1323 1008//1323
f  1008//1324 1062//1324 1063//1324
f  1008//1325 1063//1325 1006//1325
f  1006//1326 1063//1326 1064//1326
f  1006//1327 1064//1327 1068//1327
f  1068//1328 1064//1328 1065//1328
f  1068//1329 1065//1329 1061//1329
f  1061//1330 1065//1330 1045//1330
f  1061//1331 1045//1331 1042//1331
f  1042//1332 1045//1332 1046//1332
f  1042//1333 1046//1333 1041//1333
f  1069//1334 1070//1334 1071//1334
f  1071//1334 1070//1334 1072//1334
f  1071//786 1072//786 1073//786
f  1073//786 1072//786 1074//786
f  1073//787 1074//787 1075//787
f  1075//787 1074//787 1076//787
f  1075//788 1076//788 1077//788
f  1077//788 1076//788 1078//788
f  1077//789 1078//789 1079//789
f  1079//789 1078//789 1080//789
f  1079//790 1080//790 1081//790
f  1081//790 1080//790 1082//790
f  1081//791 1082//791 1083//791
f  1083//792 1082//792 1084//792
f  1083//793 1084//793 1085//793
f  1085//793 1084//793 1086//793
f  1085//794 1086//794 1087//794
f  1087//794 1086//794 1088//794
f  1087//795 1088//795 1089//795
f  1089//795 1088//795 1090//795
f  1089//797 1090//797 1091//797
f  1091//797 1090//797 1092//797
f  1091//798 1092//798 1069//798
f  1069//798 1092//798 1070//798
f  1093//1335 1094//1335 1095//1335
f  1093//1335 1095//1335 1096//1335
f  1097//1335 1098//1335 1099//1335
f  1099//1335 1098//1335 1100//1335
f  1099//1335 1100//1335 1101//1335
f  1097//1335 1102//1335 1098//1335
f  1098//1335 1102//1335 1103//1335
f  1098//1335 1103//1335 1095//1335
f  1095//1335 1103//1335 1104//1335
f  1095//1335 1104//1335 1096//1335
f  887//1336 885//1336 1105//1336
f  882//1337 1106//1337 913//1337
f  913//1338 1106//1338 1105//1338
f  913//1339 1105//1339 884//1339
f  884//1340 1105//1340 885//1340
f  887//1341 1105//1341 889//1341
f  889//1342 1105//1342 1107//1342
f  889//1343 1107//1343 892//1343
f  897//1344 895//1344 1108//1344
f  1108//1345 895//1345 894//1345
f  1108//1346 894//1346 1107//1346
f  1107//1347 894//1347 893//1347
f  1107//1348 893//1348 892//1348
f  897//1349 1108//1349 898//1349
f  898//1350 1108//1350 1109//1350
f  898//1351 1109//1351 899//1351
f  1110//1352 901//1352 1109//1352
f  1109//1353 901//1353 900//1353
f  1109//1354 900//1354 899//1354
f  906//1355 905//1355 1111//1355
f  1111//1356 905//1356 904//1356
f  1111//1357 904//1357 1110//1357
f  1110//1358 904//1358 903//1358
f  1110//1359 903//1359 901//1359
f  1094//1360 1112//1360 1095//1360
f  1095//1361 1112//1361 909//1361
f  1095//1362 909//1362 1111//1362
f  1111//1363 909//1363 908//1363
f  1111//1364 908//1364 906//1364
f  1106//1365 882//1365 841//1365
f  841//1365 840//1365 1106//1365
f  1106//1365 840//1365 1113//1365
f  1106//1365 1113//1365 1114//1365
f  1114//1365 1113//1365 1115//1365
f  1114//1365 1115//1365 1116//1365
f  1116//1365 1115//1365 672//1365
f  1116//1365 672//1365 673//1365
f  1106//823 1114//823 1077//823
f  1098//823 1073//823 1114//823
f  1114//823 1073//823 1075//823
f  1114//823 1075//823 1077//823
f  1085//823 1107//823 1083//823
f  1083//823 1107//823 1105//823
f  1083//823 1105//823 1081//823
f  1081//823 1105//823 1106//823
f  1081//823 1106//823 1079//823
f  1079//823 1106//823 1077//823
f  1089//823 1091//823 1095//823
f  1095//823 1091//823 1069//823
f  1095//823 1069//823 1098//823
f  1098//823 1069//823 1071//823
f  1098//823 1071//823 1073//823
f  1095//823 1111//823 1089//823
f  1089//823 1111//823 1110//823
f  1089//823 1110//823 1087//823
f  1087//823 1110//823 1109//823
f  1087//823 1109//823 1085//823
f  1085//823 1109//823 1108//823
f  1085//823 1108//823 1107//823
f  1117//1366 874//1366 873//1366
f  907//1367 909//1367 1117//1367
f  907//1368 1117//1368 902//1368
f  902//1369 1117//1369 873//1369
f  1118//823 1119//823 837//823
f  837//823 1119//823 835//823
f  1118//823 837//823 1120//823
f  1120//823 837//823 815//823
f  1120//823 815//823 1121//823
f  817//823 1122//823 815//823
f  815//823 1122//823 1123//823
f  815//823 1123//823 1121//823
f  1124//823 1125//823 621//823
f  621//823 1125//823 1126//823
f  621//823 1126//823 619//823
f  619//823 1126//823 1127//823
f  619//823 1127//823 1128//823
f  1129//823 1130//823 625//823
f  625//823 1130//823 1131//823
f  1119//823 1132//823 835//823
f  835//823 1132//823 1101//823
f  835//823 1101//823 833//823
f  833//823 1101//823 1100//823
f  833//823 1100//823 831//823
f  831//823 1100//823 1133//823
f  831//823 1133//823 829//823
f  819//823 1134//823 817//823
f  817//823 1134//823 1135//823
f  817//823 1135//823 1122//823
f  625//823 627//823 1129//823
f  1129//823 627//823 629//823
f  1129//823 629//823 686//823
f  686//823 629//823 631//823
f  686//823 631//823 684//823
f  684//823 631//823 633//823
f  684//823 633//823 1133//823
f  1133//823 633//823 635//823
f  1133//823 635//823 829//823
f  829//823 635//823 637//823
f  829//823 637//823 827//823
f  827//823 637//823 639//823
f  827//823 639//823 825//823
f  825//823 639//823 617//823
f  825//823 617//823 823//823
f  823//823 617//823 619//823
f  823//823 619//823 821//823
f  821//823 619//823 1128//823
f  821//823 1128//823 819//823
f  819//823 1128//823 1136//823
f  819//823 1136//823 1134//823
f  1137//823 1138//823 1139//823
f  1140//823 1141//823 1142//823
f  1142//823 1141//823 1143//823
f  1142//823 1143//823 1144//823
f  1144//823 1145//823 1142//823
f  1142//823 1145//823 1137//823
f  1142//823 1137//823 1146//823
f  1146//823 1137//823 1147//823
f  1148//823 1149//823 623//823
f  1148//823 623//823 1150//823
f  1124//823 621//823 1151//823
f  1151//823 621//823 623//823
f  1151//823 623//823 1142//823
f  1142//823 623//823 1149//823
f  1142//1370 1149//1370 1140//1370
f  1139//823 1152//823 1137//823
f  1137//823 1152//823 1153//823
f  1137//823 1153//823 1147//823
f  1131//1371 1154//1371 625//1371
f  625//823 1154//823 1155//823
f  625//823 1155//823 623//823
f  623//1372 1155//1372 1156//1372
f  623//1371 1156//1371 1150//1371
f  1116//1373 1157//1373 1114//1373
f  1114//1373 1157//1373 1158//1373
f  1100//1373 1098//1373 1133//1373
f  1133//1373 1098//1373 1114//1373
f  1133//1373 1114//1373 1159//1373
f  1159//1373 1114//1373 1158//1373
f  916//1374 923//1374 1115//1374
f  1115//1375 923//1375 922//1375
f  1115//1376 922//1376 672//1376
f  672//1377 922//1377 921//1377
f  672//1378 921//1378 926//1378
f  916//1379 1115//1379 914//1379
f  914//1380 1115//1380 1113//1380
f  914//1381 1113//1381 879//1381
f  879//1382 1113//1382 880//1382
f  880//1383 1113//1383 840//1383
f  880//1384 840//1384 839//1384
f  672//1385 926//1385 669//1385
f  669//1386 926//1386 925//1386
f  669//1387 925//1387 670//1387
f  1160//1388 1161//1388 1162//1388
f  1163//1389 1164//1389 1165//1389
f  1166//1390 1167//1390 1168//1390
f  1168//1391 1167//1391 1169//1391
f  1170//1392 732//1392 722//1392
f  1171//1393 1172//1393 1173//1393
f  1173//1394 1172//1394 1174//1394
f  1173//1395 1174//1395 1175//1395
f  1163//1396 1176//1396 1164//1396
f  1164//1397 1176//1397 1162//1397
f  1164//1398 1162//1398 1165//1398
f  1165//1399 1162//1399 1177//1399
f  1177//1400 1162//1400 1178//1400
f  1178//1401 1162//1401 1161//1401
f  1178//1402 1161//1402 1179//1402
f  1170//1403 722//1403 1175//1403
f  1175//1404 722//1404 724//1404
f  1175//1405 724//1405 1173//1405
f  1173//1406 724//1406 725//1406
f  1173//1407 725//1407 1171//1407
f  1171//1408 725//1408 718//1408
f  1171//1409 718//1409 1160//1409
f  1160//1410 718//1410 720//1410
f  1160//1411 720//1411 1161//1411
f  1161//1412 720//1412 721//1412
f  1161//1413 721//1413 1179//1413
f  1176//1414 1166//1414 1162//1414
f  1162//1415 1166//1415 1168//1415
f  1162//1416 1168//1416 1160//1416
f  1160//1417 1168//1417 1169//1417
f  1160//1418 1169//1418 1171//1418
f  1171//1419 1169//1419 1172//1419
f  1180//1420 1181//1420 1182//1420
f  1179//1421 721//1421 959//1421
f  1121//1422 1123//1422 1183//1422
f  1183//1423 1123//1423 1122//1423
f  1165//1424 1177//1424 1182//1424
f  1182//1425 1177//1425 1178//1425
f  1182//1426 1178//1426 1179//1426
f  1179//1427 959//1427 1182//1427
f  1182//1428 959//1428 958//1428
f  1182//1429 958//1429 1180//1429
f  1181//1430 1184//1430 1182//1430
f  1182//1431 1184//1431 1183//1431
f  1182//1432 1183//1432 1165//1432
f  1165//1433 1183//1433 1122//1433
f  1165//1434 1122//1434 1163//1434
f  1184//1435 1185//1435 1183//1435
f  1183//1436 1185//1436 1186//1436
f  1183//1437 1186//1437 1121//1437
f  1121//1438 1186//1438 1187//1438
f  1121//1439 1187//1439 1120//1439
f  1181//1440 1180//1440 1188//1440
f  1101//1441 1132//1441 1189//1441
f  1189//1442 1132//1442 1190//1442
f  1189//1443 1190//1443 1191//1443
f  1192//1444 1191//1444 1193//1444
f  1194//1445 1192//1445 1195//1445
f  1195//1446 1192//1446 1193//1446
f  1195//1447 1193//1447 1196//1447
f  1119//1448 1118//1448 1197//1448
f  1197//1449 1118//1449 1198//1449
f  1197//1450 1198//1450 1199//1450
f  963//1451 1194//1451 1200//1451
f  1200//1452 1194//1452 1195//1452
f  1200//1453 1195//1453 1201//1453
f  1201//1454 1195//1454 1196//1454
f  1201//1455 1196//1455 1188//1455
f  1118//1456 1120//1456 1198//1456
f  1198//1457 1120//1457 1187//1457
f  1198//1458 1187//1458 1199//1458
f  1199//1459 1187//1459 1186//1459
f  1199//1460 1186//1460 1185//1460
f  1132//1461 1119//1461 1190//1461
f  1190//1462 1119//1462 1197//1462
f  1190//1463 1197//1463 1202//1463
f  1202//1464 1197//1464 1199//1464
f  1202//1465 1199//1465 1203//1465
f  1203//1466 1199//1466 1185//1466
f  1203//1467 1185//1467 1184//1467
f  1191//1468 1190//1468 1193//1468
f  1193//1469 1190//1469 1202//1469
f  1193//1470 1202//1470 1196//1470
f  1196//1471 1202//1471 1203//1471
f  1196//1472 1203//1472 1188//1472
f  1188//1473 1203//1473 1184//1473
f  1188//1474 1184//1474 1181//1474
f  963//1475 1200//1475 962//1475
f  962//1476 1200//1476 1201//1476
f  962//1477 1201//1477 956//1477
f  956//1478 1201//1478 1188//1478
f  956//1479 1188//1479 957//1479
f  957//1480 1188//1480 1180//1480
f  957//1481 1180//1481 958//1481
f  1204//1482 1205//1482 1206//1482
f  1207//1483 1208//1483 1096//1483
f  1209//1484 972//1484 1210//1484
f  1210//1485 972//1485 973//1485
f  1194//1486 963//1486 965//1486
f  1192//1487 1194//1487 1211//1487
f  1194//1488 965//1488 1211//1488
f  1211//1489 965//1489 967//1489
f  1211//1490 967//1490 1212//1490
f  1212//1491 967//1491 969//1491
f  1212//1492 969//1492 1213//1492
f  1213//1493 969//1493 970//1493
f  1213//1494 970//1494 1214//1494
f  970//1495 945//1495 1214//1495
f  1214//1496 945//1496 947//1496
f  1214//1497 947//1497 1209//1497
f  1209//1498 947//1498 971//1498
f  1209//1499 971//1499 972//1499
f  1210//1500 1204//1500 1209//1500
f  1209//1501 1204//1501 1206//1501
f  1209//1502 1206//1502 1214//1502
f  1214//1503 1206//1503 1215//1503
f  1214//1504 1215//1504 1213//1504
f  1213//1505 1215//1505 1216//1505
f  1213//1506 1216//1506 1212//1506
f  1212//1507 1216//1507 1217//1507
f  1212//1508 1217//1508 1211//1508
f  1211//1509 1217//1509 1218//1509
f  1211//1510 1218//1510 1192//1510
f  1192//1511 1218//1511 1191//1511
f  1205//1512 1219//1512 1206//1512
f  1206//1513 1219//1513 1220//1513
f  1206//1514 1220//1514 1215//1514
f  1215//1515 1220//1515 1221//1515
f  1215//1516 1221//1516 1216//1516
f  1216//1517 1221//1517 1222//1517
f  1216//1518 1222//1518 1217//1518
f  1217//1519 1222//1519 1223//1519
f  1217//1520 1223//1520 1218//1520
f  1218//1521 1223//1521 1224//1521
f  1218//1522 1224//1522 1191//1522
f  1191//1523 1224//1523 1189//1523
f  1219//1524 1208//1524 1220//1524
f  1220//1525 1208//1525 1207//1525
f  1220//1526 1207//1526 1221//1526
f  1221//1527 1207//1527 1225//1527
f  1221//1528 1225//1528 1222//1528
f  1222//1529 1225//1529 1226//1529
f  1222//1530 1226//1530 1223//1530
f  1223//1531 1226//1531 1227//1531
f  1223//1532 1227//1532 1224//1532
f  1224//1533 1227//1533 1228//1533
f  1224//1534 1228//1534 1189//1534
f  1096//1535 1104//1535 1207//1535
f  1207//1536 1104//1536 1103//1536
f  1207//1537 1103//1537 1225//1537
f  1225//1538 1103//1538 1102//1538
f  1225//1539 1102//1539 1226//1539
f  1226//1540 1102//1540 1097//1540
f  1226//1541 1097//1541 1227//1541
f  1227//1542 1097//1542 1099//1542
f  1227//1543 1099//1543 1228//1543
f  1228//1544 1099//1544 1101//1544
f  1228//1545 1101//1545 1189//1545
f  973//1546 1005//1546 1210//1546
f  1210//1547 1005//1547 1229//1547
f  1210//1548 1229//1548 1204//1548
f  1204//1549 1229//1549 1205//1549
f  1205//1550 1229//1550 1230//1550
f  1205//1551 1230//1551 1219//1551
f  1219//1552 1230//1552 1208//1552
f  1208//1553 1230//1553 1093//1553
f  1208//1554 1093//1554 1096//1554
f  1094//1555 1093//1555 1231//1555
f  1231//1556 1093//1556 1230//1556
f  1231//1557 1230//1557 1232//1557
f  1232//1558 1230//1558 1229//1558
f  1232//1559 1229//1559 1004//1559
f  1004//1560 1229//1560 1005//1560
f  1112//1561 1094//1561 1233//1561
f  1233//1562 1094//1562 1231//1562
f  1233//1563 1231//1563 1234//1563
f  1234//1564 1231//1564 1232//1564
f  1234//1565 1232//1565 1003//1565
f  1003//1566 1232//1566 1004//1566
f  909//1567 1112//1567 1235//1567
f  1235//1568 1112//1568 1233//1568
f  1235//1569 1233//1569 1236//1569
f  1236//1570 1233//1570 1234//1570
f  1236//1571 1234//1571 1002//1571
f  1002//1572 1234//1572 1003//1572
f  863//1573 864//1573 1237//1573
f  876//1574 874//1574 1117//1574
f  1237//1575 864//1575 1117//1575
f  1117//1576 864//1576 865//1576
f  1117//1577 865//1577 876//1577
f  1238//1578 1001//1578 870//1578
f  870//1579 871//1579 1238//1579
f  1238//1580 871//1580 867//1580
f  1238//1581 867//1581 1237//1581
f  1237//1582 867//1582 866//1582
f  1237//1583 866//1583 863//1583
f  1002//1584 1001//1584 1236//1584
f  1236//1585 1001//1585 1238//1585
f  1236//1586 1238//1586 1235//1586
f  1235//1587 1238//1587 1237//1587
f  1235//1588 1237//1588 909//1588
f  909//1589 1237//1589 1117//1589
f  1086//921 1239//921 1240//921
f  1078//921 1241//921 1242//921
f  1070//921 1243//921 1244//921
f  1078//921 1076//921 1241//921
f  1241//921 1076//921 1074//921
f  1241//921 1074//921 1244//921
f  1244//921 1074//921 1072//921
f  1244//921 1072//921 1070//921
f  1086//921 1084//921 1239//921
f  1239//921 1084//921 1082//921
f  1239//921 1082//921 1242//921
f  1242//921 1082//921 1080//921
f  1242//921 1080//921 1078//921
f  1070//921 1092//921 1243//921
f  1243//921 1092//921 1090//921
f  1243//921 1090//921 1240//921
f  1240//921 1090//921 1088//921
f  1240//921 1088//921 1086//921
f  844//1590 1035//1590 842//1590
f  842//1591 1035//1591 1036//1591
f  1036//1592 1015//1592 842//1592
f  842//1593 1015//1593 1014//1593
f  842//1594 1014//1594 1245//1594
f  1245//1595 1014//1595 1039//1595
f  1245//1596 1039//1596 1246//1596
f  1246//1597 1039//1597 886//1597
f  1247//1598 1248//1598 886//1598
f  886//1599 1248//1599 1249//1599
f  886//1600 1249//1600 1246//1600
f  878//1601 877//1601 896//1601
f  896//1602 877//1602 1250//1602
f  896//1603 1250//1603 891//1603
f  891//1604 1250//1604 1251//1604
f  891//1605 1251//1605 890//1605
f  890//1606 1251//1606 1247//1606
f  890//1607 1247//1607 888//1607
f  888//1608 1247//1608 886//1608
f  844//1609 13//1609 5//1609
f  1035//823 844//823 1033//823
f  1033//823 844//823 5//823
f  1033//823 5//823 1032//823
f  1032//823 5//823 4//823
f  16//1610 1252//1610 1253//1610
f  16//1611 1253//1611 22//1611
f  1032//1612 4//1612 1031//1612
f  1031//1612 4//1612 10//1612
f  1031//1612 10//1612 1029//1612
f  1029//1612 10//1612 1027//1612
f  1027//1613 10//1613 9//1613
f  1027//1614 9//1614 1017//1614
f  1017//1615 9//1615 8//1615
f  1017//1612 8//1612 1018//1612
f  1253//1616 1254//1616 22//1616
f  22//1617 1254//1617 1255//1617
f  22//1616 1255//1616 21//1616
f  21//1617 1255//1617 1256//1617
f  21//1618 1256//1618 14//1618
f  14//1612 1256//1612 1018//1612
f  14//1619 1018//1619 7//1619
f  7//1612 1018//1612 8//1612
f  135//104 942//104 147//104
f  147//104 942//104 1041//104
f  147//104 1041//104 150//104
f  150//104 1041//104 148//104
f  160//1620 162//1620 1257//1620
f  137//104 139//104 938//104
f  1041//104 1046//104 148//104
f  148//104 1046//104 1044//104
f  148//104 1044//104 172//104
f  1258//104 133//104 1259//104
f  1259//104 133//104 132//104
f  1259//104 132//104 1260//104
f  1260//1621 132//1621 155//1621
f  1260//1622 155//1622 1261//1622
f  1261//1623 155//1623 157//1623
f  1261//1624 157//1624 1262//1624
f  1262//115 157//115 160//115
f  1262//1625 160//1625 1263//1625
f  1263//1626 160//1626 1257//1626
f  1264//104 128//104 1265//104
f  1265//104 128//104 133//104
f  1265//104 133//104 1266//104
f  1266//104 133//104 1258//104
f  938//104 939//104 137//104
f  137//104 939//104 940//104
f  137//104 940//104 135//104
f  135//104 940//104 941//104
f  135//104 941//104 942//104
f  1044//104 1043//104 172//104
f  172//104 1043//104 1009//104
f  172//104 1009//104 170//104
f  170//104 1009//104 1049//104
f  170//104 1049//104 168//104
f  165//1627 1267//1627 162//1627
f  162//1628 1267//1628 1268//1628
f  162//134 1268//134 1257//134
f  1049//104 1048//104 168//104
f  168//104 1048//104 1047//104
f  168//104 1047//104 166//104
f  166//104 1047//104 1052//104
f  166//1629 1052//1629 180//1629
f  180//1630 1052//1630 1054//1630
f  180//1631 1054//1631 177//1631
f  177//1632 1054//1632 1269//1632
f  177//1633 1269//1633 165//1633
f  165//1634 1269//1634 1270//1634
f  165//1635 1270//1635 1267//1635
f  938//1636 139//1636 930//1636
f  930//1637 139//1637 144//1637
f  930//1638 144//1638 143//1638
f  731//1639 1271//1639 730//1639
f  730//1640 1271//1640 1272//1640
f  730//1641 1272//1641 728//1641
f  728//1642 1272//1642 1273//1642
f  1273//1643 1272//1643 1274//1643
f  1273//1644 1274//1644 734//1644
f  734//1645 1274//1645 1275//1645
f  734//1646 1275//1646 779//1646
f  779//1647 1275//1647 1276//1647
f  779//1648 1276//1648 781//1648
f  781//1649 1276//1649 782//1649
f  782//1650 1276//1650 1277//1650
f  782//1651 1277//1651 1278//1651
f  1279//1652 787//1652 1280//1652
f  1280//1653 787//1653 785//1653
f  1280//1654 785//1654 1278//1654
f  1278//1655 785//1655 783//1655
f  1278//1656 783//1656 782//1656
f  1281//1657 792//1657 1282//1657
f  1282//1658 792//1658 791//1658
f  1282//1659 791//1659 1283//1659
f  1283//1660 791//1660 789//1660
f  1283//1661 789//1661 1284//1661
f  1284//1662 789//1662 797//1662
f  1284//1663 797//1663 1285//1663
f  1285//1664 797//1664 796//1664
f  1285//1665 796//1665 1286//1665
f  1286//1666 796//1666 794//1666
f  1286//1667 794//1667 1279//1667
f  1279//1668 794//1668 793//1668
f  1279//1669 793//1669 787//1669
f  792//1670 1281//1670 1287//1670
f  1287//1671 1281//1671 1288//1671
f  1287//1672 1288//1672 1289//1672
f  1289//1673 1288//1673 1290//1673
f  1290//1674 1288//1674 1291//1674
f  1290//1675 1291//1675 1292//1675
f  1291//1675 1293//1675 1292//1675
f  1292//1676 1293//1676 1294//1676
f  1292//1677 1294//1677 1295//1677
f  1295//1678 1294//1678 1296//1678
f  1295//1679 1296//1679 1297//1679
f  1298//1680 1297//1680 1299//1680
f  1299//1680 1297//1680 1296//1680
f  1163//1681 1122//1681 1135//1681
f  1167//1682 1166//1682 1135//1682
f  1135//1683 1166//1683 1176//1683
f  1135//1683 1176//1683 1163//1683
f  1172//1684 1169//1684 1135//1684
f  1135//1684 1169//1684 1167//1684
f  1271//1685 731//1685 732//1685
f  1172//1684 1135//1684 1174//1684
f  1174//1684 1135//1684 1300//1684
f  1174//1684 1300//1684 1175//1684
f  1175//1684 1300//1684 1170//1684
f  1170//1684 1300//1684 1301//1684
f  1170//1686 1301//1686 732//1686
f  732//1684 1301//1684 1302//1684
f  732//1684 1302//1684 1303//1684
f  1303//1684 1304//1684 732//1684
f  732//1682 1304//1682 1305//1682
f  732//1687 1305//1687 1271//1687
f  1283//1688 1284//1688 1306//1688
f  1276//1689 1275//1689 1307//1689
f  1307//1690 1308//1690 1309//1690
f  1308//1691 1310//1691 1311//1691
f  1310//1692 1128//1692 1127//1692
f  1134//1693 1312//1693 1135//1693
f  1135//1694 1312//1694 1300//1694
f  1313//1695 1302//1695 1312//1695
f  1312//1696 1302//1696 1301//1696
f  1312//1697 1301//1697 1300//1697
f  1314//1698 1272//1698 1271//1698
f  1271//1699 1305//1699 1314//1699
f  1314//1700 1305//1700 1304//1700
f  1314//1701 1304//1701 1313//1701
f  1313//1702 1304//1702 1303//1702
f  1313//1703 1303//1703 1302//1703
f  1310//1692 1127//1692 1311//1692
f  1311//1704 1127//1704 1126//1704
f  1311//1705 1126//1705 1315//1705
f  1315//1706 1126//1706 1125//1706
f  1315//1707 1125//1707 1316//1707
f  1316//1708 1125//1708 1124//1708
f  1316//1708 1124//1708 1317//1708
f  1317//1709 1124//1709 1151//1709
f  1317//1709 1151//1709 1318//1709
f  1308//1691 1311//1691 1309//1691
f  1309//1710 1311//1710 1315//1710
f  1309//1710 1315//1710 1319//1710
f  1319//1711 1315//1711 1316//1711
f  1319//1711 1316//1711 1320//1711
f  1320//1712 1316//1712 1317//1712
f  1320//1712 1317//1712 1321//1712
f  1321//1713 1317//1713 1318//1713
f  1321//1714 1318//1714 1322//1714
f  1307//1690 1309//1690 1323//1690
f  1323//1715 1309//1715 1319//1715
f  1323//1715 1319//1715 1324//1715
f  1324//1716 1319//1716 1320//1716
f  1324//1716 1320//1716 1325//1716
f  1325//1717 1320//1717 1321//1717
f  1325//1717 1321//1717 1326//1717
f  1326//1718 1321//1718 1322//1718
f  1326//1718 1322//1718 1306//1718
f  1134//1719 1136//1719 1312//1719
f  1312//1719 1136//1719 1327//1719
f  1312//1720 1327//1720 1313//1720
f  1313//1720 1327//1720 1328//1720
f  1313//1721 1328//1721 1314//1721
f  1314//1722 1328//1722 1329//1722
f  1314//1723 1329//1723 1272//1723
f  1272//1724 1329//1724 1274//1724
f  1136//1725 1128//1725 1327//1725
f  1327//1725 1128//1725 1310//1725
f  1327//1726 1310//1726 1328//1726
f  1328//1726 1310//1726 1308//1726
f  1328//1727 1308//1727 1329//1727
f  1329//1727 1308//1727 1307//1727
f  1329//1728 1307//1728 1274//1728
f  1274//1729 1307//1729 1275//1729
f  1276//1730 1307//1730 1277//1730
f  1277//1731 1307//1731 1323//1731
f  1277//1732 1323//1732 1278//1732
f  1278//1733 1323//1733 1324//1733
f  1278//1734 1324//1734 1280//1734
f  1280//1735 1324//1735 1325//1735
f  1280//1735 1325//1735 1279//1735
f  1279//1736 1325//1736 1326//1736
f  1279//1737 1326//1737 1286//1737
f  1306//1738 1284//1738 1326//1738
f  1326//1739 1284//1739 1285//1739
f  1326//1740 1285//1740 1286//1740
f  1282//1741 1283//1741 1330//1741
f  1330//1742 1283//1742 1306//1742
f  1330//1743 1306//1743 1331//1743
f  1331//1744 1306//1744 1322//1744
f  1331//1745 1322//1745 1332//1745
f  1332//1745 1322//1745 1318//1745
f  1332//1746 1318//1746 1142//1746
f  1142//1746 1318//1746 1151//1746
f  1142//1747 1146//1747 1332//1747
f  1332//1747 1146//1747 1333//1747
f  1332//1748 1333//1748 1331//1748
f  1331//1748 1333//1748 1334//1748
f  1331//1749 1334//1749 1330//1749
f  1330//1750 1334//1750 1335//1750
f  1330//1751 1335//1751 1282//1751
f  1282//1751 1335//1751 1281//1751
f  1293//1752 1291//1752 1336//1752
f  1146//1753 1147//1753 1333//1753
f  1333//1754 1147//1754 1337//1754
f  1333//1755 1337//1755 1334//1755
f  1334//1755 1337//1755 1338//1755
f  1334//1756 1338//1756 1335//1756
f  1335//1756 1338//1756 1339//1756
f  1335//1757 1339//1757 1281//1757
f  1281//1757 1339//1757 1288//1757
f  1147//1758 1153//1758 1337//1758
f  1337//1759 1153//1759 1340//1759
f  1337//1760 1340//1760 1338//1760
f  1338//1760 1340//1760 1341//1760
f  1338//1761 1341//1761 1339//1761
f  1339//1761 1341//1761 1336//1761
f  1339//1762 1336//1762 1288//1762
f  1288//1762 1336//1762 1291//1762
f  1294//1763 1293//1763 1342//1763
f  1342//1764 1293//1764 1336//1764
f  1342//1765 1336//1765 1343//1765
f  1343//1765 1336//1765 1341//1765
f  1343//1766 1341//1766 1344//1766
f  1344//1766 1341//1766 1340//1766
f  1344//1767 1340//1767 1152//1767
f  1152//1767 1340//1767 1153//1767
f  1152//1768 1139//1768 1344//1768
f  1344//1768 1139//1768 1345//1768
f  1344//1769 1345//1769 1343//1769
f  1343//1769 1345//1769 1346//1769
f  1343//1770 1346//1770 1342//1770
f  1342//1770 1346//1770 1347//1770
f  1342//1771 1347//1771 1294//1771
f  1294//1771 1347//1771 1296//1771
f  1299//1772 1296//1772 1347//1772
f  1299//1773 1347//1773 1348//1773
f  1348//1774 1347//1774 1346//1774
f  1348//1775 1346//1775 1349//1775
f  1349//1776 1346//1776 1345//1776
f  1349//1777 1345//1777 1350//1777
f  1350//1778 1345//1778 1139//1778
f  1350//1779 1139//1779 1138//1779
f  1116//1780 673//1780 680//1780
f  1116//1781 680//1781 1157//1781
f  1157//1782 680//1782 678//1782
f  1157//1783 678//1783 1158//1783
f  1158//1784 678//1784 677//1784
f  1158//1785 677//1785 1159//1785
f  1159//1786 677//1786 684//1786
f  1159//1787 684//1787 1133//1787
f  804//1788 792//1788 1287//1788
f  806//1789 805//1789 1351//1789
f  1351//1790 805//1790 804//1790
f  814//1791 807//1791 1352//1791
f  1352//1792 807//1792 806//1792
f  771//1793 762//1793 814//1793
f  804//1794 1287//1794 1351//1794
f  1351//1795 1287//1795 1289//1795
f  1351//1795 1289//1795 1353//1795
f  1353//1796 1289//1796 1290//1796
f  1353//1796 1290//1796 1354//1796
f  1354//1797 1290//1797 1292//1797
f  1354//1797 1292//1797 1355//1797
f  1355//1798 1292//1798 1295//1798
f  1355//1798 1295//1798 1356//1798
f  1295//1799 1297//1799 1356//1799
f  1356//1799 1297//1799 1357//1799
f  1356//1800 1357//1800 1358//1800
f  806//1801 1351//1801 1352//1801
f  1352//1802 1351//1802 1353//1802
f  1352//1803 1353//1803 1359//1803
f  1359//1804 1353//1804 1354//1804
f  1359//1804 1354//1804 1360//1804
f  1360//1805 1354//1805 1355//1805
f  1360//1805 1355//1805 1361//1805
f  1361//1806 1355//1806 1356//1806
f  1361//1806 1356//1806 1362//1806
f  1362//1807 1356//1807 1358//1807
f  1362//1808 1358//1808 1363//1808
f  814//1809 1352//1809 771//1809
f  771//1810 1352//1810 1359//1810
f  771//1810 1359//1810 772//1810
f  772//1811 1359//1811 1360//1811
f  772//1812 1360//1812 773//1812
f  773//1813 1360//1813 1361//1813
f  773//1814 1361//1814 774//1814
f  774//1815 1361//1815 1362//1815
f  774//1815 1362//1815 775//1815
f  775//1816 1362//1816 1363//1816
f  775//1816 1363//1816 756//1816
f  1364//1817 1365//1817 1363//1817
f  1363//1818 1365//1818 1366//1818
f  1363//1819 1366//1819 756//1819
f  756//1820 1366//1820 1367//1820
f  756//1821 1367//1821 757//1821
f  1363//1822 1358//1822 1364//1822
f  1364//1823 1358//1823 1357//1823
f  1364//1824 1357//1824 1368//1824
f  1368//1825 1357//1825 1297//1825
f  1368//1826 1297//1826 1298//1826
f  1369//921 1370//921 834//921
f  1371//921 838//921 1370//921
f  1370//921 838//921 836//921
f  1370//921 836//921 834//921
f  834//921 832//921 1369//921
f  1369//921 832//921 830//921
f  1369//921 830//921 1372//921
f  1373//921 1374//921 822//921
f  822//921 820//921 1373//921
f  1373//921 820//921 818//921
f  1373//921 818//921 1371//921
f  1371//921 818//921 816//921
f  1371//921 816//921 838//921
f  830//921 828//921 1372//921
f  1372//921 828//921 826//921
f  1372//921 826//921 1374//921
f  1374//921 826//921 824//921
f  1374//921 824//921 822//921
f  1375//1827 1376//1827 1377//1827
f  1377//1828 1376//1828 1378//1828
f  755//1829 667//1829 1379//1829
f  356//1830 363//1830 752//1830
f  752//1831 755//1831 356//1831
f  356//1832 755//1832 1379//1832
f  356//1833 1379//1833 357//1833
f  357//1834 1379//1834 1380//1834
f  357//1835 1380//1835 358//1835
f  358//1836 1380//1836 1381//1836
f  358//1837 1381//1837 350//1837
f  1382//1838 354//1838 1383//1838
f  1383//1839 354//1839 353//1839
f  1383//1840 353//1840 1381//1840
f  1381//1841 353//1841 351//1841
f  1381//1842 351//1842 350//1842
f  1384//1843 1385//1843 924//1843
f  1382//1844 1384//1844 354//1844
f  354//1845 1384//1845 924//1845
f  354//1846 924//1846 355//1846
f  355//1847 924//1847 316//1847
f  920//1848 319//1848 927//1848
f  927//1849 319//1849 318//1849
f  927//1850 318//1850 924//1850
f  924//1851 318//1851 317//1851
f  924//1852 317//1852 316//1852
f  930//1853 143//1853 928//1853
f  928//1854 143//1854 56//1854
f  928//1855 56//1855 929//1855
f  56//1856 55//1856 929//1856
f  929//1857 55//1857 325//1857
f  929//1858 325//1858 931//1858
f  931//1859 325//1859 324//1859
f  931//1860 324//1860 932//1860
f  932//1861 324//1861 323//1861
f  932//1862 323//1862 933//1862
f  933//1863 323//1863 322//1863
f  933//1864 322//1864 919//1864
f  919//1865 322//1865 321//1865
f  919//1866 321//1866 920//1866
f  920//1867 321//1867 320//1867
f  920//1868 320//1868 319//1868
f  1273//1869 734//1869 733//1869
f  733//823 736//823 1273//823
f  1273//823 736//823 726//823
f  1273//823 726//823 728//823
f  699//1870 671//1870 670//1870
f  925//1870 924//1870 670//1870
f  670//1871 924//1871 1385//1871
f  699//1870 670//1870 1386//1870
f  1385//1870 1387//1870 670//1870
f  670//1870 1387//1870 1388//1870
f  670//1871 1388//1871 1389//1871
f  1389//1870 1390//1870 670//1870
f  670//1870 1390//1870 1391//1870
f  670//1872 1391//1872 1386//1872
f  1392//806 1393//806 668//806
f  1393//806 1394//806 668//806
f  668//1873 1394//1873 1395//1873
f  668//806 1395//806 1396//806
f  1396//1874 1397//1874 668//1874
f  668//1875 1397//1875 1398//1875
f  668//1876 1398//1876 1399//1876
f  676//806 675//806 668//806
f  668//806 675//806 704//806
f  668//806 704//806 1392//806
f  1399//1877 1400//1877 668//1877
f  668//1878 1400//1878 753//1878
f  668//1879 753//1879 667//1879
f  676//1880 668//1880 1401//1880
f  681//1881 674//1881 676//1881
f  676//1882 1401//1882 681//1882
f  681//1883 1401//1883 1402//1883
f  681//1884 1402//1884 679//1884
f  679//1885 1402//1885 682//1885
f  682//1886 1402//1886 1403//1886
f  682//1887 1403//1887 683//1887
f  683//1888 1403//1888 685//1888
f  685//1889 1403//1889 1129//1889
f  685//1890 1129//1890 686//1890
f  1130//1891 1129//1891 1403//1891
f  1130//1892 1403//1892 1404//1892
f  1404//1893 1403//1893 1402//1893
f  1404//1894 1402//1894 1405//1894
f  1405//1895 1402//1895 1406//1895
f  1406//1896 1402//1896 1401//1896
f  1406//1897 1401//1897 1407//1897
f  1407//1898 1401//1898 668//1898
f  1407//1899 668//1899 666//1899
f  666//1900 696//1900 1407//1900
f  1407//1901 696//1901 1408//1901
f  1407//1902 1408//1902 1406//1902
f  1406//1903 1408//1903 1405//1903
f  1405//1904 1408//1904 1409//1904
f  1405//1905 1409//1905 1404//1905
f  1404//1906 1409//1906 1131//1906
f  1404//1906 1131//1906 1130//1906
f  1154//1907 1131//1907 1409//1907
f  1410//1908 1411//1908 1409//1908
f  1409//1909 1411//1909 1412//1909
f  1409//1906 1412//1906 1154//1906
f  1409//1910 1408//1910 1410//1910
f  1410//1911 1408//1911 696//1911
f  1410//1912 696//1912 690//1912
f  1155//1906 1154//1906 1412//1906
f  1155//1913 1412//1913 1413//1913
f  1413//1914 1412//1914 1411//1914
f  1413//1915 1411//1915 1414//1915
f  1414//1916 1411//1916 1415//1916
f  1415//1917 1411//1917 1410//1917
f  1415//1918 1410//1918 1416//1918
f  1416//1919 1410//1919 1417//1919
f  1417//1920 1410//1920 690//1920
f  1417//1921 690//1921 688//1921
f  1418//1922 1375//1922 1419//1922
f  1418//1923 1419//1923 1420//1923
f  1420//1924 1419//1924 1421//1924
f  1420//1925 1421//1925 1422//1925
f  1422//1926 1421//1926 1423//1926
f  1422//1927 1423//1927 1424//1927
f  1423//1928 1425//1928 1424//1928
f  1424//1929 1425//1929 1426//1929
f  1424//1930 1426//1930 1427//1930
f  1427//1931 1426//1931 688//1931
f  1427//1932 688//1932 687//1932
f  1428//1933 1429//1933 1413//1933
f  1413//1934 1429//1934 1430//1934
f  1413//1935 1430//1935 1155//1935
f  1428//1936 1413//1936 1431//1936
f  1431//1937 1413//1937 1414//1937
f  1431//1938 1414//1938 1432//1938
f  1433//1939 1434//1939 1435//1939
f  1435//1940 1434//1940 1436//1940
f  1435//1941 1436//1941 1432//1941
f  1432//1942 1436//1942 1437//1942
f  1432//1943 1437//1943 1431//1943
f  1378//1944 1438//1944 1439//1944
f  1439//1945 1438//1945 1440//1945
f  1439//1946 1440//1946 1433//1946
f  1433//1947 1440//1947 1441//1947
f  1433//1948 1441//1948 1434//1948
f  1378//1949 1439//1949 1377//1949
f  1377//1950 1439//1950 1419//1950
f  1377//1951 1419//1951 1375//1951
f  688//1952 1426//1952 1435//1952
f  1435//1953 1426//1953 1425//1953
f  1435//1954 1425//1954 1433//1954
f  1433//1955 1425//1955 1423//1955
f  1433//1956 1423//1956 1439//1956
f  1439//1957 1423//1957 1421//1957
f  1439//1958 1421//1958 1419//1958
f  1414//1959 1415//1959 1432//1959
f  1432//1960 1415//1960 1416//1960
f  1432//1961 1416//1961 1435//1961
f  1435//1962 1416//1962 1417//1962
f  1435//1963 1417//1963 688//1963
f  1394//1964 1393//1964 1442//1964
f  1386//1965 1391//1965 1443//1965
f  1387//1966 1385//1966 1384//1966
f  1379//1967 667//1967 754//1967
f  1400//1968 1399//1968 1379//1968
f  1399//1969 1398//1969 1379//1969
f  1379//1970 1398//1970 1397//1970
f  1379//1971 1397//1971 1396//1971
f  1379//1972 754//1972 1400//1972
f  1400//1973 754//1973 753//1973
f  1390//1974 1389//1974 1444//1974
f  1444//1975 1389//1975 1388//1975
f  1444//1976 1388//1976 1387//1976
f  1393//1977 1392//1977 1442//1977
f  1442//1978 1392//1978 704//1978
f  1442//1979 704//1979 1445//1979
f  1446//1980 1395//1980 1394//1980
f  1387//1981 1384//1981 1444//1981
f  1444//1982 1384//1982 1382//1982
f  1444//1983 1382//1983 1447//1983
f  704//1984 703//1984 1445//1984
f  1445//1985 703//1985 702//1985
f  1445//1986 702//1986 1448//1986
f  1448//1987 702//1987 701//1987
f  1448//1988 701//1988 1449//1988
f  1449//1989 701//1989 700//1989
f  1449//1990 700//1990 1443//1990
f  1443//1991 700//1991 699//1991
f  1443//1992 699//1992 1386//1992
f  1382//1993 1383//1993 1447//1993
f  1447//1994 1383//1994 1381//1994
f  1447//1995 1381//1995 1450//1995
f  1450//1996 1381//1996 1380//1996
f  1450//1997 1380//1997 1451//1997
f  1451//1998 1380//1998 1379//1998
f  1451//1998 1379//1998 1446//1998
f  1446//1999 1379//1999 1396//1999
f  1446//2000 1396//2000 1395//2000
f  1394//2001 1442//2001 1446//2001
f  1446//2002 1442//2002 1445//2002
f  1446//2002 1445//2002 1451//2002
f  1451//2003 1445//2003 1448//2003
f  1451//2004 1448//2004 1450//2004
f  1450//2005 1448//2005 1449//2005
f  1450//2006 1449//2006 1447//2006
f  1447//2007 1449//2007 1443//2007
f  1447//2008 1443//2008 1444//2008
f  1444//2009 1443//2009 1391//2009
f  1444//2010 1391//2010 1390//2010
f  1424//2011 1427//2011 1452//2011
f  697//2012 1453//2012 698//2012
f  760//2013 1454//2013 693//2013
f  693//2014 1454//2014 694//2014
f  1453//2015 697//2015 1454//2015
f  1454//2016 697//2016 695//2016
f  1454//2017 695//2017 694//2017
f  698//2018 1453//2018 692//2018
f  692//2019 1453//2019 1452//2019
f  692//2020 1452//2020 691//2020
f  1427//2021 687//2021 1452//2021
f  1452//2022 687//2022 689//2022
f  1452//2023 689//2023 691//2023
f  760//2024 759//2024 1454//2024
f  1454//2025 759//2025 1455//2025
f  1454//2026 1455//2026 1453//2026
f  1453//2027 1455//2027 1456//2027
f  1453//2028 1456//2028 1452//2028
f  1422//2029 1424//2029 1457//2029
f  1457//2030 1424//2030 1452//2030
f  1457//2031 1452//2031 1458//2031
f  1458//2031 1452//2031 1456//2031
f  1458//2032 1456//2032 1459//2032
f  1459//2032 1456//2032 1455//2032
f  1459//2033 1455//2033 767//2033
f  767//2034 1455//2034 759//2034
f  767//2035 764//2035 1459//2035
f  1459//2036 764//2036 1460//2036
f  1459//2037 1460//2037 1458//2037
f  1458//2037 1460//2037 1461//2037
f  1458//2038 1461//2038 1457//2038
f  1457//2038 1461//2038 1462//2038
f  1457//2039 1462//2039 1422//2039
f  1422//2040 1462//2040 1420//2040
f  764//2041 758//2041 1460//2041
f  1460//2042 758//2042 1463//2042
f  1460//2043 1463//2043 1461//2043
f  1461//2043 1463//2043 1464//2043
f  1461//2044 1464//2044 1462//2044
f  1462//2044 1464//2044 1465//2044
f  1462//2045 1465//2045 1420//2045
f  1420//2046 1465//2046 1418//2046
f  1466//2047 1467//2047 1465//2047
f  1465//2048 1467//2048 1468//2048
f  1465//2049 1468//2049 1418//2049
f  757//2050 1469//2050 1470//2050
f  1466//2051 1465//2051 1471//2051
f  1471//2052 1465//2052 1464//2052
f  1471//2053 1464//2053 1472//2053
f  1472//2054 1464//2054 1463//2054
f  1472//2055 1463//2055 1470//2055
f  1470//2056 1463//2056 758//2056
f  1470//2057 758//2057 757//2057
f  1368//2058 1473//2058 1364//2058
f  1364//2059 1473//2059 1474//2059
f  1364//2060 1474//2060 1365//2060
f  1365//2061 1474//2061 1475//2061
f  1365//2062 1475//2062 1366//2062
f  1366//2063 1475//2063 1476//2063
f  1366//2064 1476//2064 1367//2064
f  1367//2065 1476//2065 1469//2065
f  1367//2066 1469//2066 757//2066
f  1298//2067 1477//2067 1368//2067
f  1368//2068 1477//2068 1478//2068
f  1368//2069 1478//2069 1473//2069
f  1479//2070 1299//2070 1348//2070
f  1350//2071 1480//2071 1481//2071
f  1350//2072 1481//2072 1349//2072
f  1349//2073 1481//2073 1482//2073
f  1349//2074 1482//2074 1348//2074
f  1348//2075 1482//2075 1483//2075
f  1348//2076 1483//2076 1479//2076
f  1480//2077 1350//2077 1484//2077
f  1484//2078 1350//2078 1138//2078
f  1484//2079 1138//2079 1485//2079
f  1485//2080 1138//2080 1486//2080
f  1486//2081 1138//2081 1137//2081
f  1378//2082 1376//2082 1487//2082
f  1378//2083 1487//2083 1488//2083
f  1487//2084 1489//2084 1488//2084
f  1488//2085 1489//2085 1490//2085
f  1488//2086 1490//2086 1491//2086
f  1137//2087 1492//2087 1486//2087
f  1486//2088 1492//2088 1493//2088
f  1486//2089 1493//2089 1494//2089
f  1494//2089 1493//2089 1495//2089
f  1494//2090 1495//2090 1496//2090
f  1496//2091 1495//2091 1491//2091
f  1496//2092 1491//2092 1497//2092
f  1497//2093 1491//2093 1490//2093
f  1493//2094 1492//2094 1498//2094
f  1428//2095 1431//2095 1499//2095
f  1499//2096 1431//2096 1437//2096
f  1499//2097 1437//2097 1500//2097
f  1500//2098 1437//2098 1436//2098
f  1500//2099 1436//2099 1501//2099
f  1501//2100 1436//2100 1434//2100
f  1501//2101 1434//2101 1502//2101
f  1502//2102 1434//2102 1441//2102
f  1502//2103 1441//2103 1503//2103
f  1503//2104 1441//2104 1440//2104
f  1503//2105 1440//2105 1504//2105
f  1504//2106 1440//2106 1438//2106
f  1504//2107 1438//2107 1505//2107
f  1438//2108 1378//2108 1505//2108
f  1505//2109 1378//2109 1488//2109
f  1505//2110 1488//2110 1491//2110
f  1430//2111 1506//2111 1507//2111
f  1507//2112 1506//2112 1499//2112
f  1507//2113 1499//2113 1508//2113
f  1508//2114 1499//2114 1500//2114
f  1508//2115 1500//2115 1509//2115
f  1509//2116 1500//2116 1501//2116
f  1509//2117 1501//2117 1510//2117
f  1510//2118 1501//2118 1502//2118
f  1510//2119 1502//2119 1511//2119
f  1511//2120 1502//2120 1503//2120
f  1511//2121 1503//2121 1512//2121
f  1512//2122 1503//2122 1504//2122
f  1512//2123 1504//2123 1513//2123
f  1513//2124 1504//2124 1505//2124
f  1513//2125 1505//2125 1514//2125
f  1514//2126 1505//2126 1491//2126
f  1514//2127 1491//2127 1495//2127
f  1155//2128 1430//2128 1156//2128
f  1156//2129 1430//2129 1507//2129
f  1156//2130 1507//2130 1515//2130
f  1515//2131 1507//2131 1508//2131
f  1515//2132 1508//2132 1516//2132
f  1516//2133 1508//2133 1509//2133
f  1516//2134 1509//2134 1517//2134
f  1517//2135 1509//2135 1510//2135
f  1517//2136 1510//2136 1518//2136
f  1518//2137 1510//2137 1511//2137
f  1518//2138 1511//2138 1519//2138
f  1519//2139 1511//2139 1512//2139
f  1519//2140 1512//2140 1520//2140
f  1520//2141 1512//2141 1513//2141
f  1520//2142 1513//2142 1521//2142
f  1521//2143 1513//2143 1514//2143
f  1521//2144 1514//2144 1498//2144
f  1498//2145 1514//2145 1495//2145
f  1498//2146 1495//2146 1493//2146
f  1156//2147 1515//2147 1150//2147
f  1150//2148 1515//2148 1516//2148
f  1150//2149 1516//2149 1148//2149
f  1148//2150 1516//2150 1517//2150
f  1148//2151 1517//2151 1149//2151
f  1149//2152 1517//2152 1518//2152
f  1149//2153 1518//2153 1140//2153
f  1140//2154 1518//2154 1519//2154
f  1140//2155 1519//2155 1141//2155
f  1141//2156 1519//2156 1520//2156
f  1141//2157 1520//2157 1143//2157
f  1143//2158 1520//2158 1521//2158
f  1143//2159 1521//2159 1144//2159
f  1144//2160 1521//2160 1498//2160
f  1144//2161 1498//2161 1145//2161
f  1145//2162 1498//2162 1492//2162
f  1145//2163 1492//2163 1137//2163
f  1428//2164 1499//2164 1429//2164
f  1429//2165 1499//2165 1506//2165
f  1429//2166 1506//2166 1430//2166
f  1522//2167 1523//2167 1524//2167
f  1524//2168 1523//2168 1525//2168
f  1526//2169 1527//2169 1528//2169
f  1529//806 1530//806 1531//806
f  1531//2170 1530//2170 1526//2170
f  1531//2169 1526//2169 1532//2169
f  1532//2169 1526//2169 1528//2169
f  1531//2171 1532//2171 1533//2171
f  1531//2172 1533//2172 1534//2172
f  1534//2173 1533//2173 1535//2173
f  1534//2174 1535//2174 1536//2174
f  1536//2175 1535//2175 1537//2175
f  1536//2176 1537//2176 1538//2176
f  1538//2177 1537//2177 1539//2177
f  1538//2178 1539//2178 1540//2178
f  1541//818 1542//818 1522//818
f  1543//818 1544//818 1545//818
f  1542//819 1546//819 1522//819
f  1522//818 1546//818 1547//818
f  1522//820 1547//820 1523//820
f  1545//2179 1548//2179 1543//2179
f  1543//819 1548//819 1549//819
f  1543//818 1549//818 1550//818
f  1522//818 1551//818 1541//818
f  1541//820 1551//820 1543//820
f  1541//818 1543//818 1552//818
f  1552//818 1543//818 1550//818
f  1553//921 1554//921 1530//921
f  1530//2180 1554//2180 1526//2180
f  1530//2181 1555//2181 1556//2181
f  1556//921 1557//921 1530//921
f  1530//921 1557//921 1558//921
f  1530//921 1558//921 1553//921
f  1559//2182 1560//2182 1561//2182
f  1562//2183 1563//2183 1564//2183
f  1562//2184 1564//2184 1565//2184
f  1566//2185 1567//2185 1568//2185
f  1568//2186 1569//2186 1566//2186
f  1566//2187 1569//2187 1570//2187
f  1566//2188 1570//2188 1571//2188
f  1567//2189 1559//2189 1568//2189
f  1568//2190 1559//2190 1561//2190
f  1568//2191 1561//2191 1572//2191
f  1572//2192 1561//2192 1573//2192
f  1572//2193 1573//2193 1574//2193
f  1575//2194 1576//2194 1577//2194
f  1577//2195 1576//2195 1578//2195
f  1577//2196 1578//2196 1564//2196
f  1564//2197 1578//2197 1572//2197
f  1564//2198 1572//2198 1565//2198
f  1565//2199 1572//2199 1574//2199
f  1579//2200 1580//2200 1575//2200
f  1575//2201 1580//2201 1581//2201
f  1575//2202 1581//2202 1576//2202
f  1575//2203 1582//2203 1579//2203
f  1579//2204 1582//2204 1583//2204
f  1579//2205 1583//2205 1584//2205
f  1584//2206 1583//2206 706//2206
f  1584//2207 706//2207 705//2207
f  1584//2208 705//2208 397//2208
f  1580//2209 507//2209 1581//2209
f  1581//2210 507//2210 505//2210
f  1581//2211 505//2211 503//2211
f  397//2212 516//2212 1584//2212
f  1584//2213 516//2213 515//2213
f  1584//2214 515//2214 1579//2214
f  1579//2215 515//2215 513//2215
f  1579//2216 513//2216 1580//2216
f  1580//2217 513//2217 510//2217
f  1580//2218 510//2218 507//2218
f  1578//2219 499//2219 1572//2219
f  1572//2220 499//2220 497//2220
f  1572//2221 497//2221 1568//2221
f  503//2222 501//2222 1581//2222
f  1581//2223 501//2223 499//2223
f  1581//2224 499//2224 1576//2224
f  1576//2225 499//2225 1578//2225
f  1585//2226 1571//2226 518//2226
f  521//2227 520//2227 1586//2227
f  1586//2228 520//2228 1587//2228
f  1588//2229 1589//2229 1590//2229
f  521//2230 1586//2230 522//2230
f  522//2231 1586//2231 1588//2231
f  522//2232 1588//2232 518//2232
f  518//2233 1588//2233 1590//2233
f  518//2234 1590//2234 1585//2234
f  497//2235 496//2235 1568//2235
f  1568//2236 496//2236 517//2236
f  1568//2237 517//2237 1569//2237
f  1569//2238 517//2238 518//2238
f  1569//2239 518//2239 1570//2239
f  1570//2240 518//2240 1571//2240
f  520//2241 519//2241 1587//2241
f  1587//2242 519//2242 526//2242
f  1587//886 526//886 1591//886
f  1591//2243 526//2243 1592//2243
f  524//2244 1593//2244 1594//2244
f  1592//2245 526//2245 1594//2245
f  1594//2246 526//2246 525//2246
f  1594//2247 525//2247 524//2247
f  533//2248 1595//2248 1596//2248
f  524//894 523//894 1593//894
f  1593//2249 523//2249 477//2249
f  1593//2250 477//2250 1597//2250
f  1597//2251 477//2251 479//2251
f  1597//2252 479//2252 1596//2252
f  1596//2253 479//2253 534//2253
f  1596//2254 534//2254 533//2254
f  533//2255 531//2255 1595//2255
f  1595//2256 531//2256 530//2256
f  1595//2257 530//2257 1598//2257
f  1598//2258 530//2258 529//2258
f  1598//2259 529//2259 1599//2259
f  1599//2260 529//2260 528//2260
f  1599//2261 528//2261 1600//2261
f  1601//2262 1602//2262 1525//2262
f  1603//2263 547//2263 1604//2263
f  1604//2264 547//2264 546//2264
f  1604//2265 546//2265 544//2265
f  528//2266 527//2266 1600//2266
f  1600//2267 527//2267 539//2267
f  1600//2268 539//2268 1605//2268
f  1605//2269 539//2269 537//2269
f  1605//2270 537//2270 1606//2270
f  1606//2271 537//2271 536//2271
f  1606//2272 536//2272 1607//2272
f  1607//2273 536//2273 547//2273
f  1607//2274 547//2274 1525//2274
f  1525//2275 547//2275 1603//2275
f  1608//823 1609//823 1610//823
f  1610//823 1609//823 1611//823
f  1523//1370 1607//1370 1525//1370
f  1596//823 1612//823 1597//823
f  1597//823 1612//823 1613//823
f  1597//823 1613//823 1593//823
f  1593//823 1613//823 1614//823
f  1593//823 1614//823 1594//823
f  1615//823 1616//823 1610//823
f  1610//823 1616//823 1617//823
f  1610//823 1617//823 1618//823
f  1618//823 1619//823 1610//823
f  1610//823 1619//823 1620//823
f  1610//823 1620//823 1608//823
f  1596//823 1595//823 1612//823
f  1612//823 1595//823 1598//823
f  1612//823 1598//823 1599//823
f  1599//823 1600//823 1612//823
f  1612//823 1600//823 1621//823
f  1612//823 1621//823 1622//823
f  1622//823 1621//823 1611//823
f  1622//823 1611//823 1623//823
f  1623//823 1611//823 1609//823
f  1600//823 1605//823 1621//823
f  1621//823 1605//823 1606//823
f  1621//823 1606//823 1624//823
f  1624//823 1606//823 1607//823
f  1624//823 1607//823 1625//823
f  1625//823 1607//823 1523//823
f  1625//823 1523//823 1547//823
f  1626//2276 1627//2276 1628//2276
f  1629//2277 1592//2277 1594//2277
f  1587//2278 1591//2278 1630//2278
f  1630//2279 1591//2279 1592//2279
f  1588//2280 1586//2280 1631//2280
f  1631//2281 1586//2281 1587//2281
f  1626//2276 1628//2276 1632//2276
f  1632//2282 1628//2282 1633//2282
f  1632//2283 1633//2283 1634//2283
f  1633//2284 1635//2284 1634//2284
f  1634//2285 1635//2285 1636//2285
f  1634//2285 1636//2285 1637//2285
f  1637//2286 1636//2286 1638//2286
f  1637//2286 1638//2286 1639//2286
f  1639//2287 1638//2287 1640//2287
f  1639//2288 1640//2288 1641//2288
f  1641//2289 1640//2289 1642//2289
f  1641//2290 1642//2290 1643//2290
f  1643//2291 1642//2291 1644//2291
f  1589//2292 1588//2292 1645//2292
f  1645//2293 1588//2293 1631//2293
f  1645//2294 1631//2294 1646//2294
f  1646//2295 1631//2295 1643//2295
f  1646//2295 1643//2295 1647//2295
f  1647//2296 1643//2296 1644//2296
f  1587//2297 1630//2297 1631//2297
f  1631//2298 1630//2298 1648//2298
f  1631//2299 1648//2299 1643//2299
f  1643//2300 1648//2300 1649//2300
f  1643//2300 1649//2300 1641//2300
f  1641//2301 1649//2301 1650//2301
f  1641//2301 1650//2301 1639//2301
f  1639//2302 1650//2302 1651//2302
f  1639//2302 1651//2302 1637//2302
f  1637//2303 1651//2303 1652//2303
f  1637//2304 1652//2304 1634//2304
f  1634//2305 1652//2305 1653//2305
f  1634//2305 1653//2305 1632//2305
f  1632//2306 1653//2306 1654//2306
f  1632//2306 1654//2306 1626//2306
f  1592//2307 1629//2307 1630//2307
f  1630//2308 1629//2308 1655//2308
f  1630//2308 1655//2308 1648//2308
f  1648//2309 1655//2309 1656//2309
f  1648//2309 1656//2309 1649//2309
f  1649//2310 1656//2310 1657//2310
f  1649//2310 1657//2310 1650//2310
f  1650//2311 1657//2311 1658//2311
f  1650//2311 1658//2311 1651//2311
f  1651//2312 1658//2312 1659//2312
f  1651//2312 1659//2312 1652//2312
f  1652//2313 1659//2313 1660//2313
f  1652//2313 1660//2313 1653//2313
f  1653//2314 1660//2314 1661//2314
f  1653//2314 1661//2314 1654//2314
f  1594//2315 1614//2315 1629//2315
f  1629//2316 1614//2316 1613//2316
f  1629//2316 1613//2316 1655//2316
f  1655//2317 1613//2317 1612//2317
f  1655//2317 1612//2317 1656//2317
f  1656//2318 1612//2318 1622//2318
f  1656//2318 1622//2318 1657//2318
f  1657//2319 1622//2319 1623//2319
f  1657//2319 1623//2319 1658//2319
f  1658//2320 1623//2320 1609//2320
f  1658//2321 1609//2321 1659//2321
f  1659//2322 1609//2322 1608//2322
f  1659//2322 1608//2322 1660//2322
f  1660//2323 1608//2323 1620//2323
f  1660//2323 1620//2323 1661//2323
f  1662//798 1663//798 1664//798
f  1664//798 1663//798 1665//798
f  1664//797 1665//797 1666//797
f  1666//797 1665//797 1667//797
f  1666//795 1667//795 1668//795
f  1668//795 1667//795 1669//795
f  1668//794 1669//794 1670//794
f  1670//794 1669//794 1671//794
f  1670//793 1671//793 1672//793
f  1672//793 1671//793 1673//793
f  1672//792 1673//792 1674//792
f  1674//791 1673//791 1675//791
f  1674//790 1675//790 1676//790
f  1676//790 1675//790 1677//790
f  1676//789 1677//789 1678//789
f  1678//789 1677//789 1679//789
f  1678//788 1679//788 1680//788
f  1680//788 1679//788 1681//788
f  1680//787 1681//787 1682//787
f  1682//787 1681//787 1683//787
f  1682//786 1683//786 1684//786
f  1684//786 1683//786 1685//786
f  1684//785 1685//785 1662//785
f  1662//785 1685//785 1663//785
f  1686//2324 1687//2324 1688//2324
f  1689//2325 1690//2325 1691//2325
f  1692//2326 1693//2326 1694//2326
f  1694//2327 1693//2327 1695//2327
f  1252//2328 1696//2328 1253//2328
f  1253//2329 1696//2329 1697//2329
f  1253//2330 1697//2330 1254//2330
f  1254//2331 1697//2331 1255//2331
f  1255//2332 1697//2332 1698//2332
f  1255//2333 1698//2333 1256//2333
f  1256//2334 1698//2334 1019//2334
f  1256//2335 1019//2335 1018//2335
f  1699//2336 1023//2336 1026//2336
f  1054//2337 1053//2337 1700//2337
f  1700//2338 1053//2338 1024//2338
f  1700//2339 1024//2339 1023//2339
f  1054//2340 1700//2340 1269//2340
f  1269//2341 1700//2341 1701//2341
f  1269//2342 1701//2342 1270//2342
f  1270//2343 1701//2343 1267//2343
f  1267//2344 1701//2344 1702//2344
f  1267//2345 1702//2345 1268//2345
f  1268//2346 1702//2346 1703//2346
f  1268//2347 1703//2347 1257//2347
f  1704//2348 1261//2348 1262//2348
f  1705//2349 1260//2349 1261//2349
f  1706//2350 1707//2350 1705//2350
f  1705//2351 1707//2351 1708//2351
f  1705//2352 1708//2352 1260//2352
f  1260//2353 1708//2353 1709//2353
f  1260//2354 1709//2354 1259//2354
f  1710//2355 1711//2355 1712//2355
f  1712//2356 1711//2356 1713//2356
f  1712//2357 1713//2357 1706//2357
f  1706//2358 1713//2358 1714//2358
f  1706//2359 1714//2359 1707//2359
f  1715//2360 1019//2360 1716//2360
f  1716//2361 1019//2361 1698//2361
f  1716//2362 1698//2362 1717//2362
f  1717//2363 1698//2363 1697//2363
f  1717//2364 1697//2364 1718//2364
f  1718//2365 1697//2365 1696//2365
f  1718//2366 1696//2366 1719//2366
f  1719//2367 1696//2367 1252//2367
f  1026//2368 1720//2368 1699//2368
f  1699//2369 1720//2369 1721//2369
f  1699//2370 1721//2370 1722//2370
f  1722//2371 1721//2371 1723//2371
f  1722//2372 1723//2372 1724//2372
f  1724//2373 1723//2373 1725//2373
f  1724//2374 1725//2374 1726//2374
f  1023//2375 1699//2375 1700//2375
f  1700//2376 1699//2376 1722//2376
f  1700//2377 1722//2377 1701//2377
f  1701//2378 1722//2378 1724//2378
f  1701//2379 1724//2379 1702//2379
f  1702//2380 1724//2380 1726//2380
f  1702//2381 1726//2381 1703//2381
f  1261//2382 1704//2382 1705//2382
f  1705//2383 1704//2383 1727//2383
f  1705//2384 1727//2384 1706//2384
f  1706//2385 1727//2385 1728//2385
f  1706//2386 1728//2386 1712//2386
f  1252//2387 1688//2387 1719//2387
f  1719//2388 1688//2388 1687//2388
f  1719//2389 1687//2389 1691//2389
f  1691//2390 1687//2390 1686//2390
f  1691//2391 1686//2391 1689//2391
f  1695//2392 1729//2392 1694//2392
f  1694//2393 1729//2393 1730//2393
f  1694//2394 1730//2394 1731//2394
f  1731//2395 1730//2395 1732//2395
f  1731//2396 1732//2396 1733//2396
f  1733//2397 1732//2397 1734//2397
f  1733//2398 1734//2398 1725//2398
f  1725//2399 1734//2399 1735//2399
f  1725//2400 1735//2400 1726//2400
f  1726//2401 1735//2401 1736//2401
f  1726//2402 1736//2402 1703//2402
f  1703//2403 1736//2403 1263//2403
f  1703//2404 1263//2404 1257//2404
f  1729//2405 1710//2405 1730//2405
f  1730//2406 1710//2406 1712//2406
f  1730//2407 1712//2407 1732//2407
f  1732//2408 1712//2408 1728//2408
f  1732//2409 1728//2409 1734//2409
f  1734//2410 1728//2410 1727//2410
f  1734//2411 1727//2411 1735//2411
f  1735//2412 1727//2412 1704//2412
f  1735//2413 1704//2413 1736//2413
f  1736//2414 1704//2414 1262//2414
f  1736//2415 1262//2415 1263//2415
f  1026//2416 1019//2416 1720//2416
f  1720//2417 1019//2417 1715//2417
f  1720//2418 1715//2418 1721//2418
f  1721//2419 1715//2419 1716//2419
f  1721//2420 1716//2420 1723//2420
f  1723//2421 1716//2421 1717//2421
f  1723//2422 1717//2422 1725//2422
f  1725//2423 1717//2423 1718//2423
f  1725//2424 1718//2424 1733//2424
f  1733//2425 1718//2425 1719//2425
f  1733//2426 1719//2426 1731//2426
f  1731//2427 1719//2427 1691//2427
f  1731//2428 1691//2428 1694//2428
f  1694//2429 1691//2429 1690//2429
f  1694//2430 1690//2430 1692//2430
f  433//998 859//998 591//998
f  591//998 859//998 1737//998
f  591//2431 1737//2431 592//2431
f  592//999 1737//999 1738//999
f  592//2432 1738//2432 578//2432
f  578//2433 1738//2433 1739//2433
f  578//2434 1739//2434 580//2434
f  580//2435 1739//2435 1740//2435
f  580//2436 1740//2436 582//2436
f  582//2437 1740//2437 1741//2437
f  205//2438 199//2438 1742//2438
f  1742//2439 199//2439 200//2439
f  1742//2440 200//2440 1743//2440
f  1743//2441 200//2441 564//2441
f  1743//2442 564//2442 1744//2442
f  1744//2442 564//2442 565//2442
f  1744//2443 565//2443 1745//2443
f  1745//2444 565//2444 568//2444
f  1745//2445 568//2445 1746//2445
f  1746//2446 568//2446 570//2446
f  1746//2447 570//2447 1747//2447
f  1747//2448 570//2448 572//2448
f  1747//2449 572//2449 1748//2449
f  1748//2450 572//2450 574//2450
f  1748//2451 574//2451 1749//2451
f  1749//2451 574//2451 576//2451
f  1749//2452 576//2452 1750//2452
f  1750//2453 576//2453 588//2453
f  1750//2454 588//2454 1751//2454
f  1751//2455 588//2455 586//2455
f  1751//2456 586//2456 1741//2456
f  1741//2457 586//2457 584//2457
f  1741//2458 584//2458 582//2458
f  1742//2459 1752//2459 205//2459
f  205//2460 1752//2460 1753//2460
f  205//2461 1753//2461 204//2461
f  204//2462 1753//2462 1754//2462
f  204//2463 1754//2463 202//2463
f  202//2464 1754//2464 1755//2464
f  202//2465 1755//2465 209//2465
f  1755//2466 1756//2466 209//2466
f  209//2467 1756//2467 1757//2467
f  209//2468 1757//2468 1758//2468
f  1758//2469 1759//2469 209//2469
f  209//2470 1759//2470 1760//2470
f  209//2471 1760//2471 210//2471
f  210//2472 1760//2472 1761//2472
f  210//2473 1761//2473 211//2473
f  1762//2474 1763//2474 1764//2474
f  1764//2475 1763//2475 1765//2475
f  1764//2476 1765//2476 1761//2476
f  1761//2477 1765//2477 1766//2477
f  1761//2477 1766//2477 211//2477
f  1767//2478 1768//2478 1769//2478
f  1265//2479 1266//2479 1770//2479
f  1713//2480 1711//2480 1771//2480
f  1771//2481 1711//2481 1710//2481
f  1772//2482 1773//2482 1695//2482
f  1695//2483 1773//2483 1774//2483
f  1695//2484 1774//2484 1729//2484
f  1729//2485 1774//2485 1775//2485
f  1729//2486 1775//2486 1776//2486
f  1772//2487 1777//2487 1773//2487
f  1773//2488 1777//2488 1778//2488
f  1773//2489 1778//2489 1779//2489
f  1779//2490 1778//2490 1780//2490
f  1765//2491 1781//2491 1782//2491
f  1782//2492 1781//2492 1783//2492
f  1782//2493 1783//2493 1778//2493
f  1778//2494 1783//2494 1784//2494
f  1778//2495 1784//2495 1780//2495
f  1785//2496 1786//2496 1787//2496
f  1787//2497 1786//2497 1762//2497
f  1762//2498 1786//2498 1788//2498
f  1762//2499 1788//2499 1763//2499
f  1788//2500 1789//2500 1763//2500
f  1763//2501 1789//2501 1790//2501
f  1763//2502 1790//2502 1765//2502
f  1765//2503 1790//2503 1791//2503
f  1765//2504 1791//2504 1781//2504
f  1792//2505 1793//2505 1794//2505
f  1794//2506 1793//2506 1795//2506
f  1794//2507 1795//2507 1787//2507
f  1787//2508 1795//2508 1796//2508
f  1787//2509 1796//2509 1785//2509
f  1258//2510 1259//2510 1709//2510
f  1258//2511 1709//2511 1266//2511
f  1266//2512 1709//2512 1708//2512
f  1266//2513 1708//2513 1770//2513
f  1770//2514 1708//2514 1707//2514
f  1770//2515 1707//2515 1714//2515
f  1797//2516 1798//2516 1799//2516
f  1799//2517 1798//2517 1800//2517
f  1797//2518 1801//2518 1798//2518
f  1798//2519 1801//2519 1802//2519
f  1798//2520 1802//2520 1803//2520
f  1804//2521 1805//2521 1806//2521
f  1804//2522 1806//2522 1807//2522
f  1807//2523 1806//2523 1808//2523
f  1807//2524 1808//2524 1809//2524
f  1809//2525 1808//2525 1810//2525
f  1809//2526 1810//2526 1811//2526
f  1812//2527 1813//2527 1814//2527
f  1811//2528 1815//2528 1809//2528
f  1809//2529 1815//2529 1800//2529
f  1809//2530 1800//2530 1816//2530
f  1816//2531 1800//2531 1798//2531
f  1816//2532 1798//2532 1814//2532
f  1814//2533 1798//2533 1803//2533
f  1814//2534 1803//2534 1812//2534
f  1776//2486 1817//2486 1729//2486
f  1729//2486 1817//2486 1818//2486
f  1729//2535 1818//2535 1710//2535
f  1710//2536 1818//2536 1769//2536
f  1710//2537 1769//2537 1771//2537
f  1771//2538 1769//2538 1768//2538
f  1771//2539 1768//2539 1812//2539
f  1812//2540 1768//2540 1767//2540
f  1812//2541 1767//2541 1813//2541
f  1802//2542 1264//2542 1803//2542
f  1803//2543 1264//2543 1265//2543
f  1803//2544 1265//2544 1812//2544
f  1812//2545 1265//2545 1770//2545
f  1812//2546 1770//2546 1771//2546
f  1771//2547 1770//2547 1714//2547
f  1771//2548 1714//2548 1713//2548
f  948//2549 706//2549 1583//2549
f  1819//2550 1820//2550 1821//2550
f  1738//2551 1737//2551 1822//2551
f  1822//2552 1737//2552 859//2552
f  1822//2553 859//2553 989//2553
f  1822//2554 1823//2554 1738//2554
f  1738//2555 1823//2555 1824//2555
f  1738//2556 1824//2556 1739//2556
f  1739//2557 1824//2557 1825//2557
f  1739//2558 1825//2558 1740//2558
f  1826//2559 1745//2559 1746//2559
f  1744//2560 1745//2560 1827//2560
f  1827//2561 1745//2561 1826//2561
f  1827//2562 1826//2562 1828//2562
f  1828//2563 1829//2563 1827//2563
f  1827//2564 1829//2564 1830//2564
f  1827//2565 1830//2565 1744//2565
f  1744//2566 1830//2566 1831//2566
f  1744//2567 1831//2567 1743//2567
f  1743//2568 1831//2568 1742//2568
f  1825//2569 1832//2569 1740//2569
f  1740//2570 1832//2570 1833//2570
f  1740//2571 1833//2571 1741//2571
f  1741//2572 1833//2572 1834//2572
f  1741//2573 1834//2573 1751//2573
f  1751//2574 1834//2574 1835//2574
f  1751//2575 1835//2575 1750//2575
f  1750//2576 1835//2576 1836//2576
f  1750//2577 1836//2577 1749//2577
f  1749//2578 1836//2578 1837//2578
f  1749//2579 1837//2579 1748//2579
f  1748//2580 1837//2580 1838//2580
f  1748//2581 1838//2581 1747//2581
f  1747//2582 1838//2582 1839//2582
f  1747//2583 1839//2583 1746//2583
f  1746//2584 1839//2584 1840//2584
f  1746//2585 1840//2585 1826//2585
f  1826//2586 1840//2586 1841//2586
f  1826//2587 1841//2587 1828//2587
f  1842//2588 1843//2588 1844//2588
f  1844//2589 1843//2589 1845//2589
f  1844//2590 1845//2590 1846//2590
f  1846//2591 1845//2591 1847//2591
f  1846//2592 1847//2592 1848//2592
f  1848//2593 1847//2593 1849//2593
f  1848//2594 1849//2594 1850//2594
f  1850//2595 1849//2595 1851//2595
f  1850//2596 1851//2596 1852//2596
f  1819//2597 1821//2597 1853//2597
f  1853//2598 1821//2598 1854//2598
f  1853//2599 1854//2599 1855//2599
f  1563//2600 1856//2600 1564//2600
f  1564//2601 1856//2601 1857//2601
f  1855//2602 1854//2602 1858//2602
f  1858//2603 1854//2603 1859//2603
f  1858//2604 1859//2604 1857//2604
f  1857//2605 1859//2605 1860//2605
f  1857//2606 1860//2606 1564//2606
f  1564//2607 1860//2607 1861//2607
f  1564//2608 1861//2608 1577//2608
f  1577//2609 1861//2609 1862//2609
f  1577//2610 1862//2610 1575//2610
f  1575//2611 1862//2611 1863//2611
f  1575//2612 1863//2612 1582//2612
f  1582//2613 1863//2613 1864//2613
f  1582//2614 1864//2614 1583//2614
f  1583//2615 1864//2615 955//2615
f  1583//2616 955//2616 948//2616
f  990//2617 955//2617 1865//2617
f  1865//2618 955//2618 1864//2618
f  1865//2619 1864//2619 1866//2619
f  1866//2620 1864//2620 1863//2620
f  1866//2621 1863//2621 1867//2621
f  1867//2622 1863//2622 1862//2622
f  1867//2623 1862//2623 1868//2623
f  1868//2624 1862//2624 1861//2624
f  1868//2625 1861//2625 1869//2625
f  1869//2626 1861//2626 1860//2626
f  1869//2627 1860//2627 1870//2627
f  1870//2628 1860//2628 1859//2628
f  1870//2629 1859//2629 1871//2629
f  1871//2630 1859//2630 1854//2630
f  1871//2631 1854//2631 1872//2631
f  1872//2632 1854//2632 1821//2632
f  1872//2633 1821//2633 1842//2633
f  1842//2634 1821//2634 1820//2634
f  1842//2635 1820//2635 1843//2635
f  1843//2636 1820//2636 1819//2636
f  989//2637 990//2637 1822//2637
f  1822//2638 990//2638 1865//2638
f  1822//2639 1865//2639 1823//2639
f  1823//2640 1865//2640 1866//2640
f  1823//2641 1866//2641 1824//2641
f  1824//2642 1866//2642 1867//2642
f  1824//2643 1867//2643 1825//2643
f  1825//2644 1867//2644 1868//2644
f  1825//2645 1868//2645 1832//2645
f  1832//2646 1868//2646 1869//2646
f  1832//2647 1869//2647 1833//2647
f  1833//2648 1869//2648 1870//2648
f  1833//2649 1870//2649 1834//2649
f  1834//2650 1870//2650 1871//2650
f  1834//2651 1871//2651 1835//2651
f  1835//2652 1871//2652 1872//2652
f  1835//2653 1872//2653 1836//2653
f  1836//2654 1872//2654 1842//2654
f  1836//2655 1842//2655 1837//2655
f  1837//2656 1842//2656 1844//2656
f  1837//2657 1844//2657 1838//2657
f  1838//2658 1844//2658 1846//2658
f  1838//2659 1846//2659 1839//2659
f  1839//2660 1846//2660 1848//2660
f  1839//2661 1848//2661 1840//2661
f  1840//2662 1848//2662 1850//2662
f  1840//2663 1850//2663 1841//2663
f  1841//2664 1850//2664 1852//2664
f  1754//2665 1753//2665 1873//2665
f  1873//2666 1753//2666 1752//2666
f  1873//2667 1752//2667 1874//2667
f  1874//2668 1752//2668 1742//2668
f  1874//2669 1742//2669 1875//2669
f  1875//2670 1742//2670 1876//2670
f  1876//2671 1742//2671 1831//2671
f  1876//2672 1831//2672 1877//2672
f  1877//2673 1831//2673 1830//2673
f  1877//2674 1830//2674 1829//2674
f  1878//798 1879//798 1880//798
f  1880//798 1879//798 1881//798
f  1880//797 1881//797 1882//797
f  1882//797 1881//797 1883//797
f  1882//795 1883//795 1884//795
f  1884//796 1883//796 1885//796
f  1884//794 1885//794 1886//794
f  1886//794 1885//794 1887//794
f  1886//793 1887//793 1888//793
f  1888//793 1887//793 1889//793
f  1888//792 1889//792 1890//792
f  1890//791 1889//791 1891//791
f  1890//790 1891//790 1892//790
f  1892//790 1891//790 1893//790
f  1892//789 1893//789 1894//789
f  1894//789 1893//789 1895//789
f  1894//799 1895//799 1896//799
f  1896//788 1895//788 1897//788
f  1896//787 1897//787 1898//787
f  1898//787 1897//787 1899//787
f  1898//786 1899//786 1900//786
f  1900//786 1899//786 1901//786
f  1900//785 1901//785 1878//785
f  1878//1334 1901//1334 1879//1334
f  1902//1365 1903//1365 1814//1365
f  1814//1365 1813//1365 1902//1365
f  1902//1365 1813//1365 1767//1365
f  1902//1365 1767//1365 1904//1365
f  1904//1365 1767//1365 1769//1365
f  1904//1365 1769//1365 1818//1365
f  1528//2675 1807//2675 1532//2675
f  1532//1365 1807//1365 1809//1365
f  1532//1365 1809//1365 1903//1365
f  1903//1365 1809//1365 1816//1365
f  1903//1365 1816//1365 1814//1365
f  1905//1335 1906//1335 1907//1335
f  1907//1335 1906//1335 1908//1335
f  1908//1335 1909//1335 1907//1335
f  1907//1335 1909//1335 1910//1335
f  1907//1335 1910//1335 1911//1335
f  1910//1335 1912//1335 1911//1335
f  1911//1335 1912//1335 1913//1335
f  1911//1335 1913//1335 1914//1335
f  1914//1335 1913//1335 1915//1335
f  1914//1335 1915//1335 1916//1335
f  1784//2676 1783//2676 1917//2676
f  1918//2677 1905//2677 1907//2677
f  1792//2678 1918//2678 1907//2678
f  1792//2679 1907//2679 1793//2679
f  1793//2680 1907//2680 1919//2680
f  1793//2681 1919//2681 1795//2681
f  1795//2682 1919//2682 1796//2682
f  1796//2683 1919//2683 1785//2683
f  1785//2684 1919//2684 1920//2684
f  1785//2685 1920//2685 1786//2685
f  1786//2686 1920//2686 1788//2686
f  1788//2687 1920//2687 1921//2687
f  1788//2688 1921//2688 1789//2688
f  1783//2689 1781//2689 1917//2689
f  1917//2690 1781//2690 1791//2690
f  1917//2691 1791//2691 1921//2691
f  1921//1351 1791//1351 1790//1351
f  1921//1354 1790//1354 1789//1354
f  1784//2692 1917//2692 1780//2692
f  1780//2693 1917//2693 1922//2693
f  1780//2694 1922//2694 1779//2694
f  1923//2695 1774//2695 1922//2695
f  1922//2696 1774//2696 1773//2696
f  1922//1343 1773//1343 1779//1343
f  1904//2697 1818//2697 1923//2697
f  1923//2698 1818//2698 1817//2698
f  1817//2699 1776//2699 1923//2699
f  1923//2700 1776//2700 1775//2700
f  1923//1336 1775//1336 1774//1336
f  1907//921 1880//921 1919//921
f  1919//921 1880//921 1882//921
f  1911//921 1902//921 1896//921
f  1904//921 1923//921 1888//921
f  1888//921 1923//921 1922//921
f  1888//921 1922//921 1886//921
f  1886//921 1922//921 1917//921
f  1886//921 1917//921 1884//921
f  1884//921 1917//921 1921//921
f  1884//921 1921//921 1882//921
f  1882//921 1921//921 1920//921
f  1882//921 1920//921 1919//921
f  1896//921 1898//921 1911//921
f  1911//921 1898//921 1900//921
f  1911//921 1900//921 1907//921
f  1907//921 1900//921 1878//921
f  1907//921 1878//921 1880//921
f  1888//921 1890//921 1904//921
f  1904//921 1890//921 1892//921
f  1904//921 1892//921 1902//921
f  1902//921 1892//921 1894//921
f  1902//921 1894//921 1896//921
f  1762//2701 1764//2701 1787//2701
f  1787//2702 1764//2702 1924//2702
f  1787//1366 1924//1366 1794//1366
f  1794//2703 1924//2703 1792//2703
f  1539//921 1925//921 649//921
f  1926//921 1684//921 1927//921
f  1927//921 1684//921 1662//921
f  1927//921 1662//921 1928//921
f  1916//921 1666//921 1914//921
f  1914//921 1666//921 1668//921
f  1914//921 1668//921 1925//921
f  1925//921 1668//921 1670//921
f  1925//921 1670//921 1672//921
f  1929//921 1930//921 1931//921
f  1539//921 649//921 1540//921
f  1932//921 1933//921 1934//921
f  1935//921 1936//921 663//921
f  663//921 1936//921 1937//921
f  663//921 1937//921 661//921
f  1916//921 1938//921 1666//921
f  1666//921 1938//921 1939//921
f  1666//921 1939//921 1664//921
f  1664//921 1939//921 1940//921
f  1664//921 1940//921 1662//921
f  1662//921 1940//921 1941//921
f  1662//921 1941//921 1928//921
f  1942//921 1931//921 1932//921
f  1932//921 1931//921 1943//921
f  1932//921 1943//921 1933//921
f  1937//921 1944//921 661//921
f  661//921 1944//921 1945//921
f  661//921 1945//921 659//921
f  659//921 1945//921 1946//921
f  659//921 1946//921 1932//921
f  1926//921 1947//921 1684//921
f  1684//921 1947//921 1948//921
f  1684//921 1948//921 1682//921
f  1682//921 1948//921 1949//921
f  1682//921 1949//921 1680//921
f  1680//921 1949//921 1935//921
f  1680//921 1935//921 1678//921
f  1678//921 1935//921 663//921
f  1678//921 663//921 1676//921
f  1676//921 663//921 641//921
f  1676//921 641//921 1674//921
f  1674//921 641//921 643//921
f  1674//921 643//921 1672//921
f  1672//921 643//921 645//921
f  1672//921 645//921 1925//921
f  1925//921 645//921 647//921
f  1925//921 647//921 649//921
f  649//921 651//921 1540//921
f  1540//921 651//921 653//921
f  1540//921 653//921 1950//921
f  1950//921 653//921 655//921
f  1950//2704 655//2704 1951//2704
f  1951//921 655//921 657//921
f  1951//921 657//921 1952//921
f  1952//921 657//921 1953//921
f  657//921 659//921 1954//921
f  1954//921 659//921 1932//921
f  1954//921 1932//921 1955//921
f  1955//921 1932//921 1934//921
f  1954//2705 1956//2705 657//2705
f  657//921 1956//921 1957//921
f  657//921 1957//921 1958//921
f  1942//921 1959//921 1931//921
f  1931//921 1959//921 1960//921
f  1931//921 1960//921 1961//921
f  1961//921 1962//921 1931//921
f  1931//921 1962//921 1963//921
f  1931//921 1963//921 1929//921
f  1958//2706 1964//2706 657//2706
f  657//2707 1964//2707 1965//2707
f  657//2708 1965//2708 1953//2708
f  1966//1373 1967//1373 1902//1373
f  1902//1373 1967//1373 1968//1373
f  1902//1373 1968//1373 1903//1373
f  1911//1373 1914//1373 1902//1373
f  1902//1373 1914//1373 1925//1373
f  1902//1373 1925//1373 1966//1373
f  1527//2709 1805//2709 1528//2709
f  1528//2710 1805//2710 1804//2710
f  1528//2711 1804//2711 1807//2711
f  1969//2712 1970//2712 1971//2712
f  1972//2713 1973//2713 1974//2713
f  1974//2714 1973//2714 1975//2714
f  1974//2715 1975//2715 1976//2715
f  1970//2716 1969//2716 1977//2716
f  1978//2717 1979//2717 1980//2717
f  1560//2718 1981//2718 1561//2718
f  1561//2719 1981//2719 1979//2719
f  1561//2720 1979//2720 1573//2720
f  1969//2721 1972//2721 1977//2721
f  1977//2722 1972//2722 1974//2722
f  1977//2723 1974//2723 1982//2723
f  1982//2724 1974//2724 1976//2724
f  1982//2725 1983//2725 1977//2725
f  1977//2726 1983//2726 1984//2726
f  1977//2727 1984//2727 1970//2727
f  1970//2728 1984//2728 1985//2728
f  1970//2729 1985//2729 1971//2729
f  1971//2730 1985//2730 1986//2730
f  1971//2731 1986//2731 1978//2731
f  1971//2732 1978//2732 1987//2732
f  1987//2733 1978//2733 1980//2733
f  1979//2734 1978//2734 1573//2734
f  1573//2735 1978//2735 1986//2735
f  1573//2736 1986//2736 1574//2736
f  1574//2737 1986//2737 1985//2737
f  1574//2738 1985//2738 1565//2738
f  1565//2739 1985//2739 1984//2739
f  1565//2740 1984//2740 1562//2740
f  1562//2741 1984//2741 1983//2741
f  1562//2742 1983//2742 1563//2742
f  1975//2743 1926//2743 1976//2743
f  1976//2744 1926//2744 1988//2744
f  1976//2745 1988//2745 1982//2745
f  1982//2746 1988//2746 1989//2746
f  1982//2747 1989//2747 1983//2747
f  1983//2748 1989//2748 1856//2748
f  1983//2749 1856//2749 1563//2749
f  1941//2750 1990//2750 1928//2750
f  1928//2751 1990//2751 1988//2751
f  1928//2752 1988//2752 1927//2752
f  1927//2753 1988//2753 1926//2753
f  1990//2754 1991//2754 1988//2754
f  1988//2755 1991//2755 1992//2755
f  1988//2756 1992//2756 1989//2756
f  1989//2757 1992//2757 1993//2757
f  1857//2758 1856//2758 1994//2758
f  1994//2759 1856//2759 1989//2759
f  1994//2760 1989//2760 1995//2760
f  1995//2761 1989//2761 1993//2761
f  1996//2762 1997//2762 1998//2762
f  1999//2763 2000//2763 2001//2763
f  2002//2764 1999//2764 2003//2764
f  2004//2765 2002//2765 2005//2765
f  2005//2766 2002//2766 2003//2766
f  2005//2767 2003//2767 2006//2767
f  2007//2768 1997//2768 2008//2768
f  2008//2769 1997//2769 1996//2769
f  2008//2770 1996//2770 2001//2770
f  1916//2771 2004//2771 2009//2771
f  2009//2772 2004//2772 2005//2772
f  2009//2773 2005//2773 2010//2773
f  2010//2774 2005//2774 2006//2774
f  2010//2775 2006//2775 2011//2775
f  1857//2776 2007//2776 1858//2776
f  1858//2777 2007//2777 2008//2777
f  1858//2778 2008//2778 1855//2778
f  1855//2779 2008//2779 2001//2779
f  1855//2780 2001//2780 1853//2780
f  1853//2781 2001//2781 2000//2781
f  1853//2782 2000//2782 1819//2782
f  1857//2783 1994//2783 2007//2783
f  2007//2784 1994//2784 1995//2784
f  2007//2785 1995//2785 1997//2785
f  1997//2786 1995//2786 1993//2786
f  1997//2787 1993//2787 1998//2787
f  1998//2788 1993//2788 1992//2788
f  1998//2789 1992//2789 1991//2789
f  1999//2790 2001//2790 2003//2790
f  2003//2791 2001//2791 1996//2791
f  2003//2792 1996//2792 2006//2792
f  2006//2793 1996//2793 1998//2793
f  2006//2794 1998//2794 2011//2794
f  2011//2795 1998//2795 1991//2795
f  2011//2796 1991//2796 1990//2796
f  1916//2797 2009//2797 1938//2797
f  1938//2798 2009//2798 2010//2798
f  1938//2799 2010//2799 1939//2799
f  1939//2800 2010//2800 2011//2800
f  1939//2801 2011//2801 1940//2801
f  1940//2802 2011//2802 1990//2802
f  1940//2803 1990//2803 1941//2803
f  1851//2804 1849//2804 2012//2804
f  2012//2805 1849//2805 1847//2805
f  2013//2806 1847//2806 1845//2806
f  2014//2807 1845//2807 1843//2807
f  2015//2808 2016//2808 1829//2808
f  2016//2809 2015//2809 2017//2809
f  2017//2810 2015//2810 2018//2810
f  2017//2811 2018//2811 2019//2811
f  2019//2812 2018//2812 2020//2812
f  2019//2813 2020//2813 2021//2813
f  2021//2814 2020//2814 2022//2814
f  2021//2815 2022//2815 2023//2815
f  1843//2816 1819//2816 2024//2816
f  2024//2817 1819//2817 2000//2817
f  2024//2818 2000//2818 2025//2818
f  2025//2819 2000//2819 1999//2819
f  2025//2820 1999//2820 2026//2820
f  2026//2821 1999//2821 2002//2821
f  2026//2822 2002//2822 2027//2822
f  2027//2823 2002//2823 2004//2823
f  1913//2824 2027//2824 1915//2824
f  1915//2825 2027//2825 2004//2825
f  1915//2826 2004//2826 1916//2826
f  1843//2827 2024//2827 2014//2827
f  2014//2828 2024//2828 2025//2828
f  2014//2829 2025//2829 2028//2829
f  2028//2830 2025//2830 2026//2830
f  2028//2831 2026//2831 2029//2831
f  2029//2832 2026//2832 2027//2832
f  2029//2833 2027//2833 2030//2833
f  2030//2834 2027//2834 1913//2834
f  2030//2835 1913//2835 1912//2835
f  1845//2836 2014//2836 2013//2836
f  2013//2837 2014//2837 2028//2837
f  2013//2838 2028//2838 2031//2838
f  2031//2839 2028//2839 2029//2839
f  2031//2840 2029//2840 2032//2840
f  2032//2841 2029//2841 2030//2841
f  2032//2842 2030//2842 2033//2842
f  2033//2843 2030//2843 1912//2843
f  2033//2844 1912//2844 1910//2844
f  1847//2845 2013//2845 2012//2845
f  2012//2846 2013//2846 2031//2846
f  2012//2847 2031//2847 2034//2847
f  2034//2848 2031//2848 2032//2848
f  2034//2849 2032//2849 2035//2849
f  2035//2850 2032//2850 2033//2850
f  2035//2851 2033//2851 2036//2851
f  2036//2852 2033//2852 1910//2852
f  2036//2853 1910//2853 1909//2853
f  1829//2854 1828//2854 2015//2854
f  2015//2855 1828//2855 1841//2855
f  2015//2856 1841//2856 1852//2856
f  1908//2857 2023//2857 1909//2857
f  1909//2858 2023//2858 2022//2858
f  1909//2859 2022//2859 2036//2859
f  2036//2860 2022//2860 2020//2860
f  2036//2861 2020//2861 2035//2861
f  2035//2862 2020//2862 2018//2862
f  2035//2863 2018//2863 2034//2863
f  2034//2864 2018//2864 2015//2864
f  2034//2865 2015//2865 2012//2865
f  2012//2866 2015//2866 1852//2866
f  2012//2867 1852//2867 1851//2867
f  1829//2868 2016//2868 1877//2868
f  1877//2869 2016//2869 2037//2869
f  1908//2870 1906//2870 2023//2870
f  2023//2871 1906//2871 2038//2871
f  2016//2872 2017//2872 2037//2872
f  2037//2873 2017//2873 2019//2873
f  2037//2874 2019//2874 2038//2874
f  2038//2875 2019//2875 2021//2875
f  2038//2876 2021//2876 2023//2876
f  1876//2877 1877//2877 2039//2877
f  2039//2878 1877//2878 2037//2878
f  2039//2879 2037//2879 2040//2879
f  2040//2880 2037//2880 2038//2880
f  2040//2881 2038//2881 1905//2881
f  1905//2882 2038//2882 1906//2882
f  1875//2883 1876//2883 2041//2883
f  2041//2884 1876//2884 2039//2884
f  2041//2885 2039//2885 2042//2885
f  2042//2886 2039//2886 2040//2886
f  2042//2887 2040//2887 1918//2887
f  1918//2888 2040//2888 1905//2888
f  1874//2889 1875//2889 2043//2889
f  2043//2890 1875//2890 2041//2890
f  2043//2891 2041//2891 2044//2891
f  2044//2892 2041//2892 2042//2892
f  2044//2893 2042//2893 1792//2893
f  1792//2894 2042//2894 1918//2894
f  1754//2895 1873//2895 1755//2895
f  1755//2896 1873//2896 2045//2896
f  1755//2897 2045//2897 1756//2897
f  1756//2898 2045//2898 1757//2898
f  1757//2899 2045//2899 2046//2899
f  1757//2900 2046//2900 1758//2900
f  1764//2901 1761//2901 1924//2901
f  1924//2902 1761//2902 1760//2902
f  1924//2903 1760//2903 2046//2903
f  2046//2904 1760//2904 1759//2904
f  2046//2905 1759//2905 1758//2905
f  1792//2906 1924//2906 2044//2906
f  2044//2907 1924//2907 2046//2907
f  2044//2908 2046//2908 2043//2908
f  2043//2909 2046//2909 2045//2909
f  2043//2910 2045//2910 1874//2910
f  1874//2911 2045//2911 1873//2911
f  2047//823 2048//823 1891//823
f  2049//823 1895//823 2048//823
f  2048//823 1895//823 1893//823
f  2048//823 1893//823 1891//823
f  2050//823 1899//823 2049//823
f  2049//823 1899//823 1897//823
f  2049//823 1897//823 1895//823
f  2051//823 1879//823 2050//823
f  2050//823 1879//823 1901//823
f  2050//823 1901//823 1899//823
f  1891//823 1889//823 2047//823
f  2047//823 1889//823 1887//823
f  2047//823 1887//823 2052//823
f  1887//823 1885//823 2052//823
f  2052//823 1885//823 1883//823
f  2052//823 1883//823 2051//823
f  2051//823 1883//823 1881//823
f  2051//823 1881//823 1879//823
f  1688//2704 1252//2704 16//2704
f  16//2912 15//2912 1688//2912
f  1688//2913 15//2913 2053//2913
f  1688//921 2053//921 1686//921
f  1802//2914 128//2914 1264//2914
f  128//2915 1802//2915 129//2915
f  2054//2916 2055//2916 1559//2916
f  1627//2917 2056//2917 1628//2917
f  1628//2918 2056//2918 2057//2918
f  1628//2919 2057//2919 1633//2919
f  1633//2920 2057//2920 2058//2920
f  1633//2921 2058//2921 1635//2921
f  1635//2922 2058//2922 2059//2922
f  1635//2923 2059//2923 1636//2923
f  1559//2924 1567//2924 2054//2924
f  2054//2925 1567//2925 1566//2925
f  2054//2926 1566//2926 2060//2926
f  2060//2927 1566//2927 2061//2927
f  2060//2928 2061//2928 2062//2928
f  2059//2929 2063//2929 1636//2929
f  1636//2930 2063//2930 2064//2930
f  1636//2931 2064//2931 1638//2931
f  1638//2932 2064//2932 2065//2932
f  1638//2933 2065//2933 1640//2933
f  1640//2934 2065//2934 2066//2934
f  1640//2935 2066//2935 1642//2935
f  1642//2936 2066//2936 2067//2936
f  1642//2937 2067//2937 1644//2937
f  1644//2938 2067//2938 2068//2938
f  1644//1656 2068//1656 1647//1656
f  1647//2939 2068//2939 2069//2939
f  1647//2940 2069//2940 1646//2940
f  1646//2941 2069//2941 2070//2941
f  1646//1648 2070//1648 1645//1648
f  1645//1647 2070//1647 2062//1647
f  1645//2942 2062//2942 1589//2942
f  1589//2943 2062//2943 2061//2943
f  2056//1670 1627//1670 2071//1670
f  2071//1671 1627//1671 2072//1671
f  2071//2944 2072//2944 2073//2944
f  2073//2945 2072//2945 2074//2945
f  2073//2946 2074//2946 2075//2946
f  2075//2946 2074//2946 2076//2946
f  2075//1675 2076//1675 2077//1675
f  2077//2947 2076//2947 2078//2947
f  2077//1677 2078//1677 2079//1677
f  2079//1678 2078//1678 2080//1678
f  2079//1679 2080//1679 2081//1679
f  2080//1680 2082//1680 2081//1680
f  2081//1680 2082//1680 2083//1680
f  1947//2948 1926//2948 1975//2948
f  1975//1684 1973//1684 1947//1684
f  1947//1684 1973//1684 1972//1684
f  1947//2949 1972//2949 1969//2949
f  1971//2950 1987//2950 1980//2950
f  1969//1684 1971//1684 1947//1684
f  1947//1684 1971//1684 2084//1684
f  2084//1684 1971//1684 1980//1684
f  2085//1684 2086//1684 1560//1684
f  1560//1684 2086//1684 2087//1684
f  1560//2951 2087//2951 1981//2951
f  1981//1684 2087//1684 2084//1684
f  1981//1684 2084//1684 1979//1684
f  1979//1684 2084//1684 1980//1684
f  2088//2952 2085//2952 2089//2952
f  2089//1684 2085//1684 1560//1684
f  2089//1683 1560//1683 2055//1683
f  2055//2953 1560//2953 1559//2953
f  2066//2954 2065//2954 2090//2954
f  2063//2955 2059//2955 2091//2955
f  2058//2956 2057//2956 2092//2956
f  2093//2957 1935//2957 1949//2957
f  1942//2958 1932//2958 2094//2958
f  2089//2959 2055//2959 2054//2959
f  2095//2960 2088//2960 2089//2960
f  2096//2961 2086//2961 2085//2961
f  2097//2962 2084//2962 2087//2962
f  1948//2963 1947//2963 2084//2963
f  1936//2964 1935//2964 2098//2964
f  2098//2964 1935//2964 2093//2964
f  2098//2965 2093//2965 2099//2965
f  2084//2966 2097//2966 1948//2966
f  1948//2967 2097//2967 2100//2967
f  1948//2967 2100//2967 1949//2967
f  1937//2968 1936//2968 2101//2968
f  2101//2969 1936//2969 2098//2969
f  2101//2970 2098//2970 2102//2970
f  2102//2970 2098//2970 2099//2970
f  2102//2971 2099//2971 2103//2971
f  2104//2972 2100//2972 2105//2972
f  2105//2973 2100//2973 2097//2973
f  2105//2974 2097//2974 2096//2974
f  2096//2975 2097//2975 2087//2975
f  2096//2976 2087//2976 2086//2976
f  2106//2977 2104//2977 2107//2977
f  2107//2978 2104//2978 2105//2978
f  2107//2978 2105//2978 2108//2978
f  2108//2979 2105//2979 2096//2979
f  2108//2979 2096//2979 2095//2979
f  2095//2980 2096//2980 2085//2980
f  2095//2981 2085//2981 2088//2981
f  1942//2982 2094//2982 2109//2982
f  2109//2983 2094//2983 2110//2983
f  2109//2984 2110//2984 2111//2984
f  2111//2985 2110//2985 2092//2985
f  2111//2986 2092//2986 2112//2986
f  2112//2987 2092//2987 2057//2987
f  2112//2988 2057//2988 2056//2988
f  1932//2989 1946//2989 2094//2989
f  2094//2989 1946//2989 2113//2989
f  2094//2990 2113//2990 2110//2990
f  2110//2990 2113//2990 2114//2990
f  2110//2991 2114//2991 2092//2991
f  2092//2991 2114//2991 2091//2991
f  2092//2992 2091//2992 2058//2992
f  2058//2993 2091//2993 2059//2993
f  2064//2994 2063//2994 2115//2994
f  2115//2995 2063//2995 2091//2995
f  2115//2996 2091//2996 2116//2996
f  2116//2996 2091//2996 2114//2996
f  2116//2997 2114//2997 2117//2997
f  2117//2997 2114//2997 2113//2997
f  2117//2998 2113//2998 1945//2998
f  1945//2998 2113//2998 1946//2998
f  1945//2999 1944//2999 2117//2999
f  2117//2999 1944//2999 2118//2999
f  2117//3000 2118//3000 2116//3000
f  2116//3000 2118//3000 2119//3000
f  2116//3001 2119//3001 2115//3001
f  2115//3001 2119//3001 2090//3001
f  2115//3002 2090//3002 2064//3002
f  2064//3003 2090//3003 2065//3003
f  2067//3004 2066//3004 2103//3004
f  2103//3005 2066//3005 2090//3005
f  2103//3006 2090//3006 2102//3006
f  2102//3006 2090//3006 2119//3006
f  2102//3007 2119//3007 2101//3007
f  2101//3007 2119//3007 2118//3007
f  2101//3008 2118//3008 1937//3008
f  1937//3009 2118//3009 1944//3009
f  1949//2957 2100//2957 2093//2957
f  2093//2972 2100//2972 2104//2972
f  2093//3010 2104//3010 2099//3010
f  2099//2977 2104//2977 2106//2977
f  2099//2971 2106//2971 2103//2971
f  2103//3011 2106//3011 2068//3011
f  2103//3012 2068//3012 2067//3012
f  2089//3013 2054//3013 2095//3013
f  2095//3014 2054//3014 2060//3014
f  2095//3014 2060//3014 2108//3014
f  2108//3015 2060//3015 2062//3015
f  2108//3015 2062//3015 2107//3015
f  2107//3016 2062//3016 2070//3016
f  2107//3017 2070//3017 2106//3017
f  2106//3018 2070//3018 2069//3018
f  2106//3019 2069//3019 2068//3019
f  2120//1808 2121//1808 2122//1808
f  2121//1816 1929//1816 1963//1816
f  2081//1799 2123//1799 2124//1799
f  2124//1800 2123//1800 2120//1800
f  2121//1816 1963//1816 2122//1816
f  2122//1815 1963//1815 1962//1815
f  2122//1815 1962//1815 2125//1815
f  2125//1813 1962//1813 1961//1813
f  2125//1814 1961//1814 2126//1814
f  2126//1811 1961//1811 1960//1811
f  2126//1812 1960//1812 2127//1812
f  2127//1810 1960//1810 1959//1810
f  2127//1810 1959//1810 2128//1810
f  1959//3020 1942//3020 2128//3020
f  2128//3020 1942//3020 2109//3020
f  2128//1792 2109//1792 2111//1792
f  2120//3021 2122//3021 2124//3021
f  2124//1806 2122//1806 2125//1806
f  2124//1806 2125//1806 2129//1806
f  2129//1805 2125//1805 2126//1805
f  2129//1805 2126//1805 2130//1805
f  2130//1804 2126//1804 2127//1804
f  2130//3022 2127//3022 2131//3022
f  2131//3023 2127//3023 2128//3023
f  2131//1802 2128//1802 2132//1802
f  2132//1801 2128//1801 2111//1801
f  2132//1789 2111//1789 2112//1789
f  2081//1799 2124//1799 2079//1799
f  2079//1798 2124//1798 2129//1798
f  2079//3024 2129//3024 2077//3024
f  2077//1797 2129//1797 2130//1797
f  2077//1797 2130//1797 2075//1797
f  2075//1796 2130//1796 2131//1796
f  2075//1796 2131//1796 2073//1796
f  2073//1795 2131//1795 2132//1795
f  2073//1795 2132//1795 2071//1795
f  2071//3025 2132//3025 2112//3025
f  2071//3025 2112//3025 2056//3025
f  1930//3026 1929//3026 2121//3026
f  1930//3026 2121//3026 2133//3026
f  2133//1822 2121//1822 2120//1822
f  2133//1822 2120//1822 2134//1822
f  2134//1823 2120//1823 2123//1823
f  2134//1823 2123//1823 2135//1823
f  2135//3027 2123//3027 2081//3027
f  2135//3028 2081//3028 2083//3028
f  1925//3029 1539//3029 1537//3029
f  1925//3030 1537//3030 1966//3030
f  1966//3031 1537//3031 1535//3031
f  1966//3032 1535//3032 1967//3032
f  1967//3033 1535//3033 1533//3033
f  1967//3034 1533//3034 1968//3034
f  1968//3035 1533//3035 1532//3035
f  1968//3036 1532//3036 1903//3036
f  2074//3037 2072//3037 2136//3037
f  2074//3038 2136//3038 2076//3038
f  2137//1770 2138//1770 2139//1770
f  2139//3039 2138//3039 2140//3039
f  2139//1769 2140//1769 2141//1769
f  2141//1769 2140//1769 2142//1769
f  2141//1768 2142//1768 1616//1768
f  1616//1768 2142//1768 1617//1768
f  2138//1765 2143//1765 2140//1765
f  2140//1765 2143//1765 2144//1765
f  2140//1766 2144//1766 2142//1766
f  2142//1766 2144//1766 2145//1766
f  2142//1767 2145//1767 1617//1767
f  1617//1767 2145//1767 1618//1767
f  1619//1758 1618//1758 2146//1758
f  2146//1759 1618//1759 2145//1759
f  2146//1760 2145//1760 2147//1760
f  2147//1760 2145//1760 2144//1760
f  2147//1761 2144//1761 2136//1761
f  2136//1761 2144//1761 2143//1761
f  2136//1762 2143//1762 2076//1762
f  2076//3040 2143//3040 2138//3040
f  2076//3040 2138//3040 2078//3040
f  2078//1771 2138//1771 2137//1771
f  2078//1771 2137//1771 2080//1771
f  2072//1757 1627//1757 2136//1757
f  2136//1757 1627//1757 1626//1757
f  2136//1756 1626//1756 2147//1756
f  2147//1756 1626//1756 1654//1756
f  2147//1755 1654//1755 2146//1755
f  2146//1755 1654//1755 1661//1755
f  2146//1754 1661//1754 1619//1754
f  1619//1754 1661//1754 1620//1754
f  2082//1772 2080//1772 2137//1772
f  2082//3041 2137//3041 2148//3041
f  2148//3042 2137//3042 2139//3042
f  2148//3043 2139//3043 2149//3043
f  2149//1776 2139//1776 2141//1776
f  2149//3044 2141//3044 2150//3044
f  1616//3045 1615//3045 2141//3045
f  2141//3046 1615//3046 2151//3046
f  2141//3047 2151//3047 2150//3047
f  2152//823 2153//823 1675//823
f  2154//823 2155//823 1683//823
f  1675//823 1673//823 2152//823
f  2152//823 1673//823 1671//823
f  2152//823 1671//823 2156//823
f  1683//823 1681//823 2154//823
f  2154//823 1681//823 1679//823
f  2154//823 1679//823 2153//823
f  2153//823 1679//823 1677//823
f  2153//823 1677//823 1675//823
f  1671//823 1669//823 2156//823
f  2156//823 1669//823 1667//823
f  2156//823 1667//823 2157//823
f  1667//823 1665//823 2157//823
f  2157//823 1665//823 1663//823
f  2157//823 1663//823 2155//823
f  2155//823 1663//823 1685//823
f  2155//823 1685//823 1683//823
f  2158//3048 2159//3048 2160//3048
f  2160//1827 2159//1827 2161//1827
f  2162//3049 2163//3049 543//3049
f  543//3050 2163//3050 1525//3050
f  1525//3051 1603//3051 543//3051
f  543//3052 1603//3052 1604//3052
f  543//3053 1604//3053 544//3053
f  543//3054 542//3054 2162//3054
f  2162//3055 542//3055 541//3055
f  2162//3056 541//3056 2164//3056
f  237//3057 236//3057 1806//3057
f  1806//3058 236//3058 1808//3058
f  2165//3059 548//3059 1806//3059
f  1806//3060 548//3060 549//3060
f  1806//3061 549//3061 237//3061
f  541//3062 552//3062 2164//3062
f  2164//3063 552//3063 551//3063
f  2164//3064 551//3064 2166//3064
f  2166//3065 551//3065 550//3065
f  2166//3066 550//3066 2167//3066
f  2167//3067 550//3067 548//3067
f  2167//1844 548//1844 2168//1844
f  2168//3068 548//3068 2165//3068
f  238//3069 47//3069 46//3069
f  236//3070 235//3070 1808//3070
f  1808//3071 235//3071 234//3071
f  1808//3072 234//3072 1810//3072
f  1810//3073 234//3073 233//3073
f  1810//3074 233//3074 1811//3074
f  1811//3075 233//3075 232//3075
f  1811//3076 232//3076 1815//3076
f  1815//3077 232//3077 231//3077
f  1815//3078 231//3078 1800//3078
f  1800//3079 231//3079 240//3079
f  1800//3080 240//3080 1799//3080
f  1799//3081 240//3081 239//3081
f  1799//3082 239//3082 1797//3082
f  46//3083 129//3083 1802//3083
f  239//3084 238//3084 1797//3084
f  1797//3085 238//3085 46//3085
f  1797//3086 46//3086 1801//3086
f  1801//3087 46//3087 1802//3087
f  2061//921 1566//921 1571//921
f  1571//921 1585//921 2061//921
f  2061//921 1585//921 1590//921
f  2061//3088 1590//3088 1589//3088
f  1527//1870 1526//1870 1554//1870
f  2169//1870 2170//1870 1805//1870
f  1527//1872 1554//1872 1805//1872
f  1805//1870 1554//1870 2171//1870
f  1805//1870 2171//1870 2169//1870
f  2170//1870 2172//1870 1805//1870
f  1805//1870 2172//1870 2173//1870
f  1805//3089 2173//3089 2174//3089
f  2174//1870 2175//1870 1805//1870
f  1805//1870 2175//1870 2165//1870
f  1805//3090 2165//3090 1806//3090
f  2176//3091 2177//3091 1524//3091
f  1524//3092 2177//3092 2178//3092
f  1524//3093 2178//3093 2179//3093
f  2179//806 2180//806 1524//806
f  1524//3094 2180//3094 2181//3094
f  1524//806 2181//806 2182//806
f  1530//806 1529//806 1555//806
f  1555//806 1529//806 1524//806
f  1555//806 1524//806 2183//806
f  2183//806 1524//806 2182//806
f  1525//3095 1602//3095 1524//3095
f  1524//3096 1602//3096 2184//3096
f  1524//3097 2184//3097 2176//3097
f  1529//3098 1531//3098 1534//3098
f  2185//3099 1524//3099 1529//3099
f  1529//3100 1534//3100 2185//3100
f  2185//3101 1534//3101 1536//3101
f  2185//3102 1536//3102 2186//3102
f  2186//3103 1536//3103 1538//3103
f  2186//3104 1538//3104 2187//3104
f  2187//3105 1538//3105 1540//3105
f  2187//3106 1540//3106 1950//3106
f  1522//3107 1524//3107 2185//3107
f  1522//3108 2185//3108 2188//3108
f  2188//3109 2185//3109 2186//3109
f  2188//3110 2186//3110 2189//3110
f  2189//3111 2186//3111 2187//3111
f  2189//3112 2187//3112 2190//3112
f  2190//3113 2187//3113 1950//3113
f  2190//3114 1950//3114 1951//3114
f  1951//3115 1952//3115 2191//3115
f  1951//3116 2191//3116 2190//3116
f  2190//3117 2191//3117 2192//3117
f  2190//3117 2192//3117 2189//3117
f  2189//3118 2192//3118 2193//3118
f  2189//3119 2193//3119 2188//3119
f  2188//3120 2193//3120 1551//3120
f  2188//3121 1551//3121 1522//3121
f  1543//3122 1551//3122 2193//3122
f  1543//3122 2193//3122 2194//3122
f  2194//3118 2193//3118 2192//3118
f  2194//3123 2192//3123 2195//3123
f  2195//3117 2192//3117 2191//3117
f  2195//3124 2191//3124 2196//3124
f  2196//3125 2191//3125 1952//3125
f  2196//3126 1952//3126 1953//3126
f  1544//3127 1543//3127 2197//3127
f  2197//3128 1543//3128 2194//3128
f  2197//3129 2194//3129 2198//3129
f  2198//3130 2194//3130 2199//3130
f  2199//3131 2194//3131 2195//3131
f  2199//3132 2195//3132 2200//3132
f  2200//3133 2195//3133 2196//3133
f  2200//3134 2196//3134 2201//3134
f  2201//3135 2196//3135 1953//3135
f  2201//3136 1953//3136 1965//3136
f  1545//1932 1544//1932 2202//1932
f  2202//3137 1544//3137 2203//3137
f  2202//3138 2203//3138 2204//3138
f  2204//1929 2203//1929 2205//1929
f  2204//3139 2205//3139 2206//3139
f  2206//3140 2205//3140 2207//3140
f  2206//3141 2207//3141 2208//3141
f  2161//1922 2209//1922 2210//1922
f  2210//3142 2209//3142 2208//3142
f  2210//3143 2208//3143 2211//3143
f  2211//3144 2208//3144 2207//3144
f  2212//3145 2160//3145 2161//3145
f  2158//3146 2160//3146 2213//3146
f  2213//3147 2160//3147 2212//3147
f  2213//3148 2212//3148 2214//3148
f  2214//3149 2212//3149 2215//3149
f  2215//3150 2212//3150 2216//3150
f  2215//3151 2216//3151 2217//3151
f  2217//3152 2216//3152 2218//3152
f  2218//3153 2216//3153 2219//3153
f  2218//3154 2219//3154 2220//3154
f  2201//3155 1965//3155 2221//3155
f  2161//3156 2210//3156 2212//3156
f  2212//3157 2210//3157 2211//3157
f  2212//3158 2211//3158 2216//3158
f  2216//3159 2211//3159 2207//3159
f  2216//3160 2207//3160 2219//3160
f  2219//3161 2207//3161 2205//3161
f  2219//3162 2205//3162 2203//3162
f  2222//3163 2220//3163 2223//3163
f  2223//3164 2220//3164 2219//3164
f  2223//3165 2219//3165 2197//3165
f  2197//3166 2219//3166 2203//3166
f  2197//3167 2203//3167 1544//3167
f  2221//3168 2224//3168 2201//3168
f  2201//3169 2224//3169 2225//3169
f  2201//3170 2225//3170 2200//3170
f  2200//3171 2225//3171 2222//3171
f  2200//3172 2222//3172 2199//3172
f  2199//3173 2222//3173 2223//3173
f  2199//3174 2223//3174 2198//3174
f  2198//3175 2223//3175 2197//3175
f  2226//3176 2227//3176 2228//3176
f  2175//3177 2174//3177 2229//3177
f  2169//3178 2171//3178 2230//3178
f  2174//3179 2173//3179 2229//3179
f  2229//3180 2173//3180 2172//3180
f  2229//3181 2172//3181 2230//3181
f  2230//3182 2172//3182 2170//3182
f  2230//3183 2170//3183 2169//3183
f  1601//3184 1525//3184 2163//3184
f  2231//3185 2178//3185 2177//3185
f  2177//3186 2176//3186 2231//3186
f  2231//3187 2176//3187 2184//3187
f  2231//3188 2184//3188 1602//3188
f  2231//3189 1602//3189 2179//3189
f  2231//3190 2179//3190 2178//3190
f  2232//3191 2233//3191 2182//3191
f  1602//3192 1601//3192 2179//3192
f  2179//3193 1601//3193 2163//3193
f  2179//3194 2163//3194 2180//3194
f  2180//3195 2163//3195 2232//3195
f  2180//3196 2232//3196 2181//3196
f  2181//3197 2232//3197 2182//3197
f  1556//3198 1555//3198 2233//3198
f  2233//3199 1555//3199 2183//3199
f  2233//3200 2183//3200 2182//3200
f  2165//3201 2175//3201 2168//3201
f  2168//3202 2175//3202 2229//3202
f  2168//3203 2229//3203 2167//3203
f  2167//3204 2229//3204 2166//3204
f  2226//3205 2228//3205 2234//3205
f  2234//3206 2228//3206 2235//3206
f  2234//3207 2235//3207 2236//3207
f  2230//3208 2227//3208 2229//3208
f  2229//3209 2227//3209 2226//3209
f  2229//3210 2226//3210 2166//3210
f  2166//3211 2226//3211 2234//3211
f  2166//3212 2234//3212 2164//3212
f  2164//3213 2234//3213 2236//3213
f  2164//3214 2236//3214 2162//3214
f  2163//3215 2162//3215 2232//3215
f  2232//3215 2162//3215 2236//3215
f  2232//3216 2236//3216 2233//3216
f  2233//3216 2236//3216 2235//3216
f  2233//3217 2235//3217 1556//3217
f  1556//3218 2235//3218 2228//3218
f  1556//3219 2228//3219 1557//3219
f  1557//3220 2228//3220 2227//3220
f  1557//3220 2227//3220 1558//3220
f  1558//3221 2227//3221 2230//3221
f  1558//3222 2230//3222 1553//3222
f  1553//3223 2230//3223 2171//3223
f  1553//3224 2171//3224 1554//3224
f  2204//3225 2206//3225 2237//3225
f  2237//3226 2238//3226 2239//3226
f  1542//3227 1541//3227 2240//3227
f  1545//3228 2202//3228 1548//3228
f  1548//3229 2202//3229 2241//3229
f  1548//3230 2241//3230 1549//3230
f  1549//3231 2241//3231 1550//3231
f  2242//3232 1546//3232 1542//3232
f  1625//3233 1547//3233 1546//3233
f  1546//3234 2242//3234 1625//3234
f  1625//3235 2242//3235 2243//3235
f  1625//3235 2243//3235 1624//3235
f  1624//3236 2243//3236 2244//3236
f  1624//3237 2244//3237 1621//3237
f  1542//3238 2240//3238 2242//3238
f  2242//3239 2240//3239 2239//3239
f  2242//3240 2239//3240 2243//3240
f  2243//3241 2239//3241 2238//3241
f  2243//3242 2238//3242 2244//3242
f  1610//3243 1611//3243 2245//3243
f  2245//3243 1611//3243 2246//3243
f  2245//3244 2246//3244 2247//3244
f  2247//3244 2246//3244 2248//3244
f  2247//3245 2248//3245 2249//3245
f  2249//3245 2248//3245 2250//3245
f  2249//3246 2250//3246 2209//3246
f  2209//3246 2250//3246 2208//3246
f  1611//3247 1621//3247 2246//3247
f  2246//3247 1621//3247 2244//3247
f  2246//3248 2244//3248 2248//3248
f  2248//3249 2244//3249 2238//3249
f  2248//3250 2238//3250 2250//3250
f  2250//3251 2238//3251 2237//3251
f  2250//3252 2237//3252 2208//3252
f  2208//3252 2237//3252 2206//3252
f  1541//3253 1552//3253 2240//3253
f  2240//3254 1552//3254 1550//3254
f  2240//3255 1550//3255 2239//3255
f  2239//3256 1550//3256 2241//3256
f  2239//3257 2241//3257 2237//3257
f  2237//3258 2241//3258 2202//3258
f  2237//3259 2202//3259 2204//3259
f  2251//3260 2252//3260 1615//3260
f  2209//3261 2253//3261 2249//3261
f  2249//3262 2253//3262 2254//3262
f  1615//3263 1610//3263 2251//3263
f  2251//3264 1610//3264 2245//3264
f  2251//3265 2245//3265 2255//3265
f  2255//3266 2245//3266 2247//3266
f  2255//3267 2247//3267 2256//3267
f  2256//3268 2247//3268 2249//3268
f  2256//3269 2249//3269 2257//3269
f  2257//3270 2249//3270 2254//3270
f  2151//3271 1615//3271 2252//3271
f  2258//3272 2082//3272 2148//3272
f  2252//3273 2259//3273 2151//3273
f  2151//3274 2259//3274 2260//3274
f  2151//3275 2260//3275 2150//3275
f  2150//3276 2260//3276 2261//3276
f  2150//3277 2261//3277 2149//3277
f  2149//3278 2261//3278 2262//3278
f  2149//3279 2262//3279 2148//3279
f  2148//3280 2262//3280 2263//3280
f  2148//3281 2263//3281 2258//3281
f  2135//3282 2264//3282 2134//3282
f  2134//3283 2264//3283 2265//3283
f  2134//3284 2265//3284 2133//3284
f  2133//3285 2265//3285 2266//3285
f  2133//3286 2266//3286 1930//3286
f  1930//3287 2266//3287 2267//3287
f  1930//3288 2267//3288 2268//3288
f  2083//3289 2269//3289 2135//3289
f  2135//3290 2269//3290 2270//3290
f  2135//3291 2270//3291 2264//3291
f  2271//3292 2272//3292 2158//3292
f  2158//3293 2272//3293 2273//3293
f  2158//3294 2273//3294 2159//3294
f  2274//3295 2275//3295 2276//3295
f  2276//3296 2275//3296 2277//3296
f  2276//3297 2277//3297 2271//3297
f  2271//3298 2277//3298 2278//3298
f  2271//3299 2278//3299 2272//3299
f  2276//3300 1931//3300 2274//3300
f  2274//3301 1931//3301 1930//3301
f  2274//3302 1930//3302 2268//3302
f  2221//3303 2279//3303 2224//3303
f  1964//3304 1958//3304 2280//3304
f  2280//3305 1958//3305 1957//3305
f  2280//3306 1957//3306 2281//3306
f  2281//3307 1957//3307 1956//3307
f  2281//3308 1956//3308 2282//3308
f  2282//3309 1956//3309 1954//3309
f  2282//3310 1954//3310 2283//3310
f  2283//3311 1954//3311 1955//3311
f  2283//3312 1955//3312 2284//3312
f  2284//3313 1955//3313 1934//3313
f  2284//3314 1934//3314 2285//3314
f  2285//3315 1934//3315 1933//3315
f  2285//3316 1933//3316 2286//3316
f  2286//3317 1933//3317 1943//3317
f  2286//3318 1943//3318 2287//3318
f  2287//3319 1943//3319 1931//3319
f  2287//3320 1931//3320 2276//3320
f  1965//3321 1964//3321 2221//3321
f  2221//3322 1964//3322 2280//3322
f  2221//3323 2280//3323 2279//3323
f  2279//3324 2280//3324 2281//3324
f  2279//3325 2281//3325 2288//3325
f  2288//3326 2281//3326 2282//3326
f  2288//3327 2282//3327 2289//3327
f  2289//3328 2282//3328 2283//3328
f  2289//3329 2283//3329 2290//3329
f  2290//3330 2283//3330 2284//3330
f  2290//3331 2284//3331 2291//3331
f  2291//3332 2284//3332 2285//3332
f  2291//3333 2285//3333 2292//3333
f  2292//3334 2285//3334 2286//3334
f  2292//3335 2286//3335 2293//3335
f  2293//3336 2286//3336 2287//3336
f  2293//3337 2287//3337 2294//3337
f  2294//3338 2287//3338 2276//3338
f  2294//3339 2276//3339 2271//3339
f  2224//3340 2279//3340 2225//3340
f  2225//3341 2279//3341 2288//3341
f  2225//3342 2288//3342 2222//3342
f  2222//3343 2288//3343 2289//3343
f  2222//3344 2289//3344 2220//3344
f  2220//3345 2289//3345 2290//3345
f  2220//3346 2290//3346 2218//3346
f  2218//3347 2290//3347 2291//3347
f  2218//3348 2291//3348 2217//3348
f  2217//3349 2291//3349 2292//3349
f  2217//3350 2292//3350 2215//3350
f  2215//3351 2292//3351 2293//3351
f  2215//3352 2293//3352 2214//3352
f  2214//3353 2293//3353 2294//3353
f  2214//3354 2294//3354 2213//3354
f  2213//3355 2294//3355 2271//3355
f  2213//3356 2271//3356 2158//3356
f  2295//823 2296//823 662//823
f  662//823 660//823 2295//823
f  2295//823 660//823 658//823
f  2295//823 658//823 2297//823
f  658//823 656//823 2297//823
f  2297//823 656//823 654//823
f  2297//823 654//823 2298//823
f  2299//823 2300//823 646//823
f  646//823 644//823 2299//823
f  2299//823 644//823 642//823
f  2299//823 642//823 2296//823
f  2296//823 642//823 664//823
f  2296//823 664//823 662//823
f  654//1371 652//1371 2298//1371
f  2298//823 652//823 650//823
f  2298//823 650//823 2300//823
f  2300//823 650//823 648//823
f  2300//823 648//823 646//823
f  2301//921 2302//921 632//921
f  2303//921 2304//921 640//921
f  632//921 630//921 2301//921
f  2301//921 630//921 628//921
f  2301//921 628//921 2305//921
f  2306//921 620//921 2304//921
f  2304//921 620//921 618//921
f  2304//921 618//921 640//921
f  640//921 638//921 2303//921
f  2303//921 638//921 636//921
f  2303//921 636//921 2302//921
f  2302//921 636//921 634//921
f  2302//921 634//921 632//921
f  628//921 626//921 2305//921
f  2305//921 626//921 624//921
f  2305//921 624//921 2306//921
f  2306//921 624//921 622//921
f  2306//921 622//921 620//921
f  2161//3357 2083//3357 2251//3357
f  2251//3357 2083//3357 2082//3357
f  2251//3357 2082//3357 2252//3357
f  2264//3357 2270//3357 2274//3357
f  2268//3358 2267//3358 2266//3358
f  2270//3359 2269//3359 2274//3359
f  2274//3357 2269//3357 2083//3357
f  2274//3357 2083//3357 2275//3357
f  2275//3357 2083//3357 2161//3357
f  2275//3357 2161//3357 2277//3357
f  2268//3360 2266//3360 2274//3360
f  2274//3359 2266//3359 2265//3359
f  2274//3357 2265//3357 2264//3357
f  2261//3361 2260//3361 2262//3361
f  2262//3362 2260//3362 2263//3362
f  2082//3357 2258//3357 2252//3357
f  2252//3357 2258//3357 2263//3357
f  2252//3357 2263//3357 2259//3357
f  2259//3357 2263//3357 2260//3357
f  2254//3363 2253//3363 2257//3363
f  2257//3364 2253//3364 2209//3364
f  2257//3357 2209//3357 2256//3357
f  2256//3357 2209//3357 2161//3357
f  2256//3357 2161//3357 2255//3357
f  2255//3357 2161//3357 2251//3357
f  2272//3365 2278//3365 2273//3365
f  2273//3366 2278//3366 2277//3366
f  2273//3367 2277//3367 2159//3367
f  2159//3357 2277//3357 2161//3357
f  1375//3357 1299//3357 1486//3357
f  1299//3357 1479//3357 1486//3357
f  1486//3357 1479//3357 1483//3357
f  1486//3357 1483//3357 1482//3357
f  1484//3360 1485//3360 1480//3360
f  1480//3357 1485//3357 1486//3357
f  1480//3357 1486//3357 1481//3357
f  1481//3357 1486//3357 1482//3357
f  1418//3358 1468//3358 1467//3358
f  1497//3368 1490//3368 1489//3368
f  1478//3359 1477//3359 1469//3359
f  1469//3357 1477//3357 1298//3357
f  1469//3357 1298//3357 1470//3357
f  1470//3357 1298//3357 1299//3357
f  1470//3357 1299//3357 1472//3357
f  1472//3357 1299//3357 1375//3357
f  1472//3357 1375//3357 1471//3357
f  1471//3357 1375//3357 1418//3357
f  1471//3369 1418//3369 1466//3369
f  1466//3360 1418//3360 1467//3360
f  1469//3370 1476//3370 1478//3370
f  1478//3371 1476//3371 1475//3371
f  1478//3372 1475//3372 1473//3372
f  1473//3373 1475//3373 1474//3373
f  1486//3357 1494//3357 1375//3357
f  1375//3357 1494//3357 1496//3357
f  1375//3357 1496//3357 1376//3357
f  1376//3357 1496//3357 1497//3357
f  1376//3374 1497//3374 1487//3374
f  1487//3375 1497//3375 1489//3375
f  2305//3376 2306//3376 361//3376
f  361//3376 2306//3376 343//3376
f  2301//3377 2305//3377 352//3377
f  352//3377 2305//3377 361//3377
f  2302//3378 2301//3378 349//3378
f  349//3378 2301//3378 352//3378
f  2306//3379 2304//3379 343//3379
f  343//3379 2304//3379 348//3379
f  314//3380 2303//3380 315//3380
f  315//3380 2303//3380 2302//3380
f  315//3380 2302//3380 349//3380
f  348//3381 2304//3381 313//3381
f  313//3381 2304//3381 2303//3381
f  313//3381 2303//3381 314//3381
f  2299//3379 2296//3379 535//3379
f  535//3379 2296//3379 538//3379
f  2297//3378 2298//3378 540//3378
f  540//3378 2298//3378 476//3378
f  2295//3377 2297//3377 545//3377
f  545//3377 2297//3377 540//3377
f  2296//3376 2295//3376 538//3376
f  538//3376 2295//3376 545//3376
f  2299//3381 535//3381 2300//3381
f  2300//3381 535//3381 224//3381
f  2300//3381 224//3381 223//3381
f  476//3380 2298//3380 229//3380
f  229//3380 2298//3380 2300//3380
f  229//3380 2300//3380 223//3380
f  482//3382 2155//3382 478//3382
f  478//3382 2155//3382 2154//3382
f  478//3382 2154//3382 480//3382
f  532//3383 480//3383 2154//3383
f  532//3383 2154//3383 221//3383
f  221//3383 2154//3383 2153//3383
f  221//3383 2153//3383 222//3383
f  557//3384 2157//3384 483//3384
f  483//3384 2157//3384 2155//3384
f  483//3384 2155//3384 482//3384
f  561//3385 2156//3385 601//3385
f  601//3385 2156//3385 2157//3385
f  601//3385 2157//3385 557//3385
f  562//3386 2152//3386 559//3386
f  559//3386 2152//3386 2156//3386
f  559//3386 2156//3386 561//3386
f  190//3387 222//3387 2153//3387
f  190//3388 2153//3388 191//3388
f  191//3389 2153//3389 2152//3389
f  191//3390 2152//3390 562//3390
f  336//3382 1374//3382 332//3382
f  332//3382 1374//3382 1373//3382
f  332//3382 1373//3382 333//3382
f  293//3383 1372//3383 295//3383
f  295//3383 1372//3383 1374//3383
f  295//3383 1374//3383 337//3383
f  337//3383 1374//3383 336//3383
f  407//3390 1369//3390 292//3390
f  292//3391 1369//3391 1372//3391
f  292//3388 1372//3388 293//3388
f  1369//3386 407//3386 1370//3386
f  1370//3386 407//3386 408//3386
f  1370//3386 408//3386 410//3386
f  1370//3385 410//3385 1371//3385
f  1371//3385 410//3385 414//3385
f  1371//3385 414//3385 406//3385
f  1371//3384 406//3384 1373//3384
f  1373//3384 406//3384 403//3384
f  1373//3384 403//3384 333//3384
f  1241//3392 1244//3392 267//3392
f  267//3392 1244//3392 290//3392
f  1242//3393 1241//3393 265//3393
f  265//3393 1241//3393 267//3393
f  1242//3394 265//3394 1239//3394
f  1239//3394 265//3394 263//3394
f  1239//3394 263//3394 275//3394
f  1239//3395 275//3395 1240//3395
f  1240//3395 275//3395 271//3395
f  1240//3395 271//3395 279//3395
f  1243//3396 1240//3396 284//3396
f  284//3396 1240//3396 279//3396
f  1244//3397 1243//3397 290//3397
f  290//3397 1243//3397 284//3397
f  2051//3397 2050//3397 196//3397
f  196//3397 2050//3397 197//3397
f  2052//3396 2051//3396 203//3396
f  203//3396 2051//3396 196//3396
f  214//3395 2047//3395 208//3395
f  208//3395 2047//3395 2052//3395
f  208//3395 2052//3395 203//3395
f  219//3394 2048//3394 217//3394
f  217//3394 2048//3394 2047//3394
f  217//3394 2047//3394 214//3394
f  2049//3393 2048//3393 193//3393
f  193//3393 2048//3393 219//3393
f  2050//3392 2049//3392 197//3392
f  197//3392 2049//3392 193//3392

# Mesh 'right_thumb_3-1' with 4066 faces
g right_thumb_3-1
usemtl rubber
f  2307//3398 2308//3398 2309//3398
f  2309//3399 2308//3399 2310//3399
f  2310//3400 2311//3400 2309//3400
f  2309//3401 2311//3401 2312//3401
f  2309//3402 2312//3402 2313//3402
f  2313//3403 2314//3403 2309//3403
f  2309//3404 2314//3404 2315//3404
f  2309//3405 2315//3405 2316//3405
f  2316//3406 2317//3406 2309//3406
f  2309//3407 2317//3407 2318//3407
f  2309//3408 2318//3408 2319//3408
f  2320//3409 2321//3409 2309//3409
f  2309//3410 2321//3410 2322//3410
f  2309//3411 2322//3411 2307//3411
f  2323//3412 2324//3412 2309//3412
f  2309//3413 2324//3413 2325//3413
f  2309//3414 2325//3414 2320//3414
f  2326//3415 2327//3415 2309//3415
f  2309//3416 2327//3416 2328//3416
f  2309//3417 2328//3417 2323//3417
f  2329//3418 2330//3418 2331//3418
f  2328//3419 2327//3419 2332//3419
f  2328//3420 2332//3420 2333//3420
f  2333//3421 2332//3421 2334//3421
f  2333//3422 2334//3422 2335//3422
f  2335//3423 2334//3423 2331//3423
f  2335//3424 2331//3424 2336//3424
f  2336//3425 2331//3425 2330//3425
f  2336//3426 2330//3426 2337//3426
f  2329//3427 2331//3427 2338//3427
f  2338//3428 2331//3428 2334//3428
f  2338//3429 2334//3429 2339//3429
f  2339//3430 2334//3430 2332//3430
f  2339//3431 2332//3431 2340//3431
f  2340//3432 2332//3432 2327//3432
f  2340//3433 2327//3433 2326//3433
f  2341//3434 2342//3434 2343//3434
f  2317//3435 2316//3435 2344//3435
f  2318//3436 2345//3436 2319//3436
f  2319//3437 2345//3437 2346//3437
f  2347//3438 2348//3438 2345//3438
f  2345//3439 2348//3439 2349//3439
f  2345//3440 2349//3440 2346//3440
f  2350//3441 2341//3441 2351//3441
f  2351//3442 2341//3442 2343//3442
f  2351//3443 2343//3443 2347//3443
f  2347//3444 2343//3444 2352//3444
f  2347//3445 2352//3445 2348//3445
f  2317//3446 2344//3446 2353//3446
f  2353//3447 2344//3447 2354//3447
f  2353//3448 2354//3448 2355//3448
f  2355//3449 2354//3449 2356//3449
f  2355//3450 2356//3450 2357//3450
f  2357//3451 2356//3451 2358//3451
f  2357//3452 2358//3452 2350//3452
f  2350//3453 2351//3453 2357//3453
f  2357//3454 2351//3454 2347//3454
f  2357//3454 2347//3454 2355//3454
f  2355//3455 2347//3455 2345//3455
f  2355//3456 2345//3456 2353//3456
f  2353//3457 2345//3457 2318//3457
f  2353//3458 2318//3458 2317//3458
f  2359//3459 2337//3459 2360//3459
f  2360//3460 2337//3460 2330//3460
f  2360//3461 2330//3461 2361//3461
f  2358//3462 2362//3462 2350//3462
f  2350//3463 2362//3463 2363//3463
f  2350//3464 2363//3464 2341//3464
f  2341//3465 2363//3465 2364//3465
f  2341//3466 2364//3466 2342//3466
f  2365//3467 2366//3467 2367//3467
f  2366//3468 2368//3468 2367//3468
f  2367//3469 2368//3469 2369//3469
f  2367//3470 2369//3470 2370//3470
f  2370//3471 2371//3471 2367//3471
f  2367//3472 2371//3472 2372//3472
f  2367//3473 2372//3473 2373//3473
f  2374//3474 2375//3474 2367//3474
f  2367//3475 2375//3475 2376//3475
f  2377//3476 2365//3476 2378//3476
f  2378//3477 2365//3477 2367//3477
f  2378//3478 2367//3478 2379//3478
f  2379//3479 2367//3479 2376//3479
f  2380//3480 2372//3480 2371//3480
f  2380//3481 2381//3481 2382//3481
f  2373//3482 2372//3482 2383//3482
f  2383//3483 2372//3483 2380//3483
f  2383//3484 2380//3484 2384//3484
f  2384//3485 2380//3485 2382//3485
f  2385//3486 2386//3486 2387//3486
f  2387//3487 2386//3487 2388//3487
f  2387//3488 2388//3488 2381//3488
f  2381//3489 2388//3489 2389//3489
f  2381//3490 2389//3490 2382//3490
f  2371//3491 2390//3491 2380//3491
f  2380//3492 2390//3492 2391//3492
f  2380//3493 2391//3493 2381//3493
f  2381//3494 2391//3494 2392//3494
f  2381//3495 2392//3495 2387//3495
f  2387//3496 2392//3496 2393//3496
f  2387//3497 2393//3497 2385//3497
f  2394//3498 2395//3498 2396//3498
f  2376//3499 2375//3499 2397//3499
f  2376//3500 2397//3500 2398//3500
f  2398//3501 2397//3501 2399//3501
f  2398//3502 2399//3502 2400//3502
f  2400//3503 2399//3503 2401//3503
f  2400//3503 2401//3503 2402//3503
f  2394//3504 2396//3504 2403//3504
f  2404//3505 2402//3505 2396//3505
f  2396//3506 2402//3506 2401//3506
f  2396//3507 2401//3507 2403//3507
f  2403//3508 2401//3508 2399//3508
f  2403//3509 2399//3509 2405//3509
f  2405//3510 2399//3510 2397//3510
f  2405//3511 2397//3511 2406//3511
f  2406//3512 2397//3512 2375//3512
f  2406//3513 2375//3513 2374//3513
f  2407//3514 2386//3514 2408//3514
f  2408//3515 2386//3515 2385//3515
f  2408//3516 2385//3516 2393//3516
f  2409//3517 2410//3517 2404//3517
f  2404//3518 2396//3518 2409//3518
f  2409//3519 2396//3519 2395//3519
f  2409//3520 2395//3520 2411//3520
f  2412//3521 2413//3521 2414//3521
f  2415//3522 2416//3522 2417//3522
f  2418//3523 2419//3523 2420//3523
f  2421//3524 2407//3524 2408//3524
f  2422//3525 2423//3525 2424//3525
f  2408//3526 2425//3526 2421//3526
f  2421//3527 2425//3527 2426//3527
f  2421//3528 2426//3528 2424//3528
f  2424//3529 2426//3529 2427//3529
f  2424//3530 2427//3530 2422//3530
f  2423//3531 2428//3531 2424//3531
f  2424//3532 2428//3532 2429//3532
f  2424//3533 2429//3533 2418//3533
f  2420//3534 2419//3534 2430//3534
f  2430//3535 2419//3535 2431//3535
f  2430//3536 2431//3536 2432//3536
f  2432//3537 2431//3537 2410//3537
f  2432//3538 2410//3538 2433//3538
f  2433//3539 2410//3539 2409//3539
f  2433//3540 2409//3540 2411//3540
f  2424//3541 2434//3541 2421//3541
f  2421//3542 2434//3542 2435//3542
f  2421//3543 2435//3543 2436//3543
f  2421//3544 2437//3544 2438//3544
f  2438//3545 2437//3545 2439//3545
f  2438//3546 2439//3546 2440//3546
f  2440//3547 2441//3547 2438//3547
f  2438//3548 2441//3548 2442//3548
f  2438//3549 2442//3549 2443//3549
f  2443//3549 2444//3549 2438//3549
f  2438//3550 2444//3550 2445//3550
f  2438//3551 2445//3551 2446//3551
f  2445//3552 2447//3552 2446//3552
f  2446//3553 2447//3553 2448//3553
f  2446//3554 2448//3554 2449//3554
f  2450//3555 2436//3555 2451//3555
f  2451//3556 2436//3556 2446//3556
f  2451//3557 2446//3557 2452//3557
f  2452//3558 2446//3558 2449//3558
f  2450//3559 2453//3559 2436//3559
f  2436//3560 2453//3560 2454//3560
f  2436//3561 2454//3561 2455//3561
f  2455//3562 2456//3562 2436//3562
f  2436//3563 2456//3563 2457//3563
f  2436//3564 2457//3564 2421//3564
f  2421//3565 2457//3565 2458//3565
f  2421//3566 2458//3566 2459//3566
f  2459//3567 2460//3567 2421//3567
f  2421//3568 2460//3568 2461//3568
f  2421//3569 2461//3569 2437//3569
f  2462//3570 2463//3570 2446//3570
f  2446//3571 2463//3571 2464//3571
f  2446//3572 2464//3572 2438//3572
f  2438//3573 2464//3573 2465//3573
f  2465//3574 2466//3574 2438//3574
f  2438//3575 2466//3575 117//3575
f  2438//3576 117//3576 2467//3576
f  2468//3577 2469//3577 2470//3577
f  2470//3578 2469//3578 2467//3578
f  2470//3579 2467//3579 2471//3579
f  2471//3580 2467//3580 117//3580
f  2413//3581 2412//3581 2472//3581
f  2412//3582 2473//3582 2472//3582
f  2472//3583 2473//3583 2474//3583
f  2472//3584 2474//3584 2475//3584
f  2476//3585 2477//3585 2472//3585
f  2468//3586 2478//3586 2469//3586
f  2469//3587 2478//3587 2479//3587
f  2469//3588 2479//3588 2472//3588
f  2472//3589 2479//3589 2480//3589
f  2472//3590 2480//3590 2476//3590
f  2475//3591 2481//3591 2472//3591
f  2472//3592 2481//3592 2482//3592
f  2472//3593 2482//3593 2469//3593
f  2469//3594 2482//3594 2483//3594
f  2469//3595 2483//3595 2484//3595
f  2484//3596 2483//3596 2485//3596
f  2484//3597 2485//3597 2486//3597
f  2486//3598 2487//3598 2484//3598
f  2484//3599 2487//3599 2488//3599
f  2484//3600 2488//3600 2489//3600
f  2489//3600 2488//3600 2490//3600
f  2490//3601 2491//3601 2489//3601
f  2489//3602 2491//3602 2492//3602
f  2489//3603 2492//3603 2493//3603
f  2493//3604 2492//3604 2494//3604
f  2495//3605 2496//3605 2494//3605
f  2494//3606 2496//3606 2497//3606
f  2494//3607 2497//3607 2493//3607
f  2498//3608 2499//3608 2500//3608
f  2495//3609 2501//3609 2496//3609
f  2496//3610 2501//3610 2502//3610
f  2496//3611 2502//3611 2500//3611
f  2500//3612 2502//3612 2503//3612
f  2500//3613 2503//3613 2498//3613
f  2504//3614 2414//3614 2505//3614
f  2499//3615 2506//3615 2500//3615
f  2500//3616 2506//3616 2504//3616
f  2500//3617 2504//3617 2507//3617
f  2507//3618 2504//3618 2505//3618
f  2507//3619 2505//3619 2508//3619
f  2508//3620 2505//3620 2509//3620
f  2510//3621 2511//3621 2505//3621
f  2505//3622 2511//3622 2512//3622
f  2505//3623 2512//3623 2509//3623
f  2513//3624 2514//3624 2515//3624
f  2515//3625 2514//3625 2510//3625
f  2515//3626 2510//3626 2516//3626
f  2516//3627 2510//3627 2505//3627
f  2517//3628 2518//3628 2513//3628
f  2513//3629 2518//3629 2519//3629
f  2513//3630 2519//3630 2514//3630
f  2520//3631 2521//3631 2522//3631
f  2522//3632 2521//3632 2417//3632
f  2523//3633 2524//3633 2525//3633
f  2526//3634 159//3634 2527//3634
f  2527//3635 159//3635 158//3635
f  2527//3636 158//3636 2528//3636
f  2528//3637 158//3637 156//3637
f  164//3638 163//3638 2526//3638
f  2526//3639 163//3639 161//3639
f  2526//3640 161//3640 159//3640
f  176//3641 175//3641 2529//3641
f  2435//3642 2530//3642 2436//3642
f  2436//3643 2530//3643 2531//3643
f  2436//3644 2531//3644 2532//3644
f  2532//3645 2531//3645 2533//3645
f  2533//3646 2534//3646 2532//3646
f  2532//3647 2534//3647 2535//3647
f  2532//3648 2535//3648 2536//3648
f  176//3649 2537//3649 2538//3649
f  176//3650 2538//3650 178//3650
f  178//3651 2538//3651 100//3651
f  178//3652 100//3652 179//3652
f  179//3653 100//3653 2539//3653
f  179//3654 2539//3654 2540//3654
f  2540//3655 2541//3655 179//3655
f  179//3656 2541//3656 2542//3656
f  179//3657 2542//3657 2424//3657
f  2424//3658 2542//3658 2543//3658
f  2424//3659 2543//3659 2434//3659
f  2544//3660 2545//3660 2424//3660
f  2544//3661 2424//3661 2546//3661
f  2547//3662 2548//3662 2549//3662
f  2549//3663 2548//3663 2550//3663
f  2549//3664 2550//3664 2551//3664
f  2547//3665 2549//3665 2552//3665
f  2552//3666 2549//3666 2553//3666
f  2552//3667 2553//3667 2554//3667
f  2418//3668 2420//3668 2424//3668
f  2424//3669 2420//3669 2555//3669
f  2424//3670 2555//3670 2556//3670
f  2546//3671 2424//3671 2557//3671
f  2557//3672 2424//3672 2556//3672
f  2557//3673 2556//3673 2554//3673
f  2554//3674 2556//3674 2558//3674
f  2554//3675 2558//3675 2552//3675
f  2545//3676 2559//3676 2424//3676
f  2424//3677 2559//3677 2560//3677
f  2424//3678 2560//3678 179//3678
f  179//3679 2560//3679 2561//3679
f  179//3680 2561//3680 2562//3680
f  2562//3681 2563//3681 179//3681
f  179//3682 2563//3682 2564//3682
f  179//3683 2564//3683 2565//3683
f  2565//3684 2566//3684 179//3684
f  179//3685 2566//3685 2567//3685
f  179//3686 2567//3686 181//3686
f  181//3687 2567//3687 2568//3687
f  181//3688 2568//3688 2569//3688
f  2550//3689 2570//3689 2551//3689
f  2551//3690 2570//3690 2571//3690
f  2551//3691 2571//3691 2572//3691
f  2572//3692 2571//3692 2573//3692
f  2572//3693 2573//3693 2574//3693
f  2574//3694 2573//3694 2575//3694
f  2574//3695 2575//3695 2576//3695
f  2576//3696 2575//3696 2577//3696
f  2576//3697 2577//3697 2569//3697
f  2569//3698 2577//3698 2578//3698
f  2569//3699 2578//3699 181//3699
f  2579//3700 2580//3700 2581//3700
f  2581//3701 2580//3701 2582//3701
f  2477//3702 2583//3702 2472//3702
f  2472//3703 2583//3703 2584//3703
f  2472//3704 2584//3704 2585//3704
f  2414//3705 2413//3705 2505//3705
f  2505//3706 2413//3706 2472//3706
f  2505//3707 2472//3707 2516//3707
f  2516//3708 2472//3708 2585//3708
f  2516//3709 2585//3709 2515//3709
f  2586//3710 2446//3710 2587//3710
f  2587//3711 2446//3711 2436//3711
f  2587//3712 2436//3712 2529//3712
f  2529//3713 2436//3713 2532//3713
f  2529//3714 2532//3714 176//3714
f  176//3715 2532//3715 2536//3715
f  176//3716 2536//3716 2537//3716
f  2588//3717 2589//3717 2590//3717
f  2590//3718 2589//3718 2591//3718
f  2590//3719 2591//3719 2592//3719
f  2592//3720 2591//3720 2593//3720
f  2592//3721 2593//3721 2594//3721
f  2593//3722 2523//3722 2594//3722
f  2594//3723 2523//3723 2525//3723
f  2594//3724 2525//3724 2520//3724
f  2520//3725 2525//3725 2595//3725
f  2520//3726 2595//3726 2521//3726
f  2521//3727 2595//3727 2596//3727
f  2521//3728 2596//3728 2417//3728
f  2417//3729 2596//3729 2597//3729
f  2417//3730 2597//3730 2415//3730
f  2589//3731 2526//3731 2591//3731
f  2591//3732 2526//3732 2527//3732
f  2591//3733 2527//3733 2593//3733
f  2593//3734 2527//3734 2528//3734
f  2593//3735 2528//3735 2523//3735
f  2523//3736 2528//3736 156//3736
f  2523//3737 156//3737 2524//3737
f  2524//3738 156//3738 154//3738
f  2517//3739 2513//3739 2598//3739
f  2598//3740 2513//3740 2515//3740
f  2598//3741 2515//3741 2599//3741
f  2599//3742 2515//3742 2585//3742
f  2599//3743 2585//3743 2581//3743
f  2581//3744 2585//3744 2584//3744
f  2581//3745 2584//3745 2579//3745
f  2600//3746 2518//3746 2601//3746
f  2601//3747 2518//3747 2517//3747
f  2601//3748 2517//3748 2602//3748
f  2602//3749 2517//3749 2598//3749
f  2602//3750 2598//3750 2603//3750
f  2603//3751 2598//3751 2599//3751
f  2603//3752 2599//3752 2604//3752
f  2604//3753 2599//3753 2581//3753
f  2604//3754 2581//3754 2586//3754
f  2586//3755 2581//3755 2582//3755
f  2586//3756 2582//3756 2446//3756
f  2446//3757 2582//3757 2605//3757
f  2446//3758 2605//3758 2462//3758
f  2522//3759 2600//3759 2520//3759
f  2520//3760 2600//3760 2601//3760
f  2520//3761 2601//3761 2594//3761
f  2594//3762 2601//3762 2602//3762
f  2594//3763 2602//3763 2592//3763
f  2592//3764 2602//3764 2603//3764
f  2592//3765 2603//3765 2590//3765
f  2590//3766 2603//3766 2604//3766
f  2590//3767 2604//3767 2588//3767
f  2588//3768 2604//3768 2586//3768
f  2588//3769 2586//3769 2589//3769
f  2589//3770 2586//3770 2587//3770
f  2589//3771 2587//3771 2526//3771
f  2526//3772 2587//3772 2529//3772
f  2526//3773 2529//3773 164//3773
f  164//3774 2529//3774 175//3774
f  2606//3775 2607//3775 2608//3775
f  2609//3776 2610//3776 2611//3776
f  2612//3777 2613//3777 2614//3777
f  2615//3778 2616//3778 2617//3778
f  174//3779 2618//3779 2608//3779
f  2619//3780 2620//3780 2621//3780
f  2621//3781 2620//3781 2430//3781
f  2621//3782 2430//3782 2362//3782
f  2362//3783 2430//3783 2432//3783
f  2362//3784 2432//3784 2363//3784
f  2363//3785 2432//3785 2433//3785
f  2363//3786 2433//3786 2364//3786
f  2622//3787 2623//3787 2624//3787
f  2624//3788 2623//3788 2625//3788
f  2624//3789 2625//3789 2626//3789
f  2626//3790 2627//3790 2624//3790
f  2624//3791 2627//3791 2628//3791
f  2624//3792 2628//3792 2629//3792
f  2629//3793 2628//3793 2630//3793
f  2629//3794 2630//3794 2631//3794
f  2631//3795 2359//3795 2629//3795
f  2629//3796 2359//3796 2360//3796
f  2629//3797 2360//3797 2361//3797
f  2632//3798 2633//3798 2634//3798
f  2619//3799 2622//3799 2620//3799
f  2620//3800 2622//3800 2624//3800
f  2620//3801 2624//3801 2635//3801
f  2635//3802 2624//3802 2636//3802
f  2637//3803 2624//3803 2638//3803
f  2638//3804 2624//3804 182//3804
f  2638//3805 182//3805 2639//3805
f  2632//3806 2634//3806 2640//3806
f  2640//3807 2634//3807 2641//3807
f  2640//3808 2641//3808 2642//3808
f  2637//3809 2643//3809 2624//3809
f  2624//3810 2643//3810 2644//3810
f  2624//3414 2644//3414 2642//3414
f  2641//3811 2645//3811 2642//3811
f  2642//3812 2645//3812 2646//3812
f  2642//3813 2646//3813 2624//3813
f  2624//3814 2646//3814 2647//3814
f  2624//3815 2647//3815 2636//3815
f  2633//3816 2648//3816 2634//3816
f  2634//3817 2648//3817 2649//3817
f  2634//3818 2649//3818 2650//3818
f  2650//3819 2649//3819 2651//3819
f  2650//3820 2651//3820 2652//3820
f  2652//3821 2651//3821 2653//3821
f  2652//3822 2653//3822 2573//3822
f  2573//3821 2653//3821 2575//3821
f  2653//3823 2654//3823 2575//3823
f  2575//3824 2654//3824 2655//3824
f  2575//3823 2655//3823 2577//3823
f  2577//3825 2655//3825 2656//3825
f  2577//3826 2656//3826 2578//3826
f  2578//3827 2656//3827 2657//3827
f  2578//3828 2657//3828 181//3828
f  181//3829 2657//3829 2658//3829
f  181//3830 2658//3830 182//3830
f  182//3831 2658//3831 2659//3831
f  2659//3832 2660//3832 182//3832
f  182//3833 2660//3833 2661//3833
f  182//3834 2661//3834 2662//3834
f  2662//3835 2663//3835 182//3835
f  182//3836 2663//3836 2664//3836
f  182//3837 2664//3837 2639//3837
f  2665//3838 2666//3838 2624//3838
f  2624//3839 2666//3839 2667//3839
f  2667//3840 2668//3840 2624//3840
f  2624//3841 2668//3841 2669//3841
f  2624//3842 2669//3842 182//3842
f  182//3843 2669//3843 2670//3843
f  182//3844 2670//3844 85//3844
f  85//3845 2671//3845 182//3845
f  182//3846 2671//3846 2672//3846
f  182//3847 2672//3847 167//3847
f  167//3848 2672//3848 2673//3848
f  167//3849 2673//3849 169//3849
f  2673//3850 2674//3850 169//3850
f  169//3851 2674//3851 2675//3851
f  169//3852 2675//3852 2676//3852
f  2676//3853 2677//3853 2678//3853
f  2678//3854 2677//3854 2679//3854
f  2679//3855 2680//3855 2678//3855
f  2678//3856 2680//3856 2681//3856
f  2678//3857 2681//3857 2682//3857
f  2676//3858 2678//3858 169//3858
f  169//3859 2678//3859 2683//3859
f  169//3860 2683//3860 171//3860
f  171//3861 2683//3861 2684//3861
f  171//3862 2684//3862 173//3862
f  2615//3863 146//3863 152//3863
f  2615//3864 152//3864 2616//3864
f  2616//3865 152//3865 151//3865
f  2616//3866 151//3866 149//3866
f  2614//3867 2685//3867 2617//3867
f  2617//3868 2685//3868 2686//3868
f  2617//3869 2686//3869 2615//3869
f  2613//3870 2687//3870 2614//3870
f  2614//3871 2687//3871 2688//3871
f  2614//3872 2688//3872 2685//3872
f  2689//3873 2690//3873 2691//3873
f  2691//3874 2690//3874 2692//3874
f  2691//3875 2692//3875 2693//3875
f  2693//3876 2692//3876 2694//3876
f  2693//3877 2694//3877 2695//3877
f  2695//3878 2694//3878 2696//3878
f  2695//3879 2696//3879 2697//3879
f  2697//3880 2696//3880 2698//3880
f  2697//3881 2698//3881 2699//3881
f  2700//3882 2701//3882 2702//3882
f  2702//3883 2701//3883 2703//3883
f  2704//3884 2500//3884 2705//3884
f  2705//3885 2500//3885 2507//3885
f  2705//3886 2507//3886 2508//3886
f  2508//3887 2509//3887 2705//3887
f  2705//3888 2509//3888 2512//3888
f  2705//3889 2512//3889 2706//3889
f  2704//3890 2707//3890 2500//3890
f  2500//3891 2707//3891 2708//3891
f  2500//3892 2708//3892 2496//3892
f  2496//3893 2708//3893 2709//3893
f  2496//3894 2709//3894 2497//3894
f  2710//3895 2711//3895 2712//3895
f  2709//3896 2713//3896 2497//3896
f  2497//3897 2713//3897 2710//3897
f  2497//3898 2710//3898 2714//3898
f  2714//3899 2710//3899 2712//3899
f  2711//3900 2715//3900 2712//3900
f  2712//3901 2715//3901 2716//3901
f  2712//3902 2716//3902 2611//3902
f  2611//3903 2716//3903 2717//3903
f  2611//3904 2717//3904 2609//3904
f  2718//3905 2719//3905 2611//3905
f  2720//3906 2721//3906 2701//3906
f  2701//3907 2721//3907 2722//3907
f  2722//3908 2723//3908 2701//3908
f  2701//3909 2723//3909 2724//3909
f  2701//3910 2724//3910 2611//3910
f  2611//3911 2724//3911 2725//3911
f  2611//3912 2725//3912 2718//3912
f  2726//3913 2701//3913 2727//3913
f  2727//3914 2701//3914 2611//3914
f  2727//3915 2611//3915 2728//3915
f  2728//3916 2611//3916 2610//3916
f  2729//3917 2703//3917 2730//3917
f  2730//3918 2703//3918 2701//3918
f  2730//3919 2701//3919 2731//3919
f  2731//3920 2701//3920 2726//3920
f  2732//3921 2733//3921 2734//3921
f  2719//3922 2735//3922 2611//3922
f  2611//3923 2735//3923 2736//3923
f  2611//3924 2736//3924 2734//3924
f  2734//3925 2736//3925 187//3925
f  2734//3926 187//3926 2732//3926
f  2733//3927 2737//3927 2734//3927
f  2734//3928 2737//3928 2738//3928
f  2734//3929 2738//3929 2739//3929
f  2739//3930 2738//3930 183//3930
f  2739//3931 183//3931 2740//3931
f  2741//3932 2742//3932 2743//3932
f  2744//3933 2739//3933 2745//3933
f  2745//3934 2739//3934 2746//3934
f  2744//3935 2747//3935 2739//3935
f  2739//3936 2747//3936 2748//3936
f  2739//3937 2748//3937 2734//3937
f  2734//3938 2748//3938 2749//3938
f  2734//3939 2749//3939 2750//3939
f  2751//3940 2752//3940 2741//3940
f  2741//3941 2752//3941 2753//3941
f  2741//3942 2753//3942 2742//3942
f  2750//3943 2754//3943 2734//3943
f  2734//3944 2754//3944 2755//3944
f  2734//3945 2755//3945 2756//3945
f  2756//3946 2755//3946 2757//3946
f  2756//3947 2757//3947 2629//3947
f  2629//3948 2757//3948 2758//3948
f  2758//3949 2759//3949 2629//3949
f  2629//3950 2759//3950 2760//3950
f  2629//3951 2760//3951 2761//3951
f  2762//3952 2629//3952 2741//3952
f  2741//3953 2629//3953 2761//3953
f  2741//3954 2761//3954 2751//3954
f  2762//3955 2763//3955 2629//3955
f  2629//3956 2763//3956 2764//3956
f  2629//3957 2764//3957 2624//3957
f  2624//3958 2764//3958 2765//3958
f  2624//3959 2765//3959 2665//3959
f  2729//3960 2766//3960 2703//3960
f  2703//3961 2766//3961 2706//3961
f  2703//3962 2706//3962 2702//3962
f  2702//3963 2706//3963 2512//3963
f  2702//3964 2512//3964 2767//3964
f  2768//3965 2769//3965 2770//3965
f  2770//3966 2769//3966 2771//3966
f  2770//3967 2771//3967 2772//3967
f  2740//3968 2773//3968 2739//3968
f  2739//3969 2773//3969 2768//3969
f  2739//3970 2768//3970 2774//3970
f  2774//3971 2768//3971 2770//3971
f  2774//3972 2770//3972 2775//3972
f  174//3973 173//3973 2618//3973
f  2618//3974 173//3974 2684//3974
f  2618//3975 2684//3975 2776//3975
f  2776//3976 2684//3976 2683//3976
f  2776//3977 2683//3977 2777//3977
f  2777//3978 2683//3978 2678//3978
f  2777//3979 2678//3979 2741//3979
f  2741//3980 2678//3980 2682//3980
f  2741//3981 2682//3981 2762//3981
f  2778//3982 2607//3982 2779//3982
f  2779//3983 2607//3983 2606//3983
f  2779//3984 2606//3984 2775//3984
f  2608//3985 2618//3985 2606//3985
f  2606//3986 2618//3986 2776//3986
f  2606//3987 2776//3987 2775//3987
f  2775//3988 2776//3988 2777//3988
f  2775//3989 2777//3989 2774//3989
f  2774//3990 2777//3990 2741//3990
f  2774//3991 2741//3991 2739//3991
f  2739//3992 2741//3992 2743//3992
f  2739//3993 2743//3993 2746//3993
f  2780//3994 2699//3994 2781//3994
f  2781//3995 2699//3995 2698//3995
f  2781//3996 2698//3996 2782//3996
f  2782//3997 2698//3997 2696//3997
f  2782//3998 2696//3998 2783//3998
f  2783//3999 2696//3999 2694//3999
f  2784//4000 2612//4000 2689//4000
f  2689//4001 2612//4001 2614//4001
f  2689//4002 2614//4002 2690//4002
f  2690//4003 2614//4003 2617//4003
f  2690//4004 2617//4004 2692//4004
f  2692//4005 2617//4005 2785//4005
f  2692//4006 2785//4006 2694//4006
f  2694//4007 2785//4007 2786//4007
f  2694//4008 2786//4008 2783//4008
f  2783//4009 2786//4009 2787//4009
f  2783//4010 2787//4010 2782//4010
f  2782//4011 2787//4011 2700//4011
f  2782//4012 2700//4012 2781//4012
f  2781//4013 2700//4013 2702//4013
f  2781//4014 2702//4014 2780//4014
f  2780//4015 2702//4015 2767//4015
f  2720//4016 2701//4016 2772//4016
f  2772//4017 2701//4017 2700//4017
f  2772//4018 2700//4018 2770//4018
f  2770//4019 2700//4019 2787//4019
f  2770//4020 2787//4020 2775//4020
f  2775//4021 2787//4021 2786//4021
f  2775//4022 2786//4022 2779//4022
f  2779//4023 2786//4023 2785//4023
f  2779//4024 2785//4024 2778//4024
f  2778//4025 2785//4025 2617//4025
f  2778//4026 2617//4026 2607//4026
f  2607//4027 2617//4027 2616//4027
f  2607//4028 2616//4028 2608//4028
f  2608//4029 2616//4029 149//4029
f  2608//4030 149//4030 174//4030
f  2788//4031 2789//4031 2790//4031
f  2790//4032 2789//4032 2791//4032
f  2790//4033 2791//4033 2792//4033
f  2793//4034 2794//4034 2790//4034
f  2790//4035 2794//4035 2795//4035
f  2790//4036 2795//4036 2788//4036
f  2792//4037 2796//4037 2790//4037
f  2790//4038 2796//4038 2797//4038
f  2790//4039 2797//4039 2798//4039
f  2798//4040 2799//4040 2790//4040
f  2790//4041 2799//4041 2800//4041
f  2790//4042 2800//4042 2801//4042
f  2801//4043 2802//4043 2790//4043
f  2790//4044 2802//4044 2803//4044
f  2790//4045 2803//4045 2804//4045
f  2804//4046 2803//4046 2805//4046
f  2804//4047 2805//4047 2806//4047
f  2807//4048 2790//4048 2808//4048
f  2808//4049 2790//4049 2804//4049
f  2808//4050 2804//4050 2809//4050
f  2809//4051 2804//4051 2806//4051
f  2809//4052 2806//4052 2810//4052
f  2811//4053 2812//4053 2813//4053
f  2814//4054 2815//4054 2813//4054
f  2813//4055 2815//4055 2816//4055
f  2813//4056 2816//4056 2817//4056
f  2817//4057 2818//4057 2813//4057
f  2813//4053 2818//4053 2819//4053
f  2813//4053 2819//4053 2811//4053
f  2820//4058 2821//4058 2813//4058
f  2822//4059 2823//4059 2813//4059
f  2813//4060 2823//4060 2824//4060
f  2813//4061 2824//4061 2820//4061
f  2821//4062 2825//4062 2813//4062
f  2813//4063 2825//4063 2826//4063
f  2813//4064 2826//4064 2814//4064
f  2827//4065 2828//4065 2812//4065
f  2812//4066 2828//4066 2829//4066
f  2812//4067 2829//4067 2830//4067
f  2827//4068 2812//4068 2831//4068
f  2831//4069 2812//4069 2832//4069
f  2831//4069 2832//4069 2833//4069
f  2830//4070 2834//4070 2812//4070
f  2812//4071 2834//4071 2835//4071
f  2812//4072 2835//4072 2836//4072
f  2836//4073 2837//4073 2812//4073
f  2812//4073 2837//4073 2838//4073
f  2812//4073 2838//4073 2839//4073
f  2839//4074 2840//4074 2812//4074
f  2812//4075 2840//4075 2841//4075
f  2812//4076 2841//4076 2813//4076
f  2813//4077 2841//4077 2842//4077
f  2813//4078 2842//4078 2822//4078
f  2843//4079 2844//4079 2842//4079
f  2845//4080 2846//4080 2847//4080
f  2847//4081 2848//4081 2845//4081
f  2845//4082 2848//4082 2849//4082
f  2845//4083 2849//4083 2850//4083
f  2850//4084 2849//4084 2851//4084
f  2850//4085 2851//4085 2852//4085
f  2852//4086 2851//4086 2853//4086
f  2852//4087 2853//4087 2854//4087
f  2854//4088 2853//4088 2855//4088
f  2853//4089 2856//4089 2855//4089
f  2855//4090 2856//4090 2857//4090
f  2855//4091 2857//4091 2858//4091
f  2858//4092 2857//4092 2859//4092
f  2858//4093 2859//4093 2860//4093
f  2859//4094 2861//4094 2860//4094
f  2860//4095 2861//4095 2862//4095
f  2860//4096 2862//4096 2863//4096
f  2863//4097 2862//4097 2864//4097
f  2863//4098 2864//4098 2865//4098
f  2865//4099 2864//4099 2866//4099
f  2865//4100 2866//4100 2867//4100
f  2866//4101 2868//4101 2867//4101
f  2867//4102 2868//4102 2869//4102
f  2867//4103 2869//4103 2870//4103
f  2869//4104 2871//4104 2870//4104
f  2870//4105 2871//4105 2872//4105
f  2870//4106 2872//4106 2873//4106
f  2873//4107 2872//4107 2874//4107
f  2873//4108 2874//4108 2875//4108
f  2842//4109 2841//4109 2843//4109
f  2843//4110 2841//4110 2840//4110
f  2843//4111 2840//4111 2876//4111
f  2876//4112 2840//4112 2839//4112
f  2876//4113 2839//4113 2877//4113
f  2877//4114 2839//4114 2838//4114
f  2877//4115 2838//4115 2878//4115
f  2878//4116 2838//4116 2837//4116
f  2878//4117 2837//4117 2879//4117
f  2879//4118 2837//4118 2836//4118
f  2879//4119 2836//4119 2880//4119
f  2880//4120 2836//4120 2835//4120
f  2880//4121 2835//4121 2881//4121
f  2881//4122 2835//4122 2834//4122
f  2881//4123 2834//4123 2882//4123
f  2882//4124 2834//4124 2830//4124
f  2882//4125 2830//4125 2883//4125
f  2883//4126 2830//4126 2829//4126
f  2883//4126 2829//4126 2884//4126
f  2884//4127 2829//4127 2828//4127
f  2884//4128 2828//4128 2885//4128
f  2885//4129 2828//4129 2827//4129
f  2885//4130 2827//4130 2886//4130
f  2886//4131 2827//4131 2831//4131
f  2886//4132 2831//4132 2887//4132
f  2887//4133 2831//4133 2833//4133
f  2887//4134 2833//4134 2888//4134
f  2888//4135 2833//4135 2832//4135
f  2888//4136 2832//4136 2889//4136
f  2889//4137 2832//4137 2890//4137
f  2890//4138 2891//4138 2889//4138
f  2889//4139 2891//4139 2892//4139
f  2889//4140 2892//4140 2888//4140
f  2888//4141 2892//4141 2893//4141
f  2888//4142 2893//4142 2887//4142
f  2887//4143 2893//4143 2894//4143
f  2887//4144 2894//4144 2886//4144
f  2886//4145 2894//4145 2895//4145
f  2886//4146 2895//4146 2885//4146
f  2885//4147 2895//4147 2896//4147
f  2885//4148 2896//4148 2884//4148
f  2884//4149 2896//4149 2897//4149
f  2884//4150 2897//4150 2883//4150
f  2883//4150 2897//4150 2898//4150
f  2883//4151 2898//4151 2882//4151
f  2882//4152 2898//4152 2899//4152
f  2882//4153 2899//4153 2881//4153
f  2881//4154 2899//4154 2900//4154
f  2881//4155 2900//4155 2880//4155
f  2880//4156 2900//4156 2901//4156
f  2880//4157 2901//4157 2879//4157
f  2879//4158 2901//4158 2902//4158
f  2879//4159 2902//4159 2878//4159
f  2878//4160 2902//4160 2903//4160
f  2878//4161 2903//4161 2877//4161
f  2877//4162 2903//4162 2904//4162
f  2877//4163 2904//4163 2876//4163
f  2876//4164 2904//4164 2905//4164
f  2876//4165 2905//4165 2843//4165
f  2843//4166 2905//4166 2906//4166
f  2843//4167 2906//4167 2844//4167
f  2844//4167 2906//4167 2907//4167
f  2891//4168 2874//4168 2892//4168
f  2892//4169 2874//4169 2872//4169
f  2892//4170 2872//4170 2893//4170
f  2893//4171 2872//4171 2871//4171
f  2893//4172 2871//4172 2894//4172
f  2894//4173 2871//4173 2869//4173
f  2894//4174 2869//4174 2895//4174
f  2895//4175 2869//4175 2868//4175
f  2895//4176 2868//4176 2896//4176
f  2896//4177 2868//4177 2866//4177
f  2896//4178 2866//4178 2897//4178
f  2897//4179 2866//4179 2864//4179
f  2897//4180 2864//4180 2898//4180
f  2898//4181 2864//4181 2862//4181
f  2898//4182 2862//4182 2899//4182
f  2899//4182 2862//4182 2861//4182
f  2899//4183 2861//4183 2900//4183
f  2900//4184 2861//4184 2859//4184
f  2900//4185 2859//4185 2901//4185
f  2901//4186 2859//4186 2857//4186
f  2901//4187 2857//4187 2902//4187
f  2902//4188 2857//4188 2856//4188
f  2902//4189 2856//4189 2903//4189
f  2903//4190 2856//4190 2853//4190
f  2903//4191 2853//4191 2904//4191
f  2904//4192 2853//4192 2851//4192
f  2904//4193 2851//4193 2905//4193
f  2905//4194 2851//4194 2849//4194
f  2905//4195 2849//4195 2906//4195
f  2906//4196 2849//4196 2848//4196
f  2906//4197 2848//4197 2907//4197
f  2907//4198 2848//4198 2847//4198
f  2908//4199 2875//4199 2874//4199
f  2909//4200 2910//4200 2911//4200
f  2911//4201 2910//4201 2912//4201
f  2911//4202 2912//4202 2913//4202
f  2913//4203 2912//4203 2908//4203
f  2913//4204 2908//4204 2914//4204
f  2914//4205 2908//4205 2874//4205
f  2915//4206 2916//4206 2909//4206
f  2909//4207 2916//4207 2917//4207
f  2909//4208 2917//4208 2910//4208
f  2909//4209 2918//4209 2915//4209
f  2915//4210 2918//4210 2919//4210
f  2915//4211 2919//4211 2920//4211
f  2920//4212 2919//4212 2921//4212
f  2921//4213 2919//4213 2922//4213
f  2921//4214 2922//4214 2923//4214
f  2922//4215 2924//4215 2923//4215
f  2923//4216 2924//4216 2925//4216
f  2923//4217 2925//4217 2926//4217
f  2926//4218 2925//4218 2927//4218
f  2926//4219 2927//4219 2928//4219
f  2928//4220 2927//4220 2929//4220
f  2928//4221 2929//4221 2930//4221
f  2929//4222 2931//4222 2930//4222
f  2930//4223 2931//4223 2932//4223
f  2930//4224 2932//4224 2933//4224
f  2847//4225 2846//4225 2934//4225
f  2934//4226 2846//4226 2933//4226
f  2934//4227 2933//4227 2935//4227
f  2935//4228 2933//4228 2932//4228
f  2890//4229 2832//4229 2936//4229
f  2936//4229 2832//4229 2812//4229
f  2936//4230 2812//4230 2937//4230
f  2937//4231 2812//4231 2811//4231
f  2937//4232 2811//4232 2938//4232
f  2938//4233 2811//4233 2819//4233
f  2938//4234 2819//4234 2939//4234
f  2939//4235 2819//4235 2818//4235
f  2939//4236 2818//4236 2940//4236
f  2940//4237 2818//4237 2817//4237
f  2940//4238 2817//4238 2941//4238
f  2941//4239 2817//4239 2816//4239
f  2941//4240 2816//4240 2942//4240
f  2942//4241 2816//4241 2815//4241
f  2942//4242 2815//4242 2943//4242
f  2943//4242 2815//4242 2814//4242
f  2943//4243 2814//4243 2944//4243
f  2944//4244 2814//4244 2826//4244
f  2944//4245 2826//4245 2945//4245
f  2945//4246 2826//4246 2825//4246
f  2945//4247 2825//4247 2946//4247
f  2946//4248 2825//4248 2821//4248
f  2946//4249 2821//4249 2947//4249
f  2947//4250 2821//4250 2820//4250
f  2947//4251 2820//4251 2948//4251
f  2948//4252 2820//4252 2824//4252
f  2948//4253 2824//4253 2949//4253
f  2949//4254 2824//4254 2823//4254
f  2949//4255 2823//4255 2950//4255
f  2950//4256 2823//4256 2822//4256
f  2950//4257 2822//4257 2844//4257
f  2844//4258 2822//4258 2842//4258
f  2844//4259 2907//4259 2950//4259
f  2950//4260 2907//4260 2951//4260
f  2950//4261 2951//4261 2949//4261
f  2949//4262 2951//4262 2952//4262
f  2949//4263 2952//4263 2948//4263
f  2948//4264 2952//4264 2953//4264
f  2948//4265 2953//4265 2947//4265
f  2947//4266 2953//4266 2954//4266
f  2947//4267 2954//4267 2946//4267
f  2946//4268 2954//4268 2955//4268
f  2946//4269 2955//4269 2945//4269
f  2945//4270 2955//4270 2956//4270
f  2945//4271 2956//4271 2944//4271
f  2944//4272 2956//4272 2957//4272
f  2944//4273 2957//4273 2943//4273
f  2943//4273 2957//4273 2958//4273
f  2943//4274 2958//4274 2942//4274
f  2942//4275 2958//4275 2959//4275
f  2942//4276 2959//4276 2941//4276
f  2941//4277 2959//4277 2960//4277
f  2941//4278 2960//4278 2940//4278
f  2940//4279 2960//4279 2961//4279
f  2940//4280 2961//4280 2939//4280
f  2939//4281 2961//4281 2962//4281
f  2939//4282 2962//4282 2938//4282
f  2938//4283 2962//4283 2963//4283
f  2938//4284 2963//4284 2937//4284
f  2937//4285 2963//4285 2964//4285
f  2937//4286 2964//4286 2936//4286
f  2936//4287 2964//4287 2965//4287
f  2936//4288 2965//4288 2890//4288
f  2890//4288 2965//4288 2891//4288
f  2907//4289 2847//4289 2951//4289
f  2951//4290 2847//4290 2934//4290
f  2951//4291 2934//4291 2952//4291
f  2952//4292 2934//4292 2935//4292
f  2952//4293 2935//4293 2953//4293
f  2953//4294 2935//4294 2932//4294
f  2953//4295 2932//4295 2954//4295
f  2954//4296 2932//4296 2931//4296
f  2954//4297 2931//4297 2955//4297
f  2955//4298 2931//4298 2929//4298
f  2955//4299 2929//4299 2956//4299
f  2956//4300 2929//4300 2927//4300
f  2956//4301 2927//4301 2957//4301
f  2957//4302 2927//4302 2925//4302
f  2957//4303 2925//4303 2958//4303
f  2958//4304 2925//4304 2924//4304
f  2958//4305 2924//4305 2959//4305
f  2959//4306 2924//4306 2922//4306
f  2959//4307 2922//4307 2960//4307
f  2960//4308 2922//4308 2919//4308
f  2960//4309 2919//4309 2961//4309
f  2961//4310 2919//4310 2918//4310
f  2961//4311 2918//4311 2962//4311
f  2962//4312 2918//4312 2909//4312
f  2962//4313 2909//4313 2963//4313
f  2963//4314 2909//4314 2911//4314
f  2963//4315 2911//4315 2964//4315
f  2964//4316 2911//4316 2913//4316
f  2964//4317 2913//4317 2965//4317
f  2965//4318 2913//4318 2914//4318
f  2965//4319 2914//4319 2891//4319
f  2891//4320 2914//4320 2874//4320
f  2917//4321 2916//4321 2657//4321
f  2846//4322 2638//4322 2933//4322
f  2933//4323 2638//4323 2639//4323
f  2933//4324 2639//4324 2930//4324
f  2657//4325 2916//4325 2658//4325
f  2639//4326 2664//4326 2930//4326
f  2930//4327 2664//4327 2663//4327
f  2930//4328 2663//4328 2928//4328
f  2928//4329 2663//4329 2662//4329
f  2928//4330 2662//4330 2926//4330
f  2926//4331 2662//4331 2661//4331
f  2926//4332 2661//4332 2923//4332
f  2923//4333 2661//4333 2660//4333
f  2923//4334 2660//4334 2921//4334
f  2921//4335 2660//4335 2659//4335
f  2921//4336 2659//4336 2920//4336
f  2920//4337 2659//4337 2658//4337
f  2920//4338 2658//4338 2915//4338
f  2915//4339 2658//4339 2916//4339
f  2656//4340 2655//4340 2875//4340
f  2875//4341 2908//4341 2656//4341
f  2656//4342 2908//4342 2912//4342
f  2656//4343 2912//4343 2657//4343
f  2657//4344 2912//4344 2910//4344
f  2657//4345 2910//4345 2917//4345
f  2875//4346 2655//4346 2873//4346
f  2873//4347 2655//4347 2654//4347
f  2873//4348 2654//4348 2870//4348
f  2870//4349 2654//4349 2653//4349
f  2870//4350 2653//4350 2867//4350
f  2867//4351 2653//4351 2651//4351
f  2867//4352 2651//4352 2865//4352
f  2865//4353 2651//4353 2649//4353
f  2865//4354 2649//4354 2863//4354
f  2863//4355 2649//4355 2648//4355
f  2863//4356 2648//4356 2860//4356
f  2860//4357 2648//4357 2633//4357
f  2860//4358 2633//4358 2858//4358
f  2858//4359 2633//4359 2632//4359
f  2858//4360 2632//4360 2855//4360
f  2855//4361 2632//4361 2640//4361
f  2855//4362 2640//4362 2854//4362
f  2854//4363 2640//4363 2642//4363
f  2854//4364 2642//4364 2852//4364
f  2852//4365 2642//4365 2644//4365
f  2852//4366 2644//4366 2850//4366
f  2850//4367 2644//4367 2643//4367
f  2850//4368 2643//4368 2845//4368
f  2845//4369 2643//4369 2637//4369
f  2845//4370 2637//4370 2846//4370
f  2846//4371 2637//4371 2638//4371
f  2966//4372 2358//4372 2356//4372
f  2967//4373 2968//4373 2969//4373
f  2969//4374 2968//4374 2970//4374
f  2969//4375 2970//4375 2971//4375
f  2971//4376 2970//4376 2966//4376
f  2971//4377 2966//4377 2972//4377
f  2972//4378 2966//4378 2356//4378
f  2973//4379 2974//4379 2967//4379
f  2967//4380 2974//4380 2975//4380
f  2967//4381 2975//4381 2968//4381
f  2967//4382 2976//4382 2973//4382
f  2973//4383 2976//4383 2977//4383
f  2973//4384 2977//4384 2978//4384
f  2978//4385 2977//4385 2979//4385
f  2979//4386 2977//4386 2980//4386
f  2979//4387 2980//4387 2981//4387
f  2980//4388 2982//4388 2981//4388
f  2981//4389 2982//4389 2983//4389
f  2981//4390 2983//4390 2984//4390
f  2984//4391 2983//4391 2985//4391
f  2984//4392 2985//4392 2986//4392
f  2986//4393 2985//4393 2987//4393
f  2986//4394 2987//4394 2988//4394
f  2987//4395 2989//4395 2988//4395
f  2988//4396 2989//4396 2990//4396
f  2988//4397 2990//4397 2991//4397
f  2336//4398 2337//4398 2992//4398
f  2992//4399 2337//4399 2991//4399
f  2992//4400 2991//4400 2993//4400
f  2993//4401 2991//4401 2990//4401
f  2328//4402 2333//4402 2323//4402
f  2323//4403 2333//4403 2994//4403
f  2323//4404 2994//4404 2324//4404
f  2324//4405 2994//4405 2995//4405
f  2324//4406 2995//4406 2325//4406
f  2325//4407 2995//4407 2996//4407
f  2325//4408 2996//4408 2320//4408
f  2320//4409 2996//4409 2997//4409
f  2320//4410 2997//4410 2321//4410
f  2321//4411 2997//4411 2998//4411
f  2321//4412 2998//4412 2322//4412
f  2322//4413 2998//4413 2999//4413
f  2322//4414 2999//4414 2307//4414
f  2307//4415 2999//4415 3000//4415
f  2307//4416 3000//4416 2308//4416
f  2308//4416 3000//4416 3001//4416
f  2308//4417 3001//4417 2310//4417
f  2310//4418 3001//4418 3002//4418
f  2310//4419 3002//4419 2311//4419
f  2311//4420 3002//4420 3003//4420
f  2311//4421 3003//4421 2312//4421
f  2312//4422 3003//4422 3004//4422
f  2312//4423 3004//4423 2313//4423
f  2313//4424 3004//4424 3005//4424
f  2313//4425 3005//4425 2314//4425
f  2314//4426 3005//4426 3006//4426
f  2314//4427 3006//4427 2315//4427
f  2315//4428 3006//4428 3007//4428
f  2315//4429 3007//4429 2316//4429
f  2316//4430 3007//4430 3008//4430
f  2316//4431 3008//4431 2344//4431
f  2333//4432 2335//4432 2994//4432
f  2994//4433 2335//4433 3009//4433
f  2994//4434 3009//4434 2995//4434
f  2995//4435 3009//4435 3010//4435
f  2995//4436 3010//4436 2996//4436
f  2996//4437 3010//4437 3011//4437
f  2996//4438 3011//4438 2997//4438
f  2997//4439 3011//4439 3012//4439
f  2997//4440 3012//4440 2998//4440
f  2998//4441 3012//4441 3013//4441
f  2998//4442 3013//4442 2999//4442
f  2999//4443 3013//4443 3014//4443
f  2999//4444 3014//4444 3000//4444
f  3000//4445 3014//4445 3015//4445
f  3000//4446 3015//4446 3001//4446
f  3001//4447 3015//4447 3016//4447
f  3001//4448 3016//4448 3002//4448
f  3002//4449 3016//4449 3017//4449
f  3002//4450 3017//4450 3003//4450
f  3003//4451 3017//4451 3018//4451
f  3003//4452 3018//4452 3004//4452
f  3004//4453 3018//4453 3019//4453
f  3004//4454 3019//4454 3005//4454
f  3005//4455 3019//4455 3020//4455
f  3005//4456 3020//4456 3006//4456
f  3006//4457 3020//4457 3021//4457
f  3006//4458 3021//4458 3007//4458
f  3007//4459 3021//4459 3022//4459
f  3007//4460 3022//4460 3008//4460
f  3008//4461 3022//4461 3023//4461
f  3008//4462 3023//4462 2344//4462
f  2344//4463 3023//4463 2354//4463
f  2335//4464 2336//4464 3009//4464
f  3009//4465 2336//4465 2992//4465
f  3009//4466 2992//4466 3010//4466
f  3010//4467 2992//4467 2993//4467
f  3010//4468 2993//4468 3011//4468
f  3011//4469 2993//4469 2990//4469
f  3011//4470 2990//4470 3012//4470
f  3012//4471 2990//4471 2989//4471
f  3012//4472 2989//4472 3013//4472
f  3013//4473 2989//4473 2987//4473
f  3013//4474 2987//4474 3014//4474
f  3014//4475 2987//4475 2985//4475
f  3014//4476 2985//4476 3015//4476
f  3015//4477 2985//4477 2983//4477
f  3015//4478 2983//4478 3016//4478
f  3016//4479 2983//4479 2982//4479
f  3016//4480 2982//4480 3017//4480
f  3017//4481 2982//4481 2980//4481
f  3017//4482 2980//4482 3018//4482
f  3018//4483 2980//4483 2977//4483
f  3018//4484 2977//4484 3019//4484
f  3019//4485 2977//4485 2976//4485
f  3019//4486 2976//4486 3020//4486
f  3020//4487 2976//4487 2967//4487
f  3020//4488 2967//4488 3021//4488
f  3021//4489 2967//4489 2969//4489
f  3021//4490 2969//4490 3022//4490
f  3022//4491 2969//4491 2971//4491
f  3022//4492 2971//4492 3023//4492
f  3023//4493 2971//4493 2972//4493
f  3023//4494 2972//4494 2354//4494
f  2354//4495 2972//4495 2356//4495
f  2337//4496 2359//4496 2631//4496
f  2337//4497 2631//4497 2991//4497
f  2631//4498 2630//4498 2991//4498
f  2991//4499 2630//4499 2628//4499
f  2991//4500 2628//4500 2988//4500
f  2623//4501 2622//4501 2979//4501
f  2628//4502 2627//4502 2988//4502
f  2988//4503 2627//4503 2626//4503
f  2988//4504 2626//4504 2986//4504
f  2986//4505 2626//4505 2625//4505
f  2986//4506 2625//4506 2984//4506
f  2984//4507 2625//4507 2623//4507
f  2984//4508 2623//4508 2981//4508
f  2981//4509 2623//4509 2979//4509
f  2975//4510 2974//4510 2619//4510
f  2619//4511 2974//4511 2973//4511
f  2619//4512 2973//4512 2622//4512
f  2622//4513 2973//4513 2978//4513
f  2622//4514 2978//4514 2979//4514
f  2621//4515 2362//4515 2358//4515
f  2358//4516 2966//4516 2621//4516
f  2621//4517 2966//4517 2970//4517
f  2621//4518 2970//4518 2619//4518
f  2619//4519 2970//4519 2968//4519
f  2619//4520 2968//4520 2975//4520
f  3024//4521 3025//4521 3026//4521
f  3027//4522 3028//4522 3029//4522
f  3026//4523 3027//4523 3024//4523
f  3024//4524 3027//4524 3029//4524
f  3024//4525 3029//4525 3030//4525
f  3030//4526 3029//4526 3031//4526
f  3028//4527 3032//4527 3029//4527
f  3029//4528 3032//4528 3033//4528
f  3029//4529 3033//4529 3031//4529
f  3024//4530 3034//4530 3025//4530
f  3025//4531 3034//4531 3035//4531
f  3025//4532 3035//4532 3036//4532
f  3035//4533 3037//4533 3036//4533
f  3036//4534 3037//4534 3038//4534
f  3036//4535 3038//4535 3039//4535
f  3039//4536 3038//4536 3040//4536
f  3041//4537 3042//4537 3043//4537
f  3043//4538 3042//4538 3044//4538
f  3043//4539 3044//4539 3038//4539
f  3038//4540 3044//4540 3045//4540
f  3038//4541 3045//4541 3040//4541
f  3046//4542 3047//4542 3048//4542
f  3048//4543 3049//4543 3046//4543
f  3046//4544 3049//4544 79//4544
f  3046//4545 79//4545 81//4545
f  81//4546 80//4546 3050//4546
f  81//4547 3050//4547 3051//4547
f  3051//4548 3050//4548 3052//4548
f  3052//4549 3050//4549 3053//4549
f  3052//4550 3053//4550 3054//4550
f  3054//4551 3053//4551 3055//4551
f  3055//4552 3053//4552 3056//4552
f  3055//4553 3056//4553 3057//4553
f  3057//4554 3056//4554 3058//4554
f  3057//4555 3058//4555 3059//4555
f  3060//4556 3061//4556 3062//4556
f  3062//4557 3061//4557 3063//4557
f  3062//4558 3063//4558 3058//4558
f  3058//4559 3063//4559 3064//4559
f  3058//4560 3064//4560 3059//4560
f  3062//4561 3065//4561 3060//4561
f  3060//4562 3065//4562 3066//4562
f  3060//4563 3066//4563 3067//4563
f  3068//4564 3041//4564 3069//4564
f  3069//4565 3041//4565 3043//4565
f  3068//4566 3070//4566 3041//4566
f  3041//4567 3070//4567 3071//4567
f  3041//4568 3071//4568 3042//4568
f  3042//4569 3071//4569 3072//4569
f  3042//4570 3072//4570 3044//4570
f  3044//4571 3072//4571 3073//4571
f  3044//4572 3073//4572 3045//4572
f  3045//4573 3073//4573 3040//4573
f  3040//4574 3073//4574 3074//4574
f  3040//4575 3074//4575 3039//4575
f  3039//4576 3074//4576 3075//4576
f  3039//4577 3075//4577 3036//4577
f  3036//4578 3075//4578 3076//4578
f  3036//4579 3076//4579 3025//4579
f  3077//4580 3028//4580 3078//4580
f  3078//4581 3028//4581 3027//4581
f  3078//4582 3027//4582 3076//4582
f  3076//4583 3027//4583 3026//4583
f  3076//4584 3026//4584 3025//4584
f  3069//4585 3079//4585 3068//4585
f  3068//4586 3079//4586 3080//4586
f  3068//4587 3080//4587 3070//4587
f  3070//4588 3080//4588 3081//4588
f  3070//4589 3081//4589 3071//4589
f  3071//4590 3081//4590 3082//4590
f  3071//4591 3082//4591 3072//4591
f  3072//4592 3082//4592 3083//4592
f  3072//4593 3083//4593 3073//4593
f  3073//4594 3083//4594 3084//4594
f  3073//4595 3084//4595 3074//4595
f  3074//4596 3084//4596 3085//4596
f  3074//4597 3085//4597 3075//4597
f  3075//4598 3085//4598 3086//4598
f  3075//4599 3086//4599 3076//4599
f  3076//4600 3086//4600 3087//4600
f  3076//4601 3087//4601 3078//4601
f  3078//4602 3087//4602 3088//4602
f  3078//4603 3088//4603 3077//4603
f  3077//4604 3088//4604 3089//4604
f  3079//4605 3066//4605 3080//4605
f  3080//4606 3066//4606 3065//4606
f  3080//4607 3065//4607 3081//4607
f  3081//4608 3065//4608 3062//4608
f  3081//4609 3062//4609 3082//4609
f  3082//4610 3062//4610 3058//4610
f  3082//4611 3058//4611 3083//4611
f  3083//4612 3058//4612 3056//4612
f  3083//4613 3056//4613 3084//4613
f  3084//4614 3056//4614 3053//4614
f  3084//4615 3053//4615 3085//4615
f  3085//4616 3053//4616 3050//4616
f  3085//4617 3050//4617 3086//4617
f  3086//4618 3050//4618 80//4618
f  3086//4619 80//4619 3087//4619
f  3087//4620 80//4620 79//4620
f  3087//4621 79//4621 3088//4621
f  3088//4622 79//4622 3049//4622
f  3088//4623 3049//4623 3089//4623
f  3089//4624 3049//4624 3048//4624
f  3069//4625 3043//4625 3090//4625
f  3090//4626 3043//4626 3038//4626
f  3091//4627 83//4627 82//4627
f  82//4628 84//4628 3092//4628
f  82//4629 3092//4629 3093//4629
f  3093//4630 3092//4630 3094//4630
f  3093//4631 3094//4631 3066//4631
f  3066//4632 3094//4632 3067//4632
f  3091//4633 82//4633 3095//4633
f  3095//4634 82//4634 3096//4634
f  3095//4635 3096//4635 3097//4635
f  3097//4636 3096//4636 3098//4636
f  3097//4637 3098//4637 3099//4637
f  3099//4638 3098//4638 3100//4638
f  3100//4639 3098//4639 3101//4639
f  3100//4640 3101//4640 3102//4640
f  3102//4641 3101//4641 3103//4641
f  3102//4642 3103//4642 3104//4642
f  3105//4643 3106//4643 3107//4643
f  3107//4644 3106//4644 3108//4644
f  3107//4645 3108//4645 3103//4645
f  3103//4646 3108//4646 3109//4646
f  3103//4647 3109//4647 3104//4647
f  3107//4648 3110//4648 3105//4648
f  3105//4649 3110//4649 3048//4649
f  3105//4650 3048//4650 3047//4650
f  3077//4651 3111//4651 3028//4651
f  3028//4652 3111//4652 3112//4652
f  3028//4653 3112//4653 3032//4653
f  3032//4654 3112//4654 3113//4654
f  3032//4655 3113//4655 3033//4655
f  3033//4656 3113//4656 3114//4656
f  3033//4657 3114//4657 3031//4657
f  3031//4658 3114//4658 3115//4658
f  3031//4659 3115//4659 3030//4659
f  3030//4660 3115//4660 3116//4660
f  3030//4661 3116//4661 3024//4661
f  3024//4662 3116//4662 3117//4662
f  3038//4663 3037//4663 3090//4663
f  3090//4664 3037//4664 3035//4664
f  3090//4665 3035//4665 3117//4665
f  3117//4666 3035//4666 3034//4666
f  3117//4667 3034//4667 3024//4667
f  3077//4668 3089//4668 3111//4668
f  3111//4669 3089//4669 3118//4669
f  3111//4670 3118//4670 3112//4670
f  3112//4671 3118//4671 3119//4671
f  3112//4672 3119//4672 3113//4672
f  3113//4673 3119//4673 3120//4673
f  3113//4674 3120//4674 3114//4674
f  3114//4675 3120//4675 3121//4675
f  3114//4676 3121//4676 3115//4676
f  3115//4677 3121//4677 3122//4677
f  3115//4678 3122//4678 3116//4678
f  3116//4679 3122//4679 3123//4679
f  3116//4680 3123//4680 3117//4680
f  3117//4681 3123//4681 3124//4681
f  3117//4682 3124//4682 3090//4682
f  3090//4683 3124//4683 3125//4683
f  3090//4684 3125//4684 3069//4684
f  3069//4685 3125//4685 3079//4685
f  3089//4686 3048//4686 3118//4686
f  3118//4687 3048//4687 3110//4687
f  3118//4688 3110//4688 3119//4688
f  3119//4689 3110//4689 3107//4689
f  3119//4690 3107//4690 3120//4690
f  3120//4691 3107//4691 3103//4691
f  3120//4692 3103//4692 3121//4692
f  3121//4693 3103//4693 3101//4693
f  3121//4694 3101//4694 3122//4694
f  3122//4695 3101//4695 3098//4695
f  3122//4696 3098//4696 3123//4696
f  3123//4697 3098//4697 3096//4697
f  3123//4698 3096//4698 3124//4698
f  3124//4699 3096//4699 82//4699
f  3124//4700 82//4700 3125//4700
f  3125//4701 82//4701 3093//4701
f  3125//4702 3093//4702 3079//4702
f  3079//4703 3093//4703 3066//4703
f  3047//4704 2677//4704 3105//4704
f  3105//4705 2677//4705 2676//4705
f  3105//4706 2676//4706 3106//4706
f  2675//4707 2674//4707 3102//4707
f  3102//4708 3104//4708 2675//4708
f  2675//4709 3104//4709 3109//4709
f  2675//4710 3109//4710 2676//4710
f  2676//4711 3109//4711 3108//4711
f  2676//4712 3108//4712 3106//4712
f  85//4713 83//4713 3091//4713
f  85//4714 3091//4714 2671//4714
f  2671//4715 3091//4715 3095//4715
f  2671//4716 3095//4716 2672//4716
f  2672//4717 3095//4717 3097//4717
f  2672//4718 3097//4718 2673//4718
f  2673//4719 3097//4719 3099//4719
f  2673//4720 3099//4720 2674//4720
f  2674//4721 3099//4721 3100//4721
f  2674//4722 3100//4722 3102//4722
f  84//4723 85//4723 3092//4723
f  3092//4724 85//4724 2670//4724
f  3092//4725 2670//4725 3094//4725
f  3094//4726 2670//4726 2669//4726
f  3094//4727 2669//4727 3067//4727
f  3067//4728 2669//4728 3060//4728
f  3060//4729 2669//4729 2668//4729
f  3060//4730 2668//4730 3061//4730
f  2668//4731 2667//4731 3061//4731
f  3061//4732 2667//4732 2666//4732
f  3061//4733 2666//4733 3063//4733
f  3063//4734 2666//4734 2665//4734
f  2762//4735 3054//4735 2763//4735
f  2763//4736 3054//4736 3055//4736
f  2763//4737 3055//4737 2764//4737
f  2764//4738 3055//4738 3057//4738
f  2764//4739 3057//4739 2765//4739
f  2765//4740 3057//4740 3059//4740
f  2765//4741 3059//4741 2665//4741
f  2665//4742 3059//4742 3064//4742
f  2665//4743 3064//4743 3063//4743
f  2680//4744 3046//4744 2681//4744
f  2681//4745 3046//4745 81//4745
f  2681//4746 81//4746 2682//4746
f  2682//4747 81//4747 3051//4747
f  2682//4748 3051//4748 2762//4748
f  2762//4749 3051//4749 3052//4749
f  2762//4750 3052//4750 3054//4750
f  2680//4751 2679//4751 3046//4751
f  3046//4752 2679//4752 2677//4752
f  3046//4753 2677//4753 3047//4753
f  3126//4754 3127//4754 3128//4754
f  3129//4755 3130//4755 3131//4755
f  3131//4756 3130//4756 3132//4756
f  3131//4757 3132//4757 3133//4757
f  3133//4758 3132//4758 3134//4758
f  3133//4759 3134//4759 3128//4759
f  3134//4760 3135//4760 3128//4760
f  3128//4761 3135//4761 91//4761
f  3128//4762 91//4762 90//4762
f  3136//4763 3137//4763 3138//4763
f  3138//4764 3137//4764 3126//4764
f  3138//4765 3126//4765 3139//4765
f  3139//4766 3126//4766 3128//4766
f  3139//4767 3128//4767 3140//4767
f  3140//4768 3128//4768 90//4768
f  3141//4769 3138//4769 3142//4769
f  3142//4770 3138//4770 3139//4770
f  3143//4771 3144//4771 3145//4771
f  3145//4772 3146//4772 3143//4772
f  3143//4773 3146//4773 87//4773
f  3143//4774 87//4774 86//4774
f  86//4775 88//4775 3147//4775
f  3147//4776 88//4776 3148//4776
f  3148//4777 88//4777 3149//4777
f  3148//4778 3149//4778 3150//4778
f  3150//4779 3149//4779 3151//4779
f  3151//4780 3149//4780 3152//4780
f  3151//4781 3152//4781 3153//4781
f  3153//4782 3152//4782 3154//4782
f  3154//4783 3152//4783 3155//4783
f  3154//4784 3155//4784 3156//4784
f  3157//4785 3158//4785 3159//4785
f  3159//4786 3158//4786 3160//4786
f  3159//4787 3160//4787 3155//4787
f  3155//4788 3160//4788 3161//4788
f  3155//4789 3161//4789 3156//4789
f  3159//4790 3162//4790 3157//4790
f  3157//4791 3162//4791 3163//4791
f  3157//4792 3163//4792 3164//4792
f  3164//4793 3163//4793 3165//4793
f  3164//4794 3165//4794 3166//4794
f  3167//4795 3168//4795 3131//4795
f  3131//4796 3168//4796 3169//4796
f  3131//4797 3169//4797 3129//4797
f  3129//4798 3169//4798 3170//4798
f  3129//4799 3170//4799 3130//4799
f  3130//4800 3170//4800 3171//4800
f  3130//4801 3171//4801 3132//4801
f  3132//4802 3171//4802 3172//4802
f  3132//4803 3172//4803 3173//4803
f  3139//4804 3140//4804 3142//4804
f  3142//4805 3140//4805 90//4805
f  3142//4806 90//4806 89//4806
f  89//4807 91//4807 3174//4807
f  3174//4808 91//4808 3135//4808
f  3174//4809 3135//4809 3173//4809
f  3173//4810 3135//4810 3134//4810
f  3173//4811 3134//4811 3132//4811
f  3167//4812 3175//4812 3168//4812
f  3168//4813 3175//4813 3176//4813
f  3168//4814 3176//4814 3169//4814
f  3169//4815 3176//4815 3177//4815
f  3169//4816 3177//4816 3170//4816
f  3170//4817 3177//4817 3178//4817
f  3170//4818 3178//4818 3171//4818
f  3171//4819 3178//4819 3179//4819
f  3171//4820 3179//4820 3172//4820
f  3172//4821 3179//4821 3180//4821
f  3172//4822 3180//4822 3173//4822
f  3173//4823 3180//4823 3181//4823
f  3173//4824 3181//4824 3174//4824
f  3174//4825 3181//4825 92//4825
f  3174//4826 92//4826 89//4826
f  89//4827 92//4827 93//4827
f  89//4828 93//4828 3142//4828
f  3142//4829 93//4829 3182//4829
f  3142//4830 3182//4830 3141//4830
f  3141//4831 3182//4831 3183//4831
f  3175//4832 3165//4832 3176//4832
f  3176//4833 3165//4833 3163//4833
f  3176//4834 3163//4834 3177//4834
f  3177//4835 3163//4835 3162//4835
f  3177//4836 3162//4836 3178//4836
f  3178//4837 3162//4837 3159//4837
f  3178//4838 3159//4838 3179//4838
f  3179//4839 3159//4839 3155//4839
f  3179//4840 3155//4840 3180//4840
f  3180//4841 3155//4841 3152//4841
f  3180//4842 3152//4842 3181//4842
f  3181//4843 3152//4843 3149//4843
f  3181//4844 3149//4844 92//4844
f  92//4845 3149//4845 88//4845
f  93//4846 87//4846 3182//4846
f  3182//4847 87//4847 3146//4847
f  3182//4848 3146//4848 3183//4848
f  3183//4849 3146//4849 3145//4849
f  3167//4850 3184//4850 3185//4850
f  3167//4851 3185//4851 3175//4851
f  3175//4852 3185//4852 3186//4852
f  3175//4853 3186//4853 3165//4853
f  3187//4854 3188//4854 3189//4854
f  3190//4855 3191//4855 3192//4855
f  3192//4856 3193//4856 3190//4856
f  3190//4857 3193//4857 3194//4857
f  3190//4858 3194//4858 3187//4858
f  3187//4859 3194//4859 3195//4859
f  3187//4860 3195//4860 3188//4860
f  3196//4861 3197//4861 3191//4861
f  3191//4862 3197//4862 3198//4862
f  3191//4863 3198//4863 3192//4863
f  3199//4864 3200//4864 3201//4864
f  3201//4865 3200//4865 3202//4865
f  3201//4866 3202//4866 3196//4866
f  3196//4867 3202//4867 3203//4867
f  3196//4868 3203//4868 3197//4868
f  3199//4869 3201//4869 3204//4869
f  3204//4870 3201//4870 3205//4870
f  3204//4871 3205//4871 3206//4871
f  3206//4872 3205//4872 3207//4872
f  3206//4873 3207//4873 3208//4873
f  3208//4874 3207//4874 3145//4874
f  3208//4875 3145//4875 3144//4875
f  3167//4876 3131//4876 3184//4876
f  3184//4877 3131//4877 3133//4877
f  3184//4878 3133//4878 3128//4878
f  3209//4879 3210//4879 3211//4879
f  3211//4880 3210//4880 3212//4880
f  3211//4881 3212//4881 3213//4881
f  3213//4882 3212//4882 3214//4882
f  3213//4883 3214//4883 3215//4883
f  3215//4884 3214//4884 3216//4884
f  3215//4885 3216//4885 3217//4885
f  3217//4886 3216//4886 3218//4886
f  3217//4887 3218//4887 3219//4887
f  3219//4888 3218//4888 3220//4888
f  3219//4889 3220//4889 3221//4889
f  3221//4890 3220//4890 3222//4890
f  3221//4891 3222//4891 3183//4891
f  3183//4892 3145//4892 3221//4892
f  3221//4893 3145//4893 3207//4893
f  3221//4894 3207//4894 3219//4894
f  3219//4895 3207//4895 3205//4895
f  3219//4896 3205//4896 3217//4896
f  3217//4897 3205//4897 3201//4897
f  3217//4898 3201//4898 3215//4898
f  3215//4899 3201//4899 3196//4899
f  3215//4900 3196//4900 3213//4900
f  3213//4901 3196//4901 3191//4901
f  3213//4902 3191//4902 3211//4902
f  3211//4903 3191//4903 3190//4903
f  3211//4904 3190//4904 3209//4904
f  3209//4905 3190//4905 3187//4905
f  3166//4906 3165//4906 3189//4906
f  3189//4907 3165//4907 3186//4907
f  3189//4908 3186//4908 3187//4908
f  3187//4909 3186//4909 3185//4909
f  3187//4910 3185//4910 3209//4910
f  3209//4911 3185//4911 3184//4911
f  3209//4912 3184//4912 3210//4912
f  3210//4913 3184//4913 3128//4913
f  3210//4914 3128//4914 3212//4914
f  3212//4915 3128//4915 3127//4915
f  3212//4916 3127//4916 3214//4916
f  3214//4917 3127//4917 3126//4917
f  3214//4918 3126//4918 3216//4918
f  3216//4919 3126//4919 3137//4919
f  3216//4920 3137//4920 3218//4920
f  3218//4921 3137//4921 3136//4921
f  3218//4922 3136//4922 3220//4922
f  3220//4923 3136//4923 3138//4923
f  3220//4924 3138//4924 3222//4924
f  3222//4925 3138//4925 3141//4925
f  3222//4926 3141//4926 3183//4926
f  3144//4927 2743//4927 3208//4927
f  3208//4928 2743//4928 2742//4928
f  3208//4929 2742//4929 3206//4929
f  3206//4930 2742//4930 3204//4930
f  3204//4931 2742//4931 2753//4931
f  3204//4932 2753//4932 3199//4932
f  2751//4933 3203//4933 2752//4933
f  2752//4934 3203//4934 3202//4934
f  2752//4935 3202//4935 2753//4935
f  2753//4936 3202//4936 3200//4936
f  2753//4937 3200//4937 3199//4937
f  2760//4938 3192//4938 2761//4938
f  2761//4939 3192//4939 3198//4939
f  2761//4940 3198//4940 2751//4940
f  2751//4941 3198//4941 3197//4941
f  2751//4942 3197//4942 3203//4942
f  3189//4943 3188//4943 2758//4943
f  2758//4944 3188//4944 3195//4944
f  2758//4945 3195//4945 2759//4945
f  2759//4946 3195//4946 3194//4946
f  2759//4947 3194//4947 2760//4947
f  2760//4948 3194//4948 3193//4948
f  2760//4949 3193//4949 3192//4949
f  2758//4950 2757//4950 3189//4950
f  3189//4951 2757//4951 2755//4951
f  3189//4952 2755//4952 3166//4952
f  3160//4953 3158//4953 2750//4953
f  2754//4954 3164//4954 2755//4954
f  2755//4955 3164//4955 3166//4955
f  2750//4956 3158//4956 2754//4956
f  2754//4957 3158//4957 3157//4957
f  2754//4958 3157//4958 3164//4958
f  3160//4959 2750//4959 3161//4959
f  3161//4960 2750//4960 2749//4960
f  3161//4961 2749//4961 3156//4961
f  3147//4962 3148//4962 2744//4962
f  2744//4963 3148//4963 3150//4963
f  2744//4964 3150//4964 2747//4964
f  2747//4965 3150//4965 3151//4965
f  2747//4966 3151//4966 2748//4966
f  2748//4967 3151//4967 3153//4967
f  2748//4968 3153//4968 2749//4968
f  2749//4969 3153//4969 3154//4969
f  2749//4970 3154//4970 3156//4970
f  2744//4971 2745//4971 3147//4971
f  3147//4972 2745//4972 2746//4972
f  3147//4973 2746//4973 86//4973
f  2743//4974 3144//4974 2746//4974
f  2746//4975 3144//4975 3143//4975
f  2746//4976 3143//4976 86//4976
f  3223//4977 3224//4977 3225//4977
f  3224//4978 3226//4978 3225//4978
f  3225//4979 3226//4979 3227//4979
f  3225//4980 3227//4980 3228//4980
f  3228//4981 3229//4981 3225//4981
f  3225//4982 3229//4982 3230//4982
f  3225//4983 3230//4983 3231//4983
f  3232//4984 3233//4984 3225//4984
f  3225//4985 3233//4985 3234//4985
f  3225//4986 3234//4986 3223//4986
f  3235//4987 3236//4987 3225//4987
f  3225//4988 3236//4988 3237//4988
f  3225//4989 3237//4989 3232//4989
f  3238//4990 3239//4990 3225//4990
f  3225//4991 3239//4991 3240//4991
f  3225//4992 3240//4992 3241//4992
f  3241//4993 3242//4993 3225//4993
f  3225//4994 3242//4994 3243//4994
f  3225//4995 3243//4995 3244//4995
f  3244//4996 3245//4996 3225//4996
f  3225//4997 3245//4997 3246//4997
f  3225//4998 3246//4998 3235//4998
f  3231//4999 3247//4999 3225//4999
f  3225//5000 3247//5000 3248//5000
f  3225//5001 3248//5001 3249//5001
f  3250//5002 3251//5002 3225//5002
f  3225//5003 3251//5003 3252//5003
f  3225//5004 3252//5004 3238//5004
f  3249//5005 3253//5005 3225//5005
f  3225//5006 3253//5006 3254//5006
f  3225//5007 3254//5007 3250//5007
f  3255//5008 3256//5008 3235//5008
f  3257//5009 3258//5009 3259//5009
f  3259//5010 3258//5010 3260//5010
f  3259//5011 3260//5011 3261//5011
f  3261//5012 3260//5012 3262//5012
f  3261//5013 3262//5013 3263//5013
f  3263//5014 3262//5014 3264//5014
f  3263//5015 3264//5015 3265//5015
f  3264//5016 3266//5016 3265//5016
f  3265//5017 3266//5017 3267//5017
f  3265//5018 3267//5018 3268//5018
f  3268//5019 3267//5019 3269//5019
f  3268//5020 3269//5020 3270//5020
f  3270//5021 3269//5021 3271//5021
f  3270//5022 3271//5022 3272//5022
f  3272//5023 3271//5023 3273//5023
f  3272//5024 3273//5024 3274//5024
f  3274//5025 3273//5025 3275//5025
f  3274//5026 3275//5026 3276//5026
f  3276//5027 3275//5027 3277//5027
f  3276//5028 3277//5028 3278//5028
f  3278//5029 3277//5029 3279//5029
f  3279//5030 3277//5030 3280//5030
f  3279//5031 3280//5031 3281//5031
f  3281//5032 3280//5032 3282//5032
f  3281//5033 3282//5033 3283//5033
f  3283//5034 3282//5034 3284//5034
f  3283//5035 3284//5035 3285//5035
f  3285//5036 3284//5036 3286//5036
f  3285//5037 3286//5037 3287//5037
f  3287//5038 3286//5038 3288//5038
f  3287//5039 3288//5039 3289//5039
f  3249//5040 3248//5040 3290//5040
f  3235//5041 3246//5041 3255//5041
f  3255//5042 3246//5042 3245//5042
f  3255//5043 3245//5043 3291//5043
f  3291//5044 3245//5044 3244//5044
f  3291//5045 3244//5045 3292//5045
f  3292//5046 3244//5046 3243//5046
f  3292//5047 3243//5047 3293//5047
f  3293//5048 3243//5048 3242//5048
f  3293//5049 3242//5049 3294//5049
f  3294//5050 3242//5050 3241//5050
f  3294//5051 3241//5051 3295//5051
f  3295//5052 3241//5052 3240//5052
f  3295//5053 3240//5053 3296//5053
f  3296//5054 3240//5054 3239//5054
f  3296//5055 3239//5055 3297//5055
f  3297//5056 3239//5056 3238//5056
f  3297//5057 3238//5057 3298//5057
f  3298//5058 3238//5058 3252//5058
f  3298//5059 3252//5059 3299//5059
f  3299//5060 3252//5060 3251//5060
f  3299//5061 3251//5061 3300//5061
f  3300//5062 3251//5062 3250//5062
f  3300//5063 3250//5063 3301//5063
f  3301//5064 3250//5064 3254//5064
f  3301//5065 3254//5065 3302//5065
f  3302//5066 3254//5066 3253//5066
f  3302//5067 3253//5067 3303//5067
f  3303//5068 3253//5068 3249//5068
f  3303//5069 3249//5069 3304//5069
f  3304//5070 3249//5070 3290//5070
f  3290//5071 3305//5071 3304//5071
f  3304//5072 3305//5072 3306//5072
f  3304//5073 3306//5073 3303//5073
f  3303//5074 3306//5074 3307//5074
f  3303//5075 3307//5075 3302//5075
f  3302//5076 3307//5076 3308//5076
f  3302//5077 3308//5077 3301//5077
f  3301//5078 3308//5078 3309//5078
f  3301//5079 3309//5079 3300//5079
f  3300//5080 3309//5080 3310//5080
f  3300//5081 3310//5081 3299//5081
f  3299//5082 3310//5082 3311//5082
f  3299//5083 3311//5083 3298//5083
f  3298//5084 3311//5084 3312//5084
f  3298//5085 3312//5085 3297//5085
f  3297//5086 3312//5086 3313//5086
f  3297//5087 3313//5087 3296//5087
f  3296//5088 3313//5088 3314//5088
f  3296//5089 3314//5089 3295//5089
f  3295//5090 3314//5090 3315//5090
f  3295//5091 3315//5091 3294//5091
f  3294//5092 3315//5092 3316//5092
f  3294//5093 3316//5093 3293//5093
f  3293//5094 3316//5094 3317//5094
f  3293//5095 3317//5095 3292//5095
f  3292//5096 3317//5096 3318//5096
f  3292//5097 3318//5097 3291//5097
f  3291//5098 3318//5098 3319//5098
f  3291//5099 3319//5099 3255//5099
f  3255//5100 3319//5100 3320//5100
f  3255//5101 3320//5101 3256//5101
f  3256//5102 3320//5102 3321//5102
f  3305//5103 3288//5103 3306//5103
f  3306//5104 3288//5104 3286//5104
f  3306//5105 3286//5105 3307//5105
f  3307//5106 3286//5106 3284//5106
f  3307//5107 3284//5107 3308//5107
f  3308//5108 3284//5108 3282//5108
f  3308//5109 3282//5109 3309//5109
f  3309//5110 3282//5110 3280//5110
f  3309//5111 3280//5111 3310//5111
f  3310//5112 3280//5112 3277//5112
f  3310//5113 3277//5113 3311//5113
f  3311//5114 3277//5114 3275//5114
f  3311//5115 3275//5115 3312//5115
f  3312//5116 3275//5116 3273//5116
f  3312//5117 3273//5117 3313//5117
f  3313//5118 3273//5118 3271//5118
f  3313//5119 3271//5119 3314//5119
f  3314//5119 3271//5119 3269//5119
f  3314//5120 3269//5120 3315//5120
f  3315//5121 3269//5121 3267//5121
f  3315//5122 3267//5122 3316//5122
f  3316//5123 3267//5123 3266//5123
f  3316//5124 3266//5124 3317//5124
f  3317//5125 3266//5125 3264//5125
f  3317//5126 3264//5126 3318//5126
f  3318//5127 3264//5127 3262//5127
f  3318//5128 3262//5128 3319//5128
f  3319//5129 3262//5129 3260//5129
f  3319//5130 3260//5130 3320//5130
f  3320//5131 3260//5131 3258//5131
f  3320//5132 3258//5132 3321//5132
f  3321//5133 3258//5133 3257//5133
f  3322//5134 3290//5134 3248//5134
f  3323//5135 3289//5135 3288//5135
f  3288//5136 3324//5136 3323//5136
f  3323//5137 3324//5137 3325//5137
f  3323//5138 3325//5138 3326//5138
f  3326//5139 3325//5139 3327//5139
f  3327//5140 3325//5140 3328//5140
f  3327//5141 3328//5141 3329//5141
f  3329//5142 3328//5142 3330//5142
f  3329//5143 3330//5143 3331//5143
f  3331//5144 3330//5144 3332//5144
f  3331//5145 3332//5145 3333//5145
f  3333//5146 3332//5146 3334//5146
f  3333//5147 3334//5147 3335//5147
f  3335//5148 3334//5148 3336//5148
f  3335//5149 3336//5149 3337//5149
f  3337//5150 3336//5150 3338//5150
f  3337//5151 3338//5151 3339//5151
f  3339//5152 3338//5152 3340//5152
f  3339//5153 3340//5153 3341//5153
f  3341//5154 3340//5154 3342//5154
f  3341//5155 3342//5155 3343//5155
f  3343//5156 3342//5156 3344//5156
f  3343//5157 3344//5157 3345//5157
f  3345//5158 3344//5158 3346//5158
f  3345//5159 3346//5159 3347//5159
f  3347//5160 3346//5160 3348//5160
f  3347//5161 3348//5161 3349//5161
f  3348//5162 3350//5162 3349//5162
f  3349//5163 3350//5163 3351//5163
f  3349//5164 3351//5164 3352//5164
f  3352//5165 3351//5165 3257//5165
f  3352//5166 3257//5166 3259//5166
f  3248//5167 3247//5167 3322//5167
f  3322//5168 3247//5168 3231//5168
f  3322//5169 3231//5169 3353//5169
f  3353//5170 3231//5170 3230//5170
f  3353//5171 3230//5171 3354//5171
f  3354//5172 3230//5172 3229//5172
f  3354//5173 3229//5173 3355//5173
f  3355//5174 3229//5174 3228//5174
f  3355//5175 3228//5175 3356//5175
f  3356//5176 3228//5176 3227//5176
f  3356//5177 3227//5177 3357//5177
f  3357//5178 3227//5178 3226//5178
f  3357//5179 3226//5179 3358//5179
f  3358//5180 3226//5180 3224//5180
f  3358//5181 3224//5181 3359//5181
f  3359//5182 3224//5182 3223//5182
f  3359//5183 3223//5183 3360//5183
f  3360//5184 3223//5184 3234//5184
f  3360//5185 3234//5185 3361//5185
f  3361//5186 3234//5186 3233//5186
f  3361//5187 3233//5187 3362//5187
f  3362//5188 3233//5188 3232//5188
f  3362//5189 3232//5189 3363//5189
f  3363//5190 3232//5190 3237//5190
f  3363//5191 3237//5191 3364//5191
f  3364//5192 3237//5192 3236//5192
f  3364//5193 3236//5193 3365//5193
f  3365//5194 3236//5194 3235//5194
f  3365//5195 3235//5195 3366//5195
f  3366//5196 3235//5196 3256//5196
f  3256//5197 3321//5197 3366//5197
f  3366//5198 3321//5198 3367//5198
f  3366//5199 3367//5199 3365//5199
f  3365//5200 3367//5200 3368//5200
f  3365//5201 3368//5201 3364//5201
f  3364//5202 3368//5202 3369//5202
f  3364//5203 3369//5203 3363//5203
f  3363//5204 3369//5204 3370//5204
f  3363//5205 3370//5205 3362//5205
f  3362//5206 3370//5206 3371//5206
f  3362//5207 3371//5207 3361//5207
f  3361//5208 3371//5208 3372//5208
f  3361//5209 3372//5209 3360//5209
f  3360//5210 3372//5210 3373//5210
f  3360//5211 3373//5211 3359//5211
f  3359//5212 3373//5212 3374//5212
f  3359//5213 3374//5213 3358//5213
f  3358//5214 3374//5214 3375//5214
f  3358//5215 3375//5215 3357//5215
f  3357//5216 3375//5216 3376//5216
f  3357//5217 3376//5217 3356//5217
f  3356//5218 3376//5218 3377//5218
f  3356//5219 3377//5219 3355//5219
f  3355//5220 3377//5220 3378//5220
f  3355//5221 3378//5221 3354//5221
f  3354//5222 3378//5222 3379//5222
f  3354//5223 3379//5223 3353//5223
f  3353//5224 3379//5224 3380//5224
f  3353//5225 3380//5225 3322//5225
f  3322//5226 3380//5226 3381//5226
f  3322//5227 3381//5227 3290//5227
f  3290//5228 3381//5228 3305//5228
f  3321//5229 3257//5229 3367//5229
f  3367//5230 3257//5230 3351//5230
f  3367//5231 3351//5231 3368//5231
f  3368//5232 3351//5232 3350//5232
f  3368//5233 3350//5233 3369//5233
f  3369//5234 3350//5234 3348//5234
f  3369//5235 3348//5235 3370//5235
f  3370//5236 3348//5236 3346//5236
f  3370//5237 3346//5237 3371//5237
f  3371//5238 3346//5238 3344//5238
f  3371//5239 3344//5239 3372//5239
f  3372//5240 3344//5240 3342//5240
f  3372//5241 3342//5241 3373//5241
f  3373//5242 3342//5242 3340//5242
f  3373//5243 3340//5243 3374//5243
f  3374//5244 3340//5244 3338//5244
f  3374//5245 3338//5245 3375//5245
f  3375//5246 3338//5246 3336//5246
f  3375//5247 3336//5247 3376//5247
f  3376//5248 3336//5248 3334//5248
f  3376//5249 3334//5249 3377//5249
f  3377//5250 3334//5250 3332//5250
f  3377//5251 3332//5251 3378//5251
f  3378//5252 3332//5252 3330//5252
f  3378//5253 3330//5253 3379//5253
f  3379//5254 3330//5254 3328//5254
f  3379//5255 3328//5255 3380//5255
f  3380//5256 3328//5256 3325//5256
f  3380//5257 3325//5257 3381//5257
f  3381//5258 3325//5258 3324//5258
f  3381//5259 3324//5259 3305//5259
f  3305//5260 3324//5260 3288//5260
f  3352//5261 3259//5261 2726//5261
f  3352//5262 2726//5262 3349//5262
f  2610//5263 3347//5263 2728//5263
f  2728//5264 3347//5264 3349//5264
f  2728//5265 3349//5265 2727//5265
f  2727//5266 3349//5266 2726//5266
f  2609//5267 3343//5267 2610//5267
f  2610//5268 3343//5268 3345//5268
f  2610//5269 3345//5269 3347//5269
f  2711//5270 2710//5270 3329//5270
f  3329//5271 3331//5271 2711//5271
f  2711//5272 3331//5272 3333//5272
f  2711//5273 3333//5273 2715//5273
f  2715//5274 3333//5274 3335//5274
f  2715//5275 3335//5275 2716//5275
f  2716//5276 3335//5276 3337//5276
f  2716//5277 3337//5277 2717//5277
f  2717//5278 3337//5278 3339//5278
f  2717//5279 3339//5279 2609//5279
f  2609//5280 3339//5280 3341//5280
f  2609//5281 3341//5281 3343//5281
f  2713//5282 2709//5282 3289//5282
f  3289//5283 3323//5283 2713//5283
f  2713//5284 3323//5284 3326//5284
f  2713//5285 3326//5285 2710//5285
f  2710//5286 3326//5286 3327//5286
f  2710//5287 3327//5287 3329//5287
f  2707//5288 3279//5288 3281//5288
f  3289//5289 2709//5289 3287//5289
f  3287//5290 2709//5290 2708//5290
f  3287//5291 2708//5291 3285//5291
f  3285//5292 2708//5292 2707//5292
f  3285//5293 2707//5293 3283//5293
f  3283//5294 2707//5294 3281//5294
f  2766//5295 2729//5295 3265//5295
f  3265//5296 3268//5296 2766//5296
f  2766//5297 3268//5297 3270//5297
f  2766//5298 3270//5298 2706//5298
f  2706//5299 3270//5299 3272//5299
f  2706//5300 3272//5300 2705//5300
f  2705//5301 3272//5301 3274//5301
f  2705//5302 3274//5302 2704//5302
f  2704//5303 3274//5303 3276//5303
f  2704//5304 3276//5304 2707//5304
f  2707//5305 3276//5305 3278//5305
f  2707//5306 3278//5306 3279//5306
f  2729//5307 2730//5307 3265//5307
f  3265//5308 2730//5308 2731//5308
f  3265//5309 2731//5309 3263//5309
f  2726//5310 3259//5310 2731//5310
f  2731//5311 3259//5311 3261//5311
f  2731//5312 3261//5312 3263//5312
f  3382//5313 3383//5313 3384//5313
f  3385//5314 3386//5314 3387//5314
f  3387//5315 3386//5315 3382//5315
f  3387//5316 3382//5316 3388//5316
f  3388//5317 3382//5317 3384//5317
f  3389//5318 3390//5318 3382//5318
f  3382//5318 3390//5318 3391//5318
f  3382//5319 3391//5319 3383//5319
f  3382//5320 3392//5320 3393//5320
f  3394//5321 3389//5321 3395//5321
f  3395//5322 3389//5322 3382//5322
f  3395//5323 3382//5323 3396//5323
f  3396//5324 3382//5324 3393//5324
f  3397//5325 3392//5325 3398//5325
f  3398//5326 3392//5326 3382//5326
f  3398//5327 3382//5327 3399//5327
f  3399//5328 3382//5328 3386//5328
f  3400//5329 3401//5329 3386//5329
f  3402//5330 3403//5330 3404//5330
f  3404//5331 3403//5331 3405//5331
f  3404//5332 3405//5332 3406//5332
f  3406//5333 3405//5333 3407//5333
f  3407//5334 3405//5334 3408//5334
f  3407//5335 3408//5335 3409//5335
f  3409//5336 3408//5336 3410//5336
f  3409//5337 3410//5337 3411//5337
f  3411//5338 3410//5338 3412//5338
f  3411//5339 3412//5339 3413//5339
f  3413//5340 3412//5340 3414//5340
f  3413//5341 3414//5341 3415//5341
f  3416//5342 3417//5342 3418//5342
f  3418//5343 3417//5343 3419//5343
f  3418//5344 3419//5344 3414//5344
f  3414//5345 3419//5345 3420//5345
f  3414//5346 3420//5346 3415//5346
f  3418//5347 3421//5347 3416//5347
f  3416//5348 3421//5348 3422//5348
f  3416//5349 3422//5349 3423//5349
f  3423//5350 3422//5350 3424//5350
f  3423//5351 3424//5351 3425//5351
f  3425//5352 3424//5352 3426//5352
f  3426//5353 3424//5353 3427//5353
f  3426//5354 3427//5354 3428//5354
f  3429//5355 3390//5355 3430//5355
f  3430//5356 3390//5356 3389//5356
f  3429//5357 3431//5357 3390//5357
f  3390//5358 3431//5358 3432//5358
f  3390//5359 3432//5359 3391//5359
f  3386//5360 3385//5360 3400//5360
f  3400//5361 3385//5361 3387//5361
f  3400//5362 3387//5362 3433//5362
f  3433//5363 3387//5363 3388//5363
f  3433//5364 3388//5364 3434//5364
f  3434//5365 3388//5365 3384//5365
f  3434//5366 3384//5366 3435//5366
f  3435//5367 3384//5367 3383//5367
f  3435//5368 3383//5368 3436//5368
f  3436//5369 3383//5369 3391//5369
f  3436//5370 3391//5370 3437//5370
f  3437//5371 3391//5371 3432//5371
f  3403//5372 3438//5372 3405//5372
f  3405//5373 3438//5373 3439//5373
f  3405//5374 3439//5374 3408//5374
f  3408//5375 3439//5375 3440//5375
f  3408//5376 3440//5376 3410//5376
f  3410//5377 3440//5377 3441//5377
f  3410//5378 3441//5378 3412//5378
f  3412//5379 3441//5379 3442//5379
f  3412//5380 3442//5380 3414//5380
f  3414//5380 3442//5380 3443//5380
f  3414//5381 3443//5381 3418//5381
f  3418//5382 3443//5382 3444//5382
f  3418//5383 3444//5383 3421//5383
f  3421//5384 3444//5384 3445//5384
f  3421//5385 3445//5385 3422//5385
f  3422//5386 3445//5386 3446//5386
f  3422//5387 3446//5387 3424//5387
f  3424//5388 3446//5388 3447//5388
f  3424//5389 3447//5389 3427//5389
f  3427//5390 3447//5390 3448//5390
f  3438//5391 3401//5391 3439//5391
f  3439//5392 3401//5392 3400//5392
f  3439//5393 3400//5393 3440//5393
f  3440//5394 3400//5394 3433//5394
f  3440//5395 3433//5395 3441//5395
f  3441//5396 3433//5396 3434//5396
f  3441//5397 3434//5397 3442//5397
f  3442//5398 3434//5398 3435//5398
f  3442//5399 3435//5399 3443//5399
f  3443//5399 3435//5399 3436//5399
f  3443//5400 3436//5400 3444//5400
f  3444//5401 3436//5401 3437//5401
f  3444//5402 3437//5402 3445//5402
f  3445//5403 3437//5403 3432//5403
f  3445//5404 3432//5404 3446//5404
f  3446//5404 3432//5404 3431//5404
f  3446//5405 3431//5405 3447//5405
f  3447//5406 3431//5406 3429//5406
f  3447//5407 3429//5407 3448//5407
f  3448//5408 3429//5408 3430//5408
f  3449//5409 3430//5409 3389//5409
f  3450//5410 3428//5410 3427//5410
f  3451//5411 3452//5411 3453//5411
f  3453//5412 3452//5412 3450//5412
f  3453//5413 3450//5413 3454//5413
f  3454//5414 3450//5414 3427//5414
f  3451//5415 3453//5415 3455//5415
f  3455//5416 3453//5416 3456//5416
f  3455//5417 3456//5417 3457//5417
f  3457//5418 3456//5418 3458//5418
f  3458//5419 3456//5419 3459//5419
f  3458//5420 3459//5420 3460//5420
f  3460//5421 3459//5421 3461//5421
f  3460//5422 3461//5422 3462//5422
f  3462//5423 3461//5423 3463//5423
f  3463//5424 3461//5424 3464//5424
f  3463//5425 3464//5425 3465//5425
f  3465//5426 3464//5426 3466//5426
f  3466//5427 3464//5427 3467//5427
f  3466//5428 3467//5428 3468//5428
f  3468//5429 3467//5429 3469//5429
f  3468//5430 3469//5430 3470//5430
f  3470//5431 3469//5431 3471//5431
f  3470//5432 3471//5432 3472//5432
f  3403//5433 3402//5433 3471//5433
f  3471//5434 3402//5434 3473//5434
f  3471//5435 3473//5435 3472//5435
f  3474//5436 3398//5436 3401//5436
f  3401//5437 3398//5437 3399//5437
f  3401//5438 3399//5438 3386//5438
f  3474//5439 3475//5439 3398//5439
f  3398//5440 3475//5440 3476//5440
f  3398//5441 3476//5441 3397//5441
f  3389//5442 3394//5442 3449//5442
f  3449//5443 3394//5443 3395//5443
f  3449//5444 3395//5444 3477//5444
f  3477//5445 3395//5445 3396//5445
f  3477//5446 3396//5446 3478//5446
f  3478//5447 3396//5447 3393//5447
f  3478//5448 3393//5448 3479//5448
f  3479//5449 3393//5449 3392//5449
f  3479//5450 3392//5450 3480//5450
f  3480//5451 3392//5451 3397//5451
f  3480//5452 3397//5452 3481//5452
f  3481//5453 3397//5453 3476//5453
f  3427//5454 3448//5454 3454//5454
f  3454//5455 3448//5455 3482//5455
f  3454//5456 3482//5456 3453//5456
f  3453//5457 3482//5457 3483//5457
f  3453//5458 3483//5458 3456//5458
f  3456//5459 3483//5459 3484//5459
f  3456//5460 3484//5460 3459//5460
f  3459//5461 3484//5461 3485//5461
f  3459//5462 3485//5462 3461//5462
f  3461//5462 3485//5462 3486//5462
f  3461//5463 3486//5463 3464//5463
f  3464//5464 3486//5464 3487//5464
f  3464//5465 3487//5465 3467//5465
f  3467//5466 3487//5466 3488//5466
f  3467//5467 3488//5467 3469//5467
f  3469//5468 3488//5468 3489//5468
f  3469//5469 3489//5469 3471//5469
f  3471//5470 3489//5470 3490//5470
f  3471//5471 3490//5471 3403//5471
f  3403//5472 3490//5472 3438//5472
f  3448//5473 3430//5473 3482//5473
f  3482//5474 3430//5474 3449//5474
f  3482//5475 3449//5475 3483//5475
f  3483//5476 3449//5476 3477//5476
f  3483//5477 3477//5477 3484//5477
f  3484//5478 3477//5478 3478//5478
f  3484//5479 3478//5479 3485//5479
f  3485//5480 3478//5480 3479//5480
f  3485//5481 3479//5481 3486//5481
f  3486//5481 3479//5481 3480//5481
f  3486//5482 3480//5482 3487//5482
f  3487//5483 3480//5483 3481//5483
f  3487//5484 3481//5484 3488//5484
f  3488//5485 3481//5485 3476//5485
f  3488//5486 3476//5486 3489//5486
f  3489//5487 3476//5487 3475//5487
f  3489//5488 3475//5488 3490//5488
f  3490//5489 3475//5489 3474//5489
f  3490//5490 3474//5490 3438//5490
f  3438//5491 3474//5491 3401//5491
f  3402//5492 2574//5492 3473//5492
f  3473//5493 2574//5493 2576//5493
f  2569//5494 3470//5494 2576//5494
f  2576//5495 3470//5495 3472//5495
f  2576//5496 3472//5496 3473//5496
f  2568//5497 3466//5497 2569//5497
f  2569//5498 3466//5498 3468//5498
f  2569//5499 3468//5499 3470//5499
f  2565//5500 3460//5500 2566//5500
f  2566//5501 3460//5501 3462//5501
f  2566//5502 3462//5502 2567//5502
f  2567//5503 3462//5503 3463//5503
f  2567//5504 3463//5504 2568//5504
f  2568//5505 3463//5505 3465//5505
f  2568//5506 3465//5506 3466//5506
f  3450//5507 3452//5507 2562//5507
f  2562//5508 3452//5508 3451//5508
f  2562//5509 3451//5509 2563//5509
f  2563//5510 3451//5510 3455//5510
f  2563//5511 3455//5511 2564//5511
f  2564//5512 3455//5512 3457//5512
f  2564//5513 3457//5513 2565//5513
f  2565//5514 3457//5514 3458//5514
f  2565//5515 3458//5515 3460//5515
f  2559//5516 3428//5516 2560//5516
f  2560//5517 3428//5517 3450//5517
f  2560//5518 3450//5518 2561//5518
f  2561//5519 3450//5519 2562//5519
f  2545//5520 2544//5520 3416//5520
f  3416//5521 3423//5521 2545//5521
f  2545//5522 3423//5522 3425//5522
f  2545//5523 3425//5523 2559//5523
f  2559//5524 3425//5524 3426//5524
f  2559//5525 3426//5525 3428//5525
f  2551//5526 3409//5526 2549//5526
f  2549//5527 3409//5527 3411//5527
f  2549//5528 3411//5528 2553//5528
f  2553//5529 3411//5529 3413//5529
f  2553//5530 3413//5530 2554//5530
f  2554//5531 3413//5531 3415//5531
f  2554//5532 3415//5532 2557//5532
f  2557//5533 3415//5533 3420//5533
f  2557//5534 3420//5534 2546//5534
f  2546//5535 3420//5535 3419//5535
f  2546//5536 3419//5536 2544//5536
f  2544//5537 3419//5537 3417//5537
f  2544//5538 3417//5538 3416//5538
f  2572//5539 2574//5539 3402//5539
f  3402//5540 3404//5540 2572//5540
f  2572//5541 3404//5541 3406//5541
f  2572//5542 3406//5542 2551//5542
f  2551//5543 3406//5543 3407//5543
f  2551//5544 3407//5544 3409//5544
f  3491//5545 3492//5545 3493//5545
f  3494//5546 2390//5546 2371//5546
f  3495//5547 2393//5547 2392//5547
f  2392//5548 3496//5548 3495//5548
f  3495//5549 3496//5549 3497//5549
f  3495//5550 3497//5550 3498//5550
f  3498//5551 3497//5551 3499//5551
f  3499//5552 3497//5552 3500//5552
f  3499//5553 3500//5553 3501//5553
f  3501//5554 3500//5554 3502//5554
f  3501//5555 3502//5555 3503//5555
f  3503//5556 3502//5556 3504//5556
f  3503//5557 3504//5557 3505//5557
f  3492//5558 3491//5558 3504//5558
f  3504//5559 3491//5559 3506//5559
f  3504//5560 3506//5560 3505//5560
f  3507//5561 3508//5561 3509//5561
f  3509//5562 3508//5562 3510//5562
f  3509//5563 3510//5563 3493//5563
f  3493//5564 3510//5564 3511//5564
f  3493//5565 3511//5565 3491//5565
f  3507//5566 3509//5566 3512//5566
f  3512//5567 3509//5567 3513//5567
f  3512//5568 3513//5568 3514//5568
f  3514//5569 3513//5569 2402//5569
f  3514//5570 2402//5570 2404//5570
f  3515//5571 2378//5571 2398//5571
f  2398//5572 2378//5572 2379//5572
f  2398//5573 2379//5573 2376//5573
f  3515//5574 3516//5574 2378//5574
f  2378//5575 3516//5575 3517//5575
f  2378//5576 3517//5576 2377//5576
f  2371//5577 2370//5577 3494//5577
f  3494//5578 2370//5578 2369//5578
f  3494//5579 2369//5579 3518//5579
f  3518//5580 2369//5580 2368//5580
f  3518//5581 2368//5581 3519//5581
f  3519//5582 2368//5582 2366//5582
f  3519//5583 2366//5583 3520//5583
f  3520//5584 2366//5584 2365//5584
f  3520//5585 2365//5585 3521//5585
f  3521//5586 2365//5586 2377//5586
f  3521//5587 2377//5587 3522//5587
f  3522//5588 2377//5588 3517//5588
f  2392//5589 2391//5589 3496//5589
f  3496//5590 2391//5590 3523//5590
f  3496//5591 3523//5591 3497//5591
f  3497//5592 3523//5592 3524//5592
f  3497//5593 3524//5593 3500//5593
f  3500//5594 3524//5594 3525//5594
f  3500//5595 3525//5595 3502//5595
f  3502//5596 3525//5596 3526//5596
f  3502//5597 3526//5597 3504//5597
f  3504//5597 3526//5597 3527//5597
f  3504//5598 3527//5598 3492//5598
f  3492//5599 3527//5599 3528//5599
f  3492//5600 3528//5600 3493//5600
f  3493//5601 3528//5601 3529//5601
f  3493//5602 3529//5602 3509//5602
f  3509//5603 3529//5603 3530//5603
f  3509//5604 3530//5604 3513//5604
f  3513//5605 3530//5605 3531//5605
f  3513//5606 3531//5606 2402//5606
f  2402//5607 3531//5607 2400//5607
f  2391//5608 2390//5608 3523//5608
f  3523//5609 2390//5609 3494//5609
f  3523//5610 3494//5610 3524//5610
f  3524//5611 3494//5611 3518//5611
f  3524//5612 3518//5612 3525//5612
f  3525//5613 3518//5613 3519//5613
f  3525//5614 3519//5614 3526//5614
f  3526//5615 3519//5615 3520//5615
f  3526//5616 3520//5616 3527//5616
f  3527//5617 3520//5617 3521//5617
f  3527//5618 3521//5618 3528//5618
f  3528//5619 3521//5619 3522//5619
f  3528//5620 3522//5620 3529//5620
f  3529//5621 3522//5621 3517//5621
f  3529//5622 3517//5622 3530//5622
f  3530//5623 3517//5623 3516//5623
f  3530//5624 3516//5624 3531//5624
f  3531//5625 3516//5625 3515//5625
f  3531//5626 3515//5626 2400//5626
f  2400//5627 3515//5627 2398//5627
f  2419//5628 3510//5628 3508//5628
f  2419//5629 3508//5629 2431//5629
f  3508//5630 3507//5630 2431//5630
f  2431//5631 3507//5631 3512//5631
f  2431//5632 3512//5632 2410//5632
f  2410//5633 3512//5633 3514//5633
f  2410//5634 3514//5634 2404//5634
f  2418//5635 3491//5635 2419//5635
f  2419//5636 3491//5636 3511//5636
f  2419//5637 3511//5637 3510//5637
f  3503//5638 3505//5638 2418//5638
f  2418//5639 3505//5639 3506//5639
f  2418//5640 3506//5640 3491//5640
f  2418//5641 2429//5641 3503//5641
f  3503//5642 2429//5642 2428//5642
f  3503//5643 2428//5643 3501//5643
f  3501//5644 2428//5644 2423//5644
f  3501//5645 2423//5645 3499//5645
f  3499//5646 2423//5646 2422//5646
f  3499//5647 2422//5647 3498//5647
f  3498//5648 2422//5648 2427//5648
f  3498//5649 2427//5649 3495//5649
f  3495//5650 2427//5650 2426//5650
f  3495//5651 2426//5651 2393//5651
f  2393//5652 2426//5652 2425//5652
f  2393//5653 2425//5653 2408//5653
f  3532//5654 3533//5654 3534//5654
f  3535//5655 3536//5655 3534//5655
f  3534//5656 3536//5656 3537//5656
f  3534//5657 3537//5657 3532//5657
f  3538//5658 3535//5658 3539//5658
f  3539//5659 3535//5659 3534//5659
f  3539//5660 3534//5660 3540//5660
f  3540//5661 3534//5661 3533//5661
f  3540//5662 3533//5662 3541//5662
f  3542//5663 3543//5663 3544//5663
f  3544//5664 3543//5664 3545//5664
f  3546//5665 3542//5665 3547//5665
f  3547//5666 3542//5666 3544//5666
f  3547//5667 3544//5667 3548//5667
f  3548//5668 3544//5668 3535//5668
f  3548//5669 3535//5669 3549//5669
f  3549//5668 3535//5668 3538//5668
f  3550//5670 3535//5670 3551//5670
f  3551//5670 3535//5670 3544//5670
f  3551//5671 3544//5671 3552//5671
f  3552//5672 3544//5672 3545//5672
f  3553//5673 3554//5673 3555//5673
f  3555//5674 3554//5674 3556//5674
f  3555//5675 3556//5675 3557//5675
f  3557//5676 3556//5676 3558//5676
f  3557//5677 3558//5677 3559//5677
f  3559//5678 3558//5678 3560//5678
f  3559//5679 3560//5679 3561//5679
f  3561//5680 3560//5680 3562//5680
f  3561//5681 3562//5681 3563//5681
f  3563//5682 3562//5682 3564//5682
f  3563//5683 3564//5683 3565//5683
f  3566//5684 3567//5684 3568//5684
f  3568//5685 3567//5685 3569//5685
f  3568//5686 3569//5686 3564//5686
f  3564//5687 3569//5687 3570//5687
f  3564//5688 3570//5688 3565//5688
f  3568//5689 3571//5689 3566//5689
f  3566//5690 3571//5690 3572//5690
f  3566//5691 3572//5691 3573//5691
f  3573//5692 3572//5692 3574//5692
f  3573//5693 3574//5693 3575//5693
f  3575//5694 3574//5694 94//5694
f  94//5695 3574//5695 95//5695
f  3540//5696 3576//5696 3539//5696
f  3539//5697 3576//5697 3577//5697
f  3539//5698 3577//5698 3538//5698
f  3538//5699 3577//5699 3578//5699
f  3538//5700 3578//5700 3549//5700
f  3549//5701 3578//5701 3579//5701
f  3549//5702 3579//5702 3548//5702
f  3580//5703 3546//5703 3579//5703
f  3579//5704 3546//5704 3547//5704
f  3579//5705 3547//5705 3548//5705
f  3581//5706 3552//5706 3582//5706
f  3582//5707 3552//5707 3545//5707
f  3582//5708 3545//5708 3583//5708
f  3583//5709 3545//5709 3543//5709
f  3583//5710 3543//5710 3584//5710
f  3584//5711 3543//5711 3542//5711
f  3584//5712 3542//5712 3585//5712
f  3585//5713 3542//5713 3546//5713
f  3585//5714 3546//5714 3586//5714
f  3586//5715 3546//5715 3580//5715
f  3554//5716 3587//5716 3556//5716
f  3556//5717 3587//5717 3588//5717
f  3556//5718 3588//5718 3558//5718
f  3558//5719 3588//5719 3589//5719
f  3558//5720 3589//5720 3560//5720
f  3560//5721 3589//5721 3590//5721
f  3560//5722 3590//5722 3562//5722
f  3562//5723 3590//5723 3591//5723
f  3562//5724 3591//5724 3564//5724
f  3564//5725 3591//5725 3592//5725
f  3564//5726 3592//5726 3568//5726
f  3568//5727 3592//5727 3593//5727
f  3568//5728 3593//5728 3571//5728
f  3571//5729 3593//5729 3594//5729
f  3571//5730 3594//5730 3572//5730
f  3572//5731 3594//5731 3595//5731
f  3572//5732 3595//5732 3574//5732
f  3574//5733 3595//5733 3596//5733
f  3574//5734 3596//5734 95//5734
f  95//5735 3596//5735 3597//5735
f  3587//5736 3581//5736 3588//5736
f  3588//5737 3581//5737 3582//5737
f  3588//5738 3582//5738 3589//5738
f  3589//5739 3582//5739 3583//5739
f  3589//5740 3583//5740 3590//5740
f  3590//5741 3583//5741 3584//5741
f  3590//5742 3584//5742 3591//5742
f  3591//5743 3584//5743 3585//5743
f  3591//5744 3585//5744 3592//5744
f  3592//5745 3585//5745 3586//5745
f  3592//5746 3586//5746 3593//5746
f  3593//5747 3586//5747 3580//5747
f  3593//5748 3580//5748 3594//5748
f  3594//5749 3580//5749 3579//5749
f  3594//5750 3579//5750 3595//5750
f  3595//5751 3579//5751 3578//5751
f  3595//5752 3578//5752 3596//5752
f  3596//5753 3578//5753 3577//5753
f  3596//5754 3577//5754 3597//5754
f  3597//5755 3577//5755 3576//5755
f  3598//5756 3599//5756 3600//5756
f  3600//5757 3599//5757 96//5757
f  3600//5758 96//5758 95//5758
f  99//5759 98//5759 3601//5759
f  99//5760 3601//5760 3602//5760
f  3602//5761 3601//5761 3603//5761
f  3602//5762 3603//5762 3604//5762
f  3604//5763 3603//5763 3605//5763
f  3604//5764 3605//5764 3598//5764
f  3598//5765 3605//5765 3606//5765
f  3598//5766 3606//5766 3599//5766
f  3607//5767 3608//5767 3609//5767
f  3609//5768 3608//5768 3610//5768
f  3609//5769 3610//5769 99//5769
f  99//5770 3610//5770 3611//5770
f  99//5771 3611//5771 97//5771
f  3609//5772 3612//5772 3607//5772
f  3607//5773 3612//5773 3613//5773
f  3613//5774 3612//5774 3614//5774
f  3613//5775 3614//5775 3615//5775
f  3615//5776 3614//5776 3616//5776
f  3616//5777 3614//5777 3554//5777
f  3616//5778 3554//5778 3553//5778
f  3617//5779 3550//5779 3581//5779
f  3581//5780 3550//5780 3551//5780
f  3581//5781 3551//5781 3552//5781
f  3617//5782 3618//5782 3550//5782
f  3550//5783 3618//5783 3535//5783
f  3618//5784 3619//5784 3535//5784
f  3535//5785 3619//5785 3620//5785
f  3535//5786 3620//5786 3536//5786
f  3536//5787 3620//5787 3621//5787
f  3536//5788 3621//5788 3537//5788
f  3537//5789 3621//5789 3622//5789
f  3537//5790 3622//5790 3532//5790
f  3532//5791 3622//5791 3623//5791
f  3532//5792 3623//5792 3533//5792
f  3533//5793 3623//5793 3624//5793
f  3533//5794 3624//5794 3541//5794
f  3541//5795 3624//5795 3576//5795
f  3541//5796 3576//5796 3540//5796
f  95//5797 3597//5797 3600//5797
f  3600//5798 3597//5798 3625//5798
f  3600//5799 3625//5799 3598//5799
f  3598//5800 3625//5800 3626//5800
f  3598//5801 3626//5801 3604//5801
f  3604//5802 3626//5802 3627//5802
f  3604//5803 3627//5803 3602//5803
f  3602//5804 3627//5804 3628//5804
f  3602//5805 3628//5805 99//5805
f  99//5806 3628//5806 3629//5806
f  99//5807 3629//5807 3609//5807
f  3609//5808 3629//5808 3630//5808
f  3609//5809 3630//5809 3612//5809
f  3612//5810 3630//5810 3631//5810
f  3612//5811 3631//5811 3614//5811
f  3614//5812 3631//5812 3632//5812
f  3614//5813 3632//5813 3554//5813
f  3554//5814 3632//5814 3587//5814
f  3597//5815 3576//5815 3625//5815
f  3625//5816 3576//5816 3624//5816
f  3625//5817 3624//5817 3626//5817
f  3626//5818 3624//5818 3623//5818
f  3626//5819 3623//5819 3627//5819
f  3627//5820 3623//5820 3622//5820
f  3627//5821 3622//5821 3628//5821
f  3628//5822 3622//5822 3621//5822
f  3628//5823 3621//5823 3629//5823
f  3629//5824 3621//5824 3620//5824
f  3629//5825 3620//5825 3630//5825
f  3630//5826 3620//5826 3619//5826
f  3630//5827 3619//5827 3631//5827
f  3631//5828 3619//5828 3618//5828
f  3631//5829 3618//5829 3632//5829
f  3632//5830 3618//5830 3617//5830
f  3632//5831 3617//5831 3587//5831
f  3587//5832 3617//5832 3581//5832
f  3616//5833 3553//5833 2542//5833
f  3616//5834 2542//5834 3615//5834
f  3615//5835 2542//5835 2541//5835
f  3615//5836 2541//5836 3613//5836
f  3613//5837 2541//5837 2540//5837
f  3613//5838 2540//5838 3607//5838
f  3607//5839 2540//5839 2539//5839
f  3607//5840 2539//5840 3608//5840
f  100//5841 97//5841 3611//5841
f  100//5842 3611//5842 2539//5842
f  2539//5843 3611//5843 3610//5843
f  2539//5844 3610//5844 3608//5844
f  98//5845 100//5845 3601//5845
f  3601//5846 100//5846 2538//5846
f  3601//5847 2538//5847 3603//5847
f  3603//5848 2538//5848 2537//5848
f  3603//5849 2537//5849 3605//5849
f  3605//5850 2537//5850 3606//5850
f  3606//5851 2537//5851 2536//5851
f  3606//5852 2536//5852 3599//5852
f  3599//5853 2536//5853 2535//5853
f  3599//5854 2535//5854 96//5854
f  2533//5855 3573//5855 2534//5855
f  2534//5856 3573//5856 3575//5856
f  2534//5857 3575//5857 2535//5857
f  2535//5858 3575//5858 94//5858
f  2535//5859 94//5859 96//5859
f  2531//5860 3567//5860 2533//5860
f  2533//5861 3567//5861 3566//5861
f  2533//5862 3566//5862 3573//5862
f  3563//5863 3565//5863 2530//5863
f  2530//5864 3565//5864 3570//5864
f  2530//5865 3570//5865 2531//5865
f  2531//5866 3570//5866 3569//5866
f  2531//5867 3569//5867 3567//5867
f  2530//5868 2435//5868 3563//5868
f  3563//5869 2435//5869 2434//5869
f  3563//5870 2434//5870 3561//5870
f  3561//5871 2434//5871 3559//5871
f  3559//5872 2434//5872 2543//5872
f  3559//5873 2543//5873 3557//5873
f  2542//5874 3553//5874 2543//5874
f  2543//5875 3553//5875 3555//5875
f  2543//5876 3555//5876 3557//5876
f  3633//5877 3634//5877 3635//5877
f  3636//5878 3637//5878 3633//5878
f  3638//5879 3637//5879 101//5879
f  101//5880 3637//5880 3636//5880
f  101//5881 3636//5881 3639//5881
f  3639//5882 3636//5882 3640//5882
f  3633//5883 3635//5883 3636//5883
f  3636//5884 3635//5884 3641//5884
f  3636//5885 3641//5885 3642//5885
f  3643//5886 3640//5886 3644//5886
f  3644//5887 3640//5887 3636//5887
f  3644//5888 3636//5888 3645//5888
f  3645//5889 3636//5889 3642//5889
f  3645//5890 3642//5890 3646//5890
f  3647//5891 3648//5891 3641//5891
f  3649//5892 3650//5892 3651//5892
f  3651//5893 3650//5893 3652//5893
f  3651//5894 3652//5894 3653//5894
f  3653//5895 3652//5895 3654//5895
f  3653//5896 3654//5896 3655//5896
f  3655//5897 3654//5897 3656//5897
f  3656//5898 3654//5898 3657//5898
f  3656//5899 3657//5899 3658//5899
f  3658//5900 3657//5900 3659//5900
f  3658//5901 3659//5901 3660//5901
f  3661//5902 3662//5902 3663//5902
f  3661//5903 3663//5903 3664//5903
f  3663//5904 3665//5904 3664//5904
f  3664//5905 3665//5905 3666//5905
f  3664//5906 3666//5906 3659//5906
f  3659//5907 3666//5907 3667//5907
f  3659//5908 3667//5908 3660//5908
f  3662//5909 3661//5909 3668//5909
f  3668//5910 3661//5910 104//5910
f  3668//5911 104//5911 3669//5911
f  3669//5912 104//5912 3670//5912
f  3670//5913 104//5913 106//5913
f  3670//5914 106//5914 3671//5914
f  3671//5915 106//5915 3672//5915
f  3671//5916 3672//5916 3673//5916
f  3673//5917 3672//5917 3674//5917
f  3674//5918 3672//5918 3675//5918
f  3674//5919 3675//5919 3676//5919
f  3677//5920 101//5920 3678//5920
f  3678//5921 101//5921 3639//5921
f  3677//5922 102//5922 101//5922
f  101//5923 103//5923 3638//5923
f  103//5924 3679//5924 3638//5924
f  3638//5925 3679//5925 3680//5925
f  3638//5926 3680//5926 3637//5926
f  3637//5927 3680//5927 3681//5927
f  3637//5928 3681//5928 3633//5928
f  3633//5929 3681//5929 3682//5929
f  3633//5930 3682//5930 3634//5930
f  3641//5931 3635//5931 3647//5931
f  3647//5932 3635//5932 3634//5932
f  3647//5933 3634//5933 3683//5933
f  3683//5934 3634//5934 3682//5934
f  3650//5935 3684//5935 3652//5935
f  3652//5936 3684//5936 3685//5936
f  3652//5937 3685//5937 3654//5937
f  3654//5938 3685//5938 3686//5938
f  3654//5939 3686//5939 3657//5939
f  3657//5940 3686//5940 3687//5940
f  3657//5941 3687//5941 3659//5941
f  3659//5942 3687//5942 3688//5942
f  3659//5943 3688//5943 3664//5943
f  3664//5944 3688//5944 3689//5944
f  3664//5945 3689//5945 3661//5945
f  3661//5946 3689//5946 3690//5946
f  3661//5947 3690//5947 104//5947
f  104//5948 3690//5948 105//5948
f  106//5949 107//5949 3672//5949
f  3672//5950 107//5950 3691//5950
f  3672//5951 3691//5951 3675//5951
f  3675//5952 3691//5952 3692//5952
f  3684//5953 3648//5953 3685//5953
f  3685//5954 3648//5954 3647//5954
f  3685//5955 3647//5955 3686//5955
f  3686//5956 3647//5956 3683//5956
f  3686//5957 3683//5957 3687//5957
f  3687//5958 3683//5958 3682//5958
f  3687//5959 3682//5959 3688//5959
f  3688//5960 3682//5960 3681//5960
f  3688//5961 3681//5961 3689//5961
f  3689//5962 3681//5962 3680//5962
f  3689//5963 3680//5963 3690//5963
f  3690//5964 3680//5964 3679//5964
f  3690//5965 3679//5965 105//5965
f  105//5966 3679//5966 103//5966
f  107//5967 103//5967 102//5967
f  107//5968 102//5968 3691//5968
f  3691//5969 102//5969 3677//5969
f  3691//5970 3677//5970 3692//5970
f  3692//5971 3677//5971 3678//5971
f  3693//5972 3694//5972 3695//5972
f  3696//5973 3697//5973 3698//5973
f  3699//5974 3676//5974 3675//5974
f  3699//5975 3675//5975 3697//5975
f  3700//5976 3701//5976 3696//5976
f  3701//5977 3700//5977 3702//5977
f  3702//5978 3700//5978 3703//5978
f  3702//5979 3703//5979 3704//5979
f  3704//5980 3703//5980 3705//5980
f  3704//5981 3705//5981 3706//5981
f  3695//5982 3694//5982 3705//5982
f  3705//5983 3694//5983 3707//5983
f  3705//5984 3707//5984 3706//5984
f  3693//5985 3695//5985 3708//5985
f  3708//5986 3695//5986 3709//5986
f  3708//5987 3709//5987 3710//5987
f  3710//5988 3709//5988 3711//5988
f  3710//5989 3711//5989 3712//5989
f  3712//5990 3711//5990 3713//5990
f  3713//5991 3711//5991 3714//5991
f  3713//5992 3714//5992 3715//5992
f  3715//5993 3714//5993 3650//5993
f  3715//5994 3650//5994 3649//5994
f  3642//5995 3641//5995 3716//5995
f  3716//5996 3641//5996 3648//5996
f  3716//5997 3648//5997 3684//5997
f  3678//5998 3639//5998 3640//5998
f  3700//5999 3717//5999 3703//5999
f  3703//6000 3717//6000 3718//6000
f  3703//6001 3718//6001 3705//6001
f  3705//6002 3718//6002 3719//6002
f  3705//6003 3719//6003 3695//6003
f  3695//6004 3719//6004 3720//6004
f  3695//6005 3720//6005 3709//6005
f  3709//6006 3720//6006 3721//6006
f  3709//6007 3721//6007 3711//6007
f  3711//6008 3721//6008 3722//6008
f  3711//6009 3722//6009 3714//6009
f  3714//6010 3722//6010 3723//6010
f  3714//6011 3723//6011 3650//6011
f  3697//6012 3675//6012 3698//6012
f  3698//6013 3675//6013 3692//6013
f  3698//6014 3692//6014 3724//6014
f  3724//6015 3692//6015 3678//6015
f  3724//6016 3678//6016 3725//6016
f  3725//6017 3678//6017 3640//6017
f  3725//6018 3640//6018 3643//6018
f  3717//6019 3726//6019 3718//6019
f  3718//6020 3726//6020 3727//6020
f  3718//6021 3727//6021 3719//6021
f  3719//6022 3727//6022 3728//6022
f  3719//6023 3728//6023 3720//6023
f  3720//6024 3728//6024 3729//6024
f  3720//6025 3729//6025 3721//6025
f  3721//6026 3729//6026 3730//6026
f  3721//6027 3730//6027 3722//6027
f  3722//6028 3730//6028 3731//6028
f  3722//6029 3731//6029 3723//6029
f  3696//6030 3698//6030 3700//6030
f  3700//6031 3698//6031 3724//6031
f  3700//6032 3724//6032 3717//6032
f  3717//6033 3724//6033 3725//6033
f  3717//6034 3725//6034 3726//6034
f  3726//6035 3725//6035 3643//6035
f  3726//6036 3643//6036 3727//6036
f  3727//6037 3643//6037 3644//6037
f  3727//6038 3644//6038 3728//6038
f  3728//6039 3644//6039 3645//6039
f  3728//6040 3645//6040 3729//6040
f  3729//6041 3645//6041 3646//6041
f  3729//6042 3646//6042 3730//6042
f  3730//6043 3646//6043 3642//6043
f  3730//6044 3642//6044 3731//6044
f  3731//6045 3642//6045 3716//6045
f  3731//6046 3716//6046 3723//6046
f  3723//6047 3716//6047 3684//6047
f  3723//6048 3684//6048 3650//6048
f  3649//6049 2437//6049 3715//6049
f  3715//6050 2437//6050 2461//6050
f  3715//6051 2461//6051 3713//6051
f  3713//6052 2461//6052 3712//6052
f  3712//6053 2461//6053 2460//6053
f  3712//6054 2460//6054 3710//6054
f  3710//6055 2460//6055 3708//6055
f  3708//6056 2460//6056 2459//6056
f  3708//6057 2459//6057 3693//6057
f  2450//6058 2451//6058 3676//6058
f  3676//6059 3699//6059 2450//6059
f  2450//6060 3699//6060 3697//6060
f  2450//6061 3697//6061 2453//6061
f  2453//6062 3697//6062 3696//6062
f  2453//6063 3696//6063 2454//6063
f  2454//6064 3696//6064 3701//6064
f  2454//6065 3701//6065 2455//6065
f  2455//6066 3701//6066 3702//6066
f  2455//6067 3702//6067 2456//6067
f  2456//6068 3702//6068 3704//6068
f  2456//6069 3704//6069 2457//6069
f  2457//6070 3704//6070 3706//6070
f  2457//6071 3706//6071 2458//6071
f  2458//6072 3706//6072 3707//6072
f  2458//6073 3707//6073 2459//6073
f  2459//6074 3707//6074 3694//6074
f  2459//6075 3694//6075 3693//6075
f  2452//6076 3674//6076 2451//6076
f  2451//6077 3674//6077 3676//6077
f  2449//6078 3668//6078 3669//6078
f  3669//6079 3670//6079 2449//6079
f  2449//6080 3670//6080 3671//6080
f  2449//6081 3671//6081 2452//6081
f  2452//6082 3671//6082 3673//6082
f  2452//6083 3673//6083 3674//6083
f  3668//6084 2449//6084 3662//6084
f  3662//6085 2449//6085 2448//6085
f  3662//6086 2448//6086 3663//6086
f  3663//6087 2448//6087 2447//6087
f  3663//6088 2447//6088 3665//6088
f  2437//6089 3649//6089 2439//6089
f  2439//6090 3649//6090 3651//6090
f  2439//6091 3651//6091 2440//6091
f  2440//6092 3651//6092 3653//6092
f  2440//6093 3653//6093 2441//6093
f  2441//6094 3653//6094 3655//6094
f  2441//6095 3655//6095 2442//6095
f  2442//6096 3655//6096 3656//6096
f  2442//6097 3656//6097 2443//6097
f  2443//6098 3656//6098 3658//6098
f  2443//6099 3658//6099 2444//6099
f  2444//6100 3658//6100 3660//6100
f  2444//6101 3660//6101 2445//6101
f  2445//6102 3660//6102 3667//6102
f  2445//6103 3667//6103 2447//6103
f  2447//6104 3667//6104 3666//6104
f  2447//6105 3666//6105 3665//6105
f  3732//6106 3733//6106 3734//6106
f  3735//6107 3736//6107 3737//6107
f  3734//6108 3738//6108 3737//6108
f  3737//6109 3738//6109 3739//6109
f  3737//6110 3739//6110 3735//6110
f  3736//6111 3740//6111 3737//6111
f  3737//6112 3740//6112 3741//6112
f  3737//6113 3741//6113 3734//6113
f  3734//6114 3741//6114 3742//6114
f  3734//6115 3742//6115 3732//6115
f  3733//6116 3743//6116 3734//6116
f  3734//6117 3743//6117 3744//6117
f  3734//6118 3744//6118 3745//6118
f  3746//6119 3747//6119 3748//6119
f  3748//6120 3747//6120 3734//6120
f  3748//6121 3734//6121 3749//6121
f  3749//6122 3734//6122 3745//6122
f  3749//6123 3745//6123 3750//6123
f  3751//6124 3752//6124 3753//6124
f  3754//6125 3755//6125 3756//6125
f  3756//6126 3755//6126 3757//6126
f  3756//6127 3757//6127 3758//6127
f  3758//6128 3757//6128 3759//6128
f  3758//6129 3759//6129 3760//6129
f  3753//6130 3752//6130 3761//6130
f  3752//6131 3762//6131 3761//6131
f  3761//6132 3762//6132 3763//6132
f  3761//6133 3763//6133 3759//6133
f  3759//6134 3763//6134 3764//6134
f  3759//6135 3764//6135 3760//6135
f  3751//6136 3753//6136 3765//6136
f  3765//6137 3753//6137 3766//6137
f  3765//6138 3766//6138 3767//6138
f  3767//6139 3766//6139 3768//6139
f  3767//6140 3768//6140 3769//6140
f  3769//6141 3768//6141 3770//6141
f  3770//6142 3768//6142 3771//6142
f  3770//6143 3771//6143 3772//6143
f  3772//6144 3771//6144 3773//6144
f  3772//6145 3773//6145 3774//6145
f  3773//6146 3775//6146 3774//6146
f  3774//6147 3775//6147 3776//6147
f  3774//6148 3776//6148 3777//6148
f  3778//6149 3732//6149 3779//6149
f  3779//6150 3732//6150 3742//6150
f  3779//6151 3742//6151 3780//6151
f  3780//6152 3742//6152 3741//6152
f  3780//6153 3741//6153 3781//6153
f  3781//6154 3741//6154 3740//6154
f  3782//6155 3745//6155 3778//6155
f  3778//6156 3745//6156 3744//6156
f  3744//6157 3743//6157 3778//6157
f  3778//6158 3743//6158 3733//6158
f  3778//6159 3733//6159 3732//6159
f  3783//6160 3746//6160 3784//6160
f  3784//6161 3746//6161 3748//6161
f  3784//6162 3748//6162 3785//6162
f  3785//6163 3748//6163 3749//6163
f  3785//6164 3749//6164 3786//6164
f  3786//6165 3749//6165 3750//6165
f  3786//6166 3750//6166 3787//6166
f  3787//6167 3750//6167 3745//6167
f  3787//6168 3745//6168 3788//6168
f  3788//6169 3745//6169 3782//6169
f  3755//6170 3789//6170 3757//6170
f  3757//6170 3789//6170 3790//6170
f  3757//6171 3790//6171 3759//6171
f  3759//6172 3790//6172 3791//6172
f  3759//6173 3791//6173 3761//6173
f  3761//6174 3791//6174 3792//6174
f  3761//6175 3792//6175 3753//6175
f  3753//6176 3792//6176 3793//6176
f  3753//6177 3793//6177 3766//6177
f  3766//6178 3793//6178 3794//6178
f  3766//6179 3794//6179 3768//6179
f  3768//6180 3794//6180 3795//6180
f  3768//6181 3795//6181 3771//6181
f  3771//6182 3795//6182 3796//6182
f  3771//6183 3796//6183 3773//6183
f  3773//6184 3796//6184 3797//6184
f  3773//6185 3797//6185 3775//6185
f  3775//6186 3797//6186 3798//6186
f  3775//6187 3798//6187 3776//6187
f  3776//6188 3798//6188 3799//6188
f  3789//6189 3783//6189 3790//6189
f  3790//6190 3783//6190 3784//6190
f  3790//6191 3784//6191 3791//6191
f  3791//6192 3784//6192 3785//6192
f  3791//6193 3785//6193 3792//6193
f  3792//6194 3785//6194 3786//6194
f  3792//6195 3786//6195 3793//6195
f  3793//6196 3786//6196 3787//6196
f  3793//6197 3787//6197 3794//6197
f  3794//6198 3787//6198 3788//6198
f  3794//6199 3788//6199 3795//6199
f  3795//6200 3788//6200 3782//6200
f  3795//6201 3782//6201 3796//6201
f  3796//6202 3782//6202 3778//6202
f  3796//6203 3778//6203 3797//6203
f  3797//6204 3778//6204 3779//6204
f  3797//6205 3779//6205 3798//6205
f  3798//6206 3779//6206 3780//6206
f  3798//6207 3780//6207 3799//6207
f  3799//6208 3780//6208 3781//6208
f  3800//6209 3801//6209 3802//6209
f  3803//6210 3781//6210 3740//6210
f  3804//6211 3805//6211 3776//6211
f  3776//6212 3805//6212 3777//6212
f  3802//6213 3801//6213 3806//6213
f  3801//6214 3807//6214 3806//6214
f  3806//6215 3807//6215 3808//6215
f  3806//6216 3808//6216 3804//6216
f  3804//6217 3808//6217 3809//6217
f  3804//6218 3809//6218 3805//6218
f  3800//6219 3802//6219 3810//6219
f  3810//6220 3802//6220 3811//6220
f  3810//6221 3811//6221 3812//6221
f  3812//6222 3811//6222 3813//6222
f  3812//6223 3813//6223 3814//6223
f  3814//6224 3813//6224 3815//6224
f  3815//6225 3813//6225 3816//6225
f  3815//6226 3816//6226 3817//6226
f  3817//6227 3816//6227 3818//6227
f  3818//6228 3816//6228 3819//6228
f  3818//6229 3819//6229 3820//6229
f  3820//6230 3819//6230 3821//6230
f  3820//6231 3821//6231 3822//6231
f  3822//6232 3821//6232 3823//6232
f  3822//6233 3823//6233 3824//6233
f  3755//6234 3754//6234 3823//6234
f  3823//6235 3754//6235 3825//6235
f  3823//6236 3825//6236 3824//6236
f  3826//6237 3747//6237 3783//6237
f  3783//6238 3747//6238 3746//6238
f  3826//6239 3827//6239 3747//6239
f  3747//6240 3827//6240 3828//6240
f  3747//6241 3828//6241 3734//6241
f  3828//6242 3829//6242 3734//6242
f  3734//6243 3829//6243 3830//6243
f  3734//6244 3830//6244 3738//6244
f  3738//6245 3830//6245 3831//6245
f  3738//6246 3831//6246 3739//6246
f  3740//6247 3736//6247 3803//6247
f  3803//6248 3736//6248 3735//6248
f  3803//6249 3735//6249 3832//6249
f  3832//6250 3735//6250 3739//6250
f  3832//6251 3739//6251 3833//6251
f  3833//6252 3739//6252 3831//6252
f  3776//6253 3799//6253 3804//6253
f  3804//6254 3799//6254 3834//6254
f  3804//6255 3834//6255 3806//6255
f  3806//6256 3834//6256 3835//6256
f  3806//6257 3835//6257 3802//6257
f  3802//6258 3835//6258 3836//6258
f  3802//6259 3836//6259 3811//6259
f  3811//6260 3836//6260 3837//6260
f  3811//6261 3837//6261 3813//6261
f  3813//6262 3837//6262 3838//6262
f  3813//6263 3838//6263 3816//6263
f  3816//6264 3838//6264 3839//6264
f  3816//6265 3839//6265 3819//6265
f  3819//6266 3839//6266 3840//6266
f  3819//6267 3840//6267 3821//6267
f  3821//6268 3840//6268 3841//6268
f  3821//6269 3841//6269 3823//6269
f  3823//6270 3841//6270 3842//6270
f  3823//6271 3842//6271 3755//6271
f  3755//6272 3842//6272 3789//6272
f  3799//6273 3781//6273 3834//6273
f  3834//6274 3781//6274 3803//6274
f  3834//6275 3803//6275 3835//6275
f  3835//6276 3803//6276 3832//6276
f  3835//6277 3832//6277 3836//6277
f  3836//6278 3832//6278 3833//6278
f  3836//6279 3833//6279 3837//6279
f  3837//6280 3833//6280 3831//6280
f  3837//6281 3831//6281 3838//6281
f  3838//6282 3831//6282 3830//6282
f  3838//6283 3830//6283 3839//6283
f  3839//6284 3830//6284 3829//6284
f  3839//6285 3829//6285 3840//6285
f  3840//6286 3829//6286 3828//6286
f  3840//6287 3828//6287 3841//6287
f  3841//6288 3828//6288 3827//6288
f  3841//6289 3827//6289 3842//6289
f  3842//6290 3827//6290 3826//6290
f  3842//6291 3826//6291 3789//6291
f  3789//6292 3826//6292 3783//6292
f  3754//6293 2495//6293 3825//6293
f  3825//6294 2495//6294 2494//6294
f  3825//6295 2494//6295 3824//6295
f  3824//6296 2494//6296 3822//6296
f  3822//6297 2494//6297 2492//6297
f  3822//6298 2492//6298 3820//6298
f  2488//6299 3814//6299 2490//6299
f  2490//6300 3814//6300 3815//6300
f  2490//6301 3815//6301 2491//6301
f  2491//6302 3815//6302 3817//6302
f  2491//6303 3817//6303 2492//6303
f  2492//6304 3817//6304 3818//6304
f  2492//6305 3818//6305 3820//6305
f  2486//6306 3800//6306 2487//6306
f  2487//6307 3800//6307 3810//6307
f  2487//6308 3810//6308 2488//6308
f  2488//6309 3810//6309 3812//6309
f  2488//6310 3812//6310 3814//6310
f  2475//6311 3777//6311 2481//6311
f  2481//6312 3777//6312 3805//6312
f  2481//6313 3805//6313 2482//6313
f  2482//6314 3805//6314 3809//6314
f  2482//6315 3809//6315 2483//6315
f  2483//6316 3809//6316 3808//6316
f  2483//6317 3808//6317 2485//6317
f  2485//6318 3808//6318 3807//6318
f  2485//6319 3807//6319 2486//6319
f  2486//6320 3807//6320 3801//6320
f  2486//6321 3801//6321 3800//6321
f  3774//6322 3777//6322 2475//6322
f  2475//6323 2474//6323 3774//6323
f  3774//6324 2474//6324 2473//6324
f  3774//6325 2473//6325 3772//6325
f  3772//6326 2473//6326 2412//6326
f  3772//6327 2412//6327 3770//6327
f  3770//6328 2412//6328 2414//6328
f  3770//6329 2414//6329 3769//6329
f  3769//6330 2414//6330 3767//6330
f  2499//6331 3762//6331 2506//6331
f  2506//6332 3762//6332 3752//6332
f  2506//6333 3752//6333 2504//6333
f  2504//6334 3752//6334 3751//6334
f  2504//6335 3751//6335 2414//6335
f  2414//6336 3751//6336 3765//6336
f  2414//6337 3765//6337 3767//6337
f  2495//6338 3754//6338 2501//6338
f  2501//6339 3754//6339 3756//6339
f  2501//6340 3756//6340 2502//6340
f  2502//6341 3756//6341 3758//6341
f  2502//6342 3758//6342 2503//6342
f  2503//6343 3758//6343 3760//6343
f  2503//6344 3760//6344 2498//6344
f  2498//6345 3760//6345 3764//6345
f  2498//6346 3764//6346 2499//6346
f  2499//6347 3764//6347 3763//6347
f  2499//6348 3763//6348 3762//6348
f  3843//6349 3844//6349 3845//6349
f  3846//6350 3847//6350 3848//6350
f  3845//6351 3846//6351 3843//6351
f  3843//6352 3846//6352 3848//6352
f  3843//6353 3848//6353 3849//6353
f  3849//6354 3848//6354 3850//6354
f  3847//6355 111//6355 3848//6355
f  3848//6356 111//6356 3851//6356
f  3848//6357 3851//6357 3850//6357
f  3852//6358 3853//6358 3854//6358
f  3844//6359 3852//6359 3845//6359
f  3845//6360 3852//6360 3854//6360
f  3845//6361 3854//6361 3855//6361
f  3855//6362 3854//6362 3856//6362
f  3853//6363 3857//6363 3854//6363
f  3854//6364 3857//6364 3858//6364
f  3854//6365 3858//6365 3856//6365
f  3859//6366 3860//6366 3861//6366
f  3862//6367 3863//6367 3864//6367
f  3865//6368 3866//6368 3867//6368
f  3865//6368 3867//6368 3868//6368
f  3868//6369 3867//6369 3864//6369
f  3868//6370 3864//6370 3869//6370
f  3869//6371 3864//6371 3863//6371
f  3869//6372 3863//6372 3870//6372
f  3871//6373 3872//6373 3862//6373
f  3872//6374 3871//6374 3873//6374
f  3873//6375 3871//6375 3874//6375
f  3873//6376 3874//6376 3875//6376
f  3875//6377 3874//6377 3876//6377
f  3875//6378 3876//6378 3877//6378
f  3877//6379 3876//6379 3878//6379
f  3878//6380 3876//6380 3879//6380
f  3878//6381 3879//6381 3880//6381
f  3861//6382 3860//6382 3879//6382
f  3879//6383 3860//6383 3881//6383
f  3879//6384 3881//6384 3880//6384
f  3859//6385 3861//6385 3882//6385
f  3882//6386 3861//6386 3883//6386
f  3882//6387 3883//6387 3884//6387
f  3884//6388 3883//6388 3885//6388
f  3884//6389 3885//6389 3886//6389
f  3886//6390 3885//6390 3887//6390
f  3887//6391 3885//6391 3888//6391
f  3887//6392 3888//6392 3889//6392
f  3857//6393 3853//6393 3890//6393
f  3890//6394 3853//6394 3891//6394
f  3890//6395 3891//6395 3892//6395
f  3865//6396 3847//6396 3866//6396
f  3866//6397 3847//6397 3846//6397
f  3866//6398 3846//6398 3845//6398
f  3871//6399 3893//6399 3874//6399
f  3874//6400 3893//6400 3894//6400
f  3874//6401 3894//6401 3876//6401
f  3876//6402 3894//6402 3895//6402
f  3876//6403 3895//6403 3879//6403
f  3879//6404 3895//6404 3896//6404
f  3879//6405 3896//6405 3861//6405
f  3861//6406 3896//6406 3897//6406
f  3861//6407 3897//6407 3883//6407
f  3883//6408 3897//6408 3898//6408
f  3883//6409 3898//6409 3885//6409
f  3885//6410 3898//6410 3899//6410
f  3885//6411 3899//6411 3888//6411
f  3893//6412 3900//6412 3894//6412
f  3894//6413 3900//6413 3901//6413
f  3894//6414 3901//6414 3895//6414
f  3895//6415 3901//6415 3902//6415
f  3895//6416 3902//6416 3896//6416
f  3896//6417 3902//6417 3903//6417
f  3896//6418 3903//6418 3897//6418
f  3897//6419 3903//6419 3904//6419
f  3897//6420 3904//6420 3898//6420
f  3898//6421 3904//6421 3905//6421
f  3898//6422 3905//6422 3899//6422
f  3862//6423 3864//6423 3871//6423
f  3871//6424 3864//6424 3867//6424
f  3871//6425 3867//6425 3893//6425
f  3893//6426 3867//6426 3866//6426
f  3893//6427 3866//6427 3900//6427
f  3900//6428 3866//6428 3845//6428
f  3900//6429 3845//6429 3901//6429
f  3901//6430 3845//6430 3855//6430
f  3901//6431 3855//6431 3902//6431
f  3902//6432 3855//6432 3856//6432
f  3902//6433 3856//6433 3903//6433
f  3903//6434 3856//6434 3858//6434
f  3903//6435 3858//6435 3904//6435
f  3904//6436 3858//6436 3857//6436
f  3904//6437 3857//6437 3905//6437
f  3905//6438 3857//6438 3890//6438
f  3905//6439 3890//6439 3899//6439
f  3899//6440 3890//6440 3892//6440
f  3899//6441 3892//6441 3888//6441
f  3888//6442 3906//6442 3889//6442
f  3889//6443 3906//6443 3907//6443
f  3907//6444 3906//6444 3908//6444
f  3908//6445 3906//6445 3909//6445
f  3908//6446 3909//6446 3910//6446
f  3910//6447 3909//6447 3911//6447
f  3910//6448 3911//6448 3912//6448
f  3912//6449 3911//6449 3913//6449
f  3912//6450 3913//6450 3914//6450
f  3915//6451 3916//6451 3917//6451
f  3915//6452 3917//6452 3918//6452
f  3917//6453 3919//6453 3918//6453
f  3918//6454 3919//6454 3920//6454
f  3918//6455 3920//6455 3913//6455
f  3913//6456 3920//6456 3921//6456
f  3913//6457 3921//6457 3914//6457
f  3916//6458 3915//6458 3922//6458
f  3922//6459 3915//6459 114//6459
f  3922//6460 114//6460 108//6460
f  108//6461 114//6461 109//6461
f  110//6462 109//6462 3923//6462
f  110//6463 3923//6463 3924//6463
f  3924//6464 3923//6464 3925//6464
f  3925//6465 3923//6465 3869//6465
f  3925//6466 3869//6466 3870//6466
f  3926//6467 111//6467 3865//6467
f  3865//6468 111//6468 3847//6468
f  3926//6469 112//6469 111//6469
f  111//6470 113//6470 3851//6470
f  113//6471 3927//6471 3851//6471
f  3851//6472 3927//6472 3928//6472
f  3851//6473 3928//6473 3850//6473
f  3850//6474 3928//6474 3929//6474
f  3850//6475 3929//6475 3849//6475
f  3849//6476 3929//6476 3930//6476
f  3849//6477 3930//6477 3843//6477
f  3843//6478 3930//6478 3931//6478
f  3843//6479 3931//6479 3844//6479
f  3844//6480 3931//6480 3932//6480
f  3844//6481 3932//6481 3852//6481
f  3852//6482 3932//6482 3891//6482
f  3852//6483 3891//6483 3853//6483
f  3888//6484 3892//6484 3906//6484
f  3906//6485 3892//6485 3933//6485
f  3906//6486 3933//6486 3909//6486
f  3909//6487 3933//6487 3934//6487
f  3909//6488 3934//6488 3911//6488
f  3911//6489 3934//6489 3935//6489
f  3911//6490 3935//6490 3913//6490
f  3913//6491 3935//6491 3936//6491
f  3913//6492 3936//6492 3918//6492
f  3918//6493 3936//6493 3937//6493
f  3918//6494 3937//6494 3915//6494
f  3915//6495 3937//6495 3938//6495
f  3915//6496 3938//6496 114//6496
f  114//6497 3938//6497 115//6497
f  109//6498 115//6498 116//6498
f  109//6499 116//6499 3923//6499
f  3923//6500 116//6500 3939//6500
f  3923//6501 3939//6501 3869//6501
f  3869//6502 3939//6502 3868//6502
f  3892//6503 3891//6503 3933//6503
f  3933//6504 3891//6504 3932//6504
f  3933//6505 3932//6505 3934//6505
f  3934//6506 3932//6506 3931//6506
f  3934//6507 3931//6507 3935//6507
f  3935//6508 3931//6508 3930//6508
f  3935//6509 3930//6509 3936//6509
f  3936//6510 3930//6510 3929//6510
f  3936//6511 3929//6511 3937//6511
f  3937//6512 3929//6512 3928//6512
f  3937//6513 3928//6513 3938//6513
f  3938//6514 3928//6514 3927//6514
f  3938//6515 3927//6515 115//6515
f  115//6516 3927//6516 113//6516
f  115//6517 113//6517 116//6517
f  116//6518 112//6518 3939//6518
f  3939//6519 112//6519 3926//6519
f  3939//6520 3926//6520 3868//6520
f  3868//6521 3926//6521 3865//6521
f  2471//6522 3925//6522 2470//6522
f  2470//6523 3925//6523 3870//6523
f  3922//6524 108//6524 117//6524
f  117//6525 110//6525 2471//6525
f  2471//6526 110//6526 3924//6526
f  2471//6527 3924//6527 3925//6527
f  3922//6528 117//6528 3916//6528
f  3916//6529 117//6529 2466//6529
f  3916//6530 2466//6530 3917//6530
f  3917//6531 2466//6531 3919//6531
f  3919//6532 2466//6532 2465//6532
f  3919//6533 2465//6533 3920//6533
f  3920//6534 2465//6534 3921//6534
f  3921//6535 2465//6535 2464//6535
f  3921//6536 2464//6536 3914//6536
f  3914//6537 2464//6537 2463//6537
f  3914//6538 2463//6538 3912//6538
f  2463//6539 2462//6539 3912//6539
f  3912//6540 2462//6540 2605//6540
f  3912//6541 2605//6541 3910//6541
f  3910//6542 2605//6542 2582//6542
f  2579//6543 3889//6543 2580//6543
f  2580//6544 3889//6544 3907//6544
f  2580//6545 3907//6545 2582//6545
f  2582//6546 3907//6546 3908//6546
f  2582//6547 3908//6547 3910//6547
f  3887//6548 3889//6548 2579//6548
f  3887//6549 2579//6549 3886//6549
f  3886//6550 2579//6550 2584//6550
f  3886//6551 2584//6551 3884//6551
f  3884//6552 2584//6552 2583//6552
f  3884//6553 2583//6553 3882//6553
f  2477//6554 3881//6554 3860//6554
f  2477//6555 3860//6555 2583//6555
f  2583//6556 3860//6556 3859//6556
f  2583//6557 3859//6557 3882//6557
f  3881//6558 2477//6558 3880//6558
f  3880//6559 2477//6559 2476//6559
f  3880//6560 2476//6560 3878//6560
f  3878//6561 2476//6561 2480//6561
f  3878//6562 2480//6562 3877//6562
f  3877//6563 2480//6563 2479//6563
f  3877//6564 2479//6564 3875//6564
f  3875//6565 2479//6565 2478//6565
f  3875//6566 2478//6566 3873//6566
f  2468//6567 2470//6567 3870//6567
f  3870//6568 3863//6568 2468//6568
f  2468//6569 3863//6569 3862//6569
f  2468//6570 3862//6570 2478//6570
f  2478//6571 3862//6571 3872//6571
f  2478//6572 3872//6572 3873//6572
f  120//6573 3940//6573 118//6573
f  118//6574 3940//6574 3941//6574
f  118//6575 3941//6575 3942//6575
f  3943//6576 3944//6576 3942//6576
f  3942//6577 3945//6577 3943//6577
f  3943//6578 3945//6578 3946//6578
f  3943//6579 3946//6579 3947//6579
f  3942//6580 3941//6580 3945//6580
f  3945//6581 3941//6581 3948//6581
f  3945//6582 3948//6582 3946//6582
f  3946//6583 3948//6583 3949//6583
f  3946//6584 3949//6584 3947//6584
f  2712//6585 119//6585 2714//6585
f  2714//6586 119//6586 118//6586
f  118//6587 3942//6587 2714//6587
f  2714//6588 3942//6588 3944//6588
f  2714//6589 3944//6589 2497//6589
f  3950//6590 3951//6590 3947//6590
f  3947//6591 3951//6591 3943//6591
f  3952//6592 3953//6592 3954//6592
f  3944//6593 3943//6593 3955//6593
f  3955//6594 3943//6594 3951//6594
f  3955//6595 3951//6595 3954//6595
f  3954//6596 3951//6596 3956//6596
f  3954//6597 3956//6597 3952//6597
f  3947//6598 3949//6598 3950//6598
f  3950//6599 3949//6599 3957//6599
f  3950//6600 3957//6600 3951//6600
f  3951//6601 3957//6601 3958//6601
f  3951//6602 3958//6602 3956//6602
f  2489//6603 2493//6603 3953//6603
f  3953//6604 2493//6604 3954//6604
f  2497//6605 3944//6605 2493//6605
f  2493//6606 3944//6606 3955//6606
f  2493//6607 3955//6607 3954//6607
f  3959//6608 3960//6608 3961//6608
f  3962//6609 3963//6609 3964//6609
f  3964//6610 3963//6610 3965//6610
f  3964//6611 3965//6611 3966//6611
f  3966//6612 3965//6612 3967//6612
f  3968//6613 3969//6613 3970//6613
f  3970//6614 3969//6614 3971//6614
f  3970//6615 3971//6615 3972//6615
f  3972//6616 3971//6616 3973//6616
f  3973//6617 3971//6617 3974//6617
f  3973//6618 3974//6618 3975//6618
f  3975//6619 3974//6619 3976//6619
f  3975//6620 3976//6620 3977//6620
f  3977//6621 3976//6621 3978//6621
f  3977//6622 3978//6622 3979//6622
f  3980//6623 3981//6623 3982//6623
f  3982//6624 3981//6624 3983//6624
f  3982//6625 3983//6625 3984//6625
f  3963//6626 3985//6626 3965//6626
f  3965//6627 3985//6627 3986//6627
f  3965//6628 3986//6628 3984//6628
f  3984//6629 3986//6629 3987//6629
f  3984//6630 3987//6630 3982//6630
f  3981//6631 3988//6631 3983//6631
f  3983//6631 3988//6631 3989//6631
f  3983//6632 3989//6632 3984//6632
f  3984//6633 3989//6633 3990//6633
f  3984//6634 3990//6634 3965//6634
f  3965//6635 3990//6635 3961//6635
f  3965//6636 3961//6636 3967//6636
f  3967//6637 3961//6637 3960//6637
f  3988//6638 3978//6638 3989//6638
f  3989//6639 3978//6639 3976//6639
f  3989//6640 3976//6640 3990//6640
f  3990//6640 3976//6640 3974//6640
f  3990//6641 3974//6641 3961//6641
f  3961//6641 3974//6641 3971//6641
f  3961//6642 3971//6642 3959//6642
f  3959//6643 3971//6643 3969//6643
f  2573//6644 3991//6644 2652//6644
f  2652//6645 3991//6645 3992//6645
f  2652//6646 3992//6646 2650//6646
f  2650//6647 3992//6647 3993//6647
f  3993//6648 3994//6648 2650//6648
f  2650//6649 3994//6649 3995//6649
f  2650//6650 3995//6650 2634//6650
f  2634//6651 3995//6651 3996//6651
f  2634//6652 3996//6652 2641//6652
f  2641//6653 3996//6653 3997//6653
f  2641//6654 3997//6654 2645//6654
f  2645//6655 3997//6655 3998//6655
f  2645//6656 3998//6656 2646//6656
f  2646//6657 3998//6657 3962//6657
f  2646//6658 3962//6658 2647//6658
f  2647//6659 3962//6659 3964//6659
f  2647//6660 3964//6660 2636//6660
f  2636//6661 3964//6661 3966//6661
f  2636//6662 3966//6662 2635//6662
f  3959//6663 2620//6663 3960//6663
f  3960//6664 2620//6664 2635//6664
f  3960//6665 2635//6665 3967//6665
f  3967//6666 2635//6666 3966//6666
f  3959//6667 3969//6667 2620//6667
f  2620//6668 3969//6668 3968//6668
f  2620//6669 3968//6669 2430//6669
f  3999//6670 4000//6670 4001//6670
f  4001//6671 4000//6671 4002//6671
f  4001//6672 4002//6672 4003//6672
f  121//6673 123//6673 4004//6673
f  4005//6674 4006//6674 4007//6674
f  4007//6675 4006//6675 4008//6675
f  4007//6676 4008//6676 3991//6676
f  4008//6677 4006//6677 4009//6677
f  4009//6678 4006//6678 4010//6678
f  4009//6679 4010//6679 4011//6679
f  4011//6680 4010//6680 4012//6680
f  4011//6681 4012//6681 4013//6681
f  4013//6682 4012//6682 4014//6682
f  4014//6683 4012//6683 4015//6683
f  4014//6684 4015//6684 4016//6684
f  4017//6685 4018//6685 4019//6685
f  4019//6686 4018//6686 4020//6686
f  4019//6687 4020//6687 125//6687
f  125//6688 4020//6688 4021//6688
f  4000//6689 4022//6689 4002//6689
f  4002//6690 4022//6690 4023//6690
f  4002//6691 4023//6691 4021//6691
f  4021//6692 4023//6692 126//6692
f  4021//6693 126//6693 125//6693
f  4005//6694 4004//6694 4006//6694
f  4006//6695 4004//6695 123//6695
f  4006//6696 123//6696 4010//6696
f  4010//6697 123//6697 4024//6697
f  4010//6698 4024//6698 4012//6698
f  4012//6699 4024//6699 4025//6699
f  4012//6700 4025//6700 4015//6700
f  4015//6701 4025//6701 4026//6701
f  122//6702 4003//6702 123//6702
f  123//6703 4003//6703 4002//6703
f  123//6704 4002//6704 4024//6704
f  4024//6705 4002//6705 4021//6705
f  4024//6706 4021//6706 4025//6706
f  4025//6707 4021//6707 4020//6707
f  4025//6708 4020//6708 4026//6708
f  4026//6709 4020//6709 4018//6709
f  4027//6710 4028//6710 3980//6710
f  4016//6711 4029//6711 4014//6711
f  4014//6712 4029//6712 4030//6712
f  4014//6713 4030//6713 4013//6713
f  4013//6714 4030//6714 4031//6714
f  4032//6715 4008//6715 4009//6715
f  4032//6716 4009//6716 4031//6716
f  4031//6717 4009//6717 4011//6717
f  4031//6718 4011//6718 4013//6718
f  3995//6719 3994//6719 4032//6719
f  4032//6720 3994//6720 3993//6720
f  4032//6721 3993//6721 4008//6721
f  4008//6722 3993//6722 3992//6722
f  4008//6723 3992//6723 3991//6723
f  3997//6724 4033//6724 3998//6724
f  3998//6725 4033//6725 3963//6725
f  3998//6726 3963//6726 3962//6726
f  3980//6727 3982//6727 4027//6727
f  4027//6728 3982//6728 3987//6728
f  4027//6729 3987//6729 4034//6729
f  4034//6730 3987//6730 3986//6730
f  4034//6731 3986//6731 4033//6731
f  4033//6732 3986//6732 3985//6732
f  4033//6733 3985//6733 3963//6733
f  4029//6734 4035//6734 4030//6734
f  4030//6735 4035//6735 4036//6735
f  4030//6736 4036//6736 4031//6736
f  4031//6737 4036//6737 4037//6737
f  4031//6738 4037//6738 4032//6738
f  4032//6738 4037//6738 4038//6738
f  4032//6739 4038//6739 3995//6739
f  3995//6740 4038//6740 3996//6740
f  4035//6741 4028//6741 4036//6741
f  4036//6742 4028//6742 4027//6742
f  4036//6743 4027//6743 4037//6743
f  4037//6743 4027//6743 4034//6743
f  4037//6744 4034//6744 4038//6744
f  4038//6744 4034//6744 4033//6744
f  4038//6745 4033//6745 3996//6745
f  3996//6746 4033//6746 3997//6746
f  3981//6747 3980//6747 4039//6747
f  3988//6748 3981//6748 3978//6748
f  3978//6749 3981//6749 4039//6749
f  3978//6750 4039//6750 3979//6750
f  3979//6751 4039//6751 4016//6751
f  3980//6752 4028//6752 4039//6752
f  4039//6753 4028//6753 4035//6753
f  4039//6754 4035//6754 4016//6754
f  4016//6755 4035//6755 4029//6755
f  3979//6756 4016//6756 4040//6756
f  4040//6757 4016//6757 4015//6757
f  4040//6758 4015//6758 4026//6758
f  4041//3539 4040//3539 4017//3539
f  4017//6759 4040//6759 4026//6759
f  4017//6760 4026//6760 4018//6760
f  4041//3539 4042//3539 4040//3539
f  4040//6761 4042//6761 4043//6761
f  4040//6762 4043//6762 3979//6762
f  4041//6763 4044//6763 4045//6763
f  4041//6764 4045//6764 4042//6764
f  4042//6765 4045//6765 4046//6765
f  4042//6766 4046//6766 4043//6766
f  3973//6767 3975//6767 4047//6767
f  4047//6768 3975//6768 3977//6768
f  4048//6769 3972//6769 3973//6769
f  4049//6770 3968//6770 3970//6770
f  4050//6771 4051//6771 4052//6771
f  4052//6772 4051//6772 4049//6772
f  4052//6773 4049//6773 4048//6773
f  4048//6774 4049//6774 3970//6774
f  4048//6775 3970//6775 3972//6775
f  4000//6776 3999//6776 4053//6776
f  4050//6777 4052//6777 4054//6777
f  4054//6778 4052//6778 4055//6778
f  4054//6779 4055//6779 4053//6779
f  4053//6780 4055//6780 4022//6780
f  4053//6781 4022//6781 4000//6781
f  124//6782 126//6782 4023//6782
f  4041//6783 4017//6783 4044//6783
f  4044//6784 4017//6784 4019//6784
f  4044//6785 4019//6785 125//6785
f  3973//6786 4047//6786 4048//6786
f  4048//6787 4047//6787 4056//6787
f  4048//6788 4056//6788 4052//6788
f  4052//6789 4056//6789 124//6789
f  4052//6790 124//6790 4055//6790
f  4055//6791 124//6791 4023//6791
f  4055//6792 4023//6792 4022//6792
f  3979//6793 4043//6793 3977//6793
f  3977//6794 4043//6794 4046//6794
f  3977//6795 4046//6795 4047//6795
f  4047//6796 4046//6796 4045//6796
f  4047//6797 4045//6797 4056//6797
f  4056//6798 4045//6798 4044//6798
f  4056//6799 4044//6799 124//6799
f  124//6800 4044//6800 125//6800
f  2550//6801 2548//6801 4001//6801
f  4001//6802 2548//6802 3999//6802
f  3999//6803 2548//6803 2547//6803
f  3999//6804 2547//6804 4053//6804
f  4053//6805 2547//6805 2552//6805
f  4053//6806 2552//6806 4054//6806
f  4054//6807 2552//6807 2558//6807
f  4054//6808 2558//6808 4050//6808
f  4050//6809 2558//6809 2556//6809
f  4050//6810 2556//6810 4051//6810
f  4051//6811 2556//6811 2555//6811
f  4051//6812 2555//6812 4049//6812
f  2555//6813 2420//6813 4049//6813
f  4049//6814 2420//6814 2430//6814
f  4049//6815 2430//6815 3968//6815
f  2550//6816 4001//6816 2570//6816
f  2570//6817 4001//6817 4003//6817
f  2570//6818 4003//6818 122//6818
f  122//6819 121//6819 2570//6819
f  2570//6820 121//6820 4004//6820
f  2570//6821 4004//6821 2571//6821
f  2571//6822 4004//6822 4005//6822
f  2571//6823 4005//6823 2573//6823
f  2573//6824 4005//6824 4007//6824
f  2573//6825 4007//6825 3991//6825
f  4057//977 4058//977 2522//977
f  4059//6826 4060//6826 2416//6826
f  2416//978 4060//978 4057//978
f  2416//977 4057//977 2417//977
f  2417//977 4057//977 2522//977
f  4058//978 4061//978 2522//978
f  2522//977 4061//977 4062//977
f  2522//6827 4062//6827 15//6827
f  4063//6828 4064//6828 272//6828
f  272//6829 4064//6829 4065//6829
f  272//6830 4065//6830 281//6830
f  272//6831 270//6831 4063//6831
f  4063//6832 270//6832 269//6832
f  4063//6833 269//6833 4066//6833
f  4066//6834 269//6834 277//6834
f  4066//6835 277//6835 4067//6835
f  4067//6836 277//6836 276//6836
f  4067//6837 276//6837 4068//6837
f  4068//6838 276//6838 274//6838
f  4068//6839 274//6839 4069//6839
f  4069//6840 274//6840 273//6840
f  4069//6841 273//6841 4070//6841
f  4070//6842 273//6842 262//6842
f  4070//6843 262//6843 4071//6843
f  145//6844 71//6844 4072//6844
f  145//6845 4072//6845 78//6845
f  262//6846 264//6846 4071//6846
f  4071//6847 264//6847 266//6847
f  4071//6848 266//6848 4073//6848
f  4073//6849 266//6849 268//6849
f  4073//6850 268//6850 4074//6850
f  4074//6851 268//6851 310//6851
f  4074//6852 310//6852 4075//6852
f  4075//6853 310//6853 309//6853
f  4075//6854 309//6854 4076//6854
f  4076//6855 309//6855 308//6855
f  4076//6856 308//6856 4077//6856
f  4077//6857 308//6857 260//6857
f  4077//6858 260//6858 4078//6858
f  4078//6859 260//6859 259//6859
f  4078//6860 259//6860 4072//6860
f  4072//6861 259//6861 311//6861
f  4072//6862 311//6862 78//6862
f  4079//6863 842//6863 1245//6863
f  4079//6864 1245//6864 4080//6864
f  1245//6865 1246//6865 4080//6865
f  4080//6866 1246//6866 1249//6866
f  4080//6867 1249//6867 4081//6867
f  1249//6868 1248//6868 4081//6868
f  4081//6869 1248//6869 1247//6869
f  4081//6870 1247//6870 4082//6870
f  4082//6871 1247//6871 1251//6871
f  4082//6872 1251//6872 4083//6872
f  1250//6873 877//6873 875//6873
f  4083//6874 1251//6874 4064//6874
f  4064//6875 1251//6875 1250//6875
f  4064//6876 1250//6876 4065//6876
f  4065//6877 1250//6877 875//6877
f  4065//6878 875//6878 281//6878
f  211//6879 4084//6879 206//6879
f  206//6880 4084//6880 4085//6880
f  206//6881 4085//6881 207//6881
f  207//6882 4085//6882 4086//6882
f  207//6883 4086//6883 212//6883
f  212//6884 4086//6884 213//6884
f  213//6885 4086//6885 4087//6885
f  213//6886 4087//6886 215//6886
f  215//6887 4087//6887 4088//6887
f  215//6888 4088//6888 216//6888
f  216//6889 4088//6889 4089//6889
f  216//6890 4089//6890 218//6890
f  4090//6891 36//6891 4091//6891
f  4091//6892 36//6892 38//6892
f  4091//6893 38//6893 40//6893
f  40//6894 42//6894 4091//6894
f  4091//6895 42//6895 44//6895
f  4091//6896 44//6896 4090//6896
f  4090//6897 44//6897 246//6897
f  4090//6898 246//6898 4092//6898
f  4092//6899 246//6899 245//6899
f  4092//6900 245//6900 4093//6900
f  4093//6901 245//6901 244//6901
f  4093//6902 244//6902 4094//6902
f  4094//6903 244//6903 243//6903
f  4094//6904 243//6904 4095//6904
f  4095//6905 243//6905 242//6905
f  4095//6906 242//6906 4096//6906
f  4096//6907 242//6907 250//6907
f  4096//6908 250//6908 4097//6908
f  4097//6909 250//6909 249//6909
f  4097//6910 249//6910 4098//6910
f  4098//6911 249//6911 248//6911
f  4098//6912 248//6912 4099//6912
f  4099//6913 248//6913 247//6913
f  4099//6914 247//6914 4100//6914
f  4100//6915 247//6915 218//6915
f  4100//6916 218//6916 4101//6916
f  4101//6917 218//6917 4089//6917
f  211//6918 1766//6918 4084//6918
f  4084//6919 1766//6919 4102//6919
f  4084//6920 4102//6920 4085//6920
f  4085//6921 4102//6921 4103//6921
f  4085//6922 4103//6922 4104//6922
f  4104//6923 4103//6923 4105//6923
f  4104//6924 4105//6924 4106//6924
f  4106//6925 4105//6925 4107//6925
f  4106//6926 4107//6926 4108//6926
f  4108//6927 4107//6927 4109//6927
f  4108//6928 4109//6928 4110//6928
f  4110//6929 4109//6929 4111//6929
f  4110//6930 4111//6930 4112//6930
f  4112//6931 4111//6931 4113//6931
f  4112//6932 4113//6932 4114//6932
f  4114//6933 4113//6933 4060//6933
f  4114//6934 4060//6934 4059//6934
f  4114//6935 4088//6935 4112//6935
f  4112//6936 4088//6936 4087//6936
f  4112//6937 4087//6937 4110//6937
f  4085//6938 4104//6938 4086//6938
f  4086//6939 4104//6939 4106//6939
f  4086//6940 4106//6940 4087//6940
f  4087//6941 4106//6941 4108//6941
f  4087//6942 4108//6942 4110//6942
f  4097//6943 4098//6943 2597//6943
f  2597//6943 4098//6943 4099//6943
f  2597//6944 4099//6944 2415//6944
f  2415//6945 4099//6945 4100//6945
f  4114//6946 4059//6946 4088//6946
f  4088//6947 4059//6947 2416//6947
f  4088//6948 2416//6948 4089//6948
f  4089//6949 2416//6949 2415//6949
f  4089//6950 2415//6950 4101//6950
f  4101//6951 2415//6951 4100//6951
f  2597//6952 2596//6952 4097//6952
f  4097//6953 2596//6953 4115//6953
f  4097//6954 4115//6954 4096//6954
f  4096//6955 4115//6955 4116//6955
f  4096//6956 4116//6956 4095//6956
f  4095//6957 4116//6957 4117//6957
f  4095//6958 4117//6958 4094//6958
f  4090//6959 4092//6959 4117//6959
f  4117//6960 4092//6960 4093//6960
f  4117//6961 4093//6961 4094//6961
f  50//6962 51//6962 4090//6962
f  4090//6963 51//6963 23//6963
f  29//6964 31//6964 4090//6964
f  4090//6965 31//6965 34//6965
f  4090//6966 34//6966 36//6966
f  23//6967 25//6967 4090//6967
f  4090//6968 25//6968 27//6968
f  4090//6969 27//6969 29//6969
f  130//6970 48//6970 4118//6970
f  153//6971 131//6971 4119//6971
f  4119//6972 131//6972 134//6972
f  2525//6973 2524//6973 4119//6973
f  4119//6974 2524//6974 154//6974
f  4119//6975 154//6975 153//6975
f  2596//6976 2595//6976 4120//6976
f  4120//6977 2595//6977 2525//6977
f  4120//6978 2525//6978 4121//6978
f  4121//6979 2525//6979 4119//6979
f  4116//6980 4122//6980 4117//6980
f  4117//6981 4122//6981 4118//6981
f  4117//6982 4118//6982 4090//6982
f  4090//6983 4118//6983 48//6983
f  4090//6984 48//6984 50//6984
f  2596//6985 4120//6985 4115//6985
f  4115//6986 4120//6986 4121//6986
f  4115//6987 4121//6987 4116//6987
f  4116//6988 4121//6988 4119//6988
f  4116//6989 4119//6989 4122//6989
f  4122//6990 4119//6990 134//6990
f  4122//6991 134//6991 4118//6991
f  4118//6992 134//6992 127//6992
f  4118//6993 127//6993 130//6993
f  138//6994 136//6994 4123//6994
f  2688//6995 2687//6995 4124//6995
f  4080//6996 4066//6996 4079//6996
f  4079//6997 4066//6997 4067//6997
f  4079//6998 4067//6998 2784//6998
f  4069//6999 4070//6999 2612//6999
f  2784//7000 4067//7000 2612//7000
f  2612//7001 4067//7001 4068//7001
f  2612//7002 4068//7002 4069//7002
f  4071//7003 4073//7003 4124//7003
f  4070//7004 4071//7004 2612//7004
f  2612//7005 4071//7005 4124//7005
f  2612//7006 4124//7006 2613//7006
f  2613//7007 4124//7007 2687//7007
f  136//7008 146//7008 4123//7008
f  4123//7009 146//7009 2615//7009
f  4123//7010 2615//7010 4125//7010
f  4125//7011 2615//7011 2686//7011
f  4125//7012 2686//7012 4124//7012
f  4124//7013 2686//7013 2685//7013
f  4124//7014 2685//7014 2688//7014
f  141//7015 140//7015 4126//7015
f  4126//7016 140//7016 138//7016
f  52//7017 54//7017 4127//7017
f  4127//7018 54//7018 142//7018
f  4127//7019 142//7019 141//7019
f  4072//7020 71//7020 69//7020
f  69//7021 66//7021 4072//7021
f  4072//7022 66//7022 64//7022
f  4072//7023 64//7023 62//7023
f  62//7024 60//7024 4072//7024
f  4072//7025 60//7025 58//7025
f  4072//7026 58//7026 57//7026
f  4077//7027 4078//7027 4128//7027
f  4128//7028 4078//7028 4072//7028
f  4128//7029 4072//7029 4127//7029
f  4127//7030 4072//7030 57//7030
f  4127//7031 57//7031 52//7031
f  4129//7032 4074//7032 4130//7032
f  4130//7033 4074//7033 4075//7033
f  4130//7034 4075//7034 4076//7034
f  4080//7035 4081//7035 4066//7035
f  4066//7036 4081//7036 4082//7036
f  4066//7037 4082//7037 4063//7037
f  4063//7038 4082//7038 4083//7038
f  4063//7039 4083//7039 4064//7039
f  141//7040 4126//7040 4127//7040
f  4127//7041 4126//7041 4130//7041
f  4127//7042 4130//7042 4128//7042
f  4128//7043 4130//7043 4076//7043
f  4128//7044 4076//7044 4077//7044
f  138//7045 4123//7045 4126//7045
f  4126//7046 4123//7046 4125//7046
f  4126//7047 4125//7047 4130//7047
f  4130//7048 4125//7048 4124//7048
f  4130//7049 4124//7049 4129//7049
f  4129//7050 4124//7050 4073//7050
f  4129//7051 4073//7051 4074//7051
f  2691//7052 13//7052 847//7052
f  847//978 846//978 2691//978
f  2691//978 846//978 845//978
f  2691//978 845//978 2689//978
f  2689//978 845//978 843//978
f  2689//7053 843//7053 2784//7053
f  2784//7054 843//7054 842//7054
f  2784//6826 842//6826 4079//6826
f  2695//7055 13//7055 2693//7055
f  2693//7056 13//7056 2691//7056
f  2519//7057 2518//7057 15//7057
f  15//7058 2518//7058 2600//7058
f  15//7059 2600//7059 2522//7059
f  2695//7060 2697//7060 13//7060
f  13//7061 2697//7061 2699//7061
f  13//7062 2699//7062 12//7062
f  12//7063 2699//7063 2780//7063
f  12//7064 2780//7064 11//7064
f  11//7065 2780//7065 2767//7065
f  11//7066 2767//7066 1//7066
f  1//7067 2767//7067 2512//7067
f  1//7068 2512//7068 19//7068
f  19//7069 2512//7069 2511//7069
f  19//7063 2511//7063 17//7063
f  17//7067 2511//7067 2510//7067
f  17//7070 2510//7070 15//7070
f  15//7071 2510//7071 2514//7071
f  15//7072 2514//7072 2519//7072
f  4131//7073 2736//7073 4132//7073
f  4132//7074 2736//7074 2735//7074
f  4132//7075 2735//7075 4133//7075
f  4133//7076 2735//7076 2719//7076
f  4133//7077 2719//7077 4134//7077
f  4134//7078 2719//7078 4135//7078
f  4135//7079 2719//7079 2718//7079
f  4135//7080 2718//7080 4136//7080
f  4136//7081 2718//7081 2725//7081
f  4136//7082 2725//7082 4137//7082
f  2725//7083 2724//7083 4137//7083
f  4137//7084 2724//7084 2723//7084
f  4137//7085 2723//7085 4138//7085
f  4138//7086 2723//7086 2722//7086
f  4138//7087 2722//7087 4139//7087
f  4139//7088 2722//7088 4140//7088
f  4140//7089 2722//7089 2721//7089
f  4140//7090 2721//7090 4141//7090
f  4141//7091 2721//7091 2720//7091
f  4141//7092 2720//7092 4142//7092
f  4142//7093 2720//7093 4143//7093
f  4143//7094 2720//7094 2772//7094
f  4143//7095 2772//7095 4144//7095
f  2772//7096 2771//7096 4144//7096
f  4144//7097 2771//7097 2769//7097
f  4144//7098 2769//7098 4145//7098
f  4146//7099 4147//7099 2732//7099
f  4148//7100 4145//7100 2769//7100
f  2769//7101 2768//7101 4148//7101
f  4148//7102 2768//7102 2773//7102
f  4148//7103 2773//7103 4149//7103
f  183//7104 2738//7104 4150//7104
f  4150//7105 184//7105 183//7105
f  183//7106 185//7106 2740//7106
f  2740//7107 185//7107 4151//7107
f  2740//7108 4151//7108 2773//7108
f  2773//7109 4151//7109 4152//7109
f  2773//7110 4152//7110 4149//7110
f  2732//7111 4147//7111 2733//7111
f  2733//7112 4147//7112 4153//7112
f  2733//7113 4153//7113 2737//7113
f  2737//7114 4153//7114 4154//7114
f  2737//7115 4154//7115 2738//7115
f  2738//7116 4154//7116 4155//7116
f  2738//7117 4155//7117 4150//7117
f  4146//7118 2732//7118 4156//7118
f  4156//7119 2732//7119 187//7119
f  4156//7120 187//7120 186//7120
f  188//7121 187//7121 2736//7121
f  188//7122 2736//7122 4131//7122
f  4157//7123 4158//7123 2805//7123
f  188//7124 4131//7124 4159//7124
f  4160//7125 4156//7125 4161//7125
f  4161//7126 4156//7126 186//7126
f  4161//7127 186//7127 189//7127
f  189//7128 188//7128 4162//7128
f  4162//7129 188//7129 4159//7129
f  4153//7130 4147//7130 4160//7130
f  4160//7131 4147//7131 4146//7131
f  4160//7132 4146//7132 4156//7132
f  4160//7133 4163//7133 4153//7133
f  4153//7134 4163//7134 4164//7134
f  4153//7135 4164//7135 4154//7135
f  4154//7136 4164//7136 4165//7136
f  4154//7137 4165//7137 4155//7137
f  4155//7138 4165//7138 4166//7138
f  4155//7139 4166//7139 4150//7139
f  4150//7140 4166//7140 4167//7140
f  4150//7141 4167//7141 184//7141
f  184//7142 4167//7142 185//7142
f  185//7143 4167//7143 4168//7143
f  185//7144 4168//7144 4151//7144
f  4151//7145 4168//7145 4169//7145
f  4151//7146 4169//7146 4152//7146
f  4152//7147 4169//7147 4170//7147
f  4152//7148 4170//7148 4149//7148
f  4149//7149 4170//7149 4171//7149
f  4149//7150 4171//7150 4148//7150
f  4172//7151 4145//7151 4173//7151
f  4173//7152 4145//7152 4148//7152
f  4173//7153 4148//7153 4174//7153
f  4174//7154 4148//7154 4171//7154
f  2805//7155 2803//7155 4157//7155
f  4157//7156 2803//7156 2802//7156
f  4157//7157 2802//7157 4175//7157
f  4175//7158 2802//7158 2801//7158
f  4175//7159 2801//7159 4176//7159
f  4176//7160 2801//7160 2800//7160
f  4176//7161 2800//7161 4177//7161
f  4177//7162 2800//7162 2799//7162
f  4177//7163 2799//7163 4178//7163
f  4178//7164 2799//7164 2798//7164
f  4178//7165 2798//7165 4179//7165
f  4179//7166 2798//7166 2797//7166
f  4179//7167 2797//7167 4180//7167
f  4180//7168 2797//7168 2796//7168
f  4180//7169 2796//7169 4181//7169
f  4181//7170 2796//7170 2792//7170
f  4181//7171 2792//7171 4182//7171
f  4182//7172 2792//7172 2791//7172
f  4182//7173 2791//7173 4183//7173
f  4183//7174 2791//7174 2789//7174
f  4183//7175 2789//7175 4184//7175
f  4184//7176 2789//7176 2788//7176
f  4184//7177 2788//7177 4185//7177
f  4185//7178 2788//7178 2795//7178
f  4185//7179 2795//7179 4186//7179
f  4186//7180 2795//7180 2794//7180
f  4186//7181 2794//7181 4187//7181
f  4187//7182 2794//7182 2793//7182
f  4187//7183 2793//7183 4188//7183
f  4188//7184 2793//7184 4189//7184
f  4189//7185 4190//7185 4188//7185
f  4188//7186 4190//7186 4191//7186
f  4188//7187 4191//7187 4187//7187
f  4187//7188 4191//7188 4192//7188
f  4187//7189 4192//7189 4186//7189
f  4186//7190 4192//7190 4193//7190
f  4186//7191 4193//7191 4185//7191
f  4185//7192 4193//7192 4194//7192
f  4185//7193 4194//7193 4184//7193
f  4184//7194 4194//7194 4195//7194
f  4184//7195 4195//7195 4183//7195
f  4183//7196 4195//7196 4196//7196
f  4183//7197 4196//7197 4182//7197
f  4182//7198 4196//7198 4197//7198
f  4182//7199 4197//7199 4181//7199
f  4181//7200 4197//7200 4198//7200
f  4181//7201 4198//7201 4180//7201
f  4180//7202 4198//7202 4199//7202
f  4180//7203 4199//7203 4179//7203
f  4179//7204 4199//7204 4200//7204
f  4179//7205 4200//7205 4178//7205
f  4178//7206 4200//7206 4201//7206
f  4178//7207 4201//7207 4177//7207
f  4177//7208 4201//7208 4202//7208
f  4177//7209 4202//7209 4176//7209
f  4176//7210 4202//7210 4203//7210
f  4176//7211 4203//7211 4175//7211
f  4175//7212 4203//7212 4204//7212
f  4175//7213 4204//7213 4157//7213
f  4157//7214 4204//7214 4205//7214
f  4157//7215 4205//7215 4158//7215
f  4158//7216 4205//7216 4206//7216
f  4190//7217 4172//7217 4191//7217
f  4191//7218 4172//7218 4173//7218
f  4191//7219 4173//7219 4192//7219
f  4192//7220 4173//7220 4174//7220
f  4192//7221 4174//7221 4193//7221
f  4193//7222 4174//7222 4171//7222
f  4193//7223 4171//7223 4194//7223
f  4194//7224 4171//7224 4170//7224
f  4194//7225 4170//7225 4195//7225
f  4195//7226 4170//7226 4169//7226
f  4195//7227 4169//7227 4196//7227
f  4196//7228 4169//7228 4168//7228
f  4196//7229 4168//7229 4197//7229
f  4197//7230 4168//7230 4167//7230
f  4197//7231 4167//7231 4198//7231
f  4198//7232 4167//7232 4166//7232
f  4198//7233 4166//7233 4199//7233
f  4199//7234 4166//7234 4165//7234
f  4199//7235 4165//7235 4200//7235
f  4200//7236 4165//7236 4164//7236
f  4200//7237 4164//7237 4201//7237
f  4201//7238 4164//7238 4163//7238
f  4201//7239 4163//7239 4202//7239
f  4202//7240 4163//7240 4160//7240
f  4202//7241 4160//7241 4203//7241
f  4203//7242 4160//7242 4161//7242
f  4203//7243 4161//7243 4204//7243
f  4204//7244 4161//7244 189//7244
f  4204//7245 189//7245 4205//7245
f  4205//7246 189//7246 4162//7246
f  4205//7247 4162//7247 4206//7247
f  4206//7248 4162//7248 4159//7248
f  4142//7249 4143//7249 4207//7249
f  4207//7250 4143//7250 4144//7250
f  4207//7251 4144//7251 4208//7251
f  4208//7252 4144//7252 4145//7252
f  4208//7253 4145//7253 4172//7253
f  4142//7254 4207//7254 4141//7254
f  4141//7255 4207//7255 4209//7255
f  4141//7256 4209//7256 4140//7256
f  4140//7257 4209//7257 4139//7257
f  4139//7258 4209//7258 4210//7258
f  4139//7259 4210//7259 4138//7259
f  4138//7260 4210//7260 4211//7260
f  4138//7261 4211//7261 4137//7261
f  4137//7262 4211//7262 4212//7262
f  4137//7263 4212//7263 4136//7263
f  4132//7264 4133//7264 4213//7264
f  4213//7265 4133//7265 4134//7265
f  4213//7266 4134//7266 4212//7266
f  4212//7267 4134//7267 4135//7267
f  4212//7268 4135//7268 4136//7268
f  4213//7269 4214//7269 4132//7269
f  4132//7270 4214//7270 4159//7270
f  4132//7271 4159//7271 4131//7271
f  4158//7272 4215//7272 2805//7272
f  2805//7273 4215//7273 4216//7273
f  2805//7274 4216//7274 2806//7274
f  2806//7275 4216//7275 4217//7275
f  2806//7276 4217//7276 2810//7276
f  2810//7277 4217//7277 4218//7277
f  2810//7278 4218//7278 2809//7278
f  4218//7279 4219//7279 2809//7279
f  2809//7280 4219//7280 4220//7280
f  2809//7281 4220//7281 2808//7281
f  2808//7282 4220//7282 4221//7282
f  2808//7283 4221//7283 2807//7283
f  2807//7284 4221//7284 4222//7284
f  2807//7285 4222//7285 2790//7285
f  2790//7286 4222//7286 4189//7286
f  2790//7287 4189//7287 2793//7287
f  4190//7288 4189//7288 4223//7288
f  4223//7289 4189//7289 4222//7289
f  4223//7290 4222//7290 4224//7290
f  4224//7291 4222//7291 4221//7291
f  4224//7292 4221//7292 4225//7292
f  4225//7293 4221//7293 4220//7293
f  4225//7294 4220//7294 4226//7294
f  4226//7295 4220//7295 4219//7295
f  4226//7296 4219//7296 4227//7296
f  4227//7297 4219//7297 4218//7297
f  4227//7298 4218//7298 4228//7298
f  4228//7299 4218//7299 4217//7299
f  4228//7300 4217//7300 4229//7300
f  4229//7301 4217//7301 4216//7301
f  4229//7302 4216//7302 4230//7302
f  4230//7303 4216//7303 4215//7303
f  4230//7304 4215//7304 4206//7304
f  4206//7305 4215//7305 4158//7305
f  4172//7306 4190//7306 4208//7306
f  4208//7307 4190//7307 4223//7307
f  4208//7308 4223//7308 4207//7308
f  4207//7309 4223//7309 4224//7309
f  4207//7310 4224//7310 4209//7310
f  4209//7311 4224//7311 4225//7311
f  4209//7312 4225//7312 4210//7312
f  4210//7313 4225//7313 4226//7313
f  4210//7314 4226//7314 4211//7314
f  4211//7315 4226//7315 4227//7315
f  4211//7316 4227//7316 4212//7316
f  4212//7317 4227//7317 4228//7317
f  4212//7318 4228//7318 4213//7318
f  4213//7319 4228//7319 4229//7319
f  4213//7320 4229//7320 4214//7320
f  4214//7321 4229//7321 4230//7321
f  4214//7322 4230//7322 4159//7322
f  4159//7323 4230//7323 4206//7323
f  15//7054 4062//7054 2053//7054
f  2053//977 4062//977 4061//977
f  4061//978 4058//978 2053//978
f  2053//977 4058//977 4057//977
f  2053//977 4057//977 4060//977
f  1686//7324 2053//7324 1689//7324
f  1689//7325 2053//7325 4060//7325
f  1689//7326 4060//7326 1690//7326
f  1690//7327 4060//7327 1692//7327
f  1766//7328 1765//7328 4102//7328
f  4102//7329 1765//7329 1782//7329
f  1692//7330 4060//7330 1693//7330
f  1693//7331 4060//7331 4113//7331
f  1693//7332 4113//7332 1695//7332
f  1695//7333 4113//7333 4111//7333
f  1695//7334 4111//7334 1772//7334
f  1772//7335 4111//7335 4109//7335
f  1772//7336 4109//7336 1777//7336
f  1777//7337 4109//7337 4107//7337
f  1777//7338 4107//7338 1778//7338
f  1778//7339 4107//7339 4105//7339
f  1778//7340 4105//7340 1782//7340
f  1782//7341 4105//7341 4103//7341
f  1782//7342 4103//7342 4102//7342
f  2467//2708 2469//2708 4231//2708
f  4232//2708 2421//2708 4231//2708
f  4231//2708 2421//2708 2438//2708
f  4231//2708 2438//2708 2467//2708
f  2407//7343 2421//7343 4232//7343
f  2629//7343 2361//7343 4233//7343
f  4233//7343 2361//7343 2364//7343
f  4233//7343 2364//7343 4232//7343
f  2364//7343 2433//7343 4232//7343
f  4232//7344 2433//7344 2411//7344
f  4232//7343 2411//7343 2407//7343
f  2407//7343 2411//7343 2395//7343
f  2389//7345 2388//7345 2386//7345
f  2329//7346 2326//7346 2330//7346
f  2330//7344 2326//7344 2309//7344
f  2330//7343 2309//7343 2361//7343
f  2361//7343 2309//7343 2364//7343
f  2364//7347 2309//7347 2319//7347
f  2364//7347 2319//7347 2346//7347
f  2346//7347 2349//7347 2364//7347
f  2364//7344 2349//7344 2348//7344
f  2364//7344 2348//7344 2342//7344
f  2342//7345 2348//7345 2352//7345
f  2342//7348 2352//7348 2343//7348
f  2329//7343 2338//7343 2326//7343
f  2326//7344 2338//7344 2339//7344
f  2326//7344 2339//7344 2340//7344
f  2382//7349 2373//7349 2384//7349
f  2384//7350 2373//7350 2383//7350
f  2394//7351 2403//7351 2374//7351
f  2374//7343 2403//7343 2405//7343
f  2374//7343 2405//7343 2406//7343
f  2382//7352 2389//7352 2373//7352
f  2373//7343 2389//7343 2386//7343
f  2373//7343 2386//7343 2367//7343
f  2367//7343 2386//7343 2407//7343
f  2367//7343 2407//7343 2374//7343
f  2374//7343 2407//7343 2395//7343
f  2374//7346 2395//7346 2394//7346
f  2469//7353 2484//7353 4231//7353
f  4231//7353 2484//7353 2489//7353
f  4231//7353 2489//7353 4234//7353
f  3949//7354 3948//7354 3941//7354
f  2611//7353 4234//7353 2712//7353
f  2712//7353 4234//7353 2489//7353
f  2712//7353 2489//7353 119//7353
f  119//7353 2489//7353 3953//7353
f  119//7355 3953//7355 120//7355
f  120//7353 3953//7353 3940//7353
f  3952//7353 3949//7353 3953//7353
f  3953//7353 3949//7353 3941//7353
f  3953//7356 3941//7356 3940//7356
f  3952//7356 3956//7356 3949//7356
f  3949//7353 3956//7353 3958//7353
f  3949//7353 3958//7353 3957//7353
f  4234//7357 2611//7357 2734//7357
f  4234//7357 2734//7357 4233//7357
f  4233//7357 2734//7357 2756//7357
f  4233//7357 2756//7357 2629//7357
f  4231//7358 4234//7358 4232//7358
f  4232//7358 4234//7358 4233//7358

