# File produced by Open Asset Import Library (http://www.assimp.sf.net)
# (assimp v5.3.0)

mtllib ft_sensor.mtl

# 1544 vertex positions
v 0.00434120465 0.024620194 0.000499999267
v 0.00265636807 0.0248584729 0.00360583048
v 0.00291212299 0.0248298123 0.00427920837
v 0.00300000003 0.024819348 0.00499999989
v 0.00265636807 0.0225000009 0.00360583048
v 0.00170419423 0.0225000009 0.00253104791
v 0.00151554449 0.0225000009 0.00412499998
v 0.000875000027 0.0225000009 0.00348445587
v 0.00300000003 0.0225000009 0.00499999989
v 0.00224542385 0.0248989575 0.00301050954
v -6.9388939e-17 0.0225000009 0.00325000007
v 0.0010647648 0.0249773152 0.00219531171
v 0.00170419423 0.0249418467 0.00253104791
v 0.000361610029 0.0225000009 0.00202187337
v -9.88717488e-07 0.0250000004 0.00200000033
v -0.000540443638 0.0249941573 0.00204908103
v 0.000361610029 0.0249973852 0.00202187337
v -0.000875000027 0.0225000009 0.00348445587
v -0.00106381462 0.0225000009 0.00219495129
v -0.00106381462 0.0249773562 0.00219495129
v -0.00170334277 0.0249419045 0.00253046118
v -0.00224553235 0.0225000009 0.00301063154
v -0.00151554449 0.0225000009 0.00412499998
v -0.00224553235 0.0248989481 0.00301063154
v -0.00265676063 0.0248584319 0.00360657834
v -0.00291282544 0.0225000009 0.00428205263
v -0.00175000005 0.0225000009 0.00499999989
v -0.00291282544 0.0248297285 0.00428205263
v -0.00434120465 0.024620194 0.000499999267
v 1.38777878e-17 0.0250000004 0.000499999267
v -0.00837949384 0.0230224691 8.94069679e-11
v -0.00855050329 0.0234923158 0.000499999267
v -0.00434120465 0.024620194 0.0295000002
v -0.00425438024 0.0241277907 8.94069679e-11
v -0.00299999979 0.024819348 0.00499925204
v -0.00291282544 0.0248297285 0.00571794715
v -0.00291282544 0.0225000009 0.00571794715
v -0.00300000003 0.0225000009 0.00499999989
v -0.00151554449 0.0225000009 0.0058749998
v -0.00224553235 0.0225000009 0.00698936824
v -0.000875000027 0.0225000009 0.00651554391
v -0.00106381462 0.0225000009 0.00780504849
v -0.00170447771 0.0249418281 0.00746875536
v -0.00224553235 0.0248989481 0.00698936824
v -0.00265584467 0.0248585287 0.00639516581
v -6.9388939e-17 0.0225000009 0.00674999971
v -0.000542544236 0.0249941126 0.00795053318
v -0.00106381462 0.0249773562 0.00780504849
v 0.000361610029 0.0225000009 0.00797812641
v 0.00106449507 0.0249773264 0.00780479051
v 0.00170419423 0.0225000009 0.00746895187
v 0.000875000027 0.0225000009 0.00651554391
v 1.38777878e-17 0.0250000004 0.00799999945
v 0.000361610029 0.0249973852 0.00797812641
v 0.00434120465 0.024620194 0.0295000002
v 1.38777878e-17 0.0250000004 0.0295000002
v 0.00291300844 0.024829708 0.00571720395
v 0.00265636807 0.0248584729 0.00639416929
v 0.00855050329 0.0234923158 0.0295000002
v 0.00224473351 0.0248990189 0.00699026883
v 0.00170419423 0.0249418467 0.00746895187
v 0.00837949384 0.0230224691 0.0300000012
v 0 0.0250000004 0.0295000002
v 0.00425438024 0.0241277907 0.0300000012
v 0.00370671623 0.0186349209 0.0300000012
v 0.0122499997 0.0212176219 0.0300000012
v 0.00727098528 0.0175537113 0.0300000012
v 0.0125000002 0.0216506347 0.0295000002
v 0.0157482959 0.0187680889 0.0300000012
v 0.0105558345 0.0157979224 0.0300000012
v 0.0134350285 0.0134350285 0.0300000012
v 0.0187680889 0.0157482959 0.0300000012
v 0.0160696898 0.0191511102 0.0295000002
v 0.0212176219 0.0122499997 0.0300000012
v 0.0191511102 0.0160696898 0.0295000002
v 0.0160696898 0.0191511102 0.000499999267
v 0.0191511102 0.0160696898 0.000499999267
v 0.0216506347 0.0125000002 0.0295000002
v 0.0216506347 0.0125000002 0.000499999267
v 0.0234923158 0.00855050329 0.0295000002
v 0.0230224691 0.00837949384 0.0300000012
v 0.0157979224 0.0105558345 0.0300000012
v 0.0175537113 0.00727098528 0.0300000012
v 0.0241277907 0.00425438024 0.0300000012
v 0.0186349209 0.00370671623 0.0300000012
v 0.0186349209 0.00370671623 0.0380000025
v 0.0175537113 0.00727098528 0.0380000025
v 0.0157979224 0.0105558345 0.0380000025
v 0.0170917716 0.00707964366 0.0384999998
v 0.0181445275 0.0036091709 0.0384999998
v 0.014136455 0.00322655356 0.0384999998
v 0.0185000002 -5.55111512e-17 0.0384999998
v 0.0130640483 0.00629131403 0.0384999998
v 0.0185000002 -5.20417043e-18 0.0384999998
v 0.0189999994 -5.20417043e-18 0.0380000025
v 0.0181445275 -0.0036091709 0.0384999998
v 0.0186349209 -0.00370671623 0.0380000025
v 0.0189691354 -0.00108253176 0.0361250006
v 0.0189897176 -0.000624999986 0.0365825333
v 0.0189616028 -0.00120732363 0.0358238369
v 0.0189999994 -1.21430643e-17 0.0380000025
v 0.0170917716 -0.00707964366 0.0384999998
v 0.0175537113 -0.00727098528 0.0380000025
v 0.0186349209 -0.00370671623 0.0300000012
v 0.0189593099 -0.0012428005 0.035366036
v 0.0189588368 -0.00124999997 0.0355000012
v 0.0139447497 -0.00124256127 0.035636168
v 0.0139580844 -0.00108253176 0.0361250006
v 0.0134118535 -0.00401524547 0.0380000025
v 0.0136489905 -0.0031152931 0.0380000025
v 0.0139763141 -0.000814027619 0.0364486091
v 0.0139763141 -0.000814027619 0.0380000025
v 0.0139860399 -0.000625045213 0.0365825072
v 0.0189972501 -0.000323215092 0.0367074907
v 0.0139962537 -0.000323845918 0.036707323
v 0.0189999994 -1.04083409e-17 0.03675
v 0.0140000004 -8.67361738e-18 0.03675
v 0.0189972501 0.000323263404 0.0367074795
v 0.0139962584 0.000323633605 0.0367073789
v 0.0189999994 -1.21430643e-17 0.03675
v 0.0189897176 0.000624999986 0.0365825333
v 0.0139860418 0.000624999986 0.0365825333
v 0.0140000004 -8.67361738e-18 0.0380000025
v 0.0137873087 0.00243107439 0.0380000025
v 0.0139478464 0.00120730046 0.0351760797
v 0.0137873087 0.00243107439 0.0250000004
v 0.0139440848 0.00124999997 0.0355000012
v 0.0139478408 0.0012073688 0.0358236693
v 0.0139580844 0.00108253176 0.0361250006
v 0.0136489905 0.0031152931 0.0380000025
v 0.0144999996 -1.21430643e-17 0.0384999998
v 0.0140000004 -1.04083409e-17 0.0380000025
v 0.0140000004 -8.67361738e-18 0.0342500024
v 0.0139962668 0.000323283573 0.0342925303
v 0.0139763141 -0.000814027619 0.0250000004
v 0.0139860418 0.000624999986 0.0344174691
v 0.0139580844 0.00108253176 0.0348750018
v 0.0128550259 0.0055451165 0.0250000004
v 0.0175537113 0.00727098528 0.0250000004
v 0.0186349209 0.00370671623 0.0250000004
v 0.0189999994 -8.67361738e-18 0.0250000004
v 0.0134118535 -0.00401524547 0.0250000004
v 0.0139580844 -0.00108253176 0.0348750018
v 0.0139745884 -0.000843139249 0.0345771685
v 0.0139860418 -0.000624999986 0.0344174691
v 0.0139962677 -0.000323249609 0.0342925191
v 0.0189945884 0.000453476678 0.00669022463
v 0.0186349209 -0.00370671623 0.0250000004
v 0.0189999994 -8.67361738e-18 0.00674999971
v 0.0225000009 0.000875000027 0.00651554391
v 0.0189945959 -0.000453121116 0.00669031963
v 0.0225000009 -1.21430643e-17 0.00674999971
v 0.0225000009 0.00106381462 0.00780504849
v 0.0225000009 -0.000875000027 0.00651554391
v 0.0225000009 -0.000361610029 0.00797812641
v 0.0249941126 0.000542544236 0.00795053318
v 0.0249773264 -0.00106449507 0.00780479051
v 0.0225000009 -0.00170419423 0.00746895187
v 0.0249973852 -0.000361610029 0.00797812641
v 0.0250000004 -5.20417043e-18 0.00799999945
v 0.024620194 0.00434120465 0.0295000002
v 0.0249773562 0.00106381462 0.00780504849
v 0.0250000004 -6.9388939e-18 0.00799999945
v 0.0250000004 -6.9388939e-18 0.0295000002
v 0.0244999994 -6.9388939e-18 0.0300000012
v 0.0241277907 -0.00425438024 0.0300000012
v 0.024620194 -0.00434120465 0.0295000002
v 0.0189999994 -1.21430643e-17 0.0300000012
v 0.0230224691 -0.00837949384 0.0300000012
v 0.0244999994 5.89805982e-17 0.0300000012
v 0.0189972408 -0.000323789893 0.0342926644
v 0.0189999994 -1.21430643e-17 0.0342500024
v 0.0189972445 0.000323585293 0.0342926085
v 0.0189897176 0.000624999986 0.0344174691
v 0.0189999994 -8.67361738e-18 0.0342500024
v 0.0140000004 -5.20417043e-18 0.0342500024
v 0.0189691354 0.00108253176 0.0348750018
v 0.0189615991 0.00120737229 0.0351763479
v 0.0189588368 0.00124999997 0.0355000012
v 0.0189616028 0.0012073064 0.0358239003
v 0.0189691354 0.00108253176 0.0361250006
v 0.0189897176 -0.000624999986 0.0344174691
v 0.0189691354 -0.00108253176 0.0348750018
v 0.0175537113 -0.00727098528 0.0300000012
v 0.0212176219 -0.0122499997 0.0300000012
v 0.0234923158 -0.00855050329 0.0295000002
v 0.024620194 -0.00434120465 0.000499999267
v 0.0234923158 -0.00855050329 0.000499999267
v 0.0216506347 -0.0125000002 0.0295000002
v 0.0216506347 -0.0125000002 0.000499999267
v 0.0191511102 -0.0160696898 0.0295000002
v 0.0187680889 -0.0157482959 0.0300000012
v 0.0157979224 -0.0105558345 0.0300000012
v 0.0157482959 -0.0187680889 0.0300000012
v 0.0134350285 -0.0134350285 0.0300000012
v 0.0134350285 -0.0134350285 0.0380000025
v 0.0157979224 -0.0105558345 0.0380000025
v 0.0153821874 -0.0102780489 0.0384999998
v 0.0130814752 -0.0130814752 0.0384999998
v 0.0113365566 -0.00904060248 0.0384999998
v 0.00904060248 -0.0113365566 0.0384999998
v 0.0102780489 -0.0153821874 0.0384999998
v 0.00769312587 -0.0116968295 0.0380000025
v 0.00629131403 -0.0130640483 0.0384999998
v 0.00872885715 -0.0109456405 0.0380000025
v 0.010183231 -0.00960738305 0.0380000025
v 0.00707964366 -0.0170917716 0.0384999998
v 0.00727098528 -0.0175537113 0.0380000025
v 0.0036091709 -0.0181445275 0.0384999998
v 0.0105558345 -0.0157979224 0.0380000025
v 0.0105558345 -0.0157979224 0.0300000012
v 0.00727098528 -0.0175537113 0.0300000012
v 0.00837949384 -0.0230224691 0.0300000012
v 0.0122499997 -0.0212176219 0.0300000012
v 0.0160696898 -0.0191511102 0.0295000002
v 0.0125000002 -0.0216506347 0.0295000002
v 0.0160696898 -0.0191511102 0.000499999267
v 0.0125000002 -0.0216506347 0.000499999267
v 0.00855050329 -0.0234923158 0.0295000002
v 0.00855050329 -0.0234923158 0.000499999267
v 0.00434120465 -0.024620194 0.0295000002
v 0.00425438024 -0.0241277907 0.0300000012
v 0.00370671623 -0.0186349209 0.0300000012
v -1.38777878e-17 -0.0244999994 0.0300000012
v -1.38777878e-17 -0.0250000004 0.0295000002
v -0.00425438024 -0.0241277907 0.0300000012
v -1.38777878e-17 -0.0189999994 0.0300000012
v -0.000323654327 -0.0189972427 0.0342926271
v -0.00370671623 -0.0186349209 0.0300000012
v -1.38777878e-17 -0.0189999994 0.0342500024
v 0.000323900167 -0.0189972389 0.0342926942
v 0.000624999986 -0.0189897176 0.0344174691
v 0.000323667075 -0.0139962584 0.0342926309
v 0.000624999986 -0.0139860418 0.0344174691
v 0.00108253176 -0.0139580844 0.0348750018
v 0.00162530085 -0.0139053371 0.0250000004
v 0.00108253176 -0.0189691354 0.0348750018
v 0.00120747695 -0.0189615935 0.0351767391
v 0.00120737776 -0.0139478398 0.0351763666
v 0.00124999997 -0.0139440848 0.0355000012
v 0.00162530085 -0.0139053371 0.0380000025
v 0.00120732083 -0.0139478445 0.0358238481
v 0.00124999997 -0.0189588368 0.0355000012
v 0.00120748999 -0.0189615916 0.0358232148
v 0.00370671623 -0.0186349209 0.0380000025
v 0.00108253176 -0.0189691354 0.0361250006
v 0.00108253176 -0.0139580844 0.0361250006
v 0.000624999986 -0.0139860418 0.0365825333
v 0.000624999986 -0.0189897176 0.0365825333
v 0.000323835702 -0.0189972408 0.036707323
v 0.000136174916 -0.0139993373 0.0367425606
v -1.38777878e-17 -0.0140000004 0.0380000025
v -1.38777878e-17 -0.0140000004 0.03675
v 0 -0.0140000004 0.03675
v -0.000133968671 -0.0189995281 0.0367428027
v -0.000323872402 -0.0139962537 0.0367073156
v -1.38777878e-17 -0.0189999994 0.03675
v -1.38777878e-17 -0.0189999994 0.0380000025
v -0.000624999986 -0.0189897176 0.0365825333
v -0.00370671623 -0.0186349209 0.0380000025
v -1.38777878e-17 -0.0185000002 0.0384999998
v -0.0036091709 -0.0181445275 0.0384999998
v -0.0012073908 -0.0189615991 0.035176415
v -0.00727098528 -0.0175537113 0.0380000025
v -0.00124999997 -0.0189588368 0.0355000012
v -0.00120733597 -0.018961601 0.0358237922
v -0.00108253176 -0.0189691354 0.0361250006
v -0.00707964366 -0.0170917716 0.0384999998
v -0.0102780489 -0.0153821874 0.0384999998
v -0.00629131403 -0.0130640483 0.0384999998
v -0.00322655356 -0.014136455 0.0384999998
v -0.0031152931 -0.0136489905 0.0380000025
v -0.00162530085 -0.0139053371 0.0380000025
v -1.38777878e-17 -0.0144999996 0.0384999998
v 0.00322655356 -0.014136455 0.0384999998
v 0.00478828186 -0.0131556969 0.0380000025
v 0.0031152931 -0.0136489905 0.0380000025
v 0.00478828186 -0.0131556969 0.0250000004
v 0.00607437221 -0.0126135638 0.0380000025
v 0.00769312587 -0.0116968295 0.0250000004
v 0.010183231 -0.00960738305 0.0250000004
v 0.0134350285 -0.0134350285 0.0250000004
v 0.0105558345 -0.0157979224 0.0250000004
v 0.0105558345 -0.0157979224 0.000499999267
v 0.00727098528 -0.0175537113 0.0250000004
v 0.0134350285 -0.0134350285 0.000499999267
v 0.00727098528 -0.0175537113 0.000499999267
v 0.0137885818 -0.0137885818 8.94069679e-11
v 0.0108336192 -0.0162136573 8.94069679e-11
v 0.0157482959 -0.0187680889 8.94069679e-11
v 0.0122499997 -0.0212176219 8.94069679e-11
v 0.0074623269 -0.018015651 8.94069679e-11
v 0.00837949384 -0.0230224691 8.94069679e-11
v 0.00380426133 -0.0191253126 8.94069679e-11
v 0.00370671623 -0.0186349209 0.000499999267
v 0.00370671623 -0.0186349209 0.0250000004
v 0.00169045897 -0.0189246498 0.00545260217
v -1.38777878e-17 -0.0189999994 0.000499999267
v 0.000875000027 -0.0189798418 0.00348445587
v 0.0012372554 -0.0189596731 0.00376238208
v 0.00151554449 -0.0189394597 0.00412499998
v 0.0016904712 -0.0189246479 0.00454744324
v 0.00175000005 -0.018919237 0.00499999989
v 0 -0.0189999994 0.000499999267
v 0.000453418383 -0.0189945884 0.00330975931
v -1.38777878e-17 -0.0195000004 8.94069679e-11
v -0.00370671623 -0.0186349209 0.000499999267
v 0.00425438024 -0.0241277907 8.94069679e-11
v -4.16333634e-17 -0.0244999994 8.94069679e-11
v -0.00380426133 -0.0191253126 8.94069679e-11
v -0.00425438024 -0.0241277907 8.94069679e-11
v -0.0074623269 -0.018015651 8.94069679e-11
v -0.00727098528 -0.0175537113 0.000499999267
v -0.0105558345 -0.0157979224 0.000499999267
v -0.00727098528 -0.0175537113 0.0250000004
v -0.0105558345 -0.0157979224 0.0250000004
v -0.010183231 -0.00960738305 0.0250000004
v -0.0134350285 -0.0134350285 0.0250000004
v -0.00769312587 -0.0116968295 0.0250000004
v -0.0121243559 -0.00700000022 0.0250000004
v -0.0157979224 -0.0105558345 0.0250000004
v -0.0134350285 -0.0134350285 0.000499999267
v -0.0157979224 -0.0105558345 0.000499999267
v -0.0137885818 -0.0137885818 8.94069679e-11
v -0.0108336192 -0.0162136573 8.94069679e-11
v -0.0175537113 -0.00727098528 0.0250000004
v -0.0162136573 -0.0108336192 8.94069679e-11
v -0.0175537113 -0.00727098528 0.000499999267
v -0.0134118535 -0.00401524547 0.0250000004
v -0.0186349209 -0.00370671623 0.0250000004
v -0.0184985995 -0.00433610752 0.0206848048
v -0.0183267072 -0.00501316274 0.0189371221
v -0.0183952954 -0.00475532282 0.0198430698
v -0.0183027312 -0.00509999972 0.0180015154
v -0.0219999999 -0.00433610752 0.0206848048
v -0.0186349209 -0.00370671623 0.0215028934
v -0.0219999999 -0.00501316274 0.0189371221
v -0.0219999999 -0.00307343667 0.0220698882
v -0.0219999999 -0.00586441485 0.0234413818
v -0.0219999999 -0.0079106465 0.019192338
v -0.0219999999 -0.00720775081 0.0214710701
v -0.0239384286 -0.00720775081 0.0214710701
v -0.0238030218 -0.00764304819 0.0203630105
v -0.0237154309 -0.0079106465 0.019192338
v -0.0234923158 -0.00855050329 0.0295000002
v -0.0236854386 -0.00800000038 0.0180010926
v -0.0234923158 -0.00855050329 0.000499999267
v -0.0244658533 -0.00514023937 0.0241300855
v -0.0243024416 -0.00586441485 0.0234413818
v -0.0241111815 -0.00660688709 0.0225109924
v -0.0241277907 -0.00425438024 0.0300000012
v -0.024620194 -0.00434120465 0.0295000002
v -0.0246177334 -0.0043551391 0.0247106459
v -0.0216506347 -0.0125000002 0.000499999267
v -0.0216506347 -0.0125000002 0.0295000002
v -0.0230224691 -0.00837949384 0.0300000012
v -0.0186349209 -0.00370671623 0.0300000012
v -0.0175537113 -0.00727098528 0.0300000012
v -0.0244999994 1.04083409e-17 0.0300000012
v -0.0244999994 6.9388939e-18 0.0300000012
v -0.0186349209 -0.00370671623 0.0380000025
v -0.0175537113 -0.00727098528 0.0380000025
v -0.0157979224 -0.0105558345 0.0300000012
v -0.0157979224 -0.0105558345 0.0380000025
v -0.0134350285 -0.0134350285 0.0300000012
v -0.0212176219 -0.0122499997 0.0300000012
v -0.0191511102 -0.0160696898 0.0295000002
v -0.0187680889 -0.0157482959 0.0300000012
v -0.0160696898 -0.0191511102 0.0295000002
v -0.0160696898 -0.0191511102 0.000499999267
v -0.0191511102 -0.0160696898 0.000499999267
v -0.0157482959 -0.0187680889 8.94069679e-11
v -0.0187680889 -0.0157482959 8.94069679e-11
v -0.0122499997 -0.0212176219 8.94069679e-11
v -0.0125000002 -0.0216506347 0.000499999267
v -0.00837949384 -0.0230224691 8.94069679e-11
v -0.00855050329 -0.0234923158 0.000499999267
v -0.0125000002 -0.0216506347 0.0295000002
v -0.00855050329 -0.0234923158 0.0295000002
v -0.0157482959 -0.0187680889 0.0300000012
v -0.0122499997 -0.0212176219 0.0300000012
v -0.00434120465 -0.024620194 0.000499999267
v -0.00434120465 -0.024620194 0.0295000002
v -0.00837949384 -0.0230224691 0.0300000012
v -0.00727098528 -0.0175537113 0.0300000012
v -0.0105558345 -0.0157979224 0.0300000012
v -0.0105558345 -0.0157979224 0.0380000025
v -0.0130814752 -0.0130814752 0.0384999998
v -0.0134350285 -0.0134350285 0.0380000025
v -0.0153821874 -0.0102780489 0.0384999998
v -0.0113365566 -0.00904060248 0.0384999998
v -0.00904060248 -0.0113365566 0.0384999998
v -0.0170917716 -0.00707964366 0.0384999998
v -0.0130640483 -0.00629131403 0.0384999998
v -0.0181445275 -0.0036091709 0.0384999998
v -0.0185000002 6.9388939e-18 0.0384999998
v -0.014136455 -0.00322655356 0.0384999998
v -0.0136489905 -0.0031152931 0.0380000025
v -0.0144999996 6.9388939e-18 0.0384999998
v -0.0134118535 -0.00401524547 0.0380000025
v -0.0126135638 -0.00607437221 0.0380000025
v -0.0139580844 -0.00108253176 0.0348750018
v -0.0139447497 -0.00124256127 0.0353638344
v -0.0139440848 -0.00124999997 0.0355000012
v -0.0139478454 -0.00120731373 0.0358238742
v -0.0139580844 -0.00108253176 0.0361250006
v -0.0139763141 -0.000814027619 0.0380000025
v -0.0139745884 -0.000843139249 0.0364228301
v -0.0189691354 -0.00108253176 0.0361250006
v -0.0189593099 -0.0012428005 0.0356339663
v -0.0189588368 -0.00124999997 0.0355000012
v -0.0189616028 -0.00120732363 0.0351761654
v -0.0189691354 -0.00108253176 0.0348750018
v -0.0189897176 -0.000624999986 0.0344174691
v -0.0139763141 -0.000814027619 0.0345513932
v -0.0189999994 1.04083409e-17 0.0300000012
v -0.0139860399 -0.000625045213 0.0344174951
v -0.0189972501 -0.000323215092 0.0342925116
v -0.0139962537 -0.000323845918 0.0342926793
v -0.0189999994 8.67361738e-18 0.0342500024
v -0.0189999994 1.04083409e-17 0.0342500024
v -0.0139763141 -0.000814027619 0.0250000004
v -0.0140000004 6.9388939e-18 0.0342500024
v -0.0189972501 0.000323263404 0.0342925228
v -0.0139962584 0.000323633605 0.0342926234
v -0.0189897176 0.000624999986 0.0344174691
v -0.0186349209 0.00370671623 0.0300000012
v -0.0189691354 0.00108253176 0.0348750018
v -0.0139580844 0.00108253176 0.0348750018
v -0.0139860418 0.000624999986 0.0344174691
v -0.0189616028 0.0012073064 0.0351761021
v -0.0139478408 0.0012073688 0.035176333
v -0.0137873087 0.00243107439 0.0250000004
v -0.0186349209 0.00370671623 0.0380000025
v -0.0189588368 0.00124999997 0.0355000012
v -0.0139440848 0.00124999997 0.0355000012
v -0.0189615991 0.00120737229 0.0358236544
v -0.0139478464 0.00120730046 0.0358239226
v -0.0189691354 0.00108253176 0.0361250006
v -0.0139860418 0.000624999986 0.0365825333
v -0.0189897176 0.000624999986 0.0365825333
v -0.0139580844 0.00108253176 0.0361250006
v -0.0189972445 0.000323585293 0.0367073901
v -0.0139962668 0.000323283573 0.0367074721
v -0.0137873087 0.00243107439 0.0380000025
v -0.0189999994 8.67361738e-18 0.0380000025
v -0.0189999994 8.67361738e-18 0.03675
v -0.0140000004 5.20417043e-18 0.03675
v -0.0189972408 -0.000323789893 0.0367073379
v -0.0139962677 -0.000323249609 0.0367074832
v -0.0189897176 -0.000624999986 0.0365825333
v -0.0139860418 -0.000624999986 0.0365825333
v -0.0140000004 6.9388939e-18 0.03675
v -0.0140000004 6.9388939e-18 0.0380000025
v -0.014136455 0.00322655356 0.0384999998
v -0.0136489905 0.0031152931 0.0380000025
v -0.0130640483 0.00629131403 0.0384999998
v -0.0170917716 0.00707964366 0.0384999998
v -0.0181445275 0.0036091709 0.0384999998
v -0.0128550259 0.0055451165 0.0250000004
v -0.0128550259 0.0055451165 0.0380000025
v -0.0126135638 0.00607437221 0.0380000025
v -0.0112297246 0.00836022012 0.0250000004
v -0.0112297246 0.00836022012 0.0380000025
v -0.0113365566 0.00904060248 0.0384999998
v -0.0109456405 0.00872885715 0.0380000025
v -0.00904060248 0.0113365566 0.0384999998
v -0.0130814752 0.0130814752 0.0384999998
v -0.0153821874 0.0102780489 0.0384999998
v -0.00899902638 0.0107246218 0.0250000004
v -0.00899902638 0.0107246218 0.0380000025
v -0.00872885715 0.0109456405 0.0380000025
v -0.0062831887 0.0125108566 0.0250000004
v -0.0062831887 0.0125108566 0.0380000025
v -0.00629131403 0.0130640483 0.0384999998
v -0.0036091709 0.0181445275 0.0384999998
v -0.00707964366 0.0170917716 0.0384999998
v -0.00322655356 0.014136455 0.0384999998
v -0.00607437221 0.0126135638 0.0380000025
v -0.00322862226 0.0136226285 0.0380000025
v -0.0031152931 0.0136489905 0.0380000025
v 0 0.0144999996 0.0384999998
v 2.77555756e-17 0.0185000002 0.0384999998
v 0.0036091709 0.0181445275 0.0384999998
v 0.00370671623 0.0186349209 0.0380000025
v 0.00707964366 0.0170917716 0.0384999998
v 0.00322655356 0.014136455 0.0384999998
v 1.38777878e-17 0.0189999994 0.0380000025
v 1.38777878e-17 0.0185000002 0.0384999998
v 0.000624999986 0.0189897176 0.0365825333
v 0.000133968671 0.0189995281 0.0367428027
v 1.38777878e-17 0.0189999994 0.03675
v -0.000323835702 0.0189972408 0.036707323
v -0.00370671623 0.0186349209 0.0380000025
v 0 0.0140000004 0.03675
v 0.000323872402 0.0139962537 0.0367073156
v 1.38777878e-17 0.0140000004 0.0380000025
v -0.000136174916 0.0139993373 0.0367425606
v -0.000624999986 0.0139860418 0.0365825333
v -0.000624999986 0.0189897176 0.0365825333
v -0.00108253176 0.0139580844 0.0361250006
v -0.00108253176 0.0189691354 0.0361250006
v -0.00120748999 0.0189615916 0.0358232148
v -0.00120732083 0.0139478445 0.0358238481
v -0.00124999997 0.0189588368 0.0355000012
v -0.00124999997 0.0139440848 0.0355000012
v -0.00120747695 0.0189615935 0.0351767391
v -0.00120737776 0.0139478398 0.0351763666
v -0.00108253176 0.0189691354 0.0348750018
v -0.00370671623 0.0186349209 0.0300000012
v -0.00108253176 0.0139580844 0.0348750018
v -0.000624999986 0.0139860418 0.0344174691
v -0.000624999986 0.0189897176 0.0344174691
v -0.00322862226 0.0136226285 0.0250000004
v -0.000323667075 0.0139962584 0.0342926309
v -0.00370671623 0.0186349209 0.0250000004
v 1.38777878e-17 0.0140000004 0.0250000004
v 0 0.0140000004 0.0342500024
v -0.00727098528 0.0175537113 0.0250000004
v -0.00727098528 0.0175537113 0.000499999267
v -0.000453476678 0.0189945884 0.00669022463
v 0 0.0189999994 0.0250000004
v -0.00370671623 0.0186349209 0.000499999267
v -0.00169046514 0.0189246479 0.00545257889
v -0.00151554449 0.0189394597 0.0058749998
v -0.00123723957 0.0189596731 0.00623763446
v -0.000875000027 0.0189798418 0.00651554391
v 0 0.0189999994 0.000499999267
v -0.00045260138 0.0189946089 0.00330954045
v -0.000875000027 0.0189798418 0.00348445587
v -0.0074623269 0.018015651 8.94069679e-11
v -0.00380426133 0.0191253126 8.94069679e-11
v -0.00123764819 0.018959647 0.00376277417
v -0.00151554449 0.0189394597 0.00412499998
v -0.0016898925 0.0189247001 0.00454528723
v 1.38777878e-17 0.0189999994 0.000499999267
v -0.00175000005 0.018919237 0.00499999989
v 1.38777878e-17 0.0195000004 8.94069679e-11
v 0.00370671623 0.0186349209 0.000499999267
v 0.000875000027 0.0189798418 0.00348445587
v 0.00380426133 0.0191253126 8.94069679e-11
v 0.00727098528 0.0175537113 0.000499999267
v 0.00370671623 0.0186349209 0.0250000004
v 0.00727098528 0.0175537113 0.0250000004
v 0.00169032183 0.018924661 0.00545311347
v 0.00175000005 0.018919237 0.00499999989
v 0.00169024011 0.0189246684 0.00454658177
v 0.00151554449 0.0189394597 0.00412499998
v 0.00123761897 0.0189596489 0.0037627453
v 0.0105558345 0.0157979224 0.0250000004
v 0.0105558345 0.0157979224 0.000499999267
v 0.0074623269 0.018015651 8.94069679e-11
v 0.00425438024 0.0241277907 8.94069679e-11
v 0.00837949384 0.0230224691 8.94069679e-11
v 0.0108336192 0.0162136573 8.94069679e-11
v 0.0134350285 0.0134350285 0.000499999267
v 0.0137885818 0.0137885818 8.94069679e-11
v 0.0122499997 0.0212176219 8.94069679e-11
v 0.0157979224 0.0105558345 0.000499999267
v 0.0134350285 0.0134350285 0.0250000004
v 0.0157979224 0.0105558345 0.0250000004
v 0.0162136573 0.0108336192 8.94069679e-11
v 0.0175537113 0.00727098528 0.000499999267
v 0.018015651 0.0074623269 8.94069679e-11
v 0.0186349209 0.00370671623 0.000499999267
v 0.0212176219 0.0122499997 8.94069679e-11
v 0.0230224691 0.00837949384 8.94069679e-11
v 0.0191253126 0.00380426133 8.94069679e-11
v 0.0241277907 0.00425438024 8.94069679e-11
v 0.0195000004 -5.72458747e-17 8.94069679e-11
v 0.0189999994 -5.20417043e-18 0.000499999267
v 0.0195000004 -5.20417043e-18 8.94069679e-11
v 0.0186349209 -0.00370671623 0.000499999267
v 0.0191253126 -0.00380426133 8.94069679e-11
v 0.0244999994 -7.97972799e-17 8.94069679e-11
v 0.0241277907 -0.00425438024 8.94069679e-11
v 0.018015651 -0.0074623269 8.94069679e-11
v 0.0175537113 -0.00727098528 0.000499999267
v 0.0157979224 -0.0105558345 0.000499999267
v 0.0157979224 -0.0105558345 0.0250000004
v 0.0175537113 -0.00727098528 0.0250000004
v 0.0121243559 -0.00700000022 0.0250000004
v 0.0109456405 -0.00872885715 0.0380000025
v 0.0126135638 -0.00607437221 0.0380000025
v 0.0121243559 -0.00700000022 0.0380000025
v 0.0130640483 -0.00629131403 0.0384999998
v 0.014136455 -0.00322655356 0.0384999998
v 0.0144999996 -1.04083409e-17 0.0384999998
v 0.0162136573 -0.0108336192 8.94069679e-11
v 0.0230224691 -0.00837949384 8.94069679e-11
v 0.0212176219 -0.0122499997 8.94069679e-11
v 0.0187680889 -0.0157482959 8.94069679e-11
v 0.0191511102 -0.0160696898 0.000499999267
v 0.0244999994 -1.38777878e-17 8.94069679e-11
v 0.0250000004 -1.38777878e-17 0.000499999267
v 0.024620194 0.00434120465 0.000499999267
v 0.024819348 0.00299999979 0.00499925204
v 0.0234923158 0.00855050329 0.000499999267
v 0.0248297285 0.00291282544 0.00428205263
v 0.0248584319 0.00265676063 0.00360657834
v 0.0248989481 0.00224553235 0.00301063154
v 0.0249419045 0.00170334277 0.00253046118
v 0.0249773562 0.00106381462 0.00219495129
v 0.0250000004 -6.9388939e-18 0.000499999267
v 0.0249973852 -0.000361610029 0.00202187337
v 0.0250000004 9.88717488e-07 0.00200000033
v 0.0249941573 0.000540443638 0.00204908103
v 0.0225000009 0.00106381462 0.00219495129
v 0.0225000009 -0.000361610029 0.00202187337
v 0.0225000009 0.000875000027 0.00348445587
v 0.0225000009 0.00224553235 0.00301063154
v 0.0225000009 0.00151554449 0.00412499998
v 0.0189394597 0.00151554449 0.00412499998
v 0.018959647 0.00123764819 0.00376277417
v 0.0189247001 0.0016898925 0.00454528723
v 0.0225000009 0.00175000005 0.00499999989
v 0.0189798418 0.000875000027 0.00348445587
v 0.0189946089 0.00045260138 0.00330954045
v 0.0189999994 -8.67361738e-18 0.000499999267
v 0.0189999994 -8.67361738e-18 0.00325000007
v 0.0225000009 -1.04083409e-17 0.00325000007
v 0.0225000009 -0.000875000027 0.00348445587
v 0.0225000009 -0.00170419423 0.00253104791
v 0.0225000009 -0.00265636807 0.00360583048
v 0.0248584729 -0.00265636807 0.00360583048
v 0.0249773152 -0.0010647648 0.00219531171
v 0.0249418467 -0.00170419423 0.00253104791
v 0.0248989575 -0.00224542385 0.00301050954
v 0.0248298123 -0.00291212299 0.00427920837
v 0.024819348 -0.00300000003 0.00499999989
v 0.024829708 -0.00291300844 0.00571720395
v 0.0225000009 -0.00300000003 0.00499999989
v 0.0225000009 -0.00175000005 0.00499999989
v 0.0225000009 -0.00151554449 0.00412499998
v 0.0225000009 -0.00265636807 0.00639416929
v 0.0225000009 -0.00151554449 0.0058749998
v 0.0248584729 -0.00265636807 0.00639416929
v 0.0248990189 -0.00224473351 0.00699026883
v 0.0249418467 -0.00170419423 0.00746895187
v 0.0189596601 -0.00123744155 0.00623743236
v 0.0189394597 -0.00151554449 0.0058749998
v 0.018924661 -0.00169032183 0.00545311347
v 0.018919237 -0.00175000005 0.00499999989
v 0.0189246684 -0.00169024011 0.00454658177
v 0.0189394597 -0.00151554449 0.00412499998
v 0.0189596489 -0.00123761897 0.0037627453
v 0.0189798418 -0.000875000027 0.00348445587
v 0.0189946089 -0.000452556123 0.00330952834
v 0.0189798418 -0.000875000027 0.00651554391
v 0.018919237 0.00175000005 0.00499999989
v 0.0189246479 0.00169046514 0.00545257889
v 0.0225000009 0.00291282544 0.00571794715
v 0.0225000009 0.00151554449 0.0058749998
v 0.0225000009 0.00291282544 0.00428205263
v 0.0225000009 0.00300000003 0.00499999989
v 0.0248297285 0.00291282544 0.00571794715
v 0.0225000009 0.00224553235 0.00698936824
v 0.0248585287 0.00265584467 0.00639516581
v 0.0248989481 0.00224553235 0.00698936824
v 0.0249418281 0.00170447771 0.00746875536
v 0.0189394597 0.00151554449 0.0058749998
v 0.0189596731 0.00123723957 0.00623763446
v 0.0189798418 0.000875000027 0.00651554391
v 0.0187680889 0.0157482959 8.94069679e-11
v 0.0157482959 0.0187680889 8.94069679e-11
v 0.0112297246 0.00836022012 0.0250000004
v 0.0126135638 0.00607437221 0.0380000025
v 0.0112297246 0.00836022012 0.0380000025
v 0.0109456405 0.00872885715 0.0380000025
v 0.00899902638 0.0107246218 0.0250000004
v 0.00899902638 0.0107246218 0.0380000025
v 0.00872885715 0.0109456405 0.0380000025
v 0.0062831887 0.0125108566 0.0250000004
v 0.0062831887 0.0125108566 0.0380000025
v 0.00607437221 0.0126135638 0.0380000025
v 0.00322862226 0.0136226285 0.0250000004
v 0.00120747159 0.0139478315 0.0351767167
v 0.00124999997 0.0139440848 0.0355000012
v 0.00108253176 0.0139580844 0.0348750018
v 0.000624999986 0.0139860418 0.0344174691
v 0.00322862226 0.0136226285 0.0380000025
v 0.000323921849 0.0139962519 0.0342927016
v 0.0031152931 0.0136489905 0.0380000025
v 0.000624999986 0.0139860418 0.0365825333
v 0.00108253176 0.0139580844 0.0361250006
v 0.00120748067 0.0139478315 0.0358232521
v 0.00629131403 0.0130640483 0.0384999998
v 0.0102780489 0.0153821874 0.0384999998
v 0.00904060248 0.0113365566 0.0384999998
v 0.0113365566 0.00904060248 0.0384999998
v 0.0130814752 0.0130814752 0.0384999998
v 0.0134350285 0.0134350285 0.0380000025
v 0.0153821874 0.0102780489 0.0384999998
v 0.0105558345 0.0157979224 0.0380000025
v 0.00727098528 0.0175537113 0.0380000025
v 0.00108253176 0.0189691354 0.0361250006
v 0.00120733597 0.018961601 0.0358237922
v 0.00124999997 0.0189588368 0.0355000012
v 0.0012073908 0.0189615991 0.035176415
v 0.00108253176 0.0189691354 0.0348750018
v 0.000624999986 0.0189897176 0.0344174691
v 0.000323654327 0.0189972427 0.0342926271
v 1.38777878e-17 0.0189999994 0.0300000012
v 1.38777878e-17 0.0189999994 0.0342500024
v -0.000323900167 0.0189972389 0.0342926942
v -2.77555756e-17 0.0244999994 0.0300000012
v -0.00425438024 0.0241277907 0.0300000012
v -0.00855050329 0.0234923158 0.0295000002
v -0.00837949384 0.0230224691 0.0300000012
v -0.00727098528 0.0175537113 0.0300000012
v 0 0.0244999994 0.0300000012
v -0.0125000002 0.0216506347 0.0295000002
v -0.0125000002 0.0216506347 0.000499999267
v -0.0157482959 0.0187680889 8.94069679e-11
v -0.0160696898 0.0191511102 0.000499999267
v -0.0122499997 0.0212176219 8.94069679e-11
v -0.0137885818 0.0137885818 8.94069679e-11
v -0.0187680889 0.0157482959 8.94069679e-11
v -0.0108336192 0.0162136573 8.94069679e-11
v -0.0212176219 0.0122499997 8.94069679e-11
v -0.0191511102 0.0160696898 0.000499999267
v -0.0160696898 0.0191511102 0.0295000002
v -0.0191511102 0.0160696898 0.0295000002
v -0.0216506347 0.0125000002 0.000499999267
v -0.0216506347 0.0125000002 0.0295000002
v -0.0187680889 0.0157482959 0.0300000012
v -0.0157482959 0.0187680889 0.0300000012
v -0.0134350285 0.0134350285 0.0300000012
v -0.0122499997 0.0212176219 0.0300000012
v -0.0105558345 0.0157979224 0.0300000012
v -0.00727098528 0.0175537113 0.0380000025
v -0.0105558345 0.0157979224 0.0380000025
v -0.0134350285 0.0134350285 0.0380000025
v -0.0102780489 0.0153821874 0.0384999998
v -0.0157979224 0.0105558345 0.0300000012
v -0.0157979224 0.0105558345 0.0380000025
v -0.0175537113 0.00727098528 0.0300000012
v -0.0175537113 0.00727098528 0.0380000025
v -0.0230224691 0.00837949384 0.0300000012
v -0.0212176219 0.0122499997 0.0300000012
v -0.024620194 0.00434120465 0.0295000002
v -0.0234923158 0.00855050329 0.0295000002
v -0.0241277907 0.00425438024 0.0300000012
v -0.0250000004 8.67361738e-18 0.0295000002
v -0.0236854386 0.00800000038 0.0179999992
v -0.0234923158 0.00855050329 0.000499999267
v -0.0237155519 0.00791028328 0.0191947445
v -0.0238025282 0.00764458254 0.0203580409
v -0.0239391942 0.00720520364 0.0214763544
v -0.0241103526 0.00660991017 0.0225065611
v -0.0243031681 0.00586139783 0.0234446321
v -0.02449736 0.00498791831 0.0242546517
v -0.024620194 0.00434120465 0.0112803318
v -0.02449736 0.00498791831 0.0117453486
v -0.024620194 0.00434120465 0.000499999267
v -0.0241103526 0.00660991017 0.0134934392
v -0.0243031848 0.0058613345 0.0125553003
v -0.0239391364 0.00720539503 0.0145240426
v -0.0238025282 0.00764458254 0.0156419594
v -0.0237155687 0.00791023485 0.0168049317
v -0.0230224691 0.00837949384 8.94069679e-11
v -0.0241277907 0.00425438024 8.94069679e-11
v -0.0249773152 0.0010647648 0.00219531171
v -0.0249418467 0.00170419423 0.00253104791
v -0.0248989575 0.00224542385 0.00301050954
v -0.0248584729 0.00265636807 0.00360583048
v -0.0248298123 0.00291212299 0.00427920837
v -0.024819348 0.00300000003 0.00499999989
v -0.0250000004 1.04083409e-17 0.000499999267
v -0.0249973852 0.000361610029 0.00202187337
v -0.0244999994 1.38777878e-17 8.94069679e-11
v -0.0250000004 1.38777878e-17 0.000499999267
v -0.0241277907 -0.00425438024 8.94069679e-11
v -0.024620194 -0.00434120465 0.000499999267
v -0.0248584319 -0.00265676063 0.00360657834
v -0.0248989481 -0.00224553235 0.00301063154
v -0.0248297285 -0.00291282544 0.00428205263
v -0.0249419045 -0.00170334277 0.00253046118
v -0.0249773562 -0.00106381462 0.00219495129
v -0.0244656801 -0.0051410622 0.0118706049
v -0.024620194 -0.00434120465 0.0112803318
v -0.0230224691 -0.00837949384 8.94069679e-11
v -0.024819348 -0.00299999979 0.00499925204
v -0.0225000009 -0.00300000003 0.00499999989
v -0.0225000009 -0.00291282544 0.00428205263
v -0.0225000009 -0.00175000005 0.00499999989
v -0.0225000009 -0.00291282544 0.00571794715
v -0.0225000009 -0.00151554449 0.0058749998
v -0.0248297285 -0.00291282544 0.00571794715
v -0.0225000009 -0.00224553235 0.00698936824
v -0.0189246479 -0.00169046514 0.00545257889
v -0.0189394597 -0.00151554449 0.0058749998
v -0.0189596731 -0.00123723957 0.00623763446
v -0.0189798418 -0.000875000027 0.00651554391
v -0.0225000009 -0.000875000027 0.00651554391
v -0.0189945884 -0.000453476678 0.00669022463
v -0.0189999994 3.46944695e-18 0.00674999971
v -0.0225000009 1.04083409e-17 0.00674999971
v -0.0225000009 -0.00106381462 0.00780504849
v -0.0225000009 0.000361610029 0.00797812641
v -0.0249773562 -0.00106381462 0.00780504849
v -0.0249418281 -0.00170447771 0.00746875536
v -0.0249941126 -0.000542544236 0.00795053318
v -0.0249365401 -0.00178016745 0.0102005769
v -0.0249838699 -0.000897902355 0.0100505492
v -0.0250000004 8.67361738e-18 0.00799999945
v -0.0250000004 8.67361738e-18 0.00999999978
v -0.0249973852 0.000361610029 0.00797812641
v -0.0249928515 0.000597840757 0.0100223701
v -0.0249773264 0.00106449507 0.00780479051
v -0.0249365512 0.00177999923 0.0102005387
v -0.0249418467 0.00170419423 0.00746895187
v -0.0225000009 0.00170419423 0.00746895187
v -0.0225000009 0.000875000027 0.00651554391
v -0.0225000009 0.00151554449 0.0058749998
v -0.0248990189 0.00224473351 0.00699026883
v -0.0225000009 0.00265636807 0.00639416929
v -0.024829708 0.00291300844 0.00571720395
v -0.0225000009 0.00300000003 0.00499999989
v -0.0225000009 0.00175000005 0.00499999989
v -0.0248584729 0.00265636807 0.00639416929
v -0.018924661 0.00169032183 0.00545311347
v -0.018919237 0.00175000005 0.00499999989
v -0.0189246684 0.00169024011 0.00454658177
v -0.0225000009 0.00151554449 0.00412499998
v -0.0189394597 0.00151554449 0.0058749998
v -0.0186349209 0.00370671623 0.0144971078
v -0.0219999999 0.00376894558 0.0145641519
v -0.0187552944 0.00303955865 0.0139047485
v -0.0189798418 0.000875000027 0.00651554391
v -0.0189596601 0.00123744155 0.00623743236
v -0.0186349209 0.00370671623 0.000499999267
v -0.0184984412 0.00433678273 0.0153162871
v -0.0219999999 0.00764458254 0.0156419594
v -0.0219999999 0.00660991017 0.0134934392
v -0.0219999999 0.00475560827 0.0161576681
v -0.0188635159 0.00227326551 0.0134346671
v -0.0219999999 0.00227326551 0.0134346671
v -0.0219999999 0.00498791831 0.0117453486
v -0.0219999999 0.00800000038 0.0179999992
v -0.0219999999 0.00510000018 0.0179999992
v -0.0183267053 0.00501317112 0.0170629229
v -0.0183952227 0.00475560827 0.0161576681
v -0.0175537113 0.00727098528 0.000499999267
v -0.0175537113 0.00727098528 0.0250000004
v -0.0157979224 0.0105558345 0.0250000004
v -0.0183027312 0.00510000018 0.0179999992
v -0.0157979224 0.0105558345 0.000499999267
v -0.0191253126 0.00380426133 8.94069679e-11
v -0.018015651 0.0074623269 8.94069679e-11
v -0.0162136573 0.0108336192 8.94069679e-11
v -0.0134350285 0.0134350285 0.000499999267
v -0.0105558345 0.0157979224 0.000499999267
v -0.0105558345 0.0157979224 0.0250000004
v -0.0134350285 0.0134350285 0.0250000004
v -0.0195000004 6.9388939e-18 8.94069679e-11
v -0.0244999994 1.21430643e-17 8.94069679e-11
v -0.0191253126 -0.00380426133 8.94069679e-11
v -0.0189999994 6.9388939e-18 0.000499999267
v -0.0186349209 -0.00370671623 0.000499999267
v -0.018015651 -0.0074623269 8.94069679e-11
v -0.0189247001 -0.0016898925 0.00454528723
v -0.018919237 -0.00175000005 0.00499999989
v -0.0189394597 -0.00151554449 0.00412499998
v -0.0189798418 -0.000875000027 0.00348445587
v -0.018959647 -0.00123764819 0.00376277417
v -0.0189999994 3.46944695e-18 0.000499999267
v -0.0189946089 -0.00045260138 0.00330954045
v -0.0186349209 -0.00370671623 0.0144971078
v -0.0225000009 -0.00151554449 0.00412499998
v -0.0225000009 -0.00224553235 0.00301063154
v -0.0225000009 -0.00106381462 0.00219495129
v -0.0225000009 -0.000875000027 0.00348445587
v -0.0225000009 8.67361738e-18 0.00325000007
v -0.0225000009 0.000361610029 0.00202187337
v -0.0225000009 0.00170419423 0.00253104791
v -0.0250000004 -9.88717488e-07 0.00200000033
v -0.0249941573 -0.000540443638 0.00204908103
v -0.0225000009 0.000875000027 0.00348445587
v -0.0225000009 0.00265636807 0.00360583048
v -0.0189946089 0.000452556123 0.00330952834
v -0.0189798418 0.000875000027 0.00348445587
v -0.0189999994 8.67361738e-18 0.00325000007
v -0.0189596489 0.00123761897 0.0037627453
v -0.0189394597 0.00151554449 0.00412499998
v -0.0187497735 -0.00307343667 0.0139301121
v -0.0219999999 -0.00307343667 0.0139301121
v -0.0184985995 -0.00433610752 0.0153151955
v -0.0219999999 -0.00433610752 0.0153151955
v -0.0219999999 -0.00720775081 0.0145289302
v -0.0219999999 -0.00501316274 0.0170628782
v -0.0219999999 -0.00586441485 0.0125586186
v -0.0183950923 -0.00475610746 0.016158957
v -0.0183267072 -0.00501316274 0.0170628782
v -0.0241112523 -0.006606624 0.0134886233
v -0.0243024416 -0.00586441485 0.0125586186
v -0.0219999999 -0.00400000019 0.0110717965
v -0.0239384286 -0.00720775081 0.0145289302
v -0.0238029808 -0.00764317624 0.0156374052
v -0.0237154309 -0.0079106465 0.0168076623
v -0.0219999999 -0.0079106465 0.0168076623
v -0.0246778261 -0.00400061719 0.0110721532
v -0.0248286817 -0.00292173214 0.0105526196
v -0.0219999999 -0.00178016745 0.0102005769
v -0.0219999999 -0.00139568129 0.0130946897
v -0.0219999999 0.000597840757 0.0100223701
v -0.0189868398 -0.000707048399 0.0129492497
v -0.0219999999 0.00047056863 0.0129217561
v -0.0189486686 -0.00139568129 0.0130946897
v -0.0188631546 -0.00227627321 0.0134361656
v -0.0189999994 1.73472348e-18 0.0129000004
v -0.0189999994 3.46944695e-18 0.0129000004
v -0.0189941712 0.00047056863 0.0129217561
v -0.0189484023 0.00139930972 0.0130957235
v -0.0189945959 0.000453121116 0.00669031963
v -0.0219999999 0.00292272819 0.0105530098
v -0.0248285662 0.00292272819 0.0105530098
v -0.0212176219 -0.0122499997 8.94069679e-11
v -0.0183267128 0.00501313992 0.018937245
v -0.0219999999 0.00475560827 0.0198423322
v -0.0183952227 0.00475560827 0.0198423322
v -0.0184983518 0.00433716038 0.0206831023
v -0.0219999999 0.00376894558 0.0214358475
v -0.0219999999 0.00660991017 0.0225065611
v -0.0219999999 0.00764458254 0.0203580409
v -0.0219999999 0.00498791831 0.0242546517
v -0.0219999999 0.00227326551 0.0225653332
v -0.0219999999 0.00292272819 0.0254469905
v -0.024620194 0.00434120465 0.0247196686
v -0.0248285662 0.00292272819 0.0254469905
v -0.0249366481 0.00177865883 0.025799768
v -0.0250000004 1.04083409e-17 0.0295000002
v -0.0219999999 0.000597840757 0.0259776302
v -0.0249928515 0.000597840757 0.0259776302
v -0.0249838028 -0.000899788865 0.0259492379
v -0.0250000004 -6.38953111e-07 0.0260000005
v -0.0219999999 -0.00178016745 0.0257994235
v -0.0249365401 -0.00178016745 0.0257994235
v -0.0248287059 -0.00292153982 0.0254474562
v -0.0219999999 0.00047056863 0.0230782442
v -0.0219999999 -0.00400000019 0.0249282029
v -0.0219999999 -0.00139568129 0.0229053106
v -0.0189941712 0.00047056863 0.0230782442
v -0.0189999994 -7.68796554e-07 0.0230999999
v -0.0189486183 0.00139636442 0.0229051169
v -0.0189999994 3.46944695e-18 0.0250000004
v -0.0189868025 -0.000708062493 0.0230506081
v -0.0189486686 -0.00139568129 0.0229053106
v -0.0188630279 -0.00227732188 0.0225633103
v -0.0187497735 -0.00307343667 0.0220698882
v -0.0186349209 0.00370671623 0.0250000004
v -0.0186224338 0.00376894558 0.0214358475
v -0.0188635159 0.00227326551 0.0225653332
v -0.0187554117 0.00303884246 0.0220957827
v -0.0246779248 -0.00400000019 0.0249282029
v -0.0248989481 -0.00224553235 0.00698936824
v -0.0248585287 -0.00265584467 0.00639516581
v 0 0.0140000004 0.0380000025
v 0.0128550259 0.0055451165 0.0380000025
v 0.0125000002 0.0216506347 0.000499999267
v 0.00855050329 0.0234923158 0.000499999267
v 1.38777878e-17 0.0244999994 8.94069679e-11
v 0 0.0195000004 8.94069679e-11
v 0.000452556123 0.0189946089 0.00330952834
v -5.55111512e-17 0.0189999994 0.00325000007
v 0.00175000005 0.0225000009 0.00499999989
v 0.00151554449 0.0225000009 0.0058749998
v 0.00265636807 0.0225000009 0.00639416929
v 0.00151554449 0.0189394597 0.0058749998
v 0.00123744155 0.0189596601 0.00623743236
v 0.000875000027 0.0189798418 0.00651554391
v 0.000453121116 0.0189945959 0.00669031963
v 0 0.0189999994 0.00674999971
v 1.38777878e-17 0.0189999994 0.00674999971
v -0.0189999994 6.9388939e-18 0.0380000025
v -0.0121243559 -0.00700000022 0.0380000025
v -0.0109456405 -0.00872885715 0.0380000025
v -0.010183231 -0.00960738305 0.0380000025
v -0.00872885715 -0.0109456405 0.0380000025
v -0.00769312587 -0.0116968295 0.0380000025
v -0.00607437221 -0.0126135638 0.0380000025
v -0.00478828186 -0.0131556969 0.0250000004
v -0.00478828186 -0.0131556969 0.0380000025
v -0.00162530085 -0.0139053371 0.0250000004
v -0.00370671623 -0.0186349209 0.0250000004
v 0 -0.0189999994 0.0250000004
v -1.38777878e-17 -0.0189999994 0.00674999971
v -0.000452578388 -0.0189946089 0.00669046491
v -0.000875000027 -0.0189798418 0.00651554391
v -0.00123763469 -0.0189596489 0.00623723865
v -0.00151554449 -0.0189394597 0.0058749998
v -0.0016902244 -0.0189246703 0.00545347668
v -0.00175000005 -0.018919237 0.00499999989
v -0.00175000005 -0.0225000009 0.00499999989
v -0.00151554449 -0.0225000009 0.0058749998
v -0.00265636807 -0.0225000009 0.00639416929
v -0.00169031974 -0.018924661 0.00454687793
v -0.00300000003 -0.0225000009 0.00499999989
v -0.00151554449 -0.0225000009 0.00412499998
v -0.00151554449 -0.0189394597 0.00412499998
v -0.00123743259 -0.0189596619 0.00376255903
v -0.000875000027 -0.0189798418 0.00348445587
v -0.0004531132 -0.0189945959 0.00330967829
v -0.000875000027 -0.0225000009 0.00348445587
v -1.38777878e-17 -0.0189999994 0.00325000007
v 6.9388939e-17 -0.0225000009 0.00325000007
v -0.00265636807 -0.0225000009 0.00360583048
v -0.00170419423 -0.0225000009 0.00253104791
v -0.00224479847 -0.0248990133 0.00300980452
v -0.00170419423 -0.0249418467 0.00253104791
v -0.00106443174 -0.0249773301 0.00219518505
v -0.00265636807 -0.0248584729 0.00360583048
v -0.000361610029 -0.0225000009 0.00202187337
v -0.000361610029 -0.0249973852 0.00202187337
v -1.38777878e-17 -0.0250000004 0.000499999267
v 1.00482839e-06 -0.0250000004 0.00200000033
v 0.000542611408 -0.0249941107 0.0020494787
v 0.00106381462 -0.0249773562 0.00219495129
v 0.00106381462 -0.0225000009 0.00219495129
v 0.00170451973 -0.0249418244 0.00253127329
v 0.00224553235 -0.0225000009 0.00301063154
v 0.00151554449 -0.0225000009 0.00412499998
v 0.000875000027 -0.0225000009 0.00348445587
v 0.00175000005 -0.0225000009 0.00499999989
v 0.00151554449 -0.0225000009 0.0058749998
v 0.00291282544 -0.0225000009 0.00571794715
v 0.00291282544 -0.0225000009 0.00428205263
v 0.00300000003 -0.0225000009 0.00499999989
v 0.00224553235 -0.0225000009 0.00698936824
v 0.00299999979 -0.024819348 0.00500078686
v 0.00291282544 -0.0248297285 0.00571794715
v 0.00265680277 -0.0248584263 0.00639334135
v 0.00224553235 -0.0248989481 0.00698936824
v 0.00170341413 -0.0249419007 0.00746949017
v 0.00106381462 -0.0249773562 0.00780504849
v 0.00106381462 -0.0225000009 0.00780504849
v 0.000540403824 -0.0249941591 0.0079509262
v -0.000361610029 -0.0225000009 0.00797812641
v 6.9388939e-17 -0.0225000009 0.00674999971
v 0.000875000027 -0.0225000009 0.00651554391
v -1.38777878e-17 -0.0250000004 0.00799999945
v -4.16333634e-17 -0.0250000004 0.00799999945
v -0.000361610029 -0.0249973852 0.00797812641
v -0.00106495456 -0.0249773078 0.00780461635
v -0.00170419423 -0.0249418467 0.00746895187
v -0.00170419423 -0.0225000009 0.00746895187
v -0.00224472117 -0.0248990208 0.0069902828
v -0.00265636807 -0.0248584729 0.00639416929
v -0.00291300821 -0.024829708 0.00571720488
v -0.00300000003 -0.024819348 0.00499999989
v -0.00291301031 -0.024829708 0.00428280327
v -0.000875000027 -0.0225000009 0.00651554391
v 0 -0.0189999994 0.00674999971
v 0.000454711757 -0.0189945586 0.00668989215
v 0.000875000027 -0.0189798418 0.00651554391
v 0.00123722618 -0.018959675 0.0062376475
v 0.00151554449 -0.0189394597 0.0058749998
v 0.00434120465 -0.024620194 0.000499999267
v 0.00291282544 -0.0248297285 0.00428205263
v 0.00265582628 -0.0248585306 0.00360479858
v 0.00224553235 -0.0248989481 0.00301063154
v -1.38777878e-17 -0.0244999994 8.94069679e-11
v -1.38777878e-17 -0.0140000004 0.0250000004
v -0.000323921849 -0.0139962519 0.0342927016
v -1.38777878e-17 -0.0140000004 0.0342500024
v -0.000624999986 -0.0139860418 0.0344174691
v -0.000624999986 -0.0189897176 0.0344174691
v 0 -0.0140000004 0.0342500024
v -0.00108253176 -0.0189691354 0.0348750018
v -0.00108253176 -0.0139580844 0.0348750018
v -0.00120747159 -0.0139478315 0.0351767167
v -0.00124999997 -0.0139440848 0.0355000012
v -0.00120748067 -0.0139478315 0.0358232521
v -0.00108253176 -0.0139580844 0.0361250006
v -0.000624999986 -0.0139860418 0.0365825333
v 0.0139478454 -0.00120731373 0.0351761281
v 0.0139440848 -0.00124999997 0.0355000012
v -0.0219999999 -0.00672888476 0.0199292768
v -0.02317659 -0.00686230743 0.0193815716
v -0.0219999999 -0.00695122499 0.0188249052
v -0.02317659 -0.00695122499 0.0188249052
v -0.0241765901 -0.00588197773 0.0191842038
v -0.02317659 -0.00672888476 0.0199292768
v -0.0241765901 -0.00576761551 0.0196536668
v -0.0241765901 -0.00441148318 0.0188881531
v -0.0241765901 -0.00595819298 0.0187070612
v -0.0241765901 -0.00449996348 0.0179819465
v -0.0221765917 -0.00441148318 0.0188881531
v -0.0241765901 -0.00414239615 0.0197579972
v -0.0221765917 -0.00414239615 0.0197579972
v -0.0221765917 -0.00256627542 0.0192396492
v -0.0221765917 -0.00370371877 0.0205558687
v -0.0221765917 -0.0021773628 0.0198389105
v -0.0221765917 -0.0031134109 0.0212491024
v -0.0221765917 -0.00165163877 0.0203226265
v -0.0221765917 0.000385953812 0.0208237451
v -0.0221765917 -0.000699264288 0.0224453378
v -0.0221765917 0.000209889637 0.0224951021
v -0.0221765917 -0.000328408671 0.020831015
v -0.0221765917 0.0011104506 0.0223608371
v -0.0221765917 0.00107606535 0.0206390489
v -0.0221765917 0.00196554977 0.0220480375
v -0.0221765917 0.00169856369 0.0202885326
v -0.0221765917 0.00280480809 0.0185055211
v -0.0221765917 0.00447504967 0.0184732135
v -0.0221765917 0.00284240791 0.0177921131
v -0.0221765917 0.00447870232 0.017562706
v -0.0221765917 0.00270140893 0.017091766
v -0.0241765901 0.00447504967 0.0184732135
v -0.0241765901 0.00447870232 0.017562706
v -0.0221765917 0.00429899618 0.0166701023
v -0.0241765901 0.00429899618 0.0166701023
v -0.0221765917 0.00239067036 0.0164484866
v -0.0221765917 0.00394328916 0.0158319436
v -0.0241765901 0.00588197773 0.0168157965
v -0.0241765901 0.00561584812 0.0158875957
v -0.0241765901 0.00394328916 0.0158319436
v -0.0241765901 0.00520427106 0.0150141055
v -0.0241765901 0.00342614343 0.0150825456
v -0.0221765917 0.00342614343 0.0150825456
v -0.0221765917 0.00276873051 0.0144525878
v -0.0221765917 0.00192971714 0.0159026943
v -0.0221765917 0.00134751294 0.0154886842
v -0.0221765917 -0.00139834092 0.0155166266
v -0.0221765917 -0.00236499822 0.0141715826
v -0.0221765917 -0.00197199918 0.0159424003
v -0.0221765917 -0.00308724144 0.0147260204
v -0.0221765917 -0.00242174976 0.0164974593
v -0.0241765901 -0.00308724144 0.0147260204
v -0.0221765917 -0.00368309277 0.0154144969
v -0.0241765901 -0.00236499822 0.0141715826
v -0.0241765901 -0.00368309277 0.0154144969
v -0.0221765917 -0.00412815763 0.0162088238
v -0.0241765901 -0.00412815763 0.0162088238
v -0.0241765901 -0.00518799573 0.0149859162
v -0.0241765901 -0.00463731959 0.0141927348
v -0.0241765901 -0.00396653917 0.0134981601
v -0.02317659 -0.00541020604 0.0135581912
v -0.02317659 -0.00605266169 0.0144835692
v -0.02317659 -0.00653835619 0.0155000212
v -0.0219999999 -0.00653835619 0.0155000212
v -0.0219999999 -0.00605266169 0.0144835692
v -0.0219999999 -0.00541020604 0.0135581912
v -0.0219999999 1.38777878e-17 0.0179999992
v -0.0219999999 0.00699506188 0.0177371111
v -0.0219999999 0.00694664754 0.0188626032
v -0.0219999999 0.00686230743 0.0166184288
v -0.0219999999 0.00543422345 0.0135876061
v -0.0219999999 0.00607164903 0.014516457
v -0.0219999999 0.00465605408 0.0127730351
v -0.0219999999 0.00169363956 0.0112079764
v -0.0219999999 0.00276122428 0.0115676103
v -0.0219999999 0.000582189998 0.0110242525
v -0.0219999999 -0.0037251988 0.0120735429
v -0.0219999999 -0.00272628781 0.011552725
v -0.0219999999 -0.00165676756 0.0111988885
v -0.0219999999 -0.00699353265 0.0176991671
v -0.0219999999 -0.00577165233 0.0219608117
v -0.0219999999 -0.00633226987 0.0209836829
v -0.0219999999 -0.00506155146 0.022835359
v -0.0219999999 -0.00114161661 0.0249062814
v -0.0219999999 -0.00223467848 0.0246337187
v -0.0219999999 -0.00326986308 0.0241893455
v -0.0219999999 0.00219865725 0.0246457439
v -0.0219999999 0.00110413297 0.0249123722
v -0.0219999999 0.00323623745 0.0242069941
v -0.0219999999 0.00575007964 0.021992065
v -0.0219999999 0.00503524533 0.0228627473
v -0.0219999999 0.00631598989 0.021017991
v -0.0219999999 0.00655182265 0.0155355288
v -0.0219999999 0.00375729543 0.0120938392
v -0.0219999999 -0.000544337847 0.0110211968
v -0.0219999999 -0.00462762918 0.0127478531
v -0.0219999999 -0.00685471157 0.0165812206
v -0.0219999999 -0.00422035996 0.0235846713
v -0.0219999999 -1.89876246e-05 0.0249999743
v -0.0219999999 0.00419000071 0.023607485
v -0.0219999999 0.00671831938 0.019965753
v -0.02317659 0.00631598989 0.021017991
v -0.02317659 0.00575007964 0.021992065
v -0.0241765901 0.00492863962 0.0214217696
v -0.02317659 0.00503524533 0.0228627473
v -0.0241765901 0.00431592437 0.0221680682
v -0.0241765901 0.00359142921 0.0228064153
v -0.0241765901 0.00340262474 0.0209448505
v -0.0241765901 0.00274017896 0.0215695128
v -0.0241765901 0.0039257668 0.0201996267
v -0.0221765917 0.0039257668 0.0201996267
v -0.0221765917 0.00340262474 0.0209448505
v -0.0221765917 0.00274017896 0.0215695128
v -0.0241765901 0.00196554977 0.0220480375
v -0.0241765901 0.00277391798 0.02332028
v -0.0221765917 0.00221433514 0.0197942182
v -0.0221765917 0.00259097153 0.0191871673
v -0.0221765917 0.00428818772 0.0193643477
v -0.0241765901 0.00428818772 0.0193643477
v -0.0241765901 0.00541370595 0.0205868501
v -0.0241765901 0.00575855933 0.0196849313
v -0.02317659 0.00694664754 0.0188626032
v -0.02317659 0.00671831938 0.019965753
v -0.0241765901 0.00595426979 0.0187393744
v -0.0241765901 0.00599576719 0.0177746676
v -0.02317659 0.00699506188 0.0177371111
v -0.02317659 0.00686230743 0.0166184288
v -0.02317659 0.00655182265 0.0155355288
v -0.02317659 0.00607164903 0.014516457
v -0.02317659 0.00543422345 0.0135876061
v -0.02317659 0.00465605408 0.0127730351
v -0.0241765901 0.00465790601 0.0142179485
v -0.0241765901 0.00276873051 0.0144525878
v -0.0241765901 0.0039909035 0.0135197444
v -0.0241765901 0.00322053861 0.0129375765
v -0.02317659 0.00375729543 0.0120938392
v -0.02317659 0.00276122428 0.0115676103
v -0.0241765901 0.00236676377 0.012486523
v -0.0241765901 0.00199796562 0.0139678624
v -0.02317659 0.00169363956 0.0112079764
v -0.0241765901 0.00114540395 0.0136482129
v -0.0241765901 0.00145169091 0.0121782655
v -0.02317659 0.000582189998 0.0110242525
v -0.02317659 -0.000544337847 0.0110211968
v -0.0241765901 0.000499019981 0.0120207872
v -0.0241765901 0.000245949253 0.0135067264
v -0.0241765901 -0.000663574727 0.0135491947
v -0.0241765901 -0.000466575235 0.0120181683
v -0.02317659 -0.00165676756 0.0111988885
v -0.0241765901 -0.00142008648 0.0121704759
v -0.02317659 -0.00272628781 0.011552725
v -0.0241765901 -0.00154593179 0.013773879
v -0.0241765901 -0.00233681826 0.0124737648
v -0.02317659 -0.0037251988 0.0120735429
v -0.02317659 -0.00462762918 0.0127478531
v -0.0241765901 -0.00319302757 0.0129201794
v -0.0221765917 -0.00154593179 0.013773879
v -0.0221765917 -0.000663574727 0.0135491947
v -0.0221765917 -0.000736819638 0.0152468933
v -0.0221765917 0.000245949253 0.0135067264
v -0.0221765917 -2.90012777e-05 0.0151501475
v -0.0221765917 0.00114540395 0.0136482129
v -0.0221765917 0.00068063935 0.015232469
v -0.0221765917 0.00199796562 0.0139678624
v -0.02317659 0.00419000071 0.023607485
v -0.02317659 0.00323623745 0.0242069941
v -0.0241765901 0.00188456336 0.0236963518
v -0.02317659 0.00219865725 0.0246457439
v -0.02317659 0.00110413297 0.0249123722
v -0.0241765901 0.000946399698 0.0239248909
v -0.0241765901 0.000209889637 0.0224951021
v -0.0241765901 -1.62752258e-05 0.0239999779
v -0.0241765901 0.0011104506 0.0223608371
v -0.0241765901 -0.000978528406 0.0239196699
v -0.02317659 -1.89876246e-05 0.0249999743
v -0.02317659 -0.00114161661 0.0249062814
v -0.02317659 -0.00223467848 0.0246337187
v -0.0241765901 -0.00191543857 0.0236860439
v -0.0241765901 -0.00280273962 0.0233051535
v -0.0241765901 -0.00157979026 0.0222135801
v -0.0241765901 -0.000699264288 0.0224453378
v -0.0221765917 -0.00157979026 0.0222135801
v -0.0241765901 -0.00239563943 0.021809319
v -0.0221765917 -0.00102213596 0.0206604023
v -0.0221765917 -0.00239563943 0.021809319
v -0.0241765901 -0.0031134109 0.0212491024
v -0.0241765901 -0.00361745153 0.0227868613
v -0.0241765901 -0.00433847262 0.0221445933
v -0.0241765901 -0.00370371877 0.0205558687
v -0.0241765901 -0.00494713057 0.0213949811
v -0.02317659 -0.00506155146 0.022835359
v -0.02317659 -0.00422035996 0.0235846713
v -0.02317659 -0.00577165233 0.0219608117
v -0.02317659 -0.00633226987 0.0209836829
v -0.0241765901 -0.00542765949 0.0205574427
v -0.02317659 -0.00326986308 0.0241893455
v -0.02317659 -0.00685471157 0.0165812206
v -0.02317659 -0.00699353265 0.0176991671
v -0.0241765901 -0.00587546686 0.0167839043
v -0.0241765901 -0.0056043053 0.015857162
v -0.0241765901 -0.00440421514 0.0170764811
v -0.0221765917 -0.00449996348 0.0179819465
v -0.0221765917 -0.00440421514 0.0170764811
v -0.0221765917 -0.00284604984 0.0178500004
v -0.0221765917 -0.00279393955 0.0185624976
v -0.0221765917 -0.00271933246 0.0171469282
v -0.0241765901 -0.00599445635 0.0177421439
v -0.0241765901 -0.00256627542 0.0192396492
v -0.0241765901 -0.0021773628 0.0198389105
v -0.0241765901 -0.00177695707 0.0196297504
v -0.0241765901 -0.002158958 0.0184223875
v -0.0241765901 -0.00279393955 0.0185624976
v -0.0241765901 -0.00161733711 0.019155914
v -0.0241765901 -0.00132633455 0.0185500737
v -0.0241765901 -0.00166879315 0.0183237027
v -0.0241765901 -0.00190065452 0.0184387155
v -0.0241765901 -0.00176062924 0.0193714462
v -0.0241765901 -0.00166955893 0.0192093682
v -0.02317659 -0.00176062924 0.0193714462
v -0.02317659 -0.00166955893 0.0192093682
v -0.02317659 -0.00128679222 0.0195310675
v -0.02317659 -0.00177695707 0.0196297504
v -0.02317659 -0.0016619456 0.0198616125
v -0.0241765901 -0.0016619456 0.0198616125
v -0.02317659 -0.00144641206 0.0200049039
v -0.0241765901 -0.00144641206 0.0200049039
v -0.02317659 -0.00118810858 0.0200212318
v -0.02317659 -0.00095624727 0.019906221
v -0.0241765901 -0.00118810858 0.0200212318
v -0.0241765901 -0.000961992482 0.0203597732
v -0.0241765901 -0.00165163877 0.0203226265
v -0.0241765901 -0.00095624727 0.019906221
v -0.0241765901 -0.00102213596 0.0206604023
v -0.0241765901 -0.000328408671 0.020831015
v -0.0241765901 0.000385953812 0.0208237451
v -0.0241765901 0.000493418134 0.0204508249
v -0.0241765901 0.00023511461 0.0204344969
v -0.0241765901 -0.000347345253 0.0202360284
v -0.0241765901 1.9581119e-05 0.0202912036
v -0.0241765901 0.00107606535 0.0206390489
v -0.0241765901 0.00169856369 0.0202885326
v -0.0241765901 0.0011855599 0.0199274123
v -0.0241765901 0.000725279446 0.0203358121
v -0.0241765901 0.000884899346 0.0198619757
v -0.0241765901 0.000868571457 0.0201202799
v -0.02317659 0.000868571457 0.0201202799
v -0.02317659 0.000884899346 0.0198619757
v -0.02317659 0.000769887876 0.0196301136
v -0.02317659 0.000394734525 0.0199606586
v -0.02317659 -9.54303177e-05 0.0200593434
v -0.02317659 1.9581119e-05 0.0202912036
v -0.02317659 -7.91024795e-05 0.0198010392
v -0.02317659 0.000554354396 0.0194868222
v -0.02317659 0.000296050886 0.0194704942
v -0.02317659 0.00023511461 0.0204344969
v -0.02317659 6.41895458e-05 0.0195855051
v -0.02317659 0.000493418134 0.0204508249
v -0.02317659 0.000725279446 0.0203358121
v -0.0241765901 -7.91024795e-05 0.0198010392
v -0.0241765901 6.41895458e-05 0.0195855051
v -0.0241765901 -0.000544712471 0.0192556977
v -0.0241765901 0.000221740091 0.0191013906
v -0.0241765901 0.000296050886 0.0194704942
v -0.0241765901 0.000554354396 0.0194868222
v -0.0241765901 0.000988192623 0.0189470816
v -0.0241765901 0.00140386471 0.0192443803
v -0.0241765901 0.000769887876 0.0196301136
v -0.0241765901 0.00128885324 0.0190125182
v -0.0241765901 0.000821217836 0.0181177128
v -0.0241765901 0.00047383699 0.0181596205
v -0.0241765901 0.00033054495 0.0183751527
v -0.02317659 0.00140386471 0.0192443803
v -0.02317659 0.00128885324 0.0190125182
v -0.0241765901 0.00130518107 0.0187542159
v -0.0241765901 0.00143586507 0.017993968
v -0.0241765901 0.00144847308 0.0185386818
v -0.02317659 0.00130518107 0.0187542159
v -0.02317659 0.00144847308 0.0185386818
v -0.02317659 0.00177901809 0.0189138353
v -0.02317659 0.00210956298 0.0192889888
v -0.02317659 0.00225285511 0.0190734547
v -0.02317659 0.00187770172 0.0194039997
v -0.02317659 0.00226918282 0.0188151523
v -0.02317659 0.00215417147 0.0185832903
v -0.02317659 0.00193863793 0.0184399989
v -0.02317659 0.00155055919 0.0193585902
v -0.02317659 0.00168033445 0.0184236709
v -0.02317659 0.00161939813 0.0193876717
v -0.0241765901 0.00161939813 0.0193876717
v -0.0241765901 0.00187770172 0.0194039997
v -0.0241765901 0.00180020719 0.0198036674
v -0.0241765901 0.00210956298 0.0192889888
v -0.0241765901 0.00221433514 0.0197942182
v -0.0241765901 0.00225285511 0.0190734547
v -0.0241765901 0.00259097153 0.0191871673
v -0.0241765901 0.00226918282 0.0188151523
v -0.0241765901 0.00243410817 0.01865598
v -0.0241765901 0.00215417147 0.0185832903
v -0.0241765901 0.00280480809 0.0185055211
v -0.0241765901 0.00284240791 0.0177921131
v -0.0241765901 0.00226713344 0.0178266112
v -0.0241765901 0.00239067036 0.0164484866
v -0.0241765901 0.00192971714 0.0159026943
v -0.0241765901 0.00199062796 0.0164531991
v -0.0241765901 0.00219881791 0.0168483295
v -0.0241765901 0.00270140893 0.017091766
v -0.0241765901 0.00198328472 0.016705038
v -0.02317659 0.00198328472 0.016705038
v -0.02317659 0.00219881791 0.0168483295
v -0.0241765901 0.00231382973 0.0170801915
v -0.02317659 0.00172498112 0.0166887101
v -0.02317659 0.00182366476 0.0171788745
v -0.02317659 0.0019223484 0.0176690388
v -0.02317659 0.00202894607 0.0176347904
v -0.02317659 0.0016640448 0.0176527109
v -0.02317659 0.00149311975 0.016803721
v -0.02317659 0.00134982774 0.0170192551
v -0.02317659 0.00215420965 0.017554028
v -0.02317659 0.00133349991 0.0172775574
v -0.02317659 0.00229750155 0.0173384938
v -0.02317659 0.00231382973 0.0170801915
v -0.02317659 0.00144851138 0.0175094195
v -0.0241765901 0.0016640448 0.0176527109
v -0.0241765901 0.00144851138 0.0175094195
v -0.0241765901 0.00133349991 0.0172775574
v -0.0241765901 0.0011593597 0.0166205559
v -0.0241765901 0.00134982774 0.0170192551
v -0.0241765901 0.00149311975 0.016803721
v -0.0241765901 0.00172498112 0.0166887101
v -0.0241765901 0.000985219493 0.0159635544
v -0.0241765901 0.000979495118 0.0161860026
v -0.0241765901 0.000968891662 0.0162218586
v -0.0241765901 0.000544712471 0.0167443026
v -0.0241765901 0.000825599651 0.0164373908
v -0.0241765901 0.00134751294 0.0154886842
v -0.0241765901 0.000593738281 0.0165524036
v -0.0241765901 -0.000221740091 0.0168986097
v -0.0241765901 -9.86836312e-05 0.0175098348
v -0.0241765901 0.000159619885 0.0175261628
v -0.0241765901 0.000375153351 0.0176694542
v -0.0241765901 -0.000988192623 0.0170529168
v -0.0241765901 -0.00033054495 0.0176248457
v -0.0241765901 -0.000875796715 0.0167799294
v -0.0241765901 0.000335434743 0.0165360756
v -0.0241765901 -0.000732504646 0.0165643953
v -0.0241765901 4.88985506e-06 0.0161609221
v -0.0241765901 -0.000508411904 0.0154747013
v -0.0241765901 -0.000716176815 0.016306093
v -0.0241765901 0.000119901284 0.0163927823
v -0.02317659 4.88985506e-06 0.0161609221
v -0.0241765901 2.12176892e-05 0.0159026179
v -0.02317659 0.000119901284 0.0163927823
v -0.02317659 0.000495054701 0.0160622373
v -0.02317659 0.000335434743 0.0165360756
v -0.02317659 0.000654674601 0.0155884009
v -0.02317659 0.000396371062 0.0155720739
v -0.02317659 0.000870208081 0.0157316942
v -0.02317659 0.000593738281 0.0165524036
v -0.02317659 0.000164509707 0.0156870857
v -0.02317659 0.000825599651 0.0164373908
v -0.02317659 2.12176892e-05 0.0159026179
v -0.02317659 0.000968891662 0.0162218586
v -0.02317659 0.000979495118 0.0161860026
v -0.02317659 0.000985219493 0.0159635544
v -0.0241765901 0.000870208081 0.0157316942
v -0.0241765901 0.000654674601 0.0155884009
v -0.0241765901 0.00068063935 0.015232469
v -0.0241765901 0.000396371062 0.0155720739
v -0.0241765901 0.000258040702 0.0153203933
v -0.0241765901 0.000164509707 0.0156870857
v -0.0241765901 -2.90012777e-05 0.0151501475
v -0.0241765901 -0.000736819638 0.0152468933
v -0.0241765901 -0.00139834092 0.0155166266
v -0.0241765901 -0.00127486442 0.0156290103
v -0.0241765901 -0.00166529545 0.0156871472
v -0.0241765901 -0.00153688667 0.0160296224
v -0.0241765901 -0.0013050253 0.0159146115
v -0.02317659 -0.00153688667 0.0160296224
v -0.02317659 -0.0013050253 0.0159146115
v -0.0241765901 -0.00104672171 0.0159309395
v -0.02317659 -0.00120634167 0.0164047759
v -0.02317659 -0.00168017868 0.0162451565
v -0.02317659 -0.000716176815 0.016306093
v -0.02317659 -0.00080753566 0.0161031913
v -0.02317659 -0.000831188285 0.0160742309
v -0.02317659 -0.00104672171 0.0159309395
v -0.02317659 -0.0016965064 0.0165034588
v -0.02317659 -0.00158149505 0.0167353209
v -0.02317659 -0.00136596162 0.0168786123
v -0.02317659 -0.00110765803 0.0168949403
v -0.02317659 -0.000875796715 0.0167799294
v -0.02317659 -0.000732504646 0.0165643953
v -0.0241765901 -0.00110765803 0.0168949403
v -0.0241765901 -0.00160283991 0.0171766635
v -0.0241765901 -0.00136596162 0.0168786123
v -0.0241765901 -0.00158149505 0.0167353209
v -0.0241765901 -0.0016965064 0.0165034588
v -0.0241765901 -0.00168017868 0.0162451565
v -0.0241765901 -0.00197199918 0.0159424003
v -0.0241765901 -0.00242174976 0.0164974593
v -0.0241765901 -0.00284604984 0.0178500004
v -0.0241765901 -0.00237449142 0.0182790942
v -0.0241765901 -0.00271933246 0.0171469282
v -0.0241765901 -0.00247317506 0.0177889299
v -0.0241765901 -0.00248950301 0.018047234
v -0.02317659 -0.00248950301 0.018047234
v -0.02317659 -0.00237449142 0.0182790942
v -0.02317659 -0.00199933816 0.0179485492
v -0.02317659 -0.002158958 0.0184223875
v -0.02317659 -0.00152550114 0.0181081705
v -0.02317659 -0.00150917331 0.0178498663
v -0.02317659 -0.00166879315 0.0183237027
v -0.02317659 -0.00162418478 0.0176180042
v -0.02317659 -0.0018397182 0.0174747128
v -0.02317659 -0.00198647566 0.0174487159
v -0.02317659 -0.00247317506 0.0177889299
v -0.02317659 -0.0020980218 0.0174583849
v -0.02317659 -0.00232988317 0.0175733957
v -0.02317659 -0.00190065452 0.0184387155
v -0.0241765901 -0.00232988317 0.0175733957
v -0.0241765901 -0.0020980218 0.0174583849
v -0.0241765901 -0.00198647566 0.0174487159
v -0.0241765901 -0.0018397182 0.0174747128
v -0.0241765901 -0.00162418478 0.0176180042
v -0.0241765901 -0.00150917331 0.0178498663
v -0.0241765901 -0.00152550114 0.0181081705
v -0.0241765901 -0.000711687317 0.0184263289
v -0.0241765901 -0.00049016485 0.018098684
v -0.0241765901 -0.000375153351 0.0183305442
v -0.0241765901 -0.000911638839 0.0192005225
v -0.0241765901 -0.000159619885 0.0184738375
v -0.0241765901 -0.00112717226 0.0190572292
v -0.02317659 -0.00138547586 0.0190409012
v -0.0241765901 -0.00138547586 0.0190409012
v -0.02317659 -0.00112717226 0.0190572292
v -0.02317659 -0.00161733711 0.019155914
v -0.02317659 -0.000911638839 0.0192005225
v -0.02317659 -0.00079662737 0.0194323827
v -0.0241765901 -0.00079662737 0.0194323827
v -0.0241765901 -0.000812955201 0.0196906868
v -0.02317659 -0.000812955201 0.0196906868
v -0.02317659 -0.000159619885 0.0184738375
v -0.02317659 -0.000375153351 0.0183305442
v -0.02317659 9.86836312e-05 0.0184901655
v -0.02317659 1.38777878e-17 0.0179999992
v -0.02317659 0.00047383699 0.0181596205
v -0.02317659 0.00049016485 0.0179013163
v -0.02317659 0.00033054495 0.0183751527
v -0.02317659 0.000375153351 0.0176694542
v -0.02317659 0.000159619885 0.0175261628
v -0.02317659 -0.00049016485 0.018098684
v -0.02317659 -0.00047383699 0.0178403798
v -0.02317659 -9.86836312e-05 0.0175098348
v -0.02317659 -0.00033054495 0.0176248457
v -0.0241765901 9.86836312e-05 0.0184901655
v -0.0241765901 -0.00047383699 0.0178403798
v -0.0241765901 0.00049016485 0.0179013163
v -0.0241765901 -0.000831188285 0.0160742309
v -0.0241765901 -0.00080753566 0.0161031913
v -0.0241765901 0.0019223484 0.0176690388
v -0.0241765901 0.00202894607 0.0176347904
v -0.0241765901 0.00215420965 0.017554028
v -0.0241765901 0.00229750155 0.0173384938
v -0.0241765901 0.00168033445 0.0184236709
v -0.0241765901 0.00193863793 0.0184399989
v -0.0241765901 0.00155055919 0.0193585902
v -0.0241765901 -9.54303177e-05 0.0200593434

# 0 UV coordinates

# 1534 vertex normals
vn 0.128301799 0.991713881 -0.0065000914
vn 0.13860622 0.990344405 -0.00250011194
vn -0.989840984 0.0735030472 0.12170504
vn -0.934824765 0 0.355109394
vn -0.748517275 0 0.663115323
vn 0 1 0
vn -0.970943034 0 0.239310607
vn -0.8186391 0.0708033815 0.569927216
vn -0.464884847 0 0.885371208
vn -0.354410321 0.0352010243 0.934427202
vn -0.663115323 0 0.748517275
vn 0.116599441 0.993095279 -0.012899939
vn 0.101500355 0.994503498 -0.0257000905
vn 0.0820017532 0.995321214 -0.0511010922
vn 0.0903970301 0.0217992831 0.995667219
vn -0.0601991788 0 0.998186409
vn -0.239499167 0 0.970896661
vn 0.120496966 0.0326991752 0.992175043
vn 0.46460849 0 0.885516226
vn 0.567681909 0.0356988609 0.822473705
vn 0.268494755 0 0.963281155
vn 0.823098302 0 0.56789887
vn 0.663009644 0 0.748610914
vn 0.884865999 0.0368985832 0.464382172
vn 0.935061574 0 0.354485422
vn -0.128301799 0.991713881 -0.0065000914
vn -0.116599441 0.993095279 -0.012899939
vn -0.101500355 0.994503498 -0.0257000905
vn -0.0820013359 0.995316207 -0.0512008332
vn -0.0871033818 0.995338619 -0.0414016061
vn -0.183394909 0.684280992 -0.705780387
vn -0.258807719 0.965928853 0
vn -0.0616964772 0.705759704 -0.705759704
vn -0.146892935 0.989152491 0
vn -0.13860622 0.990344405 -0.00250011194
vn -0.127197042 0.991876841 0.00109997427
vn 0.992725134 -0 -0.120403044
vn 0.992689192 0 0.12069869
vn 0.992713153 -0 -0.1205016
vn 0.885475099 -0 -0.46468693
vn 0.663171351 -0 -0.748467624
vn 0.567681909 0.0356988609 -0.822473705
vn 0.82289362 -0 -0.568195581
vn 0.93150121 0.0722000971 -0.356500477
vn 0.268798977 -0 -0.963196278
vn 0.120496966 0.0326991752 -0.992175043
vn 0.464806467 -0 -0.885412276
vn -0.354410321 0.0352010243 -0.934427202
vn 0.0904961973 0.0217990857 -0.995658219
vn -0.060398452 0 -0.998174429
vn -0.239404887 0 -0.970919847
vn 0.0871991292 0.996190071 0.00129998697
vn 0.0314012058 0.999438405 0.0117004486
vn 0.00719981361 0.999974132 0
vn -0.0871992037 0.996190906 0
vn 0.146892935 0.989152491 0
vn 0.127197042 0.991876841 0.00109997427
vn 0.11600548 0.993246973 0.00180008507
vn 0.258807719 0.965928853 0
vn 0.102096982 0.994770586 0.00279991701
vn 0.0830032155 0.996538699 0.00460017845
vn 0.059300717 0.998212039 0.00750009017
vn 0.183394909 0.684280992 0.705780387
vn 0.0616964772 0.705759704 0.705759704
vn 0 0 1
vn 0.299387068 0.64207226 0.705769539
vn 0.40638724 0.580281794 0.705777884
vn 0.500961006 0.500961006 0.705745041
vn 0.580281794 0.40638724 0.705777884
vn 0.707106829 0.707106829 0
vn 0.819156826 0.573569775 0
vn 0.906313419 0.42260626 0
vn 0.64207226 0.299387068 0.705769539
vn 0.684280992 0.183394909 0.705780387
vn 0.956932664 0.290309936 0
vn 0.881915212 0.471408099 0
vn 0.625111878 0.334106356 0.705413401
vn 0.678288639 0.20579654 0.705388129
vn 0.70539695 0.0694997013 0.70539695
vn 0.70539695 -0.0694997013 0.70539695
vn 0.994565129 -0.0924967602 0.0477983244
vn 0.993559122 -0.111295424 0.0212991238
vn 0.994534731 -0.0980034173 0.0360012576
vn 0.678288639 -0.20579654 0.705388129
vn 0.956932664 -0.290309936 0
vn 0.991447508 -0.130506262 0
vn 0.990919888 -0.134402692 -0.00370007427
vn 0.992377162 -0.122997172 0.00769982301
vn 0.0050001489 0.95032829 -0.311209261
vn -0.00210006861 0.991432369 -0.130604267
vn -0 0.923826635 -0.382811069
vn -0.985741019 0.166006893 -0.0275011435
vn -0.960463583 0.253090411 0.115995601
vn -0.992622137 0.114702553 -0.0393008739
vn -0 0.769612908 -0.638510704
vn -0.998678207 0.0513988771 0
vn -0.990037322 0.140805304 0
vn -0 0.57813108 -0.815943897
vn -0.00779983727 0.707285225 -0.706885278
vn -0 0.382605016 -0.923912048
vn -0 0.382811069 -0.923826635
vn -0.999391913 0.0347997174 -0.00219998206
vn -0 0.130604565 -0.991434574
vn -0.999860406 0.0129994862 -0.0104995845
vn -0 0.130395025 -0.991462171
vn 0 -0.130395025 -0.991462171
vn 0 -0.130604565 -0.991434574
vn 0.99996388 0.00849969313 0
vn 0.994933963 0.0980033427 0.0224007647
vn 0 -0.382605016 -0.923912048
vn 0.992471397 0.0671980605 0.102397047
vn 0 -0.382775694 -0.923841298
vn -0.999314427 -0.0365005247 -0.00620008959
vn -0.999932706 -0.0116003798 0
vn -0.995789111 -0.0870990455 -0.0285996869
vn -0.999576509 0.0290993173 0
vn -0.991500914 -0.130100116 0
vn -0.988894463 -0.148399159 0.00809995458
vn -0.992507041 -0.122100867 -0.0046000327
vn -0.99389714 -0.109699689 -0.0115999663
vn -0.995737135 -0.0881032869 -0.0273010191
vn -0.69319886 -0.140099764 0.706998825
vn -0.980182588 -0.198096484 0
vn -0.748942554 -0.0844047964 0.657237291
vn -0.705759704 -0.0616964772 0.705759704
vn -0.999714315 -0.0141002024 0.0193002764
vn -0.99828124 -0.0580989048 0.00769985514
vn -0.999128342 -0.0395011194 0.0135003822
vn -0.997599185 -0.0687999427 0.0078999931
vn -0.99568361 -0.0926984698 0.0045999242
vn -0.957979798 -0.286793947 0.00489989668
vn 0 0 -1
vn -0.984811664 0.173602059 0.00290003442
vn -0.997630358 0.0688020959 0
vn -0.998626113 0.0524013713 0
vn -0.999421775 0.0340007432 0.000300006534
vn -0.999930441 0.0117003564 0.00150004565
vn -0.995184302 -0.0979984552 -0.00209996686
vn -0.995186567 0.0979986787 0
vn -0.99992919 -0.0119003477 0
vn -0.0336004272 -0.131001666 -0.9908126
vn -0.999752939 0.0141993314 -0.0170991961
vn 0 -0.258807719 -0.965928853
vn 1 0 0
vn -0.0169996955 0.258795351 -0.965782583
vn 0.0326991752 -0.120496966 -0.992175043
vn 0.0352010243 0.354410321 -0.934427202
vn -0 0.239404887 -0.970919847
vn 0.0217990857 -0.0904961973 -0.995658219
vn -0 0.060398452 -0.998174429
vn 0.999318659 0.0352006555 0.0111002065
vn 0.99981004 0.0122001218 0.0152001521
vn 0 -0.268798977 -0.963196278
vn 0.996190906 0.0871992037 0
vn 0.999974132 -0.00719981361 0
vn 0.705759704 0.0616964772 0.705759704
vn 0.705759704 -0.0616964772 0.705759704
vn 0.996190071 -0.0871991292 0.00129998697
vn 0.684280992 -0.183394909 0.705780387
vn 0.99516356 -0.0979964137 -0.00679975143
vn 0.99996388 -0.00849969313 0
vn 0.995118618 0.0980018303 -0.0116002169
vn 0.999674022 0.0254993364 -0.00129996624
vn 0 -0.130604565 0.991434574
vn 0 -0.382605016 0.923912048
vn 0 -0.38269031 0.923876643
vn 0 0.130604565 0.991434574
vn 0 -0.130395025 0.991462171
vn 0 0.130395025 0.991462171
vn 0.996874928 0.0735981539 -0.028699277
vn 0 -0.707106829 0.707106829
vn 0 -0.923826635 0.382811069
vn 0 -0.923876643 0.38269031
vn 0.995093763 0.0976993814 -0.0155999009
vn 0 -0.99142158 0.130702853
vn 0 -0.991434574 0.130604565
vn 0.993248582 0.115805671 -0.00680033304
vn 0 -0.991434574 -0.130604565
vn 0 -0.99142158 -0.130702853
vn 0.992377162 0.122997172 0.00769982301
vn 0.99142158 0.130702853 0
vn 0 -0.923826635 -0.382811069
vn 0.993559122 0.111295424 0.0212991238
vn 0 -0.923876643 -0.38269031
vn 0 -0.707106829 -0.707106829
vn 0.994565129 0.0924967602 0.0477983244
vn 0.997794747 -0.0450997613 -0.048699744
vn 0 0.382811069 0.923826635
vn 0 0.707106829 0.707106829
vn 0 0.382605016 0.923912048
vn 0.996874928 -0.0735981539 -0.028699277
vn 0 0.779412985 0.626510441
vn -0.0197001752 0.591305256 0.80620718
vn 0.994704366 -0.101900443 -0.0134000583
vn 0 0.950635016 0.310311407
vn 0.64207226 -0.299387068 0.705769539
vn 0.965928853 -0.258807719 0
vn 0.906313419 -0.42260626 0
vn 0.819156826 -0.573569775 0
vn 0.580281794 -0.40638724 0.705777884
vn 0.500961006 -0.500961006 0.705745041
vn 0.773002923 -0.634402454 0
vn 0.881915212 -0.471408099 0
vn 0.625111878 -0.334106356 0.705413401
vn 0.547896326 -0.449696928 0.705395222
vn 0.449696928 -0.547896326 0.705395222
vn -0.410677612 0.653564394 0.635765374
vn -0.415406793 0.572709382 0.70671159
vn -0.479403883 0.52100426 0.706205726
vn -0.544237614 0.544237614 0.638444126
vn 0.20579654 -0.678288639 0.705388129
vn 0.334106356 -0.625111878 0.705413401
vn 0.471408099 -0.881915212 0
vn 0.634402454 -0.773002923 0
vn 0.40638724 -0.580281794 0.705777884
vn 0.299387068 -0.64207226 0.705769539
vn 0.573569775 -0.819156826 0
vn 0.42260626 -0.906313419 0
vn 0.258807719 -0.965928853 0
vn 0.183394909 -0.684280992 0.705780387
vn 0.0616964772 -0.705759704 0.705759704
vn -0.0616964772 -0.705759704 0.705759704
vn -0.0979964137 -0.99516356 -0.00679975143
vn -0.00849969313 -0.99996388 0
vn 0.00849969313 -0.99996388 0
vn 0.0980018303 -0.995118618 -0.0116002169
vn 0.0254993364 -0.999674022 -0.00129996624
vn -0.130702853 0 0.99142158
vn -0.38269031 0 0.923876643
vn -0.382811069 0 0.923826635
vn -0.0629011244 0.998017907 0.00190003414
vn -0.0359015726 0.999343812 0.00480021071
vn -0.707106829 0 0.707106829
vn -0.923912048 0 0.382605016
vn 0.0976993814 -0.995093763 -0.0155999009
vn 0.0735981539 -0.996874928 -0.028699277
vn -0.923876643 0 0.38269031
vn -0.0909955502 0.995851278 0.000399980432
vn -0.0835006237 0.996507525 0.000700005214
vn -0.991434574 0 0.130604565
vn -0.102701269 0.994712293 0
vn -0.0957009196 0.995409548 -0.00110001059
vn -0.99142158 0 -0.130702853
vn -0.991462171 0 0.130395025
vn -0.991462171 0 -0.130395025
vn 0.130702853 -0.99142158 0
vn 0.122997172 -0.992377162 0.00769982301
vn 0.115805671 -0.993248582 -0.00680033304
vn -0.923912048 0 -0.382605016
vn 0.111295424 -0.993559122 0.0212991238
vn -0.923826635 0 -0.382811069
vn -0.0689988807 0.997583866 -0.00809986889
vn -0.0879022628 0.996125698 -0.00260006706
vn -0.707106829 0 -0.707106829
vn -0.382593066 -0.00789985619 -0.923883259
vn 0.0671987385 -0.992481411 0.102298088
vn 0.0924967602 -0.994565129 0.0477983244
vn -0.311093271 0 -0.950379372
vn -0.0280001368 0.999604821 -0.00250001205
vn -0.00489994185 0.999988079 0
vn -0.0545997731 0.00499997893 -0.998495817
vn 0.130604267 -0.00210006861 -0.991432369
vn 0.0535979904 -0 -0.998562634
vn -0.130702853 0 -0.99142158
vn -0.00349997892 -0.99999392 0
vn -0.0205997154 -0.999786198 0.00179997506
vn -0.0980034173 -0.994534731 0.0360012576
vn 0.0980033427 -0.994933963 0.0224007647
vn 0.0694997013 -0.70539695 0.70539695
vn -0.0694997013 -0.70539695 0.70539695
vn -0.129595697 -0.991567016 0
vn -0.290309936 -0.956932664 0
vn -0.140798122 -0.989986777 -0.0100998646
vn -0.111295424 -0.993559122 0.0212991238
vn -0.122997172 -0.992377162 0.00769982301
vn -0.0924967602 -0.994565129 0.0477983244
vn -0.20579654 -0.678288639 0.705388129
vn -0.334106356 -0.625111878 0.705413401
vn 0.234298751 0.669496417 0.704896271
vn 0.11999698 0.69738245 0.706582248
vn 0.0488010049 0.837917268 0.543611228
vn 0.079397127 0.704874456 0.704874456
vn -0.0412003733 0.706506371 0.706506371
vn -0.0866999552 0.769199669 0.633099675
vn -0.25540778 0.729922175 0.634019256
vn -0.11999698 0.69738245 0.706582248
vn -0.200201392 0.678904712 0.706404865
vn -0.282794267 0.959180593 0
vn -0.38839674 0.921492338 0
vn -0.274793983 0.651985705 0.70668453
vn -0.49277544 0.870156646 0
vn -0.448801637 0.893603265 0.00710002566
vn -0.348803997 0.61600703 0.706308126
vn -0.587106884 0.809509456 0
vn -0.642801464 0.766001761 0.00690001575
vn -0.471408099 0.881915212 0
vn -0.634402454 0.773002923 0
vn -0.449696928 0.547896326 -0.705395222
vn -0.334106356 0.625111878 -0.705413401
vn -0.20579654 0.678288639 -0.705388129
vn -0.142205343 0.989837229 0
vn -0.290309936 0.956932664 0
vn -0.0694997013 0.70539695 -0.70539695
vn -0.0831979439 0.995875418 0.0361991078
vn -0.101300605 0.994605899 0.0223001316
vn -0.116105594 0.99314779 0.0133006405
vn -0.131500199 0.991301477 0.00540000806
vn -0.166595548 0.985973656 -0.0100997295
vn -0.0979989544 0.995089471 0.0138998525
vn -0.0593000613 0.996501029 0.0589000583
vn 0.0694997013 0.70539695 -0.70539695
vn 0.20579654 0.678288639 -0.705388129
vn 0.334106356 0.625111878 -0.705413401
vn 0.290309936 0.956932664 0
vn 0.471408099 0.881915212 0
vn 0.634402454 0.773002923 0
vn 0.773002923 0.634402454 0
vn 0.547896326 0.449696928 -0.705395222
vn 0.449696928 0.547896326 -0.705395222
vn 0.625111878 0.334106356 -0.705413401
vn 0.956862569 0.290288657 -0.0120995268
vn 0.955272555 0.295491517 -0.0117996614
vn 0.949875832 0.312592059 -0.00469988072
vn 0.945331514 0.32611087 0
vn 0.960208118 0.278502345 -0.0209001768
vn -0 0.895126104 -0.445813
vn -0 0.792572021 -0.609778464
vn 0.977333128 0.21170719 0
vn 0.0241003521 0.932213604 -0.361105263
vn 0.0255989376 0.738769352 -0.673472047
vn -1 0 0
vn -0 0.826235831 -0.563324451
vn -0 0.930775821 -0.365590483
vn -0.093503952 0.96904093 -0.22850965
vn -0 0.955562532 -0.29478845
vn -0.94909209 -0.314997375 0.000999991666
vn -0.953142107 -0.302513361 0.00240010605
vn -0.946327448 -0.323209345 0.000400011573
vn -0.943627417 -0.331009597 0
vn -0.970302105 -0.240800515 0.0230000485
vn -0.964552343 -0.263614297 0.0121006565
vn -0.958455563 -0.285186768 0.00559973996
vn -0.684280992 -0.183394909 0.705780387
vn -0.965928793 -0.258807719 0.000300008949
vn -0.975310624 -0.217402354 0.0388004221
vn -0.906313419 -0.42260626 0
vn -0.64207226 -0.299387068 0.705769539
vn -0.956932664 -0.290309936 0
vn -0.881915212 -0.471408099 0
vn -0.773002923 -0.634402454 0
vn -0.580281794 -0.40638724 0.705777884
vn -0.500961006 -0.500961006 0.705745041
vn -0.707106829 -0.707106829 0
vn -0.819156826 -0.573569775 0
vn -0.500961006 -0.500961006 -0.705745041
vn -0.580281794 -0.40638724 -0.705777884
vn -0.40638724 -0.580281794 -0.705777884
vn -0.299387068 -0.64207226 -0.705769539
vn -0.42260626 -0.906313419 0
vn -0.573569775 -0.819156826 0
vn -0.40638724 -0.580281794 0.705777884
vn -0.299387068 -0.64207226 0.705769539
vn -0.258807719 -0.965928853 0
vn -0.183394909 -0.684280992 0.705780387
vn -0.471408099 -0.881915212 0
vn -0.449696928 -0.547896326 0.705395222
vn -0.634402454 -0.773002923 0
vn -0.547896326 -0.449696928 0.705395222
vn -0.625111878 -0.334106356 0.705413401
vn -0.678288639 -0.20579654 0.705388129
vn -0.70539695 -0.0694997013 0.70539695
vn 0.704874456 0.079397127 0.704874456
vn 0.683987856 0.180196792 0.706887424
vn 0.669496417 0.234298751 0.704896271
vn 0.734822333 0.284908682 0.615518689
vn 0.983094513 0.183098972 0
vn 0.970846534 0.2343871 0.0501972362
vn 0.980965972 0.194093272 0.00579979876
vn 0.983884156 0.178397119 -0.0120998053
vn 0.986182809 0.162197188 -0.0336994156
vn 0.960463583 0.253090411 0.115995601
vn 0.932375729 0.361490607 0
vn 0.989982784 0.140797555 -0.0104998173
vn 0.997616529 0.0690011382 -0.000200003313
vn -0 0.779412985 -0.626510441
vn 0.00799984857 0.923882484 -0.382592767
vn -0 0.950635016 -0.310311407
vn -0.99331671 -0.114101917 0.0174002927
vn -0.991844893 -0.127405763 0.00340015395
vn -0.00500022294 0.998544514 -0.0537023954
vn 0 0.998513758 0.0545007475
vn -0 0.99142158 -0.130702853
vn -0.99142158 -0.130702853 0
vn -0.993249953 -0.115794159 -0.00679965736
vn 0.00210006861 0.991432369 0.130604267
vn 0 0.923826635 0.382811069
vn -0.0050001489 0.95032829 0.311209261
vn -0.995093763 -0.0976993814 -0.0155999009
vn -0.996874928 -0.0735981539 -0.028699277
vn 0.00779983727 0.707285225 0.706885278
vn 0 0.769612908 0.638510704
vn -0.995118618 -0.0980018303 -0.0116002169
vn 0 0.57813108 0.815943897
vn 0 0.382519603 0.923947394
vn -0.999674022 -0.0254993364 -0.00129996624
vn -0.99996388 -0.00849969313 0
vn 0.999421775 0.0340007432 0.000300006534
vn 0.999929249 0.011800346 0.0015000439
vn 0.99992156 -0.012000259 0.0036000777
vn -0.997794747 0.0450997613 -0.048699744
vn -0.995164156 0.0979964659 -0.00669975858
vn -0.99996388 0.00849969313 0
vn -0.996874928 0.0735981539 -0.028699277
vn 0.99568361 -0.0926984698 0.0045999242
vn 0.997599185 -0.0687999427 0.0078999931
vn -0.991567016 0.129595697 0
vn -0.995093763 0.0976993814 -0.0155999009
vn -0.989986777 0.140798122 -0.0100998646
vn -0.992377162 0.122997172 0.00769982301
vn -0.993559122 0.111295424 0.0212991238
vn -0.994565129 0.0924967602 0.0477983244
vn 0.996189475 -0.0599993616 -0.0632993281
vn 0.995737135 -0.0881032869 -0.0273010191
vn 0 -0.38269031 -0.923876643
vn -0.999627531 0.0269007422 0.00460012676
vn 0.999391913 0.0347997174 -0.00219998206
vn 0.999933898 0.0115003902 0
vn 0.999566853 0.029099036 -0.00439985422
vn -0.992481411 -0.0671987385 0.102298088
vn -0.994565129 -0.0924967602 0.0477983244
vn -0 0.707106829 -0.707106829
vn 0.999933898 -0.0115003902 0
vn 0.706956804 0.0205987412 0.706956804
vn 0.996020138 -0.0871017575 -0.0189003814
vn 0.764932156 -0.0669028088 0.640626967
vn 0.704874456 -0.079397127 0.704874456
vn 0.669496417 -0.234298751 0.704896271
vn 0.69319886 -0.140099764 0.706998825
vn 0.957979798 -0.286793947 0.00489989668
vn 0.980182588 -0.198096484 0
vn 0.950536788 -0.310612023 0
vn 0.720394552 -0.235398233 0.652395129
vn 0.643414557 -0.293506622 0.707015991
vn 0.909780025 -0.415090889 0
vn 0.866011024 -0.500006378 0.00430005509
vn 0.855456948 -0.517873943 0
vn 0.639807761 -0.387304693 0.663808048
vn 0.600589454 -0.377393395 0.704887688
vn 0.560081184 -0.431685477 0.707076192
vn 0.501577675 -0.501577675 0.704868615
vn 0.727402151 -0.686202049 0.00360001042
vn 0.715901434 -0.698201358 0
vn 0.528383136 -0.515383542 0.674678445
vn 0.79209584 -0.610396802 0
vn 0.447788268 -0.547285616 0.707081437
vn 0.633194268 -0.773992956 0
vn 0.549494922 -0.835492313 0.00279997429
vn 0.539073586 -0.842258751 0
vn 0.392596871 -0.613495111 0.685194492
vn 0.377393395 -0.600589454 0.704887688
vn 0.234298751 -0.669496417 0.704896271
vn 0.31210202 -0.634504139 0.707104564
vn 0.240199372 -0.677498221 0.695198178
vn 0.079397127 -0.704874456 0.704874456
vn 0.16020304 -0.688713074 0.707113385
vn 0.20579654 0.678288639 0.705388129
vn 0.0694997013 0.70539695 0.70539695
vn 0.0980034173 0.994534731 0.0360012576
vn 0.0205997154 0.999786198 0.00179997506
vn 0.00349997892 0.99999392 0
vn -0.00849969313 0.99996388 0
vn -0.0980033427 0.994933963 0.0224007647
vn -0.0694997013 0.70539695 0.70539695
vn -0.0535979904 0 -0.998562634
vn 0.130702853 -0 -0.99142158
vn -0.130604267 0.00210006861 -0.991432369
vn -0.0116003798 -0.999932706 0
vn 0.0545997731 -0.00499997893 -0.998495817
vn 0.00489994185 -0.999988079 0
vn 0.311093271 -0 -0.950379372
vn 0.0280001368 -0.999604821 -0.00250001205
vn 0.382593066 0.00789985619 -0.923883259
vn 0.707106829 -0 -0.707106829
vn -0.0671987385 0.992481411 0.102298088
vn -0.0924967602 0.994565129 0.0477983244
vn 0.923912048 -0 -0.382605016
vn -0.111295424 0.993559122 0.0212991238
vn 0.923826635 -0 -0.382811069
vn -0.122997172 0.992377162 0.00769982301
vn 0.991462171 -0 -0.130395025
vn 0.99142158 -0 -0.130702853
vn 0.150105327 -0.988635182 -0.0083002951
vn 0.135293499 -0.990552425 -0.0223989226
vn 0.991434574 0 0.130604565
vn 0.174595058 -0.984572053 0.0115996711
vn 0.991462171 0 0.130395025
vn 0.923912048 0 0.382605016
vn -0.115805671 0.993248582 -0.00680033304
vn -0.0976993814 0.995093763 -0.0155999009
vn 0.923876643 0 0.38269031
vn 0.707106829 0 0.707106829
vn -0.0735981539 0.996874928 -0.028699277
vn 0.107000381 -0.994203568 0.0105000371
vn 0.077801995 -0.996825576 0.0169004332
vn 0.158899158 -0.987294793 0
vn 0.33420068 -0.942501962 0
vn 0.0446980782 -0.998657048 0.0261988733
vn 0.116104327 -0.993237019 0
vn 0.0161992311 -0.999252617 0.0350983366
vn 0.341999382 -0.939698339 0.00189999666
vn 0.290309936 -0.956932664 0
vn 0.0979984552 -0.995184302 -0.00209996686
vn 0.142205343 -0.989837229 0
vn 0.0959970728 -0.995369613 -0.00489985058
vn 0.0809993818 -0.996692359 -0.00659994967
vn 0.0625002757 -0.998004377 -0.00900003873
vn 0.0401007012 -0.999117494 -0.0125002181
vn 0.0979989544 -0.995089471 0.0138998525
vn 0.0592000633 -0.996501088 0.0590000637
vn 0.20579654 -0.678288639 -0.705388129
vn 0.0831979439 -0.995875418 0.0361991078
vn 0.101300605 -0.994605899 0.0223001316
vn 0.11609406 -0.993149221 0.0132993199
vn 0.0694997013 -0.70539695 -0.70539695
vn 0.131500125 -0.991300881 0.00550000509
vn 0.166595548 -0.985973656 -0.0100997295
vn -0.0694997013 -0.70539695 -0.70539695
vn -0.0980042145 -0.994942784 0.0220009461
vn -0.20579654 -0.678288639 -0.705388129
vn -0.142205343 -0.989837229 0
vn -0.166595548 -0.985973656 -0.0100997295
vn -0.131500125 -0.991300881 0.00550000509
vn -0.11609406 -0.993149221 0.0132993199
vn -0.101300605 -0.994605899 0.0223001316
vn -0.0831979439 -0.995875418 0.0361991078
vn -0.334106356 -0.625111878 -0.705413401
vn -0.449696928 -0.547896326 -0.705395222
vn -0.547896326 -0.449696928 -0.705395222
vn -0.625111878 -0.334106356 -0.705413401
vn -0.678288639 -0.20579654 -0.705388129
vn -0.70539695 -0.0694997013 -0.70539695
vn -0.70539695 0.0694997013 -0.70539695
vn -0.678288639 0.20579654 -0.705388129
vn -0.625111878 0.334106356 -0.705413401
vn -0.881915212 0.471408099 0
vn -0.956932664 0.290309936 0
vn -0.773002923 0.634402454 0
vn -0.802125037 0.597118616 0.00670020888
vn -0.918187439 0.39609459 0.00639991229
vn -0.826235831 0.563324451 0
vn -0.884099066 0.467299491 0
vn -0.625380337 0.330489606 0.706877768
vn -0.649239421 0.407924771 0.641938925
vn -0.585088193 0.398891956 0.706085742
vn -0.660310566 0.256004095 0.706011236
vn -0.720285654 0.251994997 0.646287143
vn -0.701280117 0.0996971652 0.705879986
vn -0.753976285 0.0849973261 0.651379526
vn -0.683987856 0.180196792 0.706887424
vn -0.932375729 0.361490607 0
vn -0.755289733 0.655391097 0
vn -0.534283936 0.463686019 0.706778646
vn -0.547896326 0.449696928 -0.705395222
vn 0.580281794 -0.40638724 -0.705777884
vn 0.500961006 -0.500961006 -0.705745041
vn 0.707106829 -0.707106829 0
vn 0.64207226 -0.299387068 -0.705769539
vn 0.684280992 -0.183394909 -0.705780387
vn 0.705759704 -0.0616964772 -0.705759704
vn 0.705759704 0.0616964772 -0.705759704
vn 0.989152491 0.146892935 0
vn 0.965928853 0.258807719 0
vn 0.990344405 0.13860622 -0.00250011194
vn 0.991713881 0.128301799 -0.0065000914
vn 0.993095279 0.116599441 -0.012899939
vn 0.994503498 0.101500355 -0.0257000905
vn 0.995316207 0.0820013359 -0.0512008332
vn 0.995338619 0.0871033818 -0.0414016061
vn 0.684280992 0.183394909 -0.705780387
vn 0.996018231 -0.0871015936 -0.0190003477
vn 0.999941707 0.010800451 0
vn 0.999374509 0.034399122 -0.00819979049
vn 0 -0.268494755 0.963281155
vn 0.0326991752 -0.120496966 0.992175043
vn 0.0217992831 -0.0903970301 0.995667219
vn 0 -0.46460849 0.885516226
vn 0.0356988609 -0.567681909 0.822473705
vn 0 -0.793400347 0.608700216
vn 0 -0.923670471 0.383187741
vn -0.0166997835 -0.965787411 0.258796632
vn -0.0168001652 -0.707006991 0.707006991
vn -0.995878935 -0.0831982419 0.0360992402
vn -0.994605899 -0.101300605 0.0223001316
vn 0 -0.608811438 0.793314934
vn -0.996506929 -0.0592004098 0.0589004047
vn -0.995089471 -0.0979989544 0.0138998525
vn -0.0169996955 -0.258795351 0.965782583
vn 0 0.258807719 0.965928853
vn 0 0.748517275 0.663115323
vn 0.0352010243 0.354410321 0.934427202
vn 0 0.464884847 0.885371208
vn 0 0.663115323 0.748517275
vn 0.0708033815 0.8186391 0.569927216
vn 0 0.934824765 0.355109394
vn 0.991713881 -0.128301799 -0.0065000914
vn 0.993095279 -0.116599441 -0.012899939
vn 0.990344405 -0.13860622 -0.00250011194
vn 0.0735030472 0.989840984 0.12170504
vn 0.989152491 -0.146892935 0
vn 0.991876841 -0.127197042 0.00109997427
vn -0 0.992725134 -0.120403044
vn 0 0.970943034 0.239310607
vn 0.0373990722 0.970275939 -0.239094064
vn -0 0.935061574 -0.354485422
vn -0 0.82289362 -0.568195581
vn 0.0363001265 0.748002648 -0.662702322
vn 0.996538699 -0.0830032155 0.00460017845
vn 0.994770586 -0.102096982 0.00279991701
vn -0 0.663009644 -0.748610914
vn 0.998212039 -0.059300717 0.00750009017
vn -0 0.464806467 -0.885412276
vn 0.993246973 -0.11600548 0.00180008507
vn -0 0.793352067 -0.608763218
vn -0.0168001652 0.707006991 -0.707006991
vn -0.0166997835 0.965787411 -0.258796632
vn -0 0.923876643 -0.38269031
vn -0.995369613 0.0959970728 -0.00489985058
vn -0.989837229 0.142205343 0
vn -0.985973656 0.166595548 -0.0100997295
vn -0 0.991434574 -0.130604565
vn -0.991300881 0.131500125 0.00550000509
vn 0 0.99142158 0.130702853
vn -0.99314779 0.116105594 0.0133006405
vn -0.0166997835 0.965787411 0.258796632
vn -0.994605899 0.101300605 0.0223001316
vn 0 0.793400347 0.608700216
vn -0.995875418 0.0831979439 0.0361991078
vn -0.0332003571 0.609606564 0.792008519
vn -0.994942784 0.0980042145 0.0220009461
vn -0.999321997 0.0366008058 0.0040000882
vn -0.99992919 0.0119003477 0
vn -0.0337016359 0.130706355 0.990848184
vn -0.996692359 0.0809993818 -0.00659994967
vn -0 0.608763218 -0.793352067
vn -0.998004377 0.0625002757 -0.00900003873
vn -0 0.38269031 -0.923876643
vn -0.999117494 0.0401007012 -0.0125002181
vn 0.994503498 -0.101500355 -0.0257000905
vn 0.995321214 -0.0820017532 -0.0511010922
vn 0 0.239499167 0.970896661
vn 0.993041217 -0.0541022457 -0.104604341
vn 0 -0.991382778 0.130997717
vn 0 -0.991462171 -0.130395025
vn -0.0166997835 -0.965787411 -0.258796632
vn 0 -0.992713153 -0.1205016
vn 0 -0.885475099 -0.46468693
vn 0 -0.992725134 -0.120403044
vn 0.0722000971 -0.93150121 -0.356500477
vn 0.993246973 0.11600548 0.00180008507
vn 0.991876841 0.127197042 0.00109997427
vn 0 -0.82289362 -0.568195581
vn 0.994770586 0.102096982 0.00279991701
vn 0.996530354 0.0831025317 0.00460014027
vn 0 -0.663171351 -0.748467624
vn 0.998212039 0.059300717 0.00750009017
vn 0 -0.464806467 -0.885412276
vn 0.0356988609 -0.567681909 -0.822473705
vn 0 -0.992689192 0.12069869
vn 0 -0.992713153 0.1205016
vn 0 -0.935061574 0.354485422
vn 0.0368985832 -0.884865999 0.464382172
vn -0.985989988 -0.166498318 -0.0100998972
vn -0.989837229 -0.142205343 0
vn -0.995369613 -0.0959970728 -0.00489985058
vn 0 -0.923912048 -0.382605016
vn -0.996692359 -0.0809993818 -0.00659994967
vn 0 -0.793314934 -0.608811438
vn -0.998004377 -0.0625002757 -0.00900003873
vn -0.0331997536 -0.609495461 -0.792094171
vn 0 -0.382811069 -0.923826635
vn -0.999117494 -0.0401007012 -0.0125002181
vn -0.991300881 -0.131500125 0.00550000509
vn -0.993149221 -0.11609406 0.0132993199
vn 0 -0.823098302 0.56789887
vn 0 -0.663009644 0.748610914
vn 0 0.0601991788 0.998186409
vn 0.64207226 0.299387068 -0.705769539
vn 0.580281794 0.40638724 -0.705777884
vn 0.500961006 0.500961006 -0.705745041
vn 0.40638724 0.580281794 -0.705777884
vn -0.866011024 -0.500006378 0.00430005509
vn -0.855456948 -0.517873943 0
vn -0.79209584 -0.610396802 0
vn -0.727402151 -0.686202049 0.00360001042
vn -0.715901434 -0.698201358 0
vn -0.633194268 -0.773992956 0
vn -0.549494922 -0.835492313 0.00279997429
vn -0.539073586 -0.842258751 0
vn -0.441323638 -0.897348046 0
vn -0.341999382 -0.939698339 0.00189999666
vn -0.130700737 -0.991405487 0.00570003176
vn -0.107000381 -0.994203568 0.0105000371
vn -0.0779013932 -0.996817827 0.016900301
vn -0.160392433 -0.987053394 0
vn -0.0446980782 -0.998657048 0.0261988733
vn -0.116103575 -0.993230641 0.00360011077
vn -0.33420068 -0.942501962 0
vn -0.16020304 -0.688713074 0.707113385
vn -0.223494351 -0.960775733 0.16419585
vn -0.111103356 -0.992529929 -0.05040152
vn -0.135293499 -0.990552425 -0.0223989226
vn -0.150105327 -0.988635182 -0.0083002951
vn -0.237005621 -0.668415844 0.705016732
vn -0.237206385 -0.678018212 0.695718706
vn -0.31210202 -0.634504139 0.707104564
vn -0.386595607 -0.615293026 0.686992168
vn -0.519305527 -0.519305527 0.678707242
vn -0.447788268 -0.547285616 0.707081437
vn -0.382193953 -0.597190499 0.705188811
vn 0.547896326 0.449696928 0.705395222
vn 0.449696928 0.547896326 0.705395222
vn 0.334106356 0.625111878 0.705413401
vn -0.560081184 -0.431685477 0.707076192
vn -0.507492542 -0.494992733 0.705289602
vn -0.627798736 -0.394499183 0.670998633
vn 0.0924967602 0.994565129 0.0477983244
vn 0.111295424 0.993559122 0.0212991238
vn 0.122997172 0.992377162 0.00769982301
vn -0.991434574 0 -0.130604565
vn 0.140798122 0.989986777 -0.0100998646
vn 0.0976993814 0.995093763 -0.0155999009
vn 0.129595697 0.991567016 0
vn 0.0735981539 0.996874928 -0.028699277
vn 0.0450997613 0.997794747 -0.048699744
vn 0.0979964137 0.99516356 -0.00679975143
vn 0.00849969313 0.99996388 0
vn -0.130604565 0 0.991434574
vn 0.130604565 0 0.991434574
vn 0.130702853 0 0.99142158
vn -0.0254993364 0.999674022 -0.00129996624
vn 0.382811069 0 0.923826635
vn 0.38269031 0 0.923876643
vn -0.0980018303 0.995118618 -0.0116002169
vn -0.183394909 0.684280992 0.705780387
vn -0.0616964772 0.705759704 0.705759704
vn -0.299387068 0.64207226 0.705769539
vn -0.42260626 0.906313419 0
vn -0.40638724 0.580281794 -0.705777884
vn -0.573569775 0.819156826 0
vn -0.299387068 0.64207226 -0.705769539
vn -0.500961006 0.500961006 -0.705745041
vn -0.580281794 0.40638724 -0.705777884
vn -0.707106829 0.707106829 0
vn -0.819156826 0.573569775 0
vn -0.580281794 0.40638724 0.705777884
vn -0.500961006 0.500961006 0.705745041
vn -0.40638724 0.580281794 0.705777884
vn -0.449696928 0.547896326 0.705395222
vn -0.334106356 0.625111878 0.705413401
vn -0.547896326 0.449696928 0.705395222
vn -0.625111878 0.334106356 0.705413401
vn -0.678288639 0.20579654 0.705388129
vn -0.684280992 0.183394909 0.705780387
vn -0.64207226 0.299387068 0.705769539
vn -0.705759704 0.0616964772 0.705759704
vn -0.943627417 0.331009597 0
vn -0.946327448 0.323209345 0.000400011573
vn -0.94909209 0.314997375 0.000999991666
vn -0.953142107 0.302513361 0.00240010605
vn -0.958455563 0.285186768 0.00559973996
vn -0.964559197 0.263588846 0.0120994877
vn -0.970890641 0.238297701 0.024199767
vn -0.965887129 0.258796543 0.00929987617
vn -0.906313419 0.42260626 0
vn -0.978965223 0.202692807 -0.0232991725
vn -0.965928853 0.258807719 0
vn -0.96609056 0.25809747 -0.00739992782
vn -0.959407389 0.282002181 -0.00350002712
vn -0.95374459 0.300614029 -0.0016000747
vn -0.973182499 0.22959587 -0.0141997449
vn -0.949489951 0.313796669 -0.000699992524
vn -0.946735501 0.322012097 -0.000300011277
vn -0.64207226 0.299387068 -0.705769539
vn -0.684280992 0.183394909 -0.705780387
vn -0.995321214 0.0820017532 -0.0511010922
vn -0.994503498 0.101500355 -0.0257000905
vn -0.993095279 0.116599441 -0.012899939
vn -0.991713881 0.128301799 -0.0065000914
vn -0.990344405 0.13860622 -0.00250011194
vn -0.996018231 0.0871015936 -0.0190003477
vn -0.993041217 0.0541022457 -0.104604341
vn -0.989152491 0.146892935 0
vn -0.705759704 0.0616964772 -0.705759704
vn -0.705759704 -0.0616964772 -0.705759704
vn -0.993095279 -0.116599441 -0.012899939
vn -0.991713881 -0.128301799 -0.0065000914
vn -0.994503498 -0.101500355 -0.0257000905
vn -0.995316207 -0.0820013359 -0.0512008332
vn -0.995338619 -0.0871033818 -0.0414016061
vn -0.965916276 -0.258804351 -0.00510008633
vn -0.981840611 -0.18970786 0
vn -0.684280992 -0.183394909 -0.705780387
vn -0.989152491 -0.146892935 0
vn -0.990344405 -0.13860622 -0.00250011194
vn 0 0.992689192 0.12069869
vn 0 0.935061574 0.354485422
vn 0 0.992713153 0.1205016
vn -0 0.992713153 -0.1205016
vn -0 0.885475099 -0.46468693
vn 0.0166997835 0.965787411 -0.258796632
vn -0 0.923912048 -0.382605016
vn -0 0.793314934 -0.608811438
vn 0.0331997536 0.609495461 -0.792094171
vn 0.0336004272 0.131001666 -0.9908126
vn -0 0.258807719 -0.965928853
vn -0 0.268798977 -0.963196278
vn -0.0356988609 0.567681909 -0.822473705
vn -0.0326991752 0.120496966 -0.992175043
vn -0.999398112 -0.0339999385 0.00689998688
vn -0.998515427 -0.0543008372 -0.00430006674
vn -0.999933898 -0.011100376 0.00300010177
vn -0.0217990857 0.0904961973 -0.995658219
vn -0.999837995 -0.0180006828 0
vn -0.999974132 0.00719981361 0
vn 0 -0.060398452 -0.998174429
vn -0.999928892 0.0119003439 0.000800023088
vn -0.99959892 0.0282999706 -0.00109999883
vn 0 -0.239404887 -0.970919847
vn -0.998886049 0.0470993444 0.00289995945
vn -0.9984532 0.0555973947 0.000399981247
vn -0.0352010243 -0.354410321 -0.934427202
vn 0 -0.663009644 -0.748610914
vn -0.0363001265 -0.748002648 -0.662702322
vn -0.0373990722 -0.970275939 -0.239094064
vn 0 -0.935061574 -0.354485422
vn -0.990636706 0.136505067 0.00230008527
vn -0.992129505 0.125103727 0.0053001577
vn 0.0166997835 -0.965787411 -0.258796632
vn 0.0166997835 -0.965787411 0.258796632
vn 0.994467854 -0.104696617 -0.00849972572
vn 0.992385209 -0.123098165 -0.00429993588
vn 0.00260009803 -0.664225042 0.747528136
vn 0.978727043 -0.203005612 0.0297008213
vn 0.997398317 -0.0696998835 -0.0183999706
vn 0.99597007 -0.0887973309 -0.0125996219
vn 0.989606619 -0.143800959 0
vn 0.977333128 -0.21170719 0
vn -0.00249994919 -0.792483985 0.60988766
vn 0.0536997244 -0.527597308 0.847795665
vn 0 -0.60262084 0.798027635
vn 0.0247986764 -0.849954605 0.52627188
vn 0 -0.733060598 0.680163383
vn 0 -0.865864158 0.500279307
vn -0.0852984935 -0.92378372 0.3732934
vn 0 -0.900968432 0.433884799
vn 0.0235999785 -0.982699037 0.183699816
vn 0 -0.961813986 0.273703992
vn 0 -0.895225763 0.445612818
vn 0.960208178 -0.279202372 0.00680005783
vn 0.965877652 -0.25879401 0.0102997618
vn 0.945331514 -0.32611087 0
vn 0.953644753 -0.300914139 0.00350016449
vn 0.678288639 -0.20579654 -0.705388129
vn 0.956926823 -0.290308148 0.00350009813
vn 0.625111878 -0.334106356 -0.705413401
vn 0.547896326 -0.449696928 -0.705395222
vn 0.449696928 -0.547896326 -0.705395222
vn 0.334106356 -0.625111878 -0.705413401
vn 0.70539695 -0.0694997013 -0.70539695
vn 0.70539695 0.0694997013 -0.70539695
vn 0.678288639 0.20579654 -0.705388129
vn 0.991300881 0.131500125 0.00550000509
vn 0.993149221 0.11609406 0.0132993199
vn 0.995878935 0.0831982419 0.0360992402
vn 0.994605899 0.101300605 0.0223001316
vn 0.995089471 0.0979989544 0.0138998525
vn 0.996506929 0.0592004098 0.0589004047
vn 0.989606619 0.143800959 0
vn 0 0.923670471 0.383187741
vn 0.0166997835 0.965787411 0.258796632
vn 0.0168001652 0.707006991 0.707006991
vn 0.0169996955 0.258795351 0.965782583
vn 0 0.608811438 0.793314934
vn -0.0352010243 -0.354410321 0.934427202
vn -0.0217992831 0.0903970301 0.995667219
vn 0 -0.0601991788 0.998186409
vn -0.0326991752 0.120496966 0.992175043
vn 0 -0.239499167 0.970896661
vn -0.999941707 -0.010800451 0
vn -0.999374509 -0.034399122 -0.00819979049
vn 0 0.268494755 0.963281155
vn -0.0708033815 -0.8186391 0.569927216
vn 0 -0.748517275 0.663115323
vn 0 -0.464884847 0.885371208
vn 0 -0.663115323 0.748517275
vn 0.0337016359 -0.130706355 0.990848184
vn 0 -0.258807719 0.965928853
vn 0.99992919 -0.0119003477 0
vn 0.99992919 0.0119003477 0
vn 0.999321997 -0.0366008058 0.0040000882
vn 0.0332003571 -0.609606564 0.792008519
vn 0.994942784 -0.0980042145 0.0220009461
vn 0.995875418 -0.0831979439 0.0361991078
vn 0.994605899 -0.101300605 0.0223001316
vn 0.99314779 -0.116105594 0.0133006405
vn 0 -0.934824765 0.355109394
vn 0 -0.970943034 0.239310607
vn -0.0735030472 -0.989840984 0.12170504
vn -0.0368985832 0.884865999 0.464382172
vn 0 0.823098302 0.56789887
vn 0 0.663009644 0.748610914
vn -0.0356988609 0.567681909 0.822473705
vn 0 0.46460849 0.885516226
vn 0.994467854 0.104696617 -0.00849972572
vn 0.99237299 0.123196654 -0.00429988327
vn 0.99597007 0.0887973309 -0.0125996219
vn 0.997405291 0.0696003735 -0.0184000973
vn 0.978377581 0.204595327 0.0302993078
vn 0 0.667028725 0.745032072
vn 0.972656548 0.231689647 0.0160992816
vn 0 0.792572021 0.609778464
vn 0.0255989376 0.738769352 0.673472047
vn 0.0241003521 0.932213604 0.361105263
vn 0 0.895225763 0.445612818
vn 0.965877652 0.25879401 0.0102997618
vn 0.960208178 0.279202372 0.00680005783
vn 0 0.961874068 0.273492634
vn 0.953644753 0.300914139 0.00350016449
vn 0 0.995749354 0.0921045691
vn -0.0423003547 0.825506926 0.562804699
vn 0 0.689185619 0.724584877
vn 0 0.781590223 0.623792171
vn -0.035201367 0.623124182 0.781330347
vn -0.96609056 -0.25809747 -0.00739992782
vn -0.95943445 -0.281910092 -0.0035001256
vn 0 0.865839064 0.50032258
vn 0 0.930775821 0.365590483
vn -0.95374459 -0.300614029 -0.0016000747
vn 0 0.974865973 0.222792223
vn -0.949489951 -0.313796669 -0.000699992524
vn -0.0494999774 0.954399526 0.294399858
vn -0.946735501 -0.322012097 -0.000300011277
vn -0.106899105 0.991291702 0.0768993571
vn 0 0.52152282 0.853237331
vn 0 0.433884799 0.900968432
vn -0.0315997787 0.36519748 0.930393577
vn -0.0130006252 0.592128456 0.805738688
vn -0.98856467 -0.149094671 -0.0225991923
vn -0.995129824 -0.0978029296 -0.0123003675
vn -0.998013973 -0.0618008599 0.0122001702
vn 0 0.294697106 0.955590665
vn -0.0280003604 0.0747009516 0.996812761
vn 0 0.16760911 0.985853553
vn 0.0269993115 0.0921976492 0.99537462
vn 0 0.361490607 0.932375729
vn 0 0.206605151 0.97842443
vn 0.0277000871 0.445601404 0.894802809
vn 0.998452842 0.0555973724 0.000999952899
vn 0.999826908 0.0186004993 -0.00050001347
vn 0.0181999095 0.0697996467 0.997394979
vn 0 -0.0462014861 0.998932123
vn 0.0554992482 -0.186497465 0.980886638
vn 0.998789012 -0.0491994582 9.99988988e-05
vn 0.99992311 -0.0124002872 0
vn 0 -0.273703992 0.961813986
vn 0.987964392 -0.153094485 0.0220992044
vn 0.99499929 -0.0995999277 0.00749999424
vn 0.998940289 -0.0424017087 -0.0179007221
vn 0.0169996955 -0.258795351 -0.965782583
vn 0 -0.361611277 0.932328999
vn 0.995009184 0.0995009169 0.00750006922
vn 0.999210358 0.0387004018 -0.00900009274
vn 0.98874408 0.14900665 0.013500602
vn 0 0.526722968 0.850037038
vn -0.0303002819 -0.499804646 0.865608037
vn 0 -0.45631054 0.889820576
vn 0 -0.294697106 0.955590665
vn -0.0303994529 -0.222395986 0.974482477
vn -0.987005889 0.15850094 -0.0264001563
vn -0.995543242 0.0943040922 -0.000700030359
vn -0.0185993146 0.05589794 0.99826324
vn 0 -0.0374000147 0.99930042
vn 0 -0.149005488 0.988836348
vn -0.978352964 -0.199390411 -0.0553973392
vn -0.972523868 -0.232405692 -0.0136003336
vn 0.0235005599 0.999723852 0
vn 0 0.991382778 0.130997717
vn -0 0.991462171 -0.130395025
vn -0.64207226 -0.299387068 -0.705769539
vn 0 -0.995730996 -0.0923028663
vn 0.949846208 -0.312682301 -0.00469973404
vn 0 -0.995730996 0.0923028663
vn 0 -0.961813986 -0.273703992
vn 0.955272555 -0.295491517 -0.0117996614
vn 0.0235999785 -0.982699037 -0.183699816
vn 0 -0.895245671 -0.445572972
vn 0.0247986764 -0.849954605 -0.52627188
vn -0.0519999564 -0.987499177 -0.148799881
vn 0 -0.974887669 -0.222697183
vn 0 -0.930728436 -0.365711153
vn -0.0460011177 -0.900021791 -0.433410525
vn -0.0387989543 -0.732480288 -0.679681718
vn 0 -0.781677902 -0.62368238
vn 0 -0.865839064 -0.50032258
vn -0.0303002819 -0.499804646 -0.865608037
vn 0 -0.583798826 -0.811898351
vn 0 -0.680006027 -0.733206511
vn -0.98243475 0.186606601 0
vn -0.98938787 0.145298213 0
vn 0 -0.45631054 -0.889820576
vn -0.994940281 0.0991040096 0.0165006686
vn 0 -0.294697106 -0.955590665
vn -0.995890975 0.0870992094 0.0247997753
vn 0 -0.148907691 -0.98885107
vn -0.998803973 0.0485001951 0.00620002486
vn -0.0303994529 -0.222395986 -0.974482477
vn -0.99604553 -0.0871039778 0.017500801
vn -0.0185992103 0.055997625 -0.998257637
vn 0 -0.0374000147 -0.99930042
vn -0 0.167803481 -0.985820472
vn -0.997212768 -0.0609007776 0.0431005508
vn -0.0280003604 0.0747009516 -0.996812761
vn -0 0.294697106 -0.955590665
vn -0.0315997787 0.36519748 -0.930393577
vn 0 -0.0461017005 -0.998936772
vn 0 -0.18379344 -0.982964933
vn 0.0217000879 0.0922003686 -0.995504022
vn 0.02840144 -0.273513854 -0.961448669
vn 0.99982512 0.0187004693 0
vn 0.0321005248 0.0702011511 -0.997016251
vn -0 0.206700891 -0.978404164
vn 0.998187959 0.0583992973 -0.0144998254
vn -0 0.445692986 -0.895185947
vn 0.0534019321 0.365613252 -0.92923367
vn 0.994355917 0.0978956595 -0.0408981852
vn 0.993707061 0.10800077 -0.0297002103
vn -0 0.526795208 -0.849992335
vn 0.989360869 0.145294249 -0.0073997071
vn 0.983938634 0.178507015 0
vn -0 0.667028725 -0.745032072
vn 0.994965255 -0.0979965776 -0.0209992658
vn 0.956931293 -0.290309519 -0.00170005567
vn 0.993707061 -0.10800077 -0.0297002103
vn 0.989474654 -0.144496292 -0.00779980002
vn 0.983868241 -0.178894222 0.000299990323
vn 0.994853735 -0.0636970401 -0.0787963346
vn 0.965426028 -0.258206964 -0.0358009636
vn 0 -0.670559764 -0.741855562
vn 0 -0.798112035 -0.602509081
vn 0 -0.522824705 -0.852440238
vn 0.0267010145 -0.602422893 -0.797730327
vn 0 -0.361316711 -0.932443202
vn -0 0.52240026 -0.852700412
vn -0.013500398 0.592817485 -0.805223703
vn -0.0769011825 0.677910447 -0.731111288
vn -0 0.433803618 -0.901007473
vn -0 0.623511374 -0.781814277
vn -0.990219474 -0.139502749 0.00210004114
vn -0.985938907 -0.167106584 0
vn -0.994940281 -0.0991040096 0.0165006686
vn 0.960210145 -0.278502941 -0.0208002198
vn 0 -0.988836348 0.149005488
vn 0 -0.997191072 -0.0748993307
vn 0 -0.583798826 0.811898351
vn -0.071001485 -0.772516131 0.631013155
vn 0 -0.680006027 0.733206511
vn 0 -0.974887669 0.222697183
vn -0.101296365 -0.991864443 0.0770972371
vn 0.991300881 -0.131500125 0.00550000509
vn 0 -0.608763218 -0.793352067
vn 0.0168001652 -0.707006991 -0.707006991
vn 0 -0.793352067 -0.608763218
vn -0.993649185 0.112094268 0.00979949906
vn -0.995310783 0.095001027 0.0182001982
vn -0.995310783 -0.095001027 0.0182001982
vn -0 0.663171351 -0.748467624
vn -0.993648052 -0.112105414 0.00980047416
vn -0.992129505 -0.125103727 0.0053001577
vn -0.0722000971 0.93150121 -0.356500477
vn -0.990636706 -0.136505067 0.00230008527
vn -0.20579654 0.678288639 0.705388129
vn -0.382811069 0 -0.923826635
vn -0.076003477 -0.991845429 -0.10230469
vn -0.111899987 -0.993399858 -0.0251999963
vn -0.079397127 -0.704874456 0.704874456
vn -0.606294274 -0.366996557 0.705493391
vn -0.909780025 -0.415090889 0
vn -0.643414557 -0.293506622 0.707015991
vn -0.673527718 -0.22010906 0.70562911
vn -0.950536788 -0.310612023 0
vn -0.705973387 -0.246990696 0.663774967
vn 0.299387068 0.64207226 -0.705769539
vn 0.42260626 0.906313419 0
vn 0.573569775 0.819156826 0
vn 0.183394909 0.684280992 -0.705780387
vn 0.0616964772 0.705759704 -0.705759704
vn -0.609606564 -0.0332003571 0.792008519
vn -0.0366008058 -0.999321997 0.0040000882
vn -0.382605016 0 0.923912048
vn -0.0119003477 -0.99992919 0
vn -0.130706355 -0.0337016359 0.990848184
vn 0.0119003477 -0.99992919 0
vn 0.130395025 0 0.991462171
vn -0.258807719 0 0.965928853
vn -0.793400347 0 0.608700216
vn -0.923826635 0 0.382811069
vn -0.965787411 -0.0166997835 0.258796632
vn -0.99142158 0 0.130702853
vn -0.965787411 -0.0166997835 -0.258796632
vn -0.82289362 0 -0.568195581
vn -0.748002648 0.0363001265 -0.662702322
vn -0.970275939 0.0373990722 -0.239094064
vn -0.935061574 0 -0.354485422
vn -0.923876643 0 -0.38269031
vn -0.793352067 0 -0.608763218
vn -0.707006991 -0.0168001652 -0.707006991
vn -0.0959970728 -0.995369613 -0.00489985058
vn -0.0809993818 -0.996692359 -0.00659994967
vn -0.0625002757 -0.998004377 -0.00900003873
vn -0.608763218 0 -0.793352067
vn -0.38269031 0 -0.923876643
vn -0.0401007012 -0.999117494 -0.0125002181
vn -0.0141993314 -0.999752939 -0.0170991961
vn -0.130604565 0 -0.991434574
vn -0.258795351 -0.0169996955 -0.965782583
vn 0.131001666 -0.0336004272 -0.9908126
vn 0.258807719 -0 -0.965928853
vn -0.0979986787 -0.995186567 0
vn 0.382605016 0 0.923912048
vn 0.608811438 0 0.793314934
vn 0.991382778 0 0.130997717
vn 0.965787411 -0.0166997835 0.258796632
vn 0.923670471 0 0.383187741
vn 0.793400347 0 0.608700216
vn 0.707006991 -0.0168001652 0.707006991
vn 0.258795351 -0.0169996955 0.965782583
vn 0.382811069 -0 -0.923826635
vn 0.609495461 -0.0331997536 -0.792094171
vn 0.793314934 -0 -0.608811438
vn 0.965787411 -0.0166997835 -0.258796632
vn -0.130702853 0.99142158 0
vn 0.107696995 -0.993072271 -0.0469986871
vn 0.225699812 -0.970499158 0.0847999305
vn 0.111903347 -0.992929697 -0.0396011844
vn -0.310397893 -0.00499996589 -0.950593591
vn 0.441323638 -0.897348046 0
vn -0.70539695 0.0694997013 0.70539695
vn 0.0197001752 0.591305256 -0.80620718
vn 0.998631299 0.0523016378 0.000100003133
vn -0.994933963 -0.0980033427 0.0224007647
vn -0.994534731 0.0980034173 0.0360012576
vn 0.991500914 -0.130100116 0
vn 0.993895948 -0.109699555 -0.0116999522
vn 0.992507041 -0.122100867 -0.0046000327
vn 0.988909066 -0.148301363 0.00810007472
vn 0.999128342 -0.0395011194 0.0135003822
vn 0.998267651 -0.058098115 0.00929969829
vn 0.998678207 0.0513988771 0
vn 0.984815776 0.17360279 0
vn 0.994792759 0.0985992849 0.0257998127
vn 0.77021569 0.109502234 0.628312826
vn 0.918187439 0.39609459 0.00639991229
vn 0.884099066 0.467299491 0
vn 0.625380337 0.330489606 0.706877768
vn 0.659617484 0.449711889 0.602215886
vn 0.826235831 0.563324451 0
vn 0.755289733 0.655391097 0
vn 0.802125037 0.597118616 0.00670020888
vn 0.534283936 0.463686019 0.706778646
vn 0.600589454 0.377393395 0.704887688
vn 0.677095592 0.735895157 0
vn 0.547501147 0.59500128 0.588401258
vn 0.642801464 0.766001761 0.00690001575
vn 0.587106884 0.809509456 0
vn 0.415406793 0.572709382 0.70671159
vn 0.501577675 0.501577675 0.704868615
vn 0.49277544 0.870156646 0
vn 0.403511196 0.712519765 0.574015915
vn 0.448801637 0.893603265 0.00710002566
vn 0.38839674 0.921492338 0
vn 0.274793983 0.651985705 0.70668453
vn 0.377393395 0.600589454 0.704887688
vn 0.282794267 0.959180593 0
vn 0.234508678 0.795229375 0.559120655
vn 0.230604932 0.973020792 0.00720015401
vn 0.0979986787 0.995186567 0
vn 0.0141993314 0.999752939 -0.0170991961
vn 0.0401007012 0.999117494 -0.0125002181
vn 0.0625002757 0.998004377 -0.00900003873
vn 0.0809993818 0.996692359 -0.00659994967
vn 0.0959970728 0.995369613 -0.00489985058
vn 0.142205343 0.989837229 0
vn 0.166595548 0.985973656 -0.0100997295
vn 0.965787411 0.0166997835 -0.258796632
vn 0 -1 0
vn 0.965787411 0.0166997835 0.258796632
vn 0.131500125 0.991300881 0.00550000509
vn 0.116105594 0.99314779 0.0133006405
vn 0.101300605 0.994605899 0.0223001316
vn 0.793352067 0 0.608763218
vn 0.0831979439 0.995875418 0.0361991078
vn 0.609606564 0.0332003571 0.792008519
vn 0.0980042145 0.994942784 0.0220009461
vn 0.0366008058 0.999321997 0.0040000882
vn 0.258807719 0 0.965928853
vn 0.130903378 0.0336008668 0.990825593
vn 0.464806467 0 0.885412276
vn 0.81859827 -0.0706998482 0.569998741
vn 0.748517275 0 0.663115323
vn 0.354410321 -0.0352010243 0.934427202
vn -0.0820017532 -0.995321214 -0.0511010922
vn -0.0541022457 -0.993041217 -0.104604341
vn 0.239404887 0 0.970919847
vn -0.0871015936 -0.996018231 -0.0190003477
vn -0.00719981361 -0.999974132 0
vn 0.0601991788 0 0.998186409
vn 0.0109004434 -0.999940634 0
vn -0.0907033831 -0.0219008178 0.995637119
vn 0.0343990996 -0.999373794 -0.00829978194
vn -0.268798977 0 0.963196278
vn -0.120496966 -0.0326991752 0.992175043
vn -0.567681909 -0.0356988609 0.822473705
vn -0.464806467 0 0.885412276
vn -0.965787411 0.0166997835 0.258796632
vn -0.793314934 0 0.608811438
vn -0.707006991 0.0168001652 0.707006991
vn -0.965787411 0.0166997835 -0.258796632
vn -0.992689192 0 -0.12069869
vn -0.992713153 0 -0.1205016
vn -0.885475099 0 -0.46468693
vn -0.931600571 -0.0724000484 -0.356200248
vn 0.116104133 -0.993235409 0.00180006411
vn 0.127197042 -0.991876841 0.00109997427
vn -0.823098302 0 -0.56789887
vn 0.102096982 -0.994770586 0.00279991701
vn -0.663009644 0 -0.748610914
vn 0.0830032155 -0.996538699 0.00460017845
vn 0.059300717 -0.998212039 0.00750009017
vn -0.46460849 0 -0.885516226
vn -0.567681909 -0.0356988609 -0.822473705
vn -0.120496966 -0.0326991752 -0.992175043
vn -0.268494755 0 -0.963281155
vn 0.0352006555 -0.999318659 0.0111002065
vn 0.0122001218 -0.99981004 0.0152001521
vn -0.0901986584 -0.0217996761 -0.99568516
vn 0.060398452 -0 -0.998174429
vn -0.0871991292 -0.996190071 0.00129998697
vn -0.0314012058 -0.999438405 0.0117004486
vn 0.239499167 -0 -0.970896661
vn -0.059300717 -0.998212039 0.00750009017
vn 0.354410321 -0.0352010243 -0.934427202
vn 0.464884847 -0 -0.885371208
vn -0.0830032155 -0.996538699 0.00460017845
vn 0.663009644 -0 -0.748610914
vn -0.102096982 -0.994770586 0.00279991701
vn 0.748002648 -0.0363001265 -0.662702322
vn 0.935061574 -0 -0.354485422
vn -0.11600548 -0.993246973 0.00180008507
vn -0.127197042 -0.991876841 0.00109997427
vn 0.970275939 -0.0373990722 -0.239094064
vn 0.989893258 -0.0737994984 0.121099181
vn -0.13860622 -0.990344405 -0.00250011194
vn -0.146892935 -0.989152491 0
vn 0.970943034 0 0.239310607
vn -0.128301799 -0.991713881 -0.0065000914
vn 0.707006991 0.0168001652 -0.707006991
vn 0.258795351 0.0169996955 -0.965782583
vn 0.382605016 -0 -0.923912048
vn 0.608811438 -0 -0.793314934
vn 0.0871992037 -0.996190906 0
vn -0.258807719 0 -0.965928853
vn 0.130395025 -0 -0.991462171
vn -0.131395221 0.0334987827 -0.990764022
vn -0.383187741 0 -0.923670471
vn -0.0402005389 0.999113441 -0.0125001678
vn -0.0979984552 0.995184302 -0.00209996686
vn -0.0120003363 0.999927998 0
vn -0.609495461 0.0331997536 -0.792094171
vn -0.0625002757 0.998004377 -0.00900003873
vn -0.793314934 0 -0.608811438
vn -0.0809993818 0.996692359 -0.00659994967
vn -0.0959970728 0.995369613 -0.00489985058
vn 0.13860622 -0.990344405 -0.00250011194
vn 0.146892935 -0.989152491 0
vn -0.992725134 0 0.120403044
vn 0.128301799 -0.991713881 -0.0065000914
vn -0.934936941 0 0.354813993
vn -0.992713153 0 0.1205016
vn 0.116599441 -0.993095279 -0.012899939
vn -0.82289362 0 0.568195581
vn -0.884865999 -0.0368985832 0.464382172
vn 0.101500355 -0.994503498 -0.0257000905
vn -0.663171351 0 0.748467624
vn 0.0820017532 -0.995321214 -0.0511010922
vn 0.0871033818 -0.995338619 -0.0414016061
vn 0.183394909 -0.684280992 -0.705780387
vn 0.0616964772 -0.705759704 -0.705759704
vn -0.258795351 0.0169996955 0.965782583
vn -0.608700216 0 0.793400347
vn -0.0616964772 -0.705759704 -0.705759704
vn -0.116599292 -0.993093967 -0.0129999211
vn -0.101500355 -0.994503498 -0.0257000905
vn 0.0119003477 0.99992919 0
vn -0.0119003477 0.99992919 0
vn 0.793400347 -0 -0.608700216
vn 0.0581005514 0.998309493 0.00160001509
vn 0.0116003798 0.999932706 0
vn -0.0581006259 0.998310804 0
vn -0.0125998575 0.999888659 0.00799991004
vn 0.0359015726 0.999343812 0.00480021071
vn -0.0735981539 -0.996874928 -0.028699277
vn -0.0450997613 -0.997794747 -0.048699744
vn 0.0835006237 0.996507525 0.000700005214
vn 0.0629011244 0.998017907 0.00190003414
vn 0.0908963755 0.995860338 0.00039998407
vn 0.0957009196 0.995409548 -0.00110001059
vn 0.991434574 -0 -0.130604565
vn 0.102701269 0.994712293 0
vn 0.0879022628 0.996125698 -0.00260006706
vn 0.0689988807 0.997583866 -0.00809986889
vn 0.0443994813 0.99868834 -0.0254997015
vn -0.0976993814 -0.995093763 -0.0155999009
vn 0.169602171 0.985512614 0
vn -0.183394909 -0.684280992 -0.705780387
vn -0.0776011646 0.857612848 -0.508407652
vn -0 0.781590223 -0.623792171
vn -0 0.997198582 -0.0747998953
vn -0 0.961813986 -0.273703992
vn -0 0.995721757 -0.0924020186
vn 0.299387068 -0.64207226 -0.705769539
vn 0.40638724 -0.580281794 -0.705777884
vn -0.677095592 0.735895157 0
vn -0.230604932 0.973020792 0.00720015401
vn -0.169602171 0.985512614 0
vn 0.0581024475 0.99824208 -0.0117004924
vn 0.310397893 0.00499996589 -0.950593591
vn -0.0580991767 0.998185813 -0.0157997757
vn 0.999438405 -0.0314012058 0.0117004486
vn -0.00799984857 0.923882484 0.382592767
vn -0.992046416 0.124593273 0.0178990327
vn -0.987763405 0.155694231 0.00909966324
vn 0.00500022294 0.998544514 0.0537023954
vn -0.981977999 0.188995764 0
vn -0 0.998513758 -0.0545007475
vn -0.98283577 0.184406713 -0.00530019263
vn -0.706956804 0.0205987412 0.706956804
vn 0.999627531 -0.0269007422 0.00460012676
vn -0.464806467 0 -0.885412276
vn -0.992725134 0 -0.120403044
vn -0.0122001218 0.99981004 0.0152001521
vn -0.059300717 0.998212039 0.00750009017
vn -0.0352006555 0.999318659 0.0111002065
vn -0.102096982 0.994770586 0.00279991701
vn -0.11600548 0.993246973 0.00180008507
vn -0.0830032155 0.996538699 0.00460017845
vn 0.992713153 0 0.1205016
vn 0.0871015936 0.996018231 -0.0190003477
vn -0.010800451 0.999941707 0
vn -0.034399122 0.999374509 -0.00819979049
vn 0.0541022457 0.993041217 -0.104604341
vn 0.0193010066 -0.980151117 0.197310299
vn 0 -0.987487435 0.157697991
vn -0.706827223 -0.698526859 0.111604296
vn 0 -0.971583784 0.23669605
vn -0.706810474 -0.687310219 0.167402491
vn -0 0.995265245 -0.0971966013
vn -0 0.955339015 -0.29551208
vn -0 0.876285553 -0.481792063
vn 0 -0.999992013 -0.00399996806
vn 0 -0.980322182 0.197404459
vn 0 -0.920515358 0.390706539
vn 0 -0.823019326 0.56801337
vn 0 -0.691896737 0.721996546
vn 0 0.756127775 0.654424012
vn 0 0.60892272 0.79322958
vn 0 0.872396886 0.488798231
vn -0.705968142 -0.509477079 -0.491977841
vn -0.705977976 -0.581781864 -0.403887421
vn -0.705990791 -0.638991714 -0.30539605
vn 0 -0.902303398 -0.43110162
vn 0 -0.821424603 -0.57031709
vn 0 0.934070468 0.357088715
vn 0 0.864695072 0.502297163
vn -0.705977559 0.612380564 0.355788708
vn 0 0.772913694 0.634511232
vn -0.705984831 0.547388256 0.449390352
vn -0.705988288 0.46819225 0.531391203
vn 0 -0.818456054 -0.574569166
vn 0 -0.686053693 -0.727550864
vn 0 -0.525569558 -0.850750685
vn 0 -0.917387784 -0.397994697
vn 0 -0.978719234 -0.20520404
vn -0.705951333 0.693552196 0.143590108
vn -0.706008255 0.661507726 0.252902985
vn -0.705979586 0.707579613 0.0303991232
vn -0.705986142 0.703286231 -0.0834983662
vn -0 0.993036866 -0.117804371
vn 0 0.999075115 0.0429989286
vn -0.705990195 0.680790603 -0.195197299
vn -0 0.961274564 -0.275592685
vn -0.705973148 0.640675604 -0.301888525
vn -0 0.904623687 -0.426211149
vn -0 0.824528933 -0.56581986
vn -0.705953181 0.583961308 -0.400773436
vn -0.706000328 0.512100279 -0.489200264
vn -0 0.723071754 -0.69077301
vn -0.705963612 0.426977992 -0.565070927
vn -0.706003129 0.330801487 -0.626202822
vn -0.705976486 0.226092473 -0.671177626
vn -0.705965459 0.115494356 -0.698765874
vn -0 0.163101539 -0.98660928
vn -0 0.319196194 -0.947688699
vn -0.705954611 0.00189987791 -0.708254516
vn -0 0.00269999052 -0.999996424
vn -0.705974162 -0.111695908 -0.699374437
vn -0.70597744 -0.222492889 -0.67237854
vn -0.705996156 -0.327398241 -0.627996624
vn 0 -0.462309688 -0.886718571
vn 0 -0.314096987 -0.949390948
vn -0.705975294 -0.423885196 -0.56738019
vn 0 -0.598575056 -0.801066697
vn 0 -0.719299793 -0.694699824
vn 0 0.246791974 0.969068468
vn 0 0.436783761 0.899566591
vn 0 0.0466006361 0.998913646
vn 0 -0.532396853 0.846494913
vn 0 -0.351079613 0.936345637
vn 0 -0.155392572 0.987852812
vn 0 -0.157697991 -0.987487435
vn -0 0.467101872 -0.884203494
vn -0 0.602908075 -0.797810674
vn 0 0.979239225 0.202708125
vn -0.705996513 0.37689814 0.599597096
vn -0.706001043 0.275800407 0.652301013
vn 0 0.532208383 0.846613348
vn 0 0.389509499 0.921022475
vn 0 0.23669605 0.971583784
vn -0.705997348 0.16759938 0.688097417
vn -0.705982625 0.0550986491 0.706082642
vn -0.705979288 -0.0588982701 0.705779314
vn 0 0.0777975991 0.996969223
vn 0 -0.0832027197 0.996532619
vn 0 -0.241994426 0.970277667
vn -0.705979586 -0.171395048 0.687180161
vn -0.705985606 -0.279394299 0.650786698
vn -0 0.0547001548 -0.998502851
vn -0 0.254493296 -0.967074573
vn -0 0.444010675 -0.896021545
vn -0 0.615296602 -0.788295627
vn -0 0.761391342 -0.648292661
vn -0.706003904 -0.549803078 0.44640249
vn -0.70596242 -0.471074969 0.528871894
vn 0 -0.665182769 0.746680677
vn 0 -0.665126979 0.746730328
vn 0 -0.776331127 0.630325258
vn 0 -0.867404997 0.49760288
vn -0.705979943 -0.614282608 0.352489978
vn -0.7059744 -0.66287595 0.24939096
vn 0 -0.935967088 0.352087647
vn -0.705959857 -0.380178392 0.597566009
vn 0 -0.536804318 0.843706787
vn 0 -0.394498527 0.918896616
vn 0 -0.241900265 0.970301092
vn 0 -0.147494465 -0.989062965
vn 0 -0.343516976 -0.939146459
vn 0 0.661098957 0.750298798
vn 0 -0.992382109 -0.123197779
vn 0 -0.959769011 -0.280790955
vn -0.705955625 -0.702855825 -0.0872945189
vn -0.705955803 -0.679757416 -0.198887557
vn 0 0.994451642 0.105194882
vn 0 0.95292449 0.303207785
vn -0.705956101 -0.707756042 0.0265983474
vn 0 -0.99929297 0.037599735
vn 0 -0.838818133 0.544411778
vn 0 -0.677095592 0.735895157
vn 0 -0.947860241 0.318686604
vn 0 0.871783793 0.489890873
vn 0 0.715308785 0.698808551
vn 0 0.998007238 0.0631004572
vn -0 0.895822823 -0.444411337
vn -0 0.553592086 -0.83278805
vn -0 0.0631004572 -0.998007238
vn 0 -0.444411337 -0.895822823
vn 0 -0.47278741 0.881176591
vn 0 -0.238792777 0.971070588
vn 0 0.0102004902 0.999947965
vn 0 0.258502841 0.966010571
vn 0 0.490593553 0.871388555
vn 0 -0.83278805 -0.553592086
vn 0 -0.998007238 -0.0631004572
vn 0 -0.895822823 0.444411337
vn 0 0.83278805 0.553592086
vn 0 0.444411337 0.895822823
vn 0 -0.0631004572 0.998007238
vn 0 0.954162717 0.299288273
vn 0 0.998615623 0.0526008233
vn -0 0.980322182 -0.197404459
vn -0 0.764007986 -0.645206809
vn -0 0.579486907 -0.81498152
vn -0 0.900424659 -0.435011923
vn 0 -0.553592086 0.83278805
vn -1 0 9.99999975e-05
vn 0 -0.13539879 -0.990791142
vn 0 -0.377589107 -0.925973296
vn 0 -0.538324177 -0.842737854
vn -1 0 -9.99999975e-05
vn 0 -0.911812961 0.410605818
vn -0 0.55370748 -0.832711279
vn 0 -0.776951373 -0.62956059
vn 0 -0.777000308 -0.62950021
vn 0 -0.639712155 -0.76861459
vn 0.0111000687 -0.596003711 -0.802905023
vn 0 0.691896737 0.721996546
vn 0 0.849729776 0.527218461
vn -0 0.115204841 -0.993341744
vn -0 0.35859707 -0.933492422
vn 0 -0.99733907 0.0729028508
vn 0 -0.984137654 -0.177406788
vn 0 0.0862973556 0.996269464
vn 0 -0.174395695 0.984675705
vn 0 0.0863966048 0.996260762
vn 0 -0.174492642 0.98465848
vn 0 -0.9091295 -0.416513532
vn 0 -0.909091651 -0.416596174
vn 0 -0.55370748 0.832711279
vn 0 -0.774536192 0.632529557
vn 0 -0.774487197 0.632589519
vn 0 -0.999669731 -0.0256992206
vn 0 -0.958939254 -0.283611625
vn 0 -0.305889428 -0.952067077
vn 0 -0.541873991 -0.840459704
vn -0 0.389183253 -0.92116034
vn -0 0.614286661 -0.789082885

# Mesh 'base_link.035-0' with 2507 faces
g base_link.035-0
usemtl silver
f  1//1 2//1 3//1
f  3//2 4//2 1//2
f  5//3 4//3 3//3
f  5//4 3//4 2//4
f  5//5 2//5 6//5
f  7//6 5//6 8//6
f  7//6 9//6 5//6
f  9//7 4//7 5//7
f  8//6 5//6 6//6
f  6//8 2//8 10//8
f  8//6 6//6 11//6
f  12//9 6//9 13//9
f  12//10 14//10 6//10
f  11//6 6//6 14//6
f  6//11 10//11 13//11
f  1//12 10//12 2//12
f  13//13 10//13 1//13
f  1//14 12//14 13//14
f  14//15 15//15 16//15
f  17//16 15//16 14//16
f  17//17 14//17 12//17
f  18//6 14//6 19//6
f  11//6 14//6 18//6
f  14//18 16//18 19//18
f  19//19 20//19 21//19
f  19//20 21//20 22//20
f  19//21 16//21 20//21
f  18//6 19//6 23//6
f  23//6 19//6 22//6
f  22//22 24//22 25//22
f  22//23 21//23 24//23
f  22//24 25//24 26//24
f  27//6 22//6 26//6
f  23//6 22//6 27//6
f  26//25 25//25 28//25
f  28//26 25//26 29//26
f  29//27 25//27 24//27
f  24//28 21//28 29//28
f  29//29 21//29 20//29
f  29//30 20//30 30//30
f  29//31 31//31 32//31
f  32//32 33//32 29//32
f  29//31 34//31 31//31
f  30//33 34//33 29//33
f  29//34 33//34 35//34
f  29//35 35//35 28//35
f  33//36 36//36 35//36
f  37//37 35//37 36//37
f  38//38 28//38 35//38
f  38//39 35//39 37//39
f  39//6 37//6 40//6
f  27//6 37//6 39//6
f  27//6 38//6 37//6
f  37//40 36//40 40//40
f  41//6 40//6 42//6
f  39//6 40//6 41//6
f  43//41 40//41 44//41
f  43//42 42//42 40//42
f  40//43 45//43 44//43
f  40//44 36//44 45//44
f  41//6 42//6 46//6
f  47//45 42//45 48//45
f  47//46 49//46 42//46
f  48//47 42//47 43//47
f  46//6 42//6 49//6
f  49//48 50//48 51//48
f  52//6 49//6 51//6
f  53//49 49//49 47//49
f  53//50 54//50 49//50
f  46//6 49//6 52//6
f  49//51 54//51 50//51
f  55//52 54//52 56//52
f  55//53 50//53 54//53
f  56//54 54//54 53//54
f  56//55 53//55 33//55
f  4//56 55//56 1//56
f  4//57 57//57 55//57
f  57//58 58//58 55//58
f  1//59 55//59 59//59
f  55//60 58//60 60//60
f  55//61 60//61 61//61
f  61//62 50//62 55//62
f  55//63 62//63 59//63
f  63//64 64//64 55//64
f  55//63 64//63 62//63
f  65//65 62//65 64//65
f  59//66 62//66 66//66
f  67//65 62//65 65//65
f  67//65 66//65 62//65
f  59//66 66//66 68//66
f  68//67 66//67 69//67
f  70//65 66//65 67//65
f  70//65 69//65 66//65
f  71//65 72//65 69//65
f  71//65 69//65 70//65
f  68//67 69//67 73//67
f  73//68 69//68 72//68
f  71//65 74//65 72//65
f  73//68 72//68 75//68
f  75//69 72//69 74//69
f  76//70 73//70 75//70
f  76//70 75//70 77//70
f  77//71 75//71 78//71
f  75//69 74//69 78//69
f  77//71 78//71 79//71
f  79//72 78//72 80//72
f  78//73 81//73 80//73
f  78//73 74//73 81//73
f  82//65 81//65 74//65
f  83//65 81//65 82//65
f  80//74 81//74 84//74
f  83//65 84//65 81//65
f  85//65 84//65 83//65
f  86//75 85//75 83//75
f  86//75 83//75 87//75
f  87//76 83//76 82//76
f  87//76 82//76 88//76
f  88//77 89//77 87//77
f  87//78 89//78 90//78
f  87//78 90//78 86//78
f  91//65 92//65 90//65
f  91//65 90//65 93//65
f  93//65 90//65 89//65
f  86//79 90//79 94//79
f  86//79 94//79 95//79
f  95//80 94//80 96//80
f  95//80 96//80 97//80
f  97//81 98//81 99//81
f  100//82 98//82 97//82
f  97//83 99//83 101//83
f  97//84 102//84 103//84
f  103//85 104//85 97//85
f  97//84 96//84 102//84
f  97//86 104//86 105//86
f  97//87 105//87 106//87
f  106//88 100//88 97//88
f  100//89 107//89 108//89
f  106//90 107//90 100//90
f  100//91 108//91 98//91
f  107//92 109//92 108//92
f  108//93 109//93 110//93
f  108//94 110//94 111//94
f  98//95 108//95 111//95
f  111//96 112//96 113//96
f  111//97 110//97 112//97
f  99//98 111//98 113//98
f  98//99 111//99 99//99
f  99//100 113//100 114//100
f  114//101 113//101 115//101
f  113//102 112//102 115//102
f  116//103 115//103 117//103
f  112//104 117//104 115//104
f  114//105 115//105 116//105
f  116//106 117//106 118//106
f  118//107 117//107 119//107
f  118//108 101//108 120//108
f  118//109 86//109 101//109
f  118//110 119//110 121//110
f  121//111 86//111 118//111
f  119//112 122//112 121//112
f  122//113 119//113 123//113
f  123//114 119//114 117//114
f  124//115 122//115 123//115
f  123//116 117//116 112//116
f  125//117 124//117 126//117
f  125//118 127//118 124//118
f  124//119 127//119 128//119
f  128//120 129//120 124//120
f  124//121 129//121 122//121
f  91//122 130//122 124//122
f  126//123 124//123 130//123
f  91//124 124//124 131//124
f  124//125 132//125 131//125
f  126//126 133//126 134//126
f  135//127 133//127 126//127
f  134//128 136//128 126//128
f  126//129 136//129 137//129
f  126//130 137//130 125//130
f  126//131 130//131 138//131
f  138//132 139//132 126//132
f  126//132 139//132 140//132
f  126//132 140//132 135//132
f  135//132 141//132 142//132
f  142//133 143//133 135//133
f  135//134 143//134 144//134
f  135//135 144//135 145//135
f  145//136 146//136 135//136
f  135//137 146//137 133//137
f  135//132 140//132 141//132
f  140//138 147//138 141//138
f  141//132 148//132 142//132
f  141//139 149//139 148//139
f  141//140 147//140 149//140
f  147//141 150//141 149//141
f  148//142 149//142 151//142
f  149//103 152//103 151//103
f  149//143 150//143 152//143
f  150//144 153//144 152//144
f  151//145 152//145 154//145
f  152//144 155//144 154//144
f  152//144 153//144 155//144
f  156//146 155//146 153//146
f  155//147 157//147 158//147
f  155//148 159//148 157//148
f  154//144 155//144 158//144
f  160//149 155//149 156//149
f  160//150 159//150 155//150
f  161//151 156//151 162//151
f  161//152 163//152 156//152
f  156//153 153//153 162//153
f  164//154 163//154 161//154
f  164//155 159//155 163//155
f  161//156 165//156 164//156
f  164//157 166//157 167//157
f  167//158 159//158 164//158
f  164//157 165//157 166//157
f  104//65 166//65 168//65
f  104//65 169//65 166//65
f  167//159 166//159 169//159
f  168//65 166//65 170//65
f  168//160 171//160 104//160
f  168//161 172//161 171//161
f  168//108 173//108 172//108
f  168//65 170//65 85//65
f  85//162 174//162 168//162
f  168//163 174//163 173//163
f  173//164 134//164 175//164
f  173//165 136//165 134//165
f  174//166 136//166 173//166
f  175//167 176//167 171//167
f  175//168 134//168 176//168
f  171//169 176//169 146//169
f  85//170 177//170 174//170
f  177//171 136//171 174//171
f  125//172 137//172 177//172
f  178//173 125//173 177//173
f  178//174 177//174 85//174
f  177//171 137//171 136//171
f  178//175 127//175 125//175
f  179//176 127//176 178//176
f  179//177 178//177 85//177
f  179//178 128//178 127//178
f  180//179 128//179 179//179
f  86//180 180//180 179//180
f  179//181 85//181 86//181
f  181//182 129//182 180//182
f  86//183 181//183 180//183
f  180//184 129//184 128//184
f  121//185 129//185 181//185
f  121//186 181//186 86//186
f  171//187 182//187 104//187
f  171//188 146//188 182//188
f  182//189 145//189 183//189
f  182//190 146//190 145//190
f  104//191 182//191 183//191
f  183//192 144//192 143//192
f  183//193 145//193 144//193
f  104//194 183//194 105//194
f  183//195 143//195 105//195
f  85//65 170//65 84//65
f  184//65 169//65 104//65
f  184//65 185//65 169//65
f  186//196 169//196 185//196
f  167//159 169//159 186//159
f  187//197 186//197 188//197
f  187//197 167//197 186//197
f  188//198 186//198 189//198
f  186//196 185//196 189//196
f  188//198 189//198 190//198
f  190//199 189//199 191//199
f  189//200 192//200 191//200
f  189//200 185//200 192//200
f  193//65 192//65 185//65
f  191//201 192//201 194//201
f  195//65 192//65 193//65
f  195//65 194//65 192//65
f  196//202 195//202 193//202
f  196//202 193//202 197//202
f  197//203 193//203 184//203
f  193//65 185//65 184//65
f  197//203 184//203 103//203
f  103//204 198//204 197//204
f  197//205 198//205 199//205
f  197//205 199//205 196//205
f  200//65 199//65 198//65
f  201//65 199//65 200//65
f  196//206 199//206 202//206
f  201//65 202//65 199//65
f  201//207 203//207 204//207
f  201//208 205//208 203//208
f  206//209 205//209 201//209
f  200//210 206//210 201//210
f  204//65 207//65 201//65
f  201//65 207//65 202//65
f  208//211 207//211 209//211
f  204//65 209//65 207//65
f  210//212 207//212 208//212
f  210//212 202//212 207//212
f  208//213 211//213 210//213
f  210//214 211//214 195//214
f  210//214 195//214 196//214
f  196//206 202//206 210//206
f  212//65 213//65 211//65
f  208//213 212//213 211//213
f  211//65 214//65 195//65
f  211//65 213//65 214//65
f  215//215 214//215 216//215
f  215//215 194//215 214//215
f  216//216 214//216 213//216
f  214//65 194//65 195//65
f  217//217 215//217 216//217
f  217//217 216//217 218//217
f  218//218 216//218 219//218
f  216//216 213//216 219//216
f  218//218 219//218 220//218
f  220//219 219//219 221//219
f  219//220 222//220 221//220
f  219//220 213//220 222//220
f  223//65 222//65 212//65
f  223//65 224//65 222//65
f  212//65 222//65 213//65
f  221//221 222//221 224//221
f  225//222 224//222 226//222
f  227//65 226//65 224//65
f  227//65 224//65 223//65
f  221//221 224//221 225//221
f  227//223 228//223 229//223
f  227//224 230//224 228//224
f  227//225 231//225 230//225
f  229//65 226//65 227//65
f  223//226 232//226 227//226
f  227//227 232//227 231//227
f  231//228 233//228 230//228
f  231//229 234//229 233//229
f  232//230 234//230 231//230
f  234//231 235//231 236//231
f  236//232 233//232 234//232
f  237//233 235//233 234//233
f  237//233 234//233 232//233
f  238//234 239//234 237//234
f  238//235 237//235 223//235
f  223//236 237//236 232//236
f  239//237 235//237 237//237
f  236//238 239//238 240//238
f  236//239 235//239 239//239
f  238//240 240//240 239//240
f  240//241 241//241 236//241
f  241//242 240//242 242//242
f  243//243 242//243 240//243
f  243//244 240//244 238//244
f  244//245 242//245 243//245
f  243//246 223//246 245//246
f  245//247 244//247 243//247
f  243//248 238//248 223//248
f  246//249 247//249 244//249
f  245//250 246//250 244//250
f  244//251 247//251 242//251
f  241//252 247//252 248//252
f  242//253 247//253 241//253
f  249//254 248//254 247//254
f  249//254 247//254 246//254
f  250//255 251//255 249//255
f  249//256 245//256 250//256
f  249//257 246//257 245//257
f  251//258 248//258 249//258
f  252//259 248//259 251//259
f  251//260 253//260 252//260
f  254//261 251//261 250//261
f  254//262 255//262 256//262
f  254//263 257//263 255//263
f  250//264 257//264 254//264
f  257//265 258//265 255//265
f  250//225 258//225 257//225
f  258//266 259//266 255//266
f  260//267 259//267 258//267
f  250//268 245//268 258//268
f  245//269 261//269 258//269
f  258//270 261//270 262//270
f  258//270 262//270 260//270
f  260//271 229//271 263//271
f  264//272 229//272 260//272
f  260//273 263//273 265//273
f  266//274 267//274 260//274
f  260//275 265//275 266//275
f  260//276 267//276 259//276
f  260//277 268//277 264//277
f  260//277 262//277 268//277
f  264//278 268//278 269//278
f  270//65 269//65 268//65
f  270//65 268//65 271//65
f  271//65 268//65 262//65
f  271//279 272//279 270//279
f  271//280 273//280 272//280
f  252//281 273//281 271//281
f  271//65 262//65 274//65
f  274//282 252//282 271//282
f  274//283 241//283 252//283
f  275//284 241//284 274//284
f  274//65 262//65 261//65
f  274//65 261//65 275//65
f  275//65 209//65 204//65
f  275//65 261//65 209//65
f  204//285 276//285 275//285
f  275//286 277//286 241//286
f  276//287 277//287 275//287
f  277//288 276//288 278//288
f  278//289 276//289 279//289
f  204//290 279//290 276//290
f  279//291 203//291 280//291
f  278//292 279//292 280//292
f  203//293 279//293 204//293
f  280//294 203//294 205//294
f  280//295 205//295 281//295
f  281//132 282//132 280//132
f  280//132 282//132 283//132
f  280//132 283//132 278//132
f  283//296 284//296 285//296
f  278//132 283//132 285//132
f  283//297 286//297 284//297
f  282//297 286//297 283//297
f  285//296 284//296 287//296
f  286//298 288//298 284//298
f  284//299 289//299 287//299
f  284//298 288//298 289//298
f  288//132 290//132 289//132
f  289//132 290//132 291//132
f  289//132 291//132 292//132
f  287//299 289//299 292//299
f  292//132 293//132 294//132
f  292//132 291//132 293//132
f  295//300 292//300 294//300
f  287//300 292//300 295//300
f  296//301 295//301 297//301
f  296//302 287//302 295//302
f  295//303 294//303 298//303
f  295//304 299//304 300//304
f  300//305 301//305 295//305
f  295//306 301//306 302//306
f  295//307 302//307 303//307
f  297//308 295//308 303//308
f  304//309 305//309 295//309
f  295//310 305//310 299//310
f  298//303 294//303 306//303
f  298//311 306//311 307//311
f  294//132 308//132 306//132
f  306//132 308//132 309//132
f  306//132 309//132 310//132
f  307//311 306//311 310//311
f  310//132 309//132 311//132
f  310//132 311//132 312//132
f  313//312 310//312 312//312
f  307//312 310//312 313//312
f  313//313 312//313 314//313
f  315//314 307//314 313//314
f  316//315 313//315 314//315
f  315//315 313//315 316//315
f  317//132 316//132 318//132
f  319//132 316//132 317//132
f  319//132 315//132 316//132
f  316//316 314//316 318//316
f  317//132 318//132 320//132
f  320//132 318//132 321//132
f  318//317 322//317 321//317
f  318//316 314//316 322//316
f  321//317 322//317 323//317
f  322//318 324//318 323//318
f  322//319 325//319 324//319
f  314//319 325//319 322//319
f  321//76 323//76 326//76
f  323//318 324//318 327//318
f  323//320 327//320 328//320
f  326//76 323//76 328//76
f  329//132 326//132 330//132
f  320//132 326//132 329//132
f  326//321 331//321 330//321
f  320//132 321//132 326//132
f  332//322 333//322 326//322
f  326//323 334//323 332//323
f  326//324 328//324 334//324
f  326//325 333//325 331//325
f  333//326 335//326 331//326
f  331//327 335//327 336//327
f  330//328 331//328 336//328
f  333//329 337//329 335//329
f  336//330 335//330 338//330
f  335//331 339//331 338//331
f  337//331 340//331 335//331
f  335//331 341//331 339//331
f  335//331 340//331 341//331
f  341//332 342//332 339//332
f  341//333 343//333 342//333
f  344//334 343//334 341//334
f  340//335 344//335 341//335
f  344//336 345//336 343//336
f  345//337 342//337 343//337
f  344//338 346//338 345//338
f  347//339 345//339 346//339
f  345//340 348//340 349//340
f  349//341 350//341 345//341
f  345//342 350//342 342//342
f  345//343 351//343 352//343
f  352//344 353//344 345//344
f  345//345 353//345 348//345
f  354//346 345//346 347//346
f  354//346 355//346 345//346
f  355//347 356//347 345//347
f  345//343 356//343 351//343
f  357//65 351//65 358//65
f  357//65 359//65 351//65
f  358//65 351//65 356//65
f  352//125 351//125 360//125
f  361//348 357//348 358//348
f  361//348 358//348 362//348
f  362//349 358//349 363//349
f  358//65 356//65 363//65
f  362//349 363//349 364//349
f  364//350 363//350 365//350
f  363//65 366//65 365//65
f  363//65 356//65 366//65
f  355//347 366//347 356//347
f  367//351 368//351 366//351
f  366//65 368//65 365//65
f  367//351 366//351 355//351
f  369//352 368//352 367//352
f  370//353 369//353 367//353
f  370//353 367//353 371//353
f  371//354 367//354 355//354
f  371//355 372//355 370//355
f  371//354 355//354 354//354
f  354//356 373//356 371//356
f  371//355 373//355 372//355
f  324//132 372//132 373//132
f  324//132 374//132 372//132
f  370//357 372//357 374//357
f  375//358 374//358 376//358
f  325//132 376//132 374//132
f  325//132 374//132 324//132
f  370//357 374//357 375//357
f  375//358 376//358 377//358
f  377//359 378//359 375//359
f  375//360 378//360 369//360
f  375//360 369//360 370//360
f  377//359 379//359 378//359
f  378//361 380//361 369//361
f  378//361 381//361 380//361
f  379//362 381//362 378//362
f  382//363 379//363 377//363
f  382//363 383//363 379//363
f  383//364 384//364 379//364
f  379//362 384//362 381//362
f  229//65 384//65 226//65
f  385//65 384//65 229//65
f  383//364 226//364 384//364
f  385//65 381//65 384//65
f  264//272 385//272 229//272
f  386//65 381//65 385//65
f  387//365 386//365 385//365
f  387//365 385//365 264//365
f  387//366 388//366 389//366
f  389//367 386//367 387//367
f  264//278 269//278 387//278
f  387//366 269//366 388//366
f  389//368 388//368 390//368
f  391//65 390//65 388//65
f  391//65 388//65 392//65
f  392//65 388//65 269//65
f  389//368 390//368 364//368
f  364//369 390//369 393//369
f  391//65 393//65 390//65
f  394//65 393//65 391//65
f  394//65 395//65 393//65
f  362//370 393//370 395//370
f  364//369 393//369 362//369
f  361//371 395//371 396//371
f  362//370 395//370 361//370
f  397//65 396//65 395//65
f  397//65 395//65 394//65
f  397//372 398//372 399//372
f  399//65 396//65 397//65
f  397//373 400//373 398//373
f  394//374 401//374 397//374
f  401//375 400//375 397//375
f  402//376 400//376 329//376
f  402//377 403//377 400//377
f  400//378 403//378 404//378
f  404//379 405//379 400//379
f  400//380 405//380 406//380
f  400//381 406//381 398//381
f  329//382 400//382 401//382
f  398//383 406//383 407//383
f  406//384 408//384 407//384
f  409//385 408//385 406//385
f  410//386 406//386 405//386
f  409//387 406//387 410//387
f  361//388 409//388 410//388
f  361//389 410//389 411//389
f  410//390 405//390 411//390
f  411//391 404//391 403//391
f  405//392 404//392 411//392
f  411//393 357//393 361//393
f  411//394 412//394 357//394
f  411//395 403//395 412//395
f  412//396 402//396 413//396
f  412//397 403//397 402//397
f  412//398 413//398 357//398
f  357//399 413//399 414//399
f  413//400 415//400 414//400
f  413//401 402//401 415//401
f  357//402 414//402 416//402
f  414//403 415//403 417//403
f  414//404 417//404 418//404
f  416//405 414//405 418//405
f  418//188 417//188 419//188
f  418//406 420//406 416//406
f  418//169 419//169 421//169
f  417//407 422//407 419//407
f  422//408 423//408 419//408
f  421//167 419//167 423//167
f  424//164 423//164 425//164
f  422//409 425//409 423//409
f  421//168 423//168 424//168
f  424//410 426//410 427//410
f  416//411 424//411 427//411
f  424//165 425//165 426//165
f  416//412 420//412 424//412
f  427//413 426//413 428//413
f  426//171 429//171 428//171
f  426//171 430//171 429//171
f  425//166 430//166 426//166
f  431//173 429//173 432//173
f  432//414 429//414 433//414
f  429//415 430//415 433//415
f  428//172 429//172 431//172
f  434//416 427//416 431//416
f  427//417 428//417 431//417
f  434//418 431//418 435//418
f  431//175 432//175 435//175
f  435//178 436//178 437//178
f  435//176 432//176 436//176
f  434//419 435//419 437//419
f  437//184 438//184 439//184
f  437//179 436//179 438//179
f  437//420 439//420 434//420
f  439//185 440//185 441//185
f  434//421 439//421 441//421
f  439//185 442//185 440//185
f  438//182 442//182 439//182
f  443//110 440//110 444//110
f  440//422 445//422 444//422
f  440//423 442//423 445//423
f  441//424 440//424 443//424
f  446//425 441//425 443//425
f  446//412 443//412 447//412
f  443//107 444//107 447//107
f  447//103 448//103 449//103
f  449//406 446//406 447//406
f  447//106 444//106 448//106
f  449//105 448//105 450//105
f  451//100 450//100 452//100
f  407//426 452//426 450//426
f  453//427 454//427 450//427
f  407//428 450//428 454//428
f  449//101 450//101 451//101
f  451//429 361//429 449//429
f  451//430 409//430 361//430
f  451//431 452//431 409//431
f  444//432 454//432 453//432
f  399//433 407//433 454//433
f  444//434 445//434 454//434
f  454//435 445//435 455//435
f  399//436 454//436 455//436
f  455//437 456//437 457//437
f  457//65 458//65 455//65
f  455//65 458//65 459//65
f  455//65 459//65 399//65
f  455//438 445//438 456//438
f  456//439 433//439 460//439
f  445//440 433//440 456//440
f  456//441 460//441 461//441
f  456//442 461//442 457//442
f  457//443 461//443 462//443
f  461//444 460//444 462//444
f  463//445 462//445 460//445
f  463//446 464//446 462//446
f  462//447 464//447 465//447
f  457//448 462//448 465//448
f  465//449 464//449 466//449
f  465//450 466//450 467//450
f  467//65 468//65 465//65
f  465//65 468//65 469//65
f  465//65 469//65 457//65
f  470//451 466//451 463//451
f  470//452 471//452 466//452
f  466//453 471//453 467//453
f  466//454 464//454 463//454
f  467//455 471//455 472//455
f  472//456 471//456 470//456
f  473//457 472//457 470//457
f  473//458 474//458 472//458
f  472//459 474//459 475//459
f  467//460 472//460 475//460
f  475//65 476//65 477//65
f  478//65 476//65 475//65
f  475//65 477//65 467//65
f  475//461 479//461 478//461
f  475//462 474//462 479//462
f  479//463 480//463 478//463
f  478//464 481//464 482//464
f  478//465 480//465 481//465
f  482//65 483//65 478//65
f  478//65 483//65 476//65
f  482//65 484//65 483//65
f  485//466 484//466 486//466
f  487//65 486//65 484//65
f  488//467 484//467 485//467
f  487//65 484//65 482//65
f  488//467 489//467 484//467
f  485//468 490//468 488//468
f  488//469 490//469 491//469
f  492//470 488//470 491//470
f  493//471 488//471 492//471
f  493//472 494//472 488//472
f  494//473 489//473 488//473
f  495//474 492//474 491//474
f  493//475 492//475 495//475
f  495//476 491//476 496//476
f  497//477 495//477 496//477
f  495//478 498//478 493//478
f  498//479 495//479 497//479
f  498//480 499//480 500//480
f  497//481 499//481 498//481
f  493//482 498//482 500//482
f  500//483 501//483 502//483
f  500//483 499//483 501//483
f  500//484 494//484 493//484
f  500//485 502//485 494//485
f  502//486 501//486 503//486
f  494//487 502//487 503//487
f  503//488 501//488 504//488
f  494//489 503//489 505//489
f  503//490 504//490 505//490
f  505//491 504//491 506//491
f  506//492 504//492 480//492
f  480//493 504//493 501//493
f  507//494 506//494 508//494
f  508//495 506//495 480//495
f  505//496 506//496 507//496
f  507//497 508//497 509//497
f  505//498 507//498 510//498
f  507//499 509//499 510//499
f  508//500 511//500 509//500
f  509//501 512//501 513//501
f  510//502 509//502 513//502
f  509//501 511//501 512//501
f  514//503 511//503 508//503
f  512//504 511//504 514//504
f  508//505 480//505 514//505
f  514//506 480//506 479//506
f  514//507 515//507 512//507
f  514//132 516//132 517//132
f  517//508 518//508 514//508
f  514//509 518//509 515//509
f  514//510 479//510 473//510
f  473//132 519//132 514//132
f  514//132 519//132 516//132
f  519//511 520//511 516//511
f  516//512 521//512 522//512
f  517//132 516//132 522//132
f  516//513 523//513 524//513
f  524//514 525//514 516//514
f  516//515 525//515 526//515
f  526//516 527//516 516//516
f  516//517 527//517 521//517
f  516//511 520//511 523//511
f  528//518 529//518 523//518
f  523//519 529//519 530//519
f  523//520 531//520 532//520
f  520//520 531//520 523//520
f  523//521 530//521 533//521
f  533//522 534//522 523//522
f  523//523 534//523 535//523
f  523//524 532//524 536//524
f  523//525 535//525 537//525
f  524//526 523//526 537//526
f  536//527 538//527 539//527
f  536//524 532//524 538//524
f  539//528 540//528 528//528
f  539//529 541//529 542//529
f  539//527 538//527 541//527
f  543//272 539//272 544//272
f  543//530 545//530 539//530
f  544//272 539//272 542//272
f  545//531 546//531 539//531
f  539//532 546//532 547//532
f  539//533 547//533 548//533
f  548//534 549//534 539//534
f  539//535 549//535 540//535
f  550//365 542//365 551//365
f  544//365 542//365 550//365
f  542//529 541//529 552//529
f  542//536 552//536 551//536
f  541//132 553//132 552//132
f  552//132 553//132 554//132
f  552//132 554//132 555//132
f  551//536 552//536 555//536
f  556//537 555//537 557//537
f  555//132 558//132 557//132
f  555//132 554//132 558//132
f  551//537 555//537 556//537
f  556//538 557//538 559//538
f  560//350 556//350 561//350
f  560//367 551//367 556//367
f  561//350 556//350 559//350
f  559//538 557//538 562//538
f  561//349 559//349 139//349
f  559//539 562//539 563//539
f  139//349 559//349 563//349
f  563//540 564//540 565//540
f  140//348 563//348 565//348
f  563//539 562//539 564//539
f  139//348 563//348 140//348
f  562//132 566//132 564//132
f  564//132 566//132 567//132
f  564//132 567//132 568//132
f  565//540 564//540 568//540
f  568//132 567//132 569//132
f  568//132 569//132 570//132
f  565//541 568//541 571//541
f  571//541 568//541 572//541
f  573//542 572//542 574//542
f  571//542 572//542 573//542
f  570//132 575//132 574//132
f  574//132 575//132 576//132
f  574//132 576//132 577//132
f  578//543 574//543 577//543
f  573//543 574//543 578//543
f  578//544 577//544 579//544
f  580//545 578//545 579//545
f  581//546 573//546 578//546
f  581//545 578//545 580//545
f  281//132 580//132 282//132
f  582//132 580//132 281//132
f  582//132 581//132 580//132
f  580//547 579//547 282//547
f  281//548 583//548 582//548
f  142//132 581//132 582//132
f  584//549 142//549 582//549
f  585//550 582//550 583//550
f  584//551 582//551 585//551
f  586//552 584//552 585//552
f  586//553 585//553 200//553
f  585//554 583//554 200//554
f  109//555 584//555 586//555
f  200//65 198//65 586//65
f  586//65 198//65 102//65
f  586//65 102//65 587//65
f  587//556 109//556 586//556
f  112//557 110//557 587//557
f  131//558 112//558 587//558
f  587//65 102//65 96//65
f  587//559 110//559 109//559
f  587//65 96//65 588//65
f  588//65 96//65 92//65
f  588//65 92//65 91//65
f  109//560 142//560 584//560
f  281//561 206//561 583//561
f  200//562 583//562 206//562
f  148//546 573//546 581//546
f  142//132 148//132 581//132
f  579//563 589//563 286//563
f  282//547 579//547 286//547
f  579//544 577//544 589//544
f  577//132 590//132 589//132
f  590//132 591//132 589//132
f  589//132 591//132 592//132
f  589//132 592//132 288//132
f  286//563 589//563 288//563
f  593//564 592//564 591//564
f  217//565 592//565 593//565
f  288//132 592//132 290//132
f  217//565 290//565 592//565
f  593//564 591//564 190//564
f  190//199 191//199 593//199
f  593//566 191//566 215//566
f  593//566 215//566 217//566
f  190//567 591//567 590//567
f  190//567 590//567 188//567
f  188//568 590//568 576//568
f  577//132 576//132 590//132
f  187//569 576//569 594//569
f  188//568 576//568 187//568
f  595//570 594//570 569//570
f  187//569 594//569 595//569
f  595//570 569//570 596//570
f  596//571 161//571 597//571
f  598//572 161//572 596//572
f  596//573 597//573 599//573
f  599//574 600//574 596//574
f  596//575 600//575 601//575
f  601//576 602//576 596//576
f  596//577 602//577 603//577
f  596//578 603//578 604//578
f  596//579 567//579 598//579
f  596//579 569//579 567//579
f  604//580 605//580 187//580
f  604//155 606//155 605//155
f  604//581 607//581 606//581
f  604//582 603//582 607//582
f  608//583 607//583 603//583
f  609//584 607//584 608//584
f  609//585 606//585 607//585
f  608//586 603//586 602//586
f  610//144 609//144 608//144
f  608//587 602//587 611//587
f  612//144 608//144 611//144
f  610//144 608//144 612//144
f  612//588 613//588 614//588
f  612//589 615//589 613//589
f  616//590 615//590 612//590
f  612//591 614//591 610//591
f  612//144 611//144 616//144
f  565//592 617//592 614//592
f  614//593 613//593 565//593
f  610//594 614//594 617//594
f  565//595 618//595 617//595
f  610//165 617//165 618//165
f  619//596 618//596 565//596
f  619//140 620//140 618//140
f  621//168 618//168 620//168
f  610//597 618//597 621//597
f  622//144 623//144 621//144
f  621//598 620//598 622//598
f  621//144 609//144 610//144
f  621//144 623//144 609//144
f  624//599 625//599 623//599
f  622//144 624//144 623//144
f  626//600 609//600 623//600
f  626//601 623//601 627//601
f  623//602 628//602 627//602
f  623//603 625//603 628//603
f  624//604 629//604 625//604
f  187//605 625//605 629//605
f  187//606 628//606 625//606
f  629//607 630//607 187//607
f  624//608 630//608 629//608
f  630//609 167//609 187//609
f  630//610 631//610 167//610
f  632//611 631//611 630//611
f  632//612 630//612 624//612
f  633//144 632//144 634//144
f  633//144 635//144 632//144
f  634//144 632//144 624//144
f  635//613 631//613 632//613
f  636//144 635//144 633//144
f  636//144 158//144 635//144
f  635//614 637//614 631//614
f  638//615 637//615 635//615
f  635//616 158//616 638//616
f  167//617 638//617 639//617
f  167//618 637//618 638//618
f  158//619 639//619 638//619
f  639//620 157//620 167//620
f  158//621 157//621 639//621
f  631//622 637//622 167//622
f  640//623 636//623 641//623
f  640//624 154//624 636//624
f  642//625 636//625 633//625
f  154//144 158//144 636//144
f  641//626 636//626 642//626
f  641//627 642//627 148//627
f  148//628 642//628 573//628
f  642//629 643//629 573//629
f  642//630 633//630 643//630
f  573//631 643//631 644//631
f  643//632 633//632 644//632
f  573//633 644//633 645//633
f  644//396 634//396 645//396
f  644//634 633//634 634//634
f  645//635 646//635 573//635
f  634//636 646//636 645//636
f  573//637 646//637 647//637
f  634//638 647//638 646//638
f  573//639 647//639 619//639
f  619//640 647//640 648//640
f  622//190 648//190 647//190
f  622//189 647//189 634//189
f  619//641 648//641 620//641
f  622//642 620//642 648//642
f  640//643 641//643 148//643
f  649//644 154//644 640//644
f  640//645 148//645 649//645
f  151//646 154//646 649//646
f  148//647 151//647 649//647
f  634//144 624//144 622//144
f  627//648 628//648 187//648
f  187//649 626//649 627//649
f  605//650 609//650 626//650
f  187//651 605//651 626//651
f  616//652 650//652 615//652
f  651//653 650//653 616//653
f  616//144 652//144 653//144
f  653//654 651//654 616//654
f  616//144 611//144 654//144
f  654//144 655//144 616//144
f  616//144 655//144 652//144
f  655//655 597//655 652//655
f  652//656 656//656 657//656
f  653//144 652//144 657//144
f  652//657 597//657 656//657
f  657//658 656//658 658//658
f  161//659 658//659 656//659
f  161//660 656//660 597//660
f  657//661 658//661 659//661
f  659//662 658//662 161//662
f  660//663 659//663 161//663
f  660//664 657//664 659//664
f  660//665 161//665 162//665
f  162//666 153//666 660//666
f  660//667 153//667 657//667
f  150//144 657//144 153//144
f  653//144 657//144 150//144
f  655//668 599//668 597//668
f  654//669 599//669 655//669
f  654//670 600//670 599//670
f  611//671 600//671 654//671
f  651//672 565//672 650//672
f  140//673 565//673 651//673
f  651//674 661//674 140//674
f  661//675 651//675 653//675
f  140//676 661//676 662//676
f  653//677 662//677 661//677
f  662//678 663//678 140//678
f  653//679 663//679 662//679
f  147//680 663//680 150//680
f  140//681 663//681 147//681
f  150//185 663//185 653//185
f  565//682 615//682 650//682
f  565//683 613//683 615//683
f  611//684 601//684 600//684
f  611//685 602//685 601//685
f  605//686 606//686 609//686
f  598//572 80//572 161//572
f  598//687 566//687 79//687
f  79//72 80//72 598//72
f  598//687 567//687 566//687
f  570//132 569//132 575//132
f  79//688 566//688 664//688
f  562//132 664//132 566//132
f  77//689 664//689 665//689
f  79//688 664//688 77//688
f  557//132 665//132 664//132
f  557//132 664//132 562//132
f  77//689 665//689 76//689
f  557//132 558//132 665//132
f  76//690 665//690 558//690
f  666//132 560//132 561//132
f  138//132 561//132 139//132
f  666//132 561//132 138//132
f  138//691 667//691 666//691
f  667//692 668//692 666//692
f  666//693 668//693 669//693
f  666//694 669//694 670//694
f  670//132 560//132 666//132
f  669//695 671//695 670//695
f  670//696 671//696 672//696
f  670//697 672//697 673//697
f  673//132 550//132 670//132
f  670//132 550//132 560//132
f  674//698 673//698 672//698
f  675//699 673//699 674//699
f  675//700 676//700 673//700
f  673//132 544//132 550//132
f  673//132 543//132 544//132
f  676//132 543//132 673//132
f  677//701 676//701 678//701
f  677//702 679//702 676//702
f  679//703 680//703 676//703
f  681//704 678//704 676//704
f  676//705 680//705 682//705
f  676//706 682//706 517//706
f  517//132 522//132 676//132
f  681//707 676//707 675//707
f  676//132 522//132 543//132
f  487//708 683//708 681//708
f  683//709 684//709 681//709
f  681//710 684//710 685//710
f  681//711 685//711 686//711
f  686//712 678//712 681//712
f  681//713 675//713 687//713
f  687//714 487//714 681//714
f  687//65 688//65 486//65
f  689//65 688//65 687//65
f  687//65 486//65 487//65
f  687//715 675//715 674//715
f  687//716 674//716 689//716
f  689//717 671//717 690//717
f  689//718 672//718 671//718
f  674//719 672//719 689//719
f  690//65 691//65 689//65
f  689//65 691//65 688//65
f  692//720 691//720 693//720
f  694//721 691//721 692//721
f  690//65 693//65 691//65
f  694//721 688//721 691//721
f  692//316 70//316 694//316
f  694//315 70//315 67//315
f  694//315 67//315 695//315
f  695//722 688//722 694//722
f  695//722 486//722 688//722
f  485//466 486//466 695//466
f  695//314 65//314 485//314
f  695//314 67//314 65//314
f  88//77 693//77 89//77
f  692//720 693//720 88//720
f  89//65 693//65 690//65
f  88//317 71//317 692//317
f  692//316 71//316 70//316
f  690//723 669//723 668//723
f  671//724 669//724 690//724
f  690//725 668//725 93//725
f  93//65 89//65 690//65
f  685//249 696//249 686//249
f  697//245 678//245 686//245
f  697//251 686//251 696//251
f  485//726 696//726 490//726
f  697//727 696//727 485//727
f  684//254 696//254 685//254
f  684//254 490//254 696//254
f  485//728 698//728 697//728
f  698//729 678//729 697//729
f  699//240 677//240 698//240
f  485//730 699//730 698//730
f  698//244 677//244 678//244
f  700//237 679//237 699//237
f  65//731 700//731 699//731
f  485//732 65//732 699//732
f  699//234 679//234 677//234
f  65//733 701//733 700//733
f  701//233 679//233 700//233
f  701//233 680//233 679//233
f  682//230 680//230 701//230
f  702//229 682//229 701//229
f  702//734 701//734 65//734
f  702//228 518//228 682//228
f  703//735 702//735 65//735
f  703//736 704//736 702//736
f  704//737 518//737 702//737
f  703//471 705//471 704//471
f  704//738 515//738 518//738
f  705//739 515//739 704//739
f  703//740 513//740 705//740
f  513//741 512//741 705//741
f  705//742 512//742 515//742
f  65//65 64//65 703//65
f  703//65 706//65 510//65
f  510//743 513//743 703//743
f  703//65 64//65 706//65
f  510//65 706//65 707//65
f  708//744 709//744 707//744
f  710//65 707//65 709//65
f  33//745 707//745 711//745
f  708//744 707//744 33//744
f  510//65 707//65 710//65
f  712//746 709//746 708//746
f  713//747 712//747 708//747
f  713//747 708//747 32//747
f  32//32 708//32 33//32
f  713//748 714//748 715//748
f  715//749 712//749 713//749
f  32//750 716//750 713//750
f  713//748 716//748 714//748
f  717//132 718//132 714//132
f  717//132 714//132 719//132
f  719//132 714//132 716//132
f  715//751 714//751 718//751
f  717//132 720//132 718//132
f  721//752 718//752 720//752
f  715//751 718//751 721//751
f  721//753 722//753 715//753
f  721//753 723//753 722//753
f  721//752 720//752 724//752
f  724//754 723//754 721//754
f  725//755 726//755 723//755
f  724//754 725//754 723//754
f  723//756 727//756 722//756
f  723//756 726//756 727//756
f  728//65 727//65 726//65
f  728//65 729//65 727//65
f  722//757 727//757 729//757
f  730//65 729//65 728//65
f  722//757 729//757 712//757
f  712//746 729//746 709//746
f  730//65 709//65 729//65
f  710//65 709//65 730//65
f  731//296 710//296 730//296
f  731//296 730//296 732//296
f  732//297 730//297 728//297
f  732//297 728//297 733//297
f  733//758 734//758 732//758
f  732//759 734//759 477//759
f  732//759 477//759 731//759
f  477//65 734//65 467//65
f  733//758 468//758 734//758
f  467//65 734//65 468//65
f  733//547 728//547 735//547
f  733//547 735//547 736//547
f  736//760 468//760 733//760
f  736//545 735//545 737//545
f  736//545 737//545 738//545
f  738//761 469//761 736//761
f  736//760 469//760 468//760
f  738//546 427//546 434//546
f  738//546 737//546 427//546
f  434//762 458//762 738//762
f  738//761 458//761 469//761
f  737//65 739//65 427//65
f  735//65 740//65 737//65
f  737//65 740//65 739//65
f  741//763 739//763 742//763
f  741//763 743//763 739//763
f  427//65 739//65 743//65
f  742//764 739//764 740//764
f  416//65 743//65 359//65
f  744//765 743//765 741//765
f  744//765 360//765 743//765
f  427//65 743//65 416//65
f  352//125 360//125 744//125
f  745//766 742//766 746//766
f  742//767 745//767 747//767
f  747//768 748//768 742//768
f  742//769 748//769 749//769
f  742//770 749//770 750//770
f  751//771 742//771 750//771
f  752//772 742//772 751//772
f  752//773 741//773 742//773
f  742//764 740//764 725//764
f  746//774 742//774 725//774
f  746//775 753//775 754//775
f  755//776 753//776 746//776
f  756//777 746//777 757//777
f  756//778 758//778 746//778
f  758//779 759//779 746//779
f  746//780 754//780 757//780
f  746//781 759//781 760//781
f  746//782 760//782 745//782
f  746//774 725//774 724//774
f  724//783 761//783 746//783
f  746//784 761//784 762//784
f  746//784 762//784 755//784
f  755//785 763//785 764//785
f  764//786 765//786 755//786
f  755//787 765//787 766//787
f  755//788 766//788 767//788
f  767//789 768//789 755//789
f  769//790 770//790 755//790
f  755//791 770//791 763//791
f  755//792 768//792 753//792
f  755//793 762//793 771//793
f  755//793 771//793 772//793
f  772//794 773//794 774//794
f  772//794 771//794 773//794
f  774//795 775//795 776//795
f  774//796 777//796 775//796
f  776//797 778//797 774//797
f  774//798 778//798 779//798
f  774//799 779//799 769//799
f  780//800 774//800 347//800
f  781//801 774//801 780//801
f  774//802 782//802 347//802
f  774//802 773//802 782//802
f  781//803 783//803 774//803
f  783//804 777//804 774//804
f  784//805 777//805 783//805
f  785//806 775//806 777//806
f  785//807 777//807 784//807
f  786//331 784//331 787//331
f  785//331 784//331 786//331
f  784//808 783//808 787//808
f  786//331 787//331 788//331
f  787//809 789//809 790//809
f  787//611 783//611 789//611
f  788//331 787//331 790//331
f  788//810 791//810 786//810
f  792//811 791//811 788//811
f  788//812 793//812 792//812
f  788//813 794//813 793//813
f  795//431 794//431 788//431
f  788//331 790//331 795//331
f  796//814 795//814 797//814
f  796//101 794//101 795//101
f  797//815 795//815 798//815
f  795//331 799//331 798//331
f  795//331 790//331 799//331
f  798//331 799//331 800//331
f  801//621 799//621 802//621
f  803//816 799//816 801//816
f  802//817 799//817 790//817
f  803//818 800//818 799//818
f  801//819 804//819 803//819
f  803//820 804//820 805//820
f  803//821 805//821 806//821
f  806//822 800//822 803//822
f  806//823 805//823 807//823
f  806//824 807//824 808//824
f  806//825 808//825 800//825
f  808//826 807//826 809//826
f  808//827 809//827 810//827
f  800//828 808//828 810//828
f  810//829 809//829 811//829
f  810//830 811//830 812//830
f  813//666 810//666 812//666
f  800//831 810//831 813//831
f  814//331 813//331 815//331
f  814//331 800//331 813//331
f  813//832 812//832 816//832
f  817//833 813//833 816//833
f  815//331 813//331 817//331
f  817//834 818//834 819//834
f  820//331 817//331 819//331
f  817//835 821//835 818//835
f  816//661 821//661 817//661
f  815//331 817//331 820//331
f  819//657 818//657 768//657
f  768//836 818//836 753//836
f  818//837 821//837 753//837
f  822//838 815//838 820//838
f  823//175 820//175 824//175
f  822//178 820//178 823//178
f  824//839 820//839 825//839
f  820//331 819//331 825//331
f  826//184 815//184 822//184
f  826//840 822//840 827//840
f  822//841 823//841 827//841
f  828//842 829//842 827//842
f  829//843 830//843 827//843
f  827//844 830//844 831//844
f  827//845 831//845 826//845
f  827//846 823//846 832//846
f  827//847 832//847 833//847
f  833//848 828//848 827//848
f  828//331 834//331 835//331
f  836//331 834//331 828//331
f  828//849 837//849 829//849
f  838//850 837//850 828//850
f  833//851 836//851 828//851
f  828//331 835//331 839//331
f  828//331 839//331 838//331
f  835//852 756//852 839//852
f  835//853 758//853 756//853
f  759//854 758//854 835//854
f  835//855 834//855 759//855
f  836//331 840//331 834//331
f  841//331 840//331 836//331
f  836//856 842//856 841//856
f  843//857 842//857 836//857
f  843//858 836//858 833//858
f  843//859 844//859 842//859
f  833//860 844//860 843//860
f  845//203 844//203 846//203
f  845//861 847//861 844//861
f  847//862 842//862 844//862
f  846//203 844//203 848//203
f  844//863 849//863 850//863
f  832//863 849//863 844//863
f  833//864 832//864 844//864
f  844//865 850//865 848//865
f  849//132 762//132 850//132
f  850//132 762//132 761//132
f  850//132 761//132 851//132
f  848//865 850//865 851//865
f  852//866 851//866 717//866
f  851//132 720//132 717//132
f  851//132 761//132 720//132
f  848//866 851//866 852//866
f  852//867 717//867 853//867
f  854//214 852//214 853//214
f  855//214 852//214 854//214
f  855//202 848//202 852//202
f  473//132 854//132 519//132
f  470//132 854//132 473//132
f  470//132 855//132 854//132
f  854//213 853//213 519//213
f  846//202 848//202 855//202
f  470//132 846//132 855//132
f  519//213 853//213 520//213
f  853//867 717//867 719//867
f  853//868 719//868 520//868
f  832//869 856//869 849//869
f  856//132 857//132 849//132
f  849//132 857//132 762//132
f  856//132 773//132 857//132
f  858//132 773//132 856//132
f  859//869 856//869 832//869
f  859//870 858//870 856//870
f  860//871 861//871 858//871
f  861//132 782//132 858//132
f  858//132 782//132 773//132
f  860//870 858//870 859//870
f  862//872 863//872 860//872
f  864//873 862//873 860//873
f  860//874 865//874 866//874
f  864//875 860//875 866//875
f  867//876 868//876 860//876
f  860//877 868//877 865//877
f  860//878 863//878 869//878
f  860//75 869//75 328//75
f  328//871 861//871 860//871
f  870//879 862//879 864//879
f  870//636 864//636 866//636
f  870//331 871//331 786//331
f  786//880 862//880 870//880
f  870//331 872//331 871//331
f  873//331 872//331 870//331
f  870//881 866//881 873//881
f  873//190 865//190 868//190
f  873//882 868//882 874//882
f  873//883 866//883 865//883
f  874//331 875//331 873//331
f  873//331 875//331 872//331
f  874//331 876//331 875//331
f  763//884 875//884 876//884
f  875//885 877//885 878//885
f  770//886 877//886 875//886
f  875//887 878//887 872//887
f  770//888 875//888 763//888
f  769//889 878//889 877//889
f  769//890 779//890 878//890
f  872//891 878//891 779//891
f  769//824 877//824 770//824
f  879//331 876//331 874//331
f  876//892 766//892 765//892
f  880//893 766//893 876//893
f  879//331 880//331 876//331
f  763//894 876//894 764//894
f  876//895 765//895 764//895
f  879//165 881//165 882//165
f  879//171 882//171 825//171
f  879//896 883//896 881//896
f  874//897 883//897 879//897
f  825//331 880//331 879//331
f  867//898 881//898 883//898
f  867//899 883//899 868//899
f  874//169 868//169 883//169
f  867//900 882//900 881//900
f  825//901 882//901 884//901
f  832//902 882//902 867//902
f  832//903 884//903 882//903
f  885//904 884//904 832//904
f  825//588 884//588 885//588
f  824//172 825//172 885//172
f  832//905 824//905 885//905
f  880//906 767//906 766//906
f  819//907 768//907 880//907
f  825//331 819//331 880//331
f  880//908 768//908 767//908
f  786//331 871//331 785//331
f  871//909 775//909 785//909
f  871//910 776//910 775//910
f  871//911 778//911 776//911
f  872//912 778//912 871//912
f  872//913 779//913 778//913
f  791//914 792//914 869//914
f  863//915 791//915 869//915
f  869//916 792//916 793//916
f  869//917 793//917 794//917
f  794//918 886//918 869//918
f  886//919 887//919 869//919
f  328//920 869//920 888//920
f  869//921 889//921 888//921
f  869//922 887//922 889//922
f  889//331 890//331 891//331
f  889//331 892//331 890//331
f  893//923 889//923 891//923
f  887//331 892//331 889//331
f  888//924 889//924 893//924
f  328//925 888//925 893//925
f  893//926 894//926 328//926
f  893//927 891//927 894//927
f  334//928 328//928 894//928
f  894//929 891//929 334//929
f  895//930 890//930 892//930
f  896//931 892//931 780//931
f  895//932 892//932 896//932
f  887//331 897//331 892//331
f  780//933 892//933 897//933
f  896//934 347//934 895//934
f  347//935 898//935 895//935
f  898//936 890//936 895//936
f  899//937 890//937 898//937
f  347//938 899//938 898//938
f  900//939 901//939 899//939
f  900//940 899//940 347//940
f  899//941 901//941 890//941
f  900//6 340//6 901//6
f  337//331 901//331 340//331
f  891//331 890//331 901//331
f  891//331 901//331 337//331
f  347//942 346//942 900//942
f  346//943 340//943 900//943
f  897//944 902//944 781//944
f  897//945 903//945 902//945
f  904//331 897//331 887//331
f  904//946 903//946 897//946
f  780//947 897//947 781//947
f  802//948 902//948 903//948
f  801//949 903//949 804//949
f  802//950 903//950 801//950
f  904//951 804//951 903//951
f  905//331 906//331 904//331
f  906//952 805//952 904//952
f  905//331 904//331 887//331
f  904//953 805//953 804//953
f  905//954 907//954 908//954
f  908//331 906//331 905//331
f  909//955 905//955 910//955
f  905//956 909//956 907//956
f  910//957 905//957 887//957
f  796//958 907//958 909//958
f  796//959 911//959 907//959
f  907//960 912//960 908//960
f  908//961 912//961 913//961
f  838//962 913//962 914//962
f  915//963 914//963 913//963
f  915//898 913//898 797//898
f  797//964 913//964 911//964
f  908//965 913//965 838//965
f  837//966 915//966 829//966
f  837//967 914//967 915//967
f  797//107 798//107 915//107
f  829//968 915//968 830//968
f  915//424 814//424 830//424
f  915//969 798//969 814//969
f  838//970 914//970 837//970
f  797//899 911//899 796//899
f  909//971 910//971 796//971
f  796//972 910//972 794//972
f  794//973 910//973 886//973
f  910//974 887//974 886//974
f  838//331 916//331 908//331
f  908//331 916//331 906//331
f  753//975 916//975 839//975
f  917//976 916//976 753//976
f  811//977 916//977 917//977
f  811//978 906//978 916//978
f  838//331 839//331 916//331
f  812//979 917//979 753//979
f  812//980 811//980 917//980
f  906//981 807//981 805//981
f  809//982 807//982 906//982
f  809//983 906//983 811//983
f  781//984 902//984 802//984
f  780//985 347//985 896//985
f  334//986 891//986 337//986
f  786//987 863//987 862//987
f  791//988 863//988 786//988
f  328//320 327//320 861//320
f  327//132 918//132 861//132
f  861//132 918//132 782//132
f  354//356 918//356 373//356
f  347//989 918//989 354//989
f  327//132 373//132 918//132
f  347//989 782//989 918//989
f  463//132 846//132 470//132
f  463//132 845//132 846//132
f  841//990 847//990 919//990
f  919//991 847//991 845//991
f  842//992 847//992 841//992
f  920//993 919//993 921//993
f  921//994 919//994 845//994
f  841//995 919//995 920//995
f  920//996 921//996 922//996
f  920//997 922//997 923//997
f  923//331 924//331 920//331
f  920//331 925//331 841//331
f  920//331 924//331 925//331
f  925//998 747//998 840//998
f  925//999 748//999 747//999
f  749//1000 748//1000 925//1000
f  924//1001 749//1001 925//1001
f  841//331 925//331 840//331
f  751//1002 924//1002 926//1002
f  750//1003 924//1003 751//1003
f  924//1004 750//1004 749//1004
f  923//331 926//331 924//331
f  927//331 928//331 926//331
f  929//1005 926//1005 928//1005
f  927//331 926//331 923//331
f  752//1006 926//1006 929//1006
f  751//1007 926//1007 752//1007
f  929//1008 741//1008 752//1008
f  929//1009 930//1009 741//1009
f  929//1010 928//1010 930//1010
f  741//1011 930//1011 931//1011
f  930//1012 928//1012 931//1012
f  741//1013 931//1013 932//1013
f  931//1014 933//1014 934//1014
f  932//1015 931//1015 934//1015
f  931//1016 928//1016 933//1016
f  935//1017 352//1017 932//1017
f  935//823 932//823 936//823
f  932//641 934//641 936//641
f  933//1018 935//1018 936//1018
f  933//1019 936//1019 934//1019
f  937//1020 938//1020 935//1020
f  938//1021 352//1021 935//1021
f  937//1022 935//1022 933//1022
f  937//1023 939//1023 938//1023
f  940//331 937//331 933//331
f  941//1024 939//1024 937//1024
f  942//331 941//331 937//331
f  942//331 937//331 940//331
f  940//1025 943//1025 944//1025
f  940//1026 945//1026 943//1026
f  940//331 933//331 927//331
f  940//1027 944//1027 942//1027
f  927//1028 945//1028 940//1028
f  946//1029 947//1029 944//1029
f  946//964 944//964 943//964
f  942//1030 944//1030 947//1030
f  942//1031 947//1031 948//1031
f  946//1032 948//1032 947//1032
f  942//1033 948//1033 338//1033
f  338//1034 948//1034 949//1034
f  330//1035 948//1035 946//1035
f  330//1036 949//1036 948//1036
f  338//1037 949//1037 950//1037
f  950//1038 949//1038 330//1038
f  330//1039 336//1039 950//1039
f  336//1040 338//1040 950//1040
f  433//132 946//132 951//132
f  422//132 946//132 433//132
f  422//132 330//132 946//132
f  946//1041 943//1041 951//1041
f  433//132 951//132 460//132
f  951//1042 952//1042 845//1042
f  460//132 951//132 845//132
f  951//1043 945//1043 953//1043
f  953//1044 954//1044 951//1044
f  951//1045 954//1045 952//1045
f  951//1046 943//1046 945//1046
f  845//1047 952//1047 922//1047
f  923//1048 952//1048 954//1048
f  923//1049 922//1049 952//1049
f  927//1050 954//1050 953//1050
f  923//1051 954//1051 927//1051
f  927//1052 953//1052 945//1052
f  338//331 941//331 942//331
f  941//1053 353//1053 955//1053
f  348//1054 353//1054 941//1054
f  941//1055 349//1055 348//1055
f  941//1056 955//1056 939//1056
f  338//331 339//331 941//331
f  339//1057 349//1057 941//1057
f  939//1058 955//1058 352//1058
f  352//1059 955//1059 353//1059
f  938//1060 939//1060 352//1060
f  933//331 928//331 927//331
f  845//1061 922//1061 921//1061
f  460//132 845//132 463//132
f  840//1062 745//1062 834//1062
f  840//1063 747//1063 745//1063
f  753//1064 839//1064 754//1064
f  839//1065 756//1065 757//1065
f  839//1066 757//1066 754//1066
f  834//1067 760//1067 759//1067
f  834//1068 745//1068 760//1068
f  823//1069 824//1069 832//1069
f  830//1070 814//1070 831//1070
f  831//1071 814//1071 815//1071
f  831//1072 815//1072 826//1072
f  753//1073 821//1073 816//1073
f  753//1074 816//1074 812//1074
f  798//331 800//331 814//331
f  802//1075 956//1075 781//1075
f  802//1076 790//1076 956//1076
f  781//1077 956//1077 957//1077
f  790//615 957//615 956//615
f  781//1078 957//1078 789//1078
f  790//1079 789//1079 957//1079
f  789//1080 783//1080 781//1080
f  724//783 720//783 761//783
f  735//65 726//65 740//65
f  725//755 740//755 726//755
f  728//65 726//65 735//65
f  731//1081 476//1081 494//1081
f  494//302 710//302 731//302
f  731//1081 477//1081 476//1081
f  715//749 722//749 712//749
f  719//132 716//132 531//132
f  520//868 719//868 531//868
f  531//132 716//132 31//132
f  32//750 31//750 716//750
f  494//302 510//302 710//302
f  63//64 711//64 64//64
f  33//745 711//745 63//745
f  496//1082 490//1082 684//1082
f  683//1083 496//1083 684//1083
f  497//1084 496//1084 683//1084
f  487//1085 958//1085 683//1085
f  482//464 481//464 958//464
f  482//1085 958//1085 487//1085
f  517//477 682//477 518//477
f  668//1086 667//1086 93//1086
f  138//1087 959//1087 667//1087
f  93//1088 667//1088 959//1088
f  959//1089 130//1089 91//1089
f  130//1090 959//1090 138//1090
f  93//1091 959//1091 91//1091
f  550//367 551//367 560//367
f  960//1092 558//1092 554//1092
f  76//690 558//690 960//690
f  960//1092 554//1092 961//1092
f  961//1093 68//1093 960//1093
f  960//1094 68//1094 73//1094
f  960//1094 73//1094 76//1094
f  961//1093 59//1093 68//1093
f  1//59 59//59 961//59
f  961//1095 554//1095 553//1095
f  961//1095 553//1095 1//1095
f  1//1096 553//1096 962//1096
f  541//132 962//132 553//132
f  963//132 962//132 541//132
f  963//132 34//132 962//132
f  30//33 962//33 34//33
f  1//1096 962//1096 30//1096
f  532//132 34//132 963//132
f  7//1097 540//1097 549//1097
f  528//1098 540//1098 964//1098
f  8//1099 964//1099 540//1099
f  8//233 540//233 7//233
f  528//1100 964//1100 965//1100
f  8//1101 965//1101 964//1101
f  528//1102 965//1102 529//1102
f  11//1103 529//1103 965//1103
f  11//1104 965//1104 8//1104
f  7//1105 549//1105 548//1105
f  547//1106 7//1106 548//1106
f  547//1107 966//1107 7//1107
f  546//1108 966//1108 547//1108
f  967//6 968//6 966//6
f  545//1109 967//1109 966//1109
f  966//6 9//6 7//6
f  966//6 968//6 9//6
f  545//729 966//729 546//729
f  967//6 51//6 968//6
f  60//1110 58//1110 968//1110
f  968//1111 51//1111 60//1111
f  968//1112 57//1112 9//1112
f  968//1113 58//1113 57//1113
f  52//6 51//6 967//6
f  969//1114 967//1114 545//1114
f  970//1115 967//1115 969//1115
f  970//1116 52//1116 967//1116
f  969//1117 545//1117 543//1117
f  970//1118 969//1118 543//1118
f  970//1119 543//1119 971//1119
f  971//1120 52//1120 970//1120
f  972//1121 52//1121 971//1121
f  543//1122 972//1122 971//1122
f  543//1123 973//1123 972//1123
f  974//1124 46//1124 972//1124
f  972//1125 46//1125 52//1125
f  521//1126 41//1126 974//1126
f  974//1127 41//1127 46//1127
f  522//1128 973//1128 543//1128
f  522//1102 521//1102 973//1102
f  18//1129 530//1129 529//1129
f  18//1130 533//1130 530//1130
f  27//1131 537//1131 535//1131
f  524//490 537//490 27//490
f  27//1132 535//1132 23//1132
f  23//1133 535//1133 534//1133
f  531//132 31//132 532//132
f  532//132 31//132 34//132
f  23//1134 534//1134 533//1134
f  23//1135 533//1135 18//1135
f  18//1136 529//1136 11//1136
f  521//1137 527//1137 41//1137
f  41//483 527//483 39//483
f  39//1138 527//1138 526//1138
f  39//1139 526//1139 525//1139
f  525//486 524//486 39//486
f  39//1140 524//1140 27//1140
f  505//1141 510//1141 494//1141
f  481//1142 501//1142 499//1142
f  480//1143 501//1143 481//1143
f  481//1144 499//1144 497//1144
f  496//1145 491//1145 490//1145
f  494//473 476//473 489//473
f  479//1146 474//1146 473//1146
f  457//65 469//65 458//65
f  434//762 459//762 458//762
f  399//65 459//65 396//65
f  975//1147 396//1147 459//1147
f  975//1147 459//1147 434//1147
f  361//371 396//371 975//371
f  409//1148 452//1148 408//1148
f  408//1149 452//1149 407//1149
f  449//1150 361//1150 446//1150
f  434//1151 441//1151 446//1151
f  445//1152 432//1152 433//1152
f  445//1153 442//1153 438//1153
f  445//1154 438//1154 436//1154
f  436//1155 432//1155 445//1155
f  433//1156 430//1156 425//1156
f  433//1157 425//1157 422//1157
f  415//1158 422//1158 417//1158
f  415//1159 329//1159 422//1159
f  329//132 330//132 422//132
f  416//65 359//65 357//65
f  402//1160 329//1160 415//1160
f  398//1161 407//1161 399//1161
f  329//1162 401//1162 320//1162
f  401//1163 976//1163 320//1163
f  394//1164 976//1164 401//1164
f  977//1165 976//1165 394//1165
f  320//1166 976//1166 977//1166
f  977//1167 978//1167 317//1167
f  320//1168 977//1168 317//1168
f  391//1169 978//1169 977//1169
f  391//1170 977//1170 394//1170
f  317//1171 978//1171 979//1171
f  979//1172 978//1172 391//1172
f  317//1173 979//1173 319//1173
f  979//1174 980//1174 319//1174
f  392//1175 980//1175 979//1175
f  392//1176 979//1176 391//1176
f  319//1177 980//1177 981//1177
f  981//1178 980//1178 392//1178
f  319//1179 981//1179 982//1179
f  983//1180 982//1180 981//1180
f  270//1181 983//1181 981//1181
f  270//1182 981//1182 392//1182
f  272//1183 982//1183 983//1183
f  272//1184 983//1184 270//1184
f  272//1185 984//1185 982//1185
f  984//132 985//132 982//132
f  982//132 985//132 315//132
f  982//132 315//132 319//132
f  986//1186 987//1186 985//1186
f  984//132 986//132 985//132
f  985//314 307//314 315//314
f  985//1187 987//1187 988//1187
f  988//1188 989//1188 985//1188
f  985//1189 989//1189 990//1189
f  985//1190 990//1190 991//1190
f  991//1191 992//1191 985//1191
f  985//1192 992//1192 307//1192
f  992//1193 993//1193 307//1193
f  992//491 994//491 993//491
f  992//1194 995//1194 994//1194
f  991//488 995//488 992//488
f  995//1195 996//1195 994//1195
f  993//494 994//494 997//494
f  994//1195 998//1195 999//1195
f  997//1196 994//1196 999//1196
f  994//1195 996//1195 998//1195
f  307//1197 993//1197 997//1197
f  307//1198 997//1198 1000//1198
f  997//500 999//500 1000//500
f  1000//1199 1001//1199 307//1199
f  999//1200 1001//1200 1000//1200
f  307//1201 1001//1201 1002//1201
f  999//1202 1002//1202 1001//1202
f  307//1203 1002//1203 304//1203
f  304//1204 1002//1204 1003//1204
f  1003//742 1002//742 1004//742
f  1004//501 1002//501 999//501
f  1005//1205 1004//1205 1006//1205
f  1003//1206 1004//1206 1005//1206
f  999//1195 1007//1195 1004//1195
f  1004//1195 1008//1195 1006//1195
f  1004//1195 1007//1195 1008//1195
f  1008//23 1009//23 1010//23
f  1011//1207 1008//1207 1010//1207
f  1008//1208 1012//1208 1009//1208
f  1007//1209 1012//1209 1008//1209
f  1006//1195 1008//1195 1013//1195
f  1011//1210 1013//1210 1008//1210
f  382//1211 1011//1211 1010//1211
f  382//1212 1014//1212 1011//1212
f  1014//1213 1013//1213 1011//1213
f  1015//1214 1014//1214 382//1214
f  1015//1215 1016//1215 1014//1215
f  1014//1216 1016//1216 1013//1216
f  1015//1217 1017//1217 1016//1217
f  1013//1218 1016//1218 1017//1218
f  1015//1219 1018//1219 1017//1219
f  1019//1220 1017//1220 1018//1220
f  1013//1221 1017//1221 1019//1221
f  1019//1222 1020//1222 1021//1222
f  1022//1195 1019//1195 1021//1195
f  1023//1195 1019//1195 1022//1195
f  1023//1195 1013//1195 1019//1195
f  1019//1223 1018//1223 1020//1223
f  302//1224 1022//1224 1024//1224
f  301//234 1022//234 302//234
f  300//1225 1022//1225 301//1225
f  300//1226 1023//1226 1022//1226
f  1022//1195 1021//1195 1024//1195
f  302//244 1024//244 303//244
f  303//245 1024//245 297//245
f  297//1227 1024//1227 1025//1227
f  1024//1195 1026//1195 1025//1195
f  1024//1195 1021//1195 1027//1195
f  1027//1195 1028//1195 1024//1195
f  1024//1195 1028//1195 1026//1195
f  1025//1195 1026//1195 1029//1195
f  1026//1228 1030//1228 1031//1228
f  1028//1229 1030//1229 1026//1229
f  1026//1230 1031//1230 1029//1230
f  1029//1231 1031//1231 1032//1231
f  221//1232 1032//1232 1031//1232
f  221//1233 1031//1233 1030//1233
f  1029//1234 1032//1234 1033//1234
f  1033//1235 1032//1235 221//1235
f  1034//1236 1029//1236 1033//1236
f  1034//1237 1033//1237 221//1237
f  1034//1238 221//1238 1035//1238
f  1035//1239 1036//1239 1034//1239
f  1034//1240 1036//1240 1029//1240
f  1037//1241 1038//1241 1036//1241
f  1039//1195 1036//1195 1038//1195
f  1037//1242 1036//1242 1035//1242
f  1040//1195 1036//1195 1039//1195
f  1040//1195 1029//1195 1036//1195
f  221//1243 1037//1243 1035//1243
f  221//1244 1041//1244 1037//1244
f  1042//1245 1038//1245 1037//1245
f  1042//1246 1043//1246 1038//1246
f  383//1247 1043//1247 225//1247
f  383//1248 1044//1248 1043//1248
f  1038//1249 1043//1249 1044//1249
f  225//1215 1043//1215 1041//1215
f  1045//1250 1044//1250 383//1250
f  1038//1251 1044//1251 1046//1251
f  1046//1252 1044//1252 1045//1252
f  383//1253 1047//1253 1045//1253
f  1046//1254 1045//1254 1047//1254
f  383//1255 1048//1255 1047//1255
f  996//43 1047//43 1048//43
f  1046//1256 1047//1256 996//1256
f  996//1257 1048//1257 1049//1257
f  1049//1258 1048//1258 383//1258
f  1050//1259 1049//1259 383//1259
f  996//1260 1049//1260 998//1260
f  998//37 1049//37 1050//37
f  1007//1261 1050//1261 1051//1261
f  1051//1262 1050//1262 382//1262
f  1050//1263 383//1263 382//1263
f  998//1264 1050//1264 1007//1264
f  382//1265 1012//1265 1051//1265
f  1007//25 1051//25 1012//25
f  995//1195 1046//1195 996//1195
f  1052//1195 1046//1195 995//1195
f  1052//1195 1038//1195 1046//1195
f  995//1266 990//1266 1052//1266
f  1039//1195 1038//1195 1052//1195
f  1052//1267 988//1267 1039//1267
f  1052//1268 989//1268 988//1268
f  990//1269 989//1269 1052//1269
f  225//1270 1041//1270 221//1270
f  1039//1271 1053//1271 1040//1271
f  1039//1272 988//1272 1053//1272
f  1040//1273 1053//1273 1054//1273
f  1040//1274 1054//1274 1055//1274
f  296//1275 1055//1275 1054//1275
f  296//1276 1054//1276 986//1276
f  986//1277 1054//1277 987//1277
f  1025//1278 1055//1278 1056//1278
f  1056//1279 1055//1279 296//1279
f  1040//254 1055//254 1025//254
f  1025//1280 1056//1280 1057//1280
f  296//1281 1057//1281 1056//1281
f  297//1282 1057//1282 296//1282
f  297//249 1025//249 1057//249
f  1025//1195 1029//1195 1040//1195
f  1058//1283 1030//1283 1059//1283
f  1058//1284 221//1284 1030//1284
f  1028//1285 1059//1285 1030//1285
f  1059//1286 1060//1286 1058//1286
f  1027//1287 1060//1287 1059//1287
f  1027//1288 1059//1288 1028//1288
f  1058//1289 1060//1289 1061//1289
f  1021//1290 1061//1290 1060//1290
f  1021//1291 1060//1291 1027//1291
f  1061//1292 1020//1292 1058//1292
f  1021//1293 1020//1293 1061//1293
f  1058//1294 1020//1294 1018//1294
f  1058//1295 1018//1295 1015//1295
f  1058//1296 293//1296 220//1296
f  220//219 221//219 1058//219
f  1058//1296 308//1296 293//1296
f  1015//1297 308//1297 1058//1297
f  305//230 1023//230 299//230
f  305//1298 1006//1298 1023//1298
f  1006//1195 1013//1195 1023//1195
f  299//1299 1023//1299 300//1299
f  382//1300 1062//1300 1015//1300
f  1015//1297 1062//1297 308//1297
f  382//1300 311//1300 1062//1300
f  382//1301 1009//1301 1012//1301
f  1010//1302 1009//1302 382//1302
f  999//1195 998//1195 1007//1195
f  1005//228 1006//228 305//228
f  304//1303 1003//1303 1005//1303
f  304//1304 1005//1304 305//1304
f  995//1305 991//1305 990//1305
f  1063//132 296//132 986//132
f  1063//132 986//132 984//132
f  984//1306 1064//1306 1063//1306
f  1063//1307 1064//1307 1065//1307
f  1063//1308 1065//1308 236//1308
f  236//132 296//132 1063//132
f  236//1309 1065//1309 233//1309
f  1064//741 1066//741 1067//741
f  984//1310 1066//1310 1064//1310
f  228//742 1064//742 1067//742
f  228//739 1068//739 1064//739
f  229//1311 1067//1311 1069//1311
f  228//1312 1067//1312 229//1312
f  1067//501 1070//501 1069//501
f  1067//501 1066//501 1070//501
f  263//497 1070//497 1071//497
f  1071//1313 1070//1313 984//1313
f  1070//1314 1066//1314 984//1314
f  1069//500 1070//500 263//500
f  1071//1315 984//1315 1072//1315
f  265//496 1071//496 1072//496
f  263//494 1071//494 265//494
f  266//490 1072//490 1073//490
f  1073//1316 1072//1316 273//1316
f  265//1317 1072//1317 266//1317
f  273//1318 1072//1318 984//1318
f  266//488 1073//488 267//488
f  1074//486 267//486 1073//486
f  273//1319 1074//1319 1073//1319
f  273//1320 1075//1320 1074//1320
f  1075//483 267//483 1074//483
f  256//1137 259//1137 1075//1137
f  256//1321 1075//1321 273//1321
f  1075//483 259//483 267//483
f  229//1322 1069//1322 263//1322
f  230//737 233//737 1068//737
f  230//738 1068//738 228//738
f  273//1323 984//1323 272//1323
f  392//65 269//65 270//65
f  389//367 365//367 386//367
f  364//350 365//350 389//350
f  386//65 380//65 381//65
f  365//65 380//65 386//65
f  225//222 226//222 383//222
f  377//1324 311//1324 382//1324
f  369//352 380//352 368//352
f  365//65 368//65 380//65
f  377//1324 376//1324 311//1324
f  312//132 376//132 325//132
f  312//132 311//132 376//132
f  324//132 373//132 327//132
f  339//1325 342//1325 350//1325
f  339//1326 350//1326 349//1326
f  346//1327 344//1327 340//1327
f  332//1328 337//1328 333//1328
f  334//1329 337//1329 332//1329
f  314//313 312//313 325//313
f  294//132 293//132 308//132
f  236//132 285//132 296//132
f  285//302 287//302 296//302
f  220//1330 293//1330 291//1330
f  220//1330 291//1330 218//1330
f  218//1331 291//1331 290//1331
f  218//1331 290//1331 217//1331
f  278//132 285//132 236//132
f  205//1332 206//1332 281//1332
f  236//1333 277//1333 278//1333
f  236//1334 241//1334 277//1334
f  252//1335 256//1335 273//1335
f  245//269 209//269 261//269
f  256//1336 255//1336 259//1336
f  252//1307 253//1307 256//1307
f  241//1337 248//1337 252//1337
f  245//511 223//511 212//511
f  245//511 212//511 208//511
f  208//211 209//211 245//211
f  191//201 194//201 215//201
f  103//204 102//204 198//204
f  103//85 184//85 104//85
f  161//156 84//156 165//156
f  167//1338 157//1338 159//1338
f  80//74 84//74 161//74
f  105//1339 143//1339 1076//1339
f  142//1340 1076//1340 143//1340
f  1076//632 1077//632 106//632
f  1077//1341 1076//1341 142//1341
f  105//1342 1076//1342 106//1342
f  109//1343 1077//1343 142//1343
f  106//1344 1077//1344 107//1344
f  107//1345 1077//1345 109//1345
f  131//1346 132//1346 112//1346
f  121//185 122//185 129//185
f  120//161 101//161 114//161
f  101//1347 99//1347 114//1347
f  88//317 82//317 71//317
f  82//65 74//65 71//65
f  51//1236 61//1236 60//1236
f  51//1348 50//1348 61//1348
f  9//1349 57//1349 4//1349
f  33//1350 53//1350 47//1350
f  43//1351 33//1351 48//1351
f  33//1352 47//1352 48//1352
f  44//1353 45//1353 33//1353
f  33//1354 45//1354 36//1354
f  43//1355 44//1355 33//1355
f  26//1356 28//1356 38//1356
f  26//6 38//6 27//6
f  30//1357 17//1357 1//1357
f  30//54 15//54 17//54
f  30//1358 16//1358 15//1358
f  30//1359 20//1359 16//1359
f  1//1360 17//1360 12//1360
f  1078//1361 1079//1361 1080//1361
f  1079//1362 1081//1362 1080//1362
f  1079//1363 1082//1363 1081//1363
f  1078//1364 1083//1364 1079//1364
f  1083//1365 1084//1365 1079//1365
f  1084//1365 1082//1365 1079//1365
f  1085//331 1082//331 1084//331
f  1082//1363 1086//1363 1081//1363
f  1086//331 1082//331 1085//331
f  1086//331 1085//331 1087//331
f  1088//1366 1087//1366 1085//1366
f  1085//331 1084//331 1089//331
f  1090//1367 1085//1367 1089//1367
f  1088//1367 1085//1367 1090//1367
f  1091//331 1088//331 1090//331
f  1090//1368 1089//1368 1092//1368
f  1090//331 1092//331 1093//331
f  1091//331 1090//331 1093//331
f  1093//331 1094//331 1095//331
f  1093//331 1092//331 1094//331
f  1096//331 1097//331 1098//331
f  1099//331 1097//331 1096//331
f  1096//331 1098//331 1100//331
f  1096//331 1100//331 1101//331
f  1101//331 1100//331 1102//331
f  1101//331 1102//331 1103//331
f  1104//331 1105//331 1106//331
f  1106//331 1105//331 1107//331
f  1106//331 1107//331 1108//331
f  1107//1369 1109//1369 1110//1369
f  1105//1369 1109//1369 1107//1369
f  1107//1370 1110//1370 1111//1370
f  1108//331 1107//331 1111//331
f  1111//1370 1110//1370 1112//1370
f  1113//331 1111//331 1114//331
f  1111//1371 1112//1371 1114//1371
f  1108//331 1111//331 1113//331
f  1110//331 1115//331 1112//331
f  1112//331 1115//331 1116//331
f  1112//331 1116//331 1117//331
f  1114//1371 1112//1371 1117//1371
f  1117//331 1118//331 1119//331
f  1117//331 1116//331 1118//331
f  1120//1372 1117//1372 1119//1372
f  1114//1372 1117//1372 1120//1372
f  1120//1373 1119//1373 1121//1373
f  1113//331 1114//331 1120//331
f  1122//331 1120//331 1121//331
f  1113//331 1120//331 1122//331
f  1122//331 1121//331 1123//331
f  1124//331 1125//331 1126//331
f  1126//331 1125//331 1127//331
f  1126//331 1127//331 1128//331
f  1127//1374 1129//1374 1130//1374
f  1127//1375 1131//1375 1129//1375
f  1125//1375 1131//1375 1127//1375
f  1127//331 1130//331 1128//331
f  1130//1374 1129//1374 1132//1374
f  1128//331 1130//331 1133//331
f  1130//1376 1132//1376 1133//1376
f  1133//1376 1132//1376 1134//1376
f  1132//331 1135//331 1134//331
f  1132//331 1136//331 1135//331
f  1129//331 1137//331 1132//331
f  1132//331 1137//331 1136//331
f  1138//1377 1136//1377 1137//1377
f  1139//1378 1136//1378 1138//1378
f  1139//1378 1135//1378 1136//1378
f  1140//1379 1135//1379 1139//1379
f  1141//1380 1140//1380 1139//1380
f  1141//1380 1139//1380 1142//1380
f  1142//1381 1139//1381 1138//1381
f  1142//1381 1138//1381 1143//1381
f  1144//144 1142//144 1143//144
f  1144//144 1141//144 1142//144
f  1145//144 1146//144 1144//144
f  1144//144 1147//144 1145//144
f  1144//144 1148//144 1149//144
f  1144//144 1150//144 1148//144
f  1144//144 1151//144 1152//144
f  1153//144 1151//144 1144//144
f  1144//144 1154//144 1155//144
f  1155//144 1156//144 1144//144
f  1144//144 1080//144 1157//144
f  1078//144 1080//144 1144//144
f  1144//144 1158//144 1159//144
f  1160//144 1158//144 1144//144
f  1144//144 1161//144 1162//144
f  1162//144 1163//144 1144//144
f  1144//144 1164//144 1165//144
f  1144//144 1166//144 1164//144
f  1144//144 1167//144 1168//144
f  1169//144 1167//144 1144//144
f  1149//144 1170//144 1144//144
f  1144//144 1152//144 1171//144
f  1144//144 1156//144 1172//144
f  1143//144 1173//144 1144//144
f  1144//144 1157//144 1174//144
f  1144//144 1159//144 1078//144
f  1144//144 1163//144 1175//144
f  1165//144 1176//144 1144//144
f  1144//144 1168//144 1177//144
f  1144//144 1146//144 1178//144
f  1144//144 1170//144 1147//144
f  1171//144 1150//144 1144//144
f  1144//144 1172//144 1153//144
f  1144//144 1173//144 1154//144
f  1174//144 1141//144 1144//144
f  1144//144 1175//144 1160//144
f  1144//144 1176//144 1161//144
f  1177//144 1166//144 1144//144
f  1144//144 1178//144 1169//144
f  1178//1382 1179//1382 1169//1382
f  1169//1383 1179//1383 1180//1383
f  1169//1383 1180//1383 1167//1383
f  1179//1384 1181//1384 1180//1384
f  1167//1385 1180//1385 1182//1385
f  1180//1386 1183//1386 1182//1386
f  1180//1386 1181//1386 1183//1386
f  1182//1387 1183//1387 1184//1387
f  1184//331 1183//331 1185//331
f  1185//331 1183//331 1181//331
f  1186//331 1184//331 1185//331
f  1185//331 1181//331 1187//331
f  1188//1388 1185//1388 1187//1388
f  1189//1388 1185//1388 1188//1388
f  1189//1389 1186//1389 1185//1389
f  1190//1390 1191//1390 1186//1390
f  1191//331 1192//331 1186//331
f  1186//331 1192//331 1184//331
f  1190//1389 1186//1389 1189//1389
f  1102//1390 1191//1390 1190//1390
f  1103//331 1102//331 1190//331
f  1193//331 1190//331 1189//331
f  1103//331 1190//331 1193//331
f  1193//331 1189//331 1194//331
f  1189//331 1188//331 1194//331
f  1194//331 1188//331 1195//331
f  1194//331 1195//331 1104//331
f  1188//1391 1187//1391 1195//1391
f  1104//331 1195//331 1105//331
f  1195//1392 1196//1392 1105//1392
f  1195//1391 1187//1391 1196//1391
f  1187//331 1197//331 1196//331
f  1196//331 1197//331 1198//331
f  1196//331 1198//331 1109//331
f  1105//1392 1196//1392 1109//1392
f  1199//1393 1198//1393 1200//1393
f  1199//1393 1201//1393 1198//1393
f  1200//1394 1198//1394 1197//1394
f  1109//331 1198//331 1201//331
f  1109//331 1201//331 1110//331
f  1201//331 1202//331 1110//331
f  1203//1395 1202//1395 1201//1395
f  1203//1395 1201//1395 1199//1395
f  1204//1396 1202//1396 1203//1396
f  1147//1397 1204//1397 1203//1397
f  1147//1397 1203//1397 1145//1397
f  1145//1398 1203//1398 1199//1398
f  1205//1399 1115//1399 1204//1399
f  1170//1400 1205//1400 1204//1400
f  1170//1400 1204//1400 1147//1400
f  1204//1396 1115//1396 1202//1396
f  1206//1401 1116//1401 1205//1401
f  1149//1402 1206//1402 1205//1402
f  1149//1402 1205//1402 1170//1402
f  1205//1399 1116//1399 1115//1399
f  1148//1403 1206//1403 1149//1403
f  1148//1403 1207//1403 1206//1403
f  1206//1401 1118//1401 1116//1401
f  1207//1404 1118//1404 1206//1404
f  1208//1405 1209//1405 1207//1405
f  1150//1406 1208//1406 1207//1406
f  1150//1406 1207//1406 1148//1406
f  1207//1404 1209//1404 1118//1404
f  1119//331 1118//331 1209//331
f  1119//331 1209//331 1210//331
f  1210//331 1209//331 1211//331
f  1208//1405 1211//1405 1209//1405
f  1210//331 1211//331 1212//331
f  1213//1407 1211//1407 1208//1407
f  1213//1407 1212//1407 1211//1407
f  1214//1408 1212//1408 1213//1408
f  1214//1408 1215//1408 1212//1408
f  1210//331 1212//331 1216//331
f  1216//331 1212//331 1215//331
f  1217//1409 1215//1409 1214//1409
f  1216//331 1215//331 1218//331
f  1218//331 1215//331 1219//331
f  1217//1409 1219//1409 1215//1409
f  1220//1410 1219//1410 1217//1410
f  1153//1411 1220//1411 1217//1411
f  1153//1411 1217//1411 1151//1411
f  1151//1412 1217//1412 1214//1412
f  1221//1413 1222//1413 1220//1413
f  1172//1414 1221//1414 1220//1414
f  1172//1414 1220//1414 1153//1414
f  1220//1410 1222//1410 1219//1410
f  1223//331 1219//331 1222//331
f  1223//331 1222//331 1224//331
f  1224//331 1222//331 1225//331
f  1221//1413 1225//1413 1222//1413
f  1226//1415 1225//1415 1221//1415
f  1226//1415 1227//1415 1225//1415
f  1224//331 1225//331 1227//331
f  1228//1416 1227//1416 1226//1416
f  1224//331 1227//331 1229//331
f  1229//331 1227//331 1230//331
f  1228//1416 1230//1416 1227//1416
f  1231//1417 1230//1417 1228//1417
f  1154//1418 1231//1418 1228//1418
f  1154//1418 1228//1418 1155//1418
f  1155//1419 1228//1419 1226//1419
f  1232//1420 1233//1420 1231//1420
f  1173//1421 1232//1421 1231//1421
f  1173//1421 1231//1421 1154//1421
f  1231//1417 1233//1417 1230//1417
f  1232//1420 1137//1420 1233//1420
f  1131//331 1230//331 1233//331
f  1131//331 1233//331 1129//331
f  1129//331 1233//331 1137//331
f  1138//1377 1137//1377 1232//1377
f  1143//1422 1138//1422 1232//1422
f  1143//1422 1232//1422 1173//1422
f  1229//331 1230//331 1131//331
f  1234//1423 1224//1423 1229//1423
f  1125//1424 1229//1424 1131//1424
f  1234//1424 1229//1424 1125//1424
f  1235//1423 1224//1423 1234//1423
f  1236//331 1235//331 1234//331
f  1124//331 1234//331 1125//331
f  1236//331 1234//331 1124//331
f  1235//1425 1223//1425 1224//1425
f  1237//1425 1223//1425 1235//1425
f  1238//331 1237//331 1235//331
f  1238//331 1235//331 1236//331
f  1238//331 1239//331 1237//331
f  1240//331 1239//331 1238//331
f  1123//331 1241//331 1240//331
f  1240//331 1241//331 1239//331
f  1123//331 1121//331 1241//331
f  1121//1426 1210//1426 1241//1426
f  1241//1427 1216//1427 1239//1427
f  1241//1426 1210//1426 1216//1426
f  1239//1428 1218//1428 1237//1428
f  1239//1427 1216//1427 1218//1427
f  1237//1428 1218//1428 1223//1428
f  1155//1419 1226//1419 1156//1419
f  1156//1429 1226//1429 1221//1429
f  1218//331 1219//331 1223//331
f  1156//1429 1221//1429 1172//1429
f  1151//1412 1214//1412 1152//1412
f  1152//1430 1214//1430 1213//1430
f  1152//1430 1213//1430 1171//1430
f  1171//1431 1213//1431 1208//1431
f  1121//1373 1119//1373 1210//1373
f  1171//1431 1208//1431 1150//1431
f  1110//331 1202//331 1115//331
f  1146//1432 1199//1432 1200//1432
f  1146//1432 1200//1432 1178//1432
f  1178//1382 1200//1382 1179//1382
f  1200//1394 1197//1394 1179//1394
f  1145//1398 1199//1398 1146//1398
f  1179//1384 1197//1384 1181//1384
f  1187//331 1181//331 1197//331
f  1242//1433 1192//1433 1243//1433
f  1242//1433 1184//1433 1192//1433
f  1243//1434 1192//1434 1244//1434
f  1191//331 1244//331 1192//331
f  1177//1435 1242//1435 1243//1435
f  1177//1435 1243//1435 1166//1435
f  1166//1436 1243//1436 1245//1436
f  1243//1434 1244//1434 1245//1434
f  1166//1436 1245//1436 1164//1436
f  1164//1437 1245//1437 1246//1437
f  1245//1438 1247//1438 1246//1438
f  1245//1438 1244//1438 1247//1438
f  1248//331 1249//331 1247//331
f  1248//331 1247//331 1250//331
f  1246//1439 1247//1439 1249//1439
f  1250//331 1247//331 1244//331
f  1248//331 1251//331 1249//331
f  1252//1440 1249//1440 1251//1440
f  1246//1439 1249//1439 1252//1439
f  1165//1441 1246//1441 1252//1441
f  1165//1441 1252//1441 1176//1441
f  1176//1442 1252//1442 1253//1442
f  1252//1440 1251//1440 1253//1440
f  1176//1442 1253//1442 1161//1442
f  1161//1443 1253//1443 1254//1443
f  1253//1444 1255//1444 1254//1444
f  1253//1444 1251//1444 1255//1444
f  1254//1445 1255//1445 1256//1445
f  1257//331 1256//331 1255//331
f  1257//331 1255//331 1258//331
f  1258//331 1255//331 1251//331
f  1258//331 1251//331 1248//331
f  1097//1446 1258//1446 1098//1446
f  1097//1447 1257//1447 1258//1447
f  1098//1446 1258//1446 1248//1446
f  1259//1448 1260//1448 1257//1448
f  1260//331 1256//331 1257//331
f  1259//1447 1257//1447 1097//1447
f  1261//331 1262//331 1259//331
f  1262//1448 1260//1448 1259//1448
f  1099//331 1259//331 1097//331
f  1261//331 1259//331 1099//331
f  1095//331 1094//331 1262//331
f  1094//1449 1263//1449 1262//1449
f  1095//331 1262//331 1261//331
f  1262//1449 1263//1449 1260//1449
f  1263//331 1264//331 1260//331
f  1263//331 1265//331 1264//331
f  1094//1450 1266//1450 1263//1450
f  1266//331 1267//331 1263//331
f  1263//331 1267//331 1265//331
f  1268//1451 1265//1451 1267//1451
f  1269//1452 1264//1452 1265//1452
f  1269//1452 1265//1452 1268//1452
f  1175//1453 1269//1453 1268//1453
f  1175//1454 1268//1454 1160//1454
f  1160//1455 1268//1455 1270//1455
f  1268//1451 1267//1451 1270//1451
f  1160//1455 1270//1455 1158//1455
f  1158//1456 1270//1456 1271//1456
f  1270//1457 1272//1457 1271//1457
f  1270//1457 1267//1457 1272//1457
f  1271//1458 1272//1458 1084//1458
f  1089//331 1084//331 1272//331
f  1089//331 1272//331 1266//331
f  1266//331 1272//331 1267//331
f  1158//1456 1271//1456 1159//1456
f  1159//1459 1271//1459 1083//1459
f  1271//1458 1084//1458 1083//1458
f  1273//1460 1264//1460 1269//1460
f  1163//1461 1273//1461 1269//1461
f  1163//1461 1269//1461 1175//1461
f  1162//1462 1273//1462 1163//1462
f  1162//1462 1254//1462 1273//1462
f  1273//1460 1256//1460 1264//1460
f  1254//1445 1256//1445 1273//1445
f  1092//1368 1089//1368 1266//1368
f  1092//1450 1266//1450 1094//1450
f  1260//331 1264//331 1256//331
f  1161//1463 1254//1463 1162//1463
f  1100//1464 1248//1464 1250//1464
f  1250//331 1244//331 1191//331
f  1102//1465 1250//1465 1191//1465
f  1100//1465 1250//1465 1102//1465
f  1098//1464 1248//1464 1100//1464
f  1164//1437 1246//1437 1165//1437
f  1182//1387 1184//1387 1242//1387
f  1168//1466 1182//1466 1242//1466
f  1168//1466 1242//1466 1177//1466
f  1167//1385 1182//1385 1168//1385
f  1157//1467 1274//1467 1174//1467
f  1174//1468 1274//1468 1140//1468
f  1174//1468 1140//1468 1141//1468
f  1275//1469 1276//1469 1274//1469
f  1157//1467 1275//1467 1274//1467
f  1274//1470 1277//1470 1140//1470
f  1274//1470 1276//1470 1277//1470
f  1140//1379 1277//1379 1135//1379
f  1134//331 1135//331 1277//331
f  1134//331 1277//331 1278//331
f  1278//331 1277//331 1276//331
f  1279//1471 1278//1471 1087//1471
f  1278//331 1276//331 1087//331
f  1280//1472 1134//1472 1278//1472
f  1280//1471 1278//1471 1279//1471
f  1279//1366 1087//1366 1088//1366
f  1281//331 1280//331 1279//331
f  1281//331 1279//331 1282//331
f  1282//331 1279//331 1088//331
f  1282//331 1088//331 1091//331
f  1128//331 1133//331 1283//331
f  1283//331 1133//331 1280//331
f  1283//331 1280//331 1281//331
f  1133//1472 1134//1472 1280//1472
f  1087//331 1276//331 1284//331
f  1275//1469 1284//1469 1276//1469
f  1087//331 1284//331 1086//331
f  1081//1473 1284//1473 1275//1473
f  1081//1473 1086//1473 1284//1473
f  1080//1474 1275//1474 1157//1474
f  1080//1474 1081//1474 1275//1474
f  1159//1459 1083//1459 1078//1459

# Mesh 'base_link.035-1' with 543 faces
g base_link.035-1
usemtl plug
f  1093//1475 1285//1475 1091//1475
f  1095//1476 1286//1476 1093//1476
f  1093//1475 1286//1475 1285//1475
f  1286//331 1287//331 1285//331
f  1285//331 1288//331 1289//331
f  1091//1477 1285//1477 1289//1477
f  1290//331 1291//331 1285//331
f  1291//331 1292//331 1285//331
f  1292//331 1293//331 1285//331
f  1285//331 1293//331 1288//331
f  1285//331 1287//331 1294//331
f  1295//331 1285//331 1294//331
f  1290//331 1285//331 1295//331
f  1296//1478 1295//1478 1294//1478
f  1297//1479 1290//1479 1295//1479
f  1297//1478 1295//1478 1296//1478
f  1297//331 1296//331 1298//331
f  1296//331 1299//331 1298//331
f  1296//1480 1294//1480 1299//1480
f  1299//1480 1294//1480 1287//1480
f  1299//1481 1287//1481 1300//1481
f  1298//331 1299//331 1300//331
f  1300//1482 1301//1482 1302//1482
f  1300//1481 1287//1481 1301//1481
f  1298//331 1300//331 1302//331
f  1302//1482 1301//1482 1303//1482
f  1302//1483 1303//1483 1304//1483
f  1302//331 1304//331 1298//331
f  1298//331 1304//331 1305//331
f  1304//1484 1306//1484 1305//1484
f  1304//1483 1303//1483 1306//1483
f  1307//331 1306//331 1308//331
f  1307//331 1309//331 1306//331
f  1305//1484 1306//1484 1309//1484
f  1308//331 1306//331 1303//331
f  1095//1476 1308//1476 1286//1476
f  1261//1485 1308//1485 1095//1485
f  1261//1485 1310//1485 1308//1485
f  1308//331 1310//331 1307//331
f  1308//331 1303//331 1286//331
f  1099//1486 1310//1486 1261//1486
f  1099//1486 1311//1486 1310//1486
f  1307//331 1310//331 1311//331
f  1312//331 1313//331 1311//331
f  1096//1487 1312//1487 1311//1487
f  1096//1487 1311//1487 1099//1487
f  1313//331 1314//331 1311//331
f  1307//331 1311//331 1315//331
f  1311//331 1316//331 1315//331
f  1311//331 1314//331 1316//331
f  1101//1488 1312//1488 1096//1488
f  1103//1489 1317//1489 1101//1489
f  1101//1488 1317//1488 1312//1488
f  1103//1489 1318//1489 1317//1489
f  1319//331 1317//331 1318//331
f  1317//331 1320//331 1312//331
f  1319//331 1321//331 1317//331
f  1317//331 1322//331 1320//331
f  1317//331 1321//331 1322//331
f  1323//1490 1320//1490 1322//1490
f  1324//1491 1322//1491 1321//1491
f  1323//1491 1322//1491 1324//1491
f  1324//1492 1321//1492 1325//1492
f  1326//331 1323//331 1324//331
f  1326//331 1324//331 1325//331
f  1326//331 1327//331 1328//331
f  1326//331 1329//331 1327//331
f  1326//331 1330//331 1331//331
f  1325//331 1330//331 1326//331
f  1328//331 1332//331 1326//331
f  1326//331 1331//331 1333//331
f  1333//331 1329//331 1326//331
f  1326//331 1332//331 1334//331
f  1326//331 1334//331 1335//331
f  1335//331 1323//331 1326//331
f  1335//1490 1320//1490 1323//1490
f  1335//1484 1313//1484 1320//1484
f  1334//1484 1313//1484 1335//1484
f  1334//1483 1314//1483 1313//1483
f  1332//1483 1314//1483 1334//1483
f  1329//1480 1336//1480 1327//1480
f  1333//1493 1337//1493 1329//1493
f  1329//1493 1337//1493 1336//1493
f  1338//331 1337//331 1339//331
f  1338//331 1336//331 1337//331
f  1339//331 1337//331 1340//331
f  1333//1494 1340//1494 1337//1494
f  1331//1495 1341//1495 1340//1495
f  1342//331 1340//331 1341//331
f  1331//1494 1340//1494 1333//1494
f  1339//331 1340//331 1342//331
f  1319//331 1343//331 1342//331
f  1342//331 1344//331 1319//331
f  1342//331 1345//331 1346//331
f  1346//331 1347//331 1342//331
f  1342//331 1347//331 1348//331
f  1342//331 1348//331 1339//331
f  1342//331 1341//331 1344//331
f  1342//331 1343//331 1345//331
f  1349//1481 1345//1481 1343//1481
f  1350//1480 1351//1480 1345//1480
f  1350//1481 1345//1481 1349//1481
f  1345//331 1351//331 1346//331
f  1346//331 1351//331 1352//331
f  1351//331 1353//331 1352//331
f  1354//1493 1353//1493 1351//1493
f  1354//1480 1351//1480 1350//1480
f  1355//1493 1353//1493 1354//1493
f  1354//331 1350//331 1356//331
f  1356//331 1355//331 1354//331
f  1356//331 1357//331 1358//331
f  1356//331 1359//331 1357//331
f  1358//331 1360//331 1356//331
f  1356//331 1360//331 1361//331
f  1356//331 1350//331 1349//331
f  1356//331 1361//331 1362//331
f  1356//331 1349//331 1363//331
f  1362//331 1364//331 1356//331
f  1363//331 1365//331 1356//331
f  1356//331 1364//331 1355//331
f  1365//331 1359//331 1356//331
f  1365//1483 1366//1483 1359//1483
f  1359//1483 1366//1483 1367//1483
f  1359//1484 1367//1484 1357//1484
f  1368//331 1367//331 1366//331
f  1368//331 1369//331 1367//331
f  1357//1484 1367//1484 1369//1484
f  1370//331 1369//331 1368//331
f  1370//331 1371//331 1369//331
f  1358//1490 1369//1490 1371//1490
f  1357//1490 1369//1490 1358//1490
f  1372//331 1371//331 1370//331
f  1372//331 1373//331 1371//331
f  1360//1491 1371//1491 1373//1491
f  1358//1491 1371//1491 1360//1491
f  1374//331 1373//331 1372//331
f  1361//1492 1373//1492 1375//1492
f  1374//331 1375//331 1373//331
f  1360//1492 1373//1492 1361//1492
f  1372//331 1376//331 1374//331
f  1374//331 1377//331 1378//331
f  1374//331 1376//331 1377//331
f  1378//331 1375//331 1374//331
f  1104//1496 1376//1496 1372//1496
f  1106//1497 1376//1497 1104//1497
f  1106//1497 1377//1497 1376//1497
f  1108//1498 1377//1498 1106//1498
f  1122//1499 1379//1499 1113//1499
f  1123//1500 1380//1500 1122//1500
f  1122//1499 1380//1499 1379//1499
f  1379//331 1380//331 1381//331
f  1379//331 1382//331 1383//331
f  1113//1501 1379//1501 1383//1501
f  1381//331 1384//331 1379//331
f  1379//331 1384//331 1382//331
f  1385//1502 1382//1502 1384//1502
f  1386//1492 1387//1492 1382//1492
f  1383//331 1382//331 1387//331
f  1386//1502 1382//1502 1385//1502
f  1385//1495 1384//1495 1388//1495
f  1386//331 1385//331 1389//331
f  1389//331 1385//331 1388//331
f  1389//331 1390//331 1391//331
f  1389//331 1392//331 1390//331
f  1389//331 1388//331 1393//331
f  1393//331 1394//331 1389//331
f  1391//331 1395//331 1389//331
f  1389//331 1394//331 1396//331
f  1395//331 1397//331 1389//331
f  1389//331 1397//331 1398//331
f  1389//331 1398//331 1386//331
f  1389//331 1396//331 1399//331
f  1399//331 1392//331 1389//331
f  1392//1483 1400//1483 1390//1483
f  1392//1482 1401//1482 1400//1482
f  1399//1482 1401//1482 1392//1482
f  1352//331 1401//331 1402//331
f  1400//331 1401//331 1352//331
f  1399//1481 1402//1481 1401//1481
f  1352//331 1402//331 1403//331
f  1403//331 1402//331 1404//331
f  1396//1480 1404//1480 1402//1480
f  1396//1481 1402//1481 1399//1481
f  1404//331 1405//331 1403//331
f  1394//1493 1405//1493 1404//1493
f  1394//1480 1404//1480 1396//1480
f  1403//331 1405//331 1406//331
f  1393//1494 1406//1494 1405//1494
f  1393//1493 1405//1493 1394//1493
f  1388//1495 1384//1495 1406//1495
f  1381//331 1406//331 1384//331
f  1388//1494 1406//1494 1393//1494
f  1403//331 1406//331 1381//331
f  1403//331 1407//331 1408//331
f  1408//1503 1409//1503 1403//1503
f  1410//331 1352//331 1403//331
f  1411//331 1403//331 1409//331
f  1403//331 1412//331 1407//331
f  1381//331 1412//331 1403//331
f  1410//331 1403//331 1411//331
f  1346//331 1352//331 1410//331
f  1411//331 1413//331 1410//331
f  1414//331 1410//331 1413//331
f  1415//331 1410//331 1414//331
f  1415//331 1416//331 1410//331
f  1410//331 1416//331 1417//331
f  1410//331 1417//331 1346//331
f  1414//331 1418//331 1419//331
f  1420//331 1418//331 1414//331
f  1414//331 1419//331 1415//331
f  1414//331 1413//331 1421//331
f  1414//331 1422//331 1420//331
f  1414//331 1423//331 1424//331
f  1424//331 1425//331 1414//331
f  1414//331 1425//331 1422//331
f  1421//331 1426//331 1414//331
f  1414//331 1426//331 1423//331
f  1427//1480 1428//1480 1423//1480
f  1424//331 1423//331 1428//331
f  1427//1481 1423//1481 1429//1481
f  1429//1481 1423//1481 1426//1481
f  1430//331 1429//331 1431//331
f  1429//1482 1426//1482 1431//1482
f  1427//331 1429//331 1430//331
f  1430//331 1432//331 1433//331
f  1430//331 1434//331 1432//331
f  1430//331 1431//331 1435//331
f  1433//331 1436//331 1430//331
f  1435//331 1437//331 1430//331
f  1430//331 1436//331 1438//331
f  1430//331 1437//331 1439//331
f  1430//331 1438//331 1427//331
f  1430//331 1439//331 1440//331
f  1440//331 1441//331 1430//331
f  1441//331 1434//331 1430//331
f  1434//1492 1407//1492 1442//1492
f  1441//1492 1407//1492 1434//1492
f  1434//1502 1442//1502 1432//1502
f  1412//331 1442//331 1407//331
f  1412//331 1443//331 1442//331
f  1432//1502 1442//1502 1443//1502
f  1444//331 1443//331 1412//331
f  1444//331 1445//331 1443//331
f  1433//1495 1443//1495 1445//1495
f  1432//1495 1443//1495 1433//1495
f  1446//331 1445//331 1444//331
f  1436//1494 1445//1494 1447//1494
f  1446//331 1447//331 1445//331
f  1433//1494 1445//1494 1436//1494
f  1446//331 1448//331 1449//331
f  1444//331 1448//331 1446//331
f  1424//331 1447//331 1446//331
f  1446//331 1449//331 1424//331
f  1236//1504 1449//1504 1448//1504
f  1124//1505 1449//1505 1236//1505
f  1124//1505 1450//1505 1449//1505
f  1424//331 1449//331 1450//331
f  1451//331 1450//331 1452//331
f  1452//1506 1450//1506 1124//1506
f  1424//331 1450//331 1451//331
f  1451//331 1453//331 1454//331
f  1452//331 1453//331 1451//331
f  1451//331 1454//331 1424//331
f  1455//1494 1454//1494 1453//1494
f  1456//1495 1457//1495 1454//1495
f  1424//331 1454//331 1457//331
f  1456//1494 1454//1494 1455//1494
f  1458//331 1456//331 1455//331
f  1455//1493 1453//1493 1459//1493
f  1455//331 1459//331 1458//331
f  1458//331 1460//331 1461//331
f  1461//1507 1462//1507 1458//1507
f  1462//331 1463//331 1458//331
f  1458//331 1464//331 1465//331
f  1458//331 1459//331 1464//331
f  1465//331 1466//331 1458//331
f  1458//331 1463//331 1456//331
f  1458//331 1466//331 1467//331
f  1458//331 1467//331 1468//331
f  1468//331 1469//331 1458//331
f  1458//331 1469//331 1460//331
f  1460//1508 1425//1508 1461//1508
f  1460//1491 1422//1491 1425//1491
f  1469//1491 1422//1491 1460//1491
f  1469//1490 1420//1490 1422//1490
f  1468//1490 1420//1490 1469//1490
f  1467//1484 1470//1484 1468//1484
f  1468//1484 1470//1484 1420//1484
f  1471//331 1418//331 1470//331
f  1470//331 1472//331 1471//331
f  1467//1483 1472//1483 1470//1483
f  1470//331 1418//331 1420//331
f  1472//331 1473//331 1471//331
f  1466//1482 1473//1482 1472//1482
f  1466//1483 1472//1483 1467//1483
f  1465//1481 1474//1481 1473//1481
f  1471//331 1473//331 1474//331
f  1465//1509 1473//1509 1466//1509
f  1464//1480 1475//1480 1474//1480
f  1476//331 1474//331 1475//331
f  1464//1481 1474//1481 1465//1481
f  1471//331 1474//331 1476//331
f  1128//1510 1476//1510 1126//1510
f  1128//1511 1477//1511 1476//1511
f  1477//331 1471//331 1476//331
f  1476//331 1475//331 1452//331
f  1126//1512 1476//1512 1452//1512
f  1126//1513 1452//1513 1124//1513
f  1193//1514 1318//1514 1103//1514
f  1194//1515 1370//1515 1193//1515
f  1193//1514 1370//1514 1318//1514
f  1104//1496 1372//1496 1194//1496
f  1194//1515 1372//1515 1370//1515
f  1236//1504 1448//1504 1238//1504
f  1238//1516 1444//1516 1240//1516
f  1238//1516 1448//1516 1444//1516
f  1240//1517 1412//1517 1123//1517
f  1240//1517 1444//1517 1412//1517
f  1282//1518 1478//1518 1281//1518
f  1091//1477 1289//1477 1282//1477
f  1282//1518 1289//1518 1478//1518
f  1289//331 1479//331 1478//331
f  1281//1519 1478//1519 1480//1519
f  1478//331 1481//331 1480//331
f  1478//331 1482//331 1481//331
f  1478//331 1479//331 1482//331
f  1483//1480 1481//1480 1482//1480
f  1483//1481 1482//1481 1484//1481
f  1484//1481 1482//1481 1479//1481
f  1483//331 1484//331 1485//331
f  1485//331 1484//331 1486//331
f  1484//1482 1479//1482 1486//1482
f  1485//331 1487//331 1488//331
f  1485//331 1489//331 1487//331
f  1488//331 1490//331 1485//331
f  1485//331 1490//331 1491//331
f  1485//331 1491//331 1492//331
f  1485//331 1493//331 1483//331
f  1492//331 1494//331 1485//331
f  1494//331 1495//331 1485//331
f  1485//331 1486//331 1496//331
f  1496//331 1489//331 1485//331
f  1485//331 1495//331 1493//331
f  1493//1480 1481//1480 1483//1480
f  1493//1493 1497//1493 1481//1493
f  1495//1493 1497//1493 1493//1493
f  1480//331 1481//331 1497//331
f  1495//1494 1498//1494 1497//1494
f  1497//331 1498//331 1480//331
f  1494//1520 1499//1520 1498//1520
f  1498//331 1499//331 1471//331
f  1494//1494 1498//1494 1495//1494
f  1480//331 1498//331 1471//331
f  1492//1521 1500//1521 1499//1521
f  1471//331 1499//331 1500//331
f  1492//1522 1499//1522 1494//1522
f  1471//331 1500//331 1501//331
f  1491//1523 1500//1523 1492//1523
f  1491//1502 1501//1502 1500//1502
f  1490//1492 1502//1492 1501//1492
f  1502//331 1471//331 1501//331
f  1490//1502 1501//1502 1491//1502
f  1502//331 1291//331 1471//331
f  1488//1492 1502//1492 1490//1492
f  1488//1491 1503//1491 1502//1491
f  1503//331 1291//331 1502//331
f  1503//331 1292//331 1291//331
f  1487//1490 1292//1490 1503//1490
f  1487//1491 1503//1491 1488//1491
f  1489//1484 1293//1484 1292//1484
f  1496//1484 1293//1484 1489//1484
f  1489//1490 1292//1490 1487//1490
f  1486//1483 1288//1483 1496//1483
f  1496//1483 1288//1483 1293//1483
f  1486//1482 1479//1482 1288//1482
f  1289//331 1288//331 1479//331
f  1283//1524 1480//1524 1477//1524
f  1281//1519 1480//1519 1283//1519
f  1480//331 1471//331 1477//331
f  1283//1525 1477//1525 1128//1525
f  1459//1493 1453//1493 1475//1493
f  1452//331 1475//331 1453//331
f  1459//1480 1475//1480 1464//1480
f  1471//331 1504//331 1418//331
f  1291//331 1504//331 1471//331
f  1504//331 1505//331 1418//331
f  1504//331 1506//331 1505//331
f  1507//331 1338//331 1504//331
f  1338//331 1508//331 1504//331
f  1504//331 1508//331 1506//331
f  1507//331 1504//331 1509//331
f  1291//331 1509//331 1504//331
f  1510//1495 1509//1495 1511//1495
f  1511//331 1509//331 1291//331
f  1512//1502 1507//1502 1509//1502
f  1512//1495 1509//1495 1510//1495
f  1510//1494 1511//1494 1513//1494
f  1512//331 1510//331 1298//331
f  1298//331 1510//331 1513//331
f  1513//1494 1511//1494 1290//1494
f  1513//1479 1290//1479 1297//1479
f  1298//331 1513//331 1297//331
f  1298//331 1514//331 1512//331
f  1514//1526 1507//1526 1512//1526
f  1298//331 1515//331 1514//331
f  1515//1492 1516//1492 1514//1492
f  1514//1492 1516//1492 1507//1492
f  1516//331 1338//331 1507//331
f  1516//331 1315//331 1338//331
f  1515//1491 1517//1491 1516//1491
f  1517//331 1315//331 1516//331
f  1518//1491 1517//1491 1515//1491
f  1518//1490 1309//1490 1517//1490
f  1517//331 1307//331 1315//331
f  1309//331 1307//331 1517//331
f  1298//331 1305//331 1518//331
f  1305//1490 1309//1490 1518//1490
f  1518//331 1515//331 1298//331
f  1511//331 1291//331 1290//331
f  1519//1482 1506//1482 1508//1482
f  1520//1482 1506//1482 1519//1482
f  1520//1481 1505//1481 1506//1481
f  1519//1483 1508//1483 1521//1483
f  1520//331 1519//331 1522//331
f  1522//331 1519//331 1521//331
f  1522//331 1523//331 1524//331
f  1525//331 1523//331 1522//331
f  1522//331 1524//331 1526//331
f  1526//331 1527//331 1522//331
f  1522//331 1528//331 1520//331
f  1522//331 1529//331 1528//331
f  1522//331 1527//331 1530//331
f  1522//331 1530//331 1531//331
f  1531//331 1529//331 1522//331
f  1522//331 1521//331 1525//331
f  1525//1484 1532//1484 1348//1484
f  1521//1484 1532//1484 1525//1484
f  1525//1490 1348//1490 1523//1490
f  1338//331 1532//331 1508//331
f  1339//331 1532//331 1338//331
f  1521//1483 1508//1483 1532//1483
f  1339//331 1348//331 1532//331
f  1529//1480 1533//1480 1528//1480
f  1529//1493 1419//1493 1533//1493
f  1531//1493 1419//1493 1529//1493
f  1418//331 1533//331 1419//331
f  1418//331 1505//331 1533//331
f  1528//1480 1533//1480 1505//1480
f  1531//1494 1415//1494 1419//1494
f  1530//1494 1415//1494 1531//1494
f  1527//1495 1416//1495 1530//1495
f  1530//1495 1416//1495 1415//1495
f  1526//1502 1417//1502 1527//1502
f  1527//1502 1417//1502 1416//1502
f  1528//1481 1505//1481 1520//1481
f  1524//1492 1534//1492 1526//1492
f  1526//1492 1534//1492 1417//1492
f  1346//331 1534//331 1347//331
f  1346//331 1417//331 1534//331
f  1524//1491 1347//1491 1534//1491
f  1523//1491 1347//1491 1524//1491
f  1523//1490 1348//1490 1347//1490
f  1462//1502 1535//1502 1463//1502
f  1463//1495 1457//1495 1456//1495
f  1463//1502 1535//1502 1457//1502
f  1424//331 1457//331 1535//331
f  1462//1527 1536//1527 1535//1527
f  1535//331 1536//331 1424//331
f  1424//331 1536//331 1425//331
f  1461//1508 1425//1508 1536//1508
f  1461//1528 1536//1528 1462//1528
f  1438//1493 1447//1493 1428//1493
f  1424//331 1428//331 1447//331
f  1436//1493 1447//1493 1438//1493
f  1441//1529 1408//1529 1407//1529
f  1440//1529 1408//1529 1441//1529
f  1440//1530 1409//1530 1408//1530
f  1439//1530 1409//1530 1440//1530
f  1439//1490 1411//1490 1409//1490
f  1437//1490 1411//1490 1439//1490
f  1438//1480 1428//1480 1427//1480
f  1435//1484 1413//1484 1437//1484
f  1437//1484 1413//1484 1411//1484
f  1431//1483 1421//1483 1435//1483
f  1435//1483 1421//1483 1413//1483
f  1431//1482 1426//1482 1421//1482
f  1123//1500 1412//1500 1380//1500
f  1381//331 1380//331 1412//331
f  1537//331 1400//331 1352//331
f  1390//1483 1400//1483 1537//1483
f  1352//331 1378//331 1537//331
f  1391//1531 1537//1531 1538//1531
f  1537//1507 1378//1507 1538//1507
f  1390//1531 1537//1531 1391//1531
f  1395//1532 1538//1532 1539//1532
f  1378//331 1539//331 1538//331
f  1391//1532 1538//1532 1395//1532
f  1397//1490 1539//1490 1540//1490
f  1378//331 1540//331 1539//331
f  1395//1490 1539//1490 1397//1490
f  1398//1491 1540//1491 1387//1491
f  1377//331 1387//331 1540//331
f  1397//1491 1540//1491 1398//1491
f  1377//331 1540//331 1378//331
f  1398//1492 1387//1492 1386//1492
f  1383//331 1387//331 1377//331
f  1108//1498 1383//1498 1377//1498
f  1113//1501 1383//1501 1108//1501
f  1352//331 1541//331 1378//331
f  1541//331 1542//331 1378//331
f  1378//331 1542//331 1375//331
f  1364//1495 1542//1495 1541//1495
f  1362//1502 1375//1502 1542//1502
f  1362//1495 1542//1495 1364//1495
f  1355//1494 1541//1494 1353//1494
f  1353//331 1541//331 1352//331
f  1364//1494 1541//1494 1355//1494
f  1361//1502 1375//1502 1362//1502
f  1368//331 1318//331 1370//331
f  1368//331 1319//331 1318//331
f  1366//331 1319//331 1368//331
f  1366//331 1543//331 1319//331
f  1365//1533 1543//1533 1366//1533
f  1319//331 1543//331 1343//331
f  1363//1534 1343//1534 1543//1534
f  1363//1533 1543//1533 1365//1533
f  1349//1534 1343//1534 1363//1534
f  1319//331 1344//331 1321//331
f  1325//1492 1321//1492 1344//1492
f  1330//1502 1344//1502 1341//1502
f  1325//1502 1344//1502 1330//1502
f  1330//1495 1341//1495 1331//1495
f  1544//331 1336//331 1338//331
f  1315//331 1544//331 1338//331
f  1328//1481 1544//1481 1316//1481
f  1315//331 1316//331 1544//331
f  1327//1480 1336//1480 1544//1480
f  1327//1481 1544//1481 1328//1481
f  1332//1482 1316//1482 1314//1482
f  1328//1482 1316//1482 1332//1482
f  1312//331 1320//331 1313//331
f  1303//331 1301//331 1286//331
f  1286//331 1301//331 1287//331

